X,Y,is_wing_root
22.61548992988554,1877.9449156905118,NO
22.50487788247035,1878.9958276227242,NO
22.500000000702247,1880.0,NO
22.500000000702247,1881.0,NO
22.504878053258047,1882.0041723758366,NO
22.61548992585378,1883.0550843100657,NO
22.8322592921041,1884.0447622640102,NO
23.041755999721385,1884.9885053713417,NO
23.25355967919034,1885.9407170307306,NO
24.0141361184236,1887.9932873183354,NO
24.351209254653394,1888.84551421466,NO
25.032518123927787,1889.9814794293695,NO
25.48499016014955,1890.7086186746396,NO
26.15699203290065,1891.8789853094493,NO
27.08620226836056,1892.9226311825128,NO
28.070673281425275,1893.9287983171575,NO
29.079901065435457,1894.9096356982645,NO
30.138318753208722,1895.806488371682,NO
30.948129060753185,1896.0897922532445,NO
32.03742295296146,1896.9373795484166,NO
33.18881725604339,1897.5559018195386,NO
34.03015081378295,1897.9259181007903,NO
36.08207101666967,1898.6602757323865,NO
37.02885023924677,1898.8956728719581,NO
37.97350209500531,1899.1031114152938,NO
38.94342047308334,1899.3088119094,NO
39.971999630045836,1899.4642851888918,NO
42.015004609332095,1899.9901679191712,NO
42.967212629162844,1902.0175551429256,NO
43.23911219312218,1902.7749532311539,NO
44.18777048845569,1903.8171708385435,NO
45.17302257203597,1904.829926679802,NO
46.16994718698518,1905.8328892129155,NO
46.945143904550065,1906.103498022787,NO
47.98731871196467,1906.4701469942936,NO
49.069710652241156,1906.8592904150848,NO
51.071318442799054,1907.858089365615,NO
51.94242028389656,1908.1128745262843,NO
52.99670217159895,1908.4744161732074,NO
54.06909688469528,1908.8633417170374,NO
54.94015672331728,1909.117074352877,NO
55.99904283177378,1909.4814556219374,NO
57.07410908536496,1909.8372930837327,NO
59.08942613359135,1910.8352869735036,NO
59.94302291863043,1911.101004829049,NO
60.984074836294695,1911.4792026607836,NO
62.06898827316759,1911.8614602799084,NO
62.94329594078669,1912.1136376941135,NO
64.00322073270642,1912.4633254068087,NO
65.0774028127874,1912.8362101212495,NO
67.09829937613027,1913.7819869501973,NO
68.73665675050357,1914.607582781132,NO
69.09923163939574,1914.8241464645726,NO
71.07233580530487,1915.8566651927933,NO
73.07382751882601,1916.8515775208557,NO
73.94632558015408,1917.1064796227204,NO
74.9936474881167,1917.455565852203,NO
76.0735731335636,1917.8536122224102,NO
76.94464450030704,1918.108603275422,NO
77.99353552681546,1918.4635950769484,NO
78.99909907284298,1918.457670990648,NO
80.07126975251194,1918.8578977339423,NO
80.94392289553105,1919.1114758577673,NO
81.99537091875563,1919.4656855547075,NO
82.99818656583571,1919.4606122515618,NO
83.99908745188638,1919.4635744365378,NO
85.0,1919.4645669291338,NO
86.00272569853135,1919.461551629726,NO
87.00357961156848,1919.4546106683497,NO
88.00525039623388,1919.4445335351043,NO
89.01485794471161,1919.4193241868495,NO
90.01504898929045,1919.382244337098,NO
91.00423300555852,1919.358394460385,NO
91.99359557202061,1919.361494393648,NO
92.98150302387705,1919.3915193483779,NO
93.97843263616534,1919.4382488192591,NO
94.99064072345068,1919.4754512394936,NO
96.0,1919.4862204728972,NO
97.00095518024897,1919.4852315610503,NO
98.0,1919.484251969413,NO
98.9990448196978,1919.485231588097,NO
100.06474008895533,1919.8719244436302,NO
100.93797336991133,1920.123196873319,NO
102.00048868761056,1920.4950405768104,NO
103.00192186978633,1920.4881548979947,NO
104.00379650318337,1920.4821559033896,NO
105.00649320917731,1920.471221468769,NO
106.00091257108365,1920.4635861053098,NO
106.99632700313903,1920.4664706004742,NO
108.0,1920.4704724418282,NO
109.00184614554928,1920.468920942878,NO
110.06937523162155,1920.8619531475065,NO
110.94200443952056,1921.114945109761,NO
111.99953059939115,1921.4726864110748,NO
113.00270251883902,1921.4576265350554,NO
114.00178239325771,1921.4527278617393,NO
115.00264771895911,1921.4483470884898,NO
116.07522899347028,1921.8463133005432,NO
116.9489662007752,1922.102281130102,NO
118.0,1922.4338545372195,NO
119.00553234372524,1922.3999094176395,NO
120.00038617471772,1922.3911950106408,NO
122.0910362977391,1922.8169091028738,NO
122.95908484359737,1923.0803535478847,NO
123.99405670457931,1923.3902763921433,NO
125.00351592797406,1923.3572183005303,NO
125.9979017236498,1923.3553081376792,NO
128.10310612014706,1923.7896243327775,NO
128.96820886937792,1924.0617040089817,NO
129.99242414839694,1924.350292950853,NO
131.00421473814714,1924.305869570184,NO
132.0040233614948,1924.2919810930462,NO
133.01097251301738,1924.2654303096183,NO
134.16589828904802,1924.6515660624511,NO
135.00437711278292,1924.992427208008,NO
135.97549048770742,1925.262843384751,NO
137.00194308629608,1925.2458004324778,NO
138.0071144296143,1925.2249938490256,NO
139.01062155972298,1925.1791503050547,NO
140.00072939778767,1925.1477759953345,NO
140.97492866466672,1925.2003732631965,NO
141.95644187602184,1925.3141745415314,NO
142.9788919057702,1925.4217480144916,NO
143.9973300887247,1925.4538849311703,NO
145.0,1925.45703125,NO
146.0,1925.45703125,NO
147.0,1925.45703125,NO
148.0,1925.45703125,NO
148.99820013003585,1925.4589668543197,NO
149.99818484233973,1925.4628652169479,NO
151.0,1925.46484375,NO
151.99908663563386,1925.4658158510258,NO
152.9990828100994,1925.4677668736997,NO
154.0018304315964,1925.4667600707746,NO
155.00450788800276,1925.4598045719995,NO
156.00486773905183,1925.450929632255,NO
157.00131844076822,1925.4469514442546,NO
157.99734418582878,1925.4497178777742,NO
158.99324015879424,1925.458317242118,NO
159.9921411584531,1925.4710682354264,NO
160.9962178921297,1925.4822187815348,NO
161.99904462239115,1925.487242605926,NO
163.0,1925.4882352945742,NO
164.0,1925.4882352945742,NO
165.0,1925.4882352945742,NO
166.0,1925.4882352945742,NO
166.99904076275362,1925.4892110211706,NO
167.99903692199888,1925.4911698061894,NO
169.00096308183902,1925.4911717635136,NO
170.0,1925.4901960788898,NO
170.99903691812756,1925.491171780555,NO
172.0,1925.4921568632053,NO
172.99903307351553,1925.4931325327925,NO
174.00096691902644,1925.493128729209,NO
175.00192226335687,1925.4901771703858,NO
176.0,1925.4882352945742,NO
177.0,1925.4882352945742,NO
177.99904076275362,1925.4892110211706,NO
178.99903692196546,1925.4911698232347,NO
180.0,1925.4921568632053,NO
181.0,1925.4921568632053,NO
182.0,1925.4921568632053,NO
183.0,1925.4921568632053,NO
184.00096308187244,1925.491171780555,NO
185.0,1925.4901960788898,NO
186.0,1925.4901960788898,NO
187.0,1925.4901960788898,NO
187.99903691816098,1925.4911717635136,NO
189.00096307800112,1925.4911698061894,NO
190.00095923724638,1925.4892110211706,NO
191.0,1925.4882352945742,NO
192.0,1925.4882352945742,NO
192.99904076275362,1925.4892110211706,NO
193.99903692196546,1925.4911698232347,NO
195.0,1925.4921568632053,NO
196.0,1925.4921568632053,NO
197.00096307803454,1925.4911698232347,NO
198.00095923724638,1925.4892110211706,NO
199.0,1925.4882352945742,NO
200.0,1925.4882352945742,NO
200.99904076276468,1925.4892110155263,NO
202.0,1925.4901960788898,NO
203.00095923352114,1925.4892091212919,NO
204.00095539261068,1925.4872502568537,NO
205.0,1925.4862745102587,NO
206.0,1925.4862745102587,NO
207.0,1925.4862745102587,NO
208.00095154423963,1925.4852875875247,NO
209.0009477070464,1925.483330618879,NO
209.9990522930036,1925.4833305933817,NO
211.0,1925.4843137263958,NO
212.0004762146548,1925.485262731037,NO
213.0004790336607,1925.4871772139188,NO
214.0,1925.4881422934102,NO
214.99856001894435,1925.4881536038956,NO
215.99759981427965,1925.4891578663921,NO
216.99807004155502,1925.4921394179032,NO
217.99805465317155,1925.4960634558097,NO
218.9990215504066,1925.499009318653,NO
220.0,1925.5000000004693,NO
221.00049164468209,1925.5009859287638,NO
222.0,1925.50293207493,NO
223.0,1925.5039062495155,NO
223.9995122023793,1925.5029342267694,NO
225.00098618556748,1925.5009822626791,NO
226.0,1925.500000000492,NO
227.0,1925.500000000492,NO
228.00098229751325,1925.4990071311586,NO
229.00195286818058,1925.4960284896852,NO
230.00385861091138,1925.4900435848326,NO
231.00473568344694,1925.4811454629448,NO
232.00371926116696,1925.472346167324,NO
233.0027490498898,1925.4655057931895,NO
234.0009086846075,1925.4616117754545,NO
234.9990913155321,1925.4616117045389,NO
235.99817108118702,1925.4645453521023,NO
236.99907970192737,1925.467511415664,NO
238.0,1925.4685039370079,NO
239.0,1925.4685039370079,NO
240.0,1925.4685039370079,NO
241.0,1925.4685039370079,NO
241.9990758194444,1925.469483716996,NO
242.99907194844755,1925.4714501833766,NO
244.00092806637218,1925.471457711795,NO
244.9972043901476,1925.4733899470552,NO
245.998116864349,1925.478316428183,NO
247.0018832101618,1925.4783353539183,NO
247.99811678860442,1925.4783356673013,NO
248.99810134957812,1925.4822571797629,NO
250.0,1925.484251969413,NO
251.0,1925.484251969413,NO
252.06754449089183,1925.860146470526,NO
252.94624471419388,1926.110607581369,NO
253.9945744169007,1926.456653254684,NO
254.99545792375187,1926.4614749705358,NO
255.9990797131858,1926.4675056963836,NO
257.0018366819978,1926.466517200947,NO
258.0,1926.4645669291338,NO
259.0009125480451,1926.4635744017269,NO
260.00181343416426,1926.4606122515618,NO
261.0,1926.458661417323,NO
262.0721365737793,1926.8540771608273,NO
262.9462775530986,1927.1075543109062,NO
263.99593626436535,1927.4537838256367,NO
265.0,1927.4448818897638,NO
265.9982408162249,1927.4468326534923,NO
267.0017605975934,1927.4471917633164,NO
268.0775772863854,1927.8371729574524,NO
268.9537662567684,1928.0930454045379,NO
269.99029520856857,1928.4215255166393,NO
270.9966991585499,1928.4192068633797,NO
271.9974835216389,1928.426123679993,NO
272.9974486190593,1928.4320338502896,NO
273.99741374845644,1928.4379386058627,NO
274.99737887406775,1928.443844002496,NO
276.0736657457354,1928.854325612975,NO
276.94433725261246,1929.1091078567458,NO
277.99162942547986,1929.4678221014499,NO
278.99815562615527,1929.4684709299431,NO
279.9990719521307,1929.4714483123512,NO
281.0,1929.4724409457688,NO
281.9990680695894,1929.4734206433036,NO
282.9990641981762,1929.4753873211853,NO
283.99716958484026,1929.4792836459183,NO
284.9961722632116,1929.4861225712232,NO
285.99806263105086,1929.4920916851258,NO
286.99902545268276,1929.4950700316194,NO
288.0,1929.4960629925915,NO
289.0009745512008,1929.495072004459,NO
290.000970676295,1929.4931035523675,NO
291.00096680506783,1929.4911369689582,NO
292.0,1929.490157480775,NO
292.99903319495274,1929.4911369585186,NO
294.0,1929.492125984714,NO
295.0,1929.492125984714,NO
295.99902931994666,1929.4931054615913,NO
296.99902544877756,1929.4950720154766,NO
298.0009745473389,1929.495070042633,NO
299.0019373839691,1929.4920955001924,NO
300.002876774025,1929.4871337473098,NO
301.00471640496033,1929.4791867686038,NO
302.00278395475914,1929.4714163512176,NO
303.0,1929.4685039370079,NO
304.0,1929.4685039370079,NO
304.99907581964663,1929.469483614265,NO
306.0,1929.4704724418282,NO
307.00092418035337,1929.469483614265,NO
308.0,1929.4685039370079,NO
309.00183663845667,1929.4665061414887,NO
310.0027256676579,1929.4615464018236,NO
311.0044644230347,1929.45358540364,NO
312.00436767820327,1929.443756128267,NO
313.00342482427203,1929.4349526817393,NO
314.0025282636702,1929.4281193257152,NO
314.9991610587541,1929.426182148149,NO
316.00167389529446,1929.4251693806434,NO
317.0024818265837,1929.4202559788648,NO
317.99751816815495,1929.4202568697938,NO
318.99663717505933,1929.4270787666687,NO
319.9982951181429,1929.4330399670998,NO
320.9991417015155,1929.4360156252424,NO
322.0008583056793,1929.4360192802085,NO
323.0,1929.4350393700788,NO
323.998279560346,1929.4369916472858,NO
324.99739047069255,1929.441880307313,NO
325.9982408594447,1929.4468216756572,NO
327.001759169443,1929.4468290131456,NO
328.0008738026719,1929.4438917523478,NO
329.00086993105765,1929.441924972333,NO
330.0,1929.4409448818897,NO
331.0,1929.4409448818897,NO
332.0,1929.4409448818897,NO
332.9982563122886,1929.4428966535268,NO
333.9982408425688,1929.4468259621362,NO
334.9991145770694,1929.4497948437145,NO
336.00176694894947,1929.4488050076645,NO
336.9991184363556,1929.4478343263481,NO
337.9973323224978,1929.4517267352053,NO
339.0,1929.4547244094488,NO
340.0,1929.4547244094488,NO
340.9972974148712,1929.4576377601322,NO
341.9981788623558,1929.4625689353506,NO
343.00272572811303,1929.4615566388898,NO
344.00269092983956,1929.455664131102,NO
345.0008892988221,1929.4517637965748,NO
346.00176687826104,1929.448787052809,NO
347.00348697358334,1929.442845644262,NO
348.0,1929.4389763779527,NO
348.9947472851066,1929.4447298482698,NO
349.9955163333986,1929.4555405501253,NO
351.00448205034803,1929.4553763387728,NO
352.02001207058316,1929.42358884946,NO
353.02164136461863,1929.3723048317868,NO
354.00571411264224,1929.340493897318,NO
354.995655166444,1929.3385627997159,NO
355.9955312834097,1929.3489036522208,NO
356.99717972721794,1929.358174642651,NO
357.998566333343,1929.364151310194,NO
358.99184706750304,1929.3765172464787,NO
359.9913830976167,1929.3979442194263,NO
361.00080404181637,1929.408453238163,NO
362.002388924613,1929.4045245781022,NO
362.9951884247106,1929.4073800295344,NO
363.99167878771743,1929.4227175757646,NO
364.99656008708683,1929.436868939155,NO
365.9982563695999,1929.4428820964597,NO
366.9982408418486,1929.4468261450727,NO
367.99822534336,1929.450762760952,NO
368.9991068267432,1929.4537320093832,NO
370.0,1929.4547244094488,NO
370.99729741213565,1929.4576382233422,NO
371.99634273325137,1929.4644728762105,NO
372.99907583466813,1929.4694759833428,NO
374.0009241840194,1929.469485476617,NO
374.99907581586325,1929.4694855362275,NO
376.0,1929.4704724418282,NO
377.0018444027431,1929.46847827012,NO
378.0018289192695,1929.4645454680601,NO
379.0009086844861,1929.4616117137775,NO
379.99909131564783,1929.461611645755,NO
380.9990874481946,1929.4635763119622,NO
382.0,1929.4645669291338,NO
383.0,1929.4645669291338,NO
383.9981633160305,1929.4665177017475,NO
384.99721611453464,1929.4714046174697,NO
385.9981246137725,1929.476348074719,NO
387.00093967632336,1929.477355566936,NO
388.00093580913733,1929.475391036448,NO
388.99906419113495,1929.4753908981259,NO
390.00186766637347,1929.4743872319132,NO
391.0009280480508,1929.4714484045303,NO
392.0018444031642,1929.4684783770938,NO
393.0018289192695,1929.4645454680601,NO
394.00090867334194,1929.4616060525489,NO
395.0018057137333,1929.458651262204,NO
395.99819428565365,1929.4586514179214,NO
396.99817884599935,1929.4625730898845,NO
398.0,1929.4645669291338,NO
398.99816331742437,1929.466517347704,NO
400.0,1929.4685039370079,NO
401.00183668257563,1929.466517347704,NO
402.0,1929.4645669291338,NO
403.0703469279702,1929.8585838927436,NO
403.94367195129496,1930.1118627397748,NO
404.99628532403295,1930.4671205376585,NO
406.00090093374286,1930.4576743362697,NO
406.99909906542126,1930.4576747608871,NO
407.9981865787361,1930.4606089748593,NO
408.99632717417256,1930.4664488792132,NO
409.99720455999505,1930.473361186223,NO
411.00093580128845,1930.4753870492123,NO
412.00093192292826,1930.4734168422672,NO
413.0018521381082,1930.4704430527547,NO
414.0027527261805,1930.4661283117703,NO
415.0713178807595,1930.8549869743442,NO
415.945121353855,1931.1088721477374,NO
416.99495996916596,1931.4604755472687,NO
418.0031089492091,1931.450797657154,NO
419.00395895753906,1931.4456026842292,NO
420.00174123235865,1931.4405317803748,NO
420.99738275853514,1931.441441406755,NO
421.9982355750068,1931.4463995168442,NO
423.0017644104972,1931.4463958493377,NO
424.00348137397145,1931.440393836102,NO
425.00171743688696,1931.4345115261237,NO
425.9991432186932,1931.4335313652693,NO
427.0,1931.4345882242526,NO
428.0,1931.434717626629,NO
429.0017105855795,1931.4327781453537,NO
430.0025365353593,1931.4278289765482,NO
431.0,1931.4249011857708,NO
431.9966103686676,1931.4287883915033,NO
432.99741674184884,1931.4357095543487,NO
434.00258332272676,1931.435720446098,NO
435.00170286519915,1931.4308248891687,NO
435.997439962875,1931.4317929411566,NO
436.99435913794264,1931.4395533284185,NO
437.99334390259986,1931.450395925334,NO
438.9945390501126,1931.4623604105927,NO
439.99721625151744,1931.4713814217082,NO
441.0018598860024,1931.4724110177838,NO
442.00276070457596,1931.467479320099,NO
443.0,1931.4645669291338,NO
444.0,1931.4645669291338,NO
445.0,1931.4645669291338,NO
445.9972392975707,1931.4674789565956,NO
447.0,1931.4704724418282,NO
448.00092419904115,1931.469493107669,NO
448.99534133143925,1931.473320750105,NO
449.9971580992602,1931.481228537519,NO
451.0018986496276,1931.4822569780085,NO
452.0018832549162,1931.4783467215386,NO
453.0,1931.4764469446748,NO
454.0,1931.4764705891262,NO
455.00093599136216,1931.4754836066734,NO
456.00093208927376,1931.4735013457705,NO
456.99906801736256,1931.4734471745223,NO
457.99906414989437,1931.4754118483495,NO
459.00234431759543,1931.4758964517007,NO
460.0683088203465,1931.8616957236973,NO
460.942230157354,1932.1142662055645,NO
461.9943089198208,1932.4761537164575,NO
462.99953751277485,1932.4694245174353,NO
464.0,1932.4685039370079,NO
464.99628056261946,1932.4723685464483,NO
466.0667426146658,1932.8681038764507,NO
466.93991828989886,1933.1196865826587,NO
468.0,1933.486099641358,NO
469.0,1933.4803149615316,NO
469.99810132023,1933.482264634187,NO
471.0023803067846,1933.4832022567928,NO
472.0,1933.482230532867,NO
472.9966606277862,1933.4842089944495,NO
474.0,1933.4862604346922,NO
474.99807798000506,1933.4881930509746,NO
475.9990331503235,1933.4911596301595,NO
477.00192982648764,1933.4901759000095,NO
478.0,1933.4882352945742,NO
479.00048196083986,1933.4891902357242,NO
480.0014515038482,1933.4901244531538,NO
481.0,1933.490118577537,NO
481.99902944288215,1933.4911019288468,NO
483.0,1933.4920948621238,NO
483.9980472258319,1933.4940518573933,NO
485.0,1933.4960474312975,NO
486.0019527741681,1933.4940518573933,NO
487.0,1933.4920948621238,NO
488.0,1933.4920948621238,NO
488.99804722580876,1933.4940518632523,NO
489.999017733629,1933.497026811286,NO
491.00098227029326,1933.4970287959475,NO
492.0009783646883,1933.4950525597123,NO
493.00097446281666,1933.4930782125589,NO
494.0,1933.4920948621238,NO
495.0,1933.4920948621238,NO
496.0009705610164,1933.4911039015094,NO
496.9990294389836,1933.4911039015094,NO
498.0,1933.4920948621238,NO
499.00097054943893,1933.4910980433224,NO
500.00192934079496,1933.4881232140779,NO
501.0,1933.4861660083634,NO
501.995148343782,1933.4909876153008,NO
502.99901774513904,1933.4970209871842,NO
504.0019606008545,1933.4960320090308,NO
504.9990216238062,1933.49505838151,NO
505.99901772975323,1933.497028772396,NO
507.00293484380694,1933.4950103367012,NO
508.00097056106137,1933.4911039242543,NO
508.9990294389836,1933.4911039015094,NO
510.0,1933.4920948621238,NO
511.00097055711785,1933.4911019288468,NO
512.0,1933.490118577537,NO
512.9980550370835,1933.492075610773,NO
514.0,1933.4940711467107,NO
515.0019449475411,1933.4920717207988,NO
516.0009666553836,1933.4891276512162,NO
516.9990333446565,1933.4891276309415,NO
517.9990294466968,1933.4910999986557,NO
519.0028996942438,1933.4890817768614,NO
520.0009588403973,1933.4851732679251,NO
521.0,1933.4841897242327,NO
522.0019059376925,1933.482202229257,NO
522.9980940615484,1933.4822024212922,NO
523.997112055297,1933.4871000209478,NO
524.9990294541238,1933.4910962405504,NO
526.0009705609978,1933.4911038920618,NO
526.9990294389638,1933.491103911514,NO
527.9990255409002,1933.4930763318034,NO
529.0009744628877,1933.4930782485292,NO
530.0,1933.4920948621238,NO
531.0,1933.4920948621238,NO
531.9990255370662,1933.4930782718066,NO
532.999021635223,1933.4950526046116,NO
534.0,1933.4960474312975,NO
535.0641825287546,1933.8695645310702,NO
535.9408183651875,1934.1191901564464,NO
537.0014336172991,1934.4831290246323,NO
538.0037643886981,1934.4761952013564,NO
539.0018590423281,1934.4703377022136,NO
540.0,1934.4683794466403,NO
540.9981409594213,1934.4703372596193,NO
542.0,1934.4723320167004,NO
543.0027825004424,1934.4693150884736,NO
544.0018356539478,1934.4644204420908,NO
544.9972407952935,1934.465385874229,NO
545.9981410054377,1934.4703256174723,NO
547.0018590396697,1934.4703370296659,NO
548.0,1934.4683794466403,NO
549.0009236781578,1934.4673811737912,NO
550.0027473207066,1934.4633814395022,NO
551.0027121759318,1934.457453687335,NO
552.0026805513069,1934.4521196670996,NO
553.0764991414142,1934.8396524548164,NO
553.95516214606,1935.0926268136338,NO
554.9962891987726,1935.4118989412248,NO
556.0015778259558,1935.399189961055,NO
557.0007830759174,1935.3962364361694,NO
558.0023256446487,1935.3922587423162,NO
559.0,1935.389328063241,NO
559.9984534015127,1935.3912894116406,NO
560.9992208262689,1935.3942619297668,NO
561.9984299821551,1935.3972145090265,NO
562.9992091104934,1935.4001901124873,NO
564.0007908963735,1935.4001935871538,NO
565.0,1935.399209486166,NO
565.9992091036265,1935.4001935871538,NO
567.00079089294,1935.4001918498172,NO
568.0007869915003,1935.3982177211908,NO
569.0,1935.397233201581,NO
570.0,1935.397233201581,NO
571.0,1935.397233201581,NO
571.9992130084997,1935.3982177211908,NO
572.9992091066853,1935.4001920394237,NO
574.0,1935.401185770751,NO
575.0923891212951,1935.7960298075686,NO
575.975108276125,1936.0538462371453,NO
576.9931663641755,1936.3218317141784,NO
578.0,1936.310276679842,NO
578.9993848580867,1936.3112618253592,NO
580.0,1936.312252964427,NO
581.0006151419133,1936.3112618253592,NO
582.0,1936.310276679842,NO
583.0,1936.310276679842,NO
583.9993848545231,1936.3112636285425,NO
584.9968664661826,1936.3171136262158,NO
585.9980728548564,1936.325045157139,NO
587.0006463852154,1936.3270709371266,NO
588.0,1936.3260869565217,NO
589.0,1936.3260869565217,NO
590.0,1936.3260869565217,NO
591.0,1936.3260869565217,NO
592.0,1936.3260869565217,NO
592.9987033528556,1936.3280517227918,NO
593.9986877540333,1936.3319982247901,NO
594.9980024618843,1936.336918105456,NO
595.9993262827289,1936.3409009580364,NO
597.0,1936.3418972332015,NO
599.1076675215604,1936.7763024237495,NO
599.9756291305821,1937.0487962590691,NO
600.9882934175815,1937.3254429939038,NO
601.9987814352686,1937.3082968725926,NO
602.9981430522179,1937.3132052018304,NO
603.9993731490193,1937.3171866137682,NO
604.9987346098036,1937.3201437150792,NO
605.998719005917,1937.3240914983148,NO
607.0,1937.3260869565217,NO
607.9987033581235,1937.3280503900048,NO
609.0,1937.3300395256917,NO
610.0,1937.3300395256917,NO
610.9986877359595,1937.3320027974423,NO
612.0,1937.3339920948617,NO
612.9993379894702,1937.3349773466416,NO
613.9993340876445,1937.3369516705548,NO
615.0,1937.3379446640315,NO
615.9986564793337,1937.3399107236678,NO
616.9965737179368,1937.3467397490585,NO
617.9986018867786,1937.3537226399108,NO
619.0020912495165,1937.3527240955152,NO
620.0013747597466,1937.3478142108509,NO
621.0,1937.3458498023715,NO
622.0,1937.3458498023715,NO
622.9993145555377,1937.346834917125,NO
623.9993106548426,1937.3488086689588,NO
625.0013747109982,1937.347801877525,NO
626.0020327786806,1937.34286201423,NO
626.9993262616836,1937.3409116070075,NO
627.9979555586539,1937.3448291172233,NO
628.9979204647306,1937.3507482924538,NO
629.99717285667,1937.3576336545684,NO
630.9985628118136,1937.363608605918,NO
632.0,1937.3656126482213,NO
633.0,1937.3656126482213,NO
633.9970789610259,1937.369511454313,NO
634.9970167283349,1937.3773838902462,NO
636.0,1937.3814229249012,NO
637.0014997304075,1937.3794317876252,NO
638.0,1937.3774703557312,NO
638.9985002734654,1937.3794308077815,NO
640.0014996992815,1937.379423912738,NO
641.0014841390938,1937.3754871853175,NO
641.9985158647462,1937.3754862137916,NO
643.0,1937.3774703557312,NO
644.0,1937.3774703557312,NO
644.9985002695925,1937.3794317876252,NO
646.0,1937.3814229249012,NO
646.9992442537981,1937.3824075993505,NO
647.9992403506317,1937.384382601679,NO
648.997697806921,1937.3883032441092,NO
649.9968760813019,1937.395175741074,NO
650.9984143972855,1937.4011574809806,NO
651.9967822960034,1937.4070395821007,NO
652.9967199456805,1937.4149268984652,NO
653.9991700609355,1937.4199491898776,NO
655.0008299495909,1937.4199545162767,NO
656.000826037526,1937.4179750113265,NO
657.0024544256124,1937.4139797988419,NO
658.0024193787608,1937.4080685630233,NO
659.0,1937.405138339921,NO
660.0,1937.405138339921,NO
661.0007987081002,1937.4041463211274,NO
662.0,1937.403162055336,NO
662.9992012918998,1937.4041463211274,NO
664.0,1937.405138339921,NO
664.9975806212392,1937.4080685630233,NO
665.9975455772845,1937.413979310223,NO
667.0,1937.4169960474308,NO
668.0,1937.4169960474308,NO
669.0024544227155,1937.413979310223,NO
670.0024193787608,1937.4080685630233,NO
671.0,1937.405138339921,NO
672.0,1937.405138339921,NO
672.9975806212392,1937.4080685630233,NO
673.9975455743876,1937.4139797988419,NO
674.999173962474,1937.4179750113265,NO
675.9991700501163,1937.4199546644272,NO
677.0,1937.4209486166008,NO
678.0008299498837,1937.4199546644272,NO
679.000826037526,1937.4179750113265,NO
680.0024543942395,1937.4139745072757,NO
681.003217698385,1937.4070388722416,NO
682.0015856583519,1937.401171557242,NO
683.0,1937.399209486166,NO
683.9992091036265,1937.4001935871538,NO
685.0007908860731,1937.400188375164,NO
686.0023490765668,1937.396210925957,NO
687.0,1937.393280632411,NO
688.0,1937.393280632411,NO
689.0,1937.393280632411,NO
689.9976509199787,1937.3962115086067,NO
690.9984143880258,1937.4011598236798,NO
691.9992012977469,1937.4041433624514,NO
692.997580652734,1937.4080632509026,NO
693.9975455743876,1937.4139797988419,NO
694.9991739630997,1937.4179746947211,NO
696.0008260544068,1937.4179835530495,NO
696.9983440287367,1937.4189607235746,NO
697.9966417376052,1937.4248202206445,NO
699.0,1937.4288537549407,NO
699.9978778333631,1937.4299509709658,NO
700.9978710321132,1937.432180462716,NO
702.0008510797578,1937.4323485121145,NO
703.0,1937.4313725490197,NO
703.999148919694,1937.4323487906192,NO
705.0,1937.4333333333334,NO
706.0,1937.4333333333334,NO
707.0,1937.4333333333334,NO
707.9991450592432,1937.4343098996003,NO
708.9965427056011,1937.4390763878455,NO
709.9973669956955,1937.4458554069058,NO
710.998225357609,1937.4507591417016,NO
711.9982098459735,1937.4546990969025,NO
713.0017902597768,1937.454725957495,NO
714.0052774277856,1937.4468222064127,NO
715.001730441104,1937.4395320154288,NO
716.0821317660004,1937.8164567084714,NO
716.9679830720723,1938.0696584525988,NO
717.9928664648687,1938.3552500570827,NO
719.0,1938.3498023715415,NO
719.9972038938953,1938.3537074453052,NO
720.9949586806944,1938.364415366754,NO
721.994767983198,1938.378200071488,NO
722.9969232012571,1938.3892150663446,NO
724.0030769081145,1938.389228901854,NO
725.0037580255577,1938.3803121911083,NO
726.0029365050929,1938.3714679184625,NO
727.0021642474535,1938.3650364145794,NO
728.1032092113268,1938.780427464304,NO
728.9739563095931,1939.051914141852,NO
729.9865720838749,1939.335009299474,NO
731.0,1939.3181818181818,NO
731.9987346026073,1939.3201455357373,NO
733.0,1939.3221343873518,NO
734.0,1939.3221343873518,NO
735.0,1939.3221343873518,NO
736.0,1939.3221343873518,NO
737.0,1939.3221343873518,NO
737.998718980379,1939.3240979594445,NO
739.0,1939.3260869565217,NO
740.1186956646594,1939.7422078534498,NO
740.9881791901716,1940.0239419164343,NO
741.9863806865122,1940.2802101371435,NO
743.0,1940.2667984189723,NO
743.9984007559704,1940.269739167621,NO
745.0,1940.2727272727273,NO
746.0,1940.2727272727273,NO
746.9994590674572,1940.2737118817972,NO
748.00107790373,1940.272709639758,NO
749.0010623160933,1940.2687659677438,NO
750.0,1940.2667984189723,NO
752.1412977278407,1940.7163092116307,NO
752.9895293501838,1941.0193857936729,NO
753.9807876636291,1941.2906247254084,NO
755.0010777966189,1941.2726825406426,NO
756.0010623280051,1941.268768981404,NO
756.9994707741113,1941.2677883145298,NO
757.9983890746566,1941.2717094159357,NO
759.0005409228347,1941.273706969516,NO
760.0015993324066,1941.2697540738789,NO
760.9984006518113,1941.2697567357893,NO
761.9983657195442,1941.275648645014,NO
763.0021709959676,1941.2746310078028,NO
764.0021088059192,1941.2667639661731,NO
765.0,1941.2628458498023,NO
766.0010310646703,1941.260859357824,NO
767.0,1941.2588932806325,NO
767.9989689316088,1941.260860299208,NO
768.9994785997715,1941.2638285302623,NO
770.0,1941.2648221343873,NO
771.000521411882,1941.263834426899,NO
771.9989533013998,1941.2648147420516,NO
773.0,1941.2667984189723,NO
774.001046710451,1941.264817740257,NO
776.1443078032701,1941.7021732463786,NO
776.9968807603333,1942.0059941150785,NO
777.983669783355,1942.2591061015214,NO
778.9990314085661,1942.2450536292415,NO
779.9980162768957,1942.2509409890577,NO
780.998984604318,1942.2568951038331,NO
782.0,1942.2588932806325,NO
783.0,1942.2588932806325,NO
784.0,1942.2588932806325,NO
785.0,1942.2588932806325,NO
786.0,1942.2588932806325,NO
786.9984476118827,1942.2618361368393,NO
787.9994746988641,1942.2658023895144,NO
790.1442022351732,1942.7115955296536,NO
790.9915605253626,1943.015743593976,NO
791.9810315460093,1943.282155744685,NO
793.0,1943.2667984189723,NO
794.0010466867498,1943.2648117438696,NO
795.0,1943.2628458498023,NO
796.0,1943.2628458498023,NO
797.0,1943.2628458498023,NO
798.0,1943.2628458498023,NO
799.0,1943.2628458498023,NO
800.0,1943.2628458498023,NO
801.0,1943.2628458498023,NO
802.0010310528811,1943.2608563751596,NO
803.0005096850844,1943.2579006669873,NO
804.0010076234083,1943.254928718621,NO
805.0004979854002,1943.251980626493,NO
805.9979849266479,1943.2549067956597,NO
807.0,1943.2588932806325,NO
808.0010154424128,1943.2569069267254,NO
810.1489690339376,1943.701282001518,NO
810.9952883943625,1944.008847584986,NO
811.9819168371984,1944.2689870386396,NO
813.0005018407426,1944.2539314298008,NO
814.0014821701689,1944.249992709186,NO
814.9985178298311,1944.249992709186,NO
815.999498130918,1944.2539457695775,NO
818.1478284852708,1944.706640881003,NO
818.9938632820201,1945.0115359160109,NO
819.984341897841,1945.2707428187628,NO
821.0,1945.2490118577075,NO
821.9995059336227,1945.2499976007498,NO
823.0,1945.2509881422925,NO
824.0009842211961,1945.249007959009,NO
824.9990157749597,1945.2490089316034,NO
825.9995020355926,1945.2519700041105,NO
827.0009920168346,1945.2509802555307,NO
827.9995059260168,1945.2500014493453,NO
828.9990001762986,1945.2529553927811,NO
829.9979538268893,1945.2588409153755,NO
831.0,1945.2628458498023,NO
832.001031041092,1945.2608533925186,NO
833.0010154265209,1945.2569029060696,NO
834.000999804512,1945.2529505379007,NO
835.0009842057331,1945.2490040468672,NO
836.0,1945.2470355731225,NO
836.997510723763,1945.2519147582839,NO
838.0,1945.2569169960475,NO
839.0015055155584,1945.2539302983375,NO
840.0,1945.2509881422925,NO
841.0009841747741,1945.2489962142392,NO
842.0009685720804,1945.2450487328188,NO
843.000478448513,1945.2420949610243,NO
843.9995215505186,1945.2420954509887,NO
844.9985413835071,1945.2460199890436,NO
846.0004901606515,1945.2480213033964,NO
846.9995098354594,1945.248023271296,NO
847.9995059384128,1945.2499951769933,NO
849.0009841940511,1945.2490010913145,NO
850.0,1945.2470355731225,NO
850.9990157981708,1945.2490030591878,NO
851.9995020355926,1945.2519700041105,NO
853.0009919819263,1945.250971423723,NO
854.0009763946783,1945.2470278500596,NO
855.0,1945.2450592885375,NO
855.9985296154932,1945.2480048607865,NO
856.9990002147807,1945.2529456568202,NO
858.0,1945.2549407114625,NO
859.000501869082,1945.2539457695775,NO
860.001482039843,1945.2499707275613,NO
861.0009685760003,1945.2450497245495,NO
862.000478448513,1945.2420949610243,NO
862.999521551487,1945.2420949610243,NO
863.9990314318395,1945.2450477410803,NO
864.9995098421412,1945.248019890307,NO
865.9985062267165,1945.2519497679175,NO
867.0,1945.2549407114625,NO
868.0,1945.2549407114625,NO
868.9984710442044,1945.2578838851393,NO
869.9994825083436,1945.2618507926593,NO
871.0,1945.2628458498023,NO
872.0,1945.2628458498023,NO
872.9989533060497,1945.264813565607,NO
873.9989377184945,1945.2687572170034,NO
875.0005331124925,1945.2697549361121,NO
876.0015757668817,1945.2657793552155,NO
877.0010310757448,1945.2608621596655,NO
878.0,1945.2588932806325,NO
878.9984475713354,1945.2618429758193,NO
879.9967909619055,1945.2706288792167,NO
881.0,1945.2766798418972,NO
882.0026842905082,1945.2716502027743,NO
883.0015641361744,1945.2638176425212,NO
884.0,1945.2608695652175,NO
884.9984359043835,1945.2638108017552,NO
886.0,1945.2667984189723,NO
887.0010466867498,1945.2648117438696,NO
888.0,1945.2628458498023,NO
889.0,1945.2628458498023,NO
891.1425585296986,1945.7119129580624,NO
891.9923724663312,1946.0143922245973,NO
892.9819463121175,1946.27721146288,NO
894.0,1946.2608695652175,NO
895.0010232417748,1946.2588801652719,NO
896.0005057881426,1946.2559288143354,NO
896.9994942146578,1946.255927397337,NO
898.0005057709262,1946.2559201028566,NO
899.0019837078189,1946.250939055448,NO
900.0009686029781,1946.245056549921,NO
900.9995176410617,1946.2440736362714,NO
901.9980318655386,1946.2489690255989,NO
902.999498135663,1946.2539433685918,NO
905.1513727969441,1946.6972544061118,NO
905.9950777184939,1947.0090627244488,NO
906.9800464589331,1947.274433488525,NO
908.0010230879683,1947.2588412522532,NO
909.0015055325159,1947.253933158517,NO
910.0,1947.2509881422925,NO
911.0,1947.2509881422925,NO
912.0,1947.2509881422925,NO
913.0,1947.2509881422925,NO
913.9984944507255,1947.2539359851232,NO
914.997938268718,1947.2608090241697,NO
916.0005213965973,1947.2638266928168,NO
917.0010310683912,1947.260860299208,NO
918.0,1947.2588932806325,NO
919.0,1947.2588932806325,NO
920.0,1947.2588932806325,NO
920.99844759558,1947.261838886555,NO
921.9984125198309,1947.267754996404,NO
922.9978288722012,1947.2746476844534,NO
923.9983305983404,1947.2815724215568,NO
925.0022178568913,1947.2805589150453,NO
926.0021555697735,1947.2726795941257,NO
927.0010545002322,1947.26678855489,NO
928.000521393389,1947.263825069491,NO
929.0025475064281,1947.2578076536875,NO
930.0024503495819,1947.2479753807338,NO
931.0,1947.2430830039525,NO
932.0,1947.2430830039525,NO
932.9980473623057,1947.247008684435,NO
933.9969550429748,1947.2567913757107,NO
935.0,1947.2628458498023,NO
936.0005175032796,1947.2618566740164,NO
936.9994824967204,1947.2618566740164,NO
939.143070232925,1947.7186163461904,NO
939.9883222271573,1948.021435201565,NO
940.9843279159411,1948.2916236949432,NO
942.0,1948.2628458498023,NO
942.9973544667249,1948.267727970725,NO
943.998365726298,1948.2756475058798,NO
944.9988908642073,1948.280611351512,NO
946.000556546337,1948.2816124621077,NO
947.001646062124,1948.277635819775,NO
948.0010779177625,1948.27271318998,NO
949.0010622922703,1948.2687599404944,NO
951.1428492044004,1948.717945709229,NO
951.9884935989777,1949.0211879976555,NO
952.9801918680307,1949.2952649639294,NO
954.0021861121053,1949.276543199354,NO
955.0031625281755,1949.2667065427197,NO
956.0005136001458,1949.2598816881962,NO
957.0,1949.2588932806325,NO
957.9994864053075,1949.2598789288277,NO
959.0,1949.2608695652175,NO
960.0005135946925,1949.2598789288277,NO
961.0,1949.2588932806325,NO
962.0,1949.2588932806325,NO
963.001015418957,1949.256900992409,NO
964.0009998511788,1949.2529623445866,NO
964.9990001488212,1949.2529623445866,NO
965.998984581043,1949.256900992409,NO
967.0,1949.2588932806325,NO
968.0,1949.2588932806325,NO
969.0,1949.2588932806325,NO
970.0,1949.2588932806325,NO
970.99844759558,1949.261838886555,NO
971.9984125516694,1949.2677496263227,NO
973.0,1949.2707509881423,NO
974.0,1949.2707509881423,NO
975.0005331201127,1949.2697587919417,NO
976.0005292123876,1949.2677814829983,NO
977.0010466904097,1949.264812669819,NO
978.0,1949.2628458498023,NO
978.9978912226862,1949.266760347579,NO
979.9989221200312,1949.2727036281658,NO
981.0005409295917,1949.2737103885663,NO
982.0005370323931,1949.2717384059617,NO
982.9994629684775,1949.271737965428,NO
984.0,1949.2727272727273,NO
985.0021242260166,1949.2687146086225,NO
986.0015524654866,1949.261849186464,NO
986.9989688926393,1949.2608701585152,NO
987.9989533405794,1949.2648048295882,NO
989.0005253128195,1949.2658083014005,NO
989.999474685402,1949.26580920135,NO
991.0,1949.2667984189723,NO
992.0010466867498,1949.2648117438696,NO
993.0,1949.2628458498023,NO
994.0,1949.2628458498023,NO
995.0005174916564,1949.2618507926593,NO
996.0015290083674,1949.2578927522334,NO
996.9989845148393,1949.2569177419568,NO
997.998968958908,1949.2608533925186,NO
999.0,1949.2628458498023,NO
1000.0,1949.2628458498023,NO
1001.0020463141964,1949.2588587627115,NO
1001.9994942004885,1949.255934567023,NO
1002.9974131326343,1949.261790980628,NO
1003.9989377685274,1949.2687445586898,NO
1005.0026255287376,1949.2657035115028,NO
1006.0025285865555,1949.2558929625593,NO
1006.9990001136407,1949.2529712452563,NO
1007.9989845847944,1949.2569000433143,NO
1009.0005096842815,1949.2579002607429,NO
1010.0005057929706,1949.255931257256,NO
1010.9984710261599,1949.2578869286313,NO
1012.0,1949.2608695652175,NO
1013.0005136004892,1949.2598818619006,NO
1013.9989689346979,1949.2608595176498,NO
1015.0015406468364,1949.259855774066,NO
1016.0,1949.2569169960475,NO
1016.9984593447025,1949.2598572011698,NO
1018.0005174976048,1949.2618538025802,NO
1019.0,1949.2608695652175,NO
1020.0,1949.2608695652175,NO
1021.0010232300162,1949.2588771903781,NO
1022.0010076155236,1949.2549267237728,NO
1023.0009920051526,1949.2509773000002,NO
1024.0004901654793,1949.248023746259,NO
1024.9995098335821,1949.2480242212202,NO
1025.9985062016515,1949.2519539955383,NO
1026.9984711071409,1949.25787326983,NO
1027.9984359849682,1949.2637972098275,NO
1029.0,1949.2667984189723,NO
1030.0010466986705,1949.26481475981,NO
1030.9994785854597,1949.2638357720587,NO
1031.9984124914,1949.2677597917923,NO
1032.9994629819846,1949.2717311307972,NO
1034.0010701168146,1949.2707395501654,NO
1035.0,1949.2687747035573,NO
1035.9994668743525,1949.2697615926315,NO
1036.998377351599,1949.2736867050603,NO
1038.0,1949.2766798418972,NO
1039.0010857544066,1949.274695860917,NO
1039.9994590598371,1949.2737157375896,NO
1041.0,1949.2747035573123,NO
1042.0,1949.2747035573123,NO
1043.0005409342607,1949.2737127511186,NO
1044.0,1949.2727272727273,NO
1044.9994590657393,1949.2737127511186,NO
1046.0,1949.2747035573123,NO
1047.0005409342607,1949.2737127511186,NO
1048.0,1949.2727272727273,NO
1048.9983655849712,1949.2756713429808,NO
1049.9983305420117,1949.2815819223324,NO
1051.0,1949.2845849802372,NO
1052.0022178977958,1949.2805640894526,NO
1053.0021556176575,1949.2726856514591,NO
1054.0005292150172,1949.2677828134867,NO
1055.0010466904869,1949.264812689364,NO
1056.0,1949.2628458498023,NO
1056.9984241724108,1949.2657895945772,NO
1057.9989299114657,1949.2707323952898,NO
1058.999459069907,1949.2737106422478,NO
1059.9989064513857,1949.2766677954442,NO
1060.9988908480898,1949.2806154292357,NO
1062.0,1949.2826086956522,NO
1063.0011091519102,1949.2806154292357,NO
1064.0010935132532,1949.2766588490636,NO
1065.0021398267247,1949.270688098332,NO
1066.0020778509424,1949.2628481613451,NO
1066.996860300995,1949.2647812826845,NO
1067.9967211015585,1949.276520435154,NO
1069.0016576950711,1949.2795979102539,NO
1070.001622726249,1949.273699835418,NO
1070.99946296172,1949.2717413848115,NO
1071.9994590686902,1949.273711257892,NO
1073.0,1949.2747035573123,NO
1074.0,1949.2747035573123,NO
1074.9989064395368,1949.27667079323,NO
1075.9988908547502,1949.280613744143,NO
1077.0011091452498,1949.280613744143,NO
1078.0010935841615,1949.276676788872,NO
1078.9989064158385,1949.276676788872,NO
1079.9988908547502,1949.280613744143,NO
1081.0011091571591,1949.280616757195,NO
1082.0005487472777,1949.277666137919,NO
1083.0,1949.2766798418972,NO
1084.001622621291,1949.273682132485,NO
1085.0010623196958,1949.268766879196,NO
1086.0,1949.2667984189723,NO
1086.9989376837607,1949.2687660046897,NO
1087.9989220921361,1949.272710685631,NO
1089.0,1949.2747035573123,NO
1090.0010778844712,1949.2727047672543,NO
1091.0021086822787,1949.266748325639,NO
1092.0010311026294,1949.2608689614776,NO
1092.9989689045374,1949.260867148264,NO
1093.998953336334,1949.2648059037074,NO
1095.0,1949.2667984189723,NO
1096.0,1949.2667984189723,NO
1097.0,1949.2667984189723,NO
1098.0,1949.2667984189723,NO
1098.9989376908482,1949.268764211557,NO
1100.0,1949.2707509881423,NO
1101.0,1949.2707509881423,NO
1102.0,1949.2707509881423,NO
1103.0,1949.2707509881423,NO
1103.9989220685588,1949.2727166507007,NO
1105.0,1949.2747035573123,NO
1106.0010779078639,1949.272710685631,NO
1107.0010623162393,1949.2687660046897,NO
1108.0,1949.2667984189723,NO
1109.0,1949.2667984189723,NO
1110.0,1949.2667984189723,NO
1110.9989376873043,1949.268765108127,NO
1111.9994629746718,1949.271734831096,NO
1112.9983656043212,1949.2756680792877,NO
1113.997766393875,1949.282551193216,NO
1114.9982836771617,1949.2894864605885,NO
1115.9976571318232,1949.2963728436885,NO
1117.0017631281764,1949.2973809611883,NO
1118.0022961825339,1949.2904671094668,NO
1119.0005643715062,1949.2855719980384,NO
1120.0,1949.2845849802372,NO
1121.0,1949.2845849802372,NO
1122.0016695396914,1949.2815957029284,NO
1123.0,1949.2786561264822,NO
1124.0,1949.2786561264822,NO
1125.0010935300375,1949.276663095454,NO
1126.00107792662,1949.2727154309111,NO
1127.000533127749,1949.269762655906,NO
1127.9994668740155,1949.269761763145,NO
1129.0,1949.2707509881423,NO
1129.9989220615914,1949.2727184134415,NO
1130.9989065846682,1949.2766340749495,NO
1132.0201622361988,1949.291435944165,NO
1133.0099979721874,1949.0184103622719,NO
1133.8556870900663,1948.7132291085932,NO
1136.017087953258,1948.2804781254374,NO
1137.0081103842197,1948.0150776936123,NO
1137.85290910416,1947.709977593769,NO
1140.0151382128645,1947.2828768071543,NO
1141.009709327603,1947.0181995460468,NO
1141.8597014344505,1946.717590211972,NO
1143.0179284333867,1946.289589781111,NO
1144.0111372129766,1946.0208542450898,NO
1144.8593891446988,1945.720930501593,NO
1147.0174849638242,1945.272593451374,NO
1148.0070178487103,1945.0133772721124,NO
1148.8593957951593,1944.7125179032264,NO
1150.018731482414,1944.2882231163167,NO
1151.010377599934,1944.019411671308,NO
1151.8599221981483,1943.7184002892552,NO
1154.0,1943.2707509881423,NO
1154.9994629950056,1943.2717245422155,NO
1156.0175495613253,1943.2934163612492,NO
1157.0122198848053,1943.0227796083975,NO
1157.8621284324247,1942.7235498336245,NO
1159.0185343595465,1942.2901690850135,NO
1160.0109548602186,1942.020519015097,NO
1160.8628627397675,1941.720751591045,NO
1162.016362424436,1941.3008168762171,NO
1163.0138855473535,1941.025492284342,NO
1163.8643713420524,1940.7385512406343,NO
1165.858610470337,1939.7146634966534,NO
1167.0161065471168,1939.2902217491396,NO
1168.0122972386255,1939.0232956678099,NO
1168.8661137242743,1938.7277530982362,NO
1171.0197542727958,1938.2994496769886,NO
1172.013171688808,1938.024453399857,NO
1172.8636864391021,1937.7252757321558,NO
1174.0170585888127,1937.301368408354,NO
1175.0144209620444,1937.0267090221403,NO
1175.8626258149025,1936.728720665043,NO
1178.0148557331827,1936.2913542719523,NO
1179.0130805376432,1936.0251052477336,NO
1179.8675506003,1935.733094381961,NO
1182.0173389323402,1935.301697420466,NO
1183.0146557080125,1935.0273379106668,NO
1183.8637168960295,1934.7308579907412,NO
1186.0158659747603,1934.282061762291,NO
1187.011096596179,1934.021635830049,NO
1187.8674674409397,1933.7302015861167,NO
1189.017778990629,1933.3041477278864,NO
1190.0155156349608,1933.0291776324475,NO
1190.874293135384,1932.7473164999562,NO
1192.8789860511645,1931.7503897792246,NO
1194.0183227574203,1931.327095152431,NO
1195.02191705247,1931.0413988767327,NO
1195.8772292557026,1930.7553590285368,NO
1198.0212230812278,1930.0412199384007,NO
1198.8798935892996,1929.7594949604488,NO
1201.019344296257,1929.0364353002217,NO
1201.873655863828,1928.7466831532215,NO
1204.017927894247,1928.0345809172113,NO
1204.8822195294558,1927.759138938496,NO
1206.878453126198,1926.7580863270439,NO
1209.0210297127865,1926.041776514445,NO
1209.8868380659728,1925.764455530606,NO
1211.0205843480835,1925.3428358680317,NO
1212.0250923160552,1925.046753203652,NO
1212.8818396741174,1924.7668113097125,NO
1214.8964302038785,1923.779569368475,NO
1216.0163094055602,1923.3639962617922,NO
1217.0322756731773,1923.064063376909,NO
1217.9006041354307,1922.796826552287,NO
1220.033196740128,1922.068269821204,NO
1220.9090975615043,1921.8079082368001,NO
1222.0140958122663,1921.3991128410478,NO
1223.0406597314159,1921.080636109077,NO
1223.9097266732122,1920.8188555148163,NO
1226.0364063976133,1920.0758794208764,NO
1226.9157421864875,1919.8190088388951,NO
1228.926151120947,1918.8459903704975,NO
1230.0089669780648,1918.4528324213773,NO
1231.0518332527201,1918.1051414361486,NO
1231.9292841372474,1917.8533794858088,NO
1233.0092755657904,1917.4674885053828,NO
1234.0553718585109,1917.1099669574612,NO
1234.9281411286352,1916.8564292068022,NO
1236.0079965706236,1916.4495849607583,NO
1237.0514794118817,1916.10570158536,NO
1237.9300523258078,1915.8549936482304,NO
1239.0023317073815,1915.4733365783936,NO
1240.0047389370295,1915.4767370462569,NO
1241.0578998176138,1915.114297243371,NO
1241.9290895077659,1914.8604664524203,NO
1243.0044990032984,1914.4552991394016,NO
1244.053223364386,1914.1088363541658,NO
1244.9309837891947,1913.8582600996021,NO
1246.0028561101074,1913.4807785545308,NO
1247.0589170849814,1913.1171299802484,NO
1247.9320045966517,1912.8648284143244,NO
1249.0092409053443,1912.4666657498801,NO
1250.0548755569976,1912.1089843902992,NO
1250.9292522577746,1911.856165745711,NO
1252.0046710853621,1911.4708454129202,NO
1253.0568092077574,1911.1113640852743,NO
1253.9290129438227,1910.8584613922735,NO
1254.9892142658257,1910.4750412657916,NO
1256.0596155679361,1910.1234980993643,NO
1256.9366363834822,1909.8723944603587,NO
1258.9374790712188,1908.8749581424377,NO
1260.0004914415463,1908.5007789332744,NO
1261.0630999109992,1908.1202017337837,NO
1261.9289193148088,1907.8669795266956,NO
1262.9944817661458,1907.464451360067,NO
1264.0571219851129,1907.115869393396,NO
1264.9315803997629,1906.8631607995255,NO
1266.8466703164117,1905.8466703164117,NO
1267.933857598416,1904.8662453630175,NO
1269.8480193246546,1903.8492351745488,NO
1270.933900816549,1902.8657905015118,NO
1272.933879174117,1901.8684130155689,NO
1274.9327283763814,1900.8662607977262,NO
1276.9334544335245,1899.8652988959775,NO
1278.9341304793377,1898.8682609586756,NO
1280.933753000367,1897.8676382301774,NO
1282.9334391967977,1896.8674087591246,NO
1284.9342091741219,1895.8670972469142,NO
1286.9352096854266,1894.8711846064919,NO
1288.9350442065736,1893.8700884131472,NO
1290.0019415937995,1893.4912232241913,NO
1291.0609529374576,1893.1209421990013,NO
1291.9344439256956,1892.8694102111044,NO
1293.0014407950855,1892.48650846101,NO
1294.05998399477,1892.1197299508779,NO
1294.9332388958592,1891.8666110473177,NO
1296.9338632391505,1890.8671973882113,NO
1298.9357888456645,1889.871066047263,NO
1300.0033967816623,1889.4915628516765,NO
1301.0607907588749,1889.1212203878101,NO
1301.9350612230082,1888.8701224460165,NO
1303.0019415937995,1888.4912232241913,NO
1304.0609252685751,1888.121247311424,NO
1304.9340627842014,1887.8679939580538,NO
1306.9351727057187,1886.869826797001,NO
1307.9975441630827,1886.4975525714024,NO
1309.0627081109803,1886.1247977985456,NO
1309.936433202996,1885.8738674589079,NO
1311.0028885339968,1885.4891251025651,NO
1312.0009551841295,1885.4852335323458,NO
1313.0004816482185,1885.4879096722364,NO
1314.0603848433022,1885.1216133846758,NO
1314.9352948382839,1884.8692955720294,NO
1316.9342762585848,1883.8699784803468,NO
1318.9348330787566,1882.8690131830494,NO
1320.0014525128365,1882.490465154881,NO
1321.0607601355175,1882.1211593230144,NO
1321.9350612230082,1881.8701224460165,NO
1323.0,1881.4881889768362,NO
1324.0029038195482,1881.4897775782408,NO
1325.060425691614,1881.1202531038512,NO
1325.9348273778216,1880.869001724056,NO
1327.0029038191324,1880.4897775081045,NO
1328.0604570599735,1880.1199582839374,NO
1328.9334772102022,1879.8665544834453,NO
1330.9364805788334,1878.871306346576,NO
1332.0034377402255,1878.497490141132,NO
1333.0615872307017,1878.1210092916942,NO
1333.9346525998408,1877.8695655467632,NO
1335.0,1877.4862204728972,NO
1336.0052423717298,1877.4827747838717,NO
1337.0585663427323,1877.1162067420041,NO
1337.9322741156543,1876.8644119658588,NO
1339.006463930992,1876.4690967090169,NO
1340.013242417471,1876.4467108870188,NO
1341.0501112400343,1876.1019574965555,NO
1341.9268533848385,1875.8497280827462,NO
1343.0063372387476,1875.4571865091573,NO
1344.0536157716103,1875.108539246727,NO
1344.9284765424302,1874.855187075583,NO
1346.9302907174992,1873.85901333575,NO
1348.9334548094885,1872.863779683337,NO
1350.933927605507,1871.869422138479,NO
1352.8494480521251,1870.8494480521251,NO
1353.9331224383518,1869.8665134612709,NO
1355.9321833645363,1868.8657176632282,NO
1357.9329055254998,1867.864452858001,NO
1359.9334471036882,1866.8668942073762,NO
1361.9342041847526,1865.866680392701,NO
1363.935014557634,1864.870542831484,NO
1365.9338491767949,1863.869267141016,NO
1367.9313995275438,1862.8655105402315,NO
1369.9320356091562,1861.860567899197,NO
1371.932611813338,1860.8678871953146,NO
1373.9321386553602,1859.8638676904523,NO
1375.931814354507,1858.8657933326804,NO
1377.9308020353556,1857.8604743127971,NO
1379.9300128589432,1856.8625352133236,NO
1381.9316729443096,1855.8593766875554,NO
1383.9323124091543,1854.8655781704704,NO
1385.9375450687203,1853.8750901374406,NO
1387.0,1853.500000000492,NO
1388.0619251131566,1853.1238502263134,NO
1388.8538583994452,1852.8538583994452,NO
1389.9350046644324,1851.8730323641696,NO
1391.8457294532093,1850.8444886742368,NO
1392.9311195568139,1849.8670447323775,NO
1394.8302571895858,1848.8293219765017,NO
1395.8401755626805,1847.838424050604,NO
1397.2678496198744,1846.6451975460686,NO
1398.8067800819927,1845.8045267886314,NO
1399.8986922107329,1844.819034882935,NO
1401.8787560908047,1843.766192465561,NO
1403.8434074731947,1842.70585473058,NO
1405.9843416147733,1841.9711331798046,NO
1406.7933525621781,1841.6193336522238,NO
1408.9678234074072,1840.9222037652653,NO
1409.6239358897542,1840.5860261818648,NO
1409.9873091386235,1839.990526539953,NO
1411.774678161711,1838.6267745934,NO
1412.8030417799284,1837.7983708272911,NO
1413.7171013199643,1836.7224390295712,NO
1415.8567836920186,1835.7548723610641,NO
1416.7962390561827,1834.8649375014209,NO
1417.4424639056888,1833.6205362615467,NO
1418.7979222460035,1832.6560595602648,NO
1420.8143623972167,1831.6388138053717,NO
1422.9412952390162,1830.8491424094736,NO
1423.3211615271678,1830.6822058554253,NO
1424.8181340885296,1829.7318106356831,NO
1425.8636757611878,1828.8729428792517,NO
1426.6505359281025,1827.3030569439397,NO
1427.6185165213326,1825.718906928294,NO
1428.435699389407,1824.54565499737,NO
1428.9460393911172,1823.9662393040894,NO
1429.7825501418786,1822.854816410133,NO
1430.5134084234112,1821.644968385878,NO
1431.675531481506,1820.6534086221839,NO
1432.7077202189498,1819.6825896199434,NO
1433.7077068947956,1818.6946920022765,NO
1434.7832867386774,1817.7051583649773,NO
1436.6684344532086,1816.5882757367774,NO
1437.5649844209242,1815.5792180564051,NO
1438.7241809036095,1814.719091989959,NO
1439.6907708355081,1813.554741613285,NO
1440.9086229619809,1812.856092201632,NO
1441.9328054185833,1811.9211781868682,NO
1443.044791253428,1811.1465264246683,NO
1444.765969514692,1810.5115885552075,NO
1445.790943597611,1809.8053612899275,NO
1446.6658832105404,1808.692229353515,NO
1448.8388356167638,1807.6848447201733,NO
1450.6159213933781,1806.6068665038076,NO
1451.7062295640112,1804.813629503,NO
1453.044579481271,1803.1874205465786,NO
1453.9690427270052,1802.933753007898,NO
1454.705082061635,1802.541157448393,NO
1456.992730278972,1801.9553431421605,NO
1457.703603908678,1801.6644326195462,NO
1459.7624867396999,1799.7298965441585,NO
1460.7005466228563,1798.6740888980398,NO
1462.991976218436,1797.9543511866545,NO
1463.6714238167501,1797.6424318082427,NO
1464.5448370310169,1796.6950705737613,NO
1464.9712728001127,1795.9798144065892,NO
1465.9886018576342,1794.9827603102106,NO
1466.753477728784,1794.5852473332961,NO
1467.7992058467385,1793.7747393454151,NO
1468.7489352371244,1792.737976071782,NO
1469.8353011195236,1791.8273157089998,NO
1470.776886210449,1790.7760214413927,NO
1471.8493463001296,1789.8457593042156,NO
1472.7619491333376,1788.7772491845583,NO
1473.779825399171,1787.8092364871106,NO
1474.647622895648,1786.66273458252,NO
1475.7877779904306,1785.7677323825585,NO
1476.7038975717294,1784.7152207925717,NO
1477.7268363908017,1783.7708627426127,NO
1478.8152202374251,1781.8634788656225,NO
1479.7395156202376,1780.7301755416288,NO
1480.7640458206392,1779.7998096663532,NO
1481.6316906003608,1778.6595400906826,NO
1482.8234111556317,1777.738436066687,NO
1483.7378994089577,1776.8296346251389,NO
1484.5743225232006,1774.74001342522,NO
1485.7191480902036,1772.731053161455,NO
1487.7599393618473,1771.7589752656677,NO
1488.820008439282,1769.8355982552685,NO
1489.7945893297806,1768.8136235118618,NO
1490.6878661808428,1767.8117046500565,NO
1490.957847900961,1766.9917485276858,NO
1491.8465792107254,1764.8554474730104,NO
1492.796982195293,1763.8470317230633,NO
1493.7059691609088,1762.71923372407,NO
1494.732458829248,1761.7652798824147,NO
1495.8398512111614,1759.853936965574,NO
1496.822212681863,1758.8344974117078,NO
1498.9873828157467,1757.923849477701,NO
1499.5990101460725,1757.5870147472847,NO
1499.9333105040537,1756.9875502363454,NO
1500.0000666165645,1756.0000016448535,NO
1500.0280011460227,1755.0008958054875,NO
1500.6661258338381,1752.6934823641425,NO
1501.7433548038937,1751.7674303461777,NO
1503.9839121718628,1749.9268092225461,NO
1504.5827212080644,1749.5897196182775,NO
1504.9240007898652,1748.9859527528038,NO
1504.995379658616,1747.9997786086346,NO
1505.7879655690901,1745.8847500505278,NO
1506.85810095704,1743.9145357739828,NO
1507.0941586607996,1743.0117957003454,NO
1507.8737821713225,1740.9302663953226,NO
1508.101375247676,1740.0128099437593,NO
1508.9396436458608,1737.964745492737,NO
1509.1883353404494,1737.0215124418073,NO
1509.6110507756266,1735.806352944424,NO
1510.6658952390433,1733.8254396534242,NO
1511.6665053753968,1731.8337120511217,NO
1512.6639007746342,1729.828673661501,NO
1512.9806850703465,1728.989403280943,NO
1513.7071773362989,1726.8503520071504,NO
1514.718641004741,1724.8625753037988,NO
1515.7170289795088,1722.8601660689508,NO
1516.7255015191354,1721.7245332719156,NO
1517.7367172365132,1719.8597658326648,NO
1518.7404621980845,1718.7466207213915,NO
1519.7474258201496,1716.8730783029796,NO
1520.7556144575926,1715.7556144575926,NO
1521.7414923605186,1714.7459264660492,NO
1522.737082892254,1713.738911864621,NO
1523.71588157411,1712.718909484217,NO
1524.0013742904955,1712.0007661081459,NO
1524.272237775214,1711.024696675398,NO
1524.2811639261215,1710.006112259309,NO
1524.3046442564569,1709.007826828436,NO
1524.3255617012273,1708.0051472204314,NO
1524.3447993186608,1707.00817705923,NO
1524.374353334481,1706.01515151656,NO
1524.4125974477274,1705.0174794973868,NO
1524.446614681178,1704.01142911587,NO
1524.467128674422,1703.0064368124051,NO
1524.4753759966914,1702.0009357795316,NO
1524.4753890634872,1700.9990641947466,NO
1524.4744094497096,1700.0,NO
1524.8609375142073,1698.9313808736179,NO
1525.113122759903,1698.0569014290313,NO
1525.4749991248923,1697.0065841462927,NO
1525.867004908867,1695.9329661822223,NO
1526.1191524027824,1695.0599343756874,NO
1526.483633487729,1694.000957690017,NO
1526.865094964437,1692.9325474822185,NO
1527.1171488138605,1692.0589265584017,NO
1527.480778338529,1691.0028561088243,NO
1527.8630758590796,1689.9320900430846,NO
1528.8622981607784,1687.930450796758,NO
1529.863536602716,1685.931768301358,NO
1530.863536602716,1683.931768301358,NO
1531.8647524092114,1681.9323762046058,NO
1532.8467743808624,1680.8467743808624,NO
1533.864752325928,1678.932376162964,NO
1534.8501079053149,1677.8509137795693,NO
1535.8509137528288,1676.8501078784298,NO
1536.8519231634407,1675.8519231634407,NO
1537.8467743808624,1674.8467743808624,NO
1538.8647524092114,1672.9323762046058,NO
1539.8469369780194,1671.8469369780194,NO
1540.8637109904937,1669.9315796056435,NO
1541.8501082279347,1668.8509141004547,NO
1542.8457708234519,1667.8449371493382,NO
1543.8647524092114,1665.9323762046058,NO
1544.8516655054523,1664.8516655054523,NO
1545.8520770734822,1663.8520770734822,NO
1546.8516651593532,1662.8516651593532,NO
1547.8504758537354,1661.8512797497656,NO
1548.9296908883048,1660.860380075475,NO
1550.845307235009,1659.8436257897736,NO
1551.8475376034048,1658.849592346423,NO
1552.841853987079,1657.840988619056,NO
1553.8589198099876,1655.929388001104,NO
1554.861885789297,1653.9295392957915,NO
1555.8587079827196,1651.9305027076723,NO
1556.8426719987667,1650.8422421420735,NO
1557.856724587403,1648.928803593006,NO
1558.8545088280441,1646.9281488243878,NO
1559.8526279669213,1644.9262379394563,NO
1560.8513366505051,1642.926886878026,NO
1561.8489709078706,1640.9247987964109,NO
1562.8518450216436,1638.9254585620345,NO
1563.8378039529302,1637.8378039529302,NO
1564.848107650572,1635.9238142507388,NO
1565.841743004146,1634.8404131197287,NO
1566.843006554063,1633.8412670132059,NO
1567.853576261793,1631.9276261434397,NO
1568.8356641766488,1630.8374901222824,NO
1569.8425729741928,1628.922535907023,NO
1570.830033284707,1626.9188218665688,NO
1571.0876390202545,1626.044552891062,NO
1571.4217659254896,1625.0165648245452,NO
1571.8394930851318,1623.919746542566,NO
1572.8239770207695,1621.915290123206,NO
1573.8125224849332,1619.907801308197,NO
1574.7896432385592,1617.900481438321,NO
1575.7550526274442,1615.8833583951762,NO
1576.739730760228,1613.8674100156761,NO
1577.7154699268535,1611.864110478794,NO
1578.695078465946,1610.7071004509826,NO
1579.6122100222838,1608.8108752169499,NO
1580.652302097777,1607.6604037948382,NO
1581.5650293531764,1606.5897837973257,NO
1582.5206670996706,1604.7547075790117,NO
1583.552393366079,1603.5618765498828,NO
1583.8851328789224,1602.9368152060438,NO
1584.6194369488799,1601.3725210073105,NO
1584.851277033354,1600.9191228376685,NO
1585.824875114808,1598.900863215266,NO
1586.8374463165317,1596.9083620920908,NO
1587.7978018142423,1594.8886318997806,NO
1588.0258777983513,1594.003526205445,NO
1588.803601614199,1591.8901307556387,NO
1589.0309957979302,1591.0038701936742,NO
1589.779312665191,1588.877897079077,NO
1590.736391606123,1586.8466644416435,NO
1591.7205189073597,1584.842581433163,NO
1591.965978045232,1583.9942197593002,NO
1592.7076243235726,1581.851342012646,NO
1592.966028988268,1580.9944932832452,NO
1593.6708234695438,1578.8264528081368,NO
1593.9484642583002,1577.9918261648781,NO
1594.666959158922,1575.8049855062027,NO
1594.9383713747284,1574.9902618427911,NO
1595.6673333073113,1572.8037581174806,NO
1595.94299936311,1571.9909390192256,NO
1596.0048971517322,1571.0000677471585,NO
1596.0145226974603,1570.0002471329967,NO
1596.0183008850547,1569.0002250108823,NO
1596.019656276673,1568.0000407806551,NO
1596.689112815006,1565.818900664147,NO
1596.9636134054444,1564.993906961792,NO
1597.0201842914767,1564.0003585506254,NO
1597.7345161715712,1561.8603990741713,NO
1597.9837659113175,1560.9975236136613,NO
1598.0290242869646,1560.0006818780582,NO
1598.043098471864,1559.0008978848305,NO
1598.0607889660996,1558.001545482191,NO
1599.6671225384073,1555.7096707875553,NO
1599.9355456532476,1554.990626143966,NO
1599.973098353559,1553.999463041004,NO
1599.979232134282,1552.999768074593,NO
1599.9775836109438,1552.0000685516459,NO
1600.5181625460025,1549.7135468035176,NO
1600.870642062902,1548.9803817336972,NO
1600.947010493734,1547.9995128646285,NO
1600.952900687982,1546.999711047169,NO
1601.5319886850875,1544.7204710636345,NO
1601.8927113295451,1543.9814332028282,NO
1601.968472550437,1542.999810075606,NO
1601.9693289019267,1542.0000308873095,NO
1601.9665571689486,1540.999830583426,NO
1602.7216149212404,1538.739467285782,NO
1603.5441764377438,1537.738537760228,NO
1603.8584928386988,1536.9758321089455,NO
1603.8566214877626,1536.0246034134964,NO
1603.5353065477636,1535.294119868976,NO
1602.9601596909808,1533.000238564714,NO
1603.569613705142,1530.5733000686141,NO
1604.9753852672313,1529.9120229407088,NO
1605.502047815294,1529.481299800455,NO
1605.8987393845794,1528.9854993831534,NO
1605.9391107915635,1528.0006827536042,NO
1605.9374577106896,1526.9997457630668,NO
1605.8996068947185,1526.015153676697,NO
1605.577824038794,1525.4060760449806,NO
1603.7120598575573,1524.2613432593953,NO
1603.0127652987849,1522.000635616513,NO
1605.0017493766998,1520.0074191514157,NO
1605.761507735749,1519.7703772764064,NO
1607.9422579361715,1518.8214763825983,NO
1608.5583826234024,1518.016770279603,NO
1607.940987401036,1517.185945365253,NO
1607.0004606360883,1517.1022612133859,NO
1604.9390779669804,1514.9991975821758,NO
1604.957147721775,1513.9985555412086,NO
1605.6833558489361,1511.8046238226277,NO
1605.9518333474346,1510.9916557172985,NO
1606.510728971336,1508.7455790499746,NO
1606.852595152281,1507.9548681623849,NO
1606.8642317909203,1506.976674183032,NO
1606.842667815961,1506.0222060454225,NO
1606.943904410351,1505.0071884506663,NO
1606.936056025914,1504.0005167189706,NO
1606.9390352349485,1502.9997551615693,NO
1606.946193045628,1501.9994597695559,NO
1606.9604349713782,1500.999284969389,NO
1606.9775355100387,1499.9996391246552,NO
1606.9765327130906,1499.0002126944357,NO
1606.9623263300152,1497.9999234275056,NO
1606.9698710068003,1496.9992892647715,NO
1606.9872378887883,1495.9999737405128,NO
1606.9784582301245,1495.0004875709337,NO
1607.6132542325524,1492.6098392783326,NO
1608.6731575933236,1491.660054767736,NO
1608.934826404949,1490.0094181492846,NO
1608.9295864156736,1489.0004293511247,NO
1608.8584514606882,1488.023397824366,NO
1608.47479374318,1487.3187773478687,NO
1607.9427315082883,1484.9998828865114,NO
1607.9465540241808,1484.0000544811157,NO
1607.9157572283934,1483.008584649953,NO
1607.7154191430002,1482.1165275392052,NO
1607.5376764802454,1481.7716943054693,NO
1607.1953635826405,1480.0042691311182,NO
1607.2139824245749,1479.0017721112679,NO
1607.2216422556705,1478.001839354913,NO
1607.2368754881115,1477.005946664992,NO
1607.2761623428246,1476.0144417869806,NO
1608.981147538934,1473.912988640826,NO
1609.5790859312963,1473.5335817137252,NO
1609.900045180735,1472.9797681811242,NO
1609.9142936102426,1472.0132640846214,NO
1609.5891044308737,1471.2490921109136,NO
1608.9596969083461,1469.0003774483012,NO
1609.4929154197268,1466.727599188729,NO
1609.8574970689594,1465.9776723522048,NO
1609.936925893258,1464.998470930802,NO
1609.89988188499,1464.0115877444591,NO
1609.6175059902023,1463.1973376697597,NO
1609.0591485167083,1461.0018074889579,NO
1609.0853751087436,1460.001532604991,NO
1609.1048198878943,1459.00098783135,NO
1609.1222648704536,1458.0019084006783,NO
1609.134720348844,1457.0016910504264,NO
1609.8053848182487,1454.8677125558283,NO
1610.5611318880012,1453.7466102792894,NO
1610.8683446888938,1452.9789535855327,NO
1610.946748298128,1451.998917648311,NO
1611.582050485615,1449.7495093855662,NO
1611.8940013183358,1448.9820002245333,NO
1611.961137641257,1447.9999200363015,NO
1611.9620388575097,1447.0000389345046,NO
1611.9653239790546,1446.0002114391525,NO
1611.9632055404122,1445.000407592184,NO
1611.951944651494,1444.000532335158,NO
1611.9410094650636,1443.0001793025358,NO
1611.9381989932851,1441.9996850101666,NO
1611.9416741781063,1440.99946160783,NO
1611.947660659667,1439.9996769176487,NO
1611.9548550650593,1438.9996284367526,NO
1611.8987675341157,1438.0154544237064,NO
1611.5829665088984,1437.2457267919897,NO
1610.9753611914327,1435.0003534255366,NO
1610.9667981434409,1434.000505612038,NO
1610.9560596041529,1433.0001338286183,NO
1611.5612457095572,1430.737042887686,NO
1611.8887339465343,1429.982322216087,NO
1611.9503524164072,1429.0000506091565,NO
1611.9448494998285,1427.999830306153,NO
1611.944844174674,1427.000169710232,NO
1611.8820048997884,1426.0191828286258,NO
1611.565597576432,1425.2454695749548,NO
1611.0011247341288,1423.0000057093105,NO
1611.006156835493,1422.0000124632295,NO
1611.009782905649,1421.0000198034525,NO
1611.0144637084563,1420.0000585575224,NO
1611.0216877220794,1419.0002195113614,NO
1611.0272986957948,1418.0001105210322,NO
1611.6171279251284,1415.7954027245596,NO
1611.8922240567647,1414.9850619822716,NO
1611.9495917741056,1413.9998981652004,NO
1611.954520074212,1412.9994931314961,NO
1611.9613480042528,1411.9997643170987,NO
1611.9326137056428,1411.0068669125867,NO
1611.7301400268016,1410.112316019396,NO
1611.5398143411637,1409.7633575193795,NO
1611.164861233514,1408.0006941525537,NO
1611.1745651441024,1407.002027683765,NO
1611.1837536972043,1406.0011679259994,NO
1611.1870937554652,1404.999802435322,NO
1611.1930009907762,1404.0020230712082,NO
1611.2059201859706,1403.0028031019835,NO
1611.2194243088604,1402.002777522928,NO
1611.2311867235921,1401.0021971283759,NO
1611.238179179838,1400.0007513538853,NO
1611.2455024432659,1399.0025951631349,NO
1611.278292191197,1398.0119662572101,NO
1611.4084157265402,1397.0873433910388,NO
1611.676291833844,1395.9648742199274,NO
1611.76121017239,1394.990524212738,NO
1611.798953231982,1393.9924057877695,NO
1611.8848635470176,1392.984902027003,NO
1611.9950419887784,1391.9994046384331,NO
1612.0578512396694,1391.0,NO
1612.052952869284,1389.9994122284972,NO
1612.0455472385015,1388.9998167113192,NO
1612.0381171409979,1387.9997307568378,NO
1612.0280540853835,1386.9997160517619,NO
1612.0283223480455,1386.0003737974914,NO
1612.0431568388346,1385.0007910622114,NO
1612.014001777198,1383.9988945965424,NO
1611.9377679344896,1383.0061671419378,NO
1611.9237886208018,1381.9945943974597,NO
1612.0114545277725,1381.0014448193085,NO
1612.097321403858,1380.005268676547,NO
1612.136778392405,1379.003253260585,NO
1612.1555063321873,1378.0034556960647,NO
1612.1655775040965,1377.00143357146,NO
1612.1711504542875,1375.9994449174362,NO
1612.1721004397027,1374.9996322640081,NO
1612.1675903379692,1373.9984106290826,NO
1612.1627869813162,1372.9991565441426,NO
1612.1695498151655,1372.0026246101208,NO
1612.1882333630826,1371.0041047775749,NO
1612.2030482269338,1370.001485201201,NO
1612.2091891758498,1369.0013239821787,NO
1612.2140909804668,1368.0020651861812,NO
1612.2910900207382,1367.0520030071018,NO
1612.4660579202834,1366.0890688490301,NO
1612.633206824088,1364.9893948130555,NO
1612.7728522924067,1363.9562042879052,NO
1612.9312954226757,1362.9865908567956,NO
1613.03354646675,1362.000647089221,NO
1613.0463824434387,1361.0004742580977,NO
1613.049314216108,1359.999748139848,NO
1612.9795975557713,1359.0027671332832,NO
1612.8674776570226,1358.0165818746802,NO
1612.8071235622242,1356.9969262720983,NO
1612.8867362988228,1355.9849208488715,NO
1613.0013918035131,1355.0001811732136,NO
1613.0755691888105,1354.0011507998506,NO
1613.0901034999697,1353.0013805438875,NO
1613.105963382671,1352.0020734339557,NO
1613.1160376397486,1351.0003607387907,NO
1613.1123914852221,1349.9980443651577,NO
1613.1055966606605,1348.9992585991893,NO
1613.1115055702614,1348.0022435729015,NO
1613.1303436492824,1347.0034722693656,NO
1613.1478864822502,1346.0016787938744,NO
1613.158706963704,1345.001636154294,NO
1613.1762677138845,1344.0047739173385,NO
1613.2018358788014,1343.005396681378,NO
1613.2119763120168,1341.999072313759,NO
1613.197236241323,1340.9956841084993,NO
1613.1751789622638,1339.9958648741847,NO
1613.1569824782323,1338.9970442629242,NO
1613.1464259613067,1337.9987973227223,NO
1613.1392090347763,1336.998863599759,NO
1613.1329282506244,1335.9994574357263,NO
1613.1371367230904,1335.001679225154,NO
1613.1559009588918,1334.0043350422118,NO
1613.1773917686335,1333.0035515739546,NO
1613.185465693983,1332.0,NO
1613.1843185484865,1330.9996044666402,NO
1613.1935785465762,1330.00351209753,NO
1613.211578642301,1329.003157890172,NO
1613.2238155381224,1328.0016792162226,NO
1613.3105256322178,1327.0593752296988,NO
1613.5055338382406,1326.0939994841929,NO
1613.6349206349207,1325.0,NO
1613.6412377583722,1323.995017190977,NO
1613.6531857706761,1322.995183135596,NO
1613.6032168080944,1322.0296231393538,NO
1613.4122124282849,1320.934325475672,NO
1613.3186782130247,1319.9917226438715,NO
1613.2992248705975,1318.9996799734124,NO
1613.574361184602,1317.8574214766022,NO
1613.7286538038509,1316.9812864695107,NO
1613.7181657882272,1316.0428569646667,NO
1613.671420761255,1314.9800166165783,NO
1613.715456515971,1313.9932251553694,NO
1613.7311869544387,1312.99786656321,NO
1613.7506346635007,1311.992578412405,NO
1613.7698146476139,1310.9977164151958,NO
1613.7573976254826,1310.0077169741362,NO
1613.731086423484,1309.0032205220093,NO
1613.723818067387,1308.0005512613657,NO
1613.7440113697526,1306.9918572205129,NO
1613.777948450463,1305.9925101660929,NO
1613.7780020188716,1305.007488027036,NO
1613.7499067534886,1304.0049720327218,NO
1613.8316938857865,1302.9737966533328,NO
1613.961460091936,1301.9941841189045,NO
1614.0388053809343,1301.0003959732712,NO
1614.0429289713359,1300.000176662424,NO
1614.0519675385901,1299.0004787183873,NO
1614.057130366336,1297.9995374059279,NO
1614.059835745669,1297.00029947821,NO
1614.0639814556448,1295.9998728002881,NO
1614.0439413262106,1294.9983401884037,NO
1614.0329158400132,1294.000691924577,NO
1614.0538678521068,1293.0016850689055,NO
1614.5798283079785,1290.7966911217,NO
1614.8512230807937,1289.981681092464,NO
1614.8536021352481,1289.01817352869,NO
1614.5768604692469,1288.1992010722583,NO
1614.0707923087691,1286.0010259755295,NO
1614.084730703634,1285.0017838043768,NO
1614.1052342097155,1284.002704091026,NO
1614.1341857917828,1283.0037676355798,NO
1614.1573882847688,1282.0016959944378,NO
1614.1592073905144,1280.9978052003373,NO
1614.1448161965072,1279.996701908653,NO
1614.130364682467,1278.998148980103,NO
1614.1239988897328,1277.999751505215,NO
1614.1207292499953,1276.9996388955522,NO
1614.1231041897659,1276.0014802107119,NO
1614.1423527358832,1275.004788623958,NO
1614.1742833122114,1274.006146921792,NO
1614.2045669564143,1273.0049164474915,NO
1614.218123744892,1272.000228881156,NO
1614.2153702454207,1270.9988628814613,NO
1614.2050537655548,1269.9973933843912,NO
1614.193476102948,1268.9991836451322,NO
1614.197458521457,1268.0031079516966,NO
1614.2141508623033,1267.0024770341424,NO
1614.225677484144,1266.001186527311,NO
1614.2292110855444,1265.0002405153016,NO
1614.2337929601638,1264.0017428655588,NO
1614.2512070188393,1263.0058162596863,NO
1614.2600393383486,1262.0017335955454,NO
1614.2417272633154,1260.9953414448732,NO
1614.2300791372536,1259.9983028936267,NO
1614.2359396575487,1258.999748733051,NO
1614.2405035972195,1258.0023100665235,NO
1614.2536400946626,1257.0081121563683,NO
1614.2838325220362,1256.0075567761508,NO
1614.3183755247562,1255.0074513420486,NO
1614.3299469971703,1254.004194241401,NO
1614.5097762171333,1252.8685076810357,NO
1614.8196819064194,1251.9377743564294,NO
1614.9903070031921,1250.9990855663375,NO
1615.0272610921154,1250.0004246276064,NO
1615.0460488139474,1249.0005685038616,NO
1615.06050077283,1248.0004299547188,NO
1615.0714109843932,1247.0007169777264,NO
1615.0931513103658,1246.0029808418983,NO
1615.1403717683017,1245.0094332085137,NO
1615.188327597795,1244.0055110999913,NO
1615.146445586778,1242.9856657706143,NO
1615.033327749513,1241.9952008041223,NO
1614.9360555167216,1241.0038137863378,NO
1614.8699804172868,1240.0095640650259,NO
1614.785150035897,1239.0253390936182,NO
1614.6957453695736,1238.0174375191523,NO
1614.6597260798123,1237.0,NO
1614.7882717169955,1235.955458957612,NO
1614.8967077209593,1234.9906475800046,NO
1614.8678335905329,1234.0216513820526,NO
1614.767775646649,1233.0133886806807,NO
1614.7811098075833,1231.9818502646665,NO
1614.9043226317872,1230.9821154664428,NO
1615.0379986667897,1230.004641658994,NO
1615.1231441342586,1229.0045037036978,NO
1615.6958041142827,1226.866691782938,NO
1615.9428194008317,1225.985129310757,NO
1616.0631587790756,1225.0008986004905,NO
1616.0750536942207,1224.0008432999302,NO
1616.076687530689,1222.9999208591046,NO
1616.0636953026815,1221.9989384116695,NO
1616.0425438532723,1220.9992849772918,NO
1616.0247285808077,1219.9994573665629,NO
1616.0132028110456,1218.999730003871,NO
1616.0123432413343,1218.0000621512634,NO
1616.0238614012678,1217.0004820485033,NO
1616.0337770411572,1216.000557147061,NO
1616.0370604074783,1215.0003114320089,NO
1616.0403571344389,1214.0000847838992,NO
1616.0422222222223,1213.0,NO
1616.0427317999909,1212.0000446518293,NO
1616.0523358459495,1211.0011532557603,NO
1616.0725299269645,1210.0018478962274,NO
1616.0829332318162,1208.9998227922351,NO
1616.0812405429542,1207.9997404455478,NO
1616.0868596884493,1207.0005497448856,NO
1616.1009202695536,1206.0007320641257,NO
1616.1183629653804,1205.0015589852871,NO
1616.1303547444072,1204.0009115716286,NO
1616.1929238665605,1203.0244914490422,NO
1616.4984406999943,1201.8217206292381,NO
1616.4284712131698,1201.1733022737371,NO
1616.1944167181218,1199.978852918252,NO
1616.156309845614,1199.0029616601316,NO
1616.181097672092,1198.0028867856715,NO
1616.1948674736566,1197.0025090233034,NO
1616.2114448442014,1196.0064775224855,NO
1616.856713084694,1193.960631962053,NO
1616.9040929533483,1193.0152357415402,NO
1616.7934957377913,1192.0250308201782,NO
1616.7551055720335,1190.988268530692,NO
1616.782506648051,1189.9989179435015,NO
1616.7675093033595,1189.006960799145,NO
1616.7376906762577,1188.0096571592837,NO
1616.701917097456,1187.0124201209394,NO
1616.663889494665,1186.0113370605368,NO
1616.6454183266933,1185.0,NO
1616.6714295206068,1183.9812901924454,NO
1616.7949748979506,1182.9624016792068,NO
1616.9281029752144,1181.9897289967685,NO
1617.0115474365882,1181.0002482048872,NO
1617.037871953074,1180.0012519653326,NO
1617.0581603976254,1179.0005446863347,NO
1617.0623519537266,1177.9995467667104,NO
1617.0541183978326,1176.9992724517513,NO
1617.0306612342524,1175.9989601020568,NO
1616.9178126674071,1175.017306996507,NO
1616.7632556002923,1174.033139450215,NO
1616.7058427355464,1172.986802515809,NO
1616.7450014364426,1171.9903100550866,NO
1616.8480626500252,1170.9743160887392,NO
1617.7016876619653,1168.8333372344543,NO
1617.9555951678237,1167.9940520084194,NO
1617.959392597848,1167.0056310152484,NO
1617.7354249893306,1166.131130471555,NO
1617.1006203303666,1164.0008163920793,NO
1617.1140941829942,1163.0010299375112,NO
1617.119094959482,1161.9998812612537,NO
1617.1197171474664,1161.0005991849293,NO
1617.120374511739,1160.000243673096,NO
1617.110123447358,1158.9979814439578,NO
1617.0919172959661,1157.9982269759766,NO
1617.0829875518673,1157.0,NO
1617.0910610375129,1156.0018508341386,NO
1617.1042500667684,1155.0014953903178,NO
1617.1107057101135,1154.0006833685886,NO
1617.1163354570538,1153.00095552735,NO
1617.1270349532354,1152.0010391406613,NO
1617.133861925432,1151.0,NO
1617.1362805830368,1150.0005573848032,NO
1617.1401194785544,1149.0004302542807,NO
1617.1408023074246,1147.9991397007407,NO
1617.1405222930707,1146.9997161165804,NO
1617.1361828273905,1145.9986299514335,NO
1617.1254865413819,1144.9989839146167,NO
1617.1204118574674,1144.000991044086,NO
1617.1215157247648,1143.00089069114,NO
1617.124448385003,1142.0005250986728,NO
1617.1358310381017,1141.0021424453753,NO
1617.1486614776409,1140.0006194228465,NO
1617.1564924543945,1139.0012960038298,NO
1617.171643266397,1138.0037429997492,NO
1617.19037611105,1137.0027763183216,NO
1617.2101816036281,1136.0050408517213,NO
1617.239157846618,1135.0077470148246,NO
1617.2635194334925,1134.0030416723607,NO
1617.2628146722056,1132.996392195648,NO
1617.2577341136846,1132.0008269544194,NO
1617.2656568493755,1131.0028813106262,NO
1617.2679919255622,1129.9982597926637,NO
1617.2575949963418,1128.9969694705326,NO
1617.250582397053,1127.9997337062632,NO
1617.2580583614263,1127.0038516173204,NO
1617.2638904104786,1125.9988770620882,NO
1617.256866317507,1124.9978504910318,NO
1617.2527097135278,1124.0002602571606,NO
1617.2610445742682,1123.0040160704893,NO
1617.279816741938,1122.0057813375013,NO
1617.290703030957,1120.9996968685668,NO
1617.2895367790277,1119.9996974537269,NO
1617.290455206759,1119.000908619018,NO
1617.296698697252,1118.00217931888,NO
1617.3018930638605,1116.9996784951295,NO
1617.2913575509008,1115.9944089167311,NO
1617.2771233805088,1114.9982497471487,NO
1617.279599377603,1114.003227275073,NO
1617.283129887284,1112.998511409567,NO
1617.2849383938974,1112.0021106548777,NO
1617.386729888626,1111.0778679954617,NO
1617.6280142580651,1109.9666116270153,NO
1617.6652562986412,1109.0163208369383,NO
1617.7624464298576,1107.9536364247508,NO
1617.9057286937273,1106.98206639406,NO
1617.917320429132,1106.0133028232756,NO
1617.7834824034467,1105.0419912905566,NO
1617.6708508219872,1103.9973720624976,NO
1617.7329435740744,1102.9772154240736,NO
1617.8429077060289,1101.9780070791278,NO
1617.9688421395365,1100.9951405171237,NO
1618.0711544652477,1100.0046646524158,NO
1618.1123021974959,1099.0018994027662,NO
1618.1216327049003,1098.0,NO
1618.1210161145443,1096.998866654518,NO
1618.1156462734227,1095.9991680124253,NO
1618.112436784162,1095.0001155568125,NO
1618.1212687067775,1094.002515948277,NO
1618.134401552517,1093.0011246992026,NO
1618.135607080777,1091.999574009174,NO
1618.7041201452757,1089.8778708671766,NO
1618.9009850660836,1088.9993819292633,NO
1618.7144873150291,1088.1126918995385,NO
1618.5038731172551,1087.7864684029867,NO
1618.1538383212394,1086.0006518572873,NO
1618.159902041402,1085.0016938775445,NO
1618.165934950725,1084.001757785482,NO
1618.174507469271,1083.0001842739855,NO
1618.1800486517138,1081.9994332151514,NO
1618.1803546412536,1081.0,NO
1618.1777464568486,1079.9992562909342,NO
1618.1664854045293,1078.9972136332892,NO
1618.1510885078221,1077.9981034915083,NO
1618.1444444444444,1077.0,NO
1618.1488130689534,1076.0014053700158,NO
1618.1658993589913,1075.0043981800363,NO
1618.193150398857,1074.008030322662,NO
1618.8375080966487,1071.9272300903535,NO
1618.7806993502518,1071.0506969801775,NO
1618.737425344219,1070.0832849268127,NO
1618.649018067674,1068.9925774214162,NO
1618.7800733043757,1067.961474303844,NO
1618.9141614616237,1066.987093902617,NO
1618.9847609003714,1066.0000464135019,NO
1618.983134537568,1064.9998794093556,NO
1618.9830590707527,1063.9999652136967,NO
1618.9755829405406,1063.000150722591,NO
1618.9019834811286,1062.0156026298062,NO
1618.77933163833,1061.0341194039554,NO
1618.704334016459,1059.98753215744,NO
1618.8167510372461,1058.9666479380003,NO
1618.9450229340976,1057.9926507340035,NO
1619.0129691908903,1056.9999326625652,NO
1619.0184216747223,1056.000190306566,NO
1619.0346560957735,1055.000716035019,NO
1619.0479014279397,1054.0003474714952,NO
1619.0563428034907,1053.000174076625,NO
1619.019430627494,1051.9984717485086,NO
1618.9400710749105,1051.0061744951709,NO
1618.9001925288426,1049.9985073658283,NO
1618.9185345582564,1048.9987068977862,NO
1618.9155953667052,1048.0016780245148,NO
1618.9401972337553,1046.9956300281767,NO
1619.0041099129103,1046.0003355030947,NO
1619.6931168288882,1043.8402259048587,NO
1619.9442224796655,1043.0,NO
1619.701432824419,1042.1483505612061,NO
1619.0479013994347,1039.9994412350186,NO
1619.0817202153712,1039.010312313009,NO
1619.206588826604,1038.0357307707966,NO
1619.0654027264397,1036.9798838609931,NO
1618.9361696678488,1036.01416828887,NO
1618.8866506335862,1034.9989788345492,NO
1618.92445039186,1033.9965522995078,NO
1618.965582775088,1032.998839101557,NO
1618.9927590722455,1031.9998339567962,NO
1619.0297356413466,1031.001766770261,NO
1619.0690748761451,1030.0016813357,NO
1619.0807215349612,1029.0000822849472,NO
1619.086729134422,1028.0011540212467,NO
1619.1052541428862,1027.0025935312842,NO
1619.1360974704742,1026.006127948834,NO
1619.245342107361,1025.0583124178988,NO
1619.4194326571953,1024.0028340045567,NO
1619.2691367113425,1022.941051913395,NO
1619.165475762679,1021.9941219588216,NO
1619.1352110739406,1020.9965624303193,NO
1619.1121746199544,1019.9973040581012,NO
1619.0878010903518,1018.9974655354755,NO
1619.0679091277138,1017.9990278857281,NO
1619.0654565521559,1017.0005343391812,NO
1619.081359760352,1016.0021718211976,NO
1619.1147137462644,1015.0055545603734,NO
1619.2355748895243,1014.06026334518,NO
1619.4380386416888,1013.003041935057,NO
1619.2492604244032,1011.9369751522498,NO
1619.128685241453,1010.9940178753576,NO
1619.1040305497904,1009.9985868368168,NO
1619.104430055473,1009.0013026618071,NO
1619.114278326539,1008.0014374633132,NO
1619.1229589534503,1007.0015597330587,NO
1619.194335846433,1006.0257721370998,NO
1619.5097765338724,1004.8430003237305,NO
1619.5228420111494,1004.1590526579537,NO
1619.200982642551,1002.9766631524719,NO
1619.1482785927114,1002.0021990469211,NO
1619.1627557593317,1001.0024188754244,NO
1619.1573069777003,999.9957307082109,NO
1619.1135392309052,998.991547381376,NO
1619.0469963450262,997.9966230171764,NO
1619.0509984028233,997.0073851733878,NO
1619.2136319664078,996.0543021894805,NO
1619.3409421045483,995.2204395980044,NO
1619.1642383739193,993.9812408376437,NO
1619.1167975680664,993.0003631012622,NO
1619.1294330142173,992.0032290980232,NO
1619.2166725742559,991.0324880954416,NO
1619.6099282226928,989.8671318082233,NO
1619.610846034288,989.1204810997258,NO
1619.245293775498,987.9646293849027,NO
1619.1602415093007,986.9972231339085,NO
1619.1542826500925,985.9987557851448,NO
1619.146086187005,984.9988218856502,NO
1619.1471645092922,984.0025450625837,NO
1619.5687144891438,982.2402403729982,NO
1619.7334184793772,981.8945233021726,NO
1619.9254829665558,980.9923827033571,NO
1619.9565698239394,979.9999111857276,NO
1619.9600088602594,978.9999592343131,NO
1619.9674102844963,977.9995681281129,NO
1619.9708664498357,977.0001191556256,NO
1619.9606645544673,976.0008420431781,NO
1619.9427914020894,975.0010464987605,NO
1619.8867770897657,974.0138200411542,NO
1619.666809472575,973.1359866021471,NO
1619.4567699274364,972.8100160455319,NO
1619.1805065935423,971.0065012971206,NO
1619.2245685868852,970.0106231564375,NO
1619.3407806308555,969.0719513637983,NO
1619.6091419957343,967.9613344754933,NO
1619.693522194023,966.9945271823624,NO
1619.6916321209762,966.0055175168146,NO
1619.777968487952,964.965875396539,NO
1619.9213321209404,963.9859971169559,NO
1620.0113884186978,963.0000683305125,NO
1620.0187828828412,962.0001692151587,NO
1620.0326841979124,961.0006898172218,NO
1620.0476080880535,960.0008708796746,NO
1620.0527266447993,959.0002715069432,NO
1620.0474042877695,957.9995112959937,NO
1620.032962857459,956.9992569847653,NO
1620.0170000538753,955.9997224481058,NO
1620.0125408328313,955.0000127318091,NO
1620.024986174412,954.000505792982,NO
1620.0500810173078,953.0015761538491,NO
1620.0767344876492,952.0024347687887,NO
1620.1487619231543,951.0214477990265,NO
1620.1870229007634,950.0,NO
1620.1580852266077,948.9800794340098,NO
1620.1034718659166,947.9996803135082,NO
1620.0986938398066,946.9986867759167,NO
1620.0875579967442,945.9991065510619,NO
1620.083347451864,945.0001700968286,NO
1620.0955891675505,944.0022503079605,NO
1620.1183630315566,943.0026734977215,NO
1620.1378675171688,942.0018344705628,NO
1620.1589582703898,941.0043929103311,NO
1620.1813703430507,940.0029793895822,NO
1620.189923848739,938.999612400336,NO
1620.1926837527192,938.0011725178033,NO
1620.199408479791,937.0016278242634,NO
1620.2049277754372,936.0010618019398,NO
1620.21391213599,935.0031657187022,NO
1620.2373670811508,934.007377969144,NO
1620.2782664637932,933.0123339732029,NO
1620.374602256119,932.0613286903514,NO
1620.5760447773769,930.9647076276295,NO
1620.596840694167,930.0205565102494,NO
1620.4658560714388,928.9453171181763,NO
1620.3850986738253,927.9933316246739,NO
1620.3577748111607,926.997006068477,NO
1620.3552197997444,926.0029417790313,NO
1620.3735744962648,925.0054707560482,NO
1620.406372906076,924.0087959502529,NO
1620.4950751163021,923.0591386689142,NO
1620.656823449466,921.9624259254244,NO
1620.8225295059606,920.9629139140452,NO
1620.9585865954443,919.9938520305315,NO
1620.948857255182,919.0095173608681,NO
1620.8364755486227,918.0141479908885,NO
1620.8345389315843,916.9873228832342,NO
1620.8625014987117,916.0025891689488,NO
1620.857581054931,914.9987321755971,NO
1620.8810260571215,913.9955325989303,NO
1620.9092202317445,912.9980226189264,NO
1620.9591093524682,911.9964531541954,NO
1620.990410254931,911.0001160049767,NO
1620.9767985513847,910.000351182369,NO
1621.0141876282444,909.0011022261493,NO
1621.0490196554326,907.9995117564347,NO
1621.0521256870825,907.0012636529736,NO
1621.0858318225473,906.0036561222892,NO
1621.1150292312796,905.0011595688637,NO
1621.1224421683416,904.0004897686742,NO
1621.1255007123555,903.0002500014364,NO
1621.1314981245744,902.0013097422371,NO
1621.1395222280619,901.0008337981669,NO
1621.1400254849311,899.9991648579471,NO
1621.144749773315,899.0021561535194,NO
1621.1724509100677,898.0078149960935,NO
1621.2147690141267,897.0092992766263,NO
1621.248393422481,896.0051748629684,NO
1621.2652604141592,895.0027631293142,NO
1621.2690861570197,893.9991634626912,NO
1621.258528180481,892.9957531305579,NO
1621.2612550908746,892.0054090080866,NO
1621.2967571508084,891.0135318739701,NO
1621.3546956624407,890.0193189356062,NO
1621.421339162408,889.0189365909333,NO
1621.434936924199,887.9917201262267,NO
1621.5945404176953,886.9113057171439,NO
1621.8518951876808,885.9514410431614,NO
1621.9971577435367,884.999812564701,NO
1622.0181524398286,883.9998331236476,NO
1622.0183606761063,882.9998896151685,NO
1622.0180722891566,882.0,NO
1622.0181980369118,881.0000545395731,NO
1622.017395563789,880.0000174829787,NO
1622.0184166291094,879.000018509175,NO
1622.0313655460177,878.0005953500221,NO
1622.0591504711283,877.0020031034643,NO
1622.0969270195192,876.0043660817585,NO
1622.1358605453904,875.0053901945342,NO
1622.1576997347029,874.0021288645214,NO
1622.1573937700553,872.9990101020894,NO
1622.149554646573,871.9981188093641,NO
1622.1411326073019,870.9997016223801,NO
1622.5657173122659,869.2745119943606,NO
1622.7706813658378,868.8977186786096,NO
1622.9697319254205,867.9972545964239,NO
1622.9833206371911,867.0001715983844,NO
1622.9812949240597,865.999846048759,NO
1622.9929355975514,864.9998984582837,NO
1622.9250198866068,864.0115412808308,NO
1622.7912200144726,863.0382273218728,NO
1622.680734435596,862.0015883859236,NO
1622.680274519446,861.0006343759358,NO
1622.620000439774,860.0394190416117,NO
1622.4728407558168,858.9556874698189,NO
1622.434052920919,858.0168020480819,NO
1622.6599471785826,856.9142475457463,NO
1622.7845268430904,855.9816947065493,NO
1622.7764569781232,855.0269141349522,NO
1622.7284659430052,853.9902247734218,NO
1622.8383823020076,852.9726543521317,NO
1622.9808502683863,851.9968443123491,NO
1623.0797644698778,851.0025623818874,NO
1623.1142829644327,850.006131060406,NO
1623.1459320099837,849.0035436026693,NO
1623.1498581233147,847.995967219439,NO
1623.1202801576478,846.9945327198623,NO
1623.0942157983357,845.9981004879311,NO
1623.105701808638,845.0036738462161,NO
1623.1464176313107,844.0071387699778,NO
1623.186079926409,843.0058444556167,NO
1623.2255714066573,842.0095177814181,NO
1623.3340073482107,841.0670996887663,NO
1623.5376471266113,840.087552629682,NO
1623.51145434905,838.9079034643837,NO
1623.3145138435086,837.9393043479993,NO
1623.2297394750237,836.9997527023869,NO
1623.310587111049,836.0615701304627,NO
1623.492725788947,835.0849910353398,NO
1623.5070948203286,833.9236813840349,NO
1623.3515837922728,832.9451728618851,NO
1623.2652983647915,831.988662462874,NO
1623.2154579439477,830.9893517103399,NO
1623.1767696136721,829.9951823793227,NO
1623.5918977738152,828.2651403380073,NO
1623.7294830358721,827.8910620886872,NO
1623.855632933838,827.0130955916452,NO
1623.7479275757926,826.0447793308101,NO
1623.6283426142095,825.000370545758,NO
1623.73166855102,823.9503289880233,NO
1623.734424222728,823.0232961213709,NO
1623.5642937187624,822.1748447132636,NO
1623.2330139700432,820.9939633686428,NO
1623.2191309937289,819.9984395555072,NO
1623.2124550835927,818.9991238965815,NO
1623.2085668420686,818.0013117411262,NO
1623.2163573433786,817.0048593627549,NO
1623.3078414602387,816.0583135811291,NO
1623.5127471611834,815.0966894680125,NO
1623.6488095238096,814.0,NO
1623.6420190901263,813.0049719571928,NO
1623.4923965265425,811.9028605540695,NO
1623.2939099087607,810.941735922764,NO
1623.1948953277745,809.9946207234157,NO
1623.1673400039967,808.995523826933,NO
1623.1386642611967,807.9957724309728,NO
1623.112217395444,806.9976026803575,NO
1623.1074574697686,806.0014240032335,NO
1623.1191025815203,805.0012153324532,NO
1623.1185120633004,803.9987882202503,NO
1623.1041428140902,802.9986057089291,NO
1623.0840883467167,801.9983409360896,NO
1623.0632942546422,800.9985585159769,NO
1623.054974578803,799.9997756139701,NO
1623.0588749547167,799.0002378786116,NO
1623.0625069869814,797.9998742314115,NO
1623.0617734648586,796.9996895805715,NO
1623.059100027972,795.999940363241,NO
1623.059919577638,795.0002425893757,NO
1623.0619834710744,794.0,NO
1623.0599079276685,792.9997574577902,NO
1623.0549988203823,791.9998324909005,NO
1622.9896597994539,791.0011723822598,NO
1622.8781840865004,790.0165887527311,NO
1622.7924550459975,789.0095470682061,NO
1622.7553555424329,788.0097081138588,NO
1622.7219928237141,787.0071708196285,NO
1622.6918478936934,786.0103940193129,NO
1622.6592959731513,785.0094640009575,NO
1622.6386795428039,784.0035845282811,NO
1622.6466110117112,782.9915859767515,NO
1622.6945861468457,781.978748538605,NO
1622.7392683193832,780.9906323946211,NO
1622.7458874580957,780.0055793171437,NO
1622.6547766345993,779.0502752462276,NO
1622.3437235316383,777.9208636544872,NO
1622.2289399480303,776.9945490490393,NO
1622.2164940119205,776.0009212511103,NO
1622.8415453091516,773.9497412411616,NO
1622.875285533074,773.0262090307048,NO
1622.6953876123239,772.0977562254977,NO
1622.209476844548,770.0004476001069,NO
1622.215032415473,769.0015962109339,NO
1622.2136176166016,767.9977466495493,NO
1622.1808077798005,766.9909217849736,NO
1622.1392839866737,765.9950772809851,NO
1622.1257138062856,765.0003908201386,NO
1622.1319191521193,764.0006835189193,NO
1622.1380309918607,763.0008591140652,NO
1622.1443777562013,762.0005966023161,NO
1622.1451045217577,760.9991079640255,NO
1622.130176194056,759.996689313595,NO
1622.1051771078096,758.9971286331383,NO
1622.0930343434077,758.0003766572491,NO
1622.09434277957,757.000481832394,NO
1622.0892898571358,755.9991740917587,NO
1622.085096275049,755.0006172786742,NO
1622.088104648722,754.0001835513447,NO
1622.0883306091014,752.9991812816709,NO
1622.0875512837792,752.0001786760768,NO
1622.0869087250837,750.9996452705194,NO
1622.0793309228327,749.9990286009603,NO
1622.070370686872,748.9995691590342,NO
1622.0627378927902,747.9993611212228,NO
1622.049785380254,746.9990911391104,NO
1622.0373555041162,745.9997726845518,NO
1622.033478509938,745.0000681843392,NO
1622.0261354543338,743.9995741677485,NO
1622.0146171165636,742.9998517533865,NO
1622.017469507063,742.0001939097646,NO
1622.0283633810895,741.0001422436367,NO
1622.0293938697075,739.9999115530525,NO
1622.019452216824,738.9997840823572,NO
1622.0051725060116,737.9999112688167,NO
1621.9889399583426,737.0002329597452,NO
1621.9735025212328,736.0001599445457,NO
1621.966559654766,734.9997270176002,NO
1621.9688423000748,733.9998076685168,NO
1621.9209396417025,733.0083349200086,NO
1621.825107240277,732.0215524415374,NO
1621.7573361595294,731.0036290704126,NO
1621.7539682539682,730.0,NO
1621.7539682539682,729.0,NO
1621.7539682539682,728.0,NO
1621.7529660483222,727.0004901467158,NO
1621.7264598185416,726.0135954356874,NO
1621.6720695742167,725.0195974358526,NO
1621.6270956723176,724.0111204074952,NO
1621.468670961023,722.9133244168183,NO
1621.2888957192495,721.9480176736287,NO
1621.211754165227,720.9983975361115,NO
1621.2856050352855,720.0503282389307,NO
1621.4078027133953,719.0004427825289,NO
1621.2781416334658,717.9486923176262,NO
1621.1981257808147,716.9981050669664,NO
1621.1990861565714,716.0010533658901,NO
1621.2046025979741,715.0006536824262,NO
1621.1974107842022,713.9966469504931,NO
1621.177634227213,712.9959036131062,NO
1621.1556608168496,711.9966055272039,NO
1621.1386866254454,710.9981393950607,NO
1621.1239121962026,709.997714734007,NO
1621.1094486204297,708.9984428042239,NO
1621.103709937049,707.9998953481964,NO
1621.1030556532894,706.9997926445558,NO
1621.0991740397938,705.9996997758694,NO
1621.092749189805,704.9994367457883,NO
1621.0875720159756,703.9995581633674,NO
1621.0539755406244,702.9966975847586,NO
1620.9726194941009,702.0030058441117,NO
1620.884872459908,701.0086975082025,NO
1620.8360065753611,700.0032538378632,NO
1620.8378276050844,698.9964605231988,NO
1620.8421064275467,698.002192966333,NO
1620.8095918613296,697.0102004355942,NO
1620.7491938485334,696.018412355287,NO
1620.6237499703598,695.0625746284868,NO
1620.33785400749,693.9373515754144,NO
1620.2530814990962,692.9986437219338,NO
1620.2561054556045,692.0027479126916,NO
1620.3416100604647,691.0619735022409,NO
1620.600003947734,689.9450649187244,NO
1620.7825595119405,688.9615767823364,NO
1620.9133375590502,687.9870965382562,NO
1620.8965896783195,687.0195584917936,NO
1620.7152409818455,686.08768966738,NO
1620.1822040388715,683.9899420270933,NO
1620.13743370759,682.9949203143863,NO
1620.1249439093667,682.0008807727896,NO
1620.1488078462985,681.005797708002,NO
1620.185591844025,680.0062724877125,NO
1620.197090055393,678.9972626380584,NO
1620.191079624279,678.0003821592404,NO
1620.2095893288704,677.0079049996864,NO
1620.2469423633477,676.0092410860694,NO
1620.2627007467345,674.9975138730786,NO
1620.2440295770314,673.9938220360418,NO
1620.2299907717838,672.9995178390523,NO
1620.2353135254089,672.0026712577039,NO
1620.2507087783345,671.0046142717589,NO
1620.2678539672306,670.0035935001869,NO
1620.2824038958368,669.0035522504755,NO
1620.317917950023,668.0144508156945,NO
1620.4430105693243,667.0836453511225,NO
1620.8064009793566,665.9436877582374,NO
1620.9845757242902,664.997047083797,NO
1621.0893481947246,664.0005470297964,NO
1621.094917899282,662.9997126602501,NO
1621.0991734184133,662.0003966936744,NO
1621.0979591840037,660.998730339612,NO
1621.0977390883272,660.0010762062358,NO
1621.1200139403104,659.0047421924232,NO
1621.1448312822736,658.0029678540742,NO
1621.6899300058008,655.8820385816407,NO
1621.888352469117,654.9888719328767,NO
1621.8564166593724,654.0221118343007,NO
1621.7270151702485,653.040865991862,NO
1621.634518921893,651.9985467949516,NO
1621.6378986787904,651.0007184549823,NO
1621.647407383495,649.9908691154355,NO
1621.7613457938894,648.9592658487313,NO
1621.8953184571953,647.9842607969429,NO
1621.969135802469,647.0,NO
1621.9681786523736,646.0000963310201,NO
1621.9682390260218,644.9999359657761,NO
1621.969262295082,644.0,NO
1621.969262295082,643.0,NO
1621.9683862496936,642.0001272183074,NO
1621.970653619513,640.9998823792384,NO
1621.9767146618885,639.9997898013505,NO
1621.9825869320614,638.9998418591232,NO
1621.9886623747573,637.999942681369,NO
1621.9969092804613,636.9999687806115,NO
1622.004648429378,636.0000423868935,NO
1622.0010075922112,634.999993856145,NO
1621.9922543014402,634.0000236389573,NO
1621.9948385586886,632.9999577796236,NO
1622.0148981273994,632.0004134115458,NO
1622.0425050727379,631.0010495079855,NO
1622.0595073103386,630.0003665748206,NO
1622.0600702098338,628.999508628169,NO
1622.0451097055195,627.9990323760786,NO
1622.0244209115024,626.9995750711424,NO
1622.020294966676,626.0002289688516,NO
1622.0373002106683,625.0008817110106,NO
1622.057402715696,624.0011884620213,NO
1622.0745395701176,623.0015626743884,NO
1622.0933230236326,622.0017719561229,NO
1622.1055634845184,621.0006681233465,NO
1622.6795390274588,618.8618457116564,NO
1622.876639137046,618.0049090975562,NO
1622.65582287333,617.1464907029292,NO
1622.1485642665289,615.0045208434225,NO
1622.1772501298708,614.0039222895815,NO
1622.1998665212523,613.0044698582076,NO
1622.2318680293326,612.0087923958043,NO
1622.3297265013157,611.0611146770541,NO
1622.5172461948146,610.0893425247011,NO
1622.7555247258524,608.9529760572234,NO
1622.9029954345667,607.9835052964354,NO
1622.9876033057851,607.0,NO
1622.9959887192842,605.9999267717523,NO
1623.014681781234,605.0003289197574,NO
1623.0345114166578,604.0005980571644,NO
1623.0511751970716,603.0007295853152,NO
1623.0625597380283,602.0007691771089,NO
1623.0705511702356,601.0008042102362,NO
1623.0760037974799,600.0003173436301,NO
1623.0833933808915,599.0010489734076,NO
1623.1013863359212,598.0020128949055,NO
1623.1239250165477,597.002178619688,NO
1623.1419433541953,596.0020444515683,NO
1623.1558669406888,595.00192428317,NO
1623.1663348126885,594.0017218924427,NO
1623.176376159326,593.002770306004,NO
1623.200186062534,592.0072100915895,NO
1623.295941513139,591.0565066292271,NO
1623.484459118795,590.0846731652167,NO
1623.7337969437317,588.9521790916159,NO
1623.8803157839122,587.979653683048,NO
1623.961693548387,587.0,NO
1623.9625058849088,585.9998119653201,NO
1623.96517346857,584.999789355652,NO
1623.9640569435126,584.0001452244747,NO
1623.9621534056528,582.9998086623143,NO
1623.975539372829,581.9994806135917,NO
1624.0029869036312,581.0000844780794,NO
1624.0299842760398,580.0007594801813,NO
1624.0541779432701,579.001377872364,NO
1624.0779511648307,578.0019129119553,NO
1624.0967820547392,577.0016979307944,NO
1624.1140342057815,576.0021292695136,NO
1624.1342838382539,575.0026439304772,NO
1624.1559453779046,574.0035663183604,NO
1624.179534470672,573.0045260791657,NO
1624.202574206708,572.004731032479,NO
1624.7819528851653,569.919785774937,NO
1624.9635250185947,568.996289341676,NO
1625.0019817517898,568.0000298157247,NO
1625.007193804766,567.000007259137,NO
1625.0020630977629,565.9999874456521,NO
1624.9958192729873,565.0000085147191,NO
1624.9927827400277,564.000051290171,NO
1624.9888703385575,563.0001230414791,NO
1624.982769849535,562.0000518459879,NO
1624.9836772115725,560.9998188186964,NO
1624.9948735161859,559.9999430965472,NO
1625.0111690430947,559.0001680397698,NO
1625.0358043702208,558.0012594502296,NO
1625.0675278744134,557.0023994677363,NO
1625.1031230428496,556.0043453697876,NO
1625.137327767843,555.0043004519325,NO
1625.15014587009,553.9989017543766,NO
1625.1388443291967,552.9971431206633,NO
1625.119602051721,551.9980352845955,NO
1625.101693890132,550.999682537279,NO
1625.1446842639411,550.0176855040498,NO
1625.1874817437745,549.0056073862676,NO
1625.2071744809039,547.9849109909577,NO
1625.181381026261,547.0040137003572,NO
1625.2013888868173,546.0042667137546,NO
1625.7420680184093,543.9157379286197,NO
1625.9041697016153,542.9932571433305,NO
1625.9345963353637,541.998884792083,NO
1625.9522844888234,540.9988925764812,NO
1625.962005178481,540.0001916994123,NO
1625.960472520119,539.0001982320962,NO
1625.9586699363617,538.0000826601255,NO
1625.9566692854676,537.0000866614272,NO
1625.971099973004,535.998983416119,NO
1626.0041198812148,535.0001714874462,NO
1626.0261124613912,534.0001063644037,NO
1626.0320894549145,533.000097536336,NO
1626.0379678044299,532.0001915631001,NO
1626.0390035845685,530.9998819265879,NO
1626.0350515037921,529.9998936759209,NO
1626.0330578512396,529.0,NO
1626.0330578512396,528.0,NO
1626.0309816231756,526.999874568331,NO
1626.0257675021267,525.9998956781322,NO
1626.022113253915,525.0000447636711,NO
1626.0325407021978,524.0007952921284,NO
1626.0594362491627,523.0019607835305,NO
1626.0856290125614,522.0015988820606,NO
1626.0969299944882,521.000301962599,NO
1626.0945843137004,519.9992150678959,NO
1626.0935540489143,519.0002896410191,NO
1626.0968012147582,518.0002984621252,NO
1626.1343887443952,517.013074018311,NO
1626.2477721624587,516.0302676216959,NO
1626.2377063946014,514.9685537768622,NO
1626.1198663485914,513.9874685177753,NO
1626.081740112477,512.9998311154764,NO
1626.091832119923,512.0018043539618,NO
1626.1168713411002,511.00351219578806,NO
1626.14524816841,510.0036161368516,NO
1626.166084747321,509.00241201918533,NO
1626.1739684093252,508.00018102851703,NO
1626.1740728811144,507.0001822752774,NO
1626.17565713322,506.00110941342336,NO
1626.2514387388674,505.0310235805797,NO
1626.5857222592347,503.87976601719066,NO
1626.5872389087358,503.11651514076823,NO
1626.2799600832443,501.9718700392118,NO
1626.2888014560867,501.0553562479341,NO
1626.4629255239472,500.08199231455455,NO
1626.6964884532886,498.9521408909623,NO
1626.841346780778,497.97239433849234,NO
1626.9279579087224,496.9987032424139,NO
1626.9435611662525,495.9993227340026,NO
1626.9556676052587,494.9994680112691,NO
1626.9677391498078,493.99961286980204,NO
1626.976786667949,492.9998607200072,NO
1626.9757861650119,492.0001937106878,NO
1626.9687770596688,491.00018733764267,NO
1626.9697871115873,489.9997582968828,NO
1626.9768019011258,488.9998608114062,NO
1626.978827673227,488.0000423446526,NO
1626.9778225806451,487.0,NO
1626.982877614665,485.9998287761352,NO
1626.9898995898131,484.99995959835917,NO
1626.9868733808094,484.0001312662007,NO
1626.9788687255661,483.00012678764705,NO
1626.9828991369272,481.99976058792515,NO
1626.9909111800002,480.9999818223604,NO
1626.9827893634185,480.00030979144486,NO
1626.9648685380034,479.0006323662882,NO
1626.9595538014441,477.99947155720764,NO
1626.9818225527872,476.99924337527244,NO
1627.0145753717218,476.0004470972904,NO
1627.03392490198,475.0003131529227,NO
1627.0433289503194,474.00031044284816,NO
1627.0553779935246,473.0006767168153,NO
1627.0655964555258,472.0003999783881,NO
1627.0697900307082,471.0001418496456,NO
1627.0752173303867,470.00100084473297,NO
1627.090582227663,469.00235156349567,NO
1627.1125934906802,468.00235551232925,NO
1627.1252559192806,467.00039347408864,NO
1627.1258357024033,465.99986795834144,NO
1627.1272345594177,465.00053459899266,NO
1627.133096739097,464.0009796815638,NO
1627.1389998272546,463.00058526242344,NO
1627.1427022497717,462.00045111352046,NO
1627.1523117050651,461.0024125402965,NO
1627.1654498688479,460.0013962014236,NO
1627.1700247550668,458.99982121477063,NO
1627.1729826145008,458.00109022654846,NO
1627.180353827346,457.00132473955796,NO
1627.18514060636,456.0001938645191,NO
1627.187369103993,455.00058859403896,NO
1627.1991093932545,454.0046109545357,NO
1627.2229042153976,453.00590944338853,NO
1627.2371409878392,451.99974799043923,NO
1627.2325761583852,450.9987668283713,NO
1627.2317442490162,450.0014729506822,NO
1627.2452047137901,449.00467551363363,NO
1627.2644151616,448.0044721376836,NO
1627.2741550183266,447.000288280773,NO
1627.2744491096435,446.0,NO
1627.2748317306953,445.00028658158845,NO
1627.2678937260894,443.9963985332329,NO
1627.252193439466,442.99588255617664,NO
1627.2505331796783,442.00330652931524,NO
1627.272298055823,441.00830177016786,NO
1627.2986577805066,440.0060702802318,NO
1627.3254475965632,439.01028427682843,NO
1627.3641116739554,438.014624465063,NO
1627.4178525322682,437.02027554451223,NO
1627.5337662794032,435.952219844847,NO
1627.6039040731578,434.9959249389848,NO
1627.5744579420646,434.0303017553748,NO
1627.5236881757853,433.0044700799371,NO
1627.5512253186353,431.97711762768785,NO
1627.6031513457688,430.9836687792046,NO
1627.6468960897002,429.98938565373265,NO
1627.6884506278311,428.98610533023384,NO
1627.8127162627636,427.96555485133274,NO
1627.9569941594086,426.99252454723626,NO
1628.0458425837344,425.999765391088,NO
1628.0403630609062,424.9995087660086,NO
1628.0316114918953,423.99971349102026,NO
1628.0263190549792,422.99978902559593,NO
1628.0253285935953,422.0001015174075,NO
1628.032812825244,421.0004956620243,NO
1628.0484976127134,420.00093170341006,NO
1628.0732651435133,419.0022246500547,NO
1628.108346855688,418.0043954098671,NO
1628.139716157343,417.0031300973529,NO
1628.1447664294712,415.9982273498713,NO
1628.1268295779978,414.99715280523276,NO
1628.1042928849592,413.9978672212221,NO
1628.0870940173484,412.9990174008438,NO
1628.0871737407394,412.00171282427766,NO
1628.6811031554219,409.8632005038581,NO
1628.9128429785178,408.9880219956228,NO
1628.9742389059898,407.99937422441076,NO
1628.9296252477593,407.00783524555595,NO
1628.8312089327817,406.018527921118,NO
1628.7825573445523,404.99718170042894,NO
1628.7781641263407,404.00748255912555,NO
1628.737486168335,403.01406324042244,NO
1628.6964722182433,402.0078290891779,NO
1628.6796450515997,401.0019068747355,NO
1628.6679415831184,400.0059296142337,NO
1628.6502463869904,399.00624559986,NO
1628.652577938937,397.9917116007771,NO
1628.770091920603,396.9605347395368,NO
1628.9091235685978,395.98561274878483,NO
1628.9933594982979,394.99987294105244,NO
1629.0123974495616,394.00026324209745,NO
1629.032962451681,393.0006672560776,NO
1629.0486980799676,392.00059267438246,NO
1629.0544002157912,391.0001107947389,NO
1629.0600552615062,390.0006747782154,NO
1629.0786897709663,389.00217464059585,NO
1629.100221018401,388.0016429675025,NO
1629.1103619488397,387.000564800119,NO
1629.1117068831466,386.00022890755764,NO
1629.1050743982487,384.99891898766185,NO
1629.0933796998947,383.9986550249219,NO
1629.0878769963315,382.9997296092415,NO
1629.0938684630153,382.00096176703335,NO
1629.108225985179,381.0018870173007,NO
1629.1267322056071,380.00247472976775,NO
1629.1461610988208,379.0027066871161,NO
1629.1619186990408,378.00200311801706,NO
1629.1709914437029,377.00106205866,NO
1629.1815034656408,376.00263594248355,NO
1629.2110787636914,375.0098430516787,NO
1629.2561092672986,374.0118936190647,NO
1629.2928398529518,373.0072157665159,NO
1629.3124452076588,372.00353226852843,NO
1629.3132204117971,370.9964369965643,NO
1629.3008750413894,369.99592989034164,NO
1629.2908005908582,368.99786847743115,NO
1629.2885512699168,367.9993886625888,NO
1629.3534573109678,367.0502762529629,NO
1629.4961210591825,366.0696404971663,NO
1629.5902923903036,364.9991870880987,NO
1629.597427463489,363.99520747003555,NO
1629.6093208122863,362.9953490575144,NO
1629.621219638952,361.9954907102059,NO
1629.6330982021495,360.9956321216657,NO
1629.6430727975217,359.9971672445303,NO
1629.6753935698373,358.98389849056736,NO
1629.750562164377,357.97651477201435,NO
1629.8368492145378,356.9853148159285,NO
1629.9059677997857,355.9946108025049,NO
1629.9357250041587,354.9998729743236,NO
1629.9169806054942,354.0032813990498,NO
1629.8781651815448,353.0048156055569,NO
1629.8406611196085,352.0056681816638,NO
1629.8039363049195,351.00756328798633,NO
1629.7675318270615,350.0080638119266,NO
1629.7490039840638,349.0,NO
1629.7684697850084,347.9917310642435,NO
1629.787392926063,346.9997892893147,NO
1629.767350975235,346.0098950627288,NO
1629.7183217815812,345.0161436140564,NO
1629.6650510473464,344.01588690691926,NO
1629.6143332185097,343.0140526363507,NO
1629.5498069420942,342.0262572828058,NO
1629.4924524440594,341.01587797048535,NO
1629.4776785714287,340.0,NO
1629.4706195398421,338.99406782068326,NO
1629.4530271746771,337.9904625853165,NO
1629.4274201293074,336.9878137871748,NO
1629.4012949803398,335.99153386121526,NO
1629.39304710598,335.00248240266365,NO
1629.411303824339,334.0125423876017,NO
1629.4425462354675,333.01346677962687,NO
1629.4701950382469,332.0088902417162,NO
1629.4885463141984,331.00413147016553,NO
1629.5162393091944,329.98242749575013,NO
1629.5398022597592,328.99003901005915,NO
1629.5021917334059,327.9706584619224,NO
1629.4159704989866,326.9724492943834,NO
1629.361672959398,325.9883830961778,NO
1629.3484565974254,324.99886742167484,NO
1629.3416729367539,323.9959192156824,NO
1629.3234904851315,322.9944465152819,NO
1629.3079985929298,321.9970479368768,NO
1629.302752293578,321.0,NO
1629.306167722598,320.0019542620573,NO
1629.3196899199488,319.00547648682715,NO
1629.33785340621,318.0047379657598,NO
1629.3430865911118,317.0,NO
1629.338246026138,316.0,NO
1629.3366873479547,315.0003540350621,NO
1629.3403615279994,314.002145135654,NO
1629.34375,313.0,NO
1629.345299160147,312.0007269456428,NO
1629.3514627018262,311.0026034275543,NO
1629.3573520971809,309.99961780525797,NO
1629.3563884661921,308.9976807692192,NO
1629.345273410988,307.9951264340727,NO
1629.328043050548,306.995785313919,NO
1629.3201463066002,306.00067684211876,NO
1629.3264684219037,305.00377618571673,NO
1629.3340466441864,304.00105156342374,NO
1629.3349977977457,303.0,NO
1629.3321291049945,301.99931093549856,NO
1629.334597717486,301.00377494855417,NO
1629.3489989654133,300.006759409356,NO
1629.3645561731485,299.0040794687878,NO
1629.3720772592703,298.0018848899011,NO
1629.3695609850233,296.99739483692025,NO
1629.3574964443956,295.9949850195839,NO
1629.3404135881754,294.9938847855374,NO
1629.3228240444591,293.994865621796,NO
1629.3105080938403,292.99754052997554,NO
1629.307314399652,292.0006073406771,NO
1629.3092839542953,291.0006112330774,NO
1629.3127705572172,290.0012411529378,NO
1629.3188504592981,289.0019131027629,NO
1629.3261490468074,288.0026144214086,NO
1629.3325945480947,287.00199158403035,NO
1629.3373730553822,286.00101110809356,NO
1629.3322665028659,284.99532958728673,NO
1629.30779286987,283.98979179469916,NO
1629.282454234192,282.99489540559637,NO
1629.2725461215932,281.9994516174483,NO
1629.2758227014108,281.0022288702636,NO
1629.2787276881209,279.9994391796884,NO
1629.267835789011,278.9952077094602,NO
1629.2528191791775,277.9969902480127,NO
1629.2428210265768,276.99805743170776,NO
1629.2303467117458,275.99629965117555,NO
1629.2097161233698,274.9949465994651,NO
1629.181387662395,273.99419559486824,NO
1629.1340163367588,272.9917569313262,NO
1629.0583665368856,271.99457860228955,NO
1628.9797785985052,271.0014386767999,NO
1628.9322487004297,270.00147285434946,NO
1628.9130903279497,269.0013740659235,NO
1628.888264968943,268.00375394383155,NO
1628.8196331246884,267.020972892132,NO
1628.6864717097142,266.0573690082883,NO
1628.5130532106039,265.0443650762696,NO
1628.4445729392776,263.99767725729265,NO
1628.4475108867478,263.00328706844215,NO
1628.4675201857451,262.00551202802916,NO
1628.5324711271016,260.9708422852185,NO
1628.6098714690108,259.98096933920647,NO
1628.6071943693266,259.0204210882813,NO
1628.5060186128806,257.952980569225,NO
1628.4371286497055,256.990118728123,NO
1628.408806567167,255.99264580770824,NO
1628.3933661583408,254.9983541164011,NO
1628.3867315008258,253.99879772585658,NO
1628.3717289829265,252.99275605037462,NO
1628.3520589661136,251.9942520986329,NO
1628.3385161123429,250.99690066634324,NO
1628.3215827559125,249.99352952184265,NO
1628.3012398670162,248.99491452053115,NO
1628.2882464191534,247.997423815431,NO
1628.2704034962733,246.99296950906464,NO
1628.2352084238287,245.98991628851954,NO
1628.1949102325088,244.99266674381516,NO
1628.1288268065907,243.98854307027446,NO
1628.0395179199431,242.99617316590675,NO
1627.9546360942024,242.00349642757286,NO
1627.872072378745,241.01188260517037,NO
1627.7765894966508,240.02397685461807,NO
1627.6629946312053,239.04116628643183,NO
1627.5448454273817,238.03840967051394,NO
1627.4633805243282,236.98816699355618,NO
1627.4307815406596,235.99314860404297,NO
1627.412636263585,234.99347610668383,NO
1627.3936302089398,233.99144282148103,NO
1627.3730772761194,232.99262693150803,NO
1627.3575477443408,231.99576030342547,NO
1627.3466880832007,230.996574228469,NO
1627.33249500312,229.994086057127,NO
1627.3046689928328,228.98916197230417,NO
1627.258270265941,227.98621877994455,NO
1627.17492953516,226.9823687618937,NO
1627.0261730738462,225.99472400488312,NO
1626.8501678834443,225.0333963155493,NO
1626.6560249741067,224.0488315259982,NO
1626.5104343717442,223.03432768690382,NO
1626.4313042755152,221.98210355687243,NO
1626.3708687769793,220.9777855256239,NO
1626.3070115851654,219.98104111811816,NO
1626.2439268050489,218.98505586765688,NO
1626.1311792370118,217.98081568482291,NO
1625.9754946518096,217.0047945245974,NO
1625.806713357717,216.03618078105953,NO
1625.6329642228093,215.05460036295497,NO
1625.4740727531307,213.9758779178263,NO
1625.4082029675797,212.98168580938696,NO
1625.3561021279288,211.9806657289512,NO
1625.3020032548445,210.98269151226052,NO
1625.2493252384745,209.98768155958814,NO
1625.1796751250074,208.98544134373736,NO
1625.042348946647,207.99204911054852,NO
1624.8662350482605,207.0325665172769,NO
1624.6540449898566,206.06714738897057,NO
1624.419430005228,204.96305538901828,NO
1624.3190641687222,203.9737017614323,NO
1624.2379468226059,202.97977922230356,NO
1624.1793986472396,201.99255460156505,NO
1624.1520182461431,200.99819741210052,NO
1624.0603074548592,199.990941963036,NO
1623.9028516328474,199.02123619146582,NO
1623.7071515006442,198.05611651727781,NO
1623.3975882500308,196.92735098431368,NO
1623.2744431097806,195.98279441856172,NO
1623.211676804019,194.98799444953937,NO
1623.1308406173503,193.9866700460281,NO
1623.02804123619,192.99685960392088,NO
1622.9070970440855,192.01345618134064,NO
1622.7412294728883,191.0600127383904,NO
1622.2182729623298,188.9867219220837,NO
1622.1716870291843,187.99399448674407,NO
1622.1220970719164,186.99190923016323,NO
1622.0197168355007,185.9971833090022,NO
1621.8890748818853,185.0160665340504,NO
1621.7365983737857,184.0450116686895,NO
1621.4456543070348,182.91443857028048,NO
1621.3239114697396,181.99328863864432,NO
1621.291492270097,180.99197161089197,NO
1621.2511186870086,179.98853815179825,NO
1621.2032018970167,178.99089523026225,NO
1621.0868496948062,177.98539385712604,NO
1620.9052047976554,177.02864966411602,NO
1620.616825288677,176.13122422000953,NO
1619.9521436619343,174.00949530559873,NO
1619.760519806112,173.05407617458363,NO
1619.204706309206,170.98983100421026,NO
1619.0422592370983,169.98969712820977,NO
1618.8370623987548,169.06055934496516,NO
1618.1969801253224,166.97555721165475,NO
1617.9840928556093,166.00566692028983,NO
1617.7389136514498,165.0910499175322,NO
1617.399278904368,163.98812401184398,NO
1617.3576177504428,162.98901273555347,NO
1617.293651920359,161.96564601275674,NO
1617.0165579622449,160.99125633373475,NO
1616.695942451221,160.27669236228263,NO
1615.7335185228585,159.2291823609894,NO
1614.817231795268,158.10638046810865,NO
1613.809105799894,156.09419868084282,NO
1612.8850399780397,154.05915418807734,NO
1611.9408496110384,152.02866350490498,NO
1611.5820128207238,151.19780290064162,NO
1610.5751774530506,149.2199973893661,NO
1609.5567637887011,147.21341002657647,NO
1608.773920558523,145.0876735070217,NO
1607.8193697442396,143.0824352848656,NO
1606.8172039192107,141.07659053839248,NO
1606.0281668273901,139.97694736927986,NO
1605.6311193712004,139.209909310409,NO
1604.562865449276,137.2302464411742,NO
1603.9354711262479,136.03251454892342,NO
1603.5335207854964,135.22103723745764,NO
1602.6989575094985,133.1455167072337,NO
1601.69471353601,131.14986789847708,NO
1600.8902466702336,129.0442987358488,NO
1600.4667374380756,128.23975019325005,NO
1599.9279336548802,127.03270039856936,NO
1599.47822674639,126.29738770601872,NO
1598.637525958341,124.69606321129169,NO
1597.8222335323908,123.08285043520947,NO
1596.9954749373087,122.00425042008743,NO
1596.458834005956,121.4835270101262,NO
1595.7042744678968,120.26630515855555,NO
1594.6365742044163,119.36900624244872,NO
1593.756642640457,118.21744242503343,NO
1592.678839325907,117.25671005454,NO
1591.8932649164417,116.06303718196888,NO
1590.7266938577138,114.25595338055813,NO
1589.6413099036972,113.34119301483601,NO
1588.7872477352971,112.20182321683332,NO
1587.7214323128712,111.25647439504249,NO
1586.8494933524585,110.13804431428892,NO
1585.8071107545159,109.19932963291068,NO
1584.8621626998226,108.1225691704613,NO
1583.9041467892314,107.06610153084462,NO
1582.9707593621524,106.04010883813766,NO
1581.8942497595206,105.08052541480114,NO
1580.995649183416,104.00406449675674,NO
1580.4650985805267,103.48225365650055,NO
1579.6846341798962,102.29071909717848,NO
1578.5546181635777,101.4089887484429,NO
1577.7624854359526,100.23081220394685,NO
1576.5704244248157,99.54068981828065,NO
1575.6725992156128,98.26847976512786,NO
1574.63137099363,97.38635865632037,NO
1573.7589347319683,96.22390469335213,NO
1572.687438068118,95.35209543279358,NO
1571.7316723564047,94.26832764359521,NO
1569.98342899105,93.01278083202125,NO
1569.4831593549625,92.38740578089931,NO
1568.554923526749,91.48836087024492,NO
1567.64867739679,90.32983885702397,NO
1566.5357355457786,89.54267354199142,NO
1565.614422114788,88.3512738213745,NO
1564.5182300181202,87.51843746223642,NO
1563.5354420104766,86.49719223046806,NO
1562.9724067306288,86.05248853143843,NO
1561.869717710335,85.10345946357229,NO
1560.9197503382654,84.11525690385021,NO
1559.7061926860272,83.35815353282501,NO
1558.7301415266027,82.28183001281815,NO
1556.8187928462823,81.27470849550221,NO
1555.756326946564,80.25684456470472,NO
1553.8512267702172,79.18844609678246,NO
1552.8506419683945,78.17010977782161,NO
1552.0700591044483,77.85354477836556,NO
1550.3906551832201,76.50547920745935,NO
1549.9731599943639,76.05202170385655,NO
1548.7426506286972,75.45355306348232,NO
1547.5661479894484,74.44065753445389,NO
1546.9760194531236,74.05268543982582,NO
1545.7167687292817,73.50205652296854,NO
1544.4896854939886,72.58225313999688,NO
1543.9507684393686,72.12562536022445,NO
1542.687339748119,69.92465579611994,NO
1542.8775487274952,68.97197226365276,NO
1543.0511933753737,68.00932857106478,NO
1543.2047730198524,67.02840913014609,NO
1543.3299807240535,66.03471558207579,NO
1543.4221650970258,65.02615181998846,NO
1543.4700014489867,64.01039826253319,NO
1543.4700014489867,62.98960173746681,NO
1543.4222392713882,61.97384358513956,NO
1543.3301265159532,60.96494231667103,NO
1543.2039830108893,59.971311360129796,NO
1543.0502393561478,58.99086557181699,NO
1542.8771284505015,58.02816656703269,NO
1542.6698513986764,57.07937370561523,NO
1541.9744780520193,55.00920836452095,NO
1541.6952704439368,54.11191060036329,NO
1540.7725852573506,52.11225331331251,NO
1539.6412219359643,50.236214133569504,NO
1538.8596025726474,49.10466696134269,NO
1537.9355147725444,48.05528593632278,NO
1536.9579494381583,47.042175897582965,NO
1535.9442742142123,46.06478688887795,NO
1534.8955835926872,45.14104007178382,NO
1533.7576459729864,44.380001687162306,NO
1531.8669002277359,43.29620468660625,NO
1531.0009141115258,42.99787821103746,NO
1528.9429979419851,42.20390980749264,NO
1527.9991852060239,42.00352037771765,NO
1527.031465067708,41.82222236852505,NO
1526.0373742545735,41.67234027200997,NO
1525.0280789625072,41.57120092181794,NO
1523.9994771934475,41.528951296203566,NO
1522.971048856001,41.57142813255302,NO
1521.9629336865084,41.671490702334275,NO
1520.9687307222864,41.82109223521116,NO
1520.0009316239752,42.003972585241534,NO
1519.0570543326778,42.203963469908125,NO
1516.998602648505,42.99675653911513,NO
1516.1337116607722,43.296323534900736,NO
1514.2480512198545,44.38875508490914,NO
1513.1060955554362,45.1433777297998,NO
1512.0561831177677,46.06550129101391,NO
1511.0419902293675,47.04224054176944,NO
1510.0634723058552,48.05459506052536,NO
1509.13949889547,49.10342490822709,NO
1508.359050081067,50.23731924829679,NO
1507.2276555351448,52.11237216996668,NO
1503.920517982783,53.13952654326256,NO
1502.7540605624074,52.45837407846321,NO
1501.971429505891,52.098238548201245,NO
1501.0055513811212,51.9404702967447,NO
1500.0148010633345,51.84806255247158,NO
1497.9881026991534,51.01383061266921,NO
1496.911633869873,50.21203002495848,NO
1495.9984976979156,50.009833249737774,NO
1495.0110988472404,49.888567574674504,NO
1492.916981813049,49.1634420547061,NO
1491.723565279902,48.44698567031751,NO
1490.97441759095,48.068863825512146,NO
1490.0100072993,47.88537093622501,NO
1489.0101522001873,47.81049225562664,NO
1488.0104597311965,47.76085252056878,NO
1485.9320547561692,47.13215350026938,NO
1484.7573052717264,46.399070228375464,NO
1483.9806928716116,46.063296262791134,NO
1483.0081890555107,45.90401665128906,NO
1482.0148295323133,45.82310486766441,NO
1479.9907111376262,45.011306216149784,NO
1478.9106585985178,44.20518037897515,NO
1478.0020013319825,43.989811400928836,NO
1477.016695032575,43.84603469804728,NO
1475.0039477072144,42.99511330695739,NO
1473.9184898677152,42.28705742432779,NO
1472.9846430734412,42.094096078724434,NO
1472.006813967198,41.95446825900896,NO
1471.0149002334465,41.840263096579086,NO
1468.9979815315944,41.0023963098702,NO
1467.916019269975,40.25781497642251,NO
1466.9901196876897,40.069024958630344,NO
1464.8464369652213,39.312946229530155,NO
1463.9864139293995,39.076387908746526,NO
1461.9200242353395,38.29957024275647,NO
1460.98571249766,38.106785846696326,NO
1460.002541990461,37.98143241716215,NO
1459.0123631513463,37.8707020439435,NO
1456.9131739292882,37.18934950929831,NO
1455.644554062312,36.599630402734704,NO
1454.954520109459,36.11441236854409,NO
1454.0110529883373,35.91429683333017,NO
1451.8412387195951,35.28820691491602,NO
1449.9494279015512,34.288068915876615,NO
1448.9981816671718,34.18328795236948,NO
1448.0018114287066,34.18259201689301,NO
1447.0030956638102,34.19502682549666,NO
1445.9988086537196,34.20014617061529,NO
1444.9980934601454,34.19217922079443,NO
1443.9992647176027,34.18529117413021,NO
1443.0046478396796,34.19520927309011,NO
1442.016779139787,34.23845285185281,NO
1440.8535286411582,34.58694064357141,NO
1439.9582752011274,34.88433251842114,NO
1439.0050852369532,35.066537816057114,NO
1438.0129787765536,35.135522571349966,NO
1437.0950183229393,35.30960136480866,NO
1435.9566204097368,35.69217841226186,NO
1434.9884453332934,35.79449200219087,NO
1433.9911402968278,35.846024471700474,NO
1432.9966045360613,35.9877363833958,NO
1432.1155658721948,36.24181431024631,NO
1430.0144138692847,36.757449370540506,NO
1428.9983693399272,36.72876688725353,NO
1427.9839104029984,36.77761091106174,NO
1426.991885962853,36.97585639705961,NO
1426.106251196357,37.223727943391225,NO
1424.1135879756437,38.223867565826396,NO
1421.9951217788027,38.92037750894909,NO
1420.999468102845,38.96092601634325,NO
1419.9998227403094,38.97187479539045,NO
1419.000436444941,38.96515714500694,NO
1418.0006327446067,38.949274973728485,NO
1416.9994246560339,38.944191636271746,NO
1415.9995201801387,38.95326554336196,NO
1414.999549237498,38.96883299385832,NO
1413.9997968162513,38.98695560343401,NO
1413.000098506286,39.00556850225625,NO
1412.001489644998,39.0342618353372,NO
1411.0026110074848,39.06733650791979,NO
1410.0009685991245,39.087085871855216,NO
1409.0016085596278,39.09952962700048,NO
1408.0202150513435,39.165395873274875,NO
1405.9784786766345,39.829717256489836,NO
1404.9973356612777,39.89331988061624,NO
1403.9982360516274,39.91109700401258,NO
1402.9986394511736,39.93142834068286,NO
1401.9995615432206,39.944754443732236,NO
1400.9997095926656,39.95121156891635,NO
1399.9994629260284,39.96133067490968,NO
1398.9996728156136,39.992830394566276,NO
1398.0097474826648,40.076761423967525,NO
1397.0245647008355,40.193447013995446,NO
1396.0206285018637,40.297050433937734,NO
1395.0126563184156,40.354376936773875,NO
1393.9963326148156,40.36967243319871,NO
1392.8877277309916,40.62020396527175,NO
1391.961472403751,40.91181461226531,NO
1391.0854805364058,41.19699977076654,NO
1388.9882688850303,41.841471418430736,NO
1387.9950714184288,41.894192794768,NO
1386.9972835770095,41.93897103008656,NO
1385.9992445032378,41.982623574274584,NO
1385.0028048949807,42.03994012644066,NO
1384.0129925538706,42.123796981666295,NO
1383.0181209976197,42.21553329034862,NO
1382.017099178314,42.28840613723762,NO
1380.873479124208,42.62565473293981,NO
1379.964638583199,42.89793156061569,NO
1379.0037519160799,43.07266466298602,NO
1378.0143629870945,43.138740340372806,NO
1377.105533654233,43.30959135538234,NO
1374.988198508765,43.857386806282705,NO
1373.9950974029855,43.96418972549849,NO
1373.0181938665644,44.10371531781696,NO
1372.026703148382,44.24321514957875,NO
1369.9693630838078,44.92900800767534,NO
1369.0769120980683,45.20587581660613,NO
1366.9841810646533,45.806700320026,NO
1365.9895821914888,45.891633311157676,NO
1365.0009541141728,46.006652478956454,NO
1364.0188452078817,46.13622392528668,NO
1363.027419387521,46.25692981361937,NO
1360.976057274344,46.947594746237385,NO
1360.1066859775358,47.2525012962289,NO
1357.9920967192545,47.9452220865782,NO
1357.0191288099377,48.09433769193005,NO
1356.096399923872,48.324387571044156,NO
1354.0035068811223,49.046379739313956,NO
1353.0038908368144,49.09415824838162,NO
1352.0099119864167,49.14217505257642,NO
1351.0882402449358,49.30151878718669,NO
1348.9844292050986,49.847650455000036,NO
1347.997016399491,49.98365505803787,NO
1347.0799117629356,50.19699697141685,NO
1345.074808667146,51.17694265510442,NO
1342.9885997773872,51.78804030309287,NO
1341.9883420294664,51.85310956908041,NO
1340.9943308812622,51.93788617803385,NO
1340.0270798446231,52.09373792570836,NO
1339.2289169520873,52.45305056839946,NO
1337.0120548647703,53.09221456393643,NO
1336.102785933911,53.27766478948298,NO
1333.9884149845427,53.833837776030514,NO
1332.9925710781101,53.906395582789045,NO
1332.0025909286542,54.01764632465746,NO
1331.0896369902125,54.2224325275621,NO
1329.0226622090192,55.133722041352655,NO
1328.1251897276525,55.35347687281865,NO
1325.991259002683,55.87762603573382,NO
1324.9961794743263,55.96485116316829,NO
1324.011936491303,56.08273786743615,NO
1323.0846468770408,56.279114402643486,NO
1321.0694326079447,57.171009946678936,NO
1318.9862293923877,57.794263003662685,NO
1317.9939763223176,57.84021403311205,NO
1316.9962457243282,57.873856340815955,NO
1315.9971521791238,57.904313221126465,NO
1314.9975002276956,57.9762285797867,NO
1314.069330595706,58.165973246865235,NO
1313.0071712812678,59.00758923936125,NO
1310.9875663288826,59.81085747663701,NO
1309.9934958310173,59.86341246002441,NO
1308.9963009700048,59.90678444857092,NO
1307.9980251074626,59.94470300565564,NO
1306.9997287701524,59.995728129683535,NO
1306.0459535329492,60.150408800187385,NO
1305.318708320359,60.59517818692526,NO
1304.0801820221584,61.16697246007659,NO
1301.9856192756572,61.81988142605896,NO
1300.9922651355698,61.89007776885482,NO
1299.99757904996,61.97623708240308,NO
1299.017122081188,62.10074155011071,NO
1298.0989452006238,62.31541016493737,NO
1296.005039326995,63.06749859379414,NO
1295.0246080163952,63.16176152090187,NO
1292.9770520903396,63.845101608625825,NO
1291.9966692262494,63.97700397170064,NO
1291.017216045584,64.1088914960397,NO
1290.010900992666,64.22063609557361,NO
1289.0128357862732,64.27062115932961,NO
1286.9775963462469,64.95497412118328,NO
1286.1279467183303,65.28918365360319,NO
1283.9933697287836,65.91448649631721,NO
1282.999638016631,65.99626196761007,NO
1282.0590300575307,66.17278996799591,NO
1281.6678586144005,66.38510270048897,NO
1280.0068200808819,67.0711893860177,NO
1279.0251193419176,67.16520091919557,NO
1278.1348755082267,67.37163539935962,NO
1275.9921629611881,67.88562466598805,NO
1274.9965684560636,67.95608492441508,NO
1274.0080695018146,68.05917634545379,NO
1273.0903817179694,68.25710528169685,NO
1271.0200072385717,69.11625120815398,NO
1270.1189411326254,69.33105995668508,NO
1267.9922419459187,69.87624057227013,NO
1266.9962576411606,69.93120863871192,NO
1266.0019986663217,70.0171411047002,NO
1265.0712005463051,70.20261249075803,NO
1263.0184930402013,71.09354037273994,NO
1262.1270075462323,71.31461346003285,NO
1259.9932119194652,71.8894199725258,NO
1258.9969177042794,71.94801194617101,NO
1258.0007313283413,72.01121370112352,NO
1257.0436355537859,72.15729914050709,NO
1255.9123515146152,72.82004087575255,NO
1254.0178282013849,73.14003518960884,NO
1253.109266713862,73.32780013128844,NO
1250.9910968228257,73.83083962990483,NO
1249.9911577430998,73.90387610402372,NO
1249.0030682251254,74.02042791931417,NO
1248.0702604178894,74.21564357558663,NO
1246.0123364899864,75.07208874155307,NO
1245.1144260130504,75.28305382271432,NO
1242.9928772521832,75.89937864884875,NO
1241.9984909335255,75.94360562901656,NO
1240.9998705629005,75.99838443319751,NO
1240.051031789585,76.16066898720784,NO
1239.642271355649,76.31001565233534,NO
1238.0182659966524,77.07678988784048,NO
1237.1378190711887,77.31698388021555,NO
1234.9953272298224,77.92165322123151,NO
1234.0009431901356,78.00819599712482,NO
1233.0598541844433,78.17956255897055,NO
1232.6412964362971,78.4255064412471,NO
1231.9881508679632,78.98747269784691,NO
1229.987399282894,79.82790527401394,NO
1228.9942017228136,79.88060282382513,NO
1227.9955896646304,79.94754294914023,NO
1227.0076555988942,80.05455962105201,NO
1226.071352121955,80.24162423730907,NO
1225.7562065852535,80.44219435731132,NO
1224.0841572990187,81.17063938621149,NO
1221.9897540778977,81.87017508894968,NO
1220.995514678932,81.94259924472202,NO
1220.0086274285684,82.05525922576639,NO
1219.1034476132775,82.2632937823681,NO
1217.0151665697447,83.11330320331662,NO
1216.1205628066248,83.31461938237052,NO
1213.9924263615044,83.92153086162155,NO
1213.0061698723575,84.03923107703271,NO
1212.081636992322,84.24215297582035,NO
1210.0304332043593,85.14494458418453,NO
1209.1772954897626,85.42167578154248,NO
1206.9993262634948,85.99365932076418,NO
1206.0126559515404,86.10006112203341,NO
1205.0993462468814,86.29736060524846,NO
1203.0219842172735,87.12930190347278,NO
1202.128662898173,87.35615380796713,NO
1199.9921811854458,87.89915733378703,NO
1198.9992272337574,87.99343473389908,NO
1198.063818898023,88.17829405506441,NO
1197.6794795986107,88.37703008317372,NO
1196.0711904491423,89.161610496616,NO
1193.9854526193262,89.83803916417467,NO
1192.99341202404,89.91699150166326,NO
1192.0034908783273,90.024631442302,NO
1191.0819229993704,90.22121716498611,NO
1189.0739966175447,91.17867474833216,NO
1186.988493223348,91.79015823683449,NO
1185.9884665476957,91.85822292177554,NO
1184.9961368665654,91.97403974269345,NO
1184.0559229177586,92.16554665606657,NO
1183.663033656985,92.32816024966611,NO
1182.0054455078557,93.03029936391741,NO
1181.0957966827066,93.23376801914144,NO
1178.99114000852,93.88858560936683,NO
1177.9985092229776,93.98796644773047,NO
1177.0598541216,94.17188875585006,NO
1176.6700077379319,94.34605193206106,NO
1175.0109524984769,95.0552660553683,NO
1174.104832077662,95.27341339999487,NO
1171.9910409248487,95.87868928612585,NO
1170.996161889702,95.96007573915756,NO
1170.049830679662,96.13914981995904,NO
1169.3356226071705,96.61120714490808,NO
1168.084959522609,97.17688293878834,NO
1165.990138806896,97.89343549251441,NO
1164.9999806512126,97.99985067462997,NO
1164.061801209358,98.18624160573671,NO
1163.6908379727292,98.39098802528507,NO
1162.0145747128215,99.07287356521537,NO
1161.1264668309022,99.29721699105127,NO
1158.9952723602034,99.9390255647225,NO
1158.0056989524649,100.04223929429092,NO
1157.0937454649345,100.2422916999086,NO
1155.1132659332939,101.25027024549865,NO
1152.9940785200367,101.88544213612244,NO
1151.9961423380173,101.95014713676528,NO
1151.0337095118082,102.10897365773997,NO
1150.281933250008,102.50362436595688,NO
1149.0823429439167,103.15789472321936,NO
1146.990336321214,103.83271839458614,NO
1145.9947185961892,103.87900783964243,NO
1144.9965950747942,103.9219962587077,NO
1143.9994065923158,103.9939520367406,NO
1143.0556279015532,104.16651035973766,NO
1142.6552779831397,104.33058569257024,NO
1141.072358098276,105.15314817575486,NO
1138.9884160513025,105.82343255073704,NO
1137.9936034346335,105.88059744174244,NO
1136.9965858109424,105.93381725834463,NO
1135.9998315203954,105.99770503444257,NO
1135.0105685181195,106.08877555620036,NO
1134.052083343493,106.24927588394361,NO
1132.0684973094665,107.12902981419042,NO
1129.9871913082195,107.80901667225406,NO
1128.9910966079435,107.87179115132194,NO
1127.9959192651024,107.94032664366868,NO
1127.0050196017398,108.03815652061571,NO
1126.0740931836388,108.22428885405951,NO
1125.7411281537434,108.44572839246536,NO
1124.0042909455815,109.04272686151532,NO
1123.0263257553702,109.15499070551941,NO
1122.1725615224532,109.40152665742568,NO
1120.005203840315,110.03412908035497,NO
1119.0867482580434,110.23523147933216,NO
1117.0789832528546,111.18585672997956,NO
1114.987680061994,111.84110437874277,NO
1113.9929312676063,111.9272930382352,NO
1113.0050633456492,112.03808845228995,NO
1112.0813186162245,112.23480076590695,NO
1110.0868453660366,113.21356312613428,NO
1107.9865138005975,113.87006565998801,NO
1107.0017951577724,114.00928879041187,NO
1106.0815076819836,114.22376643983611,NO
1104.1155064276263,115.22631748248162,NO
1101.9976119887015,115.98210773718081,NO
1101.0731590113369,116.18092865332272,NO
1099.0170732888118,117.10845837006086,NO
1098.1288702833604,117.31985182771541,NO
1095.9949772255045,117.95242579635554,NO
1095.0512440581078,118.13722193334485,NO
1094.6122418729976,118.34135733577723,NO
1093.0929468382283,119.18464774296294,NO
1092.7385209982053,119.42157672952843,NO
1090.9995952039503,119.99773763984423,NO
1090.0824101605162,120.21260846289802,NO
1088.0914945994432,121.21476575944229,NO
1085.9896926631425,121.91899077459487,NO
1085.0135459278983,122.06759552119028,NO
1084.1016669473422,122.28657576425002,NO
1083.0225759422765,123.02660602856858,NO
1080.988663184282,123.9070752792159,NO
1080.005352776149,124.03414935489785,NO
1079.0857735265135,124.23056553060457,NO
1078.0058907411267,125.00697914376074,NO
1075.9833277339462,125.8931264980855,NO
1075.040858860675,126.0999879431056,NO
1074.4235002266453,126.56142918031577,NO
1073.1179132973668,127.25903293449636,NO
1070.9835855695023,127.83270544819239,NO
1070.0030805105566,128.00938528858615,NO
1069.177045512229,128.30848838818363,NO
1067.2068519127472,129.47705224362787,NO
1065.9862047730219,129.87608930333968,NO
1065.0234736376622,130.06417096563763,NO
1064.282770521148,130.45792494313923,NO
1063.072227799196,131.15309152613395,NO
1060.9847813481654,131.8857465410829,NO
1060.0349182605903,132.08814609899497,NO
1059.3317695002715,132.5381247783206,NO
1058.1126028558585,133.21905254714616,NO
1055.9992650061324,133.99734226231294,NO
1055.1492722401451,134.2731364275722,NO
1053.2193889369673,135.46562846583652,NO
1051.1617928175713,136.2623772560595,NO
1050.0535092518405,137.0922024354927,NO
1047.9832668648419,137.8502981983656,NO
1046.9975306552863,137.98585738963942,NO
1046.0772895034029,138.1928953299781,NO
1044.9968857600427,138.99625490097085,NO
1042.9808756737414,139.83025044986837,NO
1041.999519895932,139.99847516245552,NO
1041.1908775856707,140.3123886266283,NO
1040.0673708895706,141.11914518130448,NO
1037.98593015069,141.9542476864332,NO
1037.1517143120973,142.24671986632873,NO
1036.0541494955787,143.09009047992564,NO
1033.980660079181,143.83479118940633,NO
1033.002474139151,144.0078580052104,NO
1032.1983799405828,144.32367253106224,NO
1031.0803456505928,145.12992831845133,NO
1028.994693305983,145.97336092303092,NO
1028.0769005945524,146.1867585764515,NO
1027.0032425704567,147.00367761088685,NO
1024.9861922746334,147.8831564724084,NO
1024.0228562534326,148.0662017689554,NO
1023.274430997523,148.44276753275938,NO
1022.097835376795,149.1790387395958,NO
1019.991504472531,149.93819195784903,NO
1019.0475922308898,150.1272948776437,NO
1017.9774619458373,150.97560460910242,NO
1015.978222394689,151.82055972643735,NO
1014.9981533020134,151.99438529165445,NO
1014.2814199687384,152.3174417212981,NO
1013.1846261172681,153.30566365151225,NO
1011.0048117382144,154.01483069961296,NO
1010.318418932399,154.375948391287,NO
1009.1516750796776,155.2644681074722,NO
1006.9852205666659,155.8787605876727,NO
1006.019346760207,156.0584311247988,NO
1005.2478153843559,156.420955731728,NO
1004.0932564357306,157.16545496351472,NO
1001.990143203168,157.91675562669005,NO
1001.028165089547,158.08663193139282,NO
1000.4086021472842,158.47640513022384,NO
999.2091259538773,159.38441454850124,NO
997.0045737319813,160.01375199487492,NO
996.3203617346599,160.3542211241994,NO
993.9758395974387,161.7842976738084,NO
992.9887670890296,161.87133211175217,NO
991.9971340251599,161.97670239895376,NO
991.071426029082,162.17165924039853,NO
990.0189188619973,163.0191531515137,NO
987.9912966859081,163.92182698914112,NO
987.0051082159839,164.0356165963242,NO
986.093748025,164.23504939754457,NO
984.4774222692947,165.32239922775187,NO
982.9923038847678,165.9365385932111,NO
982.0523999787978,166.12917543983826,NO
981.5524220046585,166.37162697341947,NO
980.9890077332831,166.98874444460967,NO
978.9854099764426,167.90362905714008,NO
978.0449817272062,168.10854286827146,NO
977.4945554691499,168.5683049614514,NO
976.2345052746024,169.4544367771434,NO
974.0563584462963,170.1254612645617,NO
973.5646084816,170.40925749367204,NO
972.9950048289074,170.99470881892287,NO
972.2134937094041,171.46864472796028,NO
970.1903937964037,172.22548599502073,NO
969.1535058227382,173.2071583406213,NO
967.0290498819762,174.06564228128204,NO
966.3266796705373,174.52096812160505,NO
965.121693063872,175.2240697647806,NO
963.0310465661614,176.08266615495359,NO
962.4322601791292,176.47016190451032,NO
961.2683674698045,177.45854914306497,NO
960.0268070634728,178.04932499692384,NO
958.5504457590309,179.2972757163488,NO
956.9852479958299,179.91042156927725,NO
956.0563849109594,180.12552017835924,NO
955.5634813140144,180.41729828777292,NO
954.9998866374916,180.9998859745469,NO
954.2716316839075,181.52357994532414,NO
953.020691789537,182.0481002863768,NO
952.4068062388686,182.41954381272356,NO
951.1857432451967,183.37708424524337,NO
949.0217721158062,184.05495454622854,NO
948.3886452385437,184.43209626889927,NO
947.2264648549351,185.40763674722163,NO
945.052970705516,186.1176083762685,NO
944.0016957862317,187.00170580572163,NO
943.259573018262,187.5341365948851,NO
941.2180646538798,188.32864719902085,NO
940.1088351303936,189.17253126885598,NO
938.0314979322624,190.076445398244,NO
937.4359996999135,190.44459927323575,NO
936.2349921288976,191.44316450175998,NO
934.1750401730244,192.2990087708148,NO
933.0537871015161,193.09126770079254,NO
932.2623066000966,193.53883464150638,NO
931.0180209516417,194.04073102872647,NO
930.3933420460252,194.42177641742472,NO
929.2225947306413,195.4172130592002,NO
927.0428595964847,196.10254043896742,NO
926.4760230371304,196.56295817052705,NO
925.2400318463638,197.4480594586647,NO
923.1728297556521,198.2877658069505,NO
922.0692174594733,199.11137719011813,NO
920.9431538454444,199.80429643635642,NO
919.2563221887599,200.4180725641336,NO
918.0949737754078,201.16233106380548,NO
916.1857889827872,202.2651859752359,NO
915.0705752306393,203.12690882203242,NO
912.9848374266385,203.9400089481925,NO
912.0751623021564,204.17075333327554,NO
910.9937403855253,204.9922107044537,NO
910.2032175935146,205.4189935607207,NO
908.3101413451258,206.324159033041,NO
907.2155203594043,207.36419198192175,NO
905.0147048564847,208.04258679161654,NO
904.3611119011264,208.38417693179434,NO
903.2241108751808,209.38948530051277,NO
901.0387060132648,210.084501741145,NO
900.4824577519967,210.49014632501604,NO
899.2330281691679,211.4848377345557,NO
897.2524020454382,212.27267141326823,NO
896.2424264329055,213.3311576825575,NO
895.0099095897184,214.02076295027788,NO
894.3822271649857,214.38808505418882,NO
893.2271374025049,215.41511319069633,NO
891.225149960201,216.2558124054314,NO
890.199451935099,217.27145324640438,NO
888.3024768872405,218.32240751646538,NO
887.248373750577,219.37550344014466,NO
885.3114308544234,220.32453117296828,NO
884.2450283527638,221.37326746901957,NO
883.0099484566036,222.0213527853848,NO
882.3819075375508,222.4015701050833,NO
881.221594290846,223.41136069115535,NO
879.169111602353,224.26507260566447,NO
878.0807412991197,225.11914055922358,NO
876.2532119453876,226.26558694628088,NO
875.2428834585835,227.34549490190454,NO
873.3111116126482,228.32666717445878,NO
872.2404218686931,229.37228444439475,NO
870.122601129155,230.20485580673807,NO
869.1132709566926,231.10928487542253,NO
867.0662596024247,232.14161366675364,NO
866.0143787124589,233.0146725835397,NO
865.3390758232465,233.56696414695014,NO
864.2180185445017,234.22350822162235,NO
863.2053121011271,235.29198968372054,NO
861.0526953251064,236.115720500016,NO
860.5454643550521,236.4308066882874,NO
860.0072773970193,237.00697905533707,NO
858.9480807747542,237.85860990979302,NO
858.0869929192788,238.14294271832696,NO
857.0874877508886,239.08170551634507,NO
855.0851100394589,240.13871718827596,NO
854.0821652435093,241.07865390756322,NO
852.0821180335959,242.12452195188195,NO
851.1035193450406,243.0928502212432,NO
849.1996349142184,244.2237623243059,NO
848.2152363529331,245.25341035425993,NO
846.3163832474329,246.3348492044877,NO
845.2454397454544,247.38535225446174,NO
843.2892502319345,248.30482524037723,NO
842.2309393412586,249.34509983840297,NO
840.2896701004978,250.31100237253014,NO
839.2156920340476,251.34531466968008,NO
837.2085735671874,252.2267447607933,NO
836.2028350434628,253.27114088412645,NO
834.2720259062993,254.29391305861154,NO
833.2132001976179,255.3200409336711,NO
831.2772296217336,256.2854590878728,NO
830.2034448491328,257.320228689128,NO
828.1139195558392,258.1850315615646,NO
827.0955652972317,259.09697689890925,NO
825.1916010532357,260.2096425809624,NO
824.1954207098463,261.258177768564,NO
822.0781576763245,262.13728565213984,NO
821.0697091084837,263.06649022024715,NO
819.025076271247,264.05700327604694,NO
818.4412427968728,264.4684800056092,NO
817.3204237729523,265.5064217203092,NO
816.1645402018091,266.1674627698062,NO
815.238155714321,267.2700312520791,NO
813.3745684929332,268.38173040398175,NO
812.2128768048142,269.3860093475761,NO
810.0910699642147,270.16327688398377,NO
809.088354659687,271.0812251762569,NO
807.135601311811,272.21407429898704,NO
806.0641218363676,273.09212606899246,NO
805.334908374726,273.58257170392613,NO
804.2038270211686,274.20962991396414,NO
803.2144008229135,275.29277422151915,NO
801.2225507547386,276.24593158202225,NO
800.2543883872864,277.3173188451796,NO
799.0192456746705,278.0356560488122,NO
798.5743947883648,278.4672315842151,NO
798.0094451269371,279.0079779225523,NO
796.0635044869332,280.0930140036893,NO
795.0810971190899,281.0767990845594,NO
793.1730727149518,282.196615685203,NO
792.14334170177,283.1921158061522,NO
790.9915824888993,283.9859595908089,NO
790.4346998604423,284.3618705903986,NO
788.9483469697532,285.8659409792274,NO
788.0561448510007,286.1221976204201,NO
786.997333234806,286.9971962711852,NO
786.2802525592991,287.505070566481,NO
785.0338265356938,288.06749861657414,NO
784.5010341372365,288.48733400571393,NO
783.2838279362245,289.5501767462078,NO
782.0279464793904,290.0610373379928,NO
781.4601285880703,290.45469401453846,NO
781.005294890899,291.0042169765096,NO
779.1926619026655,292.27646550757913,NO
778.1258932097456,293.173070040134,NO
777.0297359319684,294.03452889411517,NO
776.060474875494,295.05380178468636,NO
774.0647080372856,296.10608955211615,NO
773.070905605843,297.0655127808865,NO
771.1613950256877,298.18397203284775,NO
770.1912938355588,299.219270995106,NO
769.0075363012204,300.0141080868846,NO
768.3862991704704,300.37913221410923,NO
767.249208390296,301.4187206663101,NO
766.1244357600959,302.13910140766006,NO
765.154487721827,303.1808770810901,NO
763.2485662795796,304.25673087465566,NO
762.2198134745081,305.3161308582604,NO
761.016846791529,306.02858121730685,NO
760.615189682828,306.463318171545,NO
759.5391531768507,307.3028214535127,NO
758.0143647961426,308.0314742294286,NO
757.415818587828,308.40164297177284,NO
756.3893277032482,309.51246392455147,NO
755.18642206484,310.2603410549267,NO
754.1048280211571,311.15498280589185,NO
752.2730807635469,312.2750961097606,NO
751.2545049906826,313.37385907535696,NO
750.0120736069366,314.02545640016757,NO
749.4102387778889,314.3977600242825,NO
747.94324608663,315.82615380358027,NO
747.0415897513063,316.08746813049146,NO
746.5114304043502,316.5367905955335,NO
745.2605404538274,317.50824270050015,NO
743.3488352532709,318.37072295603184,NO
742.2918983125674,319.43679239924126,NO
741.0611806640825,320.09194714287526,NO
740.1236889268087,321.0939242102666,NO
739.0133603972083,322.0262898135496,NO
738.396882936103,322.39994175739724,NO
737.2693823738405,323.47559421757126,NO
735.3480031124634,324.3561753926066,NO
734.3951872312742,325.4872171201055,NO
733.1459112951368,326.2117016689578,NO
732.093149905299,327.1319290489775,NO
730.2054806992471,328.215560873039,NO
729.2733438918312,329.3214166425982,NO
728.0170105927297,330.03628367671166,NO
727.4179614899433,330.42791296247844,NO
726.2434976933488,331.4414209418297,NO
724.3057583684575,332.3057583684575,NO
723.3336390035784,333.42729207762255,NO
722.0719240107306,334.11112964504395,NO
721.0814478142903,335.0772710048454,NO
719.0618753394396,336.1014349792049,NO
718.0925130299153,337.0758758062646,NO
716.9977237216694,337.9957953462625,NO
716.3602377868341,338.3657481284973,NO
715.2661975105503,339.44366253814326,NO
714.0163880665668,340.0354193686261,NO
713.4203755323043,340.407490470283,NO
712.3707137737765,341.5326135967826,NO
711.202039921516,342.2108562154565,NO
710.1956401416508,343.274388365546,NO
708.2152420043324,344.2255672659157,NO
707.21958714308,345.29681483240296,NO
705.3597131553097,346.3347695640499,NO
704.3349834853351,347.4699294358827,NO
703.1895909426171,348.1937050269089,NO
702.2350194370064,349.2921091801464,NO
700.2988911842223,350.3477895568653,NO
699.2252472252361,351.30469126648836,NO
698.0401972162357,352.0600665601086,NO
697.0738368875403,353.06092551953907,NO
695.1390135143903,354.2191887349103,NO
694.0790499717402,355.10847143873565,NO
692.2526709115136,356.2554680070282,NO
691.2819284342919,357.3586519419661,NO
690.1318354576354,358.1401619153179,NO
689.1621456459503,359.19157421567655,NO
687.2207027588195,360.2409197941306,NO
686.2063174663706,361.2827635042863,NO
684.2213288576281,362.2399849393871,NO
683.2708951133635,363.3397865407105,NO
682.0332229558866,364.05495888707594,NO
681.0738806880802,365.054469678164,NO
679.3458181208313,366.3305051588813,NO
678.4079400685372,367.50044347287303,NO
677.2581359271543,368.24364408874777,NO
676.308803386021,369.3840247424699,NO
675.1802302127824,370.17895650456177,NO
674.2817883872361,371.3194362285487,NO
673.1256443739777,372.1269463854577,NO
672.2215165792485,373.2448341097631,NO
671.0092442241446,374.01744272210317,NO
670.5249490351586,374.41522995085484,NO
670.0149127432056,375.01126962947075,NO
668.3133835118696,376.2943566534122,NO
667.3998978444621,377.4865573994454,NO
666.2245415266026,378.2221612372475,NO
665.2827511627167,379.3585525128896,NO
664.0633509482947,380.0903186948726,NO
663.1193757290384,381.09627074273754,NO
662.0306495788298,382.043720720262,NO
661.0941687398357,383.0709387848314,NO
660.0071506788817,384.0125062085622,NO
659.4115278948708,384.38714104917244,NO
658.373342451207,385.52852146119545,NO
657.231266970206,386.22881968816273,NO
656.2740099371546,387.3297030115269,NO
655.1487745859655,388.1518315897615,NO
654.1900911047513,389.23724548802755,NO
652.3654907805947,390.36821831634865,NO
651.3135944167187,391.43873773051666,NO
650.2173827750194,392.20984785958154,NO
649.2813832664687,393.3297190267702,NO
648.1554576693779,394.15439652340615,NO
647.254747132999,395.2791482136185,NO
646.0621725690455,396.0849213234912,NO
645.1190148337025,397.0969097867485,NO
643.362082874918,398.3513146127685,NO
642.4244210310674,399.49701937660575,NO
641.28040489624,400.272364616903,NO
640.3429731765091,401.40193294527506,NO
639.2184224680533,402.21384016475355,NO
638.2338041084673,403.3219187223413,NO
636.3537729986474,404.3408379695081,NO
635.4813256507756,405.5460779454549,NO
634.3117008095093,406.2992553974243,NO
633.3319318758232,407.4375465591213,NO
632.1887841524468,408.1949513205054,NO
631.2887850644182,409.33791446217435,NO
630.0568901457635,410.0824587477162,NO
629.1286066933716,411.094493516698,NO
628.1117457809626,412.1144665436578,NO
627.1611646042378,413.17616958144254,NO
626.0018193967078,414.00320847960984,NO
625.406953473551,414.3771945408326,NO
624.9967776748869,414.99761865459215,NO
623.3061411722852,416.3027142005752,NO
622.4195940350425,417.4722703242151,NO
621.2422055085666,418.24574781665814,NO
620.292084784787,419.35657908690825,NO
619.0996574834229,420.144719992384,NO
618.105459960263,421.110454417227,NO
617.1235614581802,422.08737037997906,NO
616.2113831023204,423.23396178966226,NO
615.0135590156069,424.02538271290604,NO
614.4354605388073,424.4173163257236,NO
614.0005830196313,425.00045961248054,NO
612.9823419930342,425.975903512655,NO
612.3688099499739,426.3498966261987,NO
611.442170211687,427.52781581171683,NO
610.3177640496605,428.3153703421646,NO
609.3866565471717,429.48752349348376,NO
608.0952461412709,430.1395129250243,NO
607.1675128675499,431.1205383577659,NO
606.2074603210432,432.1953406420785,NO
605.2359800236977,433.2989726287829,NO
604.0289470350596,434.0469662729985,NO
603.0608979402265,435.0475101913038,NO
601.990077917523,435.9842933842144,NO
601.5036114144435,436.38870541522584,NO
601.0197430271733,437.0133356593431,NO
599.345426391513,438.32665324177816,NO
598.4004191192529,439.5051158877022,NO
597.2341784998139,440.24278801131896,NO
596.287923061313,441.3348351869142,NO
595.1829076013679,442.17003972595035,NO
594.2850633910022,443.3139024794837,NO
593.149989325098,444.15419217957566,NO
592.2420923468101,445.2630251453167,NO
591.0548167923178,446.07583972235636,NO
590.1120943223132,447.0906711808085,NO
589.0122642441125,448.02138058089236,NO
588.4359028630308,448.4178087929244,NO
587.4838490749759,449.584418188705,NO
586.3424158319324,450.3203640094856,NO
585.4471316136962,451.478803423317,NO
584.3039426016232,452.3129316720233,NO
583.2363704909487,453.36220800181235,NO
582.1333153363076,454.1297483661521,NO
581.2328507990956,455.25192981701866,NO
580.0472182014014,456.0673553717071,NO
579.1023081327616,457.0807552196462,NO
578.0280874215597,458.03789572767965,NO
577.090307734697,459.0697832529399,NO
575.3084417483817,460.30844174838165,NO
574.3898122326082,461.4394698338288,NO
573.2665050102732,462.2497025821767,NO
572.4057843560322,463.4326130495354,NO
571.2480394980528,464.2471488633954,NO
570.3155458367871,465.34395113095655,NO
569.2329645906482,466.2097840446839,NO
568.2871486558045,467.36725449671553,NO
567.1424744328309,468.15117126633766,NO
566.2864892361202,469.2608640803777,NO
565.1830069994824,470.17614813271734,NO
564.2529904154738,471.28751151202715,NO
563.0836526025918,472.1187660385788,NO
562.0835498861176,473.0870311325709,NO
561.1126208992434,474.0780924235291,NO
560.2080554276479,475.2238285805768,NO
559.1023479226301,476.1037240322183,NO
558.1980174896614,477.19212604763163,NO
557.0731133504695,478.09917355365195,NO
556.0622423444587,479.0711980785692,NO
554.9906629752572,479.9888209768066,NO
554.0556280248919,481.03866915500225,NO
553.000838065254,482.00134790221085,NO
552.4017260545515,482.37371578835587,NO
551.4495139432833,483.56006724436395,NO
550.2976146092798,484.29327779040574,NO
549.4145747934103,485.4494863687723,NO
548.2853689252792,486.2740570055739,NO
547.4242958290904,487.43826439615617,NO
546.2893113127329,488.2729255431706,NO
545.3357161216028,489.39132127256556,NO
544.2323609292093,490.2266638134715,NO
543.2649071482407,491.34850007382147,NO
542.1358428392485,492.1330658215871,NO
541.2822337638349,493.27495702896636,NO
540.0629664339025,494.0981390902044,NO
539.0777844270389,495.0676713781237,NO
538.0159402723849,496.02067555242144,NO
537.0863224136884,497.0626973318466,NO
536.0198234537739,498.02859293531503,NO
535.052193769538,499.04134648005754,NO
533.3000070871406,500.2862501325335,NO
532.4236747107789,501.4287284890218,NO
531.4191952728468,502.34363842735866,NO
530.9952925991714,502.9964178743402,NO
529.2513650448459,504.2477612550237,NO
528.3858883045119,505.38740755019023,NO
527.2640769666773,506.24851608735065,NO
526.3441080666381,507.38923700762444,NO
525.2295238067671,508.2200262631391,NO
524.3126956880718,509.3513925639026,NO
523.1985728031992,510.193754744121,NO
522.2933866616097,511.31722077499415,NO
521.168942957198,512.1707119907009,NO
520.2573082732348,513.2928340775693,NO
519.0318257796541,514.0584264311277,NO
518.5036635206112,514.4859566040385,NO
518.0217697613342,515.0175391997727,NO
517.0198947917321,516.0206226499871,NO
516.1012700896381,517.0775685791356,NO
515.010244456824,518.0181616173776,NO
514.4091095577631,518.3849108344167,NO
514.0003341521934,519.0002515028629,NO
512.9976257542147,519.9970112435194,NO
512.439971319385,520.4200104290704,NO
512.0084657153358,521.0067863753096,NO
510.98434448302294,521.9780822771953,NO
510.3605091225775,522.3446334701644,NO
509.4697275393494,523.5162953607716,NO
508.3056955966717,524.3113566325009,NO
507.3421061425194,525.4115618344669,NO
506.23583255382835,526.2307969867136,NO
505.39039363069355,527.3935547174054,NO
504.2658947665455,528.2479798819934,NO
503.4111106198305,529.4387483097632,NO
502.2374106236032,530.2444450261418,NO
501.36710045620555,531.3931577016683,NO
500.2119059672921,532.2142517902722,NO
499.4045591412999,533.3595218457727,NO
498.2424868095555,534.2315790898239,NO
497.28179918735464,535.3316952322203,NO
496.1819476093053,536.1800718596546,NO
495.3086576630548,537.3257375121706,NO
494.1713908876392,538.1684256503422,NO
493.28159860989894,539.29342145563,NO
492.15802193896246,540.1591212268281,NO
491.2568039060609,541.2777878940512,NO
490.1359889132695,542.1283842686998,NO
489.2606534032076,543.2587781969779,NO
488.146114961087,544.1527334117429,NO
487.23128131906515,545.2235071588518,NO
486.1684756787822,546.1702306348104,NO
485.234479178298,547.2328676230684,NO
484.19237574140357,548.1711394568664,NO
483.34982782802064,549.3157905278088,NO
482.23634613611506,550.2314307950751,NO
481.28891981941246,551.3315946191294,NO
480.18767092762454,552.1876709276245,NO
479.28678026113175,553.291060550814,NO
478.1967330386956,554.1842940138571,NO
477.3460755914698,555.3114680489739,NO
476.27129065884907,556.2493312123054,NO
475.36176576227456,557.4046745690471,NO
474.2604881722066,558.2567535852262,NO
473.4006733327953,559.3852331547412,NO
472.30300759269744,560.2779310921263,NO
471.37888524993906,561.4294032991932,NO
470.2842008034717,562.2682176472239,NO
469.44727115812117,563.4472711581211,NO
468.3293000170401,564.3057785776855,NO
467.48421648365706,565.5024888241995,NO
466.3487111202286,566.3345828352735,NO
465.43498345365157,567.4915973547206,NO
464.31143425389297,568.2914847479144,NO
463.4960018319944,569.4740460381342,NO
462.3824921884183,570.3507901130964,NO
461.46446503090397,571.5410138195996,NO
460.3229029007753,572.3101031480252,NO
459.4801232973626,573.4762119203862,NO
458.3721466093922,574.3477879069966,NO
457.46919548737213,575.5314780667123,NO
456.45035823360496,576.3563704521438,NO
456.0159265457776,577.0111278981043,NO
455.0417653613642,578.0425978958352,NO
454.0745507919814,579.0706010810669,NO
453.10751930575714,580.0750314588739,NO
452.35917546400555,581.2133284536367,NO
451.0906989091833,583.0855569218965,NO
450.0171479020804,584.019878461361,NO
449.0835651867746,585.0657056079966,NO
448.01841265252455,586.0247125723032,NO
447.108625155565,587.0690251032806,NO
446.1819680560792,588.1452923167451,NO
445.44449991667415,589.2921836480434,NO
445.0287694526379,590.0192980286234,NO
444.15462923484745,591.1390445568404,NO
443.1145921938707,592.1068169552253,NO
442.21687718751986,593.1906309043376,NO
441.20661307319557,594.1829033865174,NO
440.30358401039535,595.3175955635877,NO
439.2015085895016,596.1860079338002,NO
438.4689203698987,597.3453919318465,NO
437.9920801727678,597.9924951855598,NO
437.0818482259498,599.0606362477605,NO
436.10088455102203,600.0845830888167,NO
435.24996280331925,601.2290963450087,NO
434.15471301736034,602.1449632840472,NO
433.3271562042739,603.2826994342475,NO
432.2713570485068,604.2410018460638,NO
431.58506088078633,605.4434260592083,NO
431.0795698789508,606.049247304122,NO
430.2629409389697,607.2233678946255,NO
429.1846670709188,608.1706725445129,NO
428.346987021872,609.3180714413921,NO
427.2528621379113,610.2413884616053,NO
426.42107460948637,611.3952616192673,NO
425.60476457113305,612.4147861603817,NO
425.0523624195746,613.0352056632075,NO
424.0223826288426,614.0267785617417,NO
423.10363863574446,615.0746788060337,NO
422.1360193869396,616.1168678544195,NO
421.36977583017983,617.2543336129968,NO
420.9587362377698,617.9616618822537,NO
420.355095179313,618.6139127148169,NO
419.11046950384053,620.0920862937676,NO
418.24455077874046,621.2174241252808,NO
417.189764015314,622.1683044336634,NO
416.32234229087055,623.3199501265779,NO
415.25705401612953,624.2260005161652,NO
414.50981712610314,625.3887814349349,NO
414.0554488060128,626.0350318932773,NO
413.23730171188356,627.2042447600581,NO
412.1637593453999,628.1478346095822,NO
411.44315935793173,629.2930337089473,NO
410.9947530915487,629.99569179087,NO
410.10821325975724,631.0841972562504,NO
409.0980839191292,632.090287102934,NO
408.28792945772744,633.2180168819956,NO
407.27307501009807,634.2322498369384,NO
406.48566254821844,635.4042665929414,NO
406.0294116332664,636.0217174507425,NO
405.1562158879205,637.1314876393955,NO
404.1549074745521,638.1252893577581,NO
403.37990617569983,639.2808547165167,NO
402.6138297800963,640.4152066959148,NO
402.0526664102575,641.0365135701414,NO
401.08516367977506,642.0717642487643,NO
400.18848533697457,643.1651795770224,NO
399.19217061200493,644.1548837807921,NO
398.36891198462905,645.3141167821831,NO
397.5528541298756,646.3905829489316,NO
397.0379697483599,647.0267013086248,NO
396.08572577331915,648.0651317346325,NO
395.3294315248551,649.2276644634968,NO
394.30119757600124,650.2705493966901,NO
393.09047950272253,652.0582921143177,NO
392.250145961324,653.1967611581726,NO
391.3532760907488,654.2604852193912,NO
389.9900837831718,655.9874770334144,NO
389.6081206750318,656.4356196492126,NO
389.05842109616646,657.0381073549299,NO
388.02328523024903,658.0305903989057,NO
387.1259878862294,659.0718597532324,NO
386.2465521302189,660.1879579619031,NO
385.5958909015867,661.4133657504349,NO
385.09119149741593,662.0577546133144,NO
384.2425869000032,663.210502826317,NO
383.20368669224007,664.1872823969816,NO
382.45287947415005,665.3364703350917,NO
381.98378054949023,665.9841743453582,NO
381.1278360834191,667.0619042848213,NO
380.4350194323603,668.2699893083201,NO
380.01448556636416,669.0088442025258,NO
379.1085275871548,670.0783723086773,NO
378.2394529277896,671.2046509245334,NO
377.30218597878473,672.2281812373105,NO
376.13966075020795,674.0899509906524,NO
375.3857829530252,675.2761122156678,NO
374.9648739582075,675.9663574106293,NO
374.35437155870795,676.6113380933435,NO
373.20056885254974,678.1476781125881,NO
372.4135690030045,679.3268758288588,NO
371.9791814111481,679.9808421533171,NO
371.1322748014875,681.0730950200234,NO
370.2401538055926,682.2043099520481,NO
369.38642565577226,683.3683472643806,NO
368.2797605505469,684.2535330144044,NO
367.1921313766605,686.1037714933555,NO
366.4301671517132,687.3324355387408,NO
365.98378684743614,687.9848477370768,NO
365.14248525336006,689.0702531454909,NO
364.3676079121275,690.2713016936035,NO
363.12659078079827,692.0749280522876,NO
362.3857731414149,693.2645301453506,NO
361.9742475664212,693.9776481635371,NO
361.1333637637554,695.0734861568353,NO
360.2821819430072,696.2060101212278,NO
359.08632095893665,698.0542123526926,NO
358.2978247657175,699.2422981086639,NO
357.21428586550684,700.1969406350125,NO
356.4670969972706,701.3708057668879,NO
355.9896934053886,701.9901841950426,NO
355.1465334559515,703.0730935202811,NO
354.4214187266199,704.2780969100528,NO
354.00936763698536,705.0054517537262,NO
353.12935866989085,706.0851611266526,NO
352.3835448070109,707.2534887866448,NO
351.9736318222119,707.9772291181408,NO
351.11547014133845,709.067403622678,NO
350.241100658001,710.1784864550248,NO
349.43525446410376,711.3517598285414,NO
349.02514577773894,712.017752011805,NO
348.1933373633263,713.1365062011532,NO
347.252768660635,714.1963365931531,NO
346.478155205126,715.365943653058,NO
346.04583460193936,716.028594609372,NO
345.2895526804207,717.1784112510129,NO
344.3098792543482,718.2689711123716,NO
343.378498488117,719.5809490691089,NO
342.31409317084143,721.228162027532,NO
341.44270717418294,722.3191271714031,NO
341.03580656112905,723.0202612739853,NO
340.19526827432674,724.1243623524407,NO
339.5612686912022,725.3590964463338,NO
339.07545473697564,726.0452728453323,NO
338.3238211048442,727.2206031205228,NO
337.3441409329832,728.2849463738942,NO
336.1390494083956,730.0883071894291,NO
335.43037850287345,731.2576831653698,NO
334.32203400467273,733.2090743829525,NO
333.4676019818509,734.3292861011613,NO
333.02488387061436,735.0156083912206,NO
332.10350359157803,736.0753841159423,NO
331.35898936300026,737.2362967829283,NO
330.3369278925307,738.2932307473536,NO
329.17075266245,740.0996057207444,NO
328.42689793142296,741.3090338589362,NO
327.9896393238434,741.99130948718,NO
327.17286209651195,743.089969161784,NO
326.32681174257465,744.2653689990938,NO
325.25142509354924,746.1188555017826,NO
324.5504709928898,747.4459122558666,NO
324.0400984439933,748.0297575571002,NO
323.19392644837114,749.1387530108128,NO
322.41190526271447,750.2593940677857,NO
321.2245708295527,752.1457963385956,NO
320.43313410279023,753.3612057040809,NO
319.9847471393978,753.9857654729378,NO
319.1421298006631,755.0740961028,NO
318.2672015600611,756.2192423083324,NO
317.38856796385045,757.6269228217823,NO
316.37244366363274,759.2519987704883,NO
315.975397751632,759.9805124298726,NO
315.1526073284951,761.0904477613318,NO
314.2625148749442,762.2051027415723,NO
313.15041822882154,764.086981823382,NO
312.3859607855328,765.2758649912563,NO
311.1999456028602,767.1429826846795,NO
310.2522651439193,768.1951776151004,NO
309.50582870659935,769.3872330076197,NO
309.03313423325193,770.0279523388301,NO
308.11833668133045,771.0838798202035,NO
307.0740597360357,773.0408231730339,NO
306.18094416341603,774.1299290646732,NO
305.47464320440116,775.3434810096713,NO
304.99075767709564,775.9910607041767,NO
304.13660907059625,777.072791693036,NO
303.2926702621328,778.2211286507601,NO
302.11260532975405,780.0678137824882,NO
301.4295315427026,781.254991748407,NO
300.43685206963914,782.3735625525093,NO
300.05254445434,783.028826909824,NO
299.41172523464456,784.1888277059763,NO
298.03926196079277,786.0409403368573,NO
297.2250250728485,787.1033620291971,NO
296.17457193442874,789.132451385646,NO
295.3044335120266,790.199770278434,NO
294.0447954481742,792.0449305787181,NO
293.2345598985098,793.1079462492204,NO
292.2630365376412,795.1659376542979,NO
291.6220916613324,796.3787934966178,NO
291.0625049601942,797.040015580942,NO
290.1331036998098,798.1014123417623,NO
289.40840015085615,799.2519642986314,NO
288.98170743656533,799.9852242982731,NO
288.14544364824263,801.0843888890369,NO
287.3786244113416,802.2508533358056,NO
286.13595437967746,804.0897526120102,NO
285.51422866638234,805.2668387657761,NO
285.0811071062428,806.0408439114825,NO
284.3373946093508,807.2222599515169,NO
283.16764018500476,809.1169964366712,NO
282.23424899795356,810.1791736610838,NO
281.6184915068974,811.3959201599906,NO
281.1090470860971,812.0582047515398,NO
280.443088443653,813.2601181914481,NO
279.30831826625854,815.2020016257514,NO
278.53528911226124,816.3559716898159,NO
278.0589922511396,817.0328373435524,NO
277.19170432745443,818.130993391971,NO
276.4809325048935,819.3278719022456,NO
276.06200217280445,820.035751903138,NO
275.3718170517226,821.2086615041615,NO
274.97689184043736,821.9821284729956,NO
274.1762879137814,823.0904040575924,NO
273.89628415980485,823.934228981888,NO
273.0842823243808,825.0435731423593,NO
272.2235350228891,826.1568081537857,NO
271.5893848123644,827.3704991392957,NO
271.08668979034616,828.0499190557704,NO
270.3348695374271,829.2120179924102,NO
269.178628629164,831.1117622948392,NO
268.44329401356015,832.2646431863016,NO
268.0277414198095,833.0154119006298,NO
267.14823372633737,834.0988224877646,NO
266.4375858300249,835.2755682937412,NO
266.04228119971305,836.0246550217977,NO
265.2987648829427,837.1806286280083,NO
264.9458217156657,837.9551930972732,NO
264.08929085478434,839.0526197595975,NO
263.1958494727315,840.1415262558503,NO
262.50159495223335,841.3360855216195,NO
262.07308885341826,842.0427719440693,NO
261.3630184498288,843.2255372709708,NO
260.9638296118856,843.9679362947762,NO
260.4020197312548,844.6629907203769,NO
259.45928894610154,846.2817723603597,NO
259.0316995887537,847.0169627339674,NO
258.19244035278894,848.1202420344246,NO
257.55344060904815,849.3498336919743,NO
257.0809583232857,850.0462175858879,NO
256.3233523487265,851.212516215876,NO
255.61990899499048,852.4013578649535,NO
255.08937147249253,853.0508107183888,NO
254.2562232762826,854.1677165536847,NO
253.57552697875343,855.4140114215367,NO
253.08149666765803,856.0482711011101,NO
252.42676422638868,857.2305800755488,NO
251.46213877918584,859.2300012604721,NO
251.05852360899488,860.0322382379362,NO
250.38253016951197,861.2017182733487,NO
249.4049503071327,863.1963217830071,NO
248.36852384570903,865.20354514909,NO
247.31335156597424,867.1597885452214,NO
246.33643598080445,869.2139099878136,NO
245.48235431250546,870.3424471648792,NO
245.05367842262214,871.0275856475182,NO
244.22644662106862,872.1521694892463,NO
243.32545585887388,874.1226849268065,NO
242.3975603506088,876.1979246037612,NO
241.35119019133307,878.1847587285316,NO
240.23206387965652,880.1420865346705,NO
239.2198537667194,882.104380765033,NO
238.1844458767763,884.1036410167745,NO
237.21899224959932,886.1132919903614,NO
236.12975723393453,888.070410902442,NO
235.3414658928568,889.6360732660202,NO
234.46896085862994,891.2916800173991,NO
234.0624638599465,892.0350249548288,NO
233.4835681161529,893.2132767597515,NO
232.49493117450666,895.2665013939255,NO
232.07917415049988,896.0404148494275,NO
231.50381488553606,897.2530336911041,NO
231.0881366570381,898.0463646949546,NO
230.44798174489,899.2380320867566,NO
229.36164286011837,901.2009127096552,NO
228.36228550490515,903.1919219226538,NO
227.28077941259457,905.1574181092958,NO
226.19529727956458,907.0871393697904,NO
225.1652532762478,909.0801573364962,NO
224.88600353082688,909.9315472446801,NO
224.0995744329271,911.0458065468567,NO
223.39280937340376,912.2289946132469,NO
222.13393402775407,914.0880352879594,NO
221.60159483479828,915.2801175771534,NO
221.12851800710632,916.0608093923624,NO
220.58269470354998,917.3347395033061,NO
220.09056615365796,918.054727139665,NO
219.35629313232295,919.2036682756482,NO
218.41317082445056,921.2036086780887,NO
217.3351272163361,923.193767955953,NO
216.1734818402452,925.1040890993236,NO
215.629650869066,926.3022696132941,NO
215.12097893524484,927.054488802208,NO
214.84934577874913,927.9181951295751,NO
214.09102769516667,929.0402021644962,NO
213.4290801289504,930.2348260775303,NO
213.01909708495265,931.010939106488,NO
212.1493894506552,932.0934682637835,NO
211.2215372138541,934.1003497779215,NO
210.54422682041186,935.4259601938235,NO
210.0545079734538,936.0378631742259,NO
209.24780595492487,937.1493533217621,NO
208.4062157517193,938.7197770958745,NO
208.1635973511609,939.0823067417189,NO
207.33895142920073,941.161824963044,NO
206.1683758101954,943.0746677632155,NO
205.22166747853697,945.128917136943,NO
204.37458521743864,946.2910750866646,NO
203.4409039231823,948.1843994892257,NO
202.33650929181206,950.1710588836294,NO
202.01836270073082,951.0066622043732,NO
201.08226712502352,953.0387762019999,NO
200.24395224267562,954.1668774698682,NO
199.1564590802831,956.083696660711,NO
198.2931847624161,958.1257598264067,NO
197.289499818653,960.1523478157267,NO
196.08530770967943,962.052070941918,NO
195.4498688239539,963.2285570756867,NO
194.4281513264531,965.2310353107697,NO
193.46522562250055,967.2270076884728,NO
192.4138350156151,969.2212954708181,NO
191.38185544819055,971.1912016617689,NO
190.35731009597802,973.1988553931094,NO
189.19372513452333,975.0826560563086,NO
188.2952553936865,977.1604391715382,NO
187.20149034500642,979.0810438975466,NO
186.33596696848454,981.1659152899324,NO
185.3302156364457,983.1692702035403,NO
184.20145344920235,985.0845524426551,NO
183.3763458274945,987.1827073066668,NO
182.3253853346876,989.181079963797,NO
181.20643524712477,991.085728924132,NO
180.30195435073617,993.1705980035438,NO
179.19239805100264,995.07970164179,NO
178.1755601501219,997.0876806591086,NO
177.1959889949073,999.0734424967757,NO
176.28632362801392,1001.1537025060445,NO
175.2693073084171,1003.1505804370386,NO
174.1770937954929,1005.0726892214974,NO
173.27758023208378,1007.0894930822367,NO
173.05758343976404,1008.0139754366289,NO
172.1778267050288,1010.0949514087584,NO
171.91525987794114,1010.9729302395968,NO
171.0730909659767,1013.0261039160898,NO
170.22194867327144,1015.0858526765786,NO
170.00061258817314,1016.000171831305,NO
169.32894115533145,1017.6853109165146,NO
169.17282068835806,1018.0731001948409,NO
168.93338147431547,1018.9802145212356,NO
168.1150091289256,1021.0390052778604,NO
167.27145632913647,1023.1256298495676,NO
166.47850270934296,1025.219228899163,NO
166.08353763484723,1026.0406509154625,NO
165.2858794499292,1028.1098992684092,NO
165.04649469608484,1029.0119472453034,NO
164.33848608378395,1031.1663133992802,NO
163.46328132576014,1033.2116716407415,NO
163.07169054316935,1034.0342258884923,NO
162.4038836276025,1035.7384205694755,NO
162.21680701306823,1036.0885092307599,NO
161.98047719990294,1036.99488943091,NO
161.21620792591708,1039.0747154840199,NO
160.99503659964677,1039.9986681126597,NO
160.1224346446803,1042.0581527198833,NO
159.87961724657873,1042.9676304150755,NO
159.0973533434904,1045.031478274706,NO
158.4170626754526,1047.1875617114815,NO
157.48549826656657,1049.2100986727162,NO
157.09732461664123,1050.0434653639745,NO
156.32569447396418,1052.1401775705717,NO
156.02876416001152,1053.0110140230192,NO
155.18461509000204,1055.0622007774962,NO
154.39946865176978,1057.193747746284,NO
154.05799957044206,1058.026022875986,NO
153.3072883820267,1060.1256740487881,NO
153.02822531067673,1061.0097149004396,NO
152.18277279023067,1063.0712436824167,NO
151.96292904861528,1063.9897920566325,NO
151.10395313655962,1066.0460202640304,NO
150.29672333085654,1068.1237589758432,NO
150.01737857888193,1069.0061752265663,NO
149.1626001458144,1071.0565337414866,NO
148.5031565767716,1073.2123479152153,NO
148.1059825200364,1074.0480785950429,NO
147.87855699711298,1074.9751686378113,NO
147.14083809224024,1077.048061379564,NO
146.4160313352934,1079.1847768574278,NO
146.0779287446441,1080.034146449245,NO
145.84545002417963,1080.9685241482746,NO
145.0785437737261,1083.0269859522916,NO
144.2021436707507,1085.0811688017934,NO
143.36282862246026,1087.1654498569758,NO
143.05081535391793,1088.0191671951545,NO
142.83436931759925,1088.9729291793121,NO
142.09981616034057,1091.0316859525353,NO
141.2647685861159,1093.0806066850023,NO
141.0528795430921,1094.0116460893482,NO
140.88570205288832,1094.9815572680402,NO
140.19292967088327,1097.0730923020121,NO
139.1980252001741,1099.0793845518638,NO
138.9750540058063,1099.9934857628987,NO
138.29250798630216,1102.1018684479352,NO
138.03842529711608,1103.0109367529246,NO
137.19830876789794,1105.0768419229112,NO
136.98174329217704,1105.9952667792659,NO
136.7940884234349,1106.9775695447877,NO
136.1203449352731,1109.0415926706526,NO
135.2213993112552,1111.1045805816427,NO
134.41719191121467,1113.2000396894273,NO
133.48884452750957,1115.217830875971,NO
133.1072594429514,1116.049149264649,NO
132.87057817569948,1116.9695828897218,NO
132.1402059069296,1119.0415424930404,NO
131.9479680801756,1119.9886466026464,NO
131.1010806325181,1122.0470718655606,NO
130.39450610888215,1124.1186484550915,NO
130.11383288305873,1125.030032504377,NO
129.93336165148185,1125.986645214366,NO
129.11159598889193,1128.052459653809,NO
128.86439412072374,1128.9619188974907,NO
128.12812394103995,1131.0365477335447,NO
127.41934636411747,1133.1920259444316,NO
127.05072467812666,1134.0246377013805,NO
126.36969990345698,1135.7322868500496,NO
126.21323487589751,1136.0822141837718,NO
125.99214032778855,1136.9982349041322,NO
125.40146323812107,1139.1606913583407,NO
125.06611067317903,1140.0277435543064,NO
124.38369539185652,1142.1330595650802,NO
124.07050514232668,1143.0254688172934,NO
123.20414049770181,1145.069372420187,NO
122.99171050193925,1145.9979107769198,NO
122.28051014666474,1148.0972481945553,NO
122.0528828053555,1149.0115504201585,NO
121.90316289119191,1149.9843940197998,NO
121.10546474716374,1152.0453070539409,NO
120.21885176789405,1154.1020190263714,NO
119.97815356034916,1154.9943500590125,NO
119.30526389088776,1157.1362649270366,NO
119.02793954830003,1158.0107086432915,NO
118.37203143643576,1159.7124615529883,NO
118.19948069236303,1160.0845597386037,NO
117.9745294324094,1160.9942149732592,NO
117.40020620501237,1163.1535983969673,NO
117.06362998714307,1164.027183936324,NO
116.30352620386034,1166.1126726110954,NO
116.05351939936783,1167.0130825196813,NO
115.89968758634151,1167.9872365914698,NO
115.2751974203889,1170.0991793928515,NO
115.02345666754289,1171.0073811017899,NO
114.1496789940248,1173.050655551888,NO
113.93735503501152,1173.983920697212,NO
113.33213189933824,1176.0918831979861,NO
113.06942585454003,1177.020999638439,NO
112.22322762068342,1179.0849235496448,NO
111.99699740601436,1179.9991390738364,NO
111.41699072262337,1181.7583468880096,NO
111.2351429597652,1182.0933570034397,NO
110.99914524797349,1182.9997739042976,NO
110.31765604387641,1185.1371606203804,NO
110.03654481504391,1186.0137092444368,NO
109.29570191156739,1188.1093383204714,NO
109.0427794938474,1189.0114232809342,NO
108.27448924079233,1191.1259666176834,NO
108.00506908785266,1192.0017472175098,NO
107.36537645503361,1194.1185125540203,NO
107.07255267423932,1195.0255174238714,NO
106.17862271421674,1197.0603141629501,NO
105.96802864176036,1197.9923602577169,NO
105.78028362751144,1198.9699533161026,NO
105.09962392702077,1201.0351677896713,NO
104.8482792420925,1201.9239627938864,NO
104.14205853697723,1203.0518528993762,NO
103.93100087608511,1203.9846127082556,NO
103.16267079566538,1206.065937407211,NO
102.93465222656255,1206.982100391668,NO
102.12630263542299,1209.0446496877196,NO
101.35639522405486,1211.143621960577,NO
101.06802682571237,1212.0231550076862,NO
100.32085706714582,1214.1386824640977,NO
100.03208747912257,1215.0112254365422,NO
99.25750402044119,1217.1137808495585,NO
99.00167558172386,1218.000583914856,NO
98.13756644316284,1220.0630867099756,NO
97.90783579530557,1220.9789658321056,NO
97.17414520413158,1223.064639049496,NO
96.3380627022561,1225.1630341752211,NO
96.02365551506844,1226.0100130520743,NO
95.3068125028393,1228.0910563915504,NO
94.82540649118123,1229.9172115289255,NO
94.12151540324366,1231.0484733554902,NO
93.90447993306468,1231.9781244198025,NO
93.11421854638519,1234.0464138967072,NO
92.32398509900615,1236.11880804775,NO
92.06628340167094,1237.0171167554033,NO
91.88919935668994,1237.9784775738503,NO
91.07991919278558,1240.0341975449726,NO
90.40867387471411,1241.711964051861,NO
90.18712027393555,1242.086578039762,NO
89.95828874078934,1242.9904218588827,NO
89.82312520045468,1243.985513792057,NO
89.72232377008875,1244.970069050767,NO
89.53723726006488,1245.8912452071295,NO
89.142394376694,1247.0429586405278,NO
88.38681775659029,1249.1653495577352,NO
88.07353957798608,1250.026927767205,NO
87.88887211035697,1250.9901392005004,NO
87.81181699556163,1251.98897513723,NO
87.3068947426011,1254.0865414056213,NO
87.06825490536296,1255.01857476883,NO
86.23160300617194,1257.0804036618642,NO
86.01200677081067,1258.0030833097192,NO
85.82938901475389,1258.977746392114,NO
85.17404766522478,1261.049860297193,NO
84.98635986322955,1261.997244555102,NO
84.83845364746826,1262.9837941890748,NO
84.19673372832398,1265.06061525521,NO
83.99600077505472,1265.999096426355,NO
83.82422284711508,1266.976450005352,NO
83.14757801228119,1269.043201254635,NO
82.95975019578071,1269.9919663511118,NO
82.29603466208651,1271.6618749140528,NO
82.16604576965905,1272.0733881301735,NO
81.93855311298451,1272.9860438177022,NO
81.2943074111638,1275.0829612548025,NO
81.09368025187405,1276.018959099136,NO
80.94905220013567,1276.9935927718902,NO
80.2695202765925,1279.0849733469668,NO
80.05273536837042,1280.0122421393742,NO
79.88151091640178,1280.9811883315183,NO
79.18757421762707,1283.061051995823,NO
78.9909380322463,1283.998103733118,NO
78.8456127733353,1284.9875597066275,NO
78.19638376884416,1287.0709515566407,NO
77.98299352776097,1287.995666370992,NO
77.39482654855094,1290.112459840231,NO
77.11123049032675,1291.030591316948,NO
76.92770565732592,1291.9855993155209,NO
76.27230895195493,1294.0921193890556,NO
76.04450046677962,1295.0105634832057,NO
75.89270741944718,1295.9841006855925,NO
75.16726208522104,1298.0694025035898,NO
74.95649672701545,1298.9914654237948,NO
74.8449123816248,1299.9885825068145,NO
74.24462833177128,1302.086999174611,NO
74.01858343511074,1303.0043374613115,NO
73.86300448948703,1303.9787274063804,NO
73.2927612869377,1306.0817248795306,NO
73.06486379844168,1307.0160124020965,NO
72.90216403763029,1307.9845417184674,NO
72.18717176315243,1310.0739017711096,NO
71.97063380354395,1310.9936133220695,NO
71.83028682542401,1311.9783681660317,NO
71.19191001068023,1314.0599155705404,NO
71.00255205349252,1315.00046644676,NO
70.87411537997983,1315.9828339151077,NO
70.31146324579449,1318.0915163618026,NO
70.06314962652812,1319.0169392767245,NO
69.36733277825797,1321.1429292280757,NO
69.07018798559974,1322.0237444456473,NO
68.88656424380058,1322.9865337835206,NO
68.78755106316186,1323.9848093510316,NO
68.21079794007653,1326.0719429722938,NO
67.99769980496902,1326.9994788810004,NO
67.3421813705168,1329.1549669554058,NO
67.03656315165941,1330.01573065761,NO
66.80151010805058,1330.9667347688353,NO
66.17938620732565,1333.047226941387,NO
65.99933964429253,1333.9998737458022,NO
65.86703901475583,1334.9889658933284,NO
65.2073864749786,1337.072731627772,NO
65.00335312190752,1338.0007508003762,NO
64.85006960802599,1338.9871667093971,NO
64.30784874837465,1341.0707887518665,NO
64.13146428609883,1342.021212365015,NO
63.99588806847838,1342.9993813163094,NO
63.27069458904498,1345.0855289095177,NO
63.06507744370262,1346.013428678655,NO
62.929147702211296,1346.9938542872192,NO
62.85045541889052,1347.989285907527,NO
62.164019562998405,1350.0704647116852,NO
61.938239824967546,1350.9855539509863,NO
61.752692278232935,1351.9349190197854,NO
61.408070750123024,1353.062914550557,NO
61.27267828958935,1354.0216411337708,NO
61.13048583118687,1355.0243366424902,NO
60.97440009973754,1355.995470395204,NO
60.825673355745195,1356.976511777945,NO
60.11674619874701,1359.0337101568207,NO
59.943992288471094,1359.991839195402,NO
59.81411242074738,1360.9785589994458,NO
59.13599983178758,1363.0379871616508,NO
58.960056240204345,1363.9933825705446,NO
58.84772569674344,1364.9925161070048,NO
58.801909670470906,1365.9922043165527,NO
58.74614262836123,1366.9829339576995,NO
58.20456822702045,1369.0601162443713,NO
58.007447674039405,1370.0016435224616,NO
57.86567219181031,1370.9908999366996,NO
57.78340841409632,1371.9788466811117,NO
57.61098385937806,1372.8974328009936,NO
57.23394952960797,1374.044408234996,NO
57.09769427769599,1375.0102734059424,NO
56.983897578371554,1375.997827451027,NO
56.87804245382773,1376.989379072772,NO
56.8097418813672,1377.990884677395,NO
56.7489283201684,1378.983118980571,NO
56.61421472592507,1379.9169490044778,NO
56.25648286856753,1381.0585152780552,NO
56.07392187234113,1382.0149337115386,NO
55.937831890515604,1382.9939224658715,NO
55.85411170559638,1383.990374380005,NO
55.75624271153843,1384.969229320229,NO
55.36107375994358,1386.1123636745483,NO
55.12085594498928,1387.0269847664829,NO
54.98447278831711,1387.9983475055494,NO
54.90693058248525,1388.99548754361,NO
54.86974832248784,1389.9964077678708,NO
54.84531520137669,1390.9961568993183,NO
54.816910549561634,1391.993858634656,NO
54.754424969094735,1392.9791977156274,NO
54.18247169038603,1395.0473649948176,NO
54.0046590379501,1396.0008721121649,NO
53.885871022351104,1396.9941265614557,NO
53.84258043373332,1397.9952200537675,NO
53.7953116098395,1398.9866369243102,NO
53.28695875009024,1401.0756444073336,NO
53.08175006680284,1402.0191820401099,NO
52.930450521637844,1402.992256493487,NO
52.840574894223295,1403.98988040386,NO
52.771034044858034,1404.9840141929344,NO
52.6469540965863,1405.9274781580932,NO
52.33433307332861,1407.0580832888486,NO
52.194650744408364,1408.0204692246205,NO
52.07620684504386,1409.010864983502,NO
51.94695694985879,1409.9919631742937,NO
51.840528745604516,1410.990484225573,NO
51.783286306606925,1411.9888806590986,NO
51.71343317374781,1412.9798014576709,NO
51.55136662696883,1413.8968911107581,NO
51.22734585139149,1415.040854962338,NO
51.077313441166034,1416.0110447781408,NO
50.94934984778716,1416.992851179688,NO
50.835576819565986,1417.9840772658872,NO
50.74962895279496,1418.9848662259153,NO
50.62873201737374,1419.92742444858,NO
50.31347004185334,1421.0593768634155,NO
50.16488573535883,1422.019956408898,NO
50.04833258888971,1423.0061619236455,NO
49.925119773844436,1423.9888926406427,NO
49.814127030977005,1424.9868886294496,NO
49.69983922774806,1425.9417694544204,NO
49.35774949250361,1427.0788649055633,NO
49.158374339202446,1428.030795011202,NO
49.00933623811806,1429.0014810499283,NO
48.88209565979357,1429.9856865102743,NO
48.78909534132955,1430.989041009402,NO
48.68090558634089,1431.9385681805802,NO
48.322565599589986,1433.0765059422258,NO
48.13735941648918,1434.0237108518043,NO
48.006561147892235,1435.000859827825,NO
47.893136530926746,1435.9865167050748,NO
47.799948840270446,1436.989356670011,NO
47.74509070781009,1437.9886900314564,NO
47.72051120145891,1439.0009560620522,NO
47.72215100830538,1439.9984750329593,NO
47.160565113020766,1442.0461433144476,NO
46.988092983014624,1442.9981828649015,NO
46.860805266589594,1443.9829059095289,NO
46.144339524612214,1446.061406055131,NO
45.9421844088786,1446.9908647687614,NO
45.87101950988409,1447.9974048190436,NO
45.85674507628574,1448.9991370185367,NO
45.84409675232581,1449.9975154862468,NO
45.81047889964985,1450.989724759134,NO
45.75164200927286,1451.9835456405042,NO
45.63367476123073,1452.954677125716,NO
45.28291431973339,1454.0727870361081,NO
45.0752421455156,1455.0164321921316,NO
44.92770239339961,1455.9896926568458,NO
44.8165219613859,1456.9862391468298,NO
44.68740883697836,1457.9300374797633,NO
44.3923429345815,1459.052228821797,NO
44.28383648845871,1460.0140791908957,NO
44.14885028829008,1461.0277617594013,NO
43.99097667163493,1461.9983170776895,NO
43.87366314564671,1462.9944300385912,NO
43.833635908370724,1463.9935359557137,NO
43.79588372996084,1464.9921575262642,NO
43.75286175626689,1465.9888255057742,NO
43.677073951784465,1466.9725245245895,NO
43.4026661177442,1468.0852984994124,NO
43.13786851022011,1469.0378377299746,NO
42.96239966259618,1469.9931497356854,NO
42.8402734480828,1470.9918004848053,NO
42.79026632595584,1471.990576229655,NO
42.749193558909326,1472.9922209769488,NO
42.655669188935015,1473.9384309150955,NO
42.360765850360465,1475.0663257102642,NO
42.21450630726533,1476.022982819554,NO
42.09616457247748,1477.0129745853133,NO
41.96991759813516,1477.9957622013605,NO
41.87209687967676,1478.993093231491,NO
41.81380360240364,1479.9876879287688,NO
41.71990689736411,1480.9674029570135,NO
41.44452751719534,1482.092917868399,NO
41.2287499709568,1483.0369721019295,NO
41.09423782598133,1484.0119667083757,NO
40.98702921407032,1484.9986874800138,NO
40.906243261532985,1485.9942332162443,NO
40.864147177669395,1486.9970112379674,NO
40.83960307077465,1487.9947838394862,NO
40.79976833663959,1488.990009230768,NO
40.69768577290987,1489.941999737566,NO
40.43402753455536,1491.061078502542,NO
40.31588975396315,1492.0188029621067,NO
40.26598933982893,1493.0116106457547,NO
40.216458969940554,1494.0115960157855,NO
40.14667993691294,1495.0122233277104,NO
40.06311204294889,1496.0056350039022,NO
39.98671938245514,1496.9990759013444,NO
39.926114723041756,1497.9958706831765,NO
39.8928625784909,1498.9989264787575,NO
39.884704261571045,1499.9990720664496,NO
39.87831878796718,1500.999138757876,NO
39.86430728849359,1501.9968250940824,NO
39.83830673406832,1502.9952103119447,NO
39.81114151081639,1503.9955539966243,NO
39.78210417290669,1504.992609905376,NO
39.74970404227987,1505.992760034096,NO
39.73050540259293,1506.9983226477184,NO
39.72354679777,1507.9982685603784,NO
39.689548343810735,1508.985505514911,NO
39.56728447972543,1509.9205422962311,NO
39.34152721205357,1511.0334689455076,NO
39.26599615778688,1512.0084443230044,NO
39.210768895760744,1513.0150549209009,NO
39.121956385870895,1514.0130667561511,NO
39.02837686893015,1515.0026877393464,NO
38.94312996511503,1515.9948926004113,NO
38.87703578565186,1516.9943363461502,NO
38.843003351535735,1517.996762955753,NO
38.81810386236704,1518.9947601932886,NO
38.7868340538406,1519.992316366808,NO
38.75219295867762,1520.9922398631647,NO
38.66883302977921,1521.9477476422999,NO
38.507805529163235,1522.9249376599428,NO
38.35771244019792,1524.0241313953688,NO
38.219651181408764,1525.0387876086768,NO
38.08358463217526,1526.0117748191153,NO
37.99983769826378,1526.999995169591,NO
37.975060216590904,1527.9995546467514,NO
37.941751002917734,1528.9971049207854,NO
37.883458491457766,1529.9916424413861,NO
37.82379977605816,1530.9913920134898,NO
37.78024843725498,1531.9909811669536,NO
37.74439417472658,1532.9924438642438,NO
37.713630563555874,1533.9939328508503,NO
37.62178498984105,1534.9381561666273,NO
37.352581493562376,1536.0555922138449,NO
37.1365173942792,1537.0325041404992,NO
36.956229534996865,1537.9907600504253,NO
36.81019070289945,1538.9864558189938,NO
36.74602163488284,1539.987578581499,NO
36.72164796407714,1541.0017617218168,NO
36.723559608399476,1541.998848164992,NO
36.66947616524681,1542.9729669711417,NO
36.39753509660872,1544.0868288009021,NO
36.17346009952583,1545.0346920193779,NO
36.01722347129179,1546.0028190112791,NO
35.89836613929558,1546.9915896202517,NO
35.833756926453006,1547.9932448305278,NO
35.797754921655866,1548.9935539420535,NO
35.77091862243547,1549.9948886509026,NO
35.75538534286854,1550.997990844743,NO
35.74515899364263,1551.9971070681113,NO
35.21471231068548,1554.0724268764952,NO
35.01054577722744,1555.0022077769595,NO
34.87767321294125,1555.9853106551677,NO
34.77490470997485,1556.9833986117383,NO
34.635025939307475,1557.9176686410597,NO
34.36517324023677,1559.032985893436,NO
34.31057868342716,1559.9944539524122,NO
34.32041941548299,1560.9993642472093,NO
34.323224721634766,1561.9993586811258,NO
34.30811692174525,1563.009781490199,NO
34.242367760754625,1564.0211590903973,NO
34.12614689091317,1565.0177706928152,NO
33.993490033434355,1565.9990312549987,NO
33.88171390433124,1566.990828712874,NO
33.81288823158941,1567.98954265579,NO
33.75054503604344,1568.9834376166461,NO
33.63813148408701,1569.9363704762095,NO
33.35960151062716,1571.0611926955426,NO
33.22526644026998,1572.0227948180393,NO
33.116685497891396,1573.014122649866,NO
32.990951704680874,1573.9986535275148,NO
32.87559330425084,1574.988531646812,NO
32.79178441325162,1575.9837864911449,NO
32.67464676739509,1576.9559943511981,NO
32.313512628732326,1578.081308181886,NO
32.0915391020289,1579.0204370798494,NO
31.937835413551678,1579.9909960028722,NO
31.839405263616413,1580.9931560220407,NO
31.79812102837668,1581.9914136537222,NO
31.75763948780122,1582.9901126561276,NO
31.721005103299547,1583.9918356693825,NO
31.692502114629093,1584.9940077333383,NO
31.65101883243919,1585.985862170642,NO
31.468072425891236,1587.081451120412,NO
31.270219618974,1588.0416588603018,NO
31.145019948725952,1589.0155378522702,NO
31.033494441630403,1590.0042532625412,NO
30.91890161637676,1590.9900861697529,NO
30.817885375453073,1591.9847306759382,NO
30.736313095048942,1592.982420871822,NO
30.614435603126083,1593.9282469839666,NO
30.385771407884967,1595.0352913916283,NO
30.31699861891443,1596.005031723969,NO
30.28262474772092,1597.0140190847085,NO
30.223318771068648,1598.0150651555616,NO
30.142184256167646,1599.0137506210096,NO
30.03089517447622,1600.0045204845803,NO
29.92058011194311,1600.99272119125,NO
29.85318937111157,1601.9949065700025,NO
29.823638414870587,1602.9964081143846,NO
29.805573350135617,1603.9974391627854,NO
29.78665830640886,1604.9947965442236,NO
29.763543195440935,1605.9948861041664,NO
29.74511417261589,1606.9965448219352,NO
29.72866202953505,1607.9954204562844,NO
29.6835890337336,1608.9835312121825,NO
29.532213619904173,1609.899800957597,NO
29.28308554076768,1611.029593946854,NO
29.21582658064918,1612.0042822735213,NO
29.18056780994259,1613.0085984676853,NO
29.12087762594962,1614.0083942793792,NO
29.03165939997258,1615.00351771124,NO
28.931742311036324,1615.9930929720474,NO
28.863080272365995,1616.9956360248389,NO
28.836042837504838,1617.9960492250223,NO
28.821303372766145,1618.9987352109647,NO
28.811408626544623,1619.997505912628,NO
28.796710182249925,1620.9964481738045,NO
28.782188068968786,1621.997047387789,NO
28.759430819381205,1622.9926174535708,NO
28.67391496902895,1623.9457108719978,NO
28.436237527646387,1625.059276435443,NO
28.319973994724872,1626.0203158081652,NO
28.281456346026282,1627.005584451435,NO
28.26259468534785,1628.0046891905301,NO
28.243605562446646,1629.0048334438075,NO
28.216106231245874,1630.00728929738,NO
28.17168873335539,1631.0091976103495,NO
28.117882290467396,1632.0065490161371,NO
28.06720815576086,1633.0032003885724,NO
28.028154109856985,1634.000893781322,NO
28.017984699037026,1634.9997858964505,NO
28.02962384782613,1635.999647335162,NO
28.02009177809942,1637.0007843637254,NO
27.978746848594742,1637.9986784482858,NO
27.939444888155712,1638.998629411019,NO
27.921151995135137,1639.999108604263,NO
27.89995477282872,1640.997018179201,NO
27.87234911557612,1641.9967066335487,NO
27.853698590976965,1642.9983323155334,NO
27.847826086956523,1644.0,NO
27.84673614180363,1644.9996820252052,NO
27.83882249029041,1645.997824187322,NO
27.826483214887006,1646.998196291217,NO
27.812765887256443,1647.9970835807756,NO
27.792209125092047,1648.995047471495,NO
27.77653395672544,1649.9988445395772,NO
27.779180281731257,1651.0022811955437,NO
27.786659906091575,1652.0008815706622,NO
27.794967225257327,1653.0023323271835,NO
27.8103958296677,1654.003340177042,NO
27.82501541479266,1655.0018151927663,NO
27.830434782608695,1656.0,NO
27.826123355531593,1656.998557040221,NO
27.823938812772838,1658.0007305443412,NO
27.830440092638174,1659.0010553521304,NO
27.83145175458344,1659.9984215044983,NO
27.823820003887754,1660.9985287683244,NO
27.8166071288614,1661.9992374516592,NO
27.806383655237788,1662.997594828012,NO
27.795049113531725,1663.9989380783138,NO
27.791304347826088,1665.0,NO
27.789137022697897,1665.9991250498915,NO
27.784802276435947,1666.9991070633928,NO
27.785932957890118,1668.0013323674943,NO
27.79800227682583,1669.00335265944,NO
27.810892995530104,1670.0015693528146,NO
27.817390498310257,1671.0007577157703,NO
27.818477193796603,1671.999623396685,NO
27.81665865738691,1672.999619623788,NO
27.8217878338981,1674.0018486738954,NO
27.83407244593404,1675.0020654882076,NO
27.836934380665102,1675.9989850687498,NO
27.825073257911367,1676.9969119889374,NO
27.81012477049325,1677.9970362867482,NO
27.798056950579024,1678.9979007999045,NO
27.794136586523663,1680.0006399899119,NO
27.799128064231503,1681.0010472989507,NO
27.80220337160231,1681.9995818252896,NO
27.79724997474069,1682.9982744678935,NO
27.79063644711337,1683.9993339441362,NO
27.795481970418777,1685.0036254498289,NO
27.806502167713422,1686.002174132935,NO
27.81790365216835,1687.0025855466115,NO
27.838327377142328,1688.0044048038867,NO
27.85872759965342,1689.0022648880981,NO
27.86602678613857,1690.0,NO
27.864819639840963,1691.0,NO
27.870837679912892,1692.0017974874675,NO
27.912176722055115,1693.0055871667525,NO
27.99773824566901,1694.0002437818964,NO
28.0860472030366,1694.9938169675427,NO
28.139801103900876,1695.9949971774108,NO
28.165302587611908,1696.9970481682544,NO
28.163793793947377,1698.0032498769367,NO
28.153776819350963,1699.0003051127283,NO
28.18136141997718,1699.9895645212869,NO
28.242060431171836,1700.983190248237,NO
28.303567120655316,1701.984339791377,NO
28.353560635701502,1702.9824622700544,NO
28.46986671851163,1704.0765814050937,NO
28.631164090391255,1705.0566499386673,NO
28.721577016483945,1706.0120009906689,NO
28.765118477324435,1707.008680942859,NO
28.800251512547106,1708.0060783905628,NO
28.828819712742003,1709.0041226664296,NO
28.851697047840783,1710.002944363796,NO
28.88791333038651,1711.0061180157363,NO
28.942877845338487,1712.0038004658595,NO
29.00568100915776,1712.9995986550518,NO
29.06569801139411,1713.9964804638153,NO
29.112053892819695,1714.9957757458521,NO
29.166263987952956,1715.9877941127054,NO
29.2471349267235,1716.9754826449541,NO
29.36765905048738,1717.950419421597,NO
29.567569782059945,1719.0539354988289,NO
29.639987504465772,1720.007315761666,NO
29.65558873253653,1721.0021983697902,NO
29.664944434118958,1722.0035644208406,NO
29.69018388327873,1723.01012044291,NO
29.72359712735913,1724.0077175568854,NO
29.747324204294276,1725.0043697744554,NO
29.75956791053345,1726.0016880888559,NO
29.760065789899897,1726.9985661302337,NO
29.760097437422584,1728.0014336806378,NO
29.76926932049848,1729.0027632417864,NO
29.776409064409542,1730.000448078056,NO
29.76848189421888,1730.9958159380033,NO
29.749370482677296,1731.9949672788755,NO
29.73717979531861,1732.999205981269,NO
29.739663787047167,1734.002112261224,NO
29.74631624477246,1735.0012903548259,NO
29.74585101250001,1735.9984534543867,NO
29.737641697348906,1736.9973445515411,NO
29.728290768153155,1737.9977999251878,NO
29.723039069417165,1738.9994393503534,NO
29.723025492102,1740.000560677131,NO
29.716950528351568,1740.9962567210791,NO
29.69526329364505,1741.9915437914142,NO
29.667806109481788,1742.9917807696834,NO
29.648548387245707,1743.9953139786057,NO
29.64378389052031,1745.0010915712626,NO
29.65025522260703,1746.003215222486,NO
29.664215692090682,1747.0058307799877,NO
29.683321307479112,1748.0061459600258,NO
29.69666216139769,1749.0028173793303,NO
29.705173585073574,1750.0027726620724,NO
29.715332818976975,1751.0026604409738,NO
29.719385123838677,1751.9988546331895,NO
29.706632598734792,1752.9934542771762,NO
29.68289912907168,1753.9931841162047,NO
29.670284263950112,1755.0003409676742,NO
29.678152549262894,1756.0046741331666,NO
29.69089578562671,1757.0028768747488,NO
29.697416893283826,1758.0006225989634,NO
29.69871794871795,1759.0,NO
29.701869763064153,1760.001522626389,NO
29.70953917165233,1761.002351909606,NO
29.715022560762556,1762.000574551308,NO
29.714269964657802,1762.9991332759062,NO
29.709642383705376,1763.9988124432753,NO
29.69833904564503,1764.9956099238077,NO
29.678935458938444,1765.9932690873513,NO
29.65478306921967,1766.9913152973186,NO
29.628478247447987,1767.992546025951,NO
29.617561932977928,1769.0016273960223,NO
29.634107332542996,1770.0081137763866,NO
29.657594618728883,1771.006082436122,NO
29.670943030063103,1772.0017049583848,NO
29.670681644265535,1772.996960138436,NO
29.660162132780503,1773.9968501123942,NO
29.65373562619562,1775.0025649214188,NO
29.664889803166318,1776.0072850043332,NO
29.68480080649196,1777.0051559299116,NO
29.691747296918656,1777.9976823105626,NO
29.68277094883742,1778.9953250456304,NO
29.67098740649859,1779.995586002222,NO
29.665609789953304,1780.999659826836,NO
29.67492521426068,1782.0052537339097,NO
29.696066314119125,1783.0073532345368,NO
29.71602500171772,1784.0045894949208,NO
29.717666568225052,1784.996563893434,NO
29.703196848527874,1785.995173932366,NO
29.6968892860885,1787.001229657991,NO
29.7035341261699,1788.0023956837742,NO
29.707818930041153,1789.0,NO
29.702514734150782,1789.9969950984032,NO
29.6894392036857,1790.9955814522073,NO
29.679354624589507,1791.998691243401,NO
29.678844489618868,1793.000652755055,NO
29.679468327808355,1793.9993511504733,NO
29.682603030867103,1795.0029059742599,NO
29.69821528511713,1796.006830518386,NO
29.722161924952914,1797.0069459519798,NO
29.747804369448236,1798.0060993683803,NO
29.780684243750606,1799.008461608595,NO
29.81582686230914,1800.0061954264108,NO
29.841370914189074,1801.0031917321933,NO
29.863100564752607,1802.0032921708284,NO
29.88953368944875,1803.0027755353965,NO
29.962607049721957,1804.0038760983882,NO
30.097828362382295,1804.9802356911582,NO
30.27018551949826,1805.9515786269098,NO
30.59611637151779,1807.0912920412768,NO
30.76400179925794,1808.0268531863821,NO
30.89299284463174,1809.0147176343892,NO
31.017494926929988,1809.9974406220065,NO
31.140009267663785,1810.9822913188382,NO
31.257715174866394,1811.968645929038,NO
31.34820226871932,1812.9879216256923,NO
31.41300424444566,1813.9763629214601,NO
31.595500247112785,1815.065869356391,NO
31.71395143746769,1816.0205157781556,NO
31.787820500887193,1817.0140892226887,NO
31.88789084441528,1818.013736695146,NO
32.04935144624603,1818.988491164375,NO
32.231096762870365,1819.9552421280569,NO
32.34831013889806,1821.0106801326544,NO
32.303671138629994,1822.0183587107535,NO
32.29843431076056,1822.9857888414438,NO
32.38860026742018,1823.9616756899115,NO
32.65181831465979,1825.0739046264425,NO
32.78783875200038,1826.0192462171392,NO
32.85556876716287,1827.006666056983,NO
32.939362435002835,1828.0070795125146,NO
33.07937995398217,1828.984060250408,NO
33.26569666470621,1829.936390416653,NO
33.63698583831279,1831.0766588582076,NO
33.76140691118896,1832.0139761646117,NO
33.81723329912822,1833.0094630473122,NO
33.86774071033695,1834.0071135473713,NO
33.92958486331281,1835.005148933242,NO
34.00222659188535,1835.9998371859588,NO
34.10976474084336,1836.9828628170626,NO
34.27484006934566,1837.9352980667277,NO
34.60633524809764,1839.069368237932,NO
34.72525360235273,1840.0186609365796,NO
34.80350578154767,1841.0157594337506,NO
34.89063070386362,1842.0101611835169,NO
35.02900826829526,1842.9942906192887,NO
35.209521029930286,1843.9477286425463,NO
35.54782158264958,1845.0872991865867,NO
35.68667976079051,1846.021377927263,NO
35.740992543739814,1847.0070996970553,NO
35.769410393585105,1848.006418001253,NO
35.79482802483073,1849.0048657387138,NO
35.81537032692345,1850.0032839270634,NO
35.83011954022062,1851.0020143928043,NO
35.843228600886846,1852.0021687742972,NO
35.88648375428913,1853.007627573675,NO
35.97081484650601,1854.0029733637812,NO
36.09746434923158,1854.9829026859097,NO
36.277295706127106,1855.9358275345887,NO
36.647593800359324,1857.074463229435,NO
36.778003789539206,1858.0164267808238,NO
36.84490228941227,1859.0088446762218,NO
36.93779574252116,1860.007814605164,NO
36.11550170276564,1862.2133207449974,NO
34.03252604828267,1863.0801857464298,NO
33.1909588853272,1863.4581441592916,NO
32.037949095189305,1864.0635027543074,NO
30.9494582487724,1864.9130365235326,NO
30.142596641533753,1865.1975485235528,NO
29.08411687572949,1866.095198142836,NO
28.071801204421572,1867.0734330512287,NO
27.086444369846507,1868.077538913798,NO
26.16326097625478,1869.1239415811349,NO
25.499052086081008,1870.30390341756,NO
25.034144743838073,1871.019698891489,NO
24.353218196461246,1872.1552285584983,NO
24.01496866168268,1873.0071059097577,NO
23.255549513542007,1875.058751158526,NO
23.04277807776272,1876.0117759872085,NO
22.832516028834824,1876.9553062471905,NO
