X,Y,is_wing_root
242.5679835989169,1108.9818987533886,NO
242.5866267381583,1110.028866847963,NO
242.71670163001625,1111.0427321570342,NO
242.92267873755682,1112.0207341918947,NO
243.14960072605737,1112.9400709235401,NO
243.8867862003724,1114.061280864265,NO
244.16644275448388,1114.884903536107,NO
245.06993188652675,1115.9371116098916,NO
246.06677322610346,1116.920985017833,NO
247.15158608472166,1117.7488253882623,NO
249.11193963574627,1118.7007137068567,NO
250.01275385105768,1118.959095756508,NO
250.96403238861706,1119.17168540642,NO
251.95406250611563,1119.3499068723388,NO
252.9781752129316,1119.4596043553713,NO
253.9993144537782,1119.4901655517344,NO
256.5086618651849,1120.4396098080128,NO
257.014905134832,1120.9830519235015,NO
258.0464742304975,1121.9472507664489,NO
259.0711527348389,1122.9210633732855,NO
260.09360156685887,1123.8971701085975,NO
261.11390857222455,1124.877783929831,NO
262.130803839436,1125.8595618801978,NO
263.1526995231561,1126.8358259536951,NO
264.18069007999026,1127.8046813354915,NO
265.22646272746096,1128.7510361511054,NO
266.30993532612547,1129.6526965829414,NO
267.46555901700134,1130.4791270325513,NO
268.0037688666191,1130.9955281884513,NO
269.03737615163345,1131.9560628528734,NO
270.0687676804768,1132.9207590834535,NO
271.0997265784585,1133.886398425354,NO
272.1329865793431,1134.8500950130326,NO
273.17390557625424,1135.805193592334,NO
274.23231834705757,1136.737630508508,NO
275.3387747500197,1137.6111291674533,NO
275.9962243405151,1138.0057635066441,NO
277.1135584560426,1138.7346410388016,NO
277.9929775119678,1139.016680455398,NO
280.04399069307976,1139.890894373501,NO
282.1022395694316,1140.6634614286434,NO
283.0169123980256,1140.9590308280203,NO
285.08654271144826,1141.6804829788773,NO
286.01731577075446,1141.9540205245269,NO
288.0645225291928,1142.5511274211062,NO
289.0282643942344,1142.676388563122,NO
290.0194954059626,1142.7574961593884,NO
291.01339952731354,1142.8372914450138,NO
292.0068449164442,1142.9188161088991,NO
292.999730984156,1143.0030488461714,NO
293.99140248673183,1143.0913485777055,NO
294.9836811868925,1143.1809259714091,NO
295.976937176002,1143.2673191043366,NO
296.9718953467176,1143.3495944825734,NO
297.9743265569304,1143.4223695324258,NO
298.97899493898854,1143.4821616361803,NO
300.02823128101494,1143.5518284205798,NO
301.0293358502319,1143.6259679102416,NO
302.0242838916301,1143.7051241566874,NO
303.0176545303966,1143.7856235475642,NO
304.0113614987158,1143.868309897309,NO
305.0041238825555,1143.9542786934062,NO
305.99637723584783,1144.041057992906,NO
306.98815565271514,1144.128523763336,NO
307.9813969611487,1144.2156261385903,NO
308.97796002748066,1144.29579962141,NO
309.9755624632002,1144.3665630684197,NO
310.974716514765,1144.4298192473905,NO
311.97642406975353,1144.4931298997635,NO
313.03177615230135,1144.574366798721,NO
314.02797317422113,1144.652040988747,NO
315.0212288737048,1144.7293318607694,NO
316.0149136431068,1144.804975447505,NO
317.00917287662344,1144.8800470048961,NO
318.0034585547287,1144.9580032616764,NO
318.99669311352625,1145.0392212108882,NO
319.9900658271481,1145.120629248472,NO
320.9829821479699,1145.2018396363562,NO
321.9766679481611,1145.2833177880636,NO
322.97232491834455,1145.3619048931535,NO
323.9704386752923,1145.4357082250772,NO
325.0286127021476,1145.5202603680586,NO
326.0314571979713,1145.5989207266152,NO
327.02490143137817,1145.6743659160798,NO
328.01916460724345,1145.7493859196834,NO
329.01394100703294,1145.8265874660947,NO
330.00773267481514,1145.906103229173,NO
331.00121767623165,1145.9844746280755,NO
331.99576829818193,1146.0583288599773,NO
332.99359983702163,1146.1208919686724,NO
333.99415061852494,1146.1657324856294,NO
334.9933261689109,1146.2002149461057,NO
335.9902435267909,1146.2369429364423,NO
336.9885631224539,1146.2777527587498,NO
337.98753524924433,1146.3178511419003,NO
338.98746165422943,1146.3552531526786,NO
339.98621959412486,1146.3904448578705,NO
340.9866990290328,1146.423968465973,NO
341.9866331093551,1146.45447429717,NO
342.98770887759275,1146.482190185226,NO
344.01617986055373,1146.5155559755797,NO
345.0150057017691,1146.5498289167238,NO
346.0146762440099,1146.5841730600368,NO
347.01343715480925,1146.6192805896112,NO
348.0115555293578,1146.6533340960068,NO
349.01102528995017,1146.6876167649493,NO
350.00927616565883,1146.7217150115648,NO
351.0090518808883,1146.757028455409,NO
352.0069336281155,1146.7919911425786,NO
353.0061328277749,1146.8262365353664,NO
354.00465477659714,1146.860356692717,NO
355.00372104364976,1146.894570423242,NO
356.0023762147062,1146.9287135540317,NO
357.00130925600547,1146.962904410827,NO
358.0000971290522,1146.9970861282375,NO
358.99880035107986,1147.0322011032497,NO
359.9977545839747,1147.0673624852784,NO
360.9964163130187,1147.1015378042378,NO
361.995175928408,1147.1366820371018,NO
362.9931921129488,1147.1736011185105,NO
363.9925591449629,1147.2108242394102,NO
364.9897638413159,1147.2485924416037,NO
365.98927979817523,1147.287752791694,NO
366.98856322390156,1147.3240420099908,NO
367.9880539920142,1147.358380263618,NO
368.9869463906117,1147.3916083079225,NO
369.98669815564006,1147.4239963053678,NO
370.98663310471,1147.4544744551035,NO
371.9862277279868,1147.4839291647108,NO
373.0164996552563,1147.5196243049793,NO
374.0157108418705,1147.5548594521276,NO
375.0137038279205,1147.5888851348031,NO
376.01329922697545,1147.6231885451507,NO
377.01142532771854,1147.657240145447,NO
378.0108874755276,1147.6915215071695,NO
379.0091459662936,1147.7256209927841,NO
380.0089064685943,1147.7609316275896,NO
381.00680342909874,1147.7958971133442,NO
382.0059950120206,1147.830141315319,NO
383.0045245726918,1147.8642628101388,NO
384.00358322561124,1147.898475267915,NO
385.0022460108047,1147.9326196713378,NO
386.00117144030344,1147.9668091892997,NO
386.99996692915363,1148.0009921254575,NO
387.99865493821426,1148.0361042907746,NO
388.9976243853071,1148.0712684455682,NO
389.99627895635024,1148.105429576758,NO
390.99534522340286,1148.139643307283,NO
391.9938671722251,1148.1737634646336,NO
392.9930666653938,1148.20800005214,NO
393.9914553896654,1148.2420973081553,NO
394.9907878936698,1148.2763632084486,NO
395.98840320373165,1148.3112824325015,NO
396.98773608328287,1148.3474776623375,NO
397.98571440692956,1148.3834554007683,NO
398.9851871094955,1148.419698590891,NO
399.98577958447254,1148.453275762466,NO
400.9847344859071,1148.4856341838233,NO
402.0159164045099,1148.5225078326678,NO
403.01646765019444,1148.5579735910244,NO
404.01357369506417,1148.5927891207539,NO
405.0131614138437,1148.627093250797,NO
406.0112951260457,1148.6611461958948,NO
407.0107496612354,1148.6954262456952,NO
408.0090165829174,1148.7295024943294,NO
409.0083378866723,1148.7637598626477,NO
410.00673728730914,1148.7978813671648,NO
411.0062163564559,1148.8331399022518,NO
412.0043947451484,1148.8681576367032,NO
413.00344541028306,1148.902380035794,NO
414.0021158063693,1148.9365258046619,NO
415.00103362268504,1148.9707140220673,NO
415.9998372462757,1149.0048826120558,NO
416.99862183469486,1149.039048019453,NO
417.99755824249775,1149.0732527299826,NO
418.9959648204041,1149.1083127176803,NO
419.9952156983405,1149.143529059415,NO
420.9937293555551,1149.1776682705308,NO
421.9929361726062,1149.2119148360312,NO
422.9908017710472,1149.2468998348238,NO
423.9888326001735,1149.2847686934526,NO
424.98730436709104,1149.323738636764,NO
425.98651668506,1149.3619205663006,NO
426.9875579183811,1149.3965913669379,NO
427.9857084371226,1149.428746915088,NO
428.9864614356954,1149.4603112017962,NO
429.9864696613636,1149.49095800404,NO
431.01578607379685,1149.5264177543215,NO
432.0163222636451,1149.561876072165,NO
433.0134435038937,1149.5966948561306,NO
434.0130236010847,1149.6309979458836,NO
435.0111649248797,1149.6650522311352,NO
436.010611844056,1149.6993310660282,NO
437.00888637938516,1149.7334086005594,NO
438.00820006913085,1149.7676646932362,NO
439.00660708837404,1149.80178733548,NO
440.0060709425839,1149.8370431167905,NO
441.0042645461375,1149.872063607292,NO
442.00330759467545,1149.906284811591,NO
443.00198560404084,1149.940431874778,NO
444.0008958058625,1149.9746188322874,NO
444.9997070427728,1150.0087887174059,NO
445.9984840185218,1150.0429528112702,NO
446.9974280433923,1150.0771587034087,NO
447.9958189091139,1150.1122292839696,NO
448.9947629015407,1150.14838446575,NO
449.9923317507137,1150.1862289235396,NO
450.99065081056835,1150.2270517583363,NO
451.99063135033236,1150.265445090738,NO
452.988143590646,1150.302338436272,NO
453.9880126702727,1150.3396410304624,NO
454.9860054694398,1150.3756426700704,NO
455.98712898080015,1150.4102637528597,NO
456.98703556888063,1150.4407906728438,NO
457.9880580591558,1150.4684915239502,NO
458.9882534639999,1150.4962911298219,NO
460.0156568202528,1150.530295360902,NO
461.0153663587755,1150.5646198071042,NO
462.0133773755192,1150.5986787074974,NO
463.01363230769635,1150.6340801543677,NO
464.011034879157,1150.668953603079,NO
465.01047402962723,1150.703235808422,NO
466.00875617614804,1150.7373146979346,NO
467.0080622535071,1150.77156946949,NO
468.00647762303583,1150.8056712958862,NO
469.0056504692932,1150.8399033598807,NO
470.0041984045861,1150.8740478539667,NO
471.0033808260228,1150.9092515101681,NO
472.0018558608733,1150.9443241700642,NO
473.00075799149096,1150.9785235730615,NO
473.99957888025835,1151.012633593097,NO
474.998856610479,1151.0416520463484,NO
475.9938839079195,1150.9643868696471,NO
476.9154490140441,1150.7793312206422,NO
478.9382556929839,1149.839720735171,NO
479.95954860754074,1149.5165565444854,NO
481.0,1149.4510763209394,NO
482.0,1149.4510763209394,NO
482.99911362645145,1149.4520505333473,NO
483.99910796548096,1149.4549376284447,NO
485.0,1149.456862745098,NO
486.0,1149.4559260203337,NO
487.0,1149.4549902152642,NO
488.0,1149.4559260203337,NO
489.0,1149.456862745098,NO
490.00089387471456,1149.4558761282096,NO
491.0008900338746,1149.4539172997213,NO
492.0,1149.4529411764706,NO
493.0,1149.4529411764706,NO
494.00088618546357,1149.4519546099948,NO
495.0008823445691,1149.449995753723,NO
496.0,1149.4490196078432,NO
497.0,1149.4490196078432,NO
498.0,1149.4490196078432,NO
499.00087849622054,1149.4480330958345,NO
500.00087465532226,1149.446074237614,NO
501.0,1149.4450980392157,NO
502.000870807077,1149.444111632422,NO
503.00086696969777,1149.4421545689302,NO
503.99913303030223,1149.4421545689302,NO
504.999129192923,1149.444111632422,NO
506.0,1149.4450980392157,NO
507.0,1149.4450980392157,NO
508.0,1149.4450980392157,NO
509.0,1149.4450980392157,NO
509.99912534467774,1149.446074237614,NO
510.99912150377946,1149.4480330958345,NO
512.0,1149.4490196078432,NO
513.0,1149.4490196078432,NO
514.0,1149.4490196078432,NO
515.0,1149.4490196078432,NO
516.0,1149.4490196078432,NO
517.0,1149.4490196078432,NO
518.0,1149.4490196078432,NO
519.0,1149.4490196078432,NO
520.0008784891016,1149.44802946521,NO
521.0026121060014,1149.4440580343053,NO
522.0034287097959,1149.4371605244312,NO
523.0033670450038,1149.4292982629752,NO
524.0057390375152,1149.418129874884,NO
525.0187787838386,1149.383087178875,NO
526.0277928656641,1149.3081382932328,NO
527.0217580798987,1149.2133965534067,NO
528.0120505573971,1149.1117415302483,NO
529.0005365319588,1149.004637818623,NO
529.988668202006,1148.896799694658,NO
530.9780574132077,1148.7927644537601,NO
531.9699192627618,1148.6931764824674,NO
532.9646271420993,1148.5998936822805,NO
533.9690840541165,1148.509761417014,NO
535.0286440877165,1148.4230191846912,NO
536.0285012880721,1148.3460870886668,NO
537.0246722780383,1148.2567930828093,NO
538.0169346841466,1148.157030704759,NO
539.0057668119595,1148.0525191814556,NO
539.9938091590662,1147.9455632964623,NO
540.9818692056082,1147.837777103194,NO
541.9728512959958,1147.7337338638845,NO
542.9643365050899,1147.6362323546407,NO
543.9674227296337,1147.5430132869972,NO
545.0265554541338,1147.4559436590935,NO
546.0286084729908,1147.3839558090358,NO
547.028069055956,1147.2982337170222,NO
548.0200338042207,1147.2043448015218,NO
549.0113989885627,1147.1019909500567,NO
549.9992468757542,1146.993489942965,NO
550.9874192135311,1146.88542497795,NO
551.9753471223536,1146.779421621581,NO
552.9668869349742,1146.6752372460214,NO
553.9648827644452,1146.5798326088436,NO
555.0261967246271,1146.4870650337698,NO
556.0284972047834,1146.415244992847,NO
557.0273018773061,1146.3396087321967,NO
558.0248601205818,1146.248601190927,NO
559.0159184233183,1146.1476071954287,NO
560.0047021954939,1146.0420722753718,NO
560.9923083101488,1145.9335125115065,NO
561.9803986307754,1145.8246193284062,NO
562.9696682869483,1145.718742302138,NO
563.9636274372652,1145.6179006029931,NO
564.9698825124347,1145.5265907393507,NO
566.025469678487,1145.4461585164727,NO
567.0299322133193,1145.372327547416,NO
568.0268133499486,1145.2848918408051,NO
569.0189966170334,1145.1899661589543,NO
570.0096745033482,1145.088107085927,NO
570.9978569717717,1144.9811561315203,NO
571.9855079849083,1144.8725702149914,NO
572.974209618686,1144.7651233080667,NO
573.9633745233648,1144.6603819499435,NO
574.9658641766011,1144.561419490984,NO
576.0253273520276,1144.4737153021924,NO
577.0278278415318,1144.4054914138308,NO
578.0276195250519,1144.3275804069126,NO
579.0228498197259,1144.2378246402677,NO
580.0148779235479,1144.1379589250007,NO
581.0035048073696,1144.0297908636476,NO
581.9908395313415,1143.9194510532636,NO
582.9780264573905,1143.8100592080962,NO
583.9685025552201,1143.7025241264434,NO
584.9625094291001,1143.6024437308074,NO
585.9707012394144,1143.5107107042477,NO
587.026264685434,1143.4320964225942,NO
588.0282537611425,1143.3602354538943,NO
589.0257203560623,1143.2732787808607,NO
590.0185426093557,1143.1751246475599,NO
591.0078162921144,1143.071184090404,NO
591.995592979212,1142.9625403220373,NO
592.9835496017788,1142.85281222679,NO
593.9721387313632,1142.7462634409774,NO
594.9613456651072,1142.6415689009789,NO
595.9678485232894,1142.542181060634,NO
597.0244832278389,1142.4597405841998,NO
598.0277067923735,1142.3925128953783,NO
599.0274927938007,1142.3115849901933,NO
600.0215205809933,1142.2195099244882,NO
601.0129820773117,1142.1182296351603,NO
602.0013491355099,1142.0120712124287,NO
602.9888338845689,1141.9034793412625,NO
603.9760800250039,1141.793234114598,NO
604.9653580235107,1141.6845105645857,NO
605.962632488011,1141.582387259246,NO
607.023832322067,1141.4888057965886,NO
608.0265487485132,1141.423120676269,NO
609.0269132100932,1141.351941957912,NO
610.0250092412299,1141.2657231858311,NO
611.0175284626989,1141.1686701112371,NO
612.0072064480604,1141.0644787456513,NO
612.9946996040323,1140.9549466327544,NO
613.9811430320202,1140.8423433838605,NO
614.9693384884116,1140.7303901627877,NO
615.9612268037484,1140.6237153629509,NO
616.9684916365727,1140.526434015998,NO
618.0229474774326,1140.4492410032783,NO
619.0278275843926,1140.3835693872877,NO
620.0261586797891,1140.3032028884434,NO
621.0213554671273,1140.209447851214,NO
622.0118264242202,1140.1058153743513,NO
622.9996541256183,1139.9970102383977,NO
623.9862709136214,1139.885215836212,NO
624.9742302387596,1139.773403828673,NO
625.9625774151012,1139.6651663464354,NO
626.9645958917009,1139.562197983769,NO
628.0243601420611,1139.4731489202384,NO
629.0256898149694,1139.4094314230174,NO
630.0275492088512,1139.3345261260556,NO
631.0239380263671,1139.2441678671166,NO
632.0155091294353,1139.1438119249428,NO
633.0042878698412,1139.0383651511197,NO
633.9920921367591,1138.9304653420318,NO
634.9784508794424,1138.8198352231634,NO
635.9674198237415,1138.708493160482,NO
636.9605667948199,1138.6029349624048,NO
637.9720077373066,1138.508416580684,NO
639.024722013889,1138.4347664635698,NO
640.0273378552123,1138.3669027815201,NO
641.0246819394641,1138.286086125073,NO
642.0193903609853,1138.1939035982382,NO
643.0098107994518,1138.0962213025648,NO
643.9993560813854,1137.9941357410644,NO
644.9875139506214,1137.8882827163507,NO
645.9765549241527,1137.7826002096301,NO
646.964016999378,1137.6780468373024,NO
647.9631968073337,1137.575090385656,NO
649.0217304781565,1137.486279816472,NO
650.0242840147579,1137.42706372001,NO
651.0261491642699,1137.360434408375,NO
652.024625942671,1137.2790940113714,NO
653.0186406991577,1137.1864069804103,NO
654.0089663890236,1137.0896638848646,NO
654.9986000055974,1136.9874737343216,NO
655.9863651158621,1136.8801070559673,NO
656.9765760810255,1136.774600027001,NO
657.9640695106747,1136.672775893867,NO
658.9637448444065,1136.5716832736357,NO
660.0220880466737,1136.4840163101605,NO
661.0256829409983,1136.4225257886678,NO
662.0263315513673,1136.3533971250995,NO
663.0239589643231,1136.271534923579,NO
664.0176396621118,1136.1799245521936,NO
665.0084529070821,1136.0829035119816,NO
665.9977700875833,1135.9800481521083,NO
666.9858445508187,1135.873345981309,NO
667.9754598817104,1135.7682322113308,NO
668.9639656756809,1135.665863544051,NO
669.9645219816202,1135.5661423044576,NO
671.0232401757064,1135.4785578998622,NO
672.0260702311182,1135.4154943053447,NO
673.0251691658347,1135.3469263225127,NO
674.0238566196194,1135.2644973044758,NO
675.0171331041861,1135.1713310315974,NO
676.00740777606,1135.0755593152458,NO
676.9971339978821,1134.9743568232163,NO
677.9855554554443,1134.8684514664428,NO
678.9745220295333,1134.7637497325843,NO
679.9633664786439,1134.6603073534425,NO
680.9667708390602,1134.5619792412645,NO
682.0223519087135,1134.4798526631703,NO
683.0254477193496,1134.4186560132923,NO
684.0260407891017,1134.3494947895576,NO
685.02403538277,1134.2664792437545,NO
686.0170841218841,1134.1742580419132,NO
687.0078696038856,1134.0771826536943,NO
687.9969913322886,1133.9735444741677,NO
688.9853521921801,1133.8666003188196,NO
689.9737816945509,1133.7612261417528,NO
690.9629693063055,1133.6566244827327,NO
691.96738861917,1133.5586593316714,NO
693.0227043304785,1133.47773694298,NO
694.0245909997807,1133.4180469947112,NO
695.0254433994202,1133.3507062987724,NO
696.0246061002931,1133.267002354342,NO
697.0175235220241,1133.1718653126056,NO
698.0075651655053,1133.0714487868145,NO
698.9963156520178,1132.9670347812898,NO
699.9847295882371,1132.8609301756462,NO
700.9737102729133,1132.7562225349682,NO
701.9625543686551,1132.6527768791336,NO
702.96710114789,1132.5547688871823,NO
704.0216292114493,1132.4758426589813,NO
705.0260535260559,1132.4152280684152,NO
706.0280273054481,1132.3403315850558,NO
707.02415540752,1132.2514134103833,NO
708.0154072181955,1132.157153624417,NO
709.0061544540873,1132.0581254009232,NO
709.9946644530934,1131.9530839851523,NO
710.9838470626402,1131.847444477315,NO
711.9724804782347,1131.7448189845147,NO
712.962846490098,1131.6424850966298,NO
713.9691850517729,1131.5476008629557,NO
715.0240541619007,1131.468130988126,NO
716.0254539267484,1131.4056719545242,NO
717.0261524321521,1131.333443509316,NO
718.0228781813014,1131.2482525958094,NO
719.0148153849831,1131.15741346412,NO
720.0063587471924,1131.0589629274664,NO
720.99486929968,1130.9540937340876,NO
721.9847867825557,1130.85079344391,NO
722.9730728352727,1130.750311749678,NO
723.9626904692618,1130.647632202362,NO
724.9686597480024,1130.5519667910492,NO
726.0171584210433,1130.4823422678528,NO
727.0172787455709,1130.440608008773,NO
728.0186719384651,1130.3967786831352,NO
729.0183410955789,1130.3464429202236,NO
730.0170864305833,1130.2904693188323,NO
731.0144311057242,1130.2299957457612,NO
732.0113110146776,1130.1648176459616,NO
733.0067995758483,1130.0963273253574,NO
734.0019043700219,1130.026978575545,NO
734.9970094123532,1129.9576333413013,NO
735.9923911550873,1129.889128257478,NO
736.987756839853,1129.8215996626232,NO
737.9836563363112,1129.7548450336858,NO
738.9786203323674,1129.6884676935645,NO
739.9755651257161,1129.6223701395693,NO
740.9745428180372,1129.5603242596164,NO
741.9807585726873,1129.5031764601522,NO
743.0203178486094,1129.4505262008431,NO
744.0212235480964,1129.400889246141,NO
745.0190623511575,1129.3472071059264,NO
746.017086995194,1129.290478917214,NO
747.014439033114,1129.2301220885352,NO
748.0105551893646,1129.168223329243,NO
749.0068107142669,1129.1052564890722,NO
750.0027032540419,1129.0405488124452,NO
750.9984372492256,1128.9758483980747,NO
751.9940722752265,1128.9110841244135,NO
752.9886122124406,1128.8430332063642,NO
753.9849539752202,1128.7743096181903,NO
754.9830308765696,1128.7115249027597,NO
755.9796024615297,1128.6532418472991,NO
756.9761855821985,1128.5951548988853,NO
757.9767659789361,1128.5375974168905,NO
759.0198620186408,1128.478580066162,NO
760.0210111723371,1128.428627902888,NO
761.0199858392069,1128.3775103001992,NO
762.0189044316894,1128.3213753375203,NO
763.0172402996653,1128.2586045065657,NO
764.0131727748661,1128.1919461521445,NO
765.0083675142242,1128.1255127189863,NO
766.00399447906,1128.0599171885844,NO
766.9997625906366,1127.996216288298,NO
767.9960588918625,1127.935162416792,NO
768.9921111455321,1127.8742713828572,NO
769.9886482964317,1127.8132461736677,NO
770.9849986431698,1127.7532034930814,NO
771.9813514784892,1127.693201753671,NO
772.9777045239177,1127.6332034708962,NO
773.9731812892416,1127.5725768004772,NO
774.9798198067547,1127.5137534410167,NO
776.0177653638756,1127.4641770614455,NO
777.0182316740338,1127.4226433494496,NO
778.0177585773123,1127.3773697590912,NO
779.0167420593203,1127.328401920384,NO
780.0136743776372,1127.2789572954755,NO
781.0120752444379,1127.2280879529517,NO
782.0096169331821,1127.175165566432,NO
783.0032303305026,1127.137289042011,NO
784.0,1127.1254901960785,NO
785.0,1127.1254901960785,NO
786.0022618498915,1127.1153543414566,NO
787.0032386340752,1127.0869317585289,NO
788.0009548599182,1127.0608723158496,NO
789.0,1127.0529411764705,NO
790.000101844275,1127.0519405829598,NO
791.001189712928,1127.0319344002964,NO
791.9999118626919,1126.9973558805782,NO
792.9999596604165,1126.9794268113178,NO
793.9999077107021,1126.9764662283446,NO
794.9997688656122,1126.9705303638373,NO
795.9979246037161,1126.947077395154,NO
796.9972497516532,1126.912335830554,NO
798.0,1126.8960784313726,NO
798.9997942929275,1126.8950893875797,NO
799.9969767500664,1126.881395579902,NO
800.9941103022536,1126.849812708586,NO
801.9972058630459,1126.8218737807053,NO
802.9992619282455,1126.8117916970853,NO
803.9996251348776,1126.8088187776393,NO
804.9934904502107,1126.7925080924424,NO
805.9900083201932,1126.7573449029492,NO
806.9978943836436,1126.7315338989267,NO
807.9994636787724,1126.7264761596434,NO
808.996139219473,1126.7187145624252,NO
809.9879785438604,1126.693452870728,NO
810.9906641309422,1126.6599076311595,NO
811.9993022422746,1126.6441435414577,NO
812.9992983516881,1126.6421593422883,NO
813.9927784201235,1126.6316994359024,NO
814.9852696806265,1126.6046072087488,NO
815.9925197775812,1126.5761207496034,NO
817.0,1126.5666666666666,NO
818.0,1126.5666666666666,NO
818.9868503197465,1126.5529108563865,NO
819.98407940123,1126.5223820048568,NO
820.9980472319543,1126.5020441337304,NO
822.0,1126.5000000004902,NO
823.0009784418155,1126.4990053519475,NO
824.0048330590671,1126.4929720202472,NO
825.0047373370402,1126.4832083735978,NO
826.0009361660798,1126.4774447255975,NO
827.0009323064824,1126.475476330827,NO
828.00460207445,1126.4694115895272,NO
829.0080373352921,1126.4554489783934,NO
830.0043337845241,1126.4420460173367,NO
831.0008554296368,1126.4362691374959,NO
832.0008515527953,1126.43429194826,NO
833.0082920684614,1126.4228954805033,NO
834.0102033744315,1126.4002862264342,NO
835.0022662578043,1126.3852638389294,NO
836.0007477734925,1126.381364501111,NO
837.0022197005836,1126.3773491111695,NO
838.0098767401753,1126.359795530741,NO
839.0091329114355,1126.332698912683,NO
840.001862639835,1126.3166487819913,NO
841.0006132006063,1126.3127323255003,NO
842.0041804942582,1126.3045788664933,NO
843.0093462984925,1126.2803889735842,NO
844.0049945048364,1126.254719740015,NO
845.0004786584942,1126.2441158447996,NO
846.0014124581237,1126.2401178886396,NO
847.0061167250572,1126.2228235530417,NO
848.0060743827264,1126.1936209568914,NO
849.0023543293379,1126.171529708398,NO
850.0009514871505,1126.1617528206966,NO
851.0009164741897,1126.1558006171829,NO
852.005194445372,1126.1324583559983,NO
853.0032342012344,1126.0970260435417,NO
854.0001557254587,1126.0794199881075,NO
855.000583984386,1126.0744580135588,NO
856.0011876289036,1126.0605690725029,NO
857.0011694734151,1126.033135082194,NO
858.0000591041281,1126.0021530789277,NO
858.9999137423954,1125.985336206746,NO
860.0,1125.9823529411765,NO
860.9990423838419,1125.967441049532,NO
861.9972359154922,1125.932872228947,NO
862.998894780205,1125.906056314887,NO
864.0,1125.9,NO
864.9998019762495,1125.8990078819909,NO
865.9960508992783,1125.8815269704023,NO
866.9952854973956,1125.8497252236737,NO
868.0,1125.8333333333333,NO
869.0,1125.8333333333333,NO
869.9979699786074,1125.827448176976,NO
870.9935156872849,1125.8054706054945,NO
871.9952110191665,1125.77796542957,NO
873.0,1125.7666666666667,NO
874.0,1125.7666666666667,NO
874.99423869469,1125.7551445320823,NO
875.9909164026352,1125.7274920607733,NO
876.997108839739,1125.705101656118,NO
878.0,1125.7,NO
879.0,1125.7,NO
879.989470491259,1125.6841147165758,NO
880.988381199066,1125.6514359485946,NO
882.0,1125.6333333333334,NO
883.0,1125.6333333333334,NO
883.9956183161842,1125.6275568655954,NO
884.9868712048338,1125.6061361185905,NO
885.9909038541979,1125.5782695951461,NO
887.0,1125.5666666666666,NO
888.0,1125.5666666666666,NO
888.9904317982556,1125.5563833646509,NO
889.9843358879604,1125.530076607284,NO
890.9941911126809,1125.5062445645415,NO
892.0,1125.5000000004902,NO
893.0,1125.5000000004902,NO
894.0105342343476,1125.4884054205877,NO
895.0109648382141,1125.466005609339,NO
896.0008900353877,1125.453918071366,NO
897.0,1125.4529411764706,NO
898.0035204453216,1125.448856804621,NO
899.0109977590078,1125.431450544328,NO
900.007243817101,1125.4104829496846,NO
901.0,1125.4019607843138,NO
902.0,1125.4019607843138,NO
903.0061756549435,1125.3936979771602,NO
904.0095037573792,1125.3728397113941,NO
905.0034882915096,1125.3558057306616,NO
906.0006862674555,1125.3499964205923,NO
907.000682376421,1125.3480119928595,NO
908.009742961205,1125.3312606920824,NO
909.0094519853476,1125.3012820446042,NO
910.0005594071996,1125.2852976866602,NO
911.0,1125.2843137254902,NO
912.0016545976715,1125.281281613065,NO
913.0077327884209,1125.2629148151266,NO
914.0055772232232,1125.2370319794798,NO
914.9995559102895,1125.2264857641967,NO
915.9995521106596,1125.228423575508,NO
917.0034709710728,1125.2212743915713,NO
918.0054790426294,1125.19959369345,NO
919.0017780820673,1125.1813643691698,NO
920.0003440910415,1125.175486440299,NO
921.0013370070437,1125.1704684079998,NO
922.0054790427513,1125.1470690452738,NO
923.0046360046982,1125.1074710172043,NO
924.0010906873817,1125.0794643661488,NO
925.0005381478052,1125.0686138491544,NO
926.0006906234502,1125.0587029948467,NO
927.0012662946002,1125.033990013646,NO
928.0000079989659,1125.0002549670467,NO
928.9999309136416,1124.982382978079,NO
929.9999596191898,1124.9794057857248,NO
930.9994619961807,1124.9695131183419,NO
931.9982836067966,1124.9452899645264,NO
932.9989391304912,1124.9227080788698,NO
934.0,1124.9156862745099,NO
935.0001633927458,1124.9166696953291,NO
936.0003152488048,1124.9196115524335,NO
937.0001518663862,1124.9225481390054,NO
938.0,1124.9235294117648,NO
939.0001480164068,1124.9245116285879,NO
940.0001441733697,1124.926471577649,NO
941.0001403287638,1124.9284323267493,NO
942.0001364862715,1124.9303919979197,NO
943.0,1124.9313725490197,NO
943.9998635121126,1124.9303911738027,NO
944.9997154943433,1124.9274510554133,NO
945.9995444559675,1124.9225575120142,NO
946.999677085952,1124.9176569153633,NO
948.0,1124.9156862745099,NO
949.0004784644933,1124.9186610335596,NO
950.0011055317805,1124.929522353558,NO
951.0010365418358,1124.9471363677546,NO
952.0006056585773,1124.9656793489066,NO
953.0002020533115,1124.979390562423,NO
954.0000749947541,1124.9872508914136,NO
955.0000403983678,1124.9931322772613,NO
956.0000057725377,1124.997056005597,NO
957.0,1124.9980392156863,NO
957.9999942330318,1124.9970588460346,NO
959.0,1124.9960784313726,NO
959.9991227353526,1125.0194523896866,NO
960.9923353974862,1125.0849771148276,NO
961.9841239071369,1125.1722724902243,NO
962.9776013498246,1125.259620725709,NO
963.9725088521591,1125.3419630730978,NO
964.967151090683,1125.422046106829,NO
966.0367063822416,1125.5294053349558,NO
967.0400552283492,1125.6387940144807,NO
968.0287917206572,1125.7468314275025,NO
969.0161183300003,1125.8532080629648,NO
970.0045791874163,1125.95753844471,NO
970.9936264525596,1126.0601946159675,NO
971.9840213828188,1126.1597861622408,NO
972.9760442381045,1126.2545299679975,NO
973.9696341311079,1126.344146507247,NO
974.9678373290922,1126.4291177527775,NO
976.0386284233423,1126.539218101109,NO
977.0416057108137,1126.6553152908457,NO
978.0269684603713,1126.7668828003577,NO
979.0140960820075,1126.8760516954806,NO
980.0019624823897,1126.9818024363458,NO
980.9917876108452,1127.0821238866283,NO
981.9829614585585,1127.1773399106687,NO
982.9763665512324,1127.2678457473571,NO
983.970263407169,1127.3526898149578,NO
984.9713385505024,1127.4299217617256,NO
985.9972158960445,1127.473297687412,NO
987.0194961643564,1127.4519565339824,NO
988.0168933370633,1127.4102667843476,NO
989.0158807048028,1127.3681436085935,NO
990.0146138309273,1127.3240458108544,NO
991.0140629095002,1127.2758493682104,NO
992.0118759942084,1127.2243243374642,NO
993.008533467346,1127.1740827286642,NO
994.0059509379489,1127.1264574284662,NO
995.0038541642992,1127.0786249493592,NO
996.0014796700598,1127.0260217845525,NO
996.9980566117725,1126.9680281302858,NO
997.9946471658392,1126.9090018196057,NO
998.9915682141444,1126.8517168652006,NO
999.988366819171,1126.795416469232,NO
1000.9834858755818,1126.7368061440498,NO
1001.9775531588884,1126.6729174511097,NO
1002.9729345247819,1126.6056173526918,NO
1003.9756150477995,1126.5412016547857,NO
1005.0153924134559,1126.4867851025303,NO
1006.0141572948025,1126.4512637892817,NO
1007.0162873333859,1126.4153269982444,NO
1008.016137265398,1126.3740911496197,NO
1009.0130786688857,1126.3335060540992,NO
1010.0115463364093,1126.2944315762413,NO
1011.0109144803569,1126.2530174972949,NO
1012.0115126202953,1126.202463328219,NO
1013.0085497663723,1126.1453460277874,NO
1014.0048974509181,1126.089203569152,NO
1015.0019349490009,1126.0318330308319,NO
1015.9981712802581,1125.9708547793318,NO
1016.9933223175668,1125.9053994980393,NO
1017.9880611302012,1125.8354372083113,NO
1018.9849446216965,1125.7673259808325,NO
1019.9808081392725,1125.7033985277062,NO
1020.9774323231493,1125.6403276528763,NO
1021.9718094787625,1125.577142162492,NO
1022.9773789603682,1125.5134069916085,NO
1024.0171908233824,1125.4614379002041,NO
1025.0165947834441,1125.4231669746682,NO
1026.0157682002043,1125.3829420302554,NO
1027.0153191255429,1125.3396849520718,NO
1028.0138253121183,1125.2937878756668,NO
1029.0116298138448,1125.2471335384441,NO
1030.0090866465364,1125.2014865068243,NO
1031.0073174672038,1125.1554961744564,NO
1032.005881700203,1125.1034367996292,NO
1033.002832291901,1125.04127054001,NO
1033.9980995196015,1124.9730765274523,NO
1034.9939469627602,1124.9064530645226,NO
1035.9908897407051,1124.8451255925636,NO
1036.9874624074419,1124.7868609273053,NO
1037.9822995321583,1124.7264473259422,NO
1038.9788894103126,1124.6635499793706,NO
1039.9766469501155,1124.6029981534439,NO
1040.976324891252,1124.545705936231,NO
1042.0165117189638,1124.4904951701235,NO
1043.0192415031408,1124.4460530240285,NO
1044.01813403398,1124.402102485949,NO
1045.0148070646744,1124.3596001658457,NO
1046.013695882854,1124.317495463798,NO
1047.0123312418116,1124.273431879125,NO
1048.011485409357,1124.2252907134698,NO
1049.009480827258,1124.1726864942732,NO
1050.006322883326,1124.119432241891,NO
1051.0035464548046,1124.0669885914756,NO
1052.0007657275253,1124.014463742298,NO
1052.9974585446164,1123.9581889612873,NO
1053.9930469604617,1123.8957044022522,NO
1054.9898303601126,1123.8326930270875,NO
1055.986668739472,1123.7733685718683,NO
1056.9826417311267,1123.7144284898673,NO
1057.9775496472237,1123.6530400162062,NO
1058.9708834269413,1123.587515211407,NO
1059.9768683279551,1123.521788102217,NO
1061.0166008137164,1123.4694341013742,NO
1062.0168992208194,1123.4309301276792,NO
1063.0167986199322,1123.3894225500696,NO
1064.0180409074746,1123.3407727004178,NO
1065.0147639255254,1123.2896000666435,NO
1066.0113530097663,1123.2412514519115,NO
1067.0094815089901,1123.1934227776264,NO
1068.0073248701322,1123.143680139458,NO
1069.005126345054,1123.0901529673142,NO
1070.001906832499,1123.0360179475904,NO
1070.9992874134812,1122.9854632354513,NO
1071.9969022997561,1122.936806916911,NO
1072.9945144783512,1122.8880953617038,NO
1073.989923419546,1122.8342240048087,NO
1074.9848035650618,1122.772053465716,NO
1075.9804348533805,1122.7065227875598,NO
1076.9738033857248,1122.638911551044,NO
1077.9708120998027,1122.5689497299943,NO
1078.9787210002262,1122.5026652619931,NO
1080.020976482598,1122.4457502448142,NO
1081.0150869070126,1122.404964354393,NO
1082.01234335487,1122.370300670941,NO
1083.0074089235284,1122.3435046432928,NO
1084.0093418259225,1122.3176220920225,NO
1085.0090166247824,1122.2874049260513,NO
1086.00464777079,1122.2633736656703,NO
1087.0074822343854,1122.2384962302576,NO
1088.0037840868508,1122.2144315780977,NO
1089.0056037703805,1122.190528199327,NO
1090.005031556438,1122.160380867668,NO
1091.0021507915428,1122.1371129519825,NO
1092.0033653789983,1122.1144228897824,NO
1093.0012771335728,1122.093048302894,NO
1094.0022033072364,1122.0702304208778,NO
1095.0012291020473,1122.0391776292743,NO
1096.0002683286036,1122.0136847584292,NO
1096.9995185692937,1121.9863594624587,NO
1097.9993856750268,1121.9608367854914,NO
1098.997879586188,1121.9363875813697,NO
1099.9972140870198,1121.9052789554914,NO
1100.9976579456265,1121.8805552300726,NO
1101.9948298006323,1121.8535110086282,NO
1102.9969420134485,1121.8267141035853,NO
1103.9929650345225,1121.8006759655036,NO
1104.9927069985765,1121.7675355706351,NO
1105.9933433088845,1121.7388528878348,NO
1106.989127824734,1121.7081679211155,NO
1107.993056609523,1121.6780791622425,NO
1108.9855001105227,1121.647859803721,NO
1109.9878046861566,1121.61127435621,NO
1110.9851145672062,1121.5782460441178,NO
1111.9782883880548,1121.538628256921,NO
1112.9931848589545,1121.504441885447,NO
1114.0067105036774,1121.4889081236342,NO
1115.0056025668098,1121.476218191699,NO
1116.0072522689848,1121.4623321178515,NO
1117.0078642287885,1121.4456396103176,NO
1118.0050719199642,1121.4311132085975,NO
1119.0089315480307,1121.414099053477,NO
1120.0054456580026,1121.3967550818788,NO
1121.0081690713062,1121.3787478591616,NO
1122.009052880448,1121.3551514626124,NO
1123.0058916455673,1121.333859899725,NO
1124.0096893345699,1121.308847551361,NO
1125.005565984088,1121.2838651810807,NO
1126.0080900196658,1121.257869386817,NO
1127.0075256513765,1121.2257695564426,NO
1128.0035422775213,1121.2007290500724,NO
1129.0052063091787,1121.1770145180092,NO
1130.0021379320465,1121.1557636200657,NO
1131.0034652177703,1121.1359431582553,NO
1132.0024300721268,1121.112666982713,NO
1133.0007686169376,1121.0979986652458,NO
1134.0020700551358,1121.0812098550755,NO
1135.000624300117,1121.063678611337,NO
1136.0013439557624,1121.042838591585,NO
1137.0003692534804,1121.011769955138,NO
1137.9995744245914,1120.9833043494036,NO
1138.997813433891,1120.9493114223972,NO
1139.9978310096321,1120.9149088396837,NO
1140.994030134867,1120.8782147549225,NO
1141.993505308448,1120.8343853666597,NO
1142.9932613822784,1120.7978414547913,NO
1143.9881084905142,1120.7574132137283,NO
1144.9703754738712,1120.691663113573,NO
1145.9524659970627,1120.5923354927686,NO
1147.031377046429,1120.464195718326,NO
1148.032544655347,1120.3772221528047,NO
1149.0311873779415,1120.2742338343498,NO
1150.0211331846024,1120.1476427907521,NO
1151.0006966038054,1120.0042293802385,NO
1151.9722368989533,1119.84937040902,NO
1152.9457455953159,1119.6868041194914,NO
1153.9557655851113,1119.5230376034438,NO
1155.0310025454128,1119.4054178782485,NO
1156.0318889334328,1119.3127568479413,NO
1157.025465412016,1119.1967781961246,NO
1158.0095006865947,1119.062119871944,NO
1158.9848677168022,1118.9132869191308,NO
1159.9530123686388,1118.7544595075622,NO
1160.9468398576428,1118.58302513084,NO
1162.031965012556,1118.4371431173215,NO
1163.0320899118435,1118.3482096679597,NO
1164.02876282779,1118.2404760990655,NO
1165.016159889793,1118.112897855775,NO
1165.9946814623554,1117.9684598354188,NO
1166.9641745848048,1117.811639571006,NO
1167.9457630828613,1117.6455354905218,NO
1169.0372080412326,1117.4751180769877,NO
1170.0327327485063,1117.3794023235805,NO
1171.0298368915826,1117.2817928708107,NO
1172.0215612303234,1117.164122793051,NO
1173.00442673375,1117.028577648761,NO
1173.9787034127705,1116.8793193390325,NO
1174.949003375116,1116.720889439833,NO
1175.9514906755437,1116.5545152974732,NO
1177.0298812285273,1116.4280170152897,NO
1178.0321097167966,1116.3411657380911,NO
1179.0278554762338,1116.2328900451375,NO
1180.0151765993487,1116.1032008743275,NO
1180.9922075685224,1115.9553467423223,NO
1181.9598196005122,1115.7950799579448,NO
1182.9458353912771,1115.6245576608362,NO
1184.0330446374264,1115.4668136724279,NO
1185.032544663284,1115.3772222448022,NO
1186.0312125226806,1115.2744549346376,NO
1187.0207655899842,1115.1512921585243,NO
1188.001805099409,1115.0112268385192,NO
1188.9734187465394,1114.857300636813,NO
1189.9461278289807,1114.693921800948,NO
1190.9562275852718,1114.530740910262,NO
1192.0294487087958,1114.4171900449094,NO
1193.0327239745488,1114.327239725886,NO
1194.0276078973952,1114.2101496604232,NO
1195.0113906302736,1114.072615266214,NO
1195.985859831248,1113.9207529033015,NO
1196.9535094528876,1113.7595235091878,NO
1197.9470257700057,1113.5872937813594,NO
1199.0348692612495,1113.4352200500027,NO
1200.0359317863458,1113.3331856493057,NO
1201.0278869991312,1113.215490461372,NO
1202.0123151872492,1113.0826413912655,NO
1202.989890567683,1112.9386213039224,NO
1203.9638694832524,1112.7882004111168,NO
1204.9470305611235,1112.633567586723,NO
1206.0430925641483,1112.456597811576,NO
1207.0374737332588,1112.341278649396,NO
1208.0286184849824,1112.2245450401667,NO
1209.0136013443832,1112.0976997925898,NO
1209.9949278563097,1111.9650433341826,NO
1210.9741508685927,1111.8287914620084,NO
1211.960419541333,1111.6941509819922,NO
1212.9653091999762,1111.5795805414473,NO
1214.020242158801,1111.4961797666117,NO
1215.0192398486204,1111.446014669237,NO
1216.0188552875845,1111.4006748518307,NO
1217.0185466689084,1111.3503259720426,NO
1218.017316893006,1111.2943871800012,NO
1219.014294632547,1111.2351697529884,NO
1220.0106435159805,1111.1751029986851,NO
1221.0073094475176,1111.1129641844614,NO
1222.0032159735206,1111.0482396049701,NO
1222.998841613178,1110.9826241968915,NO
1223.9944654922044,1110.9169823793457,NO
1224.9900880901153,1110.8513213450678,NO
1225.9852343495,1110.784843373838,NO
1226.978779086826,1110.7151930168102,NO
1227.9718477352537,1110.6410586251568,NO
1228.969678737965,1110.565679969813,NO
1230.0196112731996,1110.4932234958717,NO
1231.0183360073072,1110.445303064014,NO
1232.018126957663,1110.401945576316,NO
1233.0173901473993,1110.354758996362,NO
1234.0160822688954,1110.303776193518,NO
1235.0141582735832,1110.2489903356457,NO
1236.011884380103,1110.1894073064782,NO
1237.0083607218025,1110.1254108326566,NO
1238.0040332133738,1110.0587696818416,NO
1238.9993154749686,1109.9903025619717,NO
1239.9941991404917,1109.9200422107804,NO
1240.9886761423877,1109.8480219160117,NO
1241.98323313563,1109.7749710382564,NO
1242.9771511444394,1109.7012072906125,NO
1243.97143081472,1109.6264029831957,NO
1244.9713697238476,1109.5529272218716,NO
1246.020568643589,1109.4826456067844,NO
1247.019531326474,1109.433085927695,NO
1248.0189130080362,1109.385825352425,NO
1249.0183160759727,1109.333614236663,NO
1250.0162918430378,1109.2769613306114,NO
1251.0132854997023,1109.2185678906442,NO
1252.0038490243055,1109.178454766884,NO
1253.0118376782552,1109.0862459432426,NO
1253.9647871474174,1108.897423426342,NO
1256.0209109392936,1108.0529046779043,NO
1256.9257574442322,1107.8014729383763,NO
1258.9777215111378,1106.9430911503919,NO
1259.8793933421468,1106.6341463647132,NO
1261.9367239006654,1105.8321211326104,NO
1263.9876161014752,1104.9692830756921,NO
1264.888681330076,1104.6752031177355,NO
1266.945673318072,1103.858003276575,NO
1268.9971754031176,1102.992921071963,NO
1269.9032513332966,1102.7169650863957,NO
1271.9552053617226,1101.8885186044904,NO
1274.0022221632514,1101.005533622012,NO
1274.9043346120836,1100.7333822608307,NO
1276.9562861910654,1099.8876091964553,NO
1279.0050260857581,1099.0125775938973,NO
1279.9085336421376,1098.7449702600545,NO
1281.8847904156528,1097.8273950979246,NO
1282.9461441806181,1096.9356088836676,NO
1283.9831081205928,1095.9796368509378,NO
1285.0193845844074,1095.0232950201923,NO
1285.6675444940106,1094.6171538233061,NO
1286.7740039098042,1093.7382402107817,NO
1287.8398657415462,1092.8136390262057,NO
1288.8866962632494,1091.8675847902066,NO
1289.9271734738354,1090.9134245129446,NO
1290.9651478057485,1089.9579229723752,NO
1292.0030309059857,1089.0036917139603,NO
1292.599534512862,1088.5372052351436,NO
1293.7338370435543,1087.697061503372,NO
1294.8081298161703,1086.7804117964904,NO
1295.8573699867804,1085.8369321481819,NO
1296.895514265834,1084.8797486680996,NO
1297.9307189691685,1083.919239264677,NO
1298.9641933939322,1082.9578140557853,NO
1299.997320583177,1081.9968306325438,NO
1300.5463247741195,1081.4830632941555,NO
1301.7084935864182,1080.661307313121,NO
1302.8024414697475,1079.7685928905655,NO
1303.8633950814228,1078.8388654071616,NO
1304.9087965875342,1077.8919673827124,NO
1305.9470826068787,1076.9368853856524,NO
1306.982771556344,1075.9794402268913,NO
1308.015849714756,1075.0186003052788,NO
1308.638570567751,1074.5928029802035,NO
1309.7433302101415,1073.7080491602317,NO
1310.8132367703695,1072.7848752992077,NO
1311.8654597896298,1071.8439993895574,NO
1312.90718058647,1070.8915044129133,NO
1313.9376922609588,1069.9310320800178,NO
1314.9459654039538,1068.9456783703831,NO
1315.9421830622534,1067.9433970634361,NO
1316.9371413181418,1066.938466402151,NO
1317.9328444239063,1065.933736266997,NO
1318.931142611462,1064.9316927355376,NO
1319.929606137369,1063.9297938565326,NO
1320.932048203323,1062.9311360963475,NO
1321.9344531383017,1061.9339273620928,NO
1322.9343269478754,1060.9346762692142,NO
1323.9315974765282,1059.932325161728,NO
1324.9294019323538,1058.9301539752428,NO
1325.9257896772608,1057.927167590508,NO
1326.9184096011734,1056.9214234905076,NO
1327.90820449422,1055.911617867343,NO
1328.900979323779,1054.9031116663725,NO
1329.8979160859567,1053.8987494222467,NO
1330.8969978657392,1052.8972789057123,NO
1331.896242446829,1051.8968071137613,NO
1332.8928520627524,1050.8945966648232,NO
1333.8852184683724,1049.8886447905743,NO
1334.8735795084438,1048.8784152642088,NO
1335.8647045920939,1047.8677153307137,NO
1336.8604561262398,1046.862024031911,NO
1337.8540681881743,1045.8581445000366,NO
1338.706124879806,1044.7959973801303,NO
1339.0218982646313,1044.0104789239929,NO
1339.954088886896,1041.9807292336288,NO
1340.859199938373,1039.9440539068748,NO
1341.740169757106,1037.902981837266,NO
1342.0150692646582,1037.0062788603555,NO
1342.9273364443245,1034.970353269116,NO
1343.826294235366,1032.9326373732279,NO
1344.6998753561463,1030.8876995355242,NO
1344.990666997919,1029.9961189496714,NO
1345.9019828958849,1027.9601403695572,NO
1346.7950241438753,1025.9206683373525,NO
1347.6565005229295,1023.8747418080079,NO
1347.9676801213604,1022.9865066114156,NO
1348.8735561612764,1020.9493710639986,NO
1349.7611368383275,1018.9102361311744,NO
1350.028433867005,1018.011791028401,NO
1350.9423223777596,1015.9763314938474,NO
1351.846905421169,1013.9394230053404,NO
1352.725318925863,1011.896772123402,NO
1353.0050969909453,1011.0021094476115,NO
1353.9224386834624,1008.9676503034259,NO
1354.831257066111,1006.931873970487,NO
1355.853166871787,1004.9178184772102,NO
1356.6777166154884,1003.7605634634026,NO
1357.9413056073356,1001.9589870409187,NO
1358.8363853733701,1000.8823333220868,NO
1359.6692169623661,999.753792168059,NO
1360.936765321493,997.956079081866,NO
1361.8274256300401,996.8761874316477,NO
1362.637082814127,995.7344891391266,NO
1363.9197194915837,993.9442521917746,NO
1364.8039108361174,992.8586678074645,NO
1365.5837831919396,991.6946912549816,NO
1366.0032281301321,991.0022737894966,NO
1366.9099069914232,989.9366242258685,NO
1367.7884454466366,988.8476591941715,NO
1368.5528923601528,987.6680980351364,NO
1368.9961426649584,986.9972608589096,NO
1369.9024397448804,985.9313464887182,NO
1370.7794377184125,984.8397721694486,NO
1371.535276219613,983.6548795563605,NO
1371.9909913005233,982.9936777514039,NO
1372.8937455714713,981.9253747941519,NO
1373.7659430713247,980.8294989924824,NO
1374.4852793086925,979.6221037789113,NO
1374.9806721868292,978.9864726945713,NO
1375.8825814590612,977.9169948646218,NO
1376.7424877891174,976.81361998772,NO
1377.646351587644,975.3217848099765,NO
1377.8627556146973,974.9351901521387,NO
1378.7432994308097,972.9055123429872,NO
1379.0156162914827,972.0064502075268,NO
1379.9244928675416,969.9690420752543,NO
1380.8217823995215,967.9298936957146,NO
1381.6805194325616,965.8838892191216,NO
1381.9778330357021,964.9908827648591,NO
1382.8689295995694,962.9485033067073,NO
1383.725375928043,960.9012058947714,NO
1384.0024130595277,960.0009823918217,NO
1384.9014830195647,957.960553562803,NO
1385.782046191122,955.9183530824781,NO
1386.0410255727797,955.0166628192786,NO
1386.9469319219324,952.9785087486148,NO
1387.836593165172,950.9366861492688,NO
1388.7005790684416,948.8904080309508,NO
1388.989047813619,947.9955195600206,NO
1389.8888879987958,945.9555551995182,NO
1390.761925504279,943.9119174679033,NO
1391.0272261306784,943.011144094644,NO
1391.930476339554,940.9719685033064,NO
1392.819413329041,938.9307159695444,NO
1393.673736270927,936.8826026730009,NO
1393.9733036392813,935.989125664818,NO
1394.8702179935472,933.9488257918712,NO
1395.7478415606604,931.9057426945928,NO
1396.0186243894107,931.0076558753467,NO
1396.9298323834196,928.9709506069348,NO
1397.8199401756976,926.9304314330885,NO
1398.0635426894955,926.0229252043903,NO
1398.3292582942966,925.0704844394494,NO
1398.6355846376548,923.9413877410774,NO
1398.8009195027516,922.9644777923284,NO
1398.9593662438967,921.9928293371582,NO
1399.117270703849,921.0204648881536,NO
1399.2748455013852,920.0481520673661,NO
1399.4577489415524,919.0670106663404,NO
1399.6984942607987,917.9485088906824,NO
1399.857533872602,916.9748589186945,NO
1400.0158584520832,916.0027985503676,NO
1400.1740402398334,915.0307129835,NO
1400.3362192943716,914.0565383706635,NO
1400.5919029113963,912.934953051182,NO
1400.7718224349353,911.9576785470922,NO
1400.9364410878093,910.9881605949959,NO
1401.1008372472777,910.01858568869,NO
1401.2617815775616,909.0441435608669,NO
1401.431588495545,908.0609043672995,NO
1401.6786077720321,906.94260853072,NO
1401.8473264444328,905.971261447465,NO
1402.0109915117766,905.0020043343653,NO
1402.171433389983,904.0299168081766,NO
1402.3281021926016,903.0508509827198,NO
1402.4854399708051,902.048097729699,NO
1402.6109408255436,900.9690129874948,NO
1402.6878723458537,899.976131413311,NO
1402.7639025336975,898.981482551628,NO
1402.8393720318877,897.9877166840854,NO
1402.9100284111344,896.9938254793273,NO
1402.9727264104972,895.9983956711998,NO
1403.0300718794729,895.0017099695682,NO
1403.0881826360499,894.0053601212032,NO
1403.1498543254672,893.0096964567355,NO
1403.2143424701187,892.0142894973677,NO
1403.2799251088213,891.0186616730854,NO
1403.3448543662075,890.0223141069272,NO
1403.4079761493354,889.0255985036788,NO
1403.4727718591969,888.0257705169698,NO
1403.5520600264488,886.9708441419325,NO
1403.6249248815443,885.9720532255449,NO
1403.6954201429946,884.9785002455752,NO
1403.7625524462,883.9841701637893,NO
1403.8293572254756,882.988289221606,NO
1403.8979293754408,881.9927950147998,NO
1403.968332431623,880.9977025488458,NO
1404.0413502891229,880.0031620811147,NO
1404.1153055912384,879.008591397278,NO
1404.1868147405244,878.0131869227456,NO
1404.2554827829572,877.0175331317896,NO
1404.320891409154,876.0201343630777,NO
1404.3822162661381,875.0232327542486,NO
1404.4425129282963,874.0260813118402,NO
1404.5164572278404,872.9735900169185,NO
1404.5904424948633,871.9694839495897,NO
1404.663404457005,870.9749203312622,NO
1404.7352868198711,869.9807953173428,NO
1404.806614938702,868.9859701026936,NO
1404.8800535014966,867.9908276201754,NO
1404.9569259891368,866.9965371875097,NO
1405.035371920221,866.0028436248376,NO
1405.111402266588,865.0083005613141,NO
1405.183749734247,864.0133308637403,NO
1405.2527198638797,863.0168479901705,NO
1405.315580278132,862.0185635458417,NO
1405.3731394074175,861.0212177304039,NO
1405.4265975920268,860.020911647292,NO
1405.4775082527772,859.0203094516279,NO
1405.546940782646,857.971404545085,NO
1405.6218804722084,856.9703435663923,NO
1405.6961265502398,855.9773584480935,NO
1405.7691164317594,854.9827969100335,NO
1405.8398054869892,853.9886921521213,NO
1405.9040108553668,852.9941653655133,NO
1405.9621464796958,851.9978475449853,NO
1406.0184677732796,851.0010501282545,NO
1406.076613546083,850.0046569019845,NO
1406.1400226753778,849.0096093990855,NO
1406.2081295912212,848.0146915004287,NO
1406.275979930586,847.0183986612147,NO
1406.341704453066,846.0227802958505,NO
1406.4072978844476,845.02715319108,NO
1406.4755593385148,844.0264199632509,NO
1406.554821143216,842.9714910094498,NO
1406.62648615518,841.9721695557412,NO
1406.6886222448904,840.9816836613958,NO
1406.7156862745098,840.0,NO
1406.6936358088176,839.0144171387446,NO
1406.6455253029403,838.0187663072892,NO
1406.5939628777833,837.0206999325048,NO
1406.5421925181365,836.0225298964735,NO
1406.482368906703,834.9789859093818,NO
1406.429299764377,833.9781141288303,NO
1406.3763912765173,832.9793353806327,NO
1406.3221213230556,831.9823149075276,NO
1406.2689329203015,830.985762374961,NO
1406.2165338380232,829.9885364439929,NO
1406.1651446289316,828.9915808617355,NO
1406.1135710083554,827.9939874172695,NO
1406.0612182608922,826.9967590332818,NO
1406.0106921763595,825.9994758736922,NO
1405.9601206342952,825.0021112605145,NO
1405.9068371042235,824.0051148257159,NO
1405.8525397770968,823.0080958554786,NO
1405.7982409102594,822.0110769697745,NO
1405.7455200332672,821.0129734889915,NO
1405.6941463755572,820.0161922505313,NO
1405.641770069009,819.0189651137892,NO
1405.5900791034405,818.0208979288514,NO
1405.5381395869051,817.0222967102511,NO
1405.4782335314396,815.978713641055,NO
1405.425459087998,814.9783099280256,NO
1405.373718556286,813.9802149001746,NO
1405.3201316405973,812.9824241449973,NO
1405.2658536735466,811.9854041118539,NO
1405.2126632212555,810.9887413589961,NO
1405.1612588996281,809.9917789577468,NO
1405.1096874396155,808.9941930179652,NO
1405.0573616921877,807.9969632045639,NO
1405.0078243647201,806.9996317945928,NO
1404.960094756108,806.0019561394648,NO
1404.9106095898117,805.004557158339,NO
1404.8609729753218,804.0068150504327,NO
1404.8106028199159,803.0100269094258,NO
1404.7574300197823,802.0133175677117,NO
1404.7031427174963,801.016298047091,NO
1404.6488202446826,800.0192804574014,NO
1404.5945154537465,799.0222618969418,NO
1404.5394706904751,798.0231398959886,NO
1404.4808218886633,796.9805007935596,NO
1404.4344044486397,795.9812609844288,NO
1404.3914853100164,794.9831123982655,NO
1404.3462410600057,793.9837063026788,NO
1404.297271271437,792.9848449934311,NO
1404.2466627026272,791.9874250382134,NO
1404.1927546272211,790.9890394430789,NO
1404.1333894598552,789.9916304652015,NO
1404.0717891958425,788.995495579835,NO
1404.0181182483846,787.9991118505429,NO
1404.0278125555444,787.0017996360178,NO
1404.1465189168805,786.0310275353656,NO
1404.7256967052042,783.9337698298343,NO
1404.9383077563032,782.9840325961736,NO
1405.1427872004424,782.0370292947024,NO
1405.3789177000856,781.0845974137976,NO
1405.7670992426754,779.9412523480848,NO
1405.9752200341634,778.993586361954,NO
1406.17969628311,778.0453671084279,NO
1406.427705267347,777.0918774308425,NO
1406.8003920843234,775.9490110464559,NO
1407.0068475065225,775.0017857222413,NO
1407.5871621000972,772.9101393877613,NO
1407.8324319316498,771.9569110659286,NO
1408.037682454699,771.0098269928242,NO
1408.6330196426777,768.9181118217879,NO
1408.8638982848029,767.9649718559506,NO
1409.068004579909,767.0176011849203,NO
1409.6745985788418,764.9247032407633,NO
1409.8963196917357,763.973165097398,NO
1410.100559960937,763.0260272833153,NO
1410.7129471922742,760.9313506415835,NO
1410.9274129551447,759.9812127653605,NO
1411.1317955640866,759.0341788113215,NO
1411.3631178691085,758.0817765471944,NO
1411.7506060281703,756.9386490862671,NO
1411.9607320314092,755.9897595300347,NO
1412.165627943108,755.0422636833343,NO
1412.4083928871853,754.0883707259705,NO
1412.7844522855294,752.9458455099541,NO
1412.9923365471352,751.9979864653906,NO
1413.198982740194,751.0501885230148,NO
1413.5667915565618,749.9076618287933,NO
1413.8195532096252,748.9535077892891,NO
1414.0252981308313,748.0065973555102,NO
1414.6159443819956,745.9148763265056,NO
1414.8551389362326,744.9619686273936,NO
1415.0606688035925,744.0158214718845,NO
1415.6666567889727,741.9222880832069,NO
1415.893094960101,740.971491988481,NO
1416.0907143050142,740.0206330580025,NO
1416.273020099804,739.0396146813254,NO
1416.4065083956818,738.03972786952,NO
1416.5439474554864,736.957131059669,NO
1416.660354696452,735.9607077001479,NO
1416.7681774514683,734.9740904209851,NO
1416.8763485024517,733.9859376725115,NO
1416.9859564509513,732.9983753541285,NO
1417.0955302123389,732.0108642204711,NO
1417.2036446201826,731.0227602811331,NO
1417.310549702541,730.0347084962485,NO
1417.4191312858245,729.0414981466142,NO
1417.557607019985,727.9576994754341,NO
1417.6731212224315,726.9615436745255,NO
1417.7836616814745,725.974972625877,NO
1417.8919109801732,724.9879194624614,NO
1417.9980758201855,723.999788717515,NO
1418.1034298753812,723.0113570056841,NO
1418.2087182806397,722.0229180852326,NO
1418.3138443316302,721.0344613376463,NO
1418.423578219006,720.0429472953406,NO
1418.5680757823015,718.9569796592182,NO
1418.6788054636145,717.9647315810643,NO
1418.7863300119966,716.9757002753274,NO
1418.8949496014209,715.9880530916575,NO
1419.0028160496981,715.000314734967,NO
1419.1106752637224,714.0125865989025,NO
1419.2193109942002,713.0249412508819,NO
1419.3273346825767,712.0365844646099,NO
1419.4387011062497,711.041947516711,NO
1419.5826131241681,709.9561081271949,NO
1419.6973745138564,708.9643970028321,NO
1419.808388684115,707.9778332006945,NO
1419.9230187550588,706.9904905520547,NO
1420.040690248444,706.0051062272569,NO
1420.1558801367883,705.0180331923088,NO
1420.264211237807,704.0284933692878,NO
1420.3659548461592,703.0365954868081,NO
1420.4714613124215,702.039249036481,NO
1420.6088931564252,700.9575722365516,NO
1420.745953890799,699.961644019993,NO
1420.9089562972658,698.9823268100116,NO
1421.0810851622616,698.0163760226862,NO
1421.257220094131,697.05185069085,NO
1421.541470208453,695.9232586104383,NO
1421.7552276692127,694.9497902915979,NO
1421.9363063444414,693.9865119317526,NO
1422.11665410651,693.0244744902527,NO
1422.3000560509445,692.0594140829165,NO
1422.601947702677,690.928033442662,NO
1422.8035096238134,689.9581566133573,NO
1422.9829927462106,688.9964651591422,NO
1423.1617051592996,688.0336093064224,NO
1423.3508850325022,687.0664983734385,NO
1423.6572610108735,685.9344865109235,NO
1423.8463286305264,684.9677591424183,NO
1424.0260453649435,684.0054644199806,NO
1424.2056824892782,683.042833680329,NO
1424.405332632753,682.0709435801215,NO
1424.7018395926696,680.940961273376,NO
1424.8860667497934,679.9758729587594,NO
1425.0663057761194,679.0139112125572,NO
1425.246605591742,678.0505857619277,NO
1425.4614337757669,677.0777914511793,NO
1425.750941903375,675.9481231420955,NO
1425.9308270902943,674.9856228859456,NO
1426.1095243512204,674.0227638839528,NO
1426.2913724126445,673.0585061905563,NO
1426.5933030276326,671.9270031064186,NO
1426.7956354527137,670.957039279764,NO
1426.9755944070168,669.9948796106245,NO
1427.155338625078,669.0325906543634,NO
1427.3433768734835,668.0641245969181,NO
1427.6460451718267,666.932919850766,NO
1427.8414849652538,665.965499669932,NO
1428.0256081300158,665.0055735340145,NO
1428.2087434303187,664.0436333174547,NO
1428.41243384806,663.072832262514,NO
1428.7341492349992,661.9397475397806,NO
1428.9365931876291,660.9844591145387,NO
1429.709246723639,658.8856157468696,NO
1430.0065220803406,658.0030392893709,NO
1430.9777234295107,655.9896756233155,NO
1431.9513585919142,653.9773920204457,NO
1432.9232816427682,651.9646753215314,NO
1433.8776737207859,649.946678291097,NO
1434.820959211137,647.9246638450976,NO
1435.7703712213079,645.9039282862354,NO
1436.7207102369086,643.8832400656274,NO
1437.668013967923,641.8618632825888,NO
1437.9881684859672,640.9945594042567,NO
1438.9608813178522,638.9820542055377,NO
1439.9324375344863,636.9692276232366,NO
1440.442001144261,635.7678609556732,NO
1440.902844237438,634.9562898414416,NO
1441.1592261255435,634.0694319367144,NO
1441.8692864191287,632.9421609321976,NO
1442.6516990804107,631.2715412870112,NO
1442.832593305174,630.9272986740181,NO
1443.794892381885,628.9118454930363,NO
1444.752750057788,626.8953525436862,NO
1445.7045703505405,624.876517053243,NO
1446.6512069589105,622.8554769537609,NO
1446.9799016010256,621.9907579652441,NO
1447.9525000447536,619.9782871040165,NO
1448.9237787138677,617.9654525457807,NO
1449.4055851081862,616.7534972493515,NO
1449.8923600354174,615.9518161970575,NO
1450.1472850110015,615.0646579679724,NO
1450.8578926319499,613.9374490970878,NO
1451.615979162275,612.2576805286675,NO
1451.8234929805774,611.9232334565927,NO
1452.7857853564344,609.9083253484316,NO
1453.7392630621507,607.8907142206582,NO
1454.6896424108832,605.8705083952145,NO
1455.6376592104773,603.8477488172977,NO
1456.5893579061722,601.8244356340747,NO
1456.9455475449,600.9764441096011,NO
1457.7582065456315,598.9220583364747,NO
1458.0061577194942,598.0021573168059,NO
1458.7793633690653,595.9287035563874,NO
1459.0209327522177,595.0072238516551,NO
1459.793757779285,592.9327880642221,NO
1460.0328992435732,592.0113534643065,NO
1460.811992988494,589.9377108081303,NO
1461.047917674806,589.016411450264,NO
1461.8283275247165,586.9426607032452,NO
1462.0623512907841,586.0213145861705,NO
1462.85060789224,583.949006294222,NO
1463.0818360284811,583.0272786753035,NO
1463.8644175483762,580.953452733524,NO
1464.0948707981647,580.0314364778685,NO
1464.877143414967,577.9580698426657,NO
1465.106680678461,577.0349980095626,NO
1465.888205076314,574.9619208944605,NO
1466.5971013311935,572.8865198044249,NO
1466.8965356659767,571.9648282795137,NO
1467.6127445387308,569.8896552672353,NO
1467.9048106051075,568.9677052804525,NO
1468.6327917207336,566.8939000741918,NO
1468.9178461174836,565.9719672145488,NO
1469.666137681918,563.9003025403589,NO
1469.9423232762003,562.9797904397001,NO
1470.705714540649,560.9094979825494,NO
1470.9694367353482,559.9891317269162,NO
1471.7283146202726,557.9169226520602,NO
1471.9825153714492,556.9938743745873,NO
1472.7312847199173,554.920021921191,NO
1472.9778279559073,553.9926673419807,NO
1473.6838587928391,551.9143168660767,NO
1473.9347756295713,550.9796253926593,NO
1474.6209143140052,548.8992611175255,NO
1474.89412112986,547.9670042174951,NO
1475.1167983724233,547.0360887352182,NO
1475.8514678382123,544.9544226033397,NO
1476.07507566311,544.0234519267362,NO
1476.8035382509004,541.9414752839929,NO
1477.0313828163555,541.0099071243751,NO
1477.7557543188973,538.9290098931617,NO
1477.9908479891074,537.9971108357781,NO
1478.700100633909,535.916574010349,NO
1478.9479279558686,534.9835965397111,NO
1479.640721358048,532.9033296820378,NO
1479.9067075548642,531.9708633439635,NO
1480.12926353453,531.0395078461044,NO
1480.8632748790608,528.9581287782632,NO
1481.0857877465917,528.0265714241827,NO
1481.8188394562337,525.9456518391248,NO
1482.0442884475758,525.0138075747836,NO
1482.7849399755487,522.9342630301301,NO
1483.0184807776138,522.005979074906,NO
1483.8188926429796,519.9311385899175,NO
1484.8148405320205,517.9128190848367,NO
1485.8345972856018,515.921278924827,NO
1486.6463043985505,514.3020867903873,NO
1486.8569093158515,513.9311044855853,NO
1487.739451725319,512.3401478004388,NO
1488.1311787076534,511.06147286696813,NO
1488.8712285014412,509.940246804239,NO
1489.7437070779215,508.3344044482578,NO
1489.8686440283143,507.9389201581392,NO
1490.8762341474196,505.9409652383431,NO
1491.1360919968304,505.0647511413128,NO
1491.886098820643,503.9460717615366,NO
1492.1456752080896,503.0679202990596,NO
1492.8898064641671,501.9479355557339,NO
1493.1497847908342,501.069899567414,NO
1493.8975894581258,499.95076211567886,NO
1494.3867994610887,498.7217269374238,NO
1494.9026842766607,497.953606464051,NO
1495.4096819731649,496.73109502667234,NO
1495.9110228648426,495.9569346980517,NO
1496.4478415433348,494.7476891928371,NO
1496.9177192780194,493.96067776209446,NO
1497.4613922807312,492.75620914983506,NO
1497.9228760564847,491.9628251508319,NO
1498.4865014465222,490.7659837301244,NO
1498.9313981135883,489.966578568275,NO
1499.5186238568774,488.7802949882572,NO
1499.9413094237657,487.9713148310017,NO
1500.5463881005546,486.7935007547943,NO
1500.940736259299,485.97271223393403,NO
1501.5916110270055,483.92669941399384,NO
1501.7969945346802,482.95652731606066,NO
1501.9806800984966,481.9957950803858,NO
1502.162863546657,481.0338500692763,NO
1502.3477418705759,480.0598116035898,NO
1502.6362000754725,478.93164970794015,NO
1502.8388806319604,477.96315916314217,NO
1503.0233253910162,477.004985230767,NO
1503.2017273530646,476.0383677517532,NO
1503.379913461275,475.0611530723182,NO
1503.6633737579396,473.9345636369376,NO
1503.8615559131258,472.9682392977918,NO
1504.0459512396603,472.00973085075987,NO
1504.2234947219779,471.0416313690495,NO
1504.4035051468275,470.0628945289795,NO
1504.6892854164107,468.93649402713913,NO
1504.8842677492207,467.97344966017783,NO
1505.0680342058076,467.01414044227215,NO
1505.2434502381193,466.0439165165788,NO
1505.4247876446998,465.0645192232651,NO
1505.7105081563332,463.93899376556175,NO
1505.9025904158104,462.9778440941562,NO
1506.084459402819,462.01705748694394,NO
1506.2548233404955,461.04197090323095,NO
1506.4102176836716,460.0507654640092,NO
1506.6055901467082,458.9465739642377,NO
1506.7548032587404,457.96105698723886,NO
1506.8966521867656,456.98419386336343,NO
1507.0360736966918,456.00537568792987,NO
1507.1722862387526,455.0246605802386,NO
1507.3038708246843,454.04111193548067,NO
1507.4421863429004,453.0512098972951,NO
1507.6365490503476,451.947769684939,NO
1507.7850422437107,450.96543816692696,NO
1507.9304852577957,449.98895942303784,NO
1508.0734393523524,449.01108790187504,NO
1508.688227990295,446.88321468089464,NO
1509.839813456145,444.9069942881525,NO
1510.4772131613079,443.68329727009274,NO
1510.957274973666,442.97517879509456,NO
1511.750957422042,440.95704449857436,NO
1511.8785899308841,439.9859545214053,NO
1511.9877087480031,438.9986262718324,NO
1512.0947918741888,438.0105943859638,NO
1512.2010053080019,437.02207117060794,NO
1512.3028973032942,436.0296958142708,NO
1512.3976169600803,435.036004685385,NO
1512.5173410900097,433.9605495733942,NO
1512.6294311398713,432.96028317965045,NO
1512.7349441719734,431.97089583126353,NO
1512.8402226271862,430.98245581825813,NO
1512.9465222079302,429.99402307028396,NO
1513.0534391507924,429.00597261098505,NO
1513.1589873746796,428.017145697573,NO
1513.2620244266002,427.0277437622391,NO
1513.3644499664392,426.0386646325043,NO
1513.4775505662892,425.04192421703476,NO
1513.6140254852658,423.9593110607861,NO
1513.7213050938115,422.9688517457052,NO
1513.8281350072903,421.98079155959283,NO
1513.9341438746037,420.99276873932513,NO
1514.039492004319,420.00433637685313,NO
1514.1448241577175,419.01590226011893,NO
1514.2506668125043,418.02801570264035,NO
1514.356472692383,417.03844313417324,NO
1514.4691383995614,416.04144997955683,NO
1514.6124344445102,414.95642754285257,NO
1514.7285103040072,413.96699537020316,NO
1514.8483142726152,412.98037008357187,NO
1514.969105254027,411.99606243440957,NO
1515.0855915559303,411.0100695944754,NO
1515.1958976554542,410.0218944438967,NO
1515.30021598694,409.03061025741255,NO
1515.3967992173837,408.0355051416441,NO
1515.5203478308242,406.9578912830154,NO
1515.6453976724656,405.9564156445149,NO
1515.765723221026,404.9701411953887,NO
1515.8870270155835,403.9853799676412,NO
1516.0071894641708,403.0009022072687,NO
1516.1237500013224,402.0148014708775,NO
1516.234549064671,401.0257544065565,NO
1516.335842994339,400.0316087526745,NO
1516.4290252741919,399.0360703720517,NO
1516.5589346524112,397.95606918810563,NO
1516.6806936784026,396.95993018708424,NO
1516.7955699697175,395.9755485647888,NO
1516.9083248528825,394.98921468893855,NO
1517.0194785377437,394.0022533994662,NO
1517.1276720965875,393.0140188965837,NO
1517.2324715551595,392.025070462275,NO
1517.335416161752,391.03551465168164,NO
1517.4434397309278,390.04160013438536,NO
1518.0507639222615,388.0330386211411,NO
1518.9848325118135,386.98697554342584,NO
1519.9487829771508,385.9560906932083,NO
1520.9108884826157,384.923202887932,NO
1521.8677583321632,383.8858923756622,NO
1522.6530533577563,382.78014343636545,NO
1522.9485996123933,381.98303942798026,NO
1523.1511031247717,381.02340616989676,NO
1523.2945939773679,380.04043446669994,NO
1523.4304092398236,379.0486849302922,NO
1523.6231307908536,377.9457338298732,NO
1523.7794392259461,376.96237492819114,NO
1523.9309726598103,375.9884954433017,NO
1524.0785309631538,375.0123185827574,NO
1524.217591034155,374.029865435483,NO
1524.3432756130833,373.04076187391104,NO
1524.4754665945934,372.04981999889304,NO
1524.6833709718517,370.94592613744373,NO
1524.8772236963462,369.97183367158095,NO
1525.7420099333494,367.8846666456155,NO
1526.610737968538,365.86850432929793,NO
1526.8150011443727,364.96922791416927,NO
1526.8910328935926,363.99935901704146,NO
1526.8950967990916,362.9997943074599,NO
1526.8960784313726,362.0,NO
1526.8950975438042,361.0002056910798,NO
1526.892160325291,360.00042290067273,NO
1526.8882398143217,359.0004382752251,NO
1526.8833439324417,358.00068621214035,NO
1526.8773921866964,357.00072122240834,NO
1526.8369335508128,356.01246978800754,NO
1526.7093326128197,355.0719177046426,NO
1525.9270441972105,353.03045302229077,NO
1525.0293362425439,350.98908216785185,NO
1524.7867559854687,350.061840762626,NO
1524.1302125298714,347.96553197856764,NO
1523.9179198460818,347.02376216361466,NO
1523.6826004648804,346.0770827450777,NO
1523.1316113430078,343.976774468881,NO
1523.049019607843,343.0,NO
1523.093648834847,342.00844675765285,NO
1523.1767677252371,341.0149039457566,NO
1523.2584373954633,340.02128307844447,NO
1523.3376054231107,339.026478856764,NO
1523.4127811045837,338.02957116901837,NO
1523.5053250715596,336.96662314254587,NO
1523.603315241655,335.96251797694526,NO
1523.6999300954064,334.96999300774314,NO
1523.7962347454002,333.9796234733194,NO
1523.8896344723114,332.9896126561301,NO
1523.9808623120875,331.9981988058284,NO
1524.069402430211,331.0061237439643,NO
1524.1517555272292,330.01219995362936,NO
1524.214469223736,329.0088310851,NO
1524.2248416721138,327.9947096075474,NO
1524.2015858273867,326.9952568039113,NO
1524.179126393791,325.99613648962423,NO
1524.157572709717,324.99660137299674,NO
1524.1349812504084,323.99682397047803,NO
1524.1084114270973,322.99681142872174,NO
1524.0760579970306,321.99731560027493,NO
1524.038991649112,320.9984709157097,NO
1524.0003783470997,319.9999859047162,NO
1523.926691162632,319.0080495976584,NO
1523.7845875746186,318.05434021953073,NO
1523.0210540285093,315.9918767927007,NO
1522.7660538529833,315.0778214243758,NO
1522.3684684463724,313.9460777910426,NO
1522.2889216820595,312.9926353296498,NO
1522.273513290084,311.99839109834454,NO
1522.26861681133,310.9989466007708,NO
1522.2656846195434,309.9994790497928,NO
1522.264705882353,309.0,NO
1522.264705882353,308.0,NO
1522.264705882353,307.0,NO
1522.264705882353,306.0,NO
1522.264705882353,305.0,NO
1522.264705882353,304.0,NO
1522.264705882353,303.0,NO
1522.264705882353,302.0,NO
1522.2656846195434,301.0005209502072,NO
1522.26861681133,300.0010533992292,NO
1522.2735007011242,299.00160882760275,NO
1522.2793753992921,298.0016433846497,NO
1522.2833261120454,297.0005555413672,NO
1522.2843137254902,296.0,NO
1522.2833291118916,294.99944445275077,NO
1522.2813702551787,293.9994482936461,NO
1522.2803921568627,293.0,NO
1522.2803921568627,292.0,NO
1522.2813702551787,291.0005517063539,NO
1522.2833295267737,290.0005555480627,NO
1522.2852890398315,289.00055939024503,NO
1522.2842129066016,287.99888543961464,NO
1522.248458599931,286.98538478818483,NO
1522.1594575488427,285.9821782739107,NO
1522.0480764330182,284.9941554140097,NO
1521.9302733021314,284.0088867358386,NO
1521.8093386917901,283.0246738148062,NO
1521.6871721832322,282.04109698892836,NO
1521.5576043063134,281.046893943027,NO
1521.4004927307892,279.9560289857161,NO
1521.2661026219487,278.9613890311523,NO
1521.1122412758816,277.9799726343549,NO
1520.9477090669793,277.0100480621838,NO
1520.7792462902325,276.0426776052391,NO
1520.5934408839034,275.06610717275026,NO
1520.3259008121743,273.941953983804,NO
1520.1559340791262,272.9706477018348,NO
1519.9903777338561,272.0017923828777,NO
1519.8245567869678,271.0333686113566,NO
1519.6499195714623,270.0617376306734,NO
1519.3780456461743,268.93673833061365,NO
1519.2020003364435,267.96237248700913,NO
1519.0352894503073,266.99328808489116,NO
1518.8666809077586,266.02587958942246,NO
1518.694801667275,265.05595806864505,NO
1518.4303714854946,263.93260303283813,NO
1518.2426202704366,262.9542405755529,NO
1518.0753244036484,261.9856735937083,NO
1517.9081701644302,261.0172856166478,NO
1517.741530272334,260.04833587522467,NO
1517.552750576994,259.066650736643,NO
1517.3118460754433,257.9482310868486,NO
1517.1524696117997,256.97309359791774,NO
1516.9887359487498,256.00212029206637,NO
1516.8187874215205,255.03766378948012,NO
1516.63122041315,254.0648607291125,NO
1516.3696633910542,252.94233251184292,NO
1516.2021028846777,251.96354222220464,NO
1516.0333352674945,250.99346367318915,NO
1515.8568221100845,250.03133333435343,NO
1515.6509059129073,249.08078210023893,NO
1514.978799309899,247.0073306904986,NO
1514.725307420768,246.08360209416816,NO
1513.9795669530283,244.0069981679093,NO
1513.728424230497,243.08175269992822,NO
1512.9855924983235,241.0049627411831,NO
1512.735142893518,240.08136847347166,NO
1511.9816293698566,238.00649648982233,NO
1511.7246500270157,237.0864404300227,NO
1510.9606109106123,235.01408977338195,NO
1510.675633216139,234.11916249427594,NO
1509.7639347671407,232.10465818376497,NO
1508.7786222334616,230.0979078104387,NO
1507.795684962386,228.090268495414,NO
1506.8143598021452,226.08193501257034,NO
1505.8345053782089,224.07392209691582,NO
1505.62959019689,223.7279967001187,NO
1504.8546028908934,222.06509410320047,NO
1504.7158448619841,221.6917890261444,NO
1503.8744037092076,220.0572552151234,NO
1503.149386138682,218.9329798035692,NO
1502.8922827175086,218.0495277383175,NO
1502.1682312661135,216.92495391405035,NO
1501.908702657146,216.04200798074118,NO
1501.4445589360125,215.23660347397595,NO
1500.9263863963781,214.03437298619576,NO
1500.4984686737284,213.21330952997573,NO
1499.5410506040748,211.20442538707923,NO
1498.9067205179092,210.08066771134807,NO
1497.862077005065,209.26799160521318,NO
1497.0079886628541,208.9808802153652,NO
1494.9726735959312,208.0656884691175,NO
1492.9329990347876,207.1719336976691,NO
1490.88820077082,206.30175899092072,NO
1488.839801225397,205.31697286276057,NO
1488.0253600760668,204.9657306822435,NO
1486.9870874970861,204.0150768145356,NO
1485.9566394882427,203.05016458584248,NO
1484.9259446591718,202.0847415353567,NO
1483.894188854771,201.11948423850112,NO
1482.862015239186,200.1341304338494,NO
1481.907691424441,199.05764157728328,NO
1480.7711656676456,197.12564501926016,NO
1479.5859969572557,195.2300016872769,NO
1478.8986333792147,194.05792378131764,NO
1477.6891771548476,192.263219330598,NO
1476.7943302981494,191.17157771956252,NO
1475.8632969847897,190.1136572954809,NO
1474.9191162286845,189.06623163172088,NO
1473.9678731281963,188.0262158327962,NO
1473.0183049322702,186.98516519638463,NO
1472.6037381453225,186.33549328925196,NO
1471.742238401587,185.21844832821748,NO
1470.8246351251485,184.14613738890657,NO
1469.886394352131,183.09344064239133,NO
1468.9421877608545,182.04655552967264,NO
1467.992264517178,181.0063173112887,NO
1467.474961200548,180.4471882090628,NO
1466.676345051746,179.27636288908982,NO
1465.7772653309669,178.18971385424544,NO
1464.845543801407,177.1298239651006,NO
1463.899570615157,176.08367030969595,NO
1462.9467972438672,175.0469670232162,NO
1461.9488778406912,174.0638834769348,NO
1460.8578873956237,173.239165126411,NO
1459.3753605064992,172.37565669995482,NO
1457.7894744528514,171.35584407470665,NO
1455.906113346873,170.1623342268038,NO
1454.6733693771587,169.54650883190868,NO
1453.9727375979712,169.04672845313908,NO
1452.8510377741547,168.2576390633874,NO
1450.936832730856,167.10973670817847,NO
1449.7675306733674,166.3934096464471,NO
1447.8925419415891,165.18740685345637,NO
1447.054207406535,164.9063506343057,NO
1445.9611906596713,164.06672357858417,NO
1444.8281533235227,163.2944893926373,NO
1442.9236897686085,162.13215412413425,NO
1441.7337241905486,161.44502575609798,NO
1440.9872793706795,161.02159761560392,NO
1439.8790942444593,160.2073363646489,NO
1439.047317121,159.91957823163094,NO
1437.9550969004715,159.07766573596172,NO
1436.8132558512186,158.3199008333099,NO
1434.9131300363388,157.13727991268627,NO
1433.865804831368,156.06590317717718,NO
1433.2076582596337,153.96050421306734,NO
1433.0366681629428,152.99273826613495,NO
1432.8641350553532,152.0269065857255,NO
1432.6876215159814,151.05936745432257,NO
1431.9193416204682,149.06309877520965,NO
1430.9441005747972,148.0591111578585,NO
1429.9312305167075,147.0725532247106,NO
1428.9191838083443,146.08506378864786,NO
1427.9063087926156,145.0989326736454,NO
1426.891609477143,144.1138863745466,NO
1425.803947007261,143.32760372786424,NO
1424.9826799846812,143.07944961266548,NO
1424.0013256508792,142.96243988937968,NO
1423.0007372762282,142.93733151891797,NO
1422.0018906550642,142.91964716231163,NO
1421.0033695604855,142.8925952553751,NO
1420.000999130988,142.87261079162317,NO
1419.00336491147,142.8569912670531,NO
1418.0053322354586,142.83003498818897,NO
1417.0014910857828,142.80988655161354,NO
1416.005265344747,142.79343647596573,NO
1415.0068693673209,142.7664415032538,NO
1414.00148174672,142.7481030496207,NO
1413.0084695770352,142.73003222156427,NO
1412.0100568856253,142.6982934109984,NO
1411.001896796302,142.67754461844828,NO
1410.0092941167095,142.66142860955105,NO
1409.0107798272318,142.6334858618287,NO
1408.001506878113,142.61574606990553,NO
1407.0101542605962,142.60164054709801,NO
1406.0116493895653,142.57562938509497,NO
1405.0008630750467,142.55983170325325,NO
1404.0133789105214,142.54511702701788,NO
1403.0142304550277,142.51616451283158,NO
1401.9980474802046,142.49789256243096,NO
1400.9697743741294,142.45338440837025,NO
1399.952884951675,142.3337316077867,NO
1398.9698292431003,142.1923385705208,NO
1397.99249515501,142.04667647798004,NO
1397.015479843958,141.90131599718703,NO
1396.0342577382742,141.76066512554453,NO
1395.048689531194,141.62497911050474,NO
1393.944413039478,141.43079893595586,NO
1392.9561531387303,141.27411012254615,NO
1391.9796521039627,141.1297178340577,NO
1391.0022369604442,140.9857393775177,NO
1390.0236047954131,140.84365654502588,NO
1389.0402080846436,140.70705537764556,NO
1388.052229874338,140.56736253575852,NO
1386.945532648317,140.36323590475286,NO
1385.9654837782243,140.21208762307123,NO
1384.9894682470308,140.0679897988432,NO
1384.0110465480716,139.92683454947175,NO
1383.030619135309,139.78897623057196,NO
1382.046384245629,139.65416452813636,NO
1380.944196712814,139.46693518631824,NO
1379.9520065892827,139.304758162192,NO
1378.9746046165499,139.15794690735925,NO
1377.9978448460865,139.01391301917963,NO
1377.0185434318685,138.8739046648138,NO
1376.0368675020588,138.73885518163252,NO
1375.051236411996,138.60162696547812,NO
1373.9442327654365,138.398337394876,NO
1372.9595651861653,138.2397878455241,NO
1371.98495348685,138.09245447634046,NO
1371.003456150531,137.9685243427127,NO
1369.9982728253058,137.9199218989101,NO
1368.9987869636561,137.98933364618173,NO
1368.012346223686,138.09994561988756,NO
1367.02878506406,138.21911018252757,NO
1366.0448612995056,138.34303715242328,NO
1365.0447648087686,138.47604726548815,NO
1363.9618196348185,138.6120874974243,NO
1362.9696913419743,138.7137515571326,NO
1361.9795580991615,138.820252255291,NO
1360.9918918213846,138.93108047944276,NO
1360.005674444645,139.04593598026207,NO
1359.022182363449,139.16636772211658,NO
1358.040702593306,139.29237072540812,NO
1357.047470760087,139.42554145820276,NO
1355.9588291206605,139.57652809822238,NO
1354.964917434651,139.68610336340925,NO
1353.9755649263004,139.79900181365178,NO
1352.9895286615815,139.91523202268942,NO
1352.0035009859405,140.02975838149848,NO
1351.0167208221021,140.14212699266642,NO
1350.031602116871,140.25582665928704,NO
1349.0450034165597,140.3740447881163,NO
1347.9572768384553,140.52428478617742,NO
1346.964274571951,140.6322807019708,NO
1345.9728696190316,140.7286962065669,NO
1344.9812563551059,140.83229370397538,NO
1343.9932217750704,140.94238508615268,NO
1343.0072765270313,141.0579848247667,NO
1342.0243294183244,141.1798261337964,NO
1341.0420697543996,141.3065082165524,NO
1340.0475837955341,141.44059067542113,NO
1338.9578145335602,141.59381421531234,NO
1337.9659432961225,141.7056115429779,NO
1336.9780504205257,141.81944700803106,NO
1335.9920778147764,141.93586802465614,NO
1335.0064810253782,142.0524654433125,NO
1334.0156927130377,142.16006567178667,NO
1333.0162933721583,142.2444005933238,NO
1332.017461841738,142.30708757037024,NO
1331.02142663939,142.36425286826972,NO
1330.0283269842346,142.42490478255684,NO
1329.0228107395242,142.48970288174863,NO
1327.9795869565148,142.54736295629164,NO
1326.981602485957,142.5920551301421,NO
1325.9849535860221,142.63458706497477,NO
1324.9854773938468,142.6779769993198,NO
1323.985096024836,142.7285347415548,NO
1322.987008703736,142.78627223026638,NO
1321.989962028286,142.84943041754568,NO
1320.9944277143513,142.9138828615461,NO
1319.9985141628576,142.97474076867368,NO
1319.0019358120812,143.0329088052575,NO
1318.0051258155033,143.09014365453046,NO
1317.0086658843304,143.14732003306892,NO
1316.0134513957082,143.20788519821622,NO
1315.0187377515172,143.27303581364583,NO
1314.0240794716367,143.34112585115798,NO
1313.0306684825518,143.41160330486395,NO
1312.0254078638256,143.48370820061535,NO
1310.9799208392744,143.54531855970563,NO
1309.98152004882,143.5902271762595,NO
1308.9828802829159,143.6362060204395,NO
1307.984515677465,143.68411982970866,NO
1306.9859695703994,143.73498077135724,NO
1305.9887494755221,143.78749009090382,NO
1304.9907768154276,143.84320586285364,NO
1303.9939308959786,143.90327365538212,NO
1302.997833646065,143.96317198324118,NO
1302.001357971173,144.0223408152878,NO
1301.005445010457,144.08415015829448,NO
1300.0099132178634,144.14869827461328,NO
1299.0142865925325,144.21429889758977,NO
1298.018663803829,144.27995706997604,NO
1297.0244908784155,144.3469541139089,NO
1296.030236351413,144.4167713094177,NO
1295.024168328318,144.48723349888795,NO
1293.9775359125613,144.5511587085257,NO
1292.9782906457901,144.60457962480672,NO
1291.976647020784,144.66916612488924,NO
1290.977493469618,144.75047107619898,NO
1289.9853676862067,144.8377721731612,NO
1288.993531182886,144.92145007353903,NO
1288.0003392288704,145.00393197111686,NO
1287.0078289432124,145.0887280213034,NO
1286.014583939396,145.17297230103486,NO
1285.0204175891758,145.2539749005817,NO
1284.0302803668308,145.33571711051425,NO
1283.0368583111554,145.424708267465,NO
1281.9694696351353,145.52795356364564,NO
1280.969981773096,145.60745397843172,NO
1279.9736358626599,145.6873090749557,NO
1278.9805566788957,145.7693931728681,NO
1277.9879049298577,145.8495491210794,NO
1276.9941252321862,145.93032252266028,NO
1276.0012665848149,146.0143546276154,NO
1275.0085631386073,146.09925456409889,NO
1274.014979142801,146.18188960125437,NO
1273.0233385515248,146.26450357867347,NO
1272.0323690408625,146.3512385146413,NO
1271.0344652628235,146.44106811686135,NO
1269.969837227181,146.539332196947,NO
1268.9694200123654,146.61961477173196,NO
1267.9751976450232,146.6988285299856,NO
1266.985039300781,146.76878920299123,NO
1265.9902417384787,146.828389189034,NO
1264.993277745436,146.88572167283706,NO
1263.9966987545845,146.94387882814414,NO
1263.0002462688356,147.00392490953615,NO
1262.0041244683925,147.06573371451725,NO
1261.0077045380147,147.12675207255754,NO
1260.011354038004,147.18679223156067,NO
1259.0150028401183,147.24682090939928,NO
1258.0199493987293,147.30830887731418,NO
1257.0248417026617,147.37262555662076,NO
1256.0275259681557,147.4378349453807,NO
1254.9775393820921,147.50879606355045,NO
1253.9747044322335,147.5699753495722,NO
1252.9781157305715,147.62796742110234,NO
1251.9826359701417,147.6837266030568,NO
1250.9856214484164,147.73810495665052,NO
1249.9883074231598,147.79437191866094,NO
1248.9876878633781,147.87924635204905,NO
1248.0091588667476,148.03860348723134,NO
1247.0717043152742,148.23998996748267,NO
1244.990907476025,148.9718958340265,NO
1244.0623923095748,149.20359596357167,NO
1241.982849987562,149.94655699620495,NO
1241.0540153398479,150.17424302475243,NO
1238.97566764062,150.92432412961065,NO
1238.0465706993186,151.15016065274088,NO
1235.9673974947775,151.89733248439128,NO
1235.0381551247294,152.12168716157606,NO
1234.1092630142061,152.4095142082639,NO
1232.0297066888047,153.09393236028365,NO
1231.0980899550639,153.3637824527265,NO
1229.0190040281434,154.05971018276492,NO
1228.0864206171925,154.31254373179297,NO
1226.0060907531974,155.0188259650718,NO
1225.0765849484158,155.26006972756343,NO
1222.9958309026156,155.98726802542075,NO
1222.0687987802337,156.22314341774535,NO
1219.9876600050673,156.96162562517708,NO
1219.0606073239449,157.19185885667693,NO
1216.9785930658647,157.9317653975774,NO
1216.0508203727543,158.15781063300494,NO
1213.967544526893,158.89410362067701,NO
1213.0401389321178,159.11970427213325,NO
1212.1091965121495,159.41949658921476,NO
1210.0298004325302,160.08699664954278,NO
1209.1019146369272,160.36948975710564,NO
1207.0223363956343,161.0659702866629,NO
1206.0940003524042,161.3339116974246,NO
1204.0154648843256,162.04576526750523,NO
1203.086313529166,162.30288202769535,NO
1201.0062172075784,163.0186883034645,NO
1200.077288949876,163.26375530091585,NO
1197.9977069769523,163.99326630966482,NO
1197.0830145091436,164.24147380665357,NO
1195.0396949214353,165.09557612528687,NO
1193.0021546470555,166.0051497591055,NO
1192.108804249842,166.29268978847475,NO
1190.0631300865825,167.16070975323305,NO
1188.0210471669536,168.05055348226995,NO
1185.9810172926843,168.95406822274757,NO
1185.081890937306,169.21238381395105,NO
1183.038912807673,170.09266287551208,NO
1181.0013321753736,171.00315416677776,NO
1180.10767808545,171.2902900317373,NO
1178.064039828315,172.159690117087,NO
1176.0226791451635,173.05345038026616,NO
1173.9844105604338,173.96261489706245,NO
1173.086974072848,174.22575238102505,NO
1171.046180530462,175.11058727695905,NO
1169.0074560381336,176.01748968608237,NO
1168.1167777005712,176.3169680400933,NO
1166.0715829545902,177.18101868260825,NO
1164.0306165576837,178.07265069143838,NO
1161.991598302601,178.98004103808577,NO
1161.096323472665,179.25237826613392,NO
1159.0522928800854,180.12845008623893,NO
1157.011877767291,181.02780665228812,NO
1156.120229552598,181.33487249996628,NO
1154.074246738004,182.18775484720294,NO
1152.0328984040484,183.07707184404245,NO
1149.9955072589294,183.98944049535,NO
1149.1005036821518,184.26820125426644,NO
1147.057294179006,185.1401635645593,NO
1145.0174785368852,186.04070233177097,NO
1144.1310657435909,186.3630765415095,NO
1142.0820975016447,187.21452725604468,NO
1140.0390950899443,188.09208653471956,NO
1138.0002082733781,189.00048789966613,NO
1137.1085662821258,189.28763825737857,NO
1135.0650723547717,190.16226483152843,NO
1133.0247533927907,191.0576811598651,NO
1130.9870096120826,191.9691402052008,NO
1130.0911831317178,192.2360768696901,NO
1128.049297266009,193.11896430756158,NO
1126.009542157256,194.02230921062633,NO
1125.1169817566736,194.324633261522,NO
1123.0711925884546,195.17918342542094,NO
1121.0302817548236,196.07108393073233,NO
1118.9918185343492,196.98083415942875,NO
1118.0969132863659,197.25490637451665,NO
1116.0541421008747,198.13141156882926,NO
1114.0142183651806,199.03333049290885,NO
1113.122906199671,199.34505343501428,NO
1111.076897618352,200.19538893579667,NO
1109.0353196236451,201.08219239877445,NO
1106.9988666841002,201.99734861656106,NO
1106.1051339059811,202.28197764171358,NO
1104.0614243249536,203.15169946499105,NO
1102.0207822274442,204.04807685955566,NO
1099.984753936989,204.9634887417565,NO
1099.0875086744898,205.2271400082746,NO
1097.045953545663,206.11042235575232,NO
1095.0070947729428,207.01643513973647,NO
1094.1197518210067,207.31851875723558,NO
1092.0768455976659,208.19101619815905,NO
1090.0731977735682,209.14546110032865,NO
1088.103934411028,210.20580390166614,NO
1086.1396596097618,211.28063057815112,NO
1084.1846776103703,212.36753572457553,NO
1083.0264799780095,213.05189650190133,NO
1082.2390651828898,213.48383747654748,NO
1081.0451342901804,214.08943447514204,NO
1079.935243583216,214.8763979963772,NO
1079.0735843815462,215.14228350114897,NO
1077.1095409755874,216.2135689384322,NO
1075.1505029466412,217.2981795428476,NO
1073.2015185686084,218.4000143538157,NO
1072.0334023498451,219.06559251996595,NO
1071.267218252091,219.53879335127175,NO
1070.0542669988718,220.10752281370335,NO
1068.9437557136644,220.89194278927033,NO
1068.0808369981057,221.1584268490095,NO
1066.1128930548477,222.22228941456166,NO
1064.1533742740498,223.3038682759465,NO
1062.2022127670625,224.4044255341252,NO
1061.0343942600034,225.06679763561783,NO
1060.2832263893404,225.55579373151213,NO
1058.6571291671376,226.3112940688731,NO
1057.0905538652448,227.17857611841305,NO
1055.122579822148,228.24377612159114,NO
1053.161183216266,229.3231376241656,NO
1051.2193662195639,230.4320849783664,NO
1050.0412128786966,231.0805185226756,NO
1049.3048759250134,231.6140218133541,NO
1047.6775737613352,232.33452727250955,NO
1046.0942930479468,233.18296863437675,NO
1044.1346670825624,234.26116334260942,NO
1042.1867918511457,235.3681166350032,NO
1041.0293405722746,236.056647638166,NO
1040.2573284582986,236.51397071970865,NO
1039.05307663482,237.1034507913066,NO
1037.9440920191505,237.892588903483,NO
1037.080614687106,238.15917112642907,NO
1035.109655421211,239.2188213157069,NO
1033.14739513549,240.29272400238182,NO
1031.200884924928,241.39677269085763,NO
1030.0351818006422,242.06757139625392,NO
1029.2887424048272,242.56425402947525,NO
1027.6606186124263,243.31928679137098,NO
1026.0874132796487,244.1753978844488,NO
1024.112832975613,245.2295212869044,NO
1022.1497822632841,246.29781062265894,NO
1020.209413385315,247.40742307649845,NO
1019.0391262634429,248.07483674312053,NO
1018.3140399034737,248.60418546183368,NO
1017.0707775248181,249.13629060333417,NO
1015.1043098457772,250.208156092764,NO
1013.1399799662667,251.28094338894013,NO
1011.1918777265457,252.37808418289293,NO
1010.0312450062494,253.0601916703511,NO
1009.2637665657453,253.52611501828434,NO
1008.0535011195577,254.10556224944105,NO
1006.9437434724742,254.89071477864516,NO
1006.0797842064497,255.15735690702328,NO
1004.1150049778106,256.22616791946064,NO
1002.1817707391444,257.3220284172243,NO
1001.0436405324638,258.07331293834164,NO
999.956458089919,258.9284613393492,NO
999.1376175466072,259.22362851323675,NO
998.0272505713014,260.04548227120625,NO
997.3561069825857,260.55935668946165,NO
996.1184235212796,261.1903713895131,NO
995.0166125176411,262.0275896920148,NO
994.3083505878933,262.4795791529974,NO
993.1030010093424,263.16793223600746,NO
992.0066408728818,264.01101355935737,NO
991.2642734378582,264.41578250667266,NO
990.0877690963562,265.1429474724092,NO
988.2376584413315,266.3693001162384,NO
987.0778824758821,267.1278987443059,NO
985.2129188907738,268.3325757672541,NO
984.0679283287955,269.11116661129427,NO
982.1946423099637,270.3066609402803,NO
981.057175805923,271.09550129779984,NO
979.1654694113082,272.26455288601045,NO
978.0426198669466,273.0712886270619,NO
976.9558893182418,273.9280381309418,NO
976.1393828109044,274.223497768197,NO
975.0294186844498,275.0489614676331,NO
974.3679894102986,275.58052743388913,NO
973.1212534412185,276.1946014617685,NO
972.0187768303333,277.0310960204673,NO
971.3215917318702,277.49660763173466,NO
970.1084388177965,278.1754515768596,NO
969.0107788136278,279.0178134075367,NO
968.2830725229778,279.4421442385842,NO
967.0946796303218,280.1542927268985,NO
965.2437985070021,281.38702353917654,NO
964.0770477319905,282.1279390427952,NO
962.2085869864266,283.32864325592226,NO
961.0638161799353,284.1062050332627,NO
959.1797435571804,285.2844135029355,NO
957.5962471719916,286.35956447504276,NO
956.1781002069446,287.26426678911815,NO
955.0600957637597,288.09503761008517,NO
953.2048411142175,289.3032608722337,NO
952.0742245475832,290.11574877619717,NO
950.2485684962028,291.3595991060376,NO
949.0978596458616,292.1488569222111,NO
948.0113316264675,293.0180452276977,NO
947.3110071893983,293.45744253450215,NO
946.1212065055976,294.18126960910854,NO
945.027787677518,295.04421201002754,NO
944.3974865212962,295.5888689486702,NO
943.1462307501513,296.21800701797133,NO
941.5479930524635,297.314272391684,NO
940.1783709511056,298.26054182473706,NO
939.0614409731618,299.0969782637548,NO
937.2126424456794,300.31148795051337,NO
936.0789488164216,301.12256390144074,NO
934.261189579768,302.3782195275146,NO
933.1034850636256,303.15622788746543,NO
932.0161942383704,304.0256454829009,NO
931.3370079196916,304.49437723605945,NO
930.1313233109607,305.1950954265836,NO
929.0344945116755,306.0548695085294,NO
927.9559358809971,306.93211743568537,NO
927.1584131383644,307.2346861252846,NO
925.5815202679096,308.34561261687816,NO
924.181620679009,309.2637743311591,NO
923.0645215976629,310.1010390294997,NO
921.2229351048584,311.32347446265896,NO
920.0846182625304,312.1309356345221,NO
919.000894340407,313.00141363474023,NO
918.274442075499,313.3980544230303,NO
917.1092867127136,314.16393007494196,NO
916.0207143084167,315.03264179858485,NO
915.3651485778934,315.53179355975266,NO
914.1395086227697,316.20811942501496,NO
913.0379759907624,317.0611320815398,NO
911.9572943615433,317.9333269117743,NO
911.1593199980678,318.23515868254145,NO
910.0511281242735,319.08067275458427,NO
908.1964761647287,320.28371604684844,NO
907.0729223530436,321.1133218446316,NO
905.2458138536356,322.35539353108646,NO
904.0965301176103,323.14726375885556,NO
903.0101884581873,324.01613462295984,NO
902.3109147390611,324.4520580591239,NO
901.1207880204121,325.1823747391453,NO
900.0264197075636,326.04215330226316,NO
899.3903375670629,326.5747631303807,NO
898.1474603198768,327.21796140648826,NO
896.5623287584144,328.3466342663007,NO
895.1895225028301,329.27495121693573,NO
894.0692760076544,330.1072815960856,NO
892.2456003524115,331.3567407200086,NO
891.0950744787235,332.1455565091521,NO
890.0109148402831,333.0168484106934,NO
889.3204409192176,333.466095891693,NO
888.1246633897937,334.1880132024293,NO
887.0308138975562,335.04830144305186,NO
885.9527061044145,335.92712879221574,NO
885.1524262039687,336.2280705347441,NO
883.5818561041247,337.3732807998726,NO
882.1881360367238,338.27803533188,NO
881.066072181533,339.1035632270667,NO
879.228201217019,340.3327555772037,NO
878.0873630630958,341.13412075937487,NO
877.004140232453,342.00648005949745,NO
876.2804956688814,342.41954479436964,NO
875.1041826796277,343.1613515218079,NO
874.0158300153399,344.0246007004572,NO
873.3460841509609,344.4975432949069,NO
872.1388673573452,345.2042759023733,NO
870.546071975479,346.3251239315828,NO
869.176213912502,347.26432085928565,NO
868.0588935471502,348.0923418040812,NO
866.2128643273984,349.314027565386,NO
865.0769366507063,350.12086147613996,NO
863.2426352779112,351.3664698763086,NO
862.0870372232783,352.13695104879946,NO
861.0027862307655,353.0043341370194,NO
860.2844667515818,353.4130123775125,NO
859.1101795718014,354.16833539556035,NO
858.0209303274977,355.0325464841426,NO
857.3724755409949,355.5374647206688,NO
856.1466176733231,356.2158985394478,NO
855.0468233841622,357.07207285663765,NO
853.1896023857255,358.2847753338176,NO
852.0659391925864,359.10259769791037,NO
850.2358603094273,360.3468533962166,NO
849.0895636655542,361.1374366250556,NO
848.0072792825911,362.0111502058147,NO
847.3029518948141,362.4472146865367,NO
846.1145507215077,363.1753667312562,NO
845.024461945931,364.03774482184696,NO
844.3813631693671,364.56808136100545,NO
843.1404097411024,365.21257562696616,NO
841.5494486374697,366.34494303700075,NO
840.2016313615378,367.27644820201783,NO
839.1126077531233,368.1389179770109,NO
838.0628227358422,369.0779152827362,NO
837.0190547503436,370.02372007241553,NO
835.9769853130244,370.9713504490042,NO
835.2978073660109,371.3586973340665,NO
834.186075730005,372.22597135899895,NO
833.1177187163062,373.144205423869,NO
832.066261770106,374.08220445352805,NO
830.464009296311,375.3607134787024,NO
829.9801531938746,375.97530110422156,NO
829.3090975076477,376.37161162974076,NO
828.1940399708441,377.23454662745337,NO
827.1226334052911,378.1513059807178,NO
826.0675321138838,379.0852387000158,NO
825.0191439556949,380.0244171410736,NO
823.9740385186541,380.9673462266685,NO
823.2854452248605,381.3417008380082,NO
822.1819545633396,382.21918619139433,NO
821.1170226327396,383.14286588495446,NO
820.0674573366246,384.0834847979925,NO
819.0219042305167,385.0276410530953,NO
817.9780841307787,385.9725890009269,NO
817.3008158580143,386.3597557550637,NO
816.1883191565652,387.22786616887186,NO
815.1213933697384,388.14786544825694,NO
814.0716107252739,389.08769097864206,NO
813.0300806812357,390.03697141061525,NO
811.9886854841602,390.985886016368,NO
811.3405153743641,391.4097948953105,NO
810.2073097997809,392.2511773966346,NO
809.1332026955379,393.1621963388857,NO
808.0784577444749,394.0975066663548,NO
807.0326240395312,395.0407558453421,NO
805.9899824866933,395.9875039267392,NO
805.3495069211458,396.4165907877114,NO
804.2142448926638,397.25907828310176,NO
803.1353716258645,398.16636290631436,NO
802.0800701912802,399.09926759871473,NO
801.0335332313877,400.0422418599973,NO
799.9892198280713,400.9864450501385,NO
799.3446996825902,401.40904360123454,NO
798.2150316263873,402.25658011303835,NO
797.1401079751712,403.16972070041913,NO
796.0862642440031,404.10642310979347,NO
795.0390444274458,405.04919948055914,NO
793.9953672450335,405.99422268206774,NO
793.376840498466,406.4457568697847,NO
792.23253393407,407.2775924092087,NO
791.1512801932643,408.1832305655949,NO
790.0943848773809,409.1159997386749,NO
789.046642152989,410.0586698150244,NO
788.0013942387586,411.00175777361477,NO
787.4019217349663,411.47863047190054,NO
786.2402249640677,412.28810196809945,NO
785.1544224555579,413.1870887567465,NO
784.096228744527,414.11859383433,NO
783.0484208664612,415.06058036805166,NO
782.004554276338,416.0057265308777,NO
781.4181411816585,416.50075781918264,NO
780.2454883434588,417.29467230959614,NO
779.1591116666797,418.1912399794275,NO
778.1016364049634,419.12470725211915,NO
777.0530620157884,420.0662678525168,NO
776.0094862847145,421.01189995438716,NO
775.4505314667659,421.53731416870187,NO
774.2627814544857,422.31430723945124,NO
773.16673777514,423.20258368853155,NO
772.1050945024044,424.12938445163354,NO
771.0543263532121,425.0689558432776,NO
770.0067044236621,426.00854563797935,NO
769.4288198907152,426.5102523356291,NO
768.2547161550415,427.30216768738575,NO
767.1686983093956,428.20065078821665,NO
766.11016763355,429.13423502308564,NO
765.0611361208665,430.07662762377754,NO
764.0142419255965,431.01811062806854,NO
763.4787011848659,431.57026150175744,NO
762.2760941424873,432.3287308172734,NO
761.1785731286982,433.2135303503739,NO
760.1157679461609,434.1420134654079,NO
759.0634837177909,435.0798108441128,NO
758.017428548507,436.0221038658133,NO
757.5000172789047,436.5991768283768,NO
756.2891079049787,437.34024972943564,NO
755.1909811285014,438.22616186269903,NO
754.1282392804546,439.1546062428115,NO
753.0775340125913,440.09528276316735,NO
752.0334153802307,441.041522070692,NO
750.9909681061654,441.98873341081907,NO
750.3548834257407,442.42176532310657,NO
749.2174332171644,443.2630904639586,NO
748.1388314490531,444.1692904932006,NO
747.0845424819478,445.1043290148265,NO
746.0370645713512,446.0467046843024,NO
744.993265947998,446.9915799552174,NO
744.3634739401755,447.432372311982,NO
743.2224342335384,448.2676102010613,NO
742.1439608714215,449.1746298007827,NO
741.0896861089872,450.10982805670636,NO
740.0437925203789,451.05446409790017,NO
739.0017831436578,452.00220608545237,NO
738.4142494366652,452.49031919632336,NO
737.2455244731007,453.29680214416675,NO
736.1567499998124,454.19073786594475,NO
735.0966666326549,455.11960447209873,NO
734.0488702601356,456.0608325334044,NO
733.0057069456398,457.00711897340454,NO
732.4296344874754,457.5132955418078,NO
731.255836926716,458.3058228357938,NO
730.1653117547047,459.199718106742,NO
729.1040241613325,460.12814104663414,NO
728.0541418568163,461.06781979561623,NO
727.0096228587425,462.0121034175205,NO
726.4489278639467,462.5374229139234,NO
725.2663805681108,463.31680260368876,NO
724.1699233606163,464.2067540407075,NO
723.1077406837499,465.1320531193151,NO
722.0581972422477,466.0725496402288,NO
721.0140722567197,467.0176111382132,NO
720.4856690177702,467.5767319698374,NO
719.2841674247403,468.3378033695591,NO
718.1857438528123,469.2219715696103,NO
717.1219845782181,470.1478658605504,NO
716.0721022173007,471.08855797750266,NO
715.0311094038868,472.0371247860941,NO
714.0025369014343,473.0028615118759,NO
713.5012745579177,473.5428823211061,NO
712.383306232051,474.4128997332167,NO
711.3103540982854,475.33183191229426,NO
710.2595607419822,476.27757984402444,NO
709.2186279056112,477.2353649633762,NO
708.1846385664973,478.1988634048268,NO
707.1542757420619,479.1676910251614,NO
706.1258682361366,480.13764537278155,NO
705.1027495006814,481.11154404113955,NO
704.0831019227608,482.0898619651165,NO
703.064362453577,483.07009151755557,NO
702.0439865119928,484.0485010792872,NO
701.0236467177109,485.0260603123861,NO
700.0038225641579,486.0042227223443,NO
699.5225444665627,486.56202097989734,NO
698.4022924400189,487.43060190216613,NO
697.3174606127402,488.3429906648411,NO
696.2599284763049,489.27883236259896,NO
695.218587366309,490.2345224202269,NO
694.1845315102614,491.198661024624,NO
693.1560253503892,492.1685817736499,NO
692.1311662710525,493.1422723182597,NO
691.1089533455329,494.11800677884713,NO
690.0887474934428,495.09625786128566,NO
689.0691967964061,496.07517201115644,NO
688.0504265094601,497.0551824059558,NO
687.029983425571,498.03314395222475,NO
686.0100537140551,499.0110507763043,NO
684.9917708523332,499.99105136426596,NO
684.4572996336038,500.48338134818357,NO
683.3702026079318,501.3956875786145,NO
682.298061463333,502.3216601403808,NO
681.2475028538416,503.2644606345605,NO
680.209809795033,504.22498470428377,NO
679.1795091317689,505.19207751045036,NO
678.1535026562682,506.1653808366422,NO
677.1295174659545,507.13969787495216,NO
676.1078291458492,508.11677634598374,NO
675.0872388002581,509.0946110906448,NO
674.0680897886447,510.07396941213284,NO
673.0500681888683,511.0543557948761,NO
672.0313764520644,512.0344967614927,NO
671.0113753401422,513.0125332159278,NO
669.9917992696331,513.9909419719904,NO
669.440303757826,514.4755952515004,NO
668.3507869592725,515.3732573187269,NO
667.2882220229114,516.3097896512741,NO
666.2398676008089,517.2578089141864,NO
665.2038992150922,518.2185774086382,NO
664.1722484915018,519.1858608478384,NO
663.1441280530604,520.1560500269371,NO
662.1183152324187,521.1292735128119,NO
661.0951615223483,522.1038125767025,NO
660.0755540238264,523.0821147351256,NO
659.0559951433175,524.0612909305598,NO
658.036592525934,525.0400246512427,NO
657.0188378750458,526.0204356167588,NO
656.0027978705264,527.0030265793007,NO
655.5347022105145,527.5664666693065,NO
654.404747345834,528.4396132096608,NO
653.3152770832274,529.3405872708398,NO
652.2616903131966,530.279887321352,NO
651.2246852331944,531.2397359176407,NO
650.1901130386598,532.2048276650296,NO
649.1603753792298,533.1728784015639,NO
648.1339405326463,534.1457414615163,NO
647.1091001891335,535.1191613055336,NO
646.0882986578292,536.0957815899324,NO
645.0690283289309,537.0750056432465,NO
644.0501864052158,538.0547804471958,NO
643.031441453899,539.0342997671335,NO
642.0142316259094,540.0154386868068,NO
640.9982939955208,540.9981689965731,NO
640.5142372048888,541.5362046436285,NO
639.4509246162565,542.4643600115033,NO
638.4047853730609,543.4164970530707,NO
637.3764278659919,544.3830551103908,NO
636.356799038275,545.3629934733967,NO
635.339342098173,546.3451527588384,NO
634.3190879985298,547.326646774928,NO
633.3046644453497,548.3087131270955,NO
632.2889165617506,549.2955802121322,NO
631.2658111164909,550.2753198263835,NO
630.2446139133119,551.2515917880456,NO
629.2293140076233,552.2342913579303,NO
628.2183057142067,553.2229932591903,NO
627.209588397419,554.2134106615864,NO
626.2005070275101,555.2047345923158,NO
625.1910731825882,556.1950657518887,NO
624.1837499527228,557.1870118011828,NO
623.1747814949753,558.1788879719744,NO
622.1670156105839,559.1704191342827,NO
621.1622188814999,560.1645664765726,NO
620.156319663183,561.1594776252862,NO
619.1490480412475,562.1520375394349,NO
618.1416866829975,563.1453248557453,NO
617.1318148653174,564.1359224214697,NO
616.1251877090195,565.1276389352937,NO
615.1198091105831,566.1224864091437,NO
614.1143905175472,567.1166178719699,NO
613.1102049795817,568.1117271494875,NO
612.1055111020937,569.1075457466709,NO
611.0992586191003,570.1017161918738,NO
610.0930525921892,571.0953470443673,NO
609.0861059224625,572.0889329246176,NO
608.0789507332564,573.0808815953197,NO
607.0744993547573,574.0761123300695,NO
606.0681804088323,575.0702101356198,NO
605.0611864383412,576.0631735530222,NO
604.0531638626062,577.0551754710326,NO
603.0466247922928,578.0477467791136,NO
602.0425053324328,579.0431845142563,NO
601.0395744838653,580.0401000404478,NO
600.0361135779358,581.036785009545,NO
599.0315960434014,582.0322674059117,NO
598.0265716511922,583.0272783452866,NO
597.0212900107608,584.0217411904166,NO
596.0173022012029,585.0176688708711,NO
595.0117782802413,586.0121223995159,NO
594.006007442435,587.0061665801427,NO
593.0003753424302,588.0003862940648,NO
592.5658874046804,588.5792285485776,NO
591.5058894794761,589.5214254405103,NO
590.46295293274,590.4715740125799,NO
589.4272073020176,591.4381613269852,NO
588.3868383608931,592.3993170262479,NO
587.3559459433893,593.3633743585865,NO
586.3277763487672,594.336725881009,NO
585.309216720387,595.3143789560072,NO
584.2956189925338,596.300497187097,NO
583.2847060177716,597.2893580933323,NO
582.2974327933666,598.2888115375795,NO
581.3657992118198,599.3346673652628,NO
580.4801000931351,600.4427778069412,NO
579.9926004020552,600.9933879828328,NO
579.0170986612372,602.0154783393893,NO
578.0377294834057,603.0344941693966,NO
577.0587251163392,604.0536445712355,NO
576.0821682698504,605.0741928052538,NO
575.1083148599723,606.0984680521408,NO
574.1341812407899,607.1234180444801,NO
573.1632585136756,608.1510480389372,NO
572.194293893247,609.179326888879,NO
571.2331771714452,610.2140025418262,NO
570.2805820090222,611.259830184686,NO
569.3478809843491,612.3218182246877,NO
568.4375128330769,613.4071299979413,NO
567.5548853813817,614.5199481838816,NO
567.0026108805222,615.0023759012141,NO
566.0245306350585,616.0222587125551,NO
565.0462634261731,617.0420682529092,NO
564.066775569333,618.0614948494897,NO
563.0877250795819,619.080490020082,NO
562.1119278748763,620.1025147590519,NO
561.138528321824,621.1262888676196,NO
560.1654831610767,622.1531914343434,NO
559.192911548492,623.1797771417125,NO
558.2305186618548,624.2142227982891,NO
557.2766801879942,625.2562798119955,NO
556.338201618669,626.3131092471559,NO
555.4338350069416,627.3995456428567,NO
554.9840740648239,627.9857691515709,NO
554.0089162393178,629.0079870038284,NO
553.0319047825193,630.029102606387,NO
552.0516770032667,631.0474798887981,NO
551.0714229613989,632.0657384628563,NO
550.0947609704152,633.0857361106493,NO
549.1204173623705,634.1102902820475,NO
548.1433139042334,635.1332431900729,NO
547.1680637023619,636.1573113627969,NO
546.1947103121333,637.1808814451521,NO
545.2331615944947,638.2141279995651,NO
544.2828658835883,639.2620094195811,NO
543.3481992380887,640.325441122037,NO
542.4401221635813,641.4095581249414,NO
541.568266081888,642.532286481185,NO
541.0052992886135,643.0047838965124,NO
540.0290898568473,644.0261808704628,NO
539.0533131192283,645.0479550185114,NO
538.0765610502552,646.0699205496741,NO
537.0982847870472,647.0903812093087,NO
536.1226465518682,648.1122774993995,NO
535.150167840519,649.1372153568145,NO
534.1782775817608,650.1649253059859,NO
533.2109419790418,651.1957881061171,NO
532.2535375760594,652.2359996229133,NO
531.3010985062863,653.2821017464896,NO
530.364238873997,654.3401569661999,NO
529.4663661263746,655.4319419092513,NO
528.9902741361547,655.9913093144802,NO
528.0159618730733,657.0142587445504,NO
527.0391635581163,658.0357108516565,NO
526.0591336070506,659.0543125230723,NO
525.081127312675,660.0736482288569,NO
524.1075576403373,661.0969964205902,NO
523.1327327504617,662.1221704627977,NO
522.1566796889573,663.1459775302351,NO
521.1861126486225,664.173006123645,NO
520.219212510792,665.2032813786542,NO
519.2646227521199,666.243134596649,NO
518.3307362890062,667.3043617822498,NO
517.4302606022281,668.3977323306387,NO
516.582384603708,669.5370039564161,NO
516.0069933339308,670.0063306240496,NO
515.0286234585309,671.0258974150804,NO
514.0522505419746,672.0472429242147,NO
513.0757125705607,673.0685844145668,NO
512.0979501527173,674.0903275681659,NO
511.1182032986799,675.1100621376778,NO
510.13858228124496,676.1292312506248,NO
509.1648495277474,677.1513557028464,NO
508.1982023960935,678.1820339867579,NO
507.24128367669505,679.222778144662,NO
506.2957023383371,680.2744818809787,NO
505.3628367651373,681.3388475587476,NO
504.45815457826825,682.4260033568964,NO
503.9879395768769,682.9890824597501,NO
503.009540124591,684.0086576630971,NO
502.03242667619133,685.0291880556549,NO
501.0563977900185,686.0509995105365,NO
500.08086825314285,687.0732255319008,NO
499.10499135717265,688.0959568931829,NO
498.1283174044623,689.1181064705856,NO
497.14996965795035,690.1398091046333,NO
496.1767156446267,691.1639705503884,NO
495.2102072537588,692.1956684248103,NO
494.24907651984654,693.2312055673199,NO
493.30148154757904,694.2789057077903,NO
492.3753089034566,695.349124564197,NO
491.49354546090314,696.4565955279911,NO
490.99441401747424,696.9949691460389,NO
490.0170126556303,698.0154389850393,NO
489.0393167179407,699.0353751917164,NO
488.0669094411083,700.0593443027722,NO
487.09507552802773,701.0853491360704,NO
486.1217644199006,702.1112040374239,NO
485.1499320260587,703.1377259007954,NO
484.1829911447232,704.167613743694,NO
483.21836033755505,705.2012712679673,NO
482.25913092614593,706.2403703112465,NO
481.309468836016,707.2898200061887,NO
480.37929446131477,708.3539236064369,NO
479.48910751653824,709.4525549671195,NO
478.9942680129338,709.9948788567948,NO
478.0197937951501,711.0177257875998,NO
477.04338105691477,712.0392443448619,NO
476.0648305793651,713.0595517559009,NO
475.08439056524617,714.0780667210754,NO
474.10643510726015,715.0977863894178,NO
473.13251354275826,716.1208678771956,NO
472.16034050814125,717.1472157708675,NO
471.1910300163128,718.1765009614211,NO
470.22969819728326,719.2128334210328,NO
469.28141002263646,720.2597297337653,NO
468.3424137722201,721.3189913355911,NO
467.43651332745213,722.4005122242766,NO
466.9842669814013,722.9859046187815,NO
466.00891646104543,724.0079872024479,NO
465.0323437687241,725.0293482271968,NO
464.05405923900577,726.0492752347437,NO
463.0767928380874,727.0697223968507,NO
462.10229885835184,728.0927580380696,NO
461.12583822824587,729.1161583676754,NO
460.1522188068588,730.1402233009121,NO
459.18814869498465,731.17224880591,NO
458.22984272558557,732.2109145015631,NO
457.2769239163715,733.2556547969212,NO
456.3398334262201,734.3134812220977,NO
455.43707306939655,735.402408664904,NO
454.5867887412808,736.5409799213633,NO
454.0066173196219,737.0060383045621,NO
453.02619081369033,738.0239534064007,NO
452.0469968776285,739.0428431146274,NO
451.0698759898467,740.063314031067,NO
450.0929347519275,741.0852502237428,NO
449.1167946219278,742.1072414978726,NO
448.14507621093225,743.1332493352543,NO
447.1752053863632,744.1609929229827,NO
446.2102534756714,745.1932877754331,NO
445.26906650816807,746.239348710628,NO
444.5028568246476,747.386252351786,NO
444.01754175457427,748.0123048224143,NO
443.1221101405804,749.0841647022601,NO
442.2770282026977,750.1974523133457,NO
441.9488556208248,750.9647161240631,NO
441.0470160034444,752.0323630343408,NO
440.1593742106522,753.1113120248691,NO
439.34654933355625,754.2500668521192,NO
438.0758602364802,756.0518321049987,NO
437.2018699453748,757.1418136319203,NO
436.4526088495176,758.3252484207948,NO
436.0080233333979,759.0055121456918,NO
435.1105823766702,760.0765767020223,NO
434.24976137802383,761.179618427745,NO
433.58953093919826,762.4251884294457,NO
433.03449111078385,763.0237246564168,NO
432.1407220987562,764.0983720832295,NO
431.30443599372444,765.220684687971,NO
430.0631311816896,767.0427708431839,NO
429.18132492835394,768.1279286327059,NO
428.38545955484597,769.2825949945914,NO
427.9899020526124,769.9930436366501,NO
427.09006046505107,771.0621601841132,NO
426.21514159304024,772.1539845947747,NO
425.4665769692341,773.344172531508,NO
425.0109161476478,774.0075405204078,NO
424.1100297623684,775.0771736517153,NO
423.22974093462597,776.1711091314673,NO
422.51272872356384,777.3742839114819,NO
422.0234520249395,778.0157120826098,NO
421.1292081869008,779.0904006032742,NO
420.2682899017181,780.1987066929252,NO
419.94755381921675,780.9640851367617,NO
419.0512584864785,782.034059171073,NO
418.16405801004476,783.1157247527266,NO
417.3549609939847,784.2574221329124,NO
416.0969552160738,786.0644184405493,NO
415.2352876028507,787.167114529193,NO
414.57632003672273,788.4074619295563,NO
414.03670812797463,789.024337327386,NO
413.1514152759493,790.1046599636528,NO
412.3311282037541,791.2386343060897,NO
411.07639142246876,793.0516158242102,NO
410.19663549499825,794.1402437749568,NO
409.4260948744959,795.3101766735612,NO
409.00318782637305,796.0021663128405,NO
408.1092307212443,797.0745782161388,NO
407.25484576674677,798.1808905237555,NO
406.60207734389564,799.4385015250348,NO
406.03754265137394,800.0255858602632,NO
405.1438306589227,801.1011255932249,NO
404.30594569876297,802.2227351925329,NO
403.06453123479326,804.0434774681623,NO
402.17384209366935,805.1263722988122,NO
401.2979888929167,806.2404521355726,NO
400.5498993583057,807.4472016750923,NO
400.0179473128991,808.0136682073255,NO
399.0849260604649,809.0655604975431,NO
398.15485598062276,810.124001955499,NO
397.24583349598635,811.2015698604043,NO
396.4227565165018,812.3461361010519,NO
395.99306264534647,812.9946987384229,NO
395.0594089815594,814.045373176479,NO
394.1297443451804,815.1017602765111,NO
393.2120988300868,816.1718878335871,NO
392.3526314497933,817.2886136171678,NO
391.97328085620387,817.9793011984947,NO
391.36465914466294,818.4872687637763,NO
390.1047383021165,820.0818543034679,NO
389.17174788020264,821.140360238486,NO
388.2786959648747,822.2273052142576,NO
387.52308131913765,823.4219522448767,NO
387.01469790918725,824.0110487738388,NO
386.083129938492,825.0638932598532,NO
385.15696939305025,826.1242756458563,NO
384.2585872536735,827.2095386256384,NO
383.4735085858148,828.3798812802365,NO
383.00500359253317,829.0037815168789,NO
382.0730513241516,830.055994525658,NO
381.14144222353514,831.1131537788282,NO
380.22376783528335,832.1830274881688,NO
379.3742921425662,833.306343704743,NO
378.98016122205485,833.9847940918677,NO
378.04772576364485,835.0360988398751,NO
377.1168419729006,836.0918247190779,NO
376.19214591793894,837.1557871526164,NO
375.32821703857013,838.2626700142899,NO
374.96584384410863,838.9739687494039,NO
374.0337467043042,840.0254074487322,NO
373.1047338485052,841.0812633725442,NO
372.18106937732597,842.145279330273,NO
371.30720863043615,843.2457669231086,NO
370.37560573552355,844.5866963694946,NO
369.26653401170756,846.1686372398372,NO
368.0936834888767,848.0562918226973,NO
367.31684576743316,849.1958311401737,NO
366.1252030748513,851.0751774273677,NO
365.37086289963287,852.2370100812019,NO
364.148930538908,854.0894926450284,NO
363.4622048616235,855.2848850723232,NO
363.0247748931143,856.0147600682651,NO
362.1968016482512,857.1190016941515,NO
361.59900609315,858.3795229419337,NO
361.0514824644292,859.0310879113333,NO
360.22880877400695,860.1423822112961,NO
359.93097088719736,860.9574171080931,NO
359.071067840533,862.0427631036364,NO
358.2574218539569,863.1631727553171,NO
357.3775019624913,864.6166323178594,NO
356.31734463018313,866.195132319801,NO
355.12978575556815,868.0776987937826,NO
354.390062863822,869.2463835074412,NO
353.1585056781247,871.096254866376,NO
352.4786213049112,872.2992239109855,NO
352.0288719744501,873.0171886130365,NO
351.2018823805608,874.1225544883175,NO
350.6168950690258,875.391016566025,NO
350.0546754576577,876.0329927990399,NO
349.2327093553044,877.1455141286259,NO
348.28301589620503,878.5516003809831,NO
347.26316310403814,880.1672284780797,NO
346.09270121442376,882.0555403807247,NO
345.3096852391922,883.1931071828295,NO
344.12281886883767,885.074070479168,NO
343.3625834442058,886.2319754256332,NO
342.15088686150267,888.091075846904,NO
341.46214830750563,889.2861538691471,NO
341.0264082237934,890.0154998734718,NO
340.19998033151427,891.1215842811168,NO
339.6157019307883,892.3875245041795,NO
339.0565170065109,893.0335965545606,NO
338.2412916972966,894.1499602808453,NO
337.33802084139506,895.5967019089386,NO
336.29240220009024,897.1843810073834,NO
335.1159765758975,899.069230267781,NO
334.3622434490146,900.2264021492688,NO
333.15420868927447,902.09335971105,NO
332.45492434762906,903.2873884549066,NO
332.0232002753557,904.0136859670528,NO
331.19447810440306,905.1184959668433,NO
330.9105990090032,905.9461276963684,NO
330.06140341029976,907.0358783468777,NO
329.2457624171244,908.1548062335256,NO
328.3567390001922,909.6124816256637,NO
327.3057928399268,911.1923914107806,NO
326.1291140184328,913.0769008770702,NO
325.38876510535823,914.2452859951563,NO
324.17105738366865,916.1034119585644,NO
323.55827316300196,917.3352894144952,NO
323.0511868689459,918.0291883187289,NO
322.24188299792877,919.1486480948782,NO
321.3411353630693,920.596572129495,NO
320.2889103410396,922.183318742451,NO
319.1181402334171,924.0701618887457,NO
318.3597899799578,925.2275635784722,NO
317.1558748035649,927.0935248886399,NO
316.491920124324,928.3001902505162,NO
316.03476208710714,929.0201139106969,NO
315.2153192277936,930.1312300635105,NO
314.9248113413326,930.9548222657843,NO
314.0758169164503,932.0442938910071,NO
313.2836587374968,933.1750234754825,NO
312.11963790478586,935.070213719841,NO
311.375132162604,936.234142882116,NO
310.166915412278,938.0991651636555,NO
309.51747213637725,939.3204115268306,NO
309.03967796866635,940.023121091663,NO
308.2373127960538,941.1400117207606,NO
307.37375174734495,942.6346885156834,NO
306.35661545287314,944.2158339317789,NO
305.17851201256707,946.1027552205722,NO
304.6051561470742,947.3605759599152,NO
304.06017752365955,948.0343328626229,NO
303.2768281543509,949.163920355057,NO
302.1292404738942,951.0739323248117,NO
301.44069377922176,952.2620015028291,NO
301.02285680691904,953.0131223837715,NO
300.215848684177,954.1256808480158,NO
299.30661420816125,955.6028790564508,NO
298.3410407247679,957.2044481887514,NO
297.1633326955385,959.0947732896938,NO
296.55332716951773,960.3271847544427,NO
296.04973000055367,961.0284395066875,NO
295.2483566858993,962.1498548753826,NO
294.1068948163847,964.0613783153224,NO
293.37734301707115,965.2246207397689,NO
292.19186328365333,967.1106651697816,NO
291.9114604213901,967.9485015235731,NO
291.07854167853577,969.0437813995418,NO
290.3277126493229,970.1909930794774,NO
289.1689996719741,972.0956530604525,NO
288.57540063903014,973.3421986323398,NO
288.05426029830187,974.0311367104358,NO
287.26644132340164,975.157132053064,NO
286.11966462003886,977.0686770831367,NO
285.4133216032414,978.24598492316,NO
285.0156807818199,979.0089440953502,NO
284.22875783203756,980.1253794415437,NO
283.1532788401844,982.0782911302949,NO
282.8870709464155,982.9413912523993,NO
282.0985891830238,984.0506324384407,NO
281.4673379411939,985.2442057683465,NO
281.04007550882716,986.0213378348438,NO
280.308590503715,987.1619262565445,NO
279.2033932910216,989.1066045577936,NO
278.3832903597542,990.6829345958246,NO
277.5465464676991,992.2895259952002,NO
277.06080877783285,993.032067373686,NO
276.355720659232,994.1869190652194,NO
275.23918709386834,996.1250794884946,NO
274.15486833427366,998.0811215079328,NO
273.886137132814,998.9380916156827,NO
273.07233025721627,1000.0397136916791,NO
272.3203660934213,1001.1854751090402,NO
271.16329805579363,1003.0931053467906,NO
270.5779369034222,1004.3346833433235,NO
270.0573263182088,1005.0320740152678,NO
269.2817434294728,1006.1646373636312,NO
268.14065898188784,1008.0796502676067,NO
267.4787741015651,1009.2835198592127,NO
267.0335011193183,1010.0189990745429,NO
266.2303018126449,1011.1367671836601,NO
265.3752055554399,1013.1090340989059,NO
265.0760548962134,1014.0283429754713,NO
264.842944794108,1014.954423196032,NO
264.14634287072636,1017.0510026640583,NO
263.9143071332034,1017.9707636110089,NO
263.23550047802,1020.0717558845482,NO
262.98588028821814,1020.9945736008013,NO
262.3425642066866,1023.0824240758917,NO
262.0613519409386,1024.023782155897,NO
261.82334882616954,1024.9494292736522,NO
261.5525382589851,1025.925345757666,NO
261.15236135363057,1027.0530933423945,NO
260.91765076654826,1027.970451158881,NO
260.6476696874378,1028.9343352298558,NO
260.26253183215806,1030.0719803151776,NO
260.0064554989821,1031.0025062524028,NO
259.37419405195476,1033.079559058667,NO
259.092839544205,1034.033619030038,NO
258.86105764959194,1034.956137807045,NO
258.5869343121561,1035.9236634259257,NO
258.1943462609784,1037.0588986217026,NO
257.9579330669737,1037.9848229112529,NO
257.30715469451553,1040.075631052828,NO
257.0479145947269,1041.0172868332472,NO
256.4254701922711,1043.0875837259168,NO
256.1409722713091,1044.0452332296895,NO
255.91450432792652,1044.972339636451,NO
255.24485393467495,1047.0662891275776,NO
255.0068590163338,1048.0023132368863,NO
254.3520390317117,1050.0822995500316,NO
254.0930923763252,1051.0296286170583,NO
253.86932225242813,1051.9598706137203,NO
253.17848393888553,1054.0505409968841,NO
252.95557540580668,1054.9861499795063,NO
252.26423627495592,1057.0697327254468,NO
252.03359246548177,1058.0100777392265,NO
251.36480096349965,1060.0927330135078,NO
251.1181926384621,1061.0328893976414,NO
250.9156992473409,1061.979999232823,NO
250.7216440084735,1062.9484931830025,NO
250.5264736307546,1063.9354282210809,NO
250.29147370863484,1065.0508284172813,NO
250.11950255958857,1066.0236661919846,NO
249.93999744899298,1066.9868229698295,NO
249.7589080867992,1067.9541452632236,NO
249.58321648097746,1068.9470155046508,NO
249.37011868026417,1070.0554994262918,NO
249.18787471865502,1071.0390484695456,NO
249.00372102325528,1072.0008317581555,NO
248.8219791731775,1072.96544301473,NO
248.65396290969468,1073.9509553726584,NO
248.4548038301926,1075.0557560916652,NO
248.26118887122675,1076.052853543936,NO
248.06877010018965,1077.0163160436798,NO
247.8791100107813,1077.9736886501862,NO
247.6985111797524,1078.951525330099,NO
247.54457554610843,1079.9557796073548,NO
247.33895834425053,1081.058833006932,NO
247.13682624235847,1082.0338041297239,NO
246.94340608450656,1082.9870166900055,NO
246.7572970798708,1083.9557424116665,NO
246.59815906141864,1084.9572846234298,NO
246.42335103292567,1086.0544489362035,NO
246.22201348260853,1087.0512003613671,NO
246.03682805992278,1088.0080877304144,NO
245.86378832648074,1088.9770309723212,NO
245.7156222315611,1089.9615253603886,NO
245.5825868488084,1090.9525098803836,NO
245.38955581630918,1092.055539860164,NO
245.2395762923076,1093.0413386539044,NO
245.17547254460027,1093.9979356171782,NO
245.26508049333455,1094.939235800574,NO
245.91729484986806,1097.0261601766924,NO
246.14116806002417,1097.9563712869408,NO
246.4103664944955,1098.9180964499985,NO
246.76052978661178,1100.0732264292574,NO
246.0598104076052,1101.5017798738445,NO
245.0707180647378,1103.0648141996717,NO
244.16822462349796,1104.1157455370178,NO
243.88835265792406,1104.93956703478,NO
243.1508776158827,1106.0603062106995,NO
242.9206662237121,1106.9776181250884,NO
242.704733842943,1107.9505140510175,NO
