X,Y,is_wing_root
117.94034983744106,993.9787473975789,NO
117.26786281598912,996.0204269478778,NO
117.22697325501659,997.0025289499431,NO
117.22151058520467,998.0021565703166,NO
117.21884377622308,999.0006078993534,NO
117.22453700310568,999.9981288582238,NO
117.30443259190064,1000.9601338244189,NO
117.98075936291973,1003.0047387917632,NO
118.17085745895392,1003.9575414097279,NO
118.50967708507065,1004.7812879913595,NO
119.42862603451252,1006.7994353622686,NO
120.07846017945612,1007.9503565788756,NO
120.97205180321103,1009.0226247317545,NO
121.36283121619901,1009.6637823275062,NO
122.2994251195357,1010.6915242469992,NO
123.35042843449332,1011.5909985015835,NO
123.98484763751631,1012.0190961276436,NO
125.04148983732352,1012.9394443386585,NO
126.15874069052146,1013.7247425796054,NO
128.13576780612186,1014.6559309018409,NO
129.01951310011177,1014.9425299103324,NO
131.0854253832944,1015.5684160947517,NO
132.03486595253727,1015.7749561183623,NO
133.0123224213706,1015.9357338332044,NO
133.9935628291668,1016.0591049313501,NO
134.9987074266251,1016.1156853137677,NO
136.00520607454635,1016.0954446963367,NO
137.00133688387638,1016.0094662175636,NO
137.96813549062708,1015.8602210150103,NO
138.92125917574265,1015.6275433879521,NO
140.04230838075185,1015.2952288061501,NO
141.02297085639677,1015.0938443522122,NO
141.9524956794335,1014.8784728771834,NO
142.77172837945452,1014.4729000852211,NO
143.97448015417675,1013.9428926523904,NO
144.71623329698528,1013.5446080550904,NO
145.86738491333662,1012.8267884534591,NO
146.91467441653154,1011.904008718598,NO
147.92247642917303,1010.9243672463991,NO
148.90248134528434,1009.9170252377845,NO
149.8132783952738,1008.8663243063296,NO
150.44231854764163,1007.6547686265922,NO
150.94369899667558,1006.9659531095689,NO
151.91341030519752,1005.8801917561252,NO
153.99497915996773,1004.9478687230443,NO
154.98170527218286,1004.8367281854836,NO
155.9729666807375,1004.7263256147562,NO
156.96808600750506,1004.6147846305868,NO
158.03968883617318,1004.4745404266437,NO
159.02790769888716,1004.3570543701856,NO
160.02023902701026,1004.2596866691181,NO
161.0135426899109,1004.173126814147,NO
162.00752052890982,1004.095422815906,NO
163.0018383614544,1004.0197080245185,NO
163.99472163812143,1003.9425180602133,NO
164.98926255077475,1003.8659910510644,NO
165.9837771332608,1003.7895597229684,NO
166.97828990534722,1003.7057447263575,NO
167.963243218745,1003.5956754122446,NO
169.07268849767772,1003.3058820519908,NO
170.00250002655753,1003.0050725176138,NO
170.85846173887987,1002.6932669402574,NO
173.00604237799809,1002.0704007333227,NO
173.99971849640522,1001.9961578562522,NO
174.99322163502757,1001.9222852551925,NO
175.98307950555684,1001.8316856063155,NO
176.97228712143942,1001.72069156055,NO
177.96522393209437,1001.5965023385378,NO
179.039800920992,1001.4409942139608,NO
180.02867379982865,1001.3183154795933,NO
181.01915009457713,1001.2124968312752,NO
182.01165504728533,1001.1152287698051,NO
183.00216287696364,1001.017463891089,NO
183.98859768252916,1000.9133061903603,NO
184.97704677422598,1000.7982764537962,NO
185.96597151336377,1000.6725703454777,NO
186.94507104320374,1000.5198146012838,NO
188.03624987702605,1000.3355041714636,NO
189.01863632374523,1000.2311911534275,NO
190.01084033084365,1000.1566920466239,NO
191.00658489036238,1000.0899934996022,NO
192.00179736316045,1000.0218752244235,NO
192.99545180927464,999.9485061175626,NO
193.98866626318184,999.8666536901608,NO
194.97672265578348,999.7697566974234,NO
195.95954140714008,999.6425462576682,NO
197.04809030603823,999.4503001512408,NO
198.02943708632887,999.3179932171618,NO
199.01832068034875,999.2156203078046,NO
200.01124273470919,999.1221369831504,NO
201.0031298975917,999.0279414486591,NO
201.99177024415508,998.9299397316548,NO
202.97880471522868,998.8213540205054,NO
203.9628254636505,998.6943427092831,NO
204.95022141374116,998.5385692843684,NO
206.03299368133574,998.368072370363,NO
207.02143254216216,998.2651176091152,NO
208.01575748376828,998.1729658707478,NO
209.0081848146553,998.0794980473296,NO
209.99875875683702,997.9879611458449,NO
210.98911691460032,997.8961352133956,NO
211.98026249484784,997.797905115256,NO
212.97234066645896,997.6915984201746,NO
213.96149670938607,997.5692765362078,NO
215.03913877418836,997.4073331699857,NO
216.02650088645845,997.2902010781579,NO
217.01666952279425,997.1929497264878,NO
218.00945626248904,997.1031592265917,NO
219.00122741328767,997.0108697951586,NO
219.99075013071158,996.9169208958682,NO
220.98294655110035,996.8203703361062,NO
221.97373591565312,996.7167230761783,NO
222.965169112594,996.6010702534285,NO
224.0417232399947,996.447187538716,NO
225.0287680407063,996.3284040006624,NO
226.0176403575755,996.2381448148147,NO
227.0121513507046,996.1631019340015,NO
228.00743388920912,996.0893879860216,NO
229.00115462090042,996.013678862305,NO
229.99429775192186,995.9361220075219,NO
230.9865747148796,995.8520132409235,NO
231.9741275330428,995.7495325097944,NO
232.95455921899904,995.6128445359972,NO
234.04349006717135,995.4194042178941,NO
235.0266365460108,995.3018808743576,NO
236.01690212789057,995.2105913839528,NO
237.0093328582468,995.1349022166053,NO
238.00452494475957,995.0703162048399,NO
239.00036566040026,995.0044917543447,NO
239.99248797007925,994.9265903647678,NO
240.98229958451762,994.8322000625848,NO
241.97119877195348,994.7195010899495,NO
242.95976017720213,994.5858242601872,NO
244.0381891969225,994.4180973192774,NO
245.026230415672,994.3057914393102,NO
246.0171251400972,994.2169966422833,NO
247.00980006599093,994.1445886730708,NO
248.0057516936721,994.0746206544575,NO
248.9995175831669,993.9951758315967,NO
249.99060063571997,993.9083329276971,NO
250.98160392996112,993.8130721939782,NO
251.9712257979728,993.7033280399519,NO
252.96153691922166,993.572857350621,NO
254.03527609700203,993.4188415526224,NO
255.02368729146173,993.3203250697644,NO
256.017466689466,993.2374948378165,NO
257.0112581226602,993.1626365625688,NO
258.0062276340486,993.093609123966,NO
259.0016715625082,993.0177694359304,NO
259.9922326030477,992.9303784682884,NO
260.9832588984293,992.8343328498152,NO
261.974770756359,992.7307891338381,NO
262.9655928051968,992.6161586935425,NO
264.04214511506365,992.4635962587632,NO
265.02787833479584,992.3486811772784,NO
266.01788444767385,992.2624029690644,NO
267.0132771692208,992.1862827164917,NO
268.00911908651267,992.1065376182619,NO
269.00230158385597,992.0226475849526,NO
269.9941326071503,991.9408471006941,NO
270.98636669840175,991.857443082609,NO
271.9759156773691,991.7591567700838,NO
272.96651409560457,991.6390963550367,NO
274.04055509895056,991.4860734496247,NO
275.02819517310013,991.375212699177,NO
276.02036989021184,991.2900284317712,NO
277.0145746115389,991.2172087111086,NO
278.01097893971973,991.1445560421636,NO
279.0055756721544,991.0652286472639,NO
279.9983840406687,990.9829542360875,NO
280.9890049385202,990.8958703021683,NO
281.97963336125457,990.7976336097639,NO
282.9702672230135,990.6876309517548,NO
283.9581448172121,990.5594741967066,NO
285.03305709487364,990.4067459964859,NO
286.0191589600062,990.3177495577239,NO
287.0138881553533,990.2510978555331,NO
288.01123274729343,990.189731317945,NO
289.0090196518796,990.1231826762395,NO
290.00413314442875,990.0526573307349,NO
290.9982238102965,989.9804224425876,NO
291.99056023967125,989.9038324455205,NO
292.9843675238257,989.8204171728265,NO
293.9755406811826,989.7254441551057,NO
294.96679201058737,989.6110571291093,NO
296.03790317347716,989.4575847059016,NO
297.0299074153977,989.3398569878407,NO
298.0185065004074,989.2510807244804,NO
299.0115112171317,989.1824235188766,NO
300.00755407005494,989.1203615213003,NO
301.0035600132899,989.0597836714315,NO
302.00011942177025,989.0019624978273,NO
302.9946829989147,988.9377151282808,NO
303.9853131405203,988.8561287278619,NO
304.9765262016565,988.7551256026026,NO
305.9659665344782,988.6389132106344,NO
307.043256565658,988.4876733342181,NO
308.03099111878055,988.3618422581432,NO
309.02176627701095,988.2609051145954,NO
310.0132821369695,988.1792125995848,NO
311.0075680306339,988.1116575651761,NO
312.00342522913985,988.0487971043317,NO
312.998686387829,987.9837987838305,NO
313.9931827846036,987.9162576618811,NO
314.9872349872259,987.8440729473084,NO
315.97724585538873,987.7565835672417,NO
316.9653028947428,987.640637125851,NO
318.04306862684024,987.4703547250266,NO
319.0272838322032,987.3506774982384,NO
320.01803115969756,987.2675114642709,NO
321.01252918756614,987.200467001058,NO
322.00710536764984,987.1461234215734,NO
323.0045453047816,987.0991702899091,NO
324.00267249143036,987.0481048457463,NO
324.9991623279553,986.9886448895892,NO
325.99276294232965,986.9188776322583,NO
326.9857141478103,986.8380363069102,NO
327.97743898818214,986.7468153010898,NO
328.9651286643856,986.6365818791807,NO
330.0465198948685,986.4726651070105,NO
331.0271368145778,986.350348418532,NO
332.01810639948013,986.2616666874529,NO
333.01361724474367,986.1825500194424,NO
334.0075392897634,986.1140467236754,NO
335.0035274174893,986.0564965070123,NO
336.0000311978147,986.0004717487573,NO
336.9953227003512,985.939674823596,NO
337.98897517501223,985.8703270590311,NO
338.98242582665324,985.791306698919,NO
339.97333548853794,985.6986910161967,NO
340.96495593437004,985.5833649930105,NO
342.0311520340684,985.4402821034234,NO
343.021629061747,985.3464582358368,NO
344.0159070144997,985.2765373239148,NO
345.013820555602,985.2132972540918,NO
346.0091020878407,985.1540853464604,NO
347.00454201553964,985.1069035356461,NO
348.00294888514566,985.065545676518,NO
349.00099988087413,985.0164647047452,NO
349.99700175593534,984.9582357292529,NO
350.9915117546697,984.8925189747009,NO
351.9847241930089,984.816496944845,NO
352.9806971084846,984.7320992627257,NO
353.97454381133963,984.6395075233506,NO
354.96737834771284,984.5297982491234,NO
356.0297317642674,984.4035025236707,NO
357.0251185731456,984.304519673946,NO
358.01572321733477,984.217266282981,NO
359.0085932923512,984.1457734872247,NO
360.00463388271794,984.0880437736117,NO
361.00199259243624,984.0370162346054,NO
361.9991440088745,983.9852679421133,NO
362.99597514784904,983.9325325632332,NO
363.991003524286,983.8759500087814,NO
364.98448523467135,983.8083825682181,NO
365.97814384906894,983.7294562911478,NO
366.971465794284,983.6373261131387,NO
367.96357625431045,983.5253530871478,NO
369.0312447858669,983.3951546350585,NO
370.0226714890789,983.3021737385257,NO
371.01472425460395,983.2293489829616,NO
372.0100257768275,983.1682898294459,NO
373.00704302808236,983.1090533372093,NO
374.0030001739273,983.0532939987487,NO
374.9999975290227,982.999955567335,NO
375.99609881855764,982.9421809961138,NO
376.98945964796013,982.8745440998046,NO
377.97985168386214,982.7900097728202,NO
378.9699450303104,982.6842460332161,NO
379.95618111741345,982.5500548880694,NO
381.0365017512465,982.380409801084,NO
382.02261820966214,982.2756976229343,NO
383.0125336052194,982.2009698759146,NO
384.00701000889023,982.1447719220048,NO
385.00487290948826,982.0941446113134,NO
386.0023834431755,982.0468108232618,NO
387.00023856076325,982.0049501357081,NO
387.9979418653971,981.9623922667411,NO
388.993862740505,981.9113210467805,NO
389.98760142071933,981.8467662780507,NO
390.9810678431087,981.7675131171288,NO
391.96789272052314,981.6651669264876,NO
392.94558631714165,981.5138255711373,NO
394.03175364539635,981.3378128848632,NO
395.01856677721,981.2408450862891,NO
396.01149212577957,981.1695088422739,NO
397.0061750958504,981.1142392772804,NO
398.0026754455978,981.0745302707803,NO
399.00126757514226,981.0445462113133,NO
400.0004745015303,981.0162148633643,NO
400.99923704789256,980.981907135564,NO
401.9965652662941,980.9379874442207,NO
402.9938361441864,980.8885940147977,NO
403.990161082234,980.8358454157745,NO
404.9847911561838,980.7728485466687,NO
405.9789696300661,980.694720432325,NO
406.9718577735417,980.6000113276086,NO
408.03183940528487,980.4775911006706,NO
409.0244142000801,980.3801639941659,NO
410.0190824225369,980.2989579367098,NO
411.01367358400336,980.2264842657353,NO
412.0088425137541,980.1641170533164,NO
413.0059120134129,980.1073257814642,NO
414.0030556727314,980.0543230686193,NO
415.00037593441436,980.007628335751,NO
415.99818239893904,979.9634625111476,NO
416.9946765293393,979.9149961988744,NO
417.9893582229805,979.8590683662454,NO
418.9859332811973,979.7966719844378,NO
419.98153158829206,979.7259526152502,NO
420.9707742547996,979.6365305364174,NO
421.9627216685381,979.5232892223281,NO
423.0292556239408,979.3995221166804,NO
424.0217679583417,979.3126984702499,NO
425.0149747120475,979.2435361031553,NO
426.01048799410677,979.1866071366973,NO
427.00638183770394,979.1386599249568,NO
428.0037653880095,979.0984089230673,NO
429.0024760259541,979.0620276228406,NO
430.0010791180938,979.0259777946743,NO
430.9994805213234,978.9879553436432,NO
431.9967267294481,978.9427464801375,NO
432.99193840565925,978.885618833062,NO
433.9879529481501,978.8208001090854,NO
434.98651438326453,978.7559367775272,NO
435.9822639060925,978.6887489487218,NO
436.97466720561624,978.6082464410944,NO
437.9717315253638,978.5100131258089,NO
439.0223937095675,978.4092807867353,NO
440.0175891614956,978.3372530643474,NO
441.0143416577195,978.2749326221968,NO
442.01246501494006,978.2123669182663,NO
443.0083640803948,978.1508751416193,NO
444.00466400023436,978.0965245261515,NO
445.00231698172496,978.0507629658277,NO
446.0003965463315,978.0084136790789,NO
446.99812701852187,977.9644133511193,NO
447.99457082962164,977.9168919319376,NO
448.9897528967529,977.8614535561677,NO
449.9849603384512,977.7960113495169,NO
450.98273564125043,977.726989025802,NO
451.98158582178075,977.6599013979527,NO
452.97590872509085,977.5857245522424,NO
454.02764111093086,977.4894780228084,NO
455.0200562848524,977.4099877815928,NO
456.01504835446667,977.3476555730723,NO
457.0117396838612,977.2987097304606,NO
458.01096614459516,977.2544145546083,NO
459.008743021574,977.2105050685221,NO
460.0064271635515,977.1692486454473,NO
461.00514331973994,977.1293951019476,NO
462.00333023402163,977.0916290081022,NO
463.0021405723716,977.0531849901585,NO
464.00042866422774,977.0082118621768,NO
464.9973772928466,976.9578217094171,NO
465.99362347802384,976.9047445692476,NO
466.99154958152036,976.8507092705557,NO
467.9893827165701,976.7969715333443,NO
468.9823893590093,976.7358404028919,NO
469.97502207300545,976.6591473499223,NO
470.9717837596153,976.5686945923998,NO
472.0250456679493,976.4617114493275,NO
473.02169104545385,976.3747021825859,NO
474.0172971393063,976.3013693879052,NO
475.0112836958329,976.242205851072,NO
476.00846061659803,976.1933560380103,NO
477.00668685473653,976.1478883520185,NO
478.0046241655072,976.1035598039174,NO
479.0026067088393,976.0633430230242,NO
480.001111317626,976.0236758982476,NO
480.9985828319922,975.9778876795828,NO
481.9947700395167,975.9262499788342,NO
482.99186742455936,975.8724118875007,NO
483.99040569610867,975.8188595429637,NO
484.98969607729134,975.7665281827955,NO
485.98702502717316,975.7123353457785,NO
486.9820916464819,975.6478023764308,NO
487.97812306287904,975.5724053407885,NO
489.0220826563602,975.4893051518995,NO
490.01977076401187,975.4190437644016,NO
491.0160870071026,975.3587402801941,NO
492.0116236370405,975.3104194914856,NO
493.0102207463222,975.2683676124109,NO
494.00723170816514,975.2311652996126,NO
495.00557430884203,975.2002463280511,NO
496.00621281871776,975.1673910794121,NO
497.00572220139725,975.1268199485762,NO
498.0044078150681,975.0802555021636,NO
499.0017196215998,975.0295352549243,NO
499.9985921795191,974.976864815944,NO
500.99526446411994,974.9243090584558,NO
501.99199043843646,974.8708967328618,NO
502.98998076229685,974.8174927091696,NO
503.988720703215,974.7656982524385,NO
504.9869336227024,974.7128583952126,NO
505.9809563239326,974.6508659313839,NO
506.9716262321496,974.5693267291423,NO
508.0251770293485,974.4619437551232,NO
509.0189084589687,974.378169185017,NO
510.0138894195344,974.3145953681154,NO
511.01119570445553,974.2649650080818,NO
512.0085379844269,974.221987601719,NO
513.0072510833886,974.1808954515151,NO
514.0061298461328,974.140110761585,NO
515.003905965392,974.1025052049545,NO
516.0023339768658,974.0692413148878,NO
517.0011730692797,974.038476671573,NO
518.0002502603319,974.0079841121003,NO
518.9992866833694,973.9763654413781,NO
519.998545752765,973.9442911435219,NO
520.997136337375,973.9110474826741,NO
521.9932720256143,973.8705854367134,NO
522.9886346910879,973.8189127370059,NO
523.9865310041008,973.7628948417178,NO
524.9818941861394,973.7044872572312,NO
525.9744619231257,973.633405015798,NO
526.9682584244591,973.5450374297068,NO
528.0248562213455,973.4408174789661,NO
529.0191273646058,973.3658617091542,NO
530.0158329088822,973.3041238027907,NO
531.0110868123288,973.2539150447897,NO
532.0068426041784,973.2166824564939,NO
533.0051022873596,973.1876071838493,NO
534.0048045540547,973.1592129851722,NO
535.0042601046192,973.1288681707351,NO
536.0029578998268,973.0994466301726,NO
537.0017948512434,973.0732897589683,NO
538.0011869491592,973.0486649170666,NO
539.0006626372276,973.0225982153963,NO
539.9998615433233,972.9950847879397,NO
540.9991189981487,972.96746819023,NO
541.9976959180319,972.9377897863974,NO
542.9958664814493,972.9041600498176,NO
543.9932937037792,972.8651897665169,NO
544.9895168912977,972.81683149287,NO
545.9841643403792,972.7550751272958,NO
546.978419733336,972.6791733703653,NO
547.9782330532257,972.5949455242895,NO
549.0274358148564,972.4993318389567,NO
550.0233486485329,972.4064570940108,NO
551.0166696632907,972.3293184721166,NO
552.0109117067811,972.2710231908101,NO
553.0083861742638,972.2249890838291,NO
554.0071672358438,972.1838299101228,NO
555.0050317472416,972.1456157146251,NO
556.0026599641931,972.1160711660458,NO
557.0016750078859,972.0948842690312,NO
558.0013791751044,972.0738624850703,NO
559.0009255626924,972.0525392948251,NO
560.0006159461487,972.0331242156881,NO
561.0002917016551,972.0128879092084,NO
561.9997558736999,971.9904595438817,NO
562.9989297134647,971.9648946023758,NO
563.9980345666877,971.9391944087544,NO
564.9966217269815,971.9143304669938,NO
565.9943654181122,971.8826328604533,NO
566.9922057512418,971.8434654981711,NO
567.9912792963289,971.8031612484613,NO
568.9921927728503,971.7650276547993,NO
569.9892203625501,971.7251192373409,NO
570.9828625192886,971.6722001115726,NO
571.982145755494,971.6080993320714,NO
572.985914016052,971.5508136369411,NO
573.9852802657225,971.5012953971016,NO
575.0124216891041,971.449251100706,NO
576.0101712627645,971.4086998126688,NO
577.0108425947152,971.3736524862311,NO
578.0114709962304,971.3356191365151,NO
579.0096660098427,971.2957799100077,NO
580.007528962676,971.2590520878848,NO
581.0067969426314,971.2276975760292,NO
582.0068691770659,971.1971245596233,NO
583.0060514085403,971.1654628092222,NO
584.0050623823507,971.1323060449611,NO
585.0037766736176,971.0970008778484,NO
586.002226586829,971.0625352837284,NO
587.0009896903277,971.0315743148903,NO
588.0001240992978,971.0051397793716,NO
588.9997929489123,970.986238004705,NO
589.9995940010787,970.9729604711172,NO
590.9990861904919,970.9564417458046,NO
591.9978928785239,970.9319603670523,NO
592.996772518191,970.9028821367799,NO
593.99682582827,970.8756994372023,NO
594.9962561256804,970.8496210431172,NO
595.9948876897018,970.820690450756,NO
596.9929208532228,970.787853949753,NO
597.9897634596745,970.7485131156526,NO
598.9873329544863,970.7039911525209,NO
599.9860981653454,970.6556317094896,NO
600.9857871361462,970.6001447860377,NO
601.9819253277909,970.5368365347877,NO
603.0276329311785,970.4459196574763,NO
604.0227995027528,970.3544286349058,NO
605.0122729957004,970.285508624381,NO
606.0071902791257,970.2410075076868,NO
607.0054187859305,970.2081716884321,NO
608.0049933279473,970.1797598020853,NO
609.0040401066534,970.1530392366756,NO
610.0033091801845,970.1264106811634,NO
611.0025261890626,970.1010475609986,NO
612.0013952424302,970.0790363790156,NO
613.000823291209,970.0611135383489,NO
614.0007896350279,970.0449162992685,NO
615.000628577693,970.0243636715275,NO
616.0000021534241,970.0000872136777,NO
616.9995494757069,969.9780144139701,NO
617.9991163423026,969.9587205619279,NO
618.9987310568447,969.9403596724761,NO
619.9984285915161,969.9220581394319,NO
620.9981877610771,969.904905151596,NO
621.9974198667344,969.887483750344,NO
622.995290883964,969.8650501914101,NO
623.9928699686834,969.8356776561103,NO
624.9910936299286,969.7992959881013,NO
625.9908384284861,969.7597632306826,NO
626.9912650218388,969.7219867074762,NO
627.9921109544142,969.6888972024354,NO
628.9899605238187,969.6555687232558,NO
629.986201921326,969.6114282985125,NO
630.9871978550805,969.5631908201976,NO
631.9891245013154,969.5209056610965,NO
633.0086815570867,969.4832733492935,NO
634.0085260753881,969.4508162532554,NO
635.0068634524811,969.4206315629198,NO
636.0059061014565,969.394800168063,NO
637.0075258180592,969.3679288719256,NO
638.0093982156171,969.3357042609671,NO
639.0092629887383,969.3003854925819,NO
640.0080441110107,969.2648810807161,NO
641.0071675336898,969.2305968644995,NO
642.0057008011031,969.1991057622678,NO
643.005490113524,969.1687767131169,NO
644.0044846531455,969.1393135743916,NO
645.002921899038,969.1134865573661,NO
646.002351152522,969.0882586480134,NO
647.0014718133704,969.0626480542952,NO
648.0007325400666,969.0422718712507,NO
649.0004216840778,969.0276343638857,NO
650.000104174413,969.0170846036924,NO
651.0000552192797,969.0090559618507,NO
652.0000121125751,969.0019864623015,NO
652.9998764110193,968.9918843237492,NO
653.9984496361261,968.9643416305025,NO
654.99649616955,968.9241344536368,NO
655.9975898156101,968.8948949993597,NO
656.9985978394016,968.8822185040285,NO
657.9978336453682,968.8711656208227,NO
658.9960803853729,968.8535225550751,NO
659.9941745245256,968.8290051497903,NO
660.9947686558687,968.8024161492189,NO
661.9946920282587,968.7768344026806,NO
662.9947976776303,968.7518492170032,NO
663.9966046979913,968.7329029030136,NO
664.9954601800881,968.7170178763417,NO
665.995406959682,968.6968593412679,NO
666.9942597470222,968.6728055820946,NO
667.9916814121378,968.6438852005092,NO
668.9778886750528,968.59023481069,NO
670.0423373143564,968.4713554263501,NO
671.014692087171,968.3851107597792,NO
672.0016178800789,968.3551246818636,NO
673.0035215883119,968.3455069336017,NO
674.003369611448,968.3328427498185,NO
675.0039085933446,968.3180173690615,NO
676.0052702185357,968.2971085734763,NO
677.0030628147325,968.2781035696315,NO
678.001173629492,968.2675875236808,NO
679.003322484586,968.2547238165174,NO
680.0076799361495,968.2241581392357,NO
681.0110055388432,968.1686332563863,NO
682.0060691167484,968.1105037313974,NO
683.0012631197038,968.0768924129167,NO
684.0003351284747,968.0653500501412,NO
684.9999368674298,968.0614279939194,NO
686.0003022637629,968.0588205280203,NO
687.0002797297082,968.0545472910651,NO
688.0001553772038,968.0504975911185,NO
689.0003207743441,968.0445876340378,NO
690.0005651081401,968.0323441307345,NO
691.0003012616824,968.0094946020967,NO
691.9994358843092,967.9808784228761,NO
692.9991668378069,967.9567194187433,NO
693.9992741671199,967.9402397590039,NO
694.9992733040538,967.9282024419074,NO
695.9995121724531,967.9196710671594,NO
696.9999159102474,967.916835237865,NO
697.9997462429492,967.9161755858414,NO
698.9994701515851,967.9123983973636,NO
699.9988263955114,967.9029820255669,NO
700.9980610306666,967.8867413803813,NO
701.9977460444352,967.8680773002557,NO
702.9976319256368,967.8525873725378,NO
703.9975783628083,967.8393647357427,NO
704.9977414232102,967.8274794805849,NO
705.9989139220949,967.820435123692,NO
706.998884843688,967.8159992017407,NO
707.9972614754383,967.807129634052,NO
708.9941530544443,967.7879940829075,NO
709.9887033867178,967.7530149669052,NO
710.9857877456311,967.7047009193803,NO
711.9910156634492,967.659343888061,NO
712.9955175122725,967.6344735051276,NO
713.994500129785,967.6222012143719,NO
714.994732195091,967.6093044487538,NO
715.9963270404429,967.5941379823639,NO
716.9985679752857,967.5813714539028,NO
717.9990244551193,967.5746624320159,NO
718.9970116341705,967.5676830704912,NO
719.9948383193587,967.555063122418,NO
720.9866224896391,967.5273279590286,NO
722.0190222526463,967.4721994329252,NO
723.0099534217912,967.4270017713724,NO
724.0023826990855,967.4103007718543,NO
725.0018950316396,967.4074318139053,NO
726.0028134241841,967.40325748528,NO
727.0032257366582,967.3967656119199,NO
728.0044803899449,967.3871057085433,NO
729.0039088890175,967.3765563080976,NO
730.0029798680065,967.3690779443021,NO
731.000423062727,967.3659492482517,NO
732.0012502498772,967.361322213323,NO
733.0043137918708,967.343926875128,NO
734.0130373362682,967.2998587375241,NO
735.0137183032514,967.2394232169037,NO
736.0037890558123,967.1991359372843,NO
736.999002965131,967.1896360233375,NO
738.0001991663836,967.1890088976439,NO
739.0011568882048,967.1827883290425,NO
740.0014680944217,967.174336207542,NO
741.0015708166663,967.1666811109731,NO
742.0014930247474,967.1590900724557,NO
743.0015611507685,967.1501827040908,NO
744.0018691332701,967.1390347624074,NO
745.0015689446872,967.1270845228529,NO
746.0008468089195,967.1179483806553,NO
747.0006851032258,967.1114434605511,NO
748.0007522278714,967.1049895150294,NO
749.0003077221063,967.1004199865523,NO
750.0,967.099173553719,NO
751.0002002821169,967.0981382441688,NO
752.0002931931007,967.095874147542,NO
753.0004689331404,967.0921922541145,NO
754.0004410389444,967.0867082552561,NO
755.0004115717605,967.0807503812272,NO
756.0008700683217,967.0710555807303,NO
757.0008087651082,967.0566135596828,NO
758.0008155670563,967.0400443427873,NO
759.0005030028258,967.0215853830586,NO
760.0000768869854,967.0044820589499,NO
760.9998585710963,966.9906374067955,NO
761.9997046340083,966.978986819547,NO
762.9996627304838,966.9693697974091,NO
763.9995680331488,966.960691015656,NO
764.9996792547205,966.9540417810863,NO
766.0,966.9517374517375,NO
767.0,966.9522656687891,NO
768.0,966.9537572372446,NO
769.000087400843,966.9561247798459,NO
770.0002364427165,966.9604352516784,NO
771.0003223392023,966.9676371431133,NO
772.0002605029101,966.976246872313,NO
773.0001605227936,966.985392425457,NO
774.0000469571812,966.9941303525861,NO
774.9999999943959,967.0000011197003,NO
775.9999802778702,967.003932592659,NO
776.9999861673149,967.0068886770739,NO
777.9999822125851,967.0088581324563,NO
778.9999545257492,967.0113230876682,NO
779.9999612603218,967.012848660398,NO
780.9999518591309,967.0119389356438,NO
781.9999575077627,967.0104955829389,NO
782.9999908398686,967.0090227300452,NO
783.9999754050166,967.0080589565033,NO
784.9999379167406,967.0101402650972,NO
785.9999593431423,967.0132405834204,NO
786.9999686333207,967.0153069388041,NO
787.9999247031815,967.0183724227321,NO
788.999799175154,967.0245006316322,NO
789.9995365247867,967.0347606418121,NO
790.9995823409489,967.0451535838231,NO
791.9997860219534,967.0519966680974,NO
792.9998220261493,967.0577228515187,NO
793.9999360971617,967.0623052681989,NO
795.0,967.0637860082304,NO
795.9998671822398,967.0648150641218,NO
796.9998629721618,967.066869582041,NO
798.0002067228734,967.0673227496482,NO
799.0004007455824,967.0654551078663,NO
800.0001936459156,967.0634513136888,NO
801.0001254836858,967.061737977906,NO
802.0002974301036,967.0585937297603,NO
803.0001149827714,967.0568014901157,NO
803.9999409094584,967.0585587265839,NO
805.0,967.06,NO
805.9998149392849,967.0611317241206,NO
806.9991062645106,967.0679926489545,NO
807.9984034212641,967.0829380596996,NO
808.9984785461731,967.0999087994635,NO
809.9993247375378,967.1107430435933,NO
810.9994075110308,967.1164833297146,NO
811.99898691687,967.1241026881147,NO
812.9995964932019,967.1314087149723,NO
813.9997238330209,967.1347694797665,NO
814.9995818945004,967.1361630254625,NO
815.9995804546168,967.1369116513832,NO
816.9994312703153,967.1393387765255,NO
817.9992659258888,967.1437317061267,NO
818.999085471496,967.1487633066561,NO
819.9987225823982,967.1552062399305,NO
820.9979604464388,967.164523991968,NO
821.9968526862245,967.1782860663064,NO
822.9961011089355,967.1963809824803,NO
823.9956760833173,967.2164234036894,NO
824.995500619117,967.2364674667598,NO
825.9959419842212,967.2545728344558,NO
826.9944355716074,967.2732427377999,NO
827.9912123983593,967.299754848023,NO
828.9900282489468,967.3342383274141,NO
829.9895318287561,967.3714107007561,NO
830.989700240094,967.4073086915382,NO
831.9923842964853,967.4351105114808,NO
832.9941183282652,967.4539581383486,NO
833.9961343990141,967.4666332252447,NO
834.9966138632087,967.4751878404686,NO
836.0011381080858,967.4780053657556,NO
836.9982805574263,967.4808707934636,NO
838.010080047017,967.5048917906466,NO
839.0123757957791,967.5431717108454,NO
840.005472961012,967.571616428724,NO
840.997104433301,967.5811080115724,NO
841.9946527592435,967.5765957591624,NO
842.9970603949682,967.571797545929,NO
843.9980395930214,967.569690662686,NO
845.0038279139429,967.5760585089058,NO
846.0209181618894,967.6263442022861,NO
847.0197913833363,967.7012443530112,NO
848.0071418166224,967.7495262857594,NO
849.0030086877142,967.7692567854067,NO
850.0034705272686,967.7822244004059,NO
851.0024609133653,967.7936934288396,NO
852.0023320724057,967.8041059084318,NO
853.0018463225092,967.813521421364,NO
854.0017736148812,967.8212196167696,NO
855.0013506251265,967.8301588776887,NO
856.0,967.8368609343884,NO
856.999350043442,967.8368609151805,NO
857.9998367250768,967.8362352561919,NO
859.0018687031223,967.8433403877088,NO
860.0018435198739,967.8569144890158,NO
861.002017681189,967.8726338802513,NO
862.0016773178238,967.8871724195715,NO
863.0008097070686,967.8979769055634,NO
864.0022077157765,967.914578381106,NO
865.0023769763347,967.9459778092184,NO
866.000685349845,967.9800039096355,NO
866.9999762423931,968.0014640625473,NO
867.9997341175471,968.0153742626878,NO
868.999347987366,968.0319486212063,NO
869.9989147926752,968.0503846274556,NO
870.9988921441628,968.0671637612849,NO
871.9988331830688,968.0805103651046,NO
872.9983336668075,968.0941968328743,NO
873.9984015333175,968.1091524426346,NO
874.998586738806,968.1224398110772,NO
875.9985794497275,968.1352363838307,NO
876.9976240136693,968.1506375348241,NO
877.996420636737,968.1696618194898,NO
878.9974184162859,968.1876612816862,NO
879.9995820319176,968.1972809429944,NO
881.0004196021065,968.1980522023781,NO
881.9991506944474,968.2000114677076,NO
882.9970735033287,968.2109328751591,NO
883.997810649336,968.2264761562893,NO
884.997387566212,968.2413888746412,NO
885.9940192364171,968.2605904244225,NO
886.9896351183211,968.2921600945658,NO
887.9871548429098,968.3347296875461,NO
888.9886400111551,968.3801227055076,NO
889.9901463861669,968.4217346752021,NO
890.9891359939415,968.4584610455881,NO
892.0205587987998,968.5107005965928,NO
893.0218427365849,968.5820756519629,NO
894.014671835535,968.6466863557857,NO
895.0051856077112,968.6850607477026,NO
896.0047120497388,968.7087953429569,NO
897.0080243161609,968.7379645813903,NO
898.0050720185773,968.7669286722085,NO
899.0004469813039,968.7827670788527,NO
899.9986704345031,968.7854967698358,NO
900.9993315057947,968.7854133596514,NO
902.001302789187,968.7906852059007,NO
903.0026542559384,968.8021558519009,NO
904.0040615804207,968.8198135243746,NO
905.0064466662827,968.8483498520778,NO
906.005441268235,968.8864135227336,NO
907.0027205431646,968.9217260832191,NO
908.0012951241114,968.9479360135962,NO
909.0006108489255,968.9677536060399,NO
910.00030019659,968.9863547001862,NO
910.9996706579432,969.0105708176056,NO
911.9989890599497,969.037030360725,NO
912.9990971733963,969.0555238346258,NO
913.9986994327031,969.0708086678426,NO
914.9988338254407,969.0878219155866,NO
915.9994988203497,969.0983314496183,NO
916.999367621056,969.1032885546747,NO
917.9982562383624,969.1135770106845,NO
918.996281444325,969.1340057305013,NO
919.9951701172571,969.1607185098985,NO
920.9944670746193,969.1889098812574,NO
921.9923035698761,969.2203977561204,NO
922.9890647352605,969.2599228254511,NO
923.9857070661175,969.3076383934158,NO
924.9831767660899,969.3614943748476,NO
925.9829975623813,969.4182599722795,NO
926.982579241913,969.4737322243346,NO
928.0155185459348,969.5311182045265,NO
929.0117453382169,969.5771678336478,NO
930.0105233958394,969.6150191108145,NO
931.0082533787861,969.6498209265975,NO
932.0060195931707,969.6802533656564,NO
933.0054420169919,969.7077316931294,NO
934.0062376077365,969.7380204662816,NO
935.00724447078,969.773489541991,NO
936.0062361545196,969.8082885430881,NO
937.0053686379343,969.8379342380916,NO
938.0057023341988,969.8699072141793,NO
939.0039049104507,969.9027677324239,NO
940.0020617690739,969.9288334198485,NO
941.0011698375935,969.9492900839243,NO
942.0007667301801,969.9696068151582,NO
943.0001987574601,969.992168956255,NO
943.9997601737597,970.0130572071376,NO
944.9993968888691,970.0309491229046,NO
945.9990897334073,970.0490532556148,NO
946.9988985041236,970.0665028154543,NO
947.9985417166871,970.0824358958483,NO
948.9986707472674,970.0978534497771,NO
949.9976967226498,970.1157699969434,NO
950.9950382972804,970.1426865403148,NO
951.9924840537633,970.1801899926628,NO
952.9912207945374,970.2233820031605,NO
953.9897248642134,970.2701756204443,NO
954.9849441408138,970.3267121287438,NO
955.9771620227793,970.3996646006154,NO
956.969147695138,970.4906121550913,NO
958.0211333247219,970.5936638006996,NO
959.0142811488665,970.667775393473,NO
960.012104415368,970.7228088847673,NO
961.0114433922836,970.7704017187842,NO
962.0094538502309,970.8169734560333,NO
963.0069595611558,970.8598145495299,NO
964.0041981777653,970.8956752854898,NO
965.0024725935275,970.9278584448828,NO
966.0014184569511,970.9599995148446,NO
967.0003012921686,970.9910434051853,NO
967.9994999890295,971.0187696424772,NO
968.9990287185768,971.0429129783134,NO
969.998172459952,971.0680407186667,NO
970.997200585953,971.0963798255756,NO
971.9964605663512,971.125715445467,NO
972.9952182791232,971.1571372393194,NO
973.9926399400885,971.1934060190259,NO
974.9891367762268,971.2362119639936,NO
975.9849457878727,971.2879118180774,NO
976.9804556289691,971.3502351380716,NO
977.9772472295049,971.4216524035319,NO
979.0260944694654,971.5088440988233,NO
980.0219815210019,971.5898341937907,NO
981.0179023051326,971.661348050926,NO
982.0154052873334,971.7264834794938,NO
983.0123246488625,971.7860793100544,NO
984.0081272818383,971.8349664220004,NO
985.0045545693879,971.8724720495334,NO
986.0027588773396,971.9038198322031,NO
987.0016526905091,971.9305869962881,NO
988.0010207102581,971.9534184957478,NO
989.0005151359272,971.9765847301227,NO
989.9998789903489,972.0041518827229,NO
990.99857187148,972.037131341243,NO
991.9973823185838,972.071259100732,NO
992.9959260796105,972.1069128890251,NO
993.9939863118909,972.1478750489991,NO
994.9927237859399,972.1907985061312,NO
995.9906088174931,972.2352871941576,NO
996.9852775336321,972.2893284724929,NO
997.977693812887,972.3602036113327,NO
998.9702979284459,972.4509314588348,NO
1000.0260439361135,972.5624618602295,NO
1001.0186546840984,972.6455610153525,NO
1002.015967459489,972.7166558567056,NO
1003.0124538675476,972.7807649316844,NO
1004.0093639865378,972.8367261294625,NO
1005.0069062748863,972.8867370905117,NO
1006.0037701797761,972.9316569222168,NO
1007.0013579314252,972.9719360831815,NO
1007.9994110959831,973.0120234566788,NO
1008.9979701478554,973.0504340183796,NO
1009.9964701710066,973.0867975900773,NO
1010.9942118123984,973.127743954089,NO
1011.9934042089826,973.1722234309791,NO
1012.9916961949697,973.2149762849837,NO
1013.9900012574516,973.256634405152,NO
1014.987898645726,973.2992632274066,NO
1015.9837746172046,973.3484594117093,NO
1016.9795929526767,973.4090685438255,NO
1017.9743646378633,973.4859325102615,NO
1019.0255211401727,973.5859903793626,NO
1020.0205931903535,973.6715928102099,NO
1021.0127913354754,973.7386118384194,NO
1022.009366198317,973.7893694471143,NO
1023.0079038840954,973.833345765972,NO
1024.0054898598976,973.874481845445,NO
1025.0032921256466,973.9124987646627,NO
1026.0018490097598,973.9468013454261,NO
1027.0007520175373,973.9791106250902,NO
1027.9996154404892,974.0108885274605,NO
1028.9981825587824,974.0445273090023,NO
1029.9959930916223,974.0843192875891,NO
1030.9931420494827,974.131124013462,NO
1031.9887014919118,974.186524493787,NO
1032.9818423182633,974.2561629975,NO
1033.9724908543706,974.3466152401112,NO
1034.960345626464,974.4674747842437,NO
1036.0308126121372,974.6119396927097,NO
1037.0209060844536,974.706349936123,NO
1038.0171021991523,974.7857724515432,NO
1039.0111943545546,974.8573810230189,NO
1040.005503682517,974.9209543549871,NO
1041.0014177175215,974.9763793848972,NO
1041.9985842231877,975.0264096823698,NO
1042.9959568915313,975.0776276835287,NO
1043.9942113259224,975.1280239370308,NO
1044.9917999699592,975.1751824588337,NO
1045.988068633244,975.2257219782105,NO
1046.9834863987778,975.283846993412,NO
1047.9773444986474,975.3533463232076,NO
1048.970402186874,975.438864148487,NO
1050.0296378945764,975.5523118341196,NO
1051.0239241530921,975.6466285141777,NO
1052.0187481136688,975.7291618812689,NO
1053.0149715504624,975.802942022766,NO
1054.0094309574677,975.8678337651361,NO
1055.0046505221956,975.9264036441161,NO
1056.0010618635085,975.9819117045533,NO
1056.9983935652551,976.033393335823,NO
1057.9964009219284,976.0809374068783,NO
1058.9934939992893,976.1295778454723,NO
1059.9903858761945,976.1846304205652,NO
1060.9857950297626,976.2468448637964,NO
1061.9779162967689,976.3191451440997,NO
1062.9695302283512,976.4154529374578,NO
1064.0371816869804,976.5574855609261,NO
1065.02733113092,976.6686568529169,NO
1066.0186890704938,976.7580949950213,NO
1067.0139953995142,976.8338046366706,NO
1068.008341169611,976.9043218800557,NO
1069.002095163191,976.9697433782538,NO
1069.9984844261153,977.0268669909175,NO
1070.9951839178439,977.0813664424437,NO
1071.9911915712687,977.1416813380206,NO
1072.9889792472006,977.2024793240162,NO
1073.9884588143657,977.2550052328999,NO
1074.9854157690306,977.3042800941693,NO
1075.9788066549936,977.3659927619598,NO
1076.9677458415963,977.4612344479485,NO
1078.0341849841682,977.6068726952969,NO
1079.024212153158,977.7162832319763,NO
1080.0157552494013,977.80181556018,NO
1081.009555115906,977.8702860222664,NO
1082.0047930899857,977.9282467278301,NO
1083.0011128244287,977.9812328759817,NO
1083.9983581992237,978.0315805201215,NO
1084.9957339692928,978.0808872856164,NO
1085.9918415080017,978.1336304728841,NO
1086.9869791576004,978.1953126447436,NO
1087.9801181207379,978.2697407148457,NO
1088.9717068659966,978.3612500007633,NO
1089.959831474746,978.4808746056292,NO
1091.035738409236,978.6359668968338,NO
1092.0244269055884,978.7527782574948,NO
1093.0146323101303,978.8484847894185,NO
1094.0063863431806,978.9259935530422,NO
1095.0004046301408,978.9944092653125,NO
1095.9961283060309,979.059427430349,NO
1096.9927699835337,979.1208808063055,NO
1097.9909476276687,979.1772756253732,NO
1098.9875501994723,979.2305703170257,NO
1099.97979654256,979.2945794408398,NO
1100.9667372664733,979.3854041860449,NO
1102.0419286530853,979.5354746539361,NO
1103.0302879949375,979.6645885163997,NO
1104.0227732628896,979.7703292171922,NO
1105.0132189325013,979.8572064784306,NO
1106.005683505078,979.9296666232132,NO
1107.0003338581503,979.9954059235753,NO
1107.9966437218109,980.0565856755469,NO
1108.9929887782732,980.116484684402,NO
1109.9882863409111,980.1819521740765,NO
1110.9823966210029,980.2556681189823,NO
1111.972590332463,980.3431999209005,NO
1112.9605738311382,980.4670057480844,NO
1114.0355661980568,980.6355510835089,NO
1115.023734856088,980.7524022956652,NO
1116.0133256478148,980.8433423883392,NO
1117.0058086740885,980.9110826060224,NO
1118.0018971799382,980.9647967730328,NO
1118.999066859638,981.0162562871876,NO
1119.9957665403886,981.0688642760033,NO
1120.991238565296,981.126908058677,NO
1121.9844420846232,981.1963661198764,NO
1122.9734757805497,981.2854511105888,NO
1123.9582720324568,981.4077960606046,NO
1125.0428485995167,981.5966642664174,NO
1126.0294208476337,981.7311742161352,NO
1127.015904257368,981.8295478497447,NO
1128.0073687382717,981.9012589028811,NO
1129.002635257795,981.9608644533732,NO
1129.998930479384,982.0168363246025,NO
1130.9940822334506,982.0795981237433,NO
1131.9853788956013,982.1601440964128,NO
1132.9712883743655,982.2636781929891,NO
1133.9526407213464,982.4009127023659,NO
1135.0457503136277,982.6124679439386,NO
1136.027443198707,982.7535440930833,NO
1137.0142169296964,982.8589912640713,NO
1138.00519548354,982.9434206144086,NO
1138.9982839148258,983.0205511663243,NO
1139.9928016967715,983.0947612216773,NO
1140.9879595021998,983.1660880460308,NO
1141.9818611362346,983.2400113470699,NO
1142.9731596102047,983.3253937515357,NO
1143.958872871511,983.4359475528489,NO
1145.038165266118,983.597868410838,NO
1146.0246326473155,983.7113559030212,NO
1147.017524996713,983.8060164063858,NO
1148.010056179577,983.8909123173553,NO
1149.002651931921,983.9672928408637,NO
1149.9969355830563,984.0405828167231,NO
1150.9906194564646,984.1165867510099,NO
1151.981316310163,984.2016100389313,NO
1152.9666151153701,984.3066590887379,NO
1153.9502145058161,984.4470101786849,NO
1155.036081883717,984.6307900491928,NO
1156.0242260693742,984.7545793891186,NO
1157.0141416610293,984.8534683211738,NO
1158.0056499387656,984.9337295414103,NO
1158.999470440754,985.0068292511412,NO
1159.9932251502134,985.0812145620775,NO
1160.985458650232,985.1613234464356,NO
1161.9768833469025,985.2509808072051,NO
1162.965554990494,985.3553914504267,NO
1163.9488519403048,985.4897279465389,NO
1165.0326316672254,985.6534827766616,NO
1166.0208479422931,985.7631372452377,NO
1167.0122237513547,985.8510513268702,NO
1168.0054100264279,985.9217864705655,NO
1169.0011002283566,985.9828872163882,NO
1169.9975234016192,986.0403157740589,NO
1170.9922971883022,986.1020358736455,NO
1171.9801344399955,986.1851470258462,NO
1172.9607840136675,986.3047838968299,NO
1173.934878457388,986.482838098932,NO
1175.0377955557544,986.7038800283855,NO
1176.0196480016784,986.8325572987543,NO
1177.0067983751444,986.9272647006188,NO
1177.999742503256,987.0032682279748,NO
1178.9933822840583,987.0779599250765,NO
1179.9862651885915,987.1588829424367,NO
1180.976660800875,987.2484938242274,NO
1181.9579161314134,987.3636046350604,NO
1183.0537821246694,987.5707577664652,NO
1184.0317215661796,987.7252792711079,NO
1185.0153971284822,987.8330266960156,NO
1186.0069164790425,987.9140136462437,NO
1187.0010026062985,987.9877241869458,NO
1187.9949325437951,988.0629262597349,NO
1188.987890009711,988.1405940265205,NO
1189.977056801544,988.2311968514387,NO
1190.9605880216286,988.3483381858692,NO
1192.0553293983635,988.555783988671,NO
1193.0352897614273,988.7231579021719,NO
1194.01731638064,988.8482455326733,NO
1195.0055680868095,988.9417988408882,NO
1195.9985070222212,989.0181922106162,NO
1196.9922303973963,989.0934294719744,NO
1197.9836176154083,989.1771583476544,NO
1198.9703190153045,989.278376386123,NO
1199.9473970515703,989.414432578328,NO
1201.0463955952168,989.6359408665651,NO
1202.026760535968,989.7810290161071,NO
1203.0121915801697,989.8904974416259,NO
1204.001941171739,989.9810830919037,NO
1204.9929632913074,990.0702945418392,NO
1205.983785389102,990.1662443027724,NO
1206.972611705376,990.272057075957,NO
1207.9552597618151,990.4007783412831,NO
1209.0468915852396,990.6046395706627,NO
1210.0298013376341,990.7560510041621,NO
1211.0139084747393,990.8719370687176,NO
1212.003566187442,990.9617689386527,NO
1212.9963790876175,991.0419599843916,NO
1213.987986325799,991.1260775743393,NO
1214.9784608538516,991.2196992890682,NO
1215.9666521270744,991.3278583029999,NO
1216.9442673466706,991.476049747636,NO
1218.0388779603334,991.6875625734924,NO
1219.0220004601329,991.825096340893,NO
1220.0079762774028,991.9313765110311,NO
1220.997401406343,992.0243189148297,NO
1221.9876480262863,992.1191528750659,NO
1222.9761570872784,992.2239267359846,NO
1223.9598307085844,992.3501626033353,NO
1225.0511276865084,992.5474655947964,NO
1226.0338241188508,992.7028783418066,NO
1227.0200849443147,992.827920874225,NO
1228.007858913312,992.9314953141572,NO
1228.997599757015,993.0238327149273,NO
1229.9898796436612,993.1139433119589,NO
1230.9818740586775,993.2042484040012,NO
1231.968898232095,993.3054884873569,NO
1232.9454501432067,993.4422245762971,NO
1234.0402348548048,993.649837252845,NO
1235.0247678616413,993.787446714178,NO
1236.0118130382066,993.8989781608336,NO
1237.00079098893,993.9920426514541,NO
1237.9936830900494,994.0741484902793,NO
1238.9848640343307,994.1594321736252,NO
1239.9710204462642,994.2637431991917,NO
1240.957048769027,994.3968320144319,NO
1242.0466983358424,994.5995263873442,NO
1243.03147487241,994.754926422633,NO
1244.0145721506026,994.8762645475849,NO
1245.00302782038,994.9681600788062,NO
1245.9961046659225,995.0470290317021,NO
1246.9885032448794,995.1294399437489,NO
1247.9775310705763,995.2237123836054,NO
1248.9599742339299,995.3458226288053,NO
1250.0594602757753,995.5867510572318,NO
1251.0328089590214,995.7708381855392,NO
1252.01235209402,995.8966435919203,NO
1253.0007821510874,995.9922858433342,NO
1253.9911832290165,996.0821789545961,NO
1254.9768155728336,996.1860698895355,NO
1255.955714211234,996.3209804507152,NO
1257.0627997785687,996.5645881774509,NO
1258.0351591970127,996.7413083382633,NO
1259.0158602594795,996.8669117379734,NO
1260.0038397402716,996.9620968215177,NO
1260.9952170944803,997.0480242748926,NO
1261.9841265549626,997.1453267842005,NO
1262.9696573141373,997.2636573200373,NO
1263.9526716770526,997.4066372197689,NO
1265.0445287494745,997.6128724961558,NO
1266.0295909013184,997.7635300921263,NO
1267.0137584768165,997.8857346859851,NO
1268.0011269155991,997.9899574864208,NO
1268.9890724067782,998.0921840535306,NO
1269.9739546494704,998.2061555584412,NO
1270.956478912464,998.3469708665496,NO
1272.0571105338888,998.5769777294483,NO
1273.036464572256,998.7585885703044,NO
1274.0148375964222,998.9006705355606,NO
1275.0002671528264,998.9971310110585,NO
1276.000611948485,999.0116740945217,NO
1276.962003666625,998.874732939815,NO
1277.731611176969,998.5495850731362,NO
1278.8001738494559,997.8150908898328,NO
1279.623022804866,995.9203064839072,NO
1279.778027431836,994.9771390376314,NO
1279.8703204547778,993.9890196311599,NO
1279.9494154162555,992.9957846177691,NO
1280.0325585668947,992.0033658294683,NO
1280.1274992978163,991.0160691269474,NO
1280.2376523188916,990.0285800730601,NO
1280.3691870942878,989.0386358579327,NO
1280.5509650024119,987.9565099281152,NO
1280.680857527092,986.9711859939127,NO
1280.7799132484301,985.9810394184656,NO
1280.8604518019736,984.9887011451709,NO
1280.9331977586423,983.9946094207021,NO
1281.0039865988194,983.0003023767373,NO
1281.0700525823916,982.0044127611615,NO
1281.1298978283196,981.0074300531511,NO
1281.1897400326484,980.0110936717433,NO
1281.2551753985183,979.0146959651453,NO
1281.3316747503734,978.0222576009271,NO
1281.4341019167039,977.0344847317008,NO
1281.5833408115984,975.961855144153,NO
1281.6916785976398,974.9743065482666,NO
1281.7731126643303,973.9839174741419,NO
1281.8390552737287,972.989247595009,NO
1281.897814875316,971.993553989441,NO
1281.9484320821716,970.9974346922818,NO
1281.9897904684092,969.9995801496702,NO
1282.0272623077103,969.0011099847169,NO
1282.0700737543073,968.0036006277599,NO
1282.1261838816522,967.0083281359705,NO
1282.193550576659,966.0125837833667,NO
1282.259551232453,965.0133388212354,NO
1282.3219381549457,964.0160790421262,NO
1282.3984434156023,963.0244698726282,NO
1282.526151206386,961.9586959890116,NO
1282.6469406799324,960.9667853612285,NO
1282.7380467390626,959.9811629104737,NO
1282.7974156606062,958.9906499540081,NO
1282.8426590261984,957.9927015516936,NO
1282.8891387577928,956.9943749054609,NO
1282.9322797912196,955.9973249812482,NO
1282.96428908064,954.9991182488907,NO
1282.9855944564313,953.999749852649,NO
1283.004927074735,953.0001150484472,NO
1283.0339958026727,952.001403653476,NO
1283.0704393630022,951.0031602904024,NO
1283.103702163191,950.0040162703157,NO
1283.1336722068515,949.0050897233509,NO
1283.1667653788627,948.0063026754466,NO
1283.2060301645593,947.0086205091349,NO
1283.2502788735278,946.0110219478495,NO
1283.293341944225,945.0090457868071,NO
1283.3273709867472,944.0062461353798,NO
1283.3546638222106,943.0064778780011,NO
1283.4037251082661,942.0199019410236,NO
1283.5161247890596,940.9664873794981,NO
1283.6079739852353,939.984063983401,NO
1283.6470509637195,938.9951760952039,NO
1283.6707634446086,937.9933112211918,NO
1283.7131649907249,936.9862804168745,NO
1283.7705161900944,935.9867653514416,NO
1283.8187591912933,934.9928432120794,NO
1283.8475268257998,933.9969408760702,NO
1283.8632992766152,932.9984188139358,NO
1283.880570410667,931.9973737995443,NO
1283.919879241224,930.9953553184488,NO
1283.9725560903582,929.9984349704833,NO
1284.0086594693273,929.0001831307701,NO
1284.0225139833485,928.000203235567,NO
1284.0316647870427,927.0004433070035,NO
1284.0437601330777,926.0008699827629,NO
1284.0558930107782,925.000827635899,NO
1284.0638928767137,924.0003141242635,NO
1284.069407582282,923.0003405671243,NO
1284.0793375716664,922.0009333831708,NO
1284.0985277579568,921.0023183002606,NO
1284.1200605979284,920.0023541294325,NO
1284.1324709237415,919.0007792407032,NO
1284.1349948038226,918.0,NO
1284.1346521049136,917.0002640237213,NO
1284.1359342137882,916.0005330753326,NO
1284.1356718308853,914.9997339768161,NO
1284.1307358673243,913.9992309655107,NO
1284.1301679295057,913.0005104624537,NO
1284.1443080870872,912.0028295704088,NO
1284.1648411816484,911.0025857441932,NO
1284.171614263328,909.9989905043653,NO
1284.160889744366,908.9977917093846,NO
1284.1466345333804,907.9985624065221,NO
1284.1373019975576,906.9991923412164,NO
1284.1328652990403,905.9997394798194,NO
1284.1309863855968,905.0,NO
1284.128860837821,903.9997473317037,NO
1284.1254647915537,902.999507981224,NO
1284.123598374395,901.999757650259,NO
1284.1254672337113,901.0002460141709,NO
1284.1282743199583,900.0002515182613,NO
1284.1301474315105,899.0002551910288,NO
1284.132263293133,898.0002593397769,NO
1284.1337099599268,897.0,NO
1284.1355024421746,896.0002656910492,NO
1284.1395320639024,895.0005471845483,NO
1284.140815824366,893.9997238905548,NO
1284.1326436877227,892.998439486069,NO
1284.1183448299867,891.9983756591915,NO
1284.105605570627,890.9989646512587,NO
1284.0973599303113,889.9994272945457,NO
1284.091948118946,888.9994591287292,NO
1284.0858012109068,887.9993270493654,NO
1284.07859799198,886.9993058077564,NO
1284.062044457976,885.997978808332,NO
1284.0217594624341,884.9986046036781,NO
1283.9718852454337,884.0014344262191,NO
1283.9389957546493,883.001006255576,NO
1283.921841412021,882.0012945521445,NO
1283.8971669769278,881.0035385712265,NO
1283.8567724115417,880.0072673615202,NO
1283.8087448634224,879.0090486304091,NO
1283.7670395329926,878.0071210621946,NO
1283.7396106345789,877.0045883588364,NO
1283.7268149178649,876.0021083744235,NO
1283.7163168504394,875.003131160573,NO
1283.695634472852,874.0064326418519,NO
1283.6634502871743,873.0098761767621,NO
1283.6226178308038,872.0104345297582,NO
1283.5890680259827,871.0043357419993,NO
1283.5621766229865,870.0093374656688,NO
1283.5035717514263,869.0282129730999,NO
1283.3959438997688,867.9722064702933,NO
1283.310232921113,866.9816309459478,NO
1283.2529835229495,865.9895814603875,NO
1283.2102358559896,864.9918145873686,NO
1283.1680786574561,863.9924440168539,NO
1283.1252581870292,862.994199866896,NO
1283.0876201453998,861.9964536763487,NO
1283.054801937969,860.9979216831078,NO
1283.0186933635741,859.9991691838179,NO
1282.9740216673615,859.0015469643672,NO
1282.9230780219266,858.0044300614999,NO
1282.872506055909,857.0063814860118,NO
1282.8216508956598,856.0094681538349,NO
1282.7654476251942,855.0132178682052,NO
1282.7023763792192,854.0181395890969,NO
1282.6316591648451,853.0221174628634,NO
1282.5546910367327,852.026318497087,NO
1282.4594745135087,850.9778631548651,NO
1282.3731414747808,849.9803609740592,NO
1282.2993363976902,848.984583533746,NO
1282.2411671903194,847.9892536897945,NO
1282.190050974752,846.9904400914096,NO
1282.1415510544534,845.9932993585221,NO
1282.0986407052253,844.995643933535,NO
1282.0595056392037,843.9972391263403,NO
1282.0182935090734,842.9990487375096,NO
1281.9643027482498,842.0025835931785,NO
1281.8929299848214,841.009407825444,NO
1281.8093988438166,840.0168419127042,NO
1281.7199727935624,839.0230244576329,NO
1281.6238900365072,838.0293971016351,NO
1281.5125610119903,837.037853685465,NO
1281.3877810463619,835.9745573528038,NO
1281.2959703748866,834.9793804118373,NO
1281.2149622199975,833.9835320055132,NO
1281.1427314485002,832.9899564592841,NO
1281.0820020960514,831.9950717949832,NO
1281.0295668942329,830.998201814009,NO
1280.971955448202,830.0019991024703,NO
1280.8968124610765,829.0098531646485,NO
1280.79828661523,828.0229019557352,NO
1280.676750632388,827.0339485623396,NO
1280.5366560503346,826.0444454638705,NO
1280.3779313127666,824.9687553935299,NO
1280.270931187925,823.9768263715428,NO
1280.1849374157473,822.9849447934423,NO
1280.111772296936,821.991248750337,NO
1280.0396961487484,820.9966088717777,NO
1279.9638726940761,820.0030477766593,NO
1279.8811151067914,819.0110590599575,NO
1279.780549834366,818.0252933768643,NO
1279.650588022671,817.0432220602542,NO
1279.4593268909248,815.9555490086702,NO
1279.3192278479455,814.9724560048195,NO
1279.2203767094982,813.9828367045804,NO
1279.1480600512675,812.9904048824293,NO
1279.0845921116484,811.9940827196665,NO
1279.0156349959864,810.9986296019296,NO
1278.9350361706383,810.0065828241802,NO
1278.8385399910198,809.0180546332942,NO
1278.7234212459505,808.0318297335696,NO
1278.5811628252955,807.0485177803158,NO
1278.384637328854,805.9619783772789,NO
1278.2575137901347,804.975789302474,NO
1278.1618310861854,803.9857641013061,NO
1278.0842050103856,802.9935994218603,NO
1278.0121371925036,801.99899762487,NO
1277.9301650751447,801.0076796887113,NO
1277.827465995097,800.0206149342173,NO
1277.700719745179,799.0356690441382,NO
1277.533778683815,798.061597724018,NO
1277.3218897859601,796.9643927219379,NO
1277.2052235624942,795.9797310061924,NO
1277.1194061319097,794.9896427382894,NO
1277.0449459522074,793.996273212939,NO
1276.962555906565,793.0039817850409,NO
1276.8603495329635,792.0172334627239,NO
1276.7350514259815,791.0346357353388,NO
1276.577795919291,790.0627331555418,NO
1276.3490379276707,788.9595931831743,NO
1276.221636707682,787.9780400809605,NO
1276.12946123203,786.9889983536468,NO
1276.0450601792438,785.9957170520235,NO
1275.950382265942,785.0060632668971,NO
1275.8326329027846,784.0243703692112,NO
1275.6739425049386,783.051719463716,NO
1275.390255692464,781.9428230051653,NO
1275.2219109071132,780.9720866785183,NO
1275.115918483501,779.9889381967556,NO
1275.0282529871333,778.9971353829629,NO
1274.9260688234153,778.0102342746835,NO
1274.789619097578,777.0350248257256,NO
1274.601632101179,776.0671085701002,NO
1274.3339527990352,774.9575515581145,NO
1274.1943761780303,773.976481888953,NO
1274.0889929516288,772.9898548029645,NO
1273.9929069459629,772.0007689531392,NO
1273.8936695087873,771.0114921725752,NO
1273.775907140387,770.0310965881023,NO
1273.6047977342898,769.0706219439912,NO
1273.3159312715363,767.9546677001085,NO
1273.1759496810414,766.9800138293527,NO
1273.0733345118608,765.992238582928,NO
1272.9658021934463,765.0048161042688,NO
1272.8296696615653,764.0304685722475,NO
1272.6425530723004,763.0656364534285,NO
1272.3438764926627,761.9496577228149,NO
1272.1843038811458,760.9751862181292,NO
1272.0663773967683,759.9917111141477,NO
1271.9535837910714,759.0064400699287,NO
1271.820713480278,758.0281233746351,NO
1271.6475622224098,757.0586020634323,NO
1271.3659669634328,755.9480779122936,NO
1271.207689431359,754.9734726879364,NO
1271.0933263460452,753.989217274821,NO
1270.9878061535096,753.0015134642687,NO
1270.8706989981738,752.0181594864816,NO
1270.728840330042,751.0418568608178,NO
1270.5347213747145,750.0818441884572,NO
1270.2707570812554,748.961485891377,NO
1270.1365071832681,747.9826114224578,NO
1270.0242326735638,746.9968982179032,NO
1269.8990495990122,746.0164730780747,NO
1269.733942270642,745.0523735694076,NO
1269.4109114320652,743.9308747135815,NO
1269.2137107448698,742.9681328092388,NO
1269.0775752505199,741.9891611424463,NO
1268.950999315839,741.0075001043266,NO
1268.7976401365102,740.0393169006195,NO
1268.5644574742334,739.0956590357124,NO
1268.240134405614,737.9610523161898,NO
1268.0915679209215,736.9853084777563,NO
1267.9514105164194,736.0087800302725,NO
1267.7868519926142,735.0405661234955,NO
1267.565618270095,734.0925559120477,NO
1267.2514157877931,732.9585460035634,NO
1267.1125746602247,731.9849825168131,NO
1266.9946365312328,731.0007817201563,NO
1266.8508553031202,730.0277739872681,NO
1266.644714921995,729.0745763482574,NO
1266.292849035791,727.9480533863286,NO
1266.1271298822137,726.9800224465877,NO
1265.9926743746557,726.0011960205072,NO
1265.842384431755,725.0288591883501,NO
1265.6384026014482,724.0749023206297,NO
1265.292623313278,722.9503585438052,NO
1265.1332845843701,721.9812313547324,NO
1265.0029408010796,720.9995375353205,NO
1264.8492903609056,720.0328469720338,NO
1264.6233432681204,719.0938274821362,NO
1264.2446333699654,717.9561456376856,NO
1264.0878403972679,716.9863634871097,NO
1263.9488541828664,716.0092041552813,NO
1263.7818455108193,715.0443988783521,NO
1263.4345629372515,713.9105773008854,NO
1263.2063059348673,712.9638746991689,NO
1263.0622568338176,711.9910883613176,NO
1262.9296023003717,711.0120474416299,NO
1262.7564233594785,710.0565053902886,NO
1262.163883844156,707.9731393698694,NO
1262.026307626166,706.9962943304106,NO
1261.8909447324484,706.0188727773894,NO
1261.7070835909412,705.0708884457819,NO
1261.1296052165362,702.9807361306079,NO
1260.9984020408576,702.0002392154369,NO
1260.8496453646508,701.0307073483494,NO
1260.6212397689897,700.100246720971,NO
1260.0766933383181,697.9895035091804,NO
1259.9442724514004,697.0097807534725,NO
1259.7621468776777,696.0648203308332,NO
1259.1192287777483,693.9818329505271,NO
1258.9860755809711,693.0020768152372,NO
1258.8256669163777,692.042782280365,NO
1258.1780340095097,689.9699567600209,NO
1258.0381135601044,688.9945660629108,NO
1257.8892646881598,688.0228829987252,NO
1257.6678917711022,687.0886658997915,NO
1257.068575779713,684.9893173408799,NO
1256.929307687825,684.0123819527038,NO
1256.7459426626408,683.066313269224,NO
1256.106251498298,680.9818225548679,NO
1255.9495697949005,680.0104763359534,NO
1255.7555720723044,679.0652173154418,NO
1255.124346401302,676.9780714301656,NO
1254.9711684574856,676.0055209337474,NO
1254.789724541818,675.0477056668259,NO
1254.1557115459368,672.9666918408908,NO
1253.984443931691,672.0033266539134,NO
1253.8053236006049,671.0429308229201,NO
1253.4237650266487,669.9064014129497,NO
1253.176234865832,668.9654989949161,NO
1253.006464759705,667.998725350716,NO
1252.8346458401281,667.0374520102238,NO
1252.580220967593,666.1064805392994,NO
1251.995945780596,664.0009349526055,NO
1251.7985263134844,663.0540215171198,NO
1251.1188314381516,660.9762828672249,NO
1250.9508944852266,660.0111077978353,NO
1250.739628001332,659.0796079882895,NO
1250.0421657148313,656.9917892321627,NO
1249.8754058531674,656.0272671993433,NO
1249.629193288756,655.1182086780148,NO
1248.9813272563358,653.003418953117,NO
1248.8041510386072,652.0437332646752,NO
1248.1102260388986,649.975607598458,NO
1247.9445991988066,649.0107426939536,NO
1247.749953348789,648.0681945405372,NO
1247.039218250301,645.9916761261595,NO
1246.8680844196992,645.0284253238223,NO
1246.6287192659777,644.1109830726607,NO
1245.9632350030156,642.0076220115017,NO
1245.7736700194016,641.0532248522528,NO
1245.0657158376348,638.9837932846033,NO
1244.8820427534124,638.0266514273227,NO
1244.6379092218165,637.1073666591116,NO
1243.9636345470979,635.0078189414967,NO
1243.7653429744962,634.0635744814673,NO
1243.0316414818208,631.9922770022858,NO
1242.833583546912,631.0465966078947,NO
1242.0648386251187,628.9833349213872,NO
1241.8731154983368,628.0315872816789,NO
1241.1261773146814,625.9689205355364,NO
1240.9483216239087,625.0101679569588,NO
1240.7450682472406,624.0725926698474,NO
1239.9845984421386,622.0039495241979,NO
1239.7707697531002,621.0626562656918,NO
1239.0234400097543,618.9938958305376,NO
1238.8226320322901,618.0471193510617,NO
1238.0602681292748,615.9828711634552,NO
1237.848675629398,615.0456427015782,NO
1237.0687838023293,612.9825709447783,NO
1236.8719171459527,612.0339480415658,NO
1236.084998112754,609.9763296391867,NO
1235.8866183211305,609.0288499971465,NO
1235.6152483809217,608.123552715388,NO
1234.8717637451575,606.0377486101521,NO
1234.0603402998602,603.9816687690442,NO
1233.8453953651233,603.0470681484016,NO
1233.0449168813968,600.9877669197526,NO
1232.8353428418288,600.0487413564532,NO
1232.0156178959169,597.9956501028233,NO
1231.8006704076572,597.0528395259803,NO
1231.012111062982,594.9964676065363,NO
1230.7909472247268,594.062001316694,NO
1230.0004719124368,591.9998740274855,NO
1229.7778647191624,591.0675212935876,NO
1228.966223922012,589.0087130479886,NO
1228.7392393587968,588.0792853332787,NO
1227.9351536700797,586.0185082232393,NO
1227.6748117352818,585.1078805339627,NO
1226.8700034197207,583.044454062079,NO
1226.4863691438313,582.216742464092,NO
1225.7238815739274,580.0922515452025,NO
1224.8977906627306,578.0300741616935,NO
1224.091951495621,575.9711735484215,NO
1223.8669259710528,575.0431284690294,NO
1223.021580238924,572.9939807185289,NO
1222.8020655435503,572.0548389836051,NO
1221.9799477575427,570.0064725589881,NO
1221.7306792363477,569.0842014329161,NO
1220.9153058439017,567.0279921355716,NO
1220.045776345844,564.9844186226718,NO
1219.8143616051814,564.060000259779,NO
1219.1782759646826,562.9246920358934,NO
1218.9365547314608,562.0230710063757,NO
1218.0714440178022,559.976733937344,NO
1217.839166178141,559.0528085395197,NO
1217.196245977188,557.9178038949706,NO
1216.6834092397985,556.098404816209,NO
1215.8721122538911,554.0439999651192,NO
1214.991676149195,552.0030851865599,NO
1214.7116986215917,551.1106233195233,NO
1213.8403996768743,549.0541223206304,NO
1212.96617521253,547.0120853890584,NO
1212.685132211843,546.1142241119605,NO
1211.8529202155137,544.0470467734035,NO
1210.9722373982381,542.0103889651806,NO
1210.6755843062801,541.1195625652324,NO
1209.7927758258634,539.0809025913481,NO
1208.8782548908725,537.0409259811303,NO
1208.0086965171938,534.9966778384194,NO
1207.7586851067024,534.0722065699273,NO
1207.0917743422547,531.984242698662,NO
1206.9858686245202,531.0010913901345,NO
1206.9444777121341,530.0008254056562,NO
1206.9422093381104,528.9989659722352,NO
1206.9671901539882,527.9981827376316,NO
1207.0279442419499,527.0027713298321,NO
1207.1356667377331,526.0205909690212,NO
1207.3002441942026,525.0578577757008,NO
1207.6129233796119,523.9413254932333,NO
1207.794811345204,522.9681567457404,NO
1207.9443089156928,521.989674297164,NO
1208.1057435930772,521.0219973480353,NO
1208.7113348018586,518.9343081397008,NO
1208.934121998086,517.9823783116849,NO
1209.6798666390393,515.9044433463357,NO
1209.947866064114,514.9828773113597,NO
1210.7476095286866,512.9281679346464,NO
1210.9830160000106,511.994795793113,NO
1211.7815548799092,509.9377219082618,NO
1212.0071500311562,509.0022348486302,NO
1212.8123643438837,506.94636089547527,NO
1213.033163989386,506.0110077712551,NO
1213.8358644027535,503.95729387170763,NO
1214.0544431438652,503.01814771519184,NO
1214.8786199988774,500.966507178129,NO
1215.6487065419647,498.8834631243162,NO
1215.9287498250078,497.9770981566044,NO
1216.6860224867937,495.9170759131652,NO
1216.9291722569194,494.9800341540695,NO
1217.7193805467693,492.9182050889045,NO
1217.94817489213,491.9865244070635,NO
1218.7169081432178,489.92007192723025,NO
1218.9352899080122,488.98417020264804,NO
1219.1284793659293,488.0356426618833,NO
1219.8529033926095,485.96614804685464,NO
1220.0462327855519,485.01201099244713,NO
1220.7667214997964,482.94550975915934,NO
1220.9678045841588,481.9923437728577,NO
1221.6467455756133,479.9083849505323,NO
1221.8844164516136,478.97259359090805,NO
1222.0699041033054,478.018242199079,NO
1222.780808568597,475.950927293625,NO
1222.9678081790669,474.99281724115724,NO
1223.646658899745,472.9096293532657,NO
1223.8658484406444,471.9735533696709,NO
1224.0447094177837,471.0111541164116,NO
1224.7800096408905,468.94791579611774,NO
1224.963278252262,467.99231056352136,NO
1225.1462443748978,467.0372717842592,NO
1225.8489743435546,464.96616022458625,NO
1226.03311672368,464.0078881719099,NO
1226.6639172799926,461.93111818001626,NO
1226.8580009915258,460.9758054431496,NO
1227.0197040646324,460.0042695480988,NO
1227.6032275117784,457.91782818469903,NO
1227.8270004152942,456.96712468988676,NO
1227.985258669987,455.99725914972527,NO
1228.1556709583492,455.0366676772187,NO
1228.8063563820847,452.9628849732329,NO
1228.9686026240586,451.9943113864637,NO
1229.1296397488131,451.02691151884335,NO
1229.7731303892883,448.9513331987665,NO
1229.9318848546359,447.98988120025405,NO
1230.0595775278762,447.0086845936115,NO
1230.2117939227126,446.04170639256716,NO
1230.5737883298839,444.9036256520481,NO
1230.797582485407,443.96587516339014,NO
1230.925830629309,442.9912177557595,NO
1231.0449464361939,442.0069712839728,NO
1231.203681639555,441.0434222394436,NO
1231.4501778599838,440.10744758850325,NO
1231.774886785275,438.96500340748105,NO
1231.9146499461451,437.98792857817864,NO
1232.0483076836192,437.0085017593014,NO
1232.613674407854,434.91344119837026,NO
1232.8185197323494,433.97057076763014,NO
1232.9454140641542,432.99353659042504,NO
1233.0565763947225,432.0076049734017,NO
1233.1862255842689,431.02891450369964,NO
1233.369037521263,430.06326357475484,NO
1233.6882293817303,428.94590281190824,NO
1233.8549716285595,427.978425531756,NO
1233.9746940900168,426.99687456900085,NO
1234.090601993328,426.0129961880147,NO
1234.237529271249,425.0419477725376,NO
1234.4545765259206,424.0869287622881,NO
1234.7313496216198,422.96128872999196,NO
1234.8628115215095,421.9842343879466,NO
1234.9660488167701,420.99648087421195,NO
1235.0705648534058,420.00934681117946,NO
1235.2046456126106,419.03429196618146,NO
1235.400159519062,418.0708962763891,NO
1235.6842356617815,416.954083484877,NO
1235.8244518818092,415.97925176404516,NO
1235.9216196837083,414.9931843202715,NO
1236.0021221164297,414.00018033796,NO
1236.0895651152523,413.0101549821742,NO
1236.2052372687458,412.02791584046736,NO
1236.364430879536,411.05230654983325,NO
1236.611697305877,409.9498670237714,NO
1236.766901685698,408.97098776364373,NO
1236.8785183118237,407.98712857958276,NO
1236.9651086864017,406.9972155700609,NO
1237.0422093949894,406.0033499519332,NO
1237.1283677589493,405.01399895284743,NO
1237.247474270587,404.03543133628136,NO
1237.4232968865151,403.06351993877144,NO
1237.6619786531849,401.9589463302626,NO
1237.7946112608292,400.9766067164438,NO
1237.8962655153703,399.98968842089363,NO
1237.9833083776477,398.99855710932064,NO
1238.0645655371334,398.00574059183924,NO
1238.148393826495,397.0142210752983,NO
1238.2467121318343,396.02391042704465,NO
1238.371769591373,395.04005011901336,NO
1238.5762960092884,393.94855023069874,NO
1238.7170144872007,392.9714532152564,NO
1238.8106036667316,391.98555120679475,NO
1238.8787527625595,390.99252750624663,NO
1238.9379999605862,389.9965318917296,NO
1239.0019983734092,389.0001519000484,NO
1239.071973648714,388.0058160523018,NO
1239.1413111058728,387.0095979332478,NO
1239.2142053208672,386.01604795601554,NO
1239.3099832187302,385.0300439836216,NO
1239.4440995909442,384.04790892553626,NO
1239.6215293556334,382.96462891166203,NO
1239.7327604454197,381.9783635375674,NO
1239.808156974064,380.98824637733225,NO
1239.8633815069888,379.9924633730862,NO
1239.917719049409,378.9950550362367,NO
1239.9787709024731,377.99870960383043,NO
1240.0405804539598,377.0023964835159,NO
1240.096822007285,376.00561567672025,NO
1240.1543749808664,375.0106740182706,NO
1240.2325847205618,374.0221509265138,NO
1240.3480480959167,373.0384938007548,NO
1240.5238881489552,371.95366308040707,NO
1240.6448245210809,370.97436878041884,NO
1240.725060290109,369.983191458663,NO
1240.7892274434546,368.9874461481248,NO
1240.8484586959053,367.9908526376105,NO
1240.8994950702393,366.9953460768989,NO
1240.9371031628423,365.99827342013623,NO
1240.9615968193802,364.99932229678063,NO
1240.9865470275747,363.9996043243537,NO
1241.0218534222772,363.0008569969584,NO
1241.0534573371347,362.00125781973713,NO
1241.0743061293379,361.0015343448344,NO
1241.1012518317468,360.0039370101856,NO
1241.1442200034946,359.0079793855363,NO
1241.197658512249,358.01130673726703,NO
1241.254080742087,357.0130797315069,NO
1241.3118333460814,356.015151224713,NO
1241.3708977084916,355.015938693908,NO
1241.439309954424,354.0231215760311,NO
1241.543599940138,352.96979301752054,NO
1241.6292796592345,351.9794519907175,NO
1241.685232303829,350.988368046882,NO
1241.7173103529703,349.9944083365827,NO
1241.7588479631468,348.98836887295363,NO
1241.8302993114546,347.98624989357603,NO
1241.8893230614992,346.99517843048613,NO
1241.9105721889744,346.0001753486399,NO
1241.9088152842935,345.0005363806636,NO
1241.9064748201438,344.0,NO
1241.9079120402523,342.99981943538245,NO
1241.9116666071486,341.999653594548,NO
1241.9148738886126,340.9998330860648,NO
1241.9153988992512,340.0,NO
1241.916460026989,338.9996723922723,NO
1241.9214455299775,337.9993838865455,NO
1241.926405817626,336.9997113953717,NO
1241.9274270355243,336.0,NO
1241.9283181716212,334.9998594474027,NO
1241.930863195636,333.99986443764556,NO
1241.932142857143,333.0,NO
1241.932142857143,332.0,NO
1241.932142857143,331.0,NO
1241.929453884051,330.000276651427,NO
1241.9177611585685,329.00129002112556,NO
1241.8991399754161,328.0017798828708,NO
1241.8863636953117,327.00089126508294,NO
1241.8819171617954,326.00069460490863,NO
1241.872136602403,325.00214155443643,NO
1241.8471718153082,324.00520657107876,NO
1241.8105174686614,323.00740775334094,NO
1241.7713367052056,322.0075011236072,NO
1241.7365743123532,321.00656423700167,NO
1241.7064141500143,320.0074612981139,NO
1241.659698230019,319.01819588437303,NO
1241.566172881079,318.0384009650875,NO
1241.414711474882,316.96544070835944,NO
1241.319118813361,315.98041770848715,NO
1241.2555445151675,314.9876710979023,NO
1241.205011068238,313.9899675435408,NO
1241.1509148319237,312.9905192538648,NO
1241.0950647788386,311.99448624253506,NO
1241.0515078833782,310.99817491738503,NO
1241.0165393248612,309.99941625915955,NO
1240.973458061754,309.0013531184716,NO
1240.9223752280623,308.0040374021815,NO
1240.8695518239417,307.00739855350434,NO
1240.8061971026348,306.01425907318463,NO
1240.7191212732812,305.0250287963695,NO
1240.6012465934186,304.03837767620615,NO
1240.4330697873022,302.959124833384,NO
1240.3162012820667,301.9738587825624,NO
1240.2262301410694,300.98286135289806,NO
1240.1506870329717,299.9886008774304,NO
1240.0833970697558,298.99399541113206,NO
1240.018465561972,297.9987834880381,NO
1239.957119585634,297.0024382980021,NO
1239.902176816418,296.00531122899275,NO
1239.842096493055,295.011381877033,NO
1239.755280770788,294.024735061633,NO
1239.6202533307512,293.0479119596911,NO
1239.3894383544355,291.9477977051476,NO
1239.2423137079054,290.972184739109,NO
1239.1360828359952,289.98670292422315,NO
1239.0549467968199,288.99539368162255,NO
1238.979065985275,288.001794344088,NO
1238.894959437142,287.0099888424665,NO
1238.7966117509684,286.02108422733676,NO
1238.666349557872,285.042930191898,NO
1238.4177685967852,283.9349254642497,NO
1238.2497723877575,282.96775367590345,NO
1238.137357962939,281.9857418761428,NO
1238.0529975242905,280.9956404417102,NO
1237.9728570578393,280.0022108579751,NO
1237.8822123598384,279.01238008268086,NO
1237.770233594934,278.02911842555426,NO
1237.6082164546115,277.05938904645836,NO
1237.3271880208686,275.94647385126063,NO
1237.1657270361923,274.97602470434913,NO
1237.0471836700515,273.9943907525733,NO
1236.9469240783226,273.0054544425235,NO
1236.842086493235,272.01945546319877,NO
1236.697131177605,271.0475354645789,NO
1236.392482268394,269.92638026430126,NO
1236.197248780779,268.9663441610045,NO
1236.0616764678775,267.9914907588883,NO
1235.94732795448,267.00658400569,NO
1235.8227723067703,266.0250030780934,NO
1235.6533890024366,265.0553944521192,NO
1235.3354630122894,263.9360099466328,NO
1235.1522780075736,262.9736565483013,NO
1235.021475575067,261.99727532672335,NO
1234.9089493555011,261.0111880410778,NO
1234.7695961832842,260.0405431591159,NO
1234.4211085416437,258.9006142850705,NO
1234.193593036739,257.96346508886154,NO
1234.0470522520918,256.9933869939107,NO
1233.9204779143254,256.0119323178387,NO
1233.7653645013258,255.04458329149537,NO
1233.4177353781758,253.9085250947857,NO
1233.1892848630162,252.96230780275874,NO
1233.0387585085396,251.99395869381664,NO
1232.9137269439498,251.01207822769126,NO
1232.7612671918762,250.04548515371198,NO
1232.1405260018973,247.97136059127,NO
1231.9961175733706,247.00055020417014,NO
1231.86117823362,246.0230192759593,NO
1231.6561031051135,245.08350086062094,NO
1231.0534114168186,242.991107190376,NO
1230.9129455388595,242.01414305597342,NO
1230.7419685994887,241.0559209976119,NO
1230.0972961983423,238.9793552182197,NO
1229.937183214755,238.0113692663287,NO
1229.7643663460515,237.04855019160064,NO
1229.099855141122,234.97624498638245,NO
1228.929498024838,234.01384350518364,NO
1228.7396302687926,233.06074343066965,NO
1228.0470627232457,230.9894230167842,NO
1227.8805860181005,230.02358945475248,NO
1227.6648306730629,229.09148059117717,NO
1226.9591835586382,227.0097577453815,NO
1226.748224922524,226.061019727102,NO
1226.044989133567,223.9883672960013,NO
1225.8470096688568,223.04015793081342,NO
1225.1299850350315,220.9698967413645,NO
1224.95015104184,220.01129909677672,NO
1224.743965423147,219.0727011756538,NO
1223.9775439738044,217.00558503865275,NO
1223.7711262028886,216.05988988293691,NO
1223.005877472529,213.99837276579498,NO
1222.793439966785,213.05665901696898,NO
1221.9993032830812,211.0002085065159,NO
1221.779175178471,210.0624334204184,NO
1221.0100609611927,207.9972316862752,NO
1220.793849744804,207.05861352938015,NO
1219.9983184864566,205.00048191830913,NO
1219.7664131665003,204.06976597446703,NO
1218.9255869298115,202.02548608216037,NO
1218.0548309671453,199.98125735479826,NO
1217.8171572333617,199.06188216007982,NO
1216.9500169718006,197.01551197469905,NO
1216.6826499880312,196.11077311473926,NO
1215.8232353190908,194.06670738936742,NO
1214.9396040768343,192.02055358669642,NO
1214.048768027025,189.98230812806563,NO
1213.8077763658562,189.06225185633926,NO
1212.9323760351683,187.02526925270354,NO
1212.0074215777383,184.99720323705506,NO
1211.7286814434683,184.10072150958717,NO
1210.815045170953,182.07145511180224,NO
1210.6435962561943,181.73183488978924,NO
1209.8771119770865,180.0514289100517,NO
1209.1569550918791,178.92430916823926,NO
1208.893849502625,178.0485058543433,NO
1208.162927046739,176.92567264704823,NO
1207.90525073578,176.04107865671466,NO
1207.4645989320902,175.25289156869735,NO
1206.9223500200249,174.03446405827114,NO
1206.4955426547563,173.2309479629893,NO
1205.5478187109463,171.20050114988643,NO
1204.5833628318117,169.17902806921649,NO
1203.632482033633,167.17317600268547,NO
1202.5761167365968,165.20647774424103,NO
1201.9295954040638,164.03543855492268,NO
1201.4647872169683,163.3002020485864,NO
1200.8680409777883,162.07616637202966,NO
1199.7390214915088,160.13521358483527,NO
1198.6305516241787,158.19140097460163,NO
1197.9480598559744,157.02464478109079,NO
1197.5346032727637,156.22981763631003,NO
1196.9105930972594,155.0472148818658,NO
1196.1070674461673,153.94279958246418,NO
1195.836385343056,153.08959850340642,NO
1194.6898477564876,151.18984559025415,NO
1193.9163208518696,150.0455396721236,NO
1193.098399442894,148.9461119015128,NO
1192.81980142518,148.10256100364654,NO
1191.6165539575027,146.22984976130545,NO
1190.8745654012503,145.0726984381012,NO
1189.6947946529874,143.19758709075325,NO
1188.9038170854067,142.0605170029563,NO
1187.7206088999712,140.17988193731594,NO
1186.9089060923427,139.06411138076479,NO
1186.0108189207936,137.99219851363603,NO
1185.5930706321005,137.30216262250096,NO
1184.7968639011092,136.14216828941332,NO
1183.639081256893,134.56964223671577,NO
1182.708848404309,133.2050071810712,NO
1181.8677903220012,132.08852017371328,NO
1180.984286006163,131.01071071700002,NO
1180.5078578317214,130.35593146312635,NO
1179.7657045908215,129.16950421911417,NO
1178.8871317602227,128.0818904239933,NO
1177.9738940111877,127.01988719213018,NO
1177.045210469583,125.96557264866588,NO
1176.6848658240692,125.24499761165538,NO
1175.8253138084265,124.13581436779387,NO
1174.9141021996602,123.0709880784503,NO
1173.9664716390841,122.02774907408087,NO
1173.0122796098142,120.99029267797282,NO
1172.5787383250731,120.33449017874499,NO
1171.760484742052,119.1980469399866,NO
1170.8477032431167,118.1220033963322,NO
1169.9070008168817,117.0795535170346,NO
1168.9465008370603,116.04705685671688,NO
1167.9818549339827,115.01577528778654,NO
1167.0075418754075,113.99303293233763,NO
1166.5241645301792,113.45794693933725,NO
1165.5830025491598,112.39429341043781,NO
1164.631580262455,111.3186332865255,NO
1163.7192958501942,110.25689237379783,NO
1162.7749648880424,109.20826229711692,NO
1161.8088899113463,108.17618858502246,NO
1160.8289095769471,107.16485003108677,NO
1159.8413070627846,106.15967403785096,NO
1158.8377198808003,105.15831602317897,NO
1157.8325298237555,104.17224744298149,NO
1156.8251192956286,103.17433334588767,NO
1155.8282164886232,102.17231866616211,NO
1154.8269551087797,101.17797337746619,NO
1153.8175190237657,100.19693491462903,NO
1152.7913509734394,99.22565269024402,NO
1151.75078192559,98.29022286045031,NO
1150.6474928697635,97.39794750187467,NO
1150.0171026568944,96.98005979763558,NO
1148.9832928227395,96.0197954729849,NO
1147.9516901478232,95.054838211874,NO
1146.9204449925905,94.09254357856315,NO
1145.8815307174182,93.1423985115316,NO
1144.8211870189004,92.20501044785553,NO
1143.7558240740268,91.27667417306755,NO
1142.646452185865,90.427749210492,NO
1142.010331873272,89.98716244427436,NO
1140.965494530624,89.04201832152259,NO
1139.9141197197805,88.10784965633114,NO
1138.843032784614,87.19727344494383,NO
1137.7195160567314,86.38258733110229,NO
1137.013475338396,85.98118924787197,NO
1135.9547916245092,85.0582094759629,NO
1134.8950282139776,84.13351832781987,NO
1133.8033414816618,83.26311285319343,NO
1132.6022189628645,82.56566944905536,NO
1131.9783205034744,82.03364879840794,NO
1130.8848975553108,81.17556481538875,NO
1129.7185625281556,80.41201433108955,NO
1128.9984431003136,80.00250330773099,NO
1127.9060232589395,79.14916943742735,NO
1126.7505722612182,78.36641597655877,NO
1124.9256870518973,77.11428430501299,NO
1123.791189161493,76.31871127504506,NO
1121.9288758838636,75.11526042191319,NO
1120.7739743737898,74.34610171857553,NO
1118.906944675203,73.15380246186365,NO
1117.7195227418074,72.43577733484466,NO
1116.9902453045097,72.01637326619317,NO
1115.878227105152,71.2107817803566,NO
1115.0538460997864,70.90827443997459,NO
1113.9559355985878,70.07857378709753,NO
1112.7944783586058,69.35978974874918,NO
1110.890182708834,68.1986809341804,NO
1109.3521142070226,67.34519114477357,NO
1107.7324926715191,66.4961711400057,NO
1106.969910927694,66.0590182480247,NO
1105.8107365843146,65.38584639831656,NO
1103.8431271669365,64.29614148548092,NO
1101.8896798884098,63.21289376918195,NO
1099.9279857213016,62.145062262151306,NO
1099.0619305348353,61.87363817425358,NO
1097.944013406511,61.11753117584465,NO
1096.698687305446,60.57824167184199,NO
1095.9563272747948,60.088051478020645,NO
1094.753253001723,59.45411949914788,NO
1093.9728848889126,59.05695470890996,NO
1092.791742603634,58.42122115748134,NO
1090.789942800292,57.48922998064569,NO
1089.9632219877274,57.093711210632584,NO
1087.9342435950114,56.163635196557614,NO
1085.8936388097677,55.25020783653997,NO
1083.8666653543014,54.31321807447243,NO
1081.8087929957046,53.43211612096381,NO
1079.7500075413332,52.563294692726615,NO
1078.9490908379912,52.127637586168326,NO
1076.9149014419158,51.21037561916563,NO
1076.016150109823,50.955562728875115,NO
1073.982374333372,50.04648640490505,NO
1071.9372570391433,49.181234596069636,NO
1071.0173197980932,48.94643479451478,NO
1068.9677194099738,48.08850504166234,NO
1066.9212625366645,47.245275685196745,NO
1065.999439260778,47.00186651663976,NO
1063.9452516090269,46.155849251099035,NO
1061.8634364699185,45.34445325944632,NO
1060.9830715367218,45.04929950517531,NO
1058.9238454809874,44.214617290725435,NO
1058.0056975027994,43.981497799681925,NO
1055.9516245358766,43.138676322316165,NO
1055.020186423429,42.922510178798,NO
1052.9509524517566,42.139096999849144,NO
1052.023275691206,41.92065877372163,NO
1049.9514575988646,41.16860147434248,NO
1049.0086017622177,40.96449950641049,NO
1046.9106000938075,40.272017488548116,NO
1045.9906613664527,40.03313485408043,NO
1043.8846332725373,39.37786108103262,NO
1042.9720577143949,39.09562470823022,NO
1042.0226993555,38.90258617290127,NO
1039.9377970468286,38.21168292274477,NO
1038.9997426568655,38.00100731454938,NO
1036.889907764054,37.418558246754905,NO
1035.9633398874876,37.133838499827526,NO
1035.0127416866433,36.9450867161037,NO
1032.9100281343576,36.35400146696137,NO
1031.9725272368546,36.098356681682596,NO
1031.021756130802,35.90782270885869,NO
1028.9310358142868,35.27272201895191,NO
1027.987516735756,35.04796201680855,NO
1027.02917282164,34.86591722271152,NO
1026.0580137728775,34.661522292628604,NO
1024.9360522064098,34.31681564448234,NO
1023.975434871241,34.11594740887298,NO
1023.0067970672924,33.961790496117075,NO
1022.0258361515425,33.82134577251441,NO
1021.0522032611591,33.652632421487844,NO
1019.9380804229517,33.33204373280255,NO
1018.9749462118486,33.12367822386969,NO
1018.006465874227,32.963965463829325,NO
1017.0201794285762,32.83116544078006,NO
1016.0294825144854,32.71299675332506,NO
1014.9095611376567,32.485081154707984,NO
1013.9488336397499,32.233381255717276,NO
1012.989898911078,32.05304451682415,NO
1012.0115264508838,31.917832868977754,NO
1011.0250149615796,31.799880307363054,NO
1010.0415084568749,31.66038535562232,NO
1008.9344998279404,31.396299584088304,NO
1007.9637399470497,31.18539745279394,NO
1006.9955530530079,31.025622884274743,NO
1006.0121959597053,30.900746700541898,NO
1005.0252358383012,30.78810597615367,NO
1004.0466794682344,30.645552529003226,NO
1002.939603142945,30.39583170876366,NO
1001.9648537073492,30.216855015646555,NO
1000.9883975655108,30.0669050575291,NO
1000.0072010384126,29.945119359314013,NO
999.0151786367899,29.843876878733273,NO
998.0265600575201,29.742179631828865,NO
997.0447808256622,29.603305196602225,NO
995.9491191468718,29.368137923331744,NO
994.9737601093564,29.214136241647505,NO
993.9879737141841,29.085068283816195,NO
993.0043271700323,28.968580983364102,NO
992.0130774533689,28.864154615655416,NO
991.0160396824787,28.778740273182116,NO
990.017950446619,28.704578259301034,NO
989.0248262572969,28.62181334463526,NO
987.9564122173778,28.49713633152965,NO
986.9701278750193,28.378813185791063,NO
985.976641345626,28.27784503867362,NO
984.9832349332916,28.18601241310748,NO
983.9905778431946,28.10050300191318,NO
982.9980152307467,28.022516864698648,NO
982.003551455896,27.952896477547764,NO
981.0074333680934,27.888718110615144,NO
980.009761155985,27.82833828639509,NO
979.0080366084411,27.778667474447825,NO
978.0034578190623,27.749555092096966,NO
977.0065790499043,27.726969427444306,NO
976.0153223427336,27.68156176401706,NO
975.017071222854,27.613336783106725,NO
974.016437557112,27.542399600052608,NO
972.9753619036447,27.46374372296312,NO
971.9777210001741,27.39147386472475,NO
970.9809834310802,27.320356056040847,NO
969.9857618189623,27.254009143571682,NO
968.9900419497759,27.19656324459835,NO
967.9933691018364,27.145879761776346,NO
966.9934979341107,27.081752643655072,NO
965.9996359236043,27.003868811951943,NO
965.0032930911065,26.940784232624104,NO
964.0068033524336,26.89147033585766,NO
963.0096119166294,26.837238212714208,NO
962.0035861296495,26.7967859961146,NO
961.009498213523,26.766251281220562,NO
960.0134920125574,26.722289396193997,NO
959.0028172221402,26.6935488182959,NO
958.0009470294025,26.6909527203207,NO
957.000950894735,26.69032527885903,NO
956.0006388576808,26.68887631759909,NO
955.0003217049674,26.687624463666122,NO
953.999035476388,26.687815843337116,NO
952.9993610418024,26.689466305299803,NO
952.0,26.68946251802146,NO
951.0,26.687816755616943,NO
950.0,26.6869918699187,NO
949.0003230147018,26.6863527114165,NO
948.0009750140157,26.68507047372674,NO
947.0003259558919,26.68480065720955,NO
945.9990311324433,26.68770167637842,NO
944.9987378842885,26.69330586583097,NO
943.9993812085711,26.69741101339548,NO
942.9958171140394,26.70600286434095,NO
941.986532884727,26.741534973388898,NO
940.988320589092,26.795811674271295,NO
939.9967393577662,26.83370725040911,NO
938.9988079866522,26.848018289314112,NO
937.9977899933974,26.8591120882025,NO
936.9980193188654,26.873731585848137,NO
935.998134873432,26.88820211274492,NO
934.9978968236996,26.903062693751032,NO
933.9978870797283,26.9213524089345,NO
932.997896898024,26.949063895757625,NO
931.9992836433074,26.984077343904357,NO
931.0012858753885,27.024229927260826,NO
930.005736433258,27.079466467038557,NO
929.0095207872414,27.146620132275533,NO
928.0126382968167,27.212510621604665,NO
927.0204849451557,27.28486875194639,NO
926.0332967380492,27.37940755462887,NO
925.0440600532133,27.503974587162563,NO
923.9793252664442,27.625373824056357,NO
922.9871627690369,27.69319018558728,NO
921.9912907140831,27.737929665143454,NO
920.9928497806329,27.77342743114148,NO
919.9928734541943,27.808708503416792,NO
918.992055737167,27.852814478401957,NO
917.9936551672573,27.90576056914615,NO
916.9972743994628,27.959115990108817,NO
916.0008331139144,28.012814085703862,NO
915.005349022928,28.074729000433923,NO
914.0118751497671,28.14892079587622,NO
913.0202140718688,28.23479421264653,NO
912.0304864117059,28.3330922814912,NO
911.0435363690582,28.454477230408628,NO
909.9702790666661,28.606634718495986,NO
908.9766086910436,28.709279456692094,NO
907.9827880400064,28.79811383285679,NO
906.9886533601594,28.8853989362375,NO
905.99746118611,28.979012471464298,NO
905.0094517676995,29.08084636768536,NO
904.0208898535531,29.1909043051146,NO
903.0387145719583,29.31876204583929,NO
902.0652001907018,29.493487693077526,NO
900.9673245715622,29.68907814523375,NO
899.9812182752981,29.79830061618348,NO
898.989057344255,29.88825227157735,NO
897.9981815775782,29.98716713300731,NO
897.0170501725686,30.108061229000825,NO
896.0356329379241,30.2551778259061,NO
895.0649237061446,30.428905449191618,NO
893.9562315001756,30.671917119856722,NO
892.9779188822986,30.80679021793883,NO
891.990128257487,30.912552087487438,NO
891.0025645760904,31.01921459277895,NO
890.0219939081014,31.144286278495642,NO
889.0485485961768,31.303516047118272,NO
887.9461348277873,31.56907862229857,NO
886.9678816715528,31.743053372422438,NO
885.9835156208742,31.866114670384498,NO
884.9970717407656,31.978732714739824,NO
884.0183283199615,32.10803462712682,NO
883.0457104781096,32.27121549416069,NO
882.076752430084,32.48649230032758,NO
880.962844257247,32.728879185266265,NO
879.9810989554287,32.86524507410284,NO
878.9994606454993,32.99688688373095,NO
878.0342138935358,33.16064899405597,NO
877.0744097503549,33.39065118195624,NO
875.9563475624906,33.69307937322967,NO
874.9772171267318,33.848524680432924,NO
873.998200969574,33.99011030271992,NO
873.0317300261225,34.14881382505416,NO
872.0698079056324,34.35734998872603,NO
870.9504555353332,34.67416379255138,NO
869.9733941322961,34.85374288161705,NO
869.0036837394966,35.01657682824111,NO
868.0486109452576,35.20682581500272,NO
866.9209865105063,35.58306717037051,NO
865.9655665661415,35.79952558933902,NO
864.9912181154634,35.953446569510106,NO
864.0271125840491,36.1173212767451,NO
863.0877947156354,36.347076299703474,NO
861.9522109347547,36.728015317483404,NO
860.9815637080569,36.89481722330992,NO
860.0172505244587,37.067511312860375,NO
859.0830520732128,37.30428562092467,NO
856.9785365670929,37.89506765708674,NO
856.0180983511449,38.071116756532184,NO
855.072651028257,38.29677259041746,NO
852.9809856828126,38.91564557662763,NO
852.0283868724595,39.10588753545933,NO
851.1035146599622,39.37741629906116,NO
848.9914164971237,39.95768333161769,NO
848.0336693993889,40.13410693340114,NO
847.1041470131387,40.39161162243581,NO
844.9977366622785,40.990165497364664,NO
844.051757222351,41.188810352457544,NO
841.9760640939247,41.892288419372825,NO
841.021084575574,42.07931816071227,NO
840.0974636251626,42.32220327481992,NO
838.0071175516288,43.025215711649246,NO
837.0823953090364,43.26716053460489,NO
835.0055069046491,44.01900382785472,NO
834.0753417703739,44.250850564157275,NO
831.9918536434022,44.96791743602266,NO
831.0535115579055,45.17837186708501,NO
828.9903462575141,45.966981401828704,NO
828.0589025130416,46.186805125631444,NO
825.9900262250882,46.962400454085966,NO
825.0478460704097,47.16811283654087,NO
822.9778270800249,47.91602785422707,NO
822.0320685204097,48.11576859857355,NO
821.111242723591,48.38840682578611,NO
819.0094590030217,49.03826775023621,NO
818.0713926835756,49.258652184625085,NO
815.9983258708407,49.99400103716372,NO
815.0772122871033,50.224382003581056,NO
813.0152604841918,51.04959657207689,NO
812.1100952002553,51.32017084863339,NO
810.0425806087128,52.12916592473086,NO
807.9877417762917,52.95982026548204,NO
807.0632415694367,53.18845987940966,NO
805.0157408249761,54.0459395238622,NO
804.1244738906587,54.33833506882417,NO
802.0516855881941,55.15437218487749,NO
799.9991558395168,55.997239682732925,NO
799.0802962337498,56.23283223480356,NO
797.0235745470425,57.07323825617687,NO
794.9771680747574,57.93634735919681,NO
794.0626032838508,58.17517069127231,NO
792.0074372840223,59.02324767104423,NO
791.112892745331,59.29451830193732,NO
789.0572878163914,60.16486365364667,NO
787.022735497232,61.05834377202844,NO
784.9867065532719,61.964173965718466,NO
784.0801610386524,62.21635941968012,NO
782.0484463498418,63.12043924954184,NO
780.0168505494669,64.04523042202594,NO
779.1523488754787,64.35306965716572,NO
777.071775996149,65.21879304325748,NO
775.0327665127343,66.07917098393112,NO
774.2218559830085,66.46388070567625,NO
772.1877368883382,67.41905555530384,NO
770.1798374520404,68.37720780739816,NO
768.1253571251908,69.32403634735864,NO
766.1029101360757,70.24012366122427,NO
764.0822629690409,71.20116406845682,NO
762.0692085464021,72.15576393221592,NO
761.698957606142,72.35048407251656,NO
760.0484101996184,73.11957054941396,NO
759.2674177485287,73.59694543329407,NO
758.0428877000227,74.09304628657894,NO
757.2731273949214,74.57679081039535,NO
756.0371414024634,75.08862842724166,NO
755.2337999843718,75.49604445947858,NO
754.0301820571947,76.06760781235273,NO
753.2077156921287,76.4742188460404,NO
751.2219260792555,77.44761363539925,NO
750.0316100633426,78.06673235692335,NO
749.25597475867,78.49402410668664,NO
748.0511512631871,79.10253933856838,NO
746.9348779732775,79.86553940886313,NO
745.6668197117835,80.36049277992349,NO
744.0631718497052,81.14607453539924,NO
742.9353686617278,81.85902990700188,NO
741.6613616970003,82.38203294260005,NO
740.086854011311,83.18407864287092,NO
738.1296677611996,84.24063924278727,NO
736.1523469684352,85.3343285494382,NO
734.19508943395,86.3839855525365,NO
733.0313675703679,87.06287455437477,NO
732.2445735131943,87.50253866461983,NO
731.0433819645377,88.08627648981651,NO
729.932794582039,88.87269458135626,NO
728.692346490197,89.38190459057095,NO
727.0923911110261,90.17545834672744,NO
725.1667532289047,91.29279675858474,NO
724.0298854829163,92.0536216893014,NO
723.3174661836326,92.53407074661264,NO
722.0979987055825,93.16523275327806,NO
720.1549967037417,94.30524862052869,NO
719.0196962656463,95.03678018414546,NO
718.2434902287334,95.43753128677687,NO
716.6179737889693,96.31453582385741,NO
715.1019454440972,97.18836277106463,NO
713.1406036009096,98.27947989113167,NO
711.2172400812489,99.39169044729968,NO
710.059180123791,100.09886561347804,NO
708.1741814019089,101.27717563896552,NO
707.049930282426,102.07964397836024,NO
705.1448059715976,103.24303322699012,NO
704.0224210873638,104.03937143062606,NO
703.2851309672288,104.48837817158417,NO
702.0889480023725,105.14623051198292,NO
700.2033451987618,106.34530315644196,NO
699.0623244221825,107.10249445913537,NO
697.1529516963898,108.26586906203025,NO
696.0367921562956,109.0604792978285,NO
694.9520128045334,109.92227168656302,NO
694.1357812655087,110.21972900456335,NO
693.0319733822014,111.05031105728747,NO
692.3849221111892,111.594879634062,NO
691.125977321333,112.20647735113613,NO
690.0264806313621,113.04165384027284,NO
689.3303336212016,113.533488764954,NO
688.0949366774123,114.16480691653277,NO
686.2574236837684,115.38642089959934,NO
685.0972664749665,116.15103373541125,NO
684.0118852939028,117.01791163878964,NO
683.3280838246908,117.46669003105052,NO
682.1306815824682,118.20215215568817,NO
681.0338749700102,119.0522960277281,NO
680.397808987044,119.59573367945264,NO
679.1298821748237,120.21179956020617,NO
678.0329137818694,121.04931210525581,NO
677.4004946146445,121.60024747726793,NO
676.1338850381708,122.22068338051785,NO
675.0358655052388,123.0535752908578,NO
673.9629625744009,123.94553319764843,NO
673.1818848607215,124.27566333250424,NO
672.0691636010179,125.10457947123182,NO
670.2552614237708,126.37154104762256,NO
669.1085917640784,127.16257379486554,NO
668.0269861511699,128.0386382023533,NO
667.4026616861016,128.57990992826296,NO
666.1534966015026,129.2439788278744,NO
665.0401070246152,130.06500104020748,NO
663.9511603249174,130.9178955069165,NO
663.1361827663909,131.2171563147258,NO
662.0467235578476,132.06404623577006,NO
660.2540310398524,133.3582213382251,NO
659.1307063978602,134.1785434848705,NO
658.0541708642902,135.07476321455525,NO
656.2174301443915,136.33594154128895,NO
655.0866839019052,137.13059938087184,NO
654.0061689379854,138.00916189513944,NO
653.3189172548438,138.45191862771847,NO
652.1516037173943,139.21330290815206,NO
651.0675452568228,140.09025147271407,NO
650.0091858034691,141.01223294637475,NO
649.3839467570617,141.51336702813623,NO
648.1805217964242,142.2576802942386,NO
647.0808784445536,143.11168927900852,NO
646.0184619693114,144.02445765822176,NO
645.4116489915058,144.55995674115786,NO
644.1941386269352,145.27768186634478,NO
643.0933901966403,146.12744042429412,NO
642.026468176559,147.03578976403296,NO
640.9644435501975,147.95135311687102,NO
640.2041600381103,148.29329434902817,NO
639.090176823695,149.12650474890748,NO
637.473424107221,150.35956990287463,NO
636.239311524229,151.3358405547986,NO
635.119214808852,152.16103699394293,NO
634.0489084687209,153.06413839102484,NO
632.9864296051242,153.98058108468322,NO
632.2516356781728,154.37745353077872,NO
631.1184593823237,155.1610273660743,NO
630.051318509888,156.06532927983625,NO
628.9995075975944,156.99936889268804,NO
628.3657980728764,157.47441933063706,NO
627.2197058624021,158.27410922758062,NO
626.1356714266119,159.16597603658835,NO
625.0631387476203,160.08510004674673,NO
623.9994708622883,160.99927623695245,NO
623.339358164321,161.45421782730986,NO
622.1665176459495,162.22940292564226,NO
621.0797771199924,163.10552032562927,NO
620.0229122018756,164.02989496908077,NO
618.9779353637985,164.972827810088,NO
618.3007700444775,165.37764027955242,NO
617.182136967989,166.23273055748626,NO
616.1003955709733,167.1289361115858,NO
615.0424892912101,168.0534756207336,NO
614.0005257774884,169.0006198062576,NO
613.433325914124,169.50844797053634,NO
612.2665848091492,170.32698293783028,NO
611.1749477614272,171.20335033453605,NO
610.1212255389862,172.1399657109818,NO
609.0797644542199,173.09316190507874,NO
608.0382557357075,174.04708857471402,NO
606.9922777681858,174.99002596073902,NO
606.3397196963998,175.4355564135945,NO
605.198560283038,176.25087114957583,NO
604.1094487807399,177.14306785681336,NO
603.0499340619251,178.06345950971124,NO
602.0057999854859,179.0072656212882,NO
601.4113191002358,179.51932409280423,NO
600.2390868294755,180.29646766582542,NO
599.1554506720043,181.1844330014142,NO
598.1035153389485,182.1208770805804,NO
597.0680749463586,183.07669982710405,NO
596.035952975263,184.04086779459348,NO
595.0075872390495,185.00867271240864,NO
594.5101609182628,185.5750119247724,NO
593.3197914583501,186.38859122185886,NO
592.192556727512,187.24655786400822,NO
591.1211245550089,188.14857944728868,NO
590.0747698094829,189.08979420121923,NO
589.038119146622,190.04501854230082,NO
588.0075218099456,191.00880355366945,NO
587.5037457363607,191.57292970581233,NO
586.3456552059091,192.39590762747005,NO
585.239926132152,193.27744186194803,NO
584.1479003310751,194.18397359422448,NO
583.0868469054353,195.1046902511271,NO
582.0523495490107,196.0577864426617,NO
581.0309735975538,197.0342292168439,NO
580.0117250151133,198.0131123915739,NO
578.9954287334185,198.9950385828247,NO
578.4679497038989,199.51781319659622,NO
577.3434655437858,200.40048357089256,NO
576.2527374798332,201.2868040871214,NO
575.187921082258,202.21229309473443,NO
574.1463193849022,203.16302795759862,NO
573.1178666810812,204.1262988259686,NO
572.0912753566654,205.10141705753978,NO
571.0663812613594,206.07210208337617,NO
570.0516306825399,207.0543127996891,NO
569.0335071272576,208.03809441143898,NO
567.9992833161277,208.99911560539948,NO
567.4096404685259,209.48774986557999,NO
566.2705301693136,210.3186927255376,NO
565.1899524082131,211.21973587551213,NO
564.1530256992812,212.1659225270166,NO
563.1338478503081,213.14054023472596,NO
562.1319711770246,214.13037635677017,NO
561.1258186518888,215.13049302480053,NO
560.0998961655688,216.11122297292857,NO
559.0747240644743,217.08154818570108,NO
558.0584538661575,218.06172040570712,NO
557.0427766976208,219.04591742195092,NO
556.0327190790564,220.03346801417385,NO
555.0255746546416,221.02586322562212,NO
554.0231729556322,222.0233018724143,NO
553.0239484449256,223.02421752739042,NO
552.0075204503586,224.00850527138394,NO
551.4992863156726,224.57198753634515,NO
550.3765625984381,225.4277750963359,NO
549.3059106492734,226.3344471103965,NO
548.2501804529878,227.2733288050906,NO
547.2195557864337,228.22848687202472,NO
546.2175912639449,229.2126459926968,NO
545.2257617883607,230.22650809502625,NO
544.2084016109308,231.21959094972243,NO
543.1862288692038,232.19477708154201,NO
542.1844543205037,233.1850427054511,NO
541.1892146158337,234.18561053588758,NO
540.1889924792337,235.18718393428676,NO
539.1848368545828,236.18542928885182,NO
538.1937884754317,237.18470463540996,NO
537.2071372123579,238.2031280985513,NO
536.2045388917709,239.2113341995384,NO
535.1929141071656,240.19860665729558,NO
534.1760484154084,241.18286320468764,NO
533.1619973393358,242.16714012104214,NO
532.1553771435115,243.15537714351143,NO
531.1483055249872,244.14967871347778,NO
530.1622775073838,245.15493463380704,NO
529.191170276997,246.17885561581198,NO
528.1908255090428,247.1957500428288,NO
527.1740080573265,248.18127003515374,NO
526.1696754893206,249.16862160686202,NO
525.1682396040371,250.16928295074953,NO
524.1745616521789,251.17027793395238,NO
523.1923261122399,252.18228144180054,NO
522.2328243552104,253.21333209595505,NO
521.2940497451234,254.26814650481697,NO
520.328582865502,255.311616458753,NO
519.3242447243326,256.32539250247584,NO
518.3337112853592,257.3266980698468,NO
517.3455132542915,258.3381618980325,NO
516.3557832251311,259.3557832251311,NO
515.3612947622888,260.36261095022195,NO
514.4189719688524,261.37759202753693,NO
513.5385979712568,262.4959970039979,NO
512.9996829876063,262.99970616343,NO
512.0110482828176,264.01063360179455,NO
511.0182333123989,265.0175030048439,NO
510.03444849131193,266.0320914886397,NO
509.06027695031264,267.05290889632585,NO
508.08497836926335,268.07586540673856,NO
507.1086244573752,269.10018760323845,NO
506.14181498520225,270.1256638401332,NO
505.18766900527584,271.1674836732563,NO
504.2130387736062,272.211019437472,NO
503.21082338277245,273.21421282541894,NO
502.21665548341343,274.2092311524298,NO
501.2298990158596,275.2276955072182,NO
500.2822568231507,276.25516016377384,NO
499.3890173619896,277.34750433277037,NO
498.97535307879764,277.9787483171511,NO
498.0145650655913,279.012400483831,NO
497.04680005860416,280.039844885447,NO
496.06730061111824,281.06265919211876,NO
495.085691375444,282.07967794828016,NO
494.117116479243,283.10436910518996,NO
493.1447387189573,284.1320638622907,NO
492.1911290421535,285.1683821761558,NO
491.2408179267502,286.21365250679827,NO
488.0534677628306,286.9394031992352,NO
488.00107304436386,290.0010108388413,NO
487.0119914534272,291.0115757503548,NO
486.01985304588715,292.01823982449235,NO
485.0497628523336,293.04131136771923,NO
484.1019425175019,294.0858674839159,NO
483.17146799315117,295.1404628203028,NO
482.2535857979366,296.2036759934819,NO
481.36513959280137,297.31280688280583,NO
480.56904100048047,298.5075803215742,NO
480.0127499937433,299.01080318608575,NO
479.0478585099041,300.0410215783076,NO
478.08800899668626,301.07602871485034,NO
477.14243606531437,302.119864228069,NO
476.2069893778626,303.1740388292627,NO
475.27824046524233,304.2501531152839,NO
474.3797244890003,305.339753464583,NO
473.5808052153188,306.48915522800473,NO
473.0109925594422,307.00935270883195,NO
472.03791492657126,308.03491769980576,NO
471.06063673981026,309.0531859502064,NO
470.10421014003543,310.08783624383716,NO
469.1768610388271,311.1486840298866,NO
468.2789441606334,312.2262971652584,NO
467.4042407261386,313.33879870175224,NO
466.9788408111842,313.98261544098466,NO
466.0321798011604,315.02610814005146,NO
465.08504336002136,316.0693803775086,NO
464.1419355509611,317.1154306787574,NO
463.2327899566492,318.1868401211135,NO
462.3779828699873,319.30494269110596,NO
461.97300926101315,319.9784808086541,NO
461.0226258024894,321.01902169252986,NO
460.07059300366757,322.0597466783127,NO
459.11874408354544,323.0991937770121,NO
458.17884381244096,324.1527464310018,NO
457.2589458295934,325.22682851978163,NO
456.4064808480106,326.33098191909914,NO
455.98428147729646,326.9879685375949,NO
455.04515593898094,328.0359988410669,NO
454.10700097421164,329.08591011236956,NO
453.1904559262632,330.1469680552714,NO
452.3250626290017,331.2548330298174,NO
451.5642396235136,332.47089114092773,NO
451.0155999634687,333.01235485794115,NO
450.07835231560824,334.059904805606,NO
449.1725591525341,335.132846910776,NO
448.293147848701,336.2436017350275,NO
447.41236595802974,337.3552910974071,NO
446.9775712128742,337.98108832305167,NO
446.0259332329934,339.0212904541148,NO
445.07933728393976,340.06667708050145,NO
444.1394781084844,341.1120022610183,NO
443.2492001713237,342.1921146591124,NO
442.4751437579344,343.35399784739906,NO
442.00949176984045,344.00666249193296,NO
441.09572399912764,345.0708796020823,NO
440.17536927425147,346.14258067835806,NO
439.2939116986827,347.2309948325318,NO
438.4726110612941,348.3871301071607,NO
437.9937424740835,348.9948570458557,NO
437.0482979551216,350.0395731625083,NO
436.12004915925075,351.0940839209106,NO
435.2261275811705,352.1710535263192,NO
434.39151069884065,353.3087523559247,NO
433.9835369407363,353.98725902360314,NO
433.0641911281081,355.0458962608003,NO
432.16284514057946,356.1202109178455,NO
431.28078701439887,357.22171902378074,NO
430.4900261448561,358.3813172891718,NO
430.0079706543899,359.00588287003495,NO
429.0897101173695,360.0671386336088,NO
428.1885625918889,361.1460696102312,NO
427.3322014093496,362.2542776151987,NO
426.5948256902057,363.46569984337305,NO
426.0285263345971,364.02156182885284,NO
425.11228857947276,365.0860239774407,NO
424.21770604831573,366.16545660323936,NO
423.4069893403734,367.30019533495147,NO
422.9866050183925,367.98977839336305,NO
422.0559731018797,369.0446349600185,NO
421.1423037046697,370.1051149966869,NO
420.2795161476733,371.2044837898746,NO
419.5753343079955,372.4342715680376,NO
419.0312852918164,373.02284018306307,NO
418.1373165448329,374.09236381553205,NO
417.33561510189054,375.217276814506,NO
416.06269956600374,377.0480590570825,NO
415.1463524176337,378.1117528034536,NO
414.2702879646775,379.2004338016343,NO
413.49504824125665,380.38842246563974,NO
413.0057890388864,381.00464855492066,NO
412.06988904033705,382.0539042529332,NO
411.16970343372935,383.12503251635377,NO
410.36099537360684,384.25675658245746,NO
409.9745356351889,384.98115698867434,NO
409.05121853344633,386.0375351504581,NO
408.15687210145643,387.1127648317134,NO
407.3138485959969,388.2324278449018,NO
406.56073047743405,389.43028276848764,NO
406.0201544613101,390.0149437957688,NO
405.1149586677929,391.0830830911068,NO
404.2800081345707,392.1937898170893,NO
403.58227740331637,393.4230220279116,NO
403.0211458456183,394.01642370526923,NO
402.10538741891105,395.0774274911267,NO
401.27087505110916,396.1819763768002,NO
400.577960812712,397.40865918564737,NO
400.0286305036129,398.02033280200266,NO
399.14976602681173,399.1008706882877,NO
398.38978467845305,400.25574107749145,NO
397.9842265849786,400.98910028749367,NO
397.06151223487313,402.04756739674883,NO
396.1531524476195,403.11568773135764,NO
395.3229635885569,404.2363860017827,NO
394.95912326656105,404.9693424491594,NO
394.0331317073191,406.0239530564581,NO
393.1592138069225,407.1051948334669,NO
392.42912454403154,408.27974988813605,NO
391.9993646237651,408.99956860897225,NO
391.08602816250857,410.063087318749,NO
390.2052016262857,411.14908294276,NO
389.4500143949969,412.3204102589843,NO
389.00062014002015,413.0004499932794,NO
388.0854545670112,414.0613112650269,NO
387.22780981695485,415.1563278869571,NO
386.58691913951816,416.3958291831917,NO
386.03865540138224,417.0256635287495,NO
385.15943811588545,418.10656323063193,NO
384.4026546425753,419.2715007823641,NO
383.9995265483384,419.99967688608666,NO
383.1067713876089,421.0737356851932,NO
382.25820438653386,422.17392190870027,NO
381.32605046729185,423.54762291242486,NO
380.2378987047925,425.1508164192998,NO
379.60070785063226,426.3994756922515,NO
379.0398646680919,427.0271117534956,NO
378.1800804835713,428.118825488678,NO
377.47207609225393,429.31348224494434,NO
377.0121124044691,430.0082227068917,NO
376.12198237100415,431.08232307714735,NO
375.34515902402893,432.22351271586643,NO
374.0804552937455,434.05657319022424,NO
373.19857799154505,435.1396621391315,NO
372.45364984817513,436.3286053432368,NO
372.0132378162677,437.00897558173784,NO
371.1382967712747,438.08706334872886,NO
370.402481021075,439.25140309558316,NO
370.0073161725785,440.00444643109125,NO
369.17198731317376,441.1040313511673,NO
368.49230627145624,442.30712685110365,NO
368.0214558659234,443.0137397198058,NO
367.1487672115326,444.09924021263726,NO
366.3793644336456,445.25746655272843,NO
365.12571306359666,447.0780235970362,NO
364.35396913527654,448.225528900115,NO
363.1191544111588,450.078659395599,NO
362.280051084443,451.19083812704775,NO
361.3671482980694,452.5664382981067,NO
360.22431383038696,454.1504291669129,NO
359.6002474647843,455.39231860191995,NO
359.0543915708791,456.03358742096407,NO
358.2246445117093,457.14237210603994,NO
357.92766891519284,457.9545082196437,NO
357.0630243978241,459.03926347706414,NO
356.2416785552412,460.14674449579485,NO
355.3284375177645,461.58290107020764,NO
354.30140347947383,463.18084207930406,NO
353.14076491703895,465.0806259135392,NO
352.41460953380886,466.2629529679894,NO
352.01145983066675,467.0074842431172,NO
351.152537118651,468.0945879641189,NO
350.38346505168045,469.25224986925264,NO
349.99269156974964,469.99513626102095,NO
349.1331111317921,471.0831944585396,NO
348.4283554983355,472.26326665851553,NO
348.0172854672706,473.01016222869276,NO
347.17377609000437,474.10925526577967,NO
346.5034599063077,475.33274193377514,NO
346.03708743505416,476.02254002657116,NO
345.2330393507954,477.1326263799673,NO
344.30421364722935,478.5784486541791,NO
343.3123032651728,480.1809843625479,NO
342.12223904253494,482.0770732438176,NO
341.34756321309203,483.21832845661254,NO
340.14376927330125,485.0898995250975,NO
339.43199364912726,486.26991625906504,NO
339.02087792532745,487.01188003180783,NO
338.2397452408488,488.13126051659515,NO
337.1304991849226,490.07500653918976,NO
336.4634639099185,491.25792197460225,NO
336.02814258334615,492.01521555062766,NO
335.2274626427113,493.1326865428896,NO
334.33461705782037,494.5701115240979,NO
333.31726870709656,496.1833294188315,NO
332.14317493541955,498.08775237686734,NO
331.4734801471241,499.2949431365491,NO
331.03106130736865,500.0181045061673,NO
330.2205824816853,501.12957486433675,NO
329.9196263303456,501.95310764990313,NO
329.0803394277368,503.045762964155,NO
328.36946440710244,504.20221715242803,NO
327.20848155018837,506.1183553603721,NO
326.9123220032616,506.94788658228254,NO
326.0679807109064,508.0411358319793,NO
325.2944446557418,509.17889803382764,NO
324.12580287846265,511.074460891786,NO
323.44729825906484,512.264673517825,NO
323.02915669766935,513.0159573816184,NO
322.27255944829926,514.14718903063,NO
321.1401765372399,516.0734718416722,NO
320.6051012209978,517.3172197249613,NO
320.07448651197365,518.040590487123,NO
319.3479031386643,519.1958143314308,NO
318.23181555282366,521.1220231596951,NO
317.1003239624544,523.0602415312718,NO
316.38689665979535,524.226688758441,NO
315.19490010233255,526.1105799089033,NO
314.3083526228377,527.6253576785178,NO
313.51336783143677,529.2548478427314,NO
313.0542915299413,530.0269974283755,NO
312.3335810639367,531.178610339662,NO
311.1992566744722,533.1092383967516,NO
310.3338607030006,534.5800904175776,NO
309.3370169998481,536.1934895406412,NO
308.2194642958905,538.1177151255575,NO
307.14633466323687,540.0721604433844,NO
306.87075102144564,540.9344131738766,NO
306.0804956358173,542.0414729498942,NO
305.3953855912429,543.2130689015014,NO
304.2917648722758,545.1455149790995,NO
303.1801338030945,547.0985720064726,NO
302.8999670957625,547.9433185525044,NO
302.0833837554076,549.0467063655742,NO
301.3845721746773,550.2102468762188,NO
300.25501106442533,552.1289381787377,NO
299.20597496611055,554.0983395878244,NO
298.1345352309487,556.067881930162,NO
297.5964909355767,557.3121069544571,NO
297.0803614164136,558.0399572340634,NO
296.4073189634343,559.2247670397868,NO
295.28911861373916,561.146208265592,NO
294.1810278557924,563.1010131012279,NO
293.9009782583043,563.9413763403969,NO
293.0803257853632,565.0439966238181,NO
292.3741567580281,566.2020955466367,NO
291.26168540055914,568.1272889472197,NO
290.25178994704953,570.1124116415986,NO
289.1838817049229,572.0938970391097,NO
288.3453020593944,573.6426143420467,NO
287.5009912494275,575.2750683972666,NO
287.0509223045743,576.0267538824373,NO
286.3669698966972,577.1803750236425,NO
285.2538040205413,579.1355326235268,NO
284.18475749820243,581.0907466163535,NO
283.3468239667541,582.6589080758677,NO
282.5885936969062,584.2964833040772,NO
282.0964118094863,585.0438235506273,NO
281.57737303494144,586.2785571535791,NO
281.0884631226728,587.0409569589319,NO
280.4854490531212,588.2430668735178,NO
280.0557690907074,589.0262371004351,NO
279.42459759492453,590.2076836117252,NO
278.35535434340227,592.1760513628499,NO
277.29489077142483,594.1402663985716,NO
276.22083166937546,596.1125808513439,NO
275.16799560718175,598.0835042813201,NO
274.32918748674365,599.6645937433718,NO
273.86211619615517,600.9340002571287,NO
273.12747492235667,602.0559050122047,NO
272.87164647477704,602.939278343151,NO
272.124540680506,604.0575346871118,NO
271.856872689722,604.9322201686776,NO
271.11539099722137,606.0521204271782,NO
270.60464662416706,607.3087557376158,NO
270.09194798537754,608.0450357468192,NO
269.5331450343839,609.2562461673435,NO
269.0853415082585,610.0370845926445,NO
268.5178609362968,611.2490139943039,NO
268.0707738489167,612.0335079735639,NO
267.4479360741679,613.2274136989626,NO
266.42836624260997,615.2043688072454,NO
265.42914096903434,617.195688287952,NO
264.5482659989781,619.2587056097747,NO
264.08924547819294,620.0412897120211,NO
263.52178660571985,621.2534815578634,NO
263.07945709105303,622.0355465928196,NO
262.5005558489684,623.2446219140897,NO
262.0644257489136,624.0315671805719,NO
261.4404204561149,625.2189936053859,NO
260.4673198140933,627.2198774949275,NO
260.06429464193644,628.0287781688664,NO
259.432980870221,629.2135409730048,NO
258.45006860063654,631.2150880235378,NO
257.5289551677769,633.2359953881236,NO
257.10854587251777,634.0410586549233,NO
256.3098093971577,635.6763749767434,NO
256.14417254296234,636.0641864070153,NO
255.38667214370457,637.7034661089601,NO
255.16593325746774,638.0737481102211,NO
254.17539914307085,640.0826498902226,NO
253.41459013897625,641.7159040500103,NO
253.16592928148305,642.07594677845,NO
252.1805518209744,644.0852783031609,NO
251.18875100555422,646.0852710458641,NO
250.20124110687073,648.0904749479263,NO
249.26428593686433,650.1130823456958,NO
248.3542731344503,652.1611988377759,NO
247.40158191151178,654.1839917202079,NO
246.4636058412045,656.2237430224718,NO
245.54337264346373,658.2512035581042,NO
245.09115653327729,659.0404241822765,NO
244.52909184295922,660.2676042607347,NO
244.08513397808258,661.0396914782591,NO
243.5451289981611,662.2713777162501,NO
243.09026945009091,663.0422195660394,NO
242.58556743265072,664.2657054614087,NO
242.12838199790784,665.050076071445,NO
241.21227229053358,667.0879307619392,NO
240.2929099856407,669.1328775781026,NO
239.40213610980408,671.1760647721754,NO
238.52067080517958,673.2361352061567,NO
238.10038838227632,674.042386206283,NO
237.29303308928962,675.6660340361877,NO
237.14418168804377,676.0636240744757,NO
236.39776560197564,677.7173185454384,NO
236.16920943852224,678.0762414960587,NO
235.2162618332179,680.0963441362362,NO
234.32436002065873,682.1386639134573,NO
233.48877116704793,684.2090964432788,NO
233.09280258336403,685.0372418183624,NO
232.34841915843023,686.723744976796,NO
232.18340713148945,687.0748772242188,NO
231.26514869522128,689.1182376350927,NO
230.39110152746966,691.1683414963837,NO
229.49092125265432,693.2299251430347,NO
229.08239990608098,694.0362267570747,NO
228.8242828771557,694.9253252556359,NO
228.11945480087664,696.0518790330535,NO
227.19078318509784,698.0759640152961,NO
226.32614648003877,700.1396596991165,NO
226.02884956008066,701.0110243210711,NO
225.1152431650317,703.0455907011482,NO
224.21176971427602,705.0878069576993,NO
223.35653882429054,707.1485200000263,NO
222.53513514314812,709.2248903498612,NO
222.11243962739832,710.0457444596007,NO
221.3647809743699,711.7288138763396,NO
221.18139678025713,712.0758417262078,NO
220.34155434392244,714.1320222502707,NO
220.0422382376256,715.0151044657623,NO
219.12652735968135,717.0515585051306,NO
218.25912022405353,719.1030974256242,NO
217.3856941955491,721.1686149952167,NO
217.0589979528965,722.0226424578832,NO
216.16969114024585,724.0708008401884,NO
215.2720736512084,726.1138000415361,NO
214.4288907877659,728.1810620769927,NO
214.07405486106506,729.0304931778048,NO
213.15538147874184,731.0627402409383,NO
212.29092361099737,733.1157362398213,NO
212.011323167244,734.004315896762,NO
211.10262447136785,736.0404210186795,NO
210.22583784877594,738.0810963158887,NO
209.98138146257045,738.9939367903468,NO
209.10449619971035,741.0401908452725,NO
208.25950600197243,743.0965104967377,NO
207.99681540483425,743.9988677754927,NO
207.12912968596214,746.0460871702594,NO
206.30992476099334,748.1186224771377,NO
206.0258719690014,749.0099204062436,NO
205.10530758061546,751.0436641168859,NO
204.20144225401398,753.0770220413241,NO
203.95552226596664,753.9841049885227,NO
203.0733945950123,756.0264727816053,NO
202.22917185528317,758.0808841867738,NO
201.97635970141667,758.9919548721008,NO
201.08012914816368,761.0307262141132,NO
200.25838467667256,763.093903688013,NO
199.9978683662992,763.9991955241983,NO
199.11125058458197,766.0422655042292,NO
198.27381540098685,768.0925307221286,NO
198.00866835020275,769.0030964919375,NO
197.1325733226766,771.0469286082022,NO
196.29583217367053,773.1117744941924,NO
196.01593048000484,774.005728194048,NO
195.14540798394805,776.0553550942328,NO
194.34479269780658,778.1197079739829,NO
194.06861966737318,779.0217039831937,NO
193.2587904225223,781.0920011819056,NO
192.9970707132449,781.9989930577183,NO
192.16046540281113,784.0561804502121,NO
191.34729118310958,786.1259781768558,NO
191.05838044396825,787.0205459074064,NO
190.23329394600847,789.0809279580917,NO
189.9818726867267,789.9937426640937,NO
189.11443980798936,792.0420970613669,NO
188.29379237494584,794.1002350426311,NO
188.0309642930259,795.0098448912041,NO
187.2085701329339,797.0730571596893,NO
186.9616561016679,797.9868512708568,NO
186.13023650491985,800.044616772529,NO
185.31117283729728,802.1169232859452,NO
185.0372655138242,803.0131017698831,NO
184.23682057000863,805.0791148405237,NO
183.98648074014693,805.9953164921942,NO
183.15180259395402,808.0510356744519,NO
182.92116670759117,808.9730022988213,NO
182.1021283607996,811.0318069248464,NO
181.31493157756603,813.1106317042139,NO
181.0367725900152,814.012616537097,NO
180.2242447250156,816.0767349084603,NO
179.9811439772829,816.9934500132929,NO
179.13269316413272,819.0460599756032,NO
178.38018554371874,821.1198943828133,NO
178.07921696915923,822.026733677138,NO
177.31646543245523,824.0980138623534,NO
177.045332011845,825.0154281219542,NO
176.27483970145454,827.0783479693085,NO
176.02542597894902,828.0078233783821,NO
175.24163798442115,830.0736115697679,NO
175.00221402913706,831.0007029027477,NO
174.2235488574865,833.0705684074542,NO
173.9895210885966,833.9967041249408,NO
173.20805663596394,836.0655332584425,NO
172.9692779734299,836.9898869340914,NO
172.18140698669802,839.0553117227932,NO
171.95172984688054,839.984008964261,NO
171.13147540849323,842.0430815488403,NO
170.91012385641568,842.9713602231435,NO
170.1328847853237,845.0393938206905,NO
169.91590591941673,845.9742042693898,NO
169.14479650953004,848.0446792118024,NO
168.92049783559412,848.9739364032324,NO
168.1236533861439,851.0356817233894,NO
167.9092023431281,851.9719525574998,NO
167.12384892463953,854.0355528444935,NO
166.3834303643626,856.1221230226713,NO
166.0929198446491,857.0285539926704,NO
165.33314519757866,859.1123396542879,NO
165.063238779855,860.0209478447598,NO
164.30805956415085,862.0963781341856,NO
164.0523820061277,863.0162750684942,NO
163.2838741598951,865.0914600123433,NO
163.03025692314736,866.0096897165994,NO
162.27527958940308,868.0789134821817,NO
162.03658796330825,869.0107611650103,NO
161.30643324150336,871.0839404527999,NO
161.05660863824096,872.0162471919368,NO
160.34169873123153,874.0961989649816,NO
160.08953874852105,875.0248515704191,NO
159.87972223807287,875.9649604022616,NO
159.13559507982964,878.0381937958473,NO
158.92664877614786,878.9778490037154,NO
158.17679456124472,881.0484520629991,NO
157.9652887291767,881.9899362030529,NO
157.24731023112415,884.0658796826792,NO
157.02056598709896,885.0059264978854,NO
156.29553081992702,887.0832204275439,NO
156.05145968471243,888.0161608925468,NO
155.3103302206617,890.0829126583944,NO
155.0670633160119,891.0188910742603,NO
154.4058421953437,893.1063140156369,NO
154.13259696635882,894.0375172198569,NO
153.91786957644746,894.9747549930333,NO
153.18296195689854,897.050452572768,NO
152.96342108846505,897.9877064682073,NO
152.2396792864643,900.05309665628,NO
152.02326600964477,901.0066139261551,NO
151.29607745770613,903.0776125361285,NO
151.06006890662607,904.0168338269926,NO
150.32940582696256,906.0991198559711,NO
150.07949128935033,907.0238228276886,NO
149.86654123474344,907.9612718809412,NO
149.1361225500288,910.0393304889166,NO
148.92042078711313,910.9754827609617,NO
148.2091830187476,913.0509520815586,NO
147.9983948967942,913.9995525166992,NO
147.2876040904075,916.0749589743182,NO
147.0657711894575,917.0181576905281,NO
146.37975326995783,919.0966489156477,NO
146.12586505149582,920.0327453803538,NO
145.92268428246396,920.9777279835205,NO
145.20552717700727,923.0558168531045,NO
144.989219751477,923.9968852152347,NO
144.34581473771698,926.074945549587,NO
144.12378971407412,927.0310424577156,NO
143.92003259573502,927.9755608970859,NO
143.23018057952157,930.0532292576062,NO
143.02522664847947,931.0067493476722,NO
142.41881823360782,933.0871179206309,NO
142.16867614434173,934.040844577907,NO
141.96551849027526,934.990410051054,NO
141.2823566601556,937.0655309024534,NO
141.06562972399405,938.0182378749814,NO
140.41248395246612,940.0921260435989,NO
140.17201768901757,941.037666839675,NO
139.9751715711647,941.9928845360423,NO
139.28436685728227,944.0608287360502,NO
139.07383757892285,945.0193044333295,NO
138.86702198824003,945.9579544358661,NO
138.56671519896824,946.8841816281086,NO
138.19525675660861,948.0375262210787,NO
138.01419580161627,949.0033427423484,NO
137.38569455299563,951.07816400868,NO
137.16693616865135,952.0334544790086,NO
136.97884845566085,952.994406734438,NO
136.29112306110542,955.0619410764535,NO
136.0991888881041,956.0210340254614,NO
135.91160776888407,956.974534180174,NO
135.2492565655921,959.046976261659,NO
135.0691717099428,960.0157367386199,NO
134.86897087174458,960.9613152099859,NO
134.5916277442309,961.8979069360578,NO
134.2393459618334,963.0402955664738,NO
134.06329078107305,964.0139239718361,NO
133.86837087763342,964.9628244099896,NO
133.60095255937713,965.9042104562986,NO
133.24521867102663,967.0432444742751,NO
133.058184137609,968.014298007664,NO
132.85814330841728,968.9597494825778,NO
132.56413633175956,969.8856836573038,NO
132.19076689079176,971.0391718459558,NO
132.02408256903382,972.0050597723302,NO
131.84454324798597,972.9618753002621,NO
131.6001813435533,973.9001603574357,NO
131.22947813321088,975.0469387071621,NO
131.05157420611684,976.0115950148844,NO
130.86173071500605,976.9660960176247,NO
130.62082508053587,977.9186245619295,NO
130.26453291120941,979.0406545320288,NO
129.02607410634695,981.0404037870242,NO
127.02771396369276,982.0472579164208,NO
126.31910647981425,982.505731949404,NO
125.12286738271328,983.1848231820115,NO
124.05163611011722,984.0648097838696,NO
123.01898995367378,985.0207690527967,NO
122.02335804360656,986.0206811516246,NO
121.07713765942145,987.0587454101385,NO
120.25803009019239,988.1550106185035,NO
119.20933373585503,990.0877405428404,NO
118.37494548171392,992.103520306657,NO
118.13766525321039,993.0276125114408,NO
