X,Y,is_wing_root
132.95286390315553,1477.3183909843683,NO
134.55874276469197,1478.0586029815697,NO
136.1538882654641,1478.9381429506636,NO
136.9566538960536,1481.0213749947848,NO
137.22229892829154,1481.9264821045633,NO
137.99749680367336,1484.0012515981634,NO
138.28662537708175,1484.9269386287663,NO
138.99754258061412,1487.001228709693,NO
139.28665479563406,1487.9269311299197,NO
140.02402978555926,1489.9879851072203,NO
140.3600347401602,1490.886162655333,NO
141.2880226745119,1492.8252234568602,NO
142.2390946754044,1494.8652697124235,NO
143.2859705205196,1496.9943706589358,NO
144.01166929457364,1498.9948559845802,NO
144.37674343192998,1499.8308882356578,NO
145.06163789714904,1500.9689847517614,NO
145.87345599943973,1502.120767385135,NO
146.19683995397924,1502.590047989649,NO
147.46537202657677,1504.9852555404802,NO
147.09944206245336,1506.0581209128868,NO
146.46318988677606,1507.9512915408409,NO
146.783091389965,1509.0704580456406,NO
147.04489756494215,1509.9784773957224,NO
147.35754097371617,1510.9362414633868,NO
147.67032856532705,1512.0723829468575,NO
147.98092755133428,1513.0098757643461,NO
148.2848907981316,1513.8685617442175,NO
149.2492738484427,1515.933265270253,NO
149.47969607926245,1516.979143648961,NO
150.07193400622947,1518.9572542918122,NO
150.4855850716704,1519.9399002048947,NO
151.09676511762424,1521.9504515948358,NO
151.99864165176305,1524.0006765106984,NO
152.28843102858878,1524.9276094666395,NO
153.0456848635736,1526.9771575682132,NO
153.36919891038286,1527.9413625246218,NO
154.0467625844566,1529.9766187077716,NO
154.96691168588373,1532.0163797021662,NO
155.25571041012918,1532.8900893906498,NO
156.13859804000649,1534.9427779860562,NO
156.9595500344821,1537.0122623904867,NO
157.20257227131432,1537.9046064763156,NO
158.13370925356335,1539.9269814711686,NO
159.07026971192005,1540.8763644230328,NO
161.0932977323411,1541.7555753762977,NO
163.2765524509197,1542.4484844796398,NO
164.04699216437496,1542.8862689636067,NO
166.10341886318403,1543.7284882404876,NO
167.01011051356141,1543.901811359545,NO
167.97622574072938,1544.0768701047352,NO
170.04340563450972,1544.9022412926397,NO
172.04189950487796,1545.5768149956632,NO
173.97748157934546,1547.0231229428407,NO
174.6604873643799,1547.6666620813228,NO
175.06225024106936,1547.8849094437815,NO
177.08380170183267,1548.755989159597,NO
178.00127650857073,1548.9966092740178,NO
179.7391598834263,1549.6051139327328,NO
180.11305941101773,1549.8016911970733,NO
182.08191366503272,1550.813548885205,NO
184.09616098625307,1551.8106893333447,NO
184.96419614474527,1552.0736288949029,NO
185.96465835508292,1552.4088385895807,NO
187.04197920858041,1552.5391615717074,NO
188.06080442135837,1552.7468602563363,NO
189.01126223441,1552.9575886853759,NO
189.9602089011785,1553.1610592130473,NO
190.94513776651445,1553.363373246011,NO
191.9886134279719,1553.483929295866,NO
193.0009746193759,1553.4970559076387,NO
193.99902538043744,1553.4970560028287,NO
194.9990215433133,1553.4990129362468,NO
196.00957844337998,1553.5114994003618,NO
197.05065306135572,1553.6144319326131,NO
198.0451437778755,1553.8032194293107,NO
199.0040401773912,1553.979186965701,NO
199.97199145451,1554.1487953932624,NO
200.9452332900217,1554.3138316993702,NO
201.97119357717142,1554.4591023604032,NO
203.0,1554.5000000004902,NO
204.0,1554.5000000004902,NO
205.0,1554.5000000004902,NO
206.01693070346093,1554.479703295125,NO
207.02909019779324,1554.4238857483174,NO
208.01500917336776,1554.3789816119936,NO
208.93275538688016,1554.4579505342515,NO
210.05582360268505,1554.8332120535897,NO
210.9761551766926,1555.0690957956776,NO
211.93578280615137,1555.3179686351798,NO
212.98954638580295,1555.4846675771676,NO
214.0019452550898,1555.4960400624511,NO
215.00479443651864,1555.4890325203476,NO
216.00654874773113,1555.4771230475862,NO
217.00725180052245,1555.4623022533797,NO
218.00955997958795,1555.4432354262683,NO
219.0153901333511,1555.4131035878538,NO
220.0045907882311,1555.3902170101833,NO
220.98989228208458,1555.3965335477392,NO
222.00474835899198,1555.4036105252205,NO
223.00985621660928,1555.3851506178291,NO
223.99749138002034,1555.3988705825268,NO
225.0889462648937,1555.724931311433,NO
226.0011708916075,1555.9969055007798,NO
226.94247140349688,1556.2292154994911,NO
227.9621071887556,1556.4392121434712,NO
229.00097844142982,1556.4990051552343,NO
230.00483176771206,1556.4928403020413,NO
231.0173911105163,1556.4668140286467,NO
232.02743315961644,1556.4114974126828,NO
233.01942754070834,1556.353858772661,NO
234.0074657819254,1556.3172957217794,NO
235.00059785286106,1556.3049049750387,NO
235.999402176046,1556.3048902324404,NO
237.01407960433878,1556.276176843877,NO
238.0229322360124,1556.1799298551161,NO
239.00717874500285,1556.0846066332858,NO
241.04468934315628,1556.9159234425133,NO
241.94716215708883,1557.1738535448483,NO
242.95555124644125,1557.4197937923473,NO
244.00291191055737,1557.4950248104265,NO
245.00477531137653,1557.4870817558706,NO
246.00560255711417,1557.4762173675672,NO
247.00725202371737,1557.4623164820537,NO
248.00871283690768,1557.4443546707016,NO
249.01467245665293,1557.4157196315105,NO
250.01552996257624,1557.3771562589043,NO
251.0138463448627,1557.3362683974465,NO
252.01162191796325,1557.2963589058534,NO
253.01145027109115,1557.2538973113003,NO
254.00927663211408,1557.2129408772448,NO
256.0818284433575,1557.7446624174545,NO
257.00759976855136,1557.9682304761427,NO
257.96127301651234,1558.1632294315186,NO
258.94735551119,1558.357982519595,NO
259.98311439984263,1558.4784253681087,NO
261.0029227537096,1558.4968681463663,NO
262.0236394646358,1558.46369717337,NO
263.02776023121675,1558.417232118152,NO
264.09159139973985,1558.8176206408407,NO
264.9544969758948,1559.0843575948384,NO
265.9664347091174,1559.4389307016975,NO
267.0221474859531,1559.4706340655334,NO
268.01888432767896,1559.433481165653,NO
269.09385238404894,1559.713567390465,NO
269.9940576662737,1560.011603927558,NO
270.9318759604172,1560.3074624890846,NO
271.9951571747589,1560.4939681699898,NO
273.00954505746836,1560.5132020818105,NO
274.0706561266235,1560.7904963691924,NO
274.97579507824037,1561.0503857577435,NO
275.94038010229673,1561.3663391223365,NO
277.0019529146583,1561.497993252484,NO
278.0303231686031,1561.5442473167252,NO
279.0469160349912,1561.9083671241433,NO
279.92909739105517,1562.1618115987199,NO
281.0,1562.5000000004902,NO
282.0058077399387,1562.4936579081232,NO
283.0172828048046,1562.5008319028161,NO
284.05807532446784,1562.8913064909939,NO
284.92991312867116,1563.1463578756607,NO
285.999022265938,1563.4986443976402,NO
287.0,1563.5000000004902,NO
288.0,1563.5000000004902,NO
289.0,1563.5000000004902,NO
290.0019529001742,1563.497989559032,NO
291.0076527310749,1563.4878615744453,NO
292.0046609308138,1563.4754149385842,NO
292.9962786256207,1563.4744752609854,NO
293.9952629546108,1563.4831786251996,NO
295.00567013313065,1563.481961329121,NO
296.0178294290359,1563.4546504370255,NO
297.0108075933393,1563.4239901988967,NO
297.9946612928688,1563.418472482944,NO
298.9889989637451,1563.4422416330585,NO
300.05770013121696,1563.5694682511908,NO
301.0517684274977,1563.8111864322161,NO
301.9903478563366,1564.0313540979605,NO
302.96459555472586,1564.2440036082296,NO
304.01922368615396,1564.3063774957914,NO
305.0278192576524,1564.2026831668159,NO
306.00669314767197,1564.121910902465,NO
306.9607458554125,1564.183666176014,NO
307.93347982846456,1564.3497452291592,NO
309.0228051624224,1564.4652252995354,NO
310.024302962377,1564.413150358868,NO
310.9857519953601,1564.403693490379,NO
311.97100150796524,1564.448158495622,NO
313.0,1564.4862745102587,NO
314.02419215268003,1564.4569628888805,NO
314.9939560071437,1564.4403480496685,NO
315.9751224819708,1564.4699086789492,NO
317.00097844917116,1564.4990091033187,NO
318.001952760347,1564.4969775268248,NO
319.01474939408524,1564.508353556145,NO
320.0519864838654,1564.6126420506496,NO
321.0424026041572,1564.7875650673318,NO
322.00756891052674,1564.9610086441398,NO
322.9665212984981,1565.1411085739708,NO
323.94445017365666,1565.33329895806,NO
324.9825262190881,1565.4690330761546,NO
325.9961109095553,1565.4958590605675,NO
327.0,1565.5000000004902,NO
328.0,1565.5000000004902,NO
329.0009784568248,1565.4990130066683,NO
330.0009746045532,1565.4970483480568,NO
331.0029004228926,1565.4930719073566,NO
332.00381280099094,1565.4861321546398,NO
333.008347571397,1565.4730290235063,NO
334.00716214870636,1565.4565869504745,NO
335.0,1565.4490196078432,NO
336.0034898613569,1565.4449573489064,NO
337.00844501734963,1565.4306958735983,NO
338.0104592693933,1565.4087160650547,NO
339.00701583997,1565.4023790308213,NO
340.09048133765907,1565.617393200756,NO
341.03801956354073,1565.8581577783034,NO
341.9980064216429,1566.0166676221822,NO
342.99082792260594,1566.116943986556,NO
343.9689545734522,1566.2168926975212,NO
344.9683579600541,1566.336196671595,NO
345.9984397969458,1566.397851790499,NO
347.0175515917202,1566.3729713153605,NO
348.02196501164184,1566.3111710009712,NO
349.023045553568,1566.2217590983657,NO
350.01249539937186,1566.1274530726384,NO
351.00140100910056,1566.0714514622648,NO
351.98973300901906,1566.109086778254,NO
352.95048339457077,1566.2295769805364,NO
353.9825682926703,1566.3865291561356,NO
355.0529514047675,1566.270052170465,NO
356.0151091504822,1566.049395296989,NO
356.96372440448675,1565.8391256179746,NO
357.9865982736866,1565.6745294823204,NO
359.0310461408071,1565.9279842927613,NO
361.0444000447367,1566.656908723659,NO
362.03480463283756,1566.846979634393,NO
362.9742412817291,1567.0710105191783,NO
363.9300527707277,1567.3272760178115,NO
365.0,1567.5000000004902,NO
366.0038897428948,1567.4959422479556,NO
367.00758960152774,1567.4838370660732,NO
368.01091200487605,1567.4637601925428,NO
369.01202643741146,1567.4381059291438,NO
370.0097154535176,1567.412906761418,NO
371.0099053171367,1567.3885932095227,NO
372.0007363465888,1567.3755367798562,NO
372.97427083746766,1567.4060383456451,NO
374.05746781439944,1567.5444624253068,NO
375.04501533206013,1567.692192457277,NO
376.00993554811123,1567.7696759318665,NO
376.9796388202326,1567.7527570890938,NO
377.95497260295787,1567.662294529799,NO
378.9664758189208,1567.5500702161667,NO
380.0086068556357,1567.5122782036594,NO
381.0499482529762,1567.6197968917586,NO
382.03989103843924,1567.8875998354993,NO
382.95491252143125,1568.1223117806053,NO
383.9494406355565,1568.4028949353146,NO
385.0,1568.5000000004902,NO
386.0,1568.5000000004902,NO
387.0,1568.5000000004902,NO
388.000978434311,1568.499001524631,NO
389.00627329260834,1568.4917296022272,NO
390.0091224345618,1568.4825287862461,NO
391.0527224019743,1568.5734278522548,NO
392.0508331710506,1568.77735514843,NO
393.0035742946427,1568.986694231562,NO
393.94804993108136,1569.194812752436,NO
394.95219729108527,1569.4132098564053,NO
396.0057857375472,1569.4917877047965,NO
397.0156020924619,1569.4680628052613,NO
398.0069817157014,1569.4450843471493,NO
398.98490238033366,1569.4529286203783,NO
399.98674212230094,1569.4829655390956,NO
400.99902159171285,1569.4989882524803,NO
402.0123805039687,1569.4856966926259,NO
403.0274677293945,1569.4377669339567,NO
404.0146063996,1569.3920665235794,NO
404.9951364183975,1569.38122995309,NO
405.9857731619878,1569.4085134647362,NO
407.0585148251412,1569.527914272618,NO
408.0477072645511,1569.6964359551994,NO
409.02500209395146,1569.8712013388106,NO
409.9787031028839,1570.0719299196921,NO
410.93750601863667,1570.2924030239735,NO
411.97877409875724,1570.470661280643,NO
413.0,1570.5000000004902,NO
414.0,1570.5000000004902,NO
415.00097844932014,1570.4990091792934,NO
416.00291195641586,1570.4950326063738,NO
417.00382817617515,1570.4880924907443,NO
418.0083803757458,1570.4748879365152,NO
419.01240150454356,1570.4517690887953,NO
420.01084731351153,1570.4255484518035,NO
421.0086681631376,1570.401887571821,NO
422.0186844420272,1570.3689261441955,NO
422.95325060106916,1570.4180983957378,NO
424.0687037165236,1570.6951074664057,NO
425.02185399345996,1570.8885446308157,NO
425.98356314214766,1571.0710406561382,NO
426.94650083354634,1571.2598530964626,NO
427.9626323404101,1571.4331251582028,NO
428.9961123638364,1571.4956736397132,NO
430.0,1571.5000000004902,NO
431.0,1571.5000000004902,NO
432.0114537517239,1571.4867844328473,NO
433.0298496195089,1571.4349516078396,NO
434.0246691826875,1571.3700377568914,NO
435.0064703114818,1571.3299858769649,NO
436.0338992920023,1571.2245277851398,NO
437.0132863814129,1571.074462134864,NO
437.9923191785648,1570.936819049653,NO
438.98365345487787,1570.8298624995766,NO
439.9949220648603,1570.764568456921,NO
440.9827157358127,1570.724532041571,NO
441.95490130585284,1570.617466434547,NO
443.0571697145123,1570.4092625551448,NO
443.9766856905005,1570.3533574824087,NO
444.97516234410915,1570.4038121951785,NO
445.9965169332226,1570.4423494799078,NO
447.0034600521995,1570.4411566811168,NO
447.9939063261166,1570.4439676673487,NO
448.9882028517501,1570.4628111991135,NO
449.994328945224,1570.4820396689765,NO
451.0028544543869,1570.4852572611433,NO
451.9990522853815,1570.4833344806452,NO
452.9942351010783,1570.4900164215794,NO
453.99902540656177,1570.4970426794061,NO
454.9990215431752,1570.4990130066683,NO
456.0,1570.5000000004902,NO
457.0,1570.5000000004902,NO
458.0,1570.5000000004902,NO
459.0,1570.5000000004902,NO
460.0,1570.5000000004902,NO
461.0,1570.5000000004902,NO
462.0,1570.5000000004902,NO
463.0,1570.5000000004902,NO
464.0,1570.5000000004902,NO
465.0,1570.5000000004902,NO
466.0,1570.5000000004902,NO
467.0,1570.5000000004902,NO
468.0,1570.5000000004902,NO
469.0,1570.5000000004902,NO
470.0473628927099,1570.4237732495587,NO
471.0417162640408,1570.2954902173335,NO
472.0243372582304,1570.1571139482971,NO
473.003750990693,1570.0298907070776,NO
473.9948315522002,1569.9306339923467,NO
474.97219358591457,1569.8249225820896,NO
475.9559944718814,1569.686422122489,NO
476.96847840063475,1569.5663650372053,NO
477.9908991440952,1569.511906738054,NO
478.99902157682845,1569.5010041564879,NO
480.0,1569.5000000004902,NO
481.0,1569.5000000004902,NO
482.0,1569.5000000004902,NO
483.0,1569.5000000004902,NO
484.0,1569.5000000004902,NO
485.0,1569.5000000004902,NO
486.0,1569.5000000004902,NO
487.0,1569.5000000004902,NO
488.0,1569.5000000004902,NO
489.0,1569.5000000004902,NO
490.0,1569.5000000004902,NO
491.0,1569.5000000004902,NO
492.0,1569.5000000004902,NO
493.0318263312428,1569.450873029869,NO
494.06180412665543,1569.2334822642515,NO
495.0072829649207,1569.026915305756,NO
495.9766528545095,1568.8390939980154,NO
496.97112378492994,1568.711237866597,NO
497.98012283607534,1568.6260148537015,NO
498.9695817727119,1568.559596972993,NO
500.0399797209938,1568.4469642711463,NO
501.02443147692725,1568.3657535694106,NO
501.9959831432352,1568.3414328342285,NO
502.9788274304495,1568.3723451992826,NO
503.9765694209777,1568.4267712553042,NO
504.98517566930553,1568.4725255591582,NO
505.99612611074804,1568.4939209083761,NO
506.99902155443215,1568.4990072656167,NO
508.0,1568.5000000004902,NO
509.0,1568.5000000004902,NO
510.0,1568.5000000004902,NO
511.0,1568.5000000004902,NO
512.0,1568.5000000004902,NO
513.0,1568.5000000004902,NO
514.0,1568.5000000004902,NO
515.0,1568.5000000004902,NO
516.0380021502348,1568.4404794818065,NO
517.0554537146934,1568.2594623276223,NO
518.0154337865218,1568.0605479312383,NO
518.9792344410573,1567.8782708568021,NO
519.9831543004157,1567.7473144949147,NO
520.956779339586,1567.6535376162267,NO
521.9351548757901,1567.5049628449533,NO
523.0047439023872,1567.3992784600919,NO
523.9905538031421,1567.4014633537442,NO
524.9865715587421,1567.4280315816497,NO
525.9938022929131,1567.4515472292974,NO
526.9963715877166,1567.4626225930706,NO
528.0,1567.4666666666667,NO
529.0,1567.4666666666667,NO
529.9972378331387,1567.4695683813018,NO
530.993423457458,1567.4791480980828,NO
531.9932358725843,1567.4928149959928,NO
533.0,1567.5000000004902,NO
534.0,1567.5000000004902,NO
535.0,1567.5000000004902,NO
536.0,1567.5000000004902,NO
537.0,1567.5000000004902,NO
538.0009782956046,1567.4989307843587,NO
539.0384117755343,1567.435333447373,NO
540.0579285743631,1567.2188412884236,NO
541.0047438947305,1567.018754932213,NO
541.976631382198,1566.8367397998343,NO
542.9472672188638,1566.6879977226124,NO
544.0547305112882,1566.4746628063783,NO
544.9984111697094,1566.4011796398734,NO
545.984466309625,1566.4169569606806,NO
546.997411465746,1566.4400508371068,NO
548.0125420611063,1566.4264300919176,NO
549.0293911746102,1566.3655975534305,NO
550.0188500128363,1566.3004220773362,NO
550.9886113504378,1566.2904105616703,NO
551.9650286188592,1566.3497137904599,NO
552.973654983654,1566.4334179956165,NO
554.0009207682327,1566.4695918231903,NO
555.0045445132831,1566.4635403505602,NO
556.0070660463016,1566.4504604225679,NO
557.0141619182949,1566.424857577351,NO
558.0115907555532,1566.3940857020295,NO
559.0058382367721,1566.3721875701267,NO
560.0082836231647,1566.3520539733502,NO
561.0137343693109,1566.318387649833,NO
561.9970283485189,1566.3031084482395,NO
562.9724723832054,1566.3424167113205,NO
563.9808082350121,1566.407824996488,NO
565.0,1566.4352941176471,NO
565.999144566848,1566.436270930273,NO
566.9956662769298,1566.4420397490428,NO
568.0026117783539,1566.4440023342097,NO
569.0116991669489,1566.4261839338621,NO
570.0146545905046,1566.393360068941,NO
571.0092568110553,1566.3631518171785,NO
572.0013687821375,1566.349039455316,NO
572.9944353365091,1566.3547472745768,NO
573.9866235031291,1566.3790007686932,NO
574.9936410473342,1566.405383206198,NO
576.0008093246026,1566.4127555688672,NO
576.9925830472891,1566.4202939671156,NO
577.9878642263142,1566.442088893377,NO
578.9917924339721,1566.4650953862958,NO
579.9943514648545,1566.4801255003365,NO
580.9961562686407,1566.4900757768391,NO
581.998054728607,1566.4960442197473,NO
582.9990215469179,1566.4990110979004,NO
584.0009784568344,1566.4990130115968,NO
585.0009746082973,1566.4970502575115,NO
586.001937641821,1566.4940986788347,NO
587.0,1566.4921568632053,NO
587.997087951398,1566.4950482780082,NO
589.0742921975796,1566.2059186021797,NO
589.9849465842764,1565.965726597143,NO
591.0182368461582,1565.7486272682436,NO
592.0199864609087,1565.9191024183574,NO
592.9666580657399,1566.1205984910166,NO
593.934985088451,1566.3383428887053,NO
594.9932516219457,1566.4916675425159,NO
596.0,1566.5000000004902,NO
597.0395278544447,1566.4382436036267,NO
598.0546653675586,1566.2844830198374,NO
599.0095884732054,1566.1956048475556,NO
599.9666873150414,1566.2327324474418,NO
600.9504315444678,1566.356055084558,NO
601.9769857770085,1566.469490135018,NO
603.0,1566.5000000004902,NO
604.0,1566.5000000004902,NO
605.0048471104022,1566.4944052564279,NO
606.0496297385866,1566.408244622771,NO
607.0341249676896,1566.305328657553,NO
607.9919894790801,1566.2723577204117,NO
608.994202524865,1566.295671224171,NO
609.981149092202,1566.3315159741928,NO
610.9608170987572,1566.3996655896851,NO
611.9972740962264,1566.4634036561858,NO
613.0376860694669,1566.4089339291343,NO
614.0237665967685,1566.3366934571545,NO
614.9859567375719,1566.3255483538617,NO
615.9614345893821,1566.385654083078,NO
616.975235925874,1566.4677658496437,NO
618.0,1566.5000000004902,NO
619.0,1566.5000000004902,NO
620.0,1566.5000000004902,NO
621.0,1566.5000000004902,NO
622.0,1566.5000000004902,NO
623.0009784381805,1566.4990034980874,NO
624.005787154924,1566.49190818182,NO
625.0065761814742,1566.4791217917202,NO
626.0045824205973,1566.467406896578,NO
627.0122974473651,1566.4479784344821,NO
628.0067054966177,1566.4274753817044,NO
628.9837187738364,1566.4370223954168,NO
629.9842790919172,1566.4716272741257,NO
630.9971000074837,1566.492998743389,NO
631.998047024077,1566.4980088749655,NO
633.0,1566.5000000004902,NO
634.0,1566.5000000004902,NO
635.0253906990777,1566.4624734415709,NO
636.0641746173666,1566.2371670695932,NO
637.0004010767985,1566.0011363842266,NO
637.9607827392084,1565.770105703973,NO
638.975091558927,1565.6263733671656,NO
639.9830409150128,1565.5675433360514,NO
640.9899760374605,1565.535252636448,NO
641.9914458950466,1565.5152674088476,NO
643.0539646215044,1565.4217543046523,NO
644.0123501976459,1565.3595671961405,NO
644.9526549680857,1565.3894510679354,NO
645.9898253829416,1565.4717322550214,NO
647.0206825949435,1565.4586140542067,NO
648.0155992758505,1565.4187174129506,NO
649.0106070335027,1565.3863990730715,NO
650.0307419833302,1565.313568227621,NO
651.02472576133,1565.206723576502,NO
652.0103853685318,1565.105930758232,NO
653.001706976291,1565.0348223152955,NO
653.9999153067623,1564.9966774191466,NO
654.9912134595712,1564.9253144038344,NO
655.9659212321503,1564.8002279051082,NO
656.9552784500016,1564.6544243646626,NO
657.973217798228,1564.5447025715744,NO
658.9961115465007,1564.5042221499907,NO
660.0,1564.5000000004902,NO
661.0,1564.5000000004902,NO
662.0,1564.5000000004902,NO
663.0,1564.5000000004902,NO
664.0,1564.5000000004902,NO
665.0,1564.5000000004902,NO
666.0,1564.5000000004902,NO
667.0,1564.5000000004902,NO
668.0,1564.5000000004902,NO
669.0212027283402,1564.4701474467256,NO
670.0644251093082,1564.2671285107983,NO
671.0070268280633,1564.0183427586512,NO
671.9337262527563,1563.7683982043025,NO
672.9563577622768,1563.5149190435975,NO
673.9918238159736,1563.4633170729667,NO
674.9934245379119,1563.4790693793018,NO
675.994212845076,1563.49190818182,NO
676.9990215618195,1563.4990034980874,NO
678.0,1563.5000000004902,NO
679.0,1563.5000000004902,NO
680.0,1563.5000000004902,NO
681.0,1563.5000000004902,NO
682.0009781630135,1563.4988631629155,NO
683.0602996345195,1563.370515818344,NO
684.0384000018706,1563.1132023180653,NO
684.9632350824942,1562.8854065856235,NO
685.9375092719002,1562.633142670195,NO
686.9892334927152,1562.4898726157787,NO
687.9933161892699,1562.486963351768,NO
688.9980547732678,1562.4960328312777,NO
689.9990215469276,1562.499011092977,NO
691.0,1562.5000000004902,NO
692.0,1562.5000000004902,NO
693.0,1562.5000000004902,NO
694.0,1562.5000000004902,NO
695.0,1562.5000000004902,NO
696.0393701306883,1562.4364949271967,NO
697.0563547356395,1562.2336659847294,NO
698.0045318051538,1562.0150171578055,NO
698.9460071612056,1561.7944987309231,NO
699.9495869030716,1561.5712732535012,NO
700.9961723679019,1561.4861092755611,NO
701.9951670360074,1561.4929623226537,NO
702.9990215581845,1561.4990053519475,NO
704.0,1561.5000000004902,NO
705.0,1561.5000000004902,NO
706.0,1561.5000000004902,NO
707.0,1561.5000000004902,NO
708.0212933816883,1561.4721575861495,NO
709.049404874383,1561.3599498060366,NO
710.0355178113056,1561.210628877519,NO
711.0092611251245,1561.0513388422496,NO
711.9733366439775,1560.8795387620435,NO
712.9379409127098,1560.689704558834,NO
713.9605994417021,1560.507998133538,NO
714.9941242547203,1560.4605680094323,NO
715.9925628905938,1560.4741156939529,NO
716.9932898704503,1560.4888808657597,NO
717.9980470836067,1560.497993694899,NO
719.0,1560.5000000004902,NO
720.0,1560.5000000004902,NO
721.0,1560.5000000004902,NO
722.0,1560.5000000004902,NO
723.0,1560.5000000004902,NO
724.059491278793,1560.374574709535,NO
725.0378583007065,1560.1043661241256,NO
725.9578745690725,1559.8721102198344,NO
726.9402497755644,1559.608478787389,NO
728.0009468299171,1559.478149136953,NO
728.9886220595243,1559.4835624549,NO
729.9980471578991,1559.4979747503455,NO
731.0,1559.5000000004902,NO
732.0,1559.5000000004902,NO
733.0,1559.5000000004902,NO
734.02208427106,1559.4692907490855,NO
735.0624357620636,1559.2921306217527,NO
736.0227808689974,1559.084190169955,NO
736.9824048539343,1558.8980281296344,NO
737.9691394275762,1558.7501763195455,NO
738.965938403134,1558.638095536346,NO
739.973338890081,1558.5546283379274,NO
740.9898402334061,1558.5079770116547,NO
741.9990253796516,1558.4970564036187,NO
742.9990215431752,1558.4990130066683,NO
744.0,1558.5000000004902,NO
745.0,1558.5000000004902,NO
746.0,1558.5000000004902,NO
747.0410704723087,1558.4363737646052,NO
748.0484753914186,1558.2978608322276,NO
749.02097865892,1558.1725663874304,NO
750.0059246875885,1558.038247983838,NO
750.9747100952327,1557.879459338524,NO
751.9522788385382,1557.7067735927053,NO
752.9673217465694,1557.5675436545732,NO
753.9903546098788,1557.5090496394444,NO
754.9990215387193,1557.4990152791863,NO
756.0,1557.5000000004902,NO
757.0,1557.5000000004902,NO
758.0,1557.5000000004902,NO
759.0,1557.5000000004902,NO
760.0,1557.5000000004902,NO
761.0141647467913,1557.481601407056,NO
762.0630756726298,1557.3249352715861,NO
763.0314798718775,1557.1305263023232,NO
763.9927230289366,1556.9568458699875,NO
764.9581656310846,1556.794850689396,NO
765.9483149658882,1556.6234376013322,NO
766.9876419930974,1556.5151858845825,NO
768.0009784568248,1556.4990130066683,NO
769.0009746195294,1556.4970559859196,NO
769.9990253804706,1556.4970559859196,NO
770.9990215431752,1556.4990130066683,NO
772.0,1556.5000000004902,NO
773.0,1556.5000000004902,NO
774.0,1556.5000000004902,NO
775.01508204073,1556.4807400668583,NO
776.056022544523,1556.3442349044901,NO
777.0320734556185,1556.0962203638328,NO
777.962101949894,1555.8719999591606,NO
778.9521221864075,1555.6409164061527,NO
779.9805286462067,1555.5271242337876,NO
780.9990216173984,1555.5010248471744,NO
782.0,1555.5000000004902,NO
783.0,1555.5000000004902,NO
784.0009783643104,1555.4989658243571,NO
785.0237659463226,1555.46617816021,NO
786.0491790419719,1555.3483515634648,NO
787.0352670845,1555.1816789136328,NO
788.0007504339806,1555.0034171548984,NO
788.9771003149554,1554.8377938900735,NO
789.9873417621806,1554.7310124526057,NO
790.9726997269677,1554.667462918932,NO
791.9615395283122,1554.5819514208083,NO
792.9840422266138,1554.5130461558215,NO
793.9985309705306,1554.4989803512506,NO
795.0,1554.5000000004902,NO
796.0,1554.5000000004902,NO
797.0,1554.5000000004902,NO
798.0,1554.5000000004902,NO
799.0019517908265,1554.497706675378,NO
800.0624164432845,1554.3701440180155,NO
801.0413623575417,1554.1900432700206,NO
802.0055685152829,1554.043691428412,NO
802.9809432845294,1553.8987612022286,NO
803.9530130462543,1553.7366665325999,NO
805.0987686174848,1553.4157061467201,NO
806.0418200167876,1553.224754643437,NO
807.009772202496,1553.1026584986164,NO
807.9980786974589,1552.9869351428779,NO
808.991518437302,1552.879844527398,NO
809.9820902862606,1552.8014357824545,NO
810.9809395840072,1552.7222625038928,NO
811.9993753521157,1552.681429562443,NO
813.0006248027097,1552.681350601409,NO
813.9895635984798,1552.6673396886774,NO
814.9810607836915,1552.628500001866,NO
815.9861737914022,1552.585213714236,NO
816.9850584345422,1552.551753006192,NO
817.9887671872591,1552.522605473634,NO
818.9961258707892,1552.5060484968726,NO
819.9990215544321,1552.5009927343833,NO
821.0,1552.5000000004902,NO
822.0,1552.5000000004902,NO
823.0067583851713,1552.4923966324716,NO
824.033430571927,1552.437168992379,NO
825.0420056509811,1552.3245891416123,NO
826.0279653655268,1552.192734275065,NO
827.0084379767605,1552.055171384784,NO
827.991306117231,1551.9273134397881,NO
828.9789100502846,1551.8145538946055,NO
829.9652731075681,1551.7048214043637,NO
830.9671487364502,1551.6010917776,NO
831.9826189895467,1551.5334570783125,NO
833.0253336983251,1551.4747722608997,NO
834.0626737888226,1551.2900087048508,NO
835.0214652331452,1551.0739680345623,NO
835.9834581489603,1550.8889954690615,NO
836.9950074362486,1550.787816047285,NO
838.0046200710336,1550.785796702267,NO
839.0045168896888,1550.808032194306,NO
840.0,1550.8196078431372,NO
840.9996443234162,1550.8186049327912,NO
841.9813117867259,1550.7783491027706,NO
842.9634410203477,1550.6892486624647,NO
844.0,1550.6156862745097,NO
845.0066232881796,1550.624680354201,NO
845.9941272903103,1550.6256147815184,NO
847.0058727096897,1550.6256147815184,NO
847.9933758096017,1550.6246292284804,NO
848.9775827614199,1550.591686016798,NO
849.9848743182324,1550.5462295165266,NO
850.9924730324119,1550.5201558473254,NO
851.9971112419711,1550.5089111195416,NO
852.9980547138758,1550.5039520237892,NO
853.9990215469276,1550.500988907023,NO
855.0,1550.5000000004902,NO
856.0,1550.5000000004902,NO
857.0,1550.5000000004902,NO
858.0,1550.5000000004902,NO
859.0,1550.5000000004902,NO
860.0,1550.5000000004902,NO
861.0,1550.5000000004902,NO
862.0,1550.5000000004902,NO
863.0058063880324,1550.4935429960883,NO
864.0313397348065,1550.4439795802944,NO
865.03727329516,1550.3520255727267,NO
866.019238384193,1550.2725437784434,NO
867.0097731940318,1550.216709951035,NO
868.0119143164416,1550.1519075343458,NO
869.0062662199942,1550.0469966488972,NO
869.9912838342549,1549.9283025077711,NO
870.9840778175852,1549.8234714558366,NO
871.973175212374,1549.7317521398083,NO
872.9658576419563,1549.63723744884,NO
873.9747551090766,1549.556038112458,NO
874.9904464998392,1549.5127715045082,NO
875.9990215767112,1549.501004096687,NO
877.0,1549.5000000004902,NO
878.0,1549.5000000004902,NO
879.0,1549.5000000004902,NO
880.0,1549.5000000004902,NO
881.0,1549.5000000004902,NO
882.0,1549.5000000004902,NO
883.0,1549.5000000004902,NO
884.0,1549.5000000004902,NO
885.0,1549.5000000004902,NO
886.0,1549.5000000004902,NO
887.0,1549.5000000004902,NO
888.0,1549.5000000004902,NO
889.0212704262923,1549.471648575203,NO
890.0546568432139,1549.3358432460304,NO
891.0338599971377,1549.1359732144517,NO
891.988010861824,1548.9458897286754,NO
892.970287565409,1548.7738307285676,NO
893.9620304882236,1548.648520760135,NO
894.9613923725187,1548.539964528272,NO
896.0028218864926,1548.4740769201567,NO
896.9949118866703,1548.4713443034275,NO
897.9924089891487,1548.483926910446,NO
898.9970881760333,1548.4950100899978,NO
899.9990215506799,1548.4990091792934,NO
901.0,1548.5000000004902,NO
902.0,1548.5000000004902,NO
903.0,1548.5000000004902,NO
904.0,1548.5000000004902,NO
905.0,1548.5000000004902,NO
906.0,1548.5000000004902,NO
907.0,1548.5000000004902,NO
908.0,1548.5000000004902,NO
909.0,1548.5000000004902,NO
910.0,1548.5000000004902,NO
911.011429740989,1548.4857639766474,NO
912.0576675491401,1548.354342763961,NO
913.037681481119,1548.1392576507915,NO
913.9843299742591,1547.9365737039436,NO
914.9470989535033,1547.7360185410485,NO
915.9566013579679,1547.556617978768,NO
916.993238076792,1547.487824459486,NO
917.9951483731053,1547.4948659386487,NO
919.0,1547.5000000004902,NO
920.0,1547.5000000004902,NO
921.0,1547.5000000004902,NO
922.0,1547.5000000004902,NO
923.0,1547.5000000004902,NO
924.0,1547.5000000004902,NO
925.0,1547.5000000004902,NO
926.0,1547.5000000004902,NO
927.0,1547.5000000004902,NO
928.0,1547.5000000004902,NO
929.0,1547.5000000004902,NO
930.0212898206061,1547.4720786230232,NO
931.0503750815234,1547.3568235106807,NO
932.0353262348739,1547.2070848328945,NO
933.0092814908465,1547.06068666902,NO
933.9818020458432,1546.9052963661532,NO
934.9499073835512,1546.7376592814717,NO
935.960049095603,1546.5748382763788,NO
936.9916783390427,1546.5041268961763,NO
938.0,1546.4960784318364,NO
939.0009707561982,1546.4950856868877,NO
940.0038441467073,1546.4901287337013,NO
940.9990445924276,1546.4872578873617,NO
941.9951665664499,1546.4930102175188,NO
942.9990215581845,1546.4990053519475,NO
944.0,1546.5000000004902,NO
945.0048427924154,1546.4939648217667,NO
946.0712102505299,1546.3213914061812,NO
947.030903401605,1546.1472965796277,NO
948.0017122354056,1546.022980000737,NO
948.9959681032775,1545.9472751997369,NO
949.9918096052053,1545.8771440725757,NO
950.9963618120576,1545.8313203737875,NO
952.0101695927975,1545.8559307674457,NO
952.9939827280037,1545.8665735362026,NO
953.9814624702593,1545.803038748163,NO
954.97626677996,1545.7137716332634,NO
955.9492282263784,1545.6080418986894,NO
956.9611773584943,1545.4866784114458,NO
957.9955957354731,1545.4474732989404,NO
958.9918941358382,1545.4593322808244,NO
959.9972266079205,1545.4714766684453,NO
961.0046403740829,1545.4714620310594,NO
962.0798403171136,1545.6994428308012,NO
962.999286305207,1546.0013622563324,NO
963.9240210270049,1546.296848074168,NO
965.0,1546.5000000004902,NO
966.0009784121495,1546.4989902222583,NO
967.0123590451265,1546.4848548457383,NO
968.0785608905741,1546.6898912201636,NO
969.0011208791183,1546.997918979696,NO
969.9220715068234,1547.2957740466038,NO
971.0,1547.5000000004902,NO
972.0114589796855,1547.4870066212081,NO
973.0220336114689,1547.4494856605538,NO
974.0717106931809,1547.563216676796,NO
975.0315263553551,1547.9437239848146,NO
975.9211810871222,1548.2141818314294,NO
977.0,1548.5000000004902,NO
978.0,1548.5000000004902,NO
979.0019529210806,1548.497994890163,NO
980.0242364082893,1548.5301865475462,NO
981.0626035237733,1548.8399777256427,NO
981.9600334566971,1549.088310353097,NO
982.9521131451223,1549.407038280201,NO
984.0,1549.5000000004902,NO
985.0,1549.5000000004902,NO
986.0019515369372,1549.5023580663992,NO
987.0668937564768,1549.6750874657164,NO
988.0108021031933,1549.97813860004,NO
988.9254003368458,1550.2536388547242,NO
989.9990220538215,1550.498752577083,NO
991.0009784343206,1550.4990015295284,NO
992.0062796721778,1550.4922296623051,NO
993.0736927469459,1550.6861002579958,NO
994.005136606424,1550.989976136708,NO
994.9249529776597,1551.2762600539943,NO
996.0,1551.5000000004902,NO
997.0029231580106,1551.4969368775437,NO
998.0131659226614,1551.4796157484755,NO
999.0686026750313,1551.6177851020402,NO
1000.0215629563352,1551.959754636204,NO
1000.9215434316814,1552.233512755793,NO
1002.0,1552.5000000004902,NO
1003.0,1552.5000000004902,NO
1004.0009784511963,1552.4990101361343,NO
1005.0315936177561,1552.5492347004467,NO
1006.0531016521771,1552.8785043867879,NO
1006.9463013695769,1553.1241551410947,NO
1007.9692234389944,1553.4484584699358,NO
1009.0,1553.5000000004902,NO
1010.0038896922966,1553.4959357966893,NO
1011.0084837050329,1553.4994613806837,NO
1012.0695680602829,1553.835476474399,NO
1012.9570299096991,1554.0881191908747,NO
1013.9612627632874,1554.4294780592045,NO
1015.0,1554.5000000004902,NO
1016.0,1554.5000000004902,NO
1017.0009780883437,1554.5011749186947,NO
1018.067164998134,1554.6725304546583,NO
1019.0119066296476,1554.9757581019185,NO
1019.9263779151612,1555.2492389021497,NO
1020.9961179803302,1555.494957536711,NO
1022.0,1555.5000000004902,NO
1023.0,1555.5000000004902,NO
1024.053679331216,1555.6089077221482,NO
1025.0379793501534,1555.9082015715333,NO
1025.9456247202186,1556.1498994168555,NO
1026.9624057813955,1556.435751183222,NO
1028.0,1556.5000000004902,NO
1029.0009784632741,1556.4990162958422,NO
1030.026682581079,1556.5400646583655,NO
1031.059536451491,1556.8474847049556,NO
1031.9586891605884,1557.093338681873,NO
1032.9539442950113,1557.4120773594486,NO
1034.0,1557.5000000004902,NO
1035.0,1557.5000000004902,NO
1036.011863442085,1557.516446110989,NO
1037.0686977184785,1557.8109884362225,NO
1037.9687735420382,1558.0656077517838,NO
1038.9466163239,1558.388938219107,NO
1040.0,1558.5000000004902,NO
1041.0019529609233,1558.4980050500235,NO
1042.002912938267,1558.4942285359446,NO
1043.074857041685,1558.7133800746815,NO
1043.9979341567412,1559.0040911796398,NO
1044.9271036489802,1559.2977332830512,NO
1046.0,1559.5000000004902,NO
1047.0009784269237,1559.498997757145,NO
1048.008630313872,1559.489051096333,NO
1049.0706551084224,1559.6530204618275,NO
1050.013556845646,1559.9740617571374,NO
1050.9226504055907,1560.2530758559044,NO
1052.0,1560.5000000004902,NO
1053.0009784455679,1560.4990072656167,NO
1054.0038749487526,1560.4940559947192,NO
1055.0533875432327,1560.5973856430874,NO
1056.0308944798307,1560.9396592223634,NO
1056.9249031026009,1561.2010530762668,NO
1057.9990221573034,1561.498699801239,NO
1059.0009784269334,1561.498997762032,NO
1060.0086271296248,1561.4888706556585,NO
1061.0549963136054,1561.5893884189895,NO
1062.0314727954649,1561.939661981864,NO
1062.924452787436,1562.2022586819887,NO
1064.0,1562.5000000004902,NO
1065.0,1562.5000000004902,NO
1066.0004907134532,1562.5000370065825,NO
1067.074709499125,1562.738901867174,NO
1067.9908006276546,1563.0183806703592,NO
1068.930950791639,1563.3212837793747,NO
1070.0,1563.5000000004902,NO
1071.0029235444483,1563.4970025719683,NO
1072.0258226027627,1563.5342709112942,NO
1073.0547052505174,1563.8818038591437,NO
1073.9421722552368,1564.1294118719804,NO
1074.978946843996,1564.4668308428002,NO
1076.0,1564.5000000004902,NO
1077.003890681932,1564.4960619752137,NO
1078.0639544770486,1564.6392679985001,NO
1079.0188893465522,1564.963250298067,NO
1079.9229030605807,1565.2350063305687,NO
1081.0,1565.5000000004902,NO
1082.000978434311,1565.499001524631,NO
1083.0058159191697,1565.4933838053455,NO
1084.0775530670678,1565.7487079105983,NO
1084.9858020571885,1566.027648624939,NO
1085.9318250480926,1566.340203082256,NO
1087.0,1566.5000000004902,NO
1088.0009784391186,1566.4990039765023,NO
1089.0305149759477,1566.546762841123,NO
1090.049133883741,1566.8988063910376,NO
1090.9349931540996,1567.1488392088606,NO
1091.9886282499633,1567.4832993612488,NO
1093.0,1567.5000000004902,NO
1094.003891072893,1567.496111822749,NO
1095.0653776324948,1567.6472404572667,NO
1096.0169746441832,1567.966645156483,NO
1096.9240494375508,1568.239138456386,NO
1098.0,1568.5000000004902,NO
1099.0009784305587,1568.4989996109837,NO
1100.0058389556882,1568.4943649008073,NO
1101.0768911181617,1568.7711738869737,NO
1101.9778026571416,1569.0430019117152,NO
1102.935151284196,1569.3672331841299,NO
1104.0009784263775,1569.4989974785724,NO
1105.0086232453905,1569.4886505490683,NO
1106.045042415614,1569.5567826340748,NO
1107.0401937458705,1569.9243366269427,NO
1107.924696908423,1570.1837688604787,NO
1109.0,1570.5000000004902,NO
1110.0009784418155,1570.4990053519475,NO
1111.0048357814603,1570.4932497043608,NO
1112.0732299305387,1570.6868251783364,NO
1113.0051772103,1570.9898767945035,NO
1113.9249731818118,1571.2761856792897,NO
1115.0,1571.5000000004902,NO
1116.0029232560205,1571.4969535392192,NO
1117.0086435987591,1571.487883149345,NO
1118.0763658989279,1571.806931349406,NO
1118.9643927152565,1572.0687852256794,NO
1119.9497226913475,1572.413254961594,NO
1121.0,1572.5000000004902,NO
1122.003889760168,1572.4959444502972,NO
1123.0362958091719,1572.5514555129369,NO
1124.0465609873963,1572.9055477159443,NO
1124.9332365009814,1573.1570265001212,NO
1125.9886252624053,1573.4834263324644,NO
1127.0009784417557,1573.499005321397,NO
1128.0048356688246,1573.4932382155268,NO
1129.0731642554442,1573.6860815724642,NO
1130.005305708095,1573.989646142176,NO
1130.9246686210868,1574.2760337601383,NO
1132.0,1574.5000000004902,NO
1133.0029235346112,1574.4970008996393,NO
1134.01118507974,1574.5083427990523,NO
1135.0703370724964,1574.8093544743942,NO
1135.9688215467263,1575.0651098301803,NO
1136.946616465297,1575.3889371889295,NO
1138.0,1575.5000000004902,NO
1139.0029237615786,1575.4970394840893,NO
1140.0531842340267,1575.6024971106724,NO
1141.0297994725133,1575.941504740517,NO
1141.9249607383354,1576.2031062640233,NO
1143.0,1576.5000000004902,NO
1144.0048514538496,1576.4948482880586,NO
1145.0126475101745,1576.47732638999,NO
1146.082713986225,1576.7313183294366,NO
1146.988044436442,1577.0221704700655,NO
1147.926663944315,1577.3382921276718,NO
1149.0,1577.5000000004902,NO
1150.006763489779,1577.4927685395885,NO
1151.015485064564,1577.5029793804204,NO
1152.0671667957236,1577.8433828304571,NO
1152.9551697482973,1578.0944336644084,NO
1153.9612278008242,1578.4298656865155,NO
1155.0009784304154,1578.4989995379306,NO
1156.007684781279,1578.48990477482,NO
1157.059855063824,1578.6071763820298,NO
1158.0265285493676,1578.9494011482716,NO
1158.9226882903713,1579.2164727897002,NO
1160.0,1579.5000000004902,NO
1161.00195287163,1579.4979822802711,NO
1162.0095205013172,1579.4855455545176,NO
1163.0118599564923,1579.4643629120917,NO
1164.081106831505,1579.6669442927578,NO
1165.0074947268326,1579.9859041486675,NO
1165.92263100019,1580.2733704614793,NO
1166.9990220104648,1580.498774688913,NO
1168.0,1580.5000000004902,NO
1169.0009784418155,1580.4990053519475,NO
1170.0048327989546,1580.4929454887667,NO
1171.0090699258176,1580.4961152102392,NO
1172.074492686858,1580.7871942465977,NO
1172.9754283951422,1581.0503892340791,NO
1173.9403381020056,1581.3665971964092,NO
1175.0,1581.5000000004902,NO
1176.0,1581.5000000004902,NO
1177.0,1581.5000000004902,NO
1178.0,1581.5000000004902,NO
1179.0195148715377,1581.5260673742118,NO
1180.0585623282807,1581.6788517264843,NO
1181.0287240767348,1581.902984903317,NO
1181.9753860099975,1582.1082166781305,NO
1182.951832416905,1582.2959694799192,NO
1183.9603738826747,1582.4393330399093,NO
1185.0,1582.5000000004902,NO
1186.0,1582.5000000004902,NO
1187.0095735748778,1582.5117476939652,NO
1188.0565156504078,1582.6441607280053,NO
1189.0307429948837,1582.9204115362172,NO
1189.9459358806234,1583.1584638028185,NO
1190.9595281901304,1583.430012976243,NO
1192.0,1583.5000000004902,NO
1193.0009784530725,1583.499011092977,NO
1194.000978468833,1583.4980406125242,NO
1195.0478779910934,1583.5846481959397,NO
1196.051606525613,1583.8305308263757,NO
1196.9828816308786,1584.0542258897842,NO
1197.9446798483946,1584.2849825889546,NO
1198.968032739709,1584.4528695247327,NO
1200.0,1584.5000000004902,NO
1201.0,1584.5000000004902,NO
1202.009577340813,1584.5115556312785,NO
1203.051710473732,1584.6232522555235,NO
1204.0410047749124,1584.8717028494327,NO
1204.9641238034365,1585.101649220384,NO
1205.9413972927002,1585.3644802764659,NO
1206.9951545714762,1585.4942337048228,NO
1208.0,1585.5000000004902,NO
1209.0,1585.5000000004902,NO
1210.0194276840352,1585.528184785127,NO
1211.0664608880031,1585.7841079385412,NO
1211.9807734944154,1586.042083768713,NO
1212.9346909070434,1586.3398738326823,NO
1213.9990218875093,1586.4988373962337,NO
1215.0,1586.5000000004902,NO
1216.0,1586.5000000004902,NO
1217.0,1586.5000000004902,NO
1218.0333294846632,1586.552683246926,NO
1219.0594470094163,1586.790910520392,NO
1219.9823099994326,1587.0415755786737,NO
1220.9304257202157,1587.322571649196,NO
1222.0,1587.5000000004902,NO
1223.0,1587.5000000004902,NO
1224.0058105140356,1587.4938937063746,NO
1225.0075543941552,1587.494862846468,NO
1226.0719536243582,1587.7039285199016,NO
1227.0022058611712,1587.9954768706473,NO
1227.926003157699,1588.2774881500704,NO
1229.0,1588.5000000004902,NO
1230.0,1588.5000000004902,NO
1231.0009784530725,1588.499011092977,NO
1232.0019453415425,1588.496062107922,NO
1233.0330502338045,1588.5480157497743,NO
1234.0566801706948,1588.8558785589523,NO
1234.9569640415236,1589.1001546186815,NO
1235.9538890066056,1589.4125720451846,NO
1237.0,1589.5000000004902,NO
1238.0,1589.5000000004902,NO
1239.0009784455679,1589.4990072656167,NO
1240.0038751033408,1589.4940757047127,NO
1241.0410647088822,1589.5587728071328,NO
1242.0570538733416,1589.8169220673697,NO
1242.975093729501,1590.0608620857083,NO
1243.933618559653,1590.3419649834575,NO
1245.0,1590.5000000004902,NO
1246.004851363821,1590.494839105139,NO
1247.0139446038738,1590.4741165476137,NO
1248.0023424334067,1590.4680181891017,NO
1249.0763838753014,1590.8077507122503,NO
1249.9672698249071,1591.0674807309504,NO
1250.9465447984644,1591.3894593330053,NO
1252.0,1591.5000000004902,NO
1253.0,1591.5000000004902,NO
1254.0,1591.5000000004902,NO
1255.0,1591.5000000004902,NO
1256.01949775387,1591.5264830890296,NO
1257.0610611566024,1591.7034172367814,NO
1258.011375620292,1591.972373493322,NO
1258.9343797591405,1592.2231088189221,NO
1259.9779876080108,1592.467763318869,NO
1261.0,1592.5000000004902,NO
1262.0009784083973,1592.4989883086544,NO
1263.0132658135162,1592.4832546295777,NO
1264.0666795241307,1592.6103666441936,NO
1265.0260466323955,1592.9497820915008,NO
1265.9254830697168,1593.2157751105171,NO
1266.9886064387624,1593.4842263372554,NO
1268.0048518176357,1593.4948853942346,NO
1269.009409716099,1593.4798955085316,NO
1270.0018378245616,1593.4686452769563,NO
1270.986564607154,1593.484633793121,NO
1272.0723293044086,1593.7015309097198,NO
1273.0190558224272,1593.944678397797,NO
1273.9715586205652,1594.1593967360538,NO
1274.9588994774033,1594.3175949672932,NO
1275.9625627585262,1594.4339316755174,NO
1276.996127727313,1594.4937147963346,NO
1277.9990215544226,1594.4990072705295,NO
1279.011876074619,1594.5159312089197,NO
1280.0701553093063,1594.772553815713,NO
1280.982461145763,1595.0368496739768,NO
1281.934499540473,1595.3408697198822,NO
1283.0,1595.5000000004902,NO
1284.0,1595.5000000004902,NO
1285.0038899244687,1595.4959653986193,NO
1286.004776334989,1595.487186164333,NO
1287.0357755216414,1595.5395048451774,NO
1288.0614949937515,1595.805105202564,NO
1288.9766398105005,1596.0545428311505,NO
1289.9341143240524,1596.3428744174732,NO
1291.0,1596.5000000004902,NO
1292.0,1596.5000000004902,NO
1293.0048511703235,1596.4948193683983,NO
1294.0140759640112,1596.476705993734,NO
1295.0805284264084,1596.6903986862212,NO
1296.0007568677156,1596.99858397202,NO
1296.922527352658,1597.2946308362275,NO
1298.0,1597.5000000004902,NO
1299.0,1597.5000000004902,NO
1300.001952975923,1597.4980088749655,NO
1301.0029006181503,1597.493105101175,NO
1302.0278228942416,1597.5316479355706,NO
1303.064589222671,1597.7766932448662,NO
1303.9873606519175,1598.0300627474323,NO
1304.9346127909876,1598.3031588672259,NO
1305.98858323771,1598.4852123819635,NO
1307.0,1598.5000000004902,NO
1308.0,1598.5000000004902,NO
1309.000978447444,1598.499008222454,NO
1310.025325242673,1598.5335550648165,NO
1311.0648525227816,1598.7766682695622,NO
1311.985195430206,1599.033767724473,NO
1312.9325185645982,1599.3157388174518,NO
1313.995156817747,1599.4940045852045,NO
1315.0,1599.5000000004902,NO
1316.0038899240005,1599.4959653389362,NO
1317.0043124240317,1599.4882622538516,NO
1318.0705312611506,1599.6596099953545,NO
1319.0158498590322,1599.967287198625,NO
1319.929028146388,1600.234183992519,NO
1320.9867756899318,1600.4817427182725,NO
1322.0,1600.5000000004902,NO
1323.0,1600.5000000004902,NO
1324.0,1600.5000000004902,NO
1325.0019529210806,1600.497994890163,NO
1326.0364826339521,1600.552420370707,NO
1327.058925324352,1600.8280483228534,NO
1327.9702826162302,1601.072150375935,NO
1328.9407180796911,1601.3556915218526,NO
1329.9941997356866,1601.4930224799482,NO
1331.0,1601.5000000004902,NO
1332.0,1601.5000000004902,NO
1333.0,1601.5000000004902,NO
1334.0009783208118,1601.5010563599549,NO
1335.0331911773198,1601.5545394770006,NO
1336.0590099551787,1601.7910064071243,NO
1336.9822952351813,1602.0416102780673,NO
1337.9304257202157,1602.322571649196,NO
1339.0,1602.5000000004902,NO
1340.0,1602.5000000004902,NO
1341.0,1602.5000000004902,NO
1342.0,1602.5000000004902,NO
1343.0195666570914,1602.524809724964,NO
1344.0436577126054,1602.6161132253808,NO
1345.0323231664063,1602.7252530762717,NO
1346.0129882050992,1602.8107432930888,NO
1347.010685332623,1602.912104522206,NO
1347.9745649130416,1603.0876479364797,NO
1348.9334605973897,1603.3029919372934,NO
1349.9867525616978,1603.4825852467868,NO
1351.0009783208118,1603.5010563599549,NO
1352.0334161288192,1603.5515203911857,NO
1353.0531562102553,1603.7053297243888,NO
1354.0249208461958,1603.8922912590003,NO
1354.9887617035458,1604.0636836799074,NO
1355.9900865710472,1604.1872536600158,NO
1356.9892336216728,1604.2387327328718,NO
1357.9602173361595,1604.3121409066725,NO
1358.9593593746151,1604.42299423927,NO
1359.9912135842985,1604.4959443726323,NO
1361.0200749630187,1604.5346258607624,NO
1362.0508344899117,1604.6676206532914,NO
1363.0244213716935,1604.9367771596776,NO
1363.9403115100404,1605.1759602889604,NO
1364.9683136949582,1605.448889325336,NO
1366.0048512473552,1605.4948272256195,NO
1367.0148399320249,1605.4730228515862,NO
1368.0079966129379,1605.4513643926555,NO
1369.0576324314784,1605.54227464933,NO
1370.0573101260761,1605.8241295530497,NO
1370.9729304734715,1606.0677745704654,NO
1371.9337390944072,1606.3413440468678,NO
1372.9990218909088,1606.4988356625604,NO
1374.0,1606.5000000004902,NO
1375.0,1606.5000000004902,NO
1376.0009784632741,1606.4990162958422,NO
1377.0268491394427,1606.5371936438391,NO
1378.0631785007959,1606.7538217078438,NO
1379.0003684269038,1606.9990094274197,NO
1379.9404195916557,1607.2430880648512,NO
1380.9681357335664,1607.451410445076,NO
1382.0,1607.5000000004902,NO
1383.0,1607.5000000004902,NO
1384.0,1607.5000000004902,NO
1385.0009784121494,1607.5010097777417,NO
1386.0123379249296,1607.515973715822,NO
1387.0176322484217,1607.550377668597,NO
1388.0328084186376,1607.6281712628565,NO
1389.0419304177674,1607.8593124169483,NO
1389.9644671110657,1608.0919886970921,NO
1390.940212424092,1608.3718495817056,NO
1392.0,1608.5000000004902,NO
1393.0,1608.5000000004902,NO
1394.012351557911,1608.5154388834835,NO
1395.0564307328957,1608.6446953938107,NO
1396.0372409361469,1608.8671826669436,NO
1396.9753691117123,1609.0831904200322,NO
1397.9401779202624,1609.3081743391072,NO
1398.9787572002465,1609.4710359867456,NO
1400.0,1609.5000000004902,NO
1401.0,1609.5000000004902,NO
1402.0,1609.5000000004902,NO
1403.0123578866894,1609.5151906006329,NO
1404.0510077205463,1609.628372314548,NO
1405.0404466073878,1609.8702655984864,NO
1405.9701531208584,1610.093962395121,NO
1406.945877558466,1610.3325595731296,NO
1407.9787295737078,1610.471648575203,NO
1409.0,1610.5000000004902,NO
1410.0,1610.5000000004902,NO
1411.009577340813,1610.5115556312785,NO
1412.0520431038321,1610.6208288076045,NO
1413.0428057832494,1610.8382892577406,NO
1413.9772038459464,1611.0653148209333,NO
1414.932126957253,1611.3146840959432,NO
1415.9942257592968,1611.4908104730278,NO
1417.003873714258,1611.4938985966382,NO
1418.0174661853932,1611.4688291964358,NO
1419.0254634389996,1611.4180932353165,NO
1421.037659472256,1611.938680861772,NO
1421.9141338699178,1612.2194356649852,NO
1422.998049179455,1612.4974592535746,NO
1424.0019528270184,1612.4979709042964,NO
1425.0122880177971,1612.4820683889866,NO
1426.0175972161255,1612.4487290078557,NO
1427.0122222602672,1612.415556863025,NO
1427.9995900880565,1612.4095020326722,NO
1429.0912040314977,1612.6769567024776,NO
1430.0102105601268,1612.9772792048916,NO
1430.936467163285,1613.2347952714788,NO
1431.9755438649968,1613.461949221705,NO
1433.0114141074976,1613.4850995532793,NO
1434.0193878743414,1613.4494461745621,NO
1435.0273890152246,1613.3880110523949,NO
1436.0322416920305,1613.298382206665,NO
1437.392643891034,1613.8589972876794,NO
1438.050936526381,1613.9266327081941,NO
1438.9153932867505,1614.2226243698103,NO
1439.981421710866,1614.4737463693868,NO
1441.0,1614.5000000004902,NO
1442.0,1614.5000000004902,NO
1443.0,1614.5000000004902,NO
1444.0,1614.5000000004902,NO
1445.0019524620118,1614.502122172362,NO
1446.0332775989477,1614.5533796078232,NO
1447.0520823203271,1614.7081100835726,NO
1448.021274731868,1614.924651990717,NO
1448.9548642137959,1615.1420941384622,NO
1449.9442083396782,1615.3897773376614,NO
1451.012366890586,1615.4851626291481,NO
1452.0421453325266,1615.4055494225317,NO
1453.038800868336,1615.2910065059577,NO
1455.1278406438923,1615.753732153808,NO
1455.9729135636178,1616.0519972545421,NO
1456.9391700560136,1616.3649796639181,NO
1458.000978433958,1616.4990013445235,NO
1459.0067356030904,1616.490736795148,NO
1460.0146495263914,1616.4669536717813,NO
1461.0152976196862,1616.4334325852424,NO
1462.0054544524494,1616.419153688264,NO
1463.0914298036755,1616.7485002128005,NO
1463.9830151403723,1617.0333607012687,NO
1464.9340499548616,1617.3397426445838,NO
1466.0,1617.5000000004902,NO
1467.000978430676,1617.4989996707852,NO
1468.0076792633524,1617.4895530070328,NO
1469.0205719667972,1617.4561609953482,NO
1470.0248654620566,1617.4021890013414,NO
1471.0963958563686,1617.5331841187153,NO
1472.0319782605618,1617.9485515803674,NO
1472.9131373269736,1618.2357004037797,NO
1473.998056732239,1618.4955332935456,NO
1475.0076790229116,1618.489537678928,NO
1476.0213984605903,1618.4547172769426,NO
1477.0283517459125,1618.3907943159822,NO
1478.0307075401042,1618.3011701056498,NO
1480.1416519437532,1618.762678988809,NO
1480.9628496714718,1619.06627391009,NO
1481.9497281018287,1619.4006041884593,NO
1483.0067595308574,1619.492480103877,NO
1484.0280783047701,1619.447497978933,NO
1485.0370486556408,1619.3565059284126,NO
1486.031594083628,1619.236955621868,NO
1487.0160571723181,1619.1098138141015,NO
1489.135549402279,1619.8716180599774,NO
1489.8918039651433,1620.2282988170562,NO
1491.0086485101513,1620.4900822187724,NO
1492.0324514484178,1620.4355325827985,NO
1493.0355384153513,1620.3419734276451,NO
1494.0277126339954,1620.2316957903686,NO
1495.014783395557,1620.112530321007,NO
1496.0003564756198,1620.0034962032023,NO
1496.997809877152,1619.922563510801,NO
1499.009609662782,1620.9861479444153,NO
1499.931102409721,1621.3055458388028,NO
1500.9971030570614,1621.4924803151396,NO
1502.008583308506,1621.4863874590565,NO
1503.0252561433217,1621.4441597745504,NO
1504.0317563229728,1621.3680846636496,NO
1505.027828943358,1621.2729377144103,NO
1506.020860602388,1621.1541870597177,NO
1507.0029844314563,1621.018790864284,NO
1507.9925889747847,1620.905879977304,NO
1510.2724342282118,1621.450208008422,NO
1511.0311740647594,1621.7979135823696,NO
1511.9979021518855,1621.866262191358,NO
1513.0032199056031,1621.8736806267361,NO
1513.99396659855,1622.0227928507031,NO
1514.939527184289,1622.221878679604,NO
1515.9651277979372,1622.4446205754693,NO
1517.0,1622.5000000004902,NO
1518.0,1622.5000000004902,NO
1519.0,1622.5000000004902,NO
1520.0095915055056,1622.5108332319744,NO
1521.0261891866503,1622.5547838286068,NO
1522.0267364666206,1622.6212333862409,NO
1523.0283911866295,1622.7104098985465,NO
1524.0252215792805,1622.8468689832698,NO
1524.9984623246814,1623.007921357417,NO
1525.971353264472,1623.169881800906,NO
1526.9781038894614,1623.3018112382567,NO
1528.0155613045058,1623.3174506024484,NO
1529.0316523216813,1623.212403745683,NO
1530.0005777734305,1623.1473322290651,NO
1530.970193527954,1623.2082369883262,NO
1531.9552754314032,1623.3341188356922,NO
1532.9501814224188,1623.470192466015,NO
1534.0398817002574,1623.6233394897308,NO
1535.0431123357887,1623.8321580764853,NO
1535.97899868453,1624.059503725284,NO
1536.9420862692095,1624.3076666852025,NO
1538.0094607330077,1624.4386339938142,NO
1539.060987282329,1624.1956195855205,NO
1539.9850110320267,1623.959553579668,NO
1540.9565723876385,1623.708577853324,NO
1541.9769064373693,1623.5793672574657,NO
1543.0069973304687,1623.553920211489,NO
1544.0353751687455,1623.624138835244,NO
1545.041449921508,1623.800571125266,NO
1545.9851255087674,1624.0379710609816,NO
1548.0534366639263,1624.727473007769,NO
1549.008522323923,1624.977124289987,NO
1549.9356153068422,1625.217458242062,NO
1550.974639121525,1625.4619302806004,NO
1552.0,1625.5000000004902,NO
1553.0024432975822,1625.497944064129,NO
1554.0054394495762,1625.4969678962098,NO
1555.0541775255754,1625.6014941871833,NO
1556.0480515715594,1625.8179098293647,NO
1557.0012786954887,1625.9933455646542,NO
1558.0,1626.0980392156862,NO
1559.003647054008,1626.030491762749,NO
1559.968045170428,1625.8746387465635,NO
1560.9337949875764,1625.675340802088,NO
1561.990434111547,1625.5121397016205,NO
1563.0009784120693,1625.5010098185755,NO
1564.0123281603892,1625.5163567862533,NO
1565.0303370690297,1625.5702248516684,NO
1566.024410960963,1625.6338355691503,NO
1566.9831328014661,1625.641572039512,NO
1567.9615135726422,1625.5823813366474,NO
1569.0478376331955,1625.4419494976155,NO
1570.0570543407866,1625.2327817092669,NO
1571.0114279797683,1625.056585143511,NO
1571.991084698259,1624.9125614634688,NO
1572.964432698471,1624.7903183423657,NO
1573.9443374610223,1624.6403343768784,NO
1574.9829303581014,1624.5192050853307,NO
1576.0316825027924,1624.448835460136,NO
1577.0595795832057,1624.174629817964,NO
1577.9747929540902,1623.9350727568242,NO
1578.947265124484,1623.663815176825,NO
1579.980546396442,1623.5275553109568,NO
1581.0355130874261,1623.4467634156993,NO
1582.0581294134724,1623.257791315003,NO
1583.0148320670194,1623.060514833142,NO
1583.971541162747,1622.8680544865801,NO
1584.945185083399,1622.685892060441,NO
1585.963644379418,1622.5264326567037,NO
1587.0569788591104,1622.3395406655343,NO
1588.0309971967893,1622.092447779286,NO
1588.967287110658,1621.873609287818,NO
1589.9631998865066,1621.6707358274164,NO
1590.9677107097136,1621.5666437499444,NO
1591.9904113852688,1621.5109806614587,NO
1593.0364270593032,1621.442328601818,NO
1594.0582017126508,1621.2337234088805,NO
1595.0026577908218,1621.0079574094614,NO
1595.9271742036933,1620.7638218913294,NO
1597.050474771098,1620.3946961517436,NO
1597.9974614187925,1620.322399812763,NO
1598.9672584002185,1620.3630046932303,NO
1599.9706138924296,1620.4407916333055,NO
1601.0645482575442,1620.3105623822614,NO
1602.0085546159169,1620.01780756862,NO
1602.9296790861233,1619.743830958854,NO
1603.9904455681326,1619.512723987466,NO
1605.0470385460367,1619.4136147920522,NO
1606.0489158372282,1619.1409439352137,NO
1606.9035693431604,1618.8681789641073,NO
1609.0216728688263,1617.7882727481285,NO
1609.996064796659,1617.8175496595784,NO
1610.9552870204582,1617.7408679566242,NO
1612.9849568169172,1616.9673468697247,NO
1613.9640849613925,1616.6817615284438,NO
1614.9836820720598,1616.583892840624,NO
1615.984866227512,1616.5459867948969,NO
1616.9924730094108,1616.5201543810076,NO
1618.0820191904222,1616.315290489764,NO
1619.0198464006241,1616.2057545147206,NO
1619.943103892255,1616.2446292521956,NO
1620.9620155057326,1616.412172155566,NO
1622.0233695973789,1616.4414257330227,NO
1623.0575951138846,1616.2532198924478,NO
1624.006333964966,1616.018348535571,NO
1624.9412146490974,1615.784453724455,NO
1625.9622953857324,1615.558066844881,NO
1627.0438801686807,1615.429519319678,NO
1628.045522148655,1615.2866209292495,NO
1629.022939182256,1615.1026226554823,NO
1629.9716703492952,1614.9011869523522,NO
1630.9436868669761,1614.6811031507366,NO
1631.9744911059656,1614.531100137408,NO
1633.0233471586364,1614.466485400897,NO
1634.0476953574625,1614.3525308997569,NO
1635.0362175550342,1614.1793296445019,NO
1635.9913448323157,1613.972061004709,NO
1636.9321900975658,1613.742965630625,NO
1639.0123752348543,1613.0264074054212,NO
1639.9315911330443,1612.7598613016798,NO
1641.0199625014466,1612.5062285277725,NO
1642.0335623819253,1612.4380774089386,NO
1643.0389736357101,1612.3366515668054,NO
1644.0044023474245,1612.2795490562512,NO
1644.9592198313098,1612.3199674833306,NO
1646.0405909207423,1612.2915685704145,NO
1646.9632838077987,1611.9584788435677,NO
1647.8939218945013,1610.9267075080065,NO
1650.0166835649725,1609.5745690963734,NO
1651.04406221003,1609.9077050807375,NO
1651.9324789572458,1610.1519597728338,NO
1653.0348324049676,1610.4537143965592,NO
1654.0466118253062,1610.3187748264563,NO
1655.023245274614,1610.0651378594737,NO
1655.9231042243416,1609.8220517348248,NO
1657.938468162491,1608.8484215672092,NO
1659.9355172032417,1607.9101737241979,NO
1661.790311817521,1606.6564305782172,NO
1662.8692515038654,1605.8716349426095,NO
1664.998174702982,1604.5363745837703,NO
1666.9965413663415,1603.9896240986986,NO
1667.983058559712,1603.7823676440528,NO
1668.9286233004925,1603.6606969602424,NO
1669.9690304675173,1603.4874008311117,NO
1671.8871279462326,1602.8712350400865,NO
1672.9066382770347,1601.9068882413294,NO
1673.9413268766143,1600.9024162543087,NO
1675.93874013307,1599.8772390930149,NO
1677.9402250747394,1598.876319356286,NO
1679.9467546006115,1597.892444292162,NO
1680.997313650277,1597.5433205326271,NO
1681.987805141037,1597.5244004951223,NO
1683.026515678606,1597.4617385646511,NO
1684.0599468210187,1597.1561691542438,NO
1684.9485057396657,1596.9011922003067,NO
1686.0617270373418,1596.10854640851,NO
1688.0256597271155,1595.437985001936,NO
1689.0344524095995,1595.0505527189346,NO
1689.8252909989128,1594.7101153714825,NO
1691.9446214331604,1593.9170451678062,NO
1693.9865222315832,1592.9731567778733,NO
1694.7001320054837,1592.640708646628,NO
1695.949999508709,1590.942220082018,NO
1698.0135382942847,1590.4902796495435,NO
1699.0,1590.475397598886,NO
1700.0619158343566,1590.1256006863516,NO
1700.9315129067509,1589.870008814576,NO
1702.9475129802254,1588.8974959410818,NO
1704.9521957194,1587.9079561960539,NO
1706.9562726042657,1586.9080279135019,NO
1708.9811038151863,1585.9640789030527,NO
1710.9154003954948,1584.9171498706423,NO
1712.9334716531891,1583.5923006461123,NO
1713.9758233316925,1583.4773706918957,NO
1715.091926211344,1583.189675809243,NO
1715.9213026075543,1582.895349217072,NO
1716.59645615119,1582.967803528681,NO
1718.0479833373627,1582.1100931530457,NO
1718.9182291740829,1581.8589838989672,NO
1720.6378285612413,1580.6918168433826,NO
1721.9311053466536,1578.9375751494626,NO
1723.8789436546676,1577.6971895761644,NO
1724.9855416472947,1576.9811932713492,NO
1725.4154155780277,1576.4131364740358,NO
1725.9784297436886,1575.983766713775,NO
1726.9276974915267,1573.9657136909925,NO
1727.8706332541028,1572.8822908327509,NO
1728.8707897105282,1571.870111443671,NO
1729.8848862270602,1570.872835750804,NO
1730.9337014414511,1569.9088394761166,NO
1731.9880963012865,1568.9862068245764,NO
1732.9575784372528,1567.9679202623736,NO
1733.889444656162,1566.9134897907982,NO
1734.8680114749316,1565.8770220679728,NO
1735.8632990263245,1564.8654266679825,NO
1736.8633297990586,1563.8633297990586,NO
1737.8633297990586,1562.8633297990586,NO
1738.8633297990586,1561.8633297990586,NO
1739.8633297990586,1560.8633297990586,NO
1740.8633297990586,1559.8633297990586,NO
1741.8633297990586,1558.8633297990586,NO
1742.8748421082441,1557.8635573803895,NO
1743.9024030295443,1556.890169421053,NO
1744.9029894120729,1555.9069846996676,NO
1745.8772013484972,1554.8908794210352,NO
1746.8633294255467,1553.8692716259063,NO
1747.8664702367485,1552.863290953959,NO
1748.8999943032015,1551.8732865560576,NO
1749.9872696923183,1550.9742576281826,NO
1751.95066057706,1549.9411885426211,NO
1752.7536686185874,1548.867891064142,NO
1754.977794858243,1547.73663669601,NO
1755.9759619790702,1547.659461367193,NO
1756.9867704922362,1547.6031147404592,NO
1757.9991830723277,1547.5833668653538,NO
1759.0,1547.5823529411764,NO
1759.9721518985002,1547.5448433270913,NO
1761.0623539452226,1547.342774437579,NO
1762.0173757042771,1547.0379580831068,NO
1762.893806337072,1546.768640710831,NO
1765.0016193790202,1546.004746455888,NO
1765.913979369152,1545.7696867108154,NO
1767.9436639985145,1544.9223232343932,NO
1770.0923488946855,1545.9076511053145,NO
1771.0,1546.0,NO
1771.833363454983,1545.833363454983,NO
1772.0,1545.0,NO
1771.8669338470738,1544.1330661529262,NO
1771.9255923623466,1540.874427969937,NO
1773.9571439875688,1539.7998040750033,NO
1774.784370139156,1539.500158868783,NO
1775.9438317820295,1538.922305156748,NO
1776.932534729126,1537.9473001194895,NO
1777.2198738081445,1537.034490009966,NO
1777.126280786091,1535.9601348891122,NO
1776.9611420336714,1535.0060953674167,NO
1777.9244142362977,1532.769629052411,NO
1779.0111493884135,1532.010628540447,NO
1780.062911565842,1531.140038730574,NO
1781.9348177225022,1530.6463514726936,NO
1783.022839305771,1530.465921823825,NO
1784.0645834103148,1530.2045809892757,NO
1784.961729896499,1529.9339611629,NO
1785.5268716160467,1529.3602620904617,NO
1786.0072322085748,1529.0056493737115,NO
1786.874590913484,1527.9046414932407,NO
1787.633311320421,1525.991075301956,NO
1789.03805991835,1524.0543713102331,NO
1789.7798392352643,1523.7396772524335,NO
1790.720014337694,1522.7632098688855,NO
1790.913798181571,1521.981441460119,NO
1790.9360621992091,1521.0100294591934,NO
1790.8026343040906,1520.03637720665,NO
1791.878692682484,1517.5765517540606,NO
1793.9661143301387,1516.9006799302533,NO
1794.7407090560016,1516.5522402600725,NO
1795.7553402748083,1515.8084298377623,NO
1796.0585066674585,1515.03816201667,NO
1797.803067228849,1513.5434996863582,NO
1798.9438317820295,1512.922305156748,NO
1799.9401085746144,1511.9532163597576,NO
1800.733689360978,1510.8421977766732,NO
1800.9225958394736,1509.9857333508232,NO
1800.9302408921635,1509.0126898482265,NO
1800.7142601942057,1508.1232672357535,NO
1799.9103685938376,1507.1433748971137,NO
1800.0267399907725,1503.231142292942,NO
1800.9737198566906,1503.2271673402981,NO
1802.0156802091367,1503.258723445443,NO
1803.0128339367875,1503.0387828427556,NO
1804.00342172388,1502.9473054491032,NO
1805.0,1503.0254901960784,NO
1805.9619272014284,1502.88840731126,NO
1806.9917176521967,1502.67036255215,NO
1808.100411234339,1502.5156922637007,NO
1809.0569847926201,1502.1457677319459,NO
1810.8864951699127,1501.613258073266,NO
1812.6798749800084,1500.677737264428,NO
1812.9550323560652,1499.9795078091959,NO
1813.0660451755602,1498.9896399722072,NO
1812.886400393857,1498.0424425546348,NO
1813.916258517106,1494.7741930133002,NO
1815.9770821826637,1493.949182233652,NO
1817.921459100057,1492.921459100057,NO
1820.0,1494.0,NO
1820.8333634903518,1493.8333634903518,NO
1821.0,1493.0,NO
1820.8669503293847,1492.1330496706153,NO
1818.137984518024,1489.938011276914,NO
1819.8391586117773,1487.7443601530454,NO
1820.8365839945232,1486.8621820195033,NO
1821.1022416280337,1486.030518356878,NO
1822.0600012242253,1484.4930238317029,NO
1824.0198962799218,1483.4227959384837,NO
1825.0360747029733,1483.3285374804539,NO
1826.0324846912622,1483.1227199489717,NO
1826.9665926540476,1482.9020819141658,NO
1827.8864951699127,1482.613258073266,NO
1829.9161199098312,1481.773819261965,NO
1832.0242645710916,1481.2209809199728,NO
1833.0021536289075,1481.0063123607758,NO
1833.9400805025484,1480.762597427128,NO
1835.025077351429,1480.0187834266148,NO
1835.3411764705882,1479.0,NO
1835.125232747858,1477.9604657403975,NO
1834.8846075933538,1477.0530780467457,NO
1834.0665886224826,1475.0072065609418,NO
1834.0408805031448,1474.0,NO
1835.8376077347932,1471.741257117966,NO
1836.9647335465395,1470.9390143619944,NO
1838.9584139467038,1470.2618381072018,NO
1840.1159887374645,1470.5951173562012,NO
1841.041075955372,1470.7817839939103,NO
1841.9604519600643,1470.785430846881,NO
1842.998771139669,1470.686640606441,NO
1844.0429721058358,1470.7717106948865,NO
1844.8664313656896,1470.6712451097624,NO
1845.9369812511425,1469.9510342097756,NO
1846.7838656005829,1468.8286221308697,NO
1846.8970913499738,1467.9766342676862,NO
1846.8825184644063,1467.0274708074296,NO
1846.5374124613043,1466.2608126910127,NO
1847.859340765326,1463.8060733580298,NO
1848.9622747040203,1462.9272152220576,NO
1851.0315247252975,1462.118217716219,NO
1851.965391038259,1461.897380404365,NO
1852.8868413137204,1461.6087465298322,NO
1854.9894044790005,1461.091588401791,NO
1855.9701661744816,1461.1901906330181,NO
1857.0315088557986,1461.1172957410927,NO
1857.9935370359344,1460.9587986050922,NO
1859.0,1460.8686274509803,NO
1859.953138065075,1460.7810909630361,NO
1860.6775592161778,1460.4795820495708,NO
1861.4795822323504,1459.6775593294242,NO
1861.7654384843731,1458.9497873334349,NO
1861.7655418071238,1458.0501905482274,NO
1861.4002229683424,1456.8893552029976,NO
1861.2337736893394,1455.9743307326937,NO
1861.6711947891513,1453.8861665374366,NO
1862.7415272366766,1452.5828261421027,NO
1864.9609806499377,1452.1463225582202,NO
1865.9641366027822,1452.326613088711,NO
1866.979369474469,1452.4208627082764,NO
1868.0629941084494,1452.239753704056,NO
1868.9836488585606,1451.9672977171215,NO
1870.9031335674244,1450.9094647056722,NO
1871.577592758624,1448.9134939403134,NO
1872.8896002044555,1447.6182855728289,NO
1874.0405114285813,1447.0726499283896,NO
1874.5235025104016,1446.6475986746289,NO
1874.917256858291,1445.9788947592438,NO
1875.0254901960784,1445.0,NO
1877.0628351051373,1443.1990428797046,NO
1878.001256787949,1443.004819262189,NO
1878.8956999754214,1442.7432844671268,NO
1879.9589635828524,1441.9591775927515,NO
1880.7916597878436,1440.8793533105686,NO
1882.9852860209544,1439.9201688369903,NO
1883.9191501826485,1439.7602708909376,NO
1885.8032211509046,1438.8459208763657,NO
1886.021568627451,1438.0,NO
1885.8741778953697,1437.04666166347,NO
1885.5074580876717,1436.305169335811,NO
1884.780154686341,1435.262419694595,NO
1883.7574228999586,1434.141714608484,NO
1882.6520537729084,1432.075458215047,NO
1882.4955259915243,1430.937153067279,NO
1882.691780170011,1429.9216515514165,NO
1882.8359522811056,1428.9865477371673,NO
1883.9533940909712,1426.9145390537674,NO
1886.0254271568615,1426.2315687548858,NO
1887.0,1426.1823529411765,NO
1888.0135690451464,1426.0865026606887,NO
1888.963932933439,1425.8942861811186,NO
1889.934819506981,1425.646361154441,NO
1891.0,1425.5000000004902,NO
1892.0,1425.5000000004902,NO
1893.0595177246344,1425.3657113119273,NO
1894.021174792064,1425.042349584128,NO
1894.8595191766613,1424.7610435173688,NO
1895.8560396099124,1423.8865253427914,NO
1896.147686357481,1423.0668104980414,NO
1896.8863656503108,1421.9480839897008,NO
1897.1435881917685,1421.0558226223266,NO
1897.508347645954,1420.0684314127025,NO
1898.9155966126482,1417.9096942790018,NO
1899.9458123966947,1415.9729061983473,NO
1900.2097779334204,1415.074450599276,NO
1900.4986057730605,1413.9990223416723,NO
1900.1234151455735,1412.9382924272134,NO
1899.8633355554657,1412.0864373428822,NO
1898.6576809396095,1410.3446281350118,NO
1896.6529411764707,1408.0,NO
1899.0,1406.5000000004902,NO
1900.0,1406.5000000004902,NO
1901.0009776596592,1406.4986064522172,NO
1902.0614723528204,1406.1225838077144,NO
1902.8504695023594,1405.8504695023594,NO
1903.553271351801,1404.741799031143,NO
1903.948225794805,1403.976678743815,NO
1904.813671112932,1402.8575947966121,NO
1905.6866839162196,1400.9020887213728,NO
1905.7764705882353,1400.0,NO
1905.6240283749482,1399.2639173357275,NO
1906.9433084338514,1396.6144973548344,NO
1908.8538584237658,1395.8538584237658,NO
1909.8588414108456,1394.8588414108456,NO
1910.8323904746221,1393.8446599366805,NO
1911.8166837399372,1392.8166837399372,NO
1912.8143835009403,1391.8154306912284,NO
1913.8420607774553,1390.8290671934878,NO
1914.6919218795247,1389.7831743757222,NO
1915.0110746822843,1389.0055536435802,NO
1915.3129059140608,1388.0699436762568,NO
1915.6492233135834,1386.9360348438488,NO
1916.7621231123687,1384.8108171362926,NO
1918.7297503005743,1383.4895283474418,NO
1919.3217921007665,1382.6746375201428,NO
1919.6098039215685,1382.0,NO
1919.5447661405542,1381.0647709119164,NO
1918.828709676977,1379.122578389874,NO
1917.96625276458,1378.01687361771,NO
1917.9555085836005,1374.8528605265815,NO
1919.9521206630352,1373.9522458390263,NO
1920.3027713634408,1373.0664909628647,NO
1920.1713715729647,1371.9334675107696,NO
1919.9034220391559,1371.075216134616,NO
1921.9930824658643,1367.9854482501644,NO
1922.6202341605613,1367.4893398386803,NO
1923.0501676589647,1367.0304046417968,NO
1923.3603216484466,1366.039564729189,NO
1923.4015690733536,1364.9771656807948,NO
1923.1469882798629,1363.9512921173427,NO
1922.9078809824437,1363.053062132657,NO
1922.8500529927273,1361.760948928392,NO
1924.9364714540284,1359.651617627632,NO
1926.0,1359.5000000004902,NO
1927.0009776596592,1359.4986064522172,NO
1928.0617012965347,1359.1234025930696,NO
1928.9129586437696,1358.8631369957009,NO
1929.9830437791472,1357.9830437791472,NO
1930.6175678277061,1356.888627885775,NO
1931.9873292669201,1354.9818500311364,NO
1932.699620228044,1354.5143519768221,NO
1933.8438616052158,1353.8324742322693,NO
1934.8538040051026,1352.8538040051026,NO
1935.775415571612,1350.924698161748,NO
1936.6142608883742,1348.888729105637,NO
1937.7214900510414,1346.8254950275507,NO
1938.033135133188,1346.0180067695483,NO
1938.9266092876146,1343.9675179478345,NO
1939.8763454069356,1342.8590661558044,NO
1940.929603254424,1341.929603254424,NO
1941.8608833532662,1340.8910415137138,NO
1942.8297425247276,1339.8430960581532,NO
1943.7307834763878,1338.7720251546323,NO
1944.6641015324483,1337.6663521166226,NO
1945.0338129574466,1337.0262727872453,NO
1945.6539611856897,1336.454051111849,NO
1946.906635788696,1334.9233079705718,NO
1947.8296525278186,1333.8653404266533,NO
1948.809203295194,1332.8086620279691,NO
1949.0869161484607,1332.0474088063736,NO
1949.4559007947882,1331.0259237699436,NO
1949.1819097615974,1329.928771349271,NO
1948.8868864548765,1329.113410044943,NO
1946.9529700083938,1328.42410229993,NO
1945.9527666092395,1328.2590218377654,NO
1944.9909653073312,1328.0272644562242,NO
1942.9230775189492,1327.1573414389877,NO
1940.9231625815266,1326.2060073552218,NO
1943.0,1322.5000000004902,NO
1944.0,1322.5000000004902,NO
1945.0,1322.5000000004902,NO
1946.0,1322.5000000004902,NO
1947.0,1322.5000000004902,NO
1948.0,1322.5000000004902,NO
1949.0,1322.5000000004902,NO
1950.0,1322.5000000004902,NO
1951.0009776596592,1322.4986064522172,NO
1952.061433094033,1322.1228661880662,NO
1952.8528026153688,1321.8524167730016,NO
1953.7469214156881,1320.803822759293,NO
1954.0386328148222,1320.0192406570156,NO
1954.3588841686076,1319.060517723549,NO
1954.4988579616454,1318.000978152815,NO
1956.802690273661,1315.7461259427887,NO
1957.8578422106086,1314.8574695783223,NO
1958.8538583467666,1313.8538583467666,NO
1959.1238501892665,1313.0619250946334,NO
1959.5000000004902,1312.0,NO
1959.5000000004902,1311.0,NO
1959.2111256987976,1309.9254850451282,NO
1958.9417776901785,1309.0315762111254,NO
1958.4343816479136,1308.3230965099135,NO
1958.7506053799484,1304.88755926914,NO
1958.9596048799542,1303.98661416564,NO
1958.9597965637824,1303.0133223155992,NO
1958.7615779760772,1302.0879661893923,NO
1958.4450980392157,1301.0,NO
1958.76935236395,1299.9149021835237,NO
1959.0404889605188,1299.0202444802594,NO
1959.3580704701078,1298.060380511643,NO
1959.3870930940363,1296.9362434902564,NO
1960.95698191862,1294.871700459891,NO
1962.9284834899408,1293.9171860988256,NO
1963.9017431285674,1292.9192889998196,NO
1964.1855028056063,1292.0723824674717,NO
1964.5000000004902,1291.0,NO
1964.614094350561,1289.9432491685163,NO
1964.8738403152804,1288.9576993995495,NO
1965.1112534758709,1288.0449314643463,NO
1965.8791865283695,1285.9484260433494,NO
1966.1250660115063,1285.0626558614542,NO
1966.9687498418043,1282.9687498418043,NO
1969.0692941652353,1282.3127435873266,NO
1969.947413370828,1281.9472755276895,NO
1970.3142412149973,1281.0700027042274,NO
1970.5000000004902,1280.0,NO
1970.114911472727,1278.9373210173585,NO
1969.8420827281059,1278.1326188936227,NO
1971.8330777034819,1274.819345086334,NO
1972.083272524756,1274.0454213753408,NO
1972.1775077348316,1272.937350209256,NO
1971.9189933442865,1272.0634457686617,NO
1970.9457668738028,1271.0658489001394,NO
1968.9738309521617,1270.0523380956768,NO
1968.8040333158335,1266.7488869300898,NO
1969.9368598110266,1265.874090311676,NO
1971.9730917378856,1264.945971600315,NO
1973.9388411797083,1263.9219132874623,NO
1974.9850082700173,1262.9775735465525,NO
1975.694956256598,1262.5095781682369,NO
1976.9314440714993,1261.8459756654304,NO
1978.931983058245,1260.9171967651705,NO
1979.920000550978,1259.9342861679768,NO
1980.5806217091765,1258.817270893023,NO
1981.7491957796612,1257.5649314731456,NO
1982.8899993132493,1256.8595526865251,NO
1983.9487290175964,1255.9377476823286,NO
1985.4496264559652,1254.6496944201328,NO
1986.8058133391487,1253.7494893646,NO
1987.8524167730016,1252.8528026153688,NO
1988.1228661880662,1252.061433094033,NO
1988.498606456043,1251.0009776596667,NO
1988.498606456043,1249.9990223403333,NO
1988.1139569327859,1248.9378416754878,NO
1987.8994486881786,1248.0839603498996,NO
1988.9546976533104,1245.9063751543079,NO
1989.6697520934251,1245.4218622889277,NO
1990.8423318127857,1244.8298784649533,NO
1991.9376072317627,1243.8752144635253,NO
1994.0204667180622,1243.0409334361243,NO
1994.8062612373935,1242.7517418042478,NO
1995.7483622230397,1241.804939620332,NO
1996.0389559938012,1241.0194779969006,NO
1996.36054769187,1240.0607982392412,NO
1996.5000000004902,1239.0,NO
1996.6139738106128,1237.9432314420533,NO
1998.962061882443,1235.7420208037217,NO
1999.9272122450277,1235.5655062499666,NO
2001.016055991137,1235.016055991137,NO
2001.6048062283014,1233.9137759027128,NO
2001.6823529411765,1233.0,NO
2001.6073408908603,1232.0837462085083,NO
2001.0255569624462,1230.9744430375538,NO
2001.9406453463089,1227.944904808391,NO
2004.0,1226.4673946679195,NO
2005.000978152815,1226.4988579616454,NO
2006.060517723549,1226.3588841686076,NO
2007.0192406570156,1226.0386328148222,NO
2007.8037970092894,1225.746888196878,NO
2008.8552220434246,1224.8552220434246,NO
2009.1277870586616,1224.075028502072,NO
2009.597537047519,1222.9931785943306,NO
2009.6402998286844,1221.9722746307407,NO
2010.946668730162,1219.9456459383375,NO
2011.9752361250812,1218.9648917210507,NO
2012.6743497230054,1218.4331273172504,NO
2013.8058374115872,1217.8058374115872,NO
2014.0859529712802,1217.0468834370233,NO
2014.4540553517309,1216.026709138437,NO
2014.119806988187,1214.9400965059065,NO
2013.8800411476675,1214.093704762498,NO
2013.836746646332,1211.00049321254,NO
2015.9112510737973,1208.7612460929183,NO
2017.0385486055386,1208.0468050332818,NO
2017.436894636112,1207.6781113974225,NO
2017.9405139941618,1206.9675530890097,NO
2018.2097738494208,1206.0740378315472,NO
2018.498039216152,1205.0,NO
2018.371544933023,1203.9395328821074,NO
2018.158670719859,1202.949598711348,NO
2018.5537164795458,1200.8110428058376,NO
2018.781808614493,1199.956455872167,NO
2018.9684669999415,1198.9890096711515,NO
2020.6164998293168,1197.6904647488466,NO
2021.0522314619654,1196.3171195898199,NO
2022.0134332188086,1196.0301803597936,NO
2022.8040582108342,1195.7489188307168,NO
2023.853722477705,1194.854104906431,NO
2024.1123000960972,1194.062135585583,NO
2024.4092207616015,1192.9267710205647,NO
2024.0461222715032,1191.974480570829,NO
2023.7730962824678,1191.0751896658587,NO
2023.0140511146565,1188.9929537587893,NO
2022.7315860397032,1188.075219250455,NO
2022.497130819296,1187.0009747662616,NO
2022.4990130066683,1186.000978456825,NO
2022.5000000004902,1185.0,NO
2023.7711211920248,1182.7278928056032,NO
2024.8137143424728,1181.8131858725446,NO
2025.7285778128974,1180.7723431971237,NO
2026.6630224503922,1179.6630224503922,NO
2027.6625354544258,1178.6625354544258,NO
2028.0357020200677,1178.0292493373122,NO
2028.928335537985,1176.9587200418428,NO
2029.1943754729507,1176.0510712010528,NO
2029.4068056595286,1175.0231320858616,NO
2029.3757493452529,1173.958741249237,NO
2029.3138646224008,1172.982768216589,NO
2029.7390884298457,1171.8736950804976,NO
2030.6143974590866,1169.8887685010336,NO
2030.9299248112115,1168.9689470733827,NO
2031.1254901960785,1168.0,NO
2030.995823549984,1167.001089152622,NO
2030.8647058823528,1166.0,NO
2030.9477075523866,1164.99220740026,NO
2031.0731730845112,1164.0109042239435,NO
2031.0683882394605,1162.9898088117625,NO
2030.8921729064741,1162.0357309400697,NO
2030.6823529411765,1161.0,NO
2030.9004610968989,1159.967015538813,NO
2031.66159578037,1158.3218319017765,NO
2032.7638186338454,1156.7765469593392,NO
2033.8143494415247,1155.8143494415247,NO
2034.723556808573,1154.7681318030445,NO
2035.6175678277061,1152.888627885775,NO
2036.9618208697036,1150.9618208697036,NO
2037.9374819579705,1149.951034823042,NO
2038.9394655659034,1147.9731749372022,NO
2039.1710198307017,1147.0254853071347,NO
2039.2039680467863,1145.9772035711876,NO
2039.076181305431,1144.9886474921718,NO
2038.8866212043886,1144.0375706218047,NO
2037.9606050090674,1142.0214881760212,NO
2037.5277318676603,1141.205951523863,NO
2038.9707828991907,1137.9393653485668,NO
2039.6924140060166,1137.5054909669295,NO
2040.8149096360366,1136.8149096360366,NO
2041.9065443672052,1135.8377554642623,NO
2043.665080229858,1134.665080229858,NO
2044.0325813052007,1134.0265520259406,NO
2044.598161056059,1132.9639375302866,NO
2044.6026735047674,1132.0862010096573,NO
2043.828709676977,1130.122578389874,NO
2042.667029659528,1128.0719754040383,NO
2044.97290364606,1125.9459663720563,NO
2045.741843216364,1125.5136453623998,NO
2046.4341356128411,1124.6996394834766,NO
2046.6881855061995,1123.9654219441193,NO
2048.024186572024,1121.4111717228775,NO
2049.0471432933036,1121.0942865866075,NO
2049.8367526663087,1120.8228592694866,NO
2050.3850144145194,1119.6744193947022,NO
2050.6470588235293,1119.0,NO
2050.5955458133817,1118.0594785575722,NO
2050.50000000049,1117.0,NO
2050.50000000049,1116.0,NO
2050.5706137625916,1114.9511678385688,NO
2050.590142863643,1114.0111441512154,NO
2051.727411615711,1111.7739231927235,NO
2052.034190788534,1111.0183839924002,NO
2052.3923738388316,1110.1025569648652,NO
2052.6470588235293,1109.0,NO
2051.9732435983633,1107.0209492952872,NO
2052.838448804761,1104.8251956573815,NO
2053.115129994027,1104.0626186365757,NO
2053.50000000049,1103.0,NO
2053.50000000049,1102.0,NO
2053.1238499478486,1100.9380750260757,NO
2052.854083515083,1100.145916484917,NO
2052.038123366186,1097.0248823845557,NO
2052.759484164668,1095.8908150822724,NO
2053.0399463358144,1095.0199731679072,NO
2053.36054769187,1094.0607982392412,NO
2053.50000000049,1093.0,NO
2053.498857961645,1091.999021847185,NO
2053.366636977692,1090.9381749399954,NO
2053.1302058182996,1089.9588958103175,NO
2052.9635461010757,1089.0054323455154,NO
2053.861325806089,1086.8917112920146,NO
2054.8271633370473,1085.8403016440732,NO
2055.411333718009,1084.663499978785,NO
2055.919256439397,1083.9608516072235,NO
2056.9221846082364,1081.9526971023313,NO
2057.968335750965,1080.9396752237299,NO
2058.733637432596,1080.4968707078995,NO
2059.822859269487,1079.836752666309,NO
2060.0942860947343,1079.0471430473672,NO
2060.454031161573,1078.0258174574697,NO
2060.206996465765,1076.9269424215388,NO
2059.943630419036,1076.03054537339,NO
2059.573166516212,1075.0670674873438,NO
2059.4665533071097,1074.026529501019,NO
2059.6017344770567,1072.9409832232518,NO
2059.7032395983106,1071.9674145448173,NO
2059.692405986363,1071.0452344143152,NO
2059.57497625891,1070.0466692725445,NO
2059.50000000049,1069.0,NO
2059.462037126442,1067.972821345402,NO
2059.3333615879833,1066.9437860842352,NO
2059.272549019608,1066.0,NO
2059.9265111199607,1063.9365608809378,NO
2061.948861849798,1062.8456777769118,NO
2062.7070871906976,1062.3894324227463,NO
2063.8506848886536,1061.8506848886539,NO
2064.1238499478486,1061.0619249739243,NO
2064.50000000049,1060.0,NO
2064.2108522680774,1058.9253016000955,NO
2063.9441258837587,1058.0303639140116,NO
2063.5738842696837,1057.0664421594204,NO
2063.466509798446,1056.0246975772986,NO
2063.206837139146,1054.9274042187396,NO
2062.9191935114536,1054.0631006389492,NO
2061.948969371557,1053.062124244364,NO
2060.8884472284326,1052.1424289933102,NO
2063.016953717628,1048.9660925647445,NO
2063.925574723906,1049.2343017896847,NO
2065.026893265395,1049.4571855100098,NO
2066.0611725446524,1049.1733222043708,NO
2066.9610940213984,1048.919756418636,NO
2067.6748114405605,1048.4339310477785,NO
2068.039846591181,1048.0327311279211,NO
2068.4548814647424,1047.02675773332,NO
2068.578899733655,1045.948211459944,NO
2070.9990218241433,1043.4988697128692,NO
2072.0607933636734,1043.3605187786195,NO
2073.0194779969006,1043.0389559938012,NO
2073.8038020877816,1042.7468947483906,NO
2074.855735872845,1041.855735872845,NO
2075.4661455755395,1040.7187668830586,NO
2075.8696923706143,1039.9568196272016,NO
2076.9866004986666,1037.984442951717,NO
2077.674053748214,1037.4310024605156,NO
2078.841861519214,1036.8288883400978,NO
2079.8252767599743,1035.838980549615,NO
2080.7680801970164,1033.913791427619,NO
2081.837174852894,1031.905861269507,NO
2082.429049031316,1030.6738573551706,NO
2082.9439533472155,1029.9696037318577,NO
2083.8596717584255,1028.8847303749253,NO
2084.7494668251156,1027.8057958673667,NO
2085.67013967823,1026.465283984207,NO
2086.7479816021514,1024.8445886623074,NO
2087.0400992743434,1024.0200496371717,NO
2087.3925278329307,1023.1025972151721,NO
2087.7426991379525,1021.9621616374783,NO
2087.905623720504,1020.9824201051083,NO
2088.1102012441397,1020.0388945579845,NO
2088.368261582271,1019.0613769303785,NO
2088.50000000049,1018.0,NO
2088.6356148063765,1016.933553292702,NO
2088.804054622092,1015.9642687864379,NO
2090.452130827653,1013.6542598795648,NO
2091.000027536527,1013.0000226192897,NO
2091.7113108882713,1011.886068141365,NO
2092.000190909407,1011.0000849734017,NO
2092.9226430576887,1008.9624132584174,NO
2093.726730194762,1006.9140522374357,NO
2094.75468595537,1004.8774782090145,NO
2094.993656768531,1003.9971766401441,NO
2095.036632150407,1002.9877892828141,NO
2094.879473770192,1002.053816913092,NO
2095.8538322596733,999.8538322596733,NO
2096.099205277811,999.0496026389055,NO
2096.2215737027796,997.9296177633693,NO
2096.0502329801493,996.9841421376453,NO
2096.0307112219443,996.0081294408245,NO
2096.205848570705,995.0528748271946,NO
2096.4062813000924,994.0215090097731,NO
2096.4650989437077,993.0273587614967,NO
2096.50000000049,992.0,NO
2096.3120482683285,990.920495256081,NO
2096.04992764961,989.9462803761724,NO
2097.967839336822,987.9408195981549,NO
2098.6787941842344,987.440863971687,NO
2099.043917926558,987.0360754390678,NO
2099.583499227669,985.9242725839816,NO
2099.699060175673,984.9669556278316,NO
2099.6052604456368,984.1150234463045,NO
2098.7505758730204,982.0689584320212,NO
2098.896097202731,980.9480486013657,NO
2099.651346759935,978.9364220605104,NO
2100.8587485104003,976.8891109779265,NO
2101.1290557387,976.0801129867693,NO
2101.3780692294563,975.6707425320078,NO
2101.6470588235293,975.0,NO
2101.5986917847554,974.0590159147176,NO
2101.7801890340806,972.9271606774039,NO
2102.0404474704023,972.020144426668,NO
2102.3588348955805,971.0598058159301,NO
2102.4960784318364,970.0,NO
2102.497054076443,969.0009746157854,NO
2102.4990129158846,968.0009784566467,NO
2102.4585112461486,966.9730287501259,NO
2102.1965142712525,965.937577818274,NO
2101.9291127755223,965.0404420708115,NO
2101.0373594545217,963.9693927882785,NO
2100.6670171999344,963.3352288979956,NO
2099.9419307312755,959.954519176759,NO
2100.751873941099,958.8554044017221,NO
2101.660743059299,957.6607430592992,NO
2102.8921481170264,956.7607834885966,NO
2104.8053586833075,955.7505852651744,NO
2105.563807362677,954.7485477630104,NO
2105.9444085775845,953.9752563671772,NO
2106.1945529571876,953.0511178341644,NO
2106.3901960784315,952.0,NO
2106.3151254619606,950.9653979892223,NO
2106.120831237798,949.9682521856007,NO
2105.9626852358,949.0057069641151,NO
2106.489090629597,946.7783086507125,NO
2106.7766852258187,945.951825240357,NO
2106.864705882353,945.0,NO
2106.864705882353,944.0,NO
2106.9518889538513,942.9928305110428,NO
2107.658487423912,941.3194085387204,NO
2107.8429350218053,940.9286985545115,NO
2108.057545133702,940.0107191913838,NO
2108.9754513102107,937.9798881714016,NO
2109.952438979136,936.956827400617,NO
2110.813238198806,935.8911644568947,NO
2111.0656992537547,935.0217709299376,NO
2111.272549019608,934.0,NO
2111.273553771189,933.0005363799155,NO
2111.332838935647,932.0561257822322,NO
2111.35525768119,930.9602947296554,NO
2110.99809826488,930.0014894707778,NO
2111.85844454479,926.8584445447901,NO
2112.8578096535616,925.8578096535618,NO
2113.678963590838,924.7746450313482,NO
2113.9227571495626,923.9744038388726,NO
2113.9400635439433,923.0165706665214,NO
2113.7332698850582,922.2067594067865,NO
2112.855259011459,921.144740988541,NO
2111.7242910298405,920.568510418897,NO
2112.3422275781177,916.5108302646712,NO
2112.951214956789,915.9688695004776,NO
2113.747068488489,914.8526040215515,NO
2114.027413610154,914.0120942395637,NO
2114.310133740362,913.052297062964,NO
2114.442801105134,912.0017364748711,NO
2114.3309274188455,910.9448454301923,NO
2114.232659503027,909.9739968790118,NO
2114.663590783718,908.8124210388486,NO
2115.673271789042,907.4634208506658,NO
2116.7513313842155,905.8449896426781,NO
2117.759482818285,903.8915617037334,NO
2118.0396320356836,903.0197383081955,NO
2118.356404193265,902.0594006988774,NO
2118.365881627948,900.9404545572675,NO
2118.1338144338406,899.9530337568549,NO
2118.5242029017218,897.777880439856,NO
2118.9619706629082,896.979375219213,NO
2119.8609422600425,895.8910876504872,NO
2120.853909570822,894.853909570822,NO
2121.0961329905826,894.0478779997836,NO
2121.181320175213,892.93600464202,NO
2120.9078958302193,892.0918633721534,NO
2119.881677373751,891.1444636787015,NO
2117.944191679602,890.3816689763333,NO
2119.408137652455,886.6630951521188,NO
2119.99350410967,885.9946640901755,NO
2120.357909568486,885.0603533792122,NO
2120.3579490587263,883.9396399616492,NO
2120.017888701445,882.9885849396632,NO
2119.6525308946752,882.3474691053249,NO
2118.033811768208,880.0169058841041,NO
2118.651441648174,877.9364393636587,NO
2118.9668432232575,876.9834216116287,NO
2119.9467714297016,874.9733857148508,NO
2120.7656927192006,872.9223569964247,NO
2120.9599041357455,871.9867133307977,NO
2120.9599001630577,871.013287985642,NO
2120.765351266035,870.0780627246244,NO
2119.85667200763,868.1119227930889,NO
2118.9402831620027,867.0467712270728,NO
2117.962716241709,866.0371864119586,NO
2120.0222548979723,863.4053570650223,NO
2121.0408008473105,863.0916671029669,NO
2121.92245580307,862.8413868694373,NO
2123.8339977152928,861.8198698544406,NO
2124.1148342134643,861.062636841227,NO
2124.50000000049,860.0,NO
2124.50000000049,859.0,NO
2124.6204280568522,857.9441805959234,NO
2124.9477399628404,856.9739724517809,NO
2125.201362863423,856.07106924816,NO
2125.3551201739037,854.9408133043494,NO
2125.031987064741,853.9825525108324,NO
2124.723301324029,853.2327408625301,NO
2124.85242022699,849.8524202269901,NO
2125.3869058743207,848.7051041313048,NO
2125.8436715554267,847.9479927970909,NO
2126.073525174521,847.0246525586789,NO
2126.8729055715794,844.9310717744285,NO
2127.7504005448423,843.8052145289988,NO
2128.864408142373,841.9142410454331,NO
2129.46881607962,840.7180478568456,NO
2129.872710319324,839.9571537165442,NO
2130.105157621679,839.0371144558833,NO
2130.369951587517,838.0609332027813,NO
2130.50000000049,837.0,NO
2130.4549862717768,835.9732361015604,NO
2130.094024648215,834.9528492673164,NO
2129.822865910361,834.1636691105388,NO
2128.7473084565527,833.4371964679885,NO
2127.9817968038,833.0362995232874,NO
2125.9372209351454,832.1261797052322,NO
2124.8574151567936,831.1425848432062,NO
2125.0,827.5000000004902,NO
2126.0252961937763,827.4607520950331,NO
2127.0621160157743,827.1759953724647,NO
2127.9670306879902,826.9259279765498,NO
2128.729856504016,826.4897289539425,NO
2129.936854554644,825.8737091092879,NO
2131.973107522178,824.9462150443563,NO
2132.7344853846457,824.4984723950989,NO
2133.9297953830337,823.8704417592269,NO
2135.04104130294,823.0499633261559,NO
2135.439973575086,822.6800977502204,NO
2135.9231421984723,821.9626557844931,NO
2136.725461591149,820.8186085568984,NO
2137.662663420371,819.6603879545115,NO
2138.7095020824763,817.8864078654644,NO
2138.99731590088,816.9988158386442,NO
2139.8419838402524,814.9233861048406,NO
2140.7218538386987,813.7660416073061,NO
2141.0319821269795,813.0174447958435,NO
2141.360495197387,812.0607893872301,NO
2141.498706844892,810.9990221434924,NO
2141.2098568978604,809.9259328572379,NO
2140.9417096009633,809.0315862203188,NO
2139.9861325261177,807.0041058597841,NO
2139.7721924763146,806.0415413691651,NO
2139.4202179187905,804.8901652708003,NO
2139.225927150833,803.9623454748612,NO
2139.0756511201384,802.9860924204309,NO
2138.8755388711857,802.0440799837776,NO
2138.5753626892597,801.113675032242,NO
2138.3313725490198,800.0,NO
2138.907248667922,797.9590802953823,NO
2139.0882352941176,797.0,NO
2138.9518708674236,796.0141556272283,NO
2138.794117647059,795.0,NO
2138.9906366516166,793.996713648265,NO
2139.9243445946927,791.9663671258613,NO
2140.168982444912,791.0500320556331,NO
2140.386274509804,790.0,NO
2140.842499569755,787.9238721472734,NO
2141.50215305173,786.6885808589765,NO
2141.9600228619897,785.9782750500119,NO
2142.7486480739253,784.8531822796853,NO
2143.0391656666216,784.0196404869606,NO
2143.360546858569,783.0607980987237,NO
2143.50000000049,782.0,NO
2143.2367554177395,780.9247953361526,NO
2142.9589407296958,780.0223319348445,NO
2142.9501873890854,776.9363999663385,NO
2143.3658483570475,776.178691991975,NO
2143.7036558507016,775.0543830751562,NO
2142.964983276667,773.0174911798663,NO
2142.61557013281,772.1121941196689,NO
2141.769134124775,770.0854972511377,NO
2141.4422485271793,768.9991328460703,NO
2141.6305870906053,767.9196928467635,NO
2141.8947942048467,766.9650002329987,NO
2142.7636493884984,764.8916937216599,NO
2143.0593260328174,764.0385907182466,NO
2143.9727537759395,762.97779578063,NO
2144.939964083555,761.9529788653463,NO
2145.827604888012,760.877032853741,NO
2146.0727377632047,760.0363688816024,NO
2146.2160750165435,758.9440747030874,NO
2145.934930551139,758.0509634814944,NO
2144.961814474009,757.0381855259914,NO
2143.952001792863,756.0614663597685,NO
2142.854776049528,755.2486233922245,NO
2142.518968836965,751.3531712813392,NO
2143.0158261179454,751.0158261179453,NO
2143.7241169663516,749.9196571863921,NO
2143.772028450981,749.041571279665,NO
2143.6351407592956,748.0669565016069,NO
2143.465608219867,746.974437195445,NO
2143.416466820871,745.9763185539995,NO
2144.7687832480447,743.7269550942698,NO
2145.839090834178,741.9219834352376,NO
2146.0865270502973,741.0381736979974,NO
2146.3836333088625,740.0015044443044,NO
2146.314217834868,738.9667298770005,NO
2146.112965010911,737.9703189980887,NO
2145.8943361591027,737.0354284645352,NO
2145.5382819050837,736.2661669131737,NO
2144.8576735244915,735.1423264755083,NO
2144.8609422600425,731.8910876504872,NO
2145.8555289738747,730.8555289738747,NO
2146.120316579825,730.0530808431183,NO
2146.4411764705883,729.0,NO
2146.466583652702,728.0274460973202,NO
2146.776062400812,726.9249150397753,NO
2147.6180730555166,724.8898287692039,NO
2147.9651815638977,723.9825907819487,NO
2148.768858882972,721.9224997426012,NO
2148.9901215850655,720.9966878255589,NO
2149.168363034031,719.999339752827,NO
2149.1648555723505,718.9993535075783,NO
2149.212883164932,718.024210242831,NO
2149.277245668495,717.0005436189294,NO
2149.022862074722,715.9898241354887,NO
2148.772888666363,715.0757037802571,NO
2148.45699869397,713.9731177237837,NO
2148.150252475907,712.9413720729757,NO
2147.8909797945275,712.0625640590573,NO
2147.0301644690617,710.9775999622517,NO
2146.6600187520116,710.3399812479881,NO
2145.612512638413,706.8874500728436,NO
2145.9444813806913,705.975319004267,NO
2146.1929761101624,705.0507035253515,NO
2146.387263199494,703.9992406604327,NO
2146.4107606990465,703.0225515680793,NO
2146.4650451353336,702.0273555962982,NO
2146.594050567695,700.9410975330882,NO
2146.6450980392156,700.0,NO
2146.594050567695,699.0589024669118,NO
2146.4585148240626,697.9730285396604,NO
2146.196818575292,696.9374811569885,NO
2145.9444351054467,696.0245139236417,NO
2146.896533698783,692.8349639582125,NO
2147.9603930120265,691.9603930120264,NO
2148.3346506710423,691.107300695074,NO
2148.6470588235293,690.0,NO
2148.3780692294563,689.3292574679922,NO
2148.1287825508984,688.9200565980237,NO
2147.8558538690695,688.1445239751736,NO
2146.859618646976,687.0741994934142,NO
2146.2161211088883,684.9648273481652,NO
2145.9907982301543,684.002409987165,NO
2145.684145159047,683.0595088828699,NO
2145.636391439413,682.0377775125053,NO
2145.7727588042007,680.966136607405,NO
2145.8313725490198,680.0,NO
2145.7392824208187,679.0863946517728,NO
2144.8837026730757,677.0788591480601,NO
2144.705799756323,675.866858284937,NO
2145.0219539738064,675.0139323305741,NO
2145.363093663367,674.0598036623308,NO
2145.454684435507,672.9732538566351,NO
2145.095006039738,671.952496980131,NO
2144.837211360915,671.0928730066346,NO
2144.3908785498074,669.0643799965778,NO
2144.50000000049,668.0,NO
2144.4585145384303,666.9730285564623,NO
2144.196209785891,665.9376745371558,NO
2143.8990038035954,665.0930749225669,NO
2143.864705882353,664.0,NO
2143.9005805701345,662.907858336239,NO
2144.198890838183,662.0631770912393,NO
2144.461234599533,661.0253226842199,NO
2144.367529581996,659.9380244224044,NO
2144.1217444775975,658.9613282238673,NO
2143.894757020367,658.0348746356326,NO
2143.6055504453752,657.1137835220785,NO
2142.6621028132677,655.3401764341037,NO
2142.9253259060492,651.9253259060495,NO
2143.792483028181,650.8519808970763,NO
2143.9411764705883,650.0,NO
2143.815228334795,649.0815169097036,NO
2143.039948218097,646.9800258909517,NO
2142.7596887047366,646.1090920644209,NO
2141.9518526120164,644.0071749046028,NO
2141.864705882353,643.0,NO
2142.7500072375647,640.8543165792034,NO
2143.039057558101,640.0194521958276,NO
2143.358884168608,639.0605177235491,NO
2143.498857961645,638.0009781528149,NO
2143.50000000049,637.0,NO
2143.50000000049,636.0,NO
2143.50000000049,635.0,NO
2143.50000000049,634.0,NO
2143.50000000049,633.0,NO
2143.50000000049,632.0,NO
2143.4990471553288,630.9990214762171,NO
2143.6479692007874,629.9356800308656,NO
2143.944283114788,628.9753402206745,NO
2144.192696408882,628.0498743633258,NO
2144.4020797415833,627.0236517495931,NO
2144.6048949686005,625.913795264233,NO
2144.6823529411763,625.0,NO
2144.6228954214052,624.0687661244011,NO
2144.3716745780835,622.9387830105366,NO
2144.13320740642,621.9576870581571,NO
2143.9594242791295,621.0062056986803,NO
2143.9594242791295,619.9937943013197,NO
2144.6181403187993,617.8898481720734,NO
2144.9651815638977,616.9825907819487,NO
2145.236862728797,616.07523875089,NO
2145.50000000049,615.0,NO
2145.50000000049,614.0,NO
2145.36054769187,612.9392017607589,NO
2145.0404704107304,611.9797647946347,NO
2144.7680904524623,611.0862047602559,NO
2143.80811752309,609.1918824769099,NO
2142.813503340421,608.1859690877212,NO
2141.7734319616534,607.2701241154169,NO
2140.894109666842,604.9517031261412,NO
2141.112447803929,604.0295451083165,NO
2141.3229345631607,603.0531892222824,NO
2141.462941442934,602.0254163932706,NO
2141.6220982766686,600.9306500301415,NO
2141.6582770794157,600.0103552401528,NO
2141.443010084287,599.2428978668306,NO
2141.0155223424167,597.9959824526578,NO
2140.9517472858,596.9928093997263,NO
2141.013725490196,596.0,NO
2140.876183901382,595.0410292576264,NO
2140.0199822800996,592.9936526873507,NO
2139.803973254173,592.0357460512405,NO
2139.6356047851937,591.06644853469,NO
2139.456579185678,589.9740376548893,NO
2139.088160730214,588.9521870252358,NO
2138.849877336198,588.0919885998757,NO
2138.6935950379525,586.8632387573789,NO
2139.6048973956013,584.8849379953474,NO
2139.8785039046984,583.9592630736587,NO
2140.0176470588235,583.0,NO
2139.878825433954,582.0406291194727,NO
2139.64434240696,581.0648552037695,NO
2139.3639863377434,579.9400493089482,NO
2139.0352168570003,578.9808457249695,NO
2138.7380896646905,578.127077221723,NO
2138.3130871555663,577.0178029946119,NO
2138.384970117935,576.0634068430909,NO
2138.361615310049,574.9404398311575,NO
2138.0424563136107,573.9787718431947,NO
2137.7713234448997,573.0852926641398,NO
2136.836212900023,571.0946948916492,NO
2135.7876482496786,569.0318840209751,NO
2135.681102362205,568.0,NO
2135.6817274238865,566.9996876618474,NO
2135.6823529411763,566.0,NO
2135.6823529411763,565.0,NO
2135.902238095997,563.9672210084408,NO
2136.1244296634113,563.0395247175285,NO
2136.371652664664,562.0612133801944,NO
2136.50000000049,561.0,NO
2136.50000000049,560.0,NO
2136.6441718462706,558.9351136939893,NO
2136.8767312821947,557.959152129355,NO
2137.0135973482934,556.9999866561841,NO
2136.85262326915,556.0665877737049,NO
2136.762788840107,552.8918073338183,NO
2137.6058979852055,550.8863167297926,NO
2137.8968191737213,549.9654040756659,NO
2138.1244296634113,549.0395247175285,NO
2138.3716745753877,548.0612169890195,NO
2138.6493832775727,546.9360640137509,NO
2138.914722404235,545.9620431097832,NO
2139.000419907975,544.9999234285509,NO
2138.8161047588214,544.1320273477974,NO
2137.650181263362,542.0639158005309,NO
2137.360448413923,540.9399252643461,NO
2136.9986607090427,540.0010489550951,NO
2136.5159933484547,539.6508297721649,NO
2135.9922317239757,539.0077682760242,NO
2135.2267010576647,537.024892664629,NO
2135.9602411993747,534.9783133823361,NO
2136.8794056309707,533.8783191961336,NO
2137.7983237740673,532.8647583001484,NO
2138.0965226501785,532.0482613250892,NO
2138.454886156333,531.0267580092959,NO
2138.458073019925,529.9748508927021,NO
2138.095996560276,528.9518604085412,NO
2137.8265854332517,528.1611414506194,NO
2136.8082960414313,527.2450085805293,NO
2135.348656523177,525.0581094205295,NO
2135.442804103011,524.0017364866276,NO
2136.9222667051768,521.7663414990316,NO
2138.8193372988317,520.8330705079526,NO
2139.092280025348,520.0462758530855,NO
2139.441734709018,519.0008661464431,NO
2139.0931180200523,517.9533039159958,NO
2138.825812545103,517.1614030547973,NO
2137.4755895752473,515.0261108005436,NO
2137.4584220287297,513.9730339982094,NO
2137.196818575292,512.9374811569885,NO
2136.9518535682946,512.0212410724422,NO
2136.6823529411763,511.0,NO
2136.6823529411763,510.0,NO
2136.604808641603,509.0862235707486,NO
2135.7671475754014,507.2768313087895,NO
2134.728530458911,506.22834245564064,NO
2133.630532460349,504.73054169216994,NO
2133.2785407918877,503.0045071328151,NO
2133.327740055959,502.05526597113345,NO
2133.462037126442,501.027178654598,NO
2133.50000000049,500.0,NO
2133.50000000049,499.0,NO
2133.124397896248,497.937801051876,NO
2132.865364907011,497.085441507717,NO
2131.9540150385515,495.0070329943241,NO
2131.864705882353,494.0,NO
2131.9506730296885,492.9926493145079,NO
2132.1130215485055,492.0292526353061,NO
2132.272549019608,491.0,NO
2132.211250510759,489.97680386597585,NO
2132.162745098039,489.0,NO
2132.2325453252242,488.03921352607773,NO
2132.374189393622,487.062364898937,NO
2132.35633835872,485.93991156989,NO
2132.0384093072093,484.9808141928486,NO
2131.746954039156,484.1966661337267,NO
2130.856743568098,483.0828730813448,NO
2130.384225180373,481.001506765369,NO
2130.21088365101,479.94541835060147,NO
2130.0748033086516,478.9917863035375,NO
2130.0176470588235,478.0,NO
2130.0993143992637,477.01635766579636,NO
2130.9642049349045,474.9821024674523,NO
2131.234637896179,474.0607298068081,NO
2131.404575435601,472.9762014448758,NO
2131.3165434024636,471.96648364043665,NO
2131.2185610949514,470.9768582374868,NO
2131.1684952353376,469.9993392343906,NO
2131.0747001207783,468.988575275288,NO
2130.887401163532,468.03731216474625,NO
2130.6441414483334,467.0648918491637,NO
2130.360566553599,465.9391985801536,NO
2130.039389074481,464.9803054627596,NO
2129.7635036620377,464.13781837195853,NO
2129.938321670644,461.9516925000634,NO
2130.236421909071,461.0750987257974,NO
2130.50000000049,460.0,NO
2130.498857961645,458.999021847185,NO
2130.3666305426395,457.93817602512195,NO
2130.1206677408672,456.9617510502728,NO
2129.859688273751,456.08195778764457,NO
2128.961512212266,455.03838716505896,NO
2129.7472124192036,451.8040483345502,NO
2130.038203489142,451.01910174457083,NO
2130.3514812967533,450.0385940239254,NO
2130.096602562331,448.9567170354406,NO
2129.833826934992,448.15269956307134,NO
2128.9595895340517,447.0219161590871,NO
2128.5317841136275,446.2031659969865,NO
2127.5543294697795,444.2569159637176,NO
2126.859568617454,443.10998820938073,NO
2125.9295861249548,442.07041387504546,NO
2124.8766737749684,441.13382207904766,NO
2123.9118685344392,440.0669186817828,NO
2123.1964387825165,438.0300435794431,NO
2123.3028876801495,437.0166291277503,NO
2123.387125340481,436.0637618209226,NO
2123.6228954214052,434.9312338755989,NO
2123.6823529411763,434.0,NO
2123.6228954214052,433.0687661244011,NO
2123.371679889009,431.93878213579586,NO
2123.124306093222,430.9605145341796,NO
2122.891326197702,430.04053357422737,NO
2123.344623805137,427.3446238051371,NO
2123.739538105338,427.0,NO
2122.0703441229966,425.010482653224,NO
2122.1646098466454,424.00064552879144,NO
2122.2359026386116,423.0397796612857,NO
2122.3791820709807,422.06245351770804,NO
2122.5980149903075,420.93597416504,NO
2122.643171806167,420.0,NO
2122.662725600172,418.99048015794773,NO
2122.6823529411763,418.0,NO
2122.6823529411763,417.0,NO
2122.7995198590743,415.96344185911977,NO
2122.9480750450425,414.992058536052,NO
2123.0971578591957,414.0255277504178,NO
2123.041880295494,412.98437932574194,NO
2122.8178167816895,412.1113801863263,NO
2121.678595738457,410.1443198701347,NO
2121.353089340138,409.05746356055255,NO
2121.6309918835486,407.920234612376,NO
2122.4648924980816,405.64258085679154,NO
2123.6572674467384,404.9262279689117,NO
2123.534108870501,404.22215516923325,NO
2121.50000000049,402.0,NO
2121.50000000049,401.0,NO
2121.371657968237,399.938785746276,NO
2121.1244296634113,398.9604752824715,NO
2120.8970293136786,398.03452546564216,NO
2120.6326339045963,397.07925034701327,NO
2120.413635678594,395.9756684894037,NO
2120.4113901773417,395.0217794797422,NO
2120.619439623004,393.91680056269746,NO
2120.788154887248,392.96112361686386,NO
2120.864705882353,392.0,NO
2120.779734081167,391.04751704286576,NO
2120.6209901426796,390.0121737634671,NO
2121.8582194328683,387.91737729596247,NO
2122.0978152451153,387.0253168862979,NO
2122.1649813991767,385.97541453752905,NO
2121.922387113626,385.04427914719145,NO
2121.350198988024,384.480003738902,NO
2120.999195199768,384.00102755749776,NO
2119.98570185842,381.98719817516286,NO
2120.164777094746,381.061505035149,NO
2120.297380702102,379.96618023311777,NO
2120.0254496050275,378.9887722332713,NO
2119.7451333095987,378.1975633149954,NO
2118.861739726701,377.1082877602777,NO
2117.899989650829,376.0973975935738,NO
2117.219626545573,374.06933308592846,NO
2117.460043597675,373.0261593410814,NO
2117.50000000049,372.0,NO
2117.4585145384303,370.9730285564623,NO
2117.205135975446,369.9348391592314,NO
2116.998288627129,369.0004429435548,NO
2116.801705552921,368.0361595732057,NO
2116.620814707556,367.08273133811053,NO
2116.310596536002,365.9476248969856,NO
2116.0284682214906,364.98744049073713,NO
2115.770679358797,364.075990568044,NO
2114.8263246250453,362.2225488314921,NO
2114.8975648367423,359.9050633625341,NO
2115.175377282154,359.02613465281644,NO
2115.27469469012,357.9989227659527,NO
2115.333620332083,357.05625754712355,NO
2115.462037126442,356.027178654598,NO
2115.50000000049,355.0,NO
2115.50000000049,354.0,NO
2115.363991189915,352.940048509767,NO
2115.041360895999,351.9793195520005,NO
2114.752939616009,351.14512638287084,NO
2113.9377689284456,350.0488543001338,NO
2112.9201093422853,349.1367727999654,NO
2111.710728582226,348.28733324377845,NO
2110.880833509468,347.0546073437692,NO
2110.0367973087377,345.969932840373,NO
2109.6591103420856,345.18918483480877,NO
2109.162745098039,343.0,NO
2108.985797163874,342.004706430173,NO
2108.75026529909,341.1133699273267,NO
2107.723588215253,339.1723265512245,NO
2106.9332645567547,338.03858365871406,NO
2106.1416725273975,336.93627028427136,NO
2105.894775755253,336.0350059047952,NO
2105.0189653217953,333.99401290821993,NO
2104.7740604330756,333.06579824888826,NO
2103.995114325932,331.00162536154767,NO
2103.765238998883,330.07825366458076,NO
2105.833304160589,327.83330416058885,NO
2106.0,327.0,NO
2105.833304160589,326.16669583941115,NO
2105.0,326.0,NO
2102.3576098778967,323.9621354254813,NO
2102.0188436555463,322.98808179024775,NO
2101.671883995059,322.3281160049411,NO
2099.9750249668664,321.0214212721836,NO
2098.94391763221,319.0248215385424,NO
2097.9647912903047,317.01753531836425,NO
2096.9722400435576,315.0139208421448,NO
2096.6254892648158,314.033681908177,NO
2095.7543356514084,312.3390168035516,NO
2095.029888226814,311.9633249288809,NO
2093.9604978617117,311.0688339487187,NO
2092.8283478538615,310.271782588669,NO
2091.7289549090387,309.1711863581535,NO
2090.647945961751,307.1244170086392,NO
2089.894615870572,305.0354727756188,NO
2089.6636866167973,304.0102119445956,NO
2089.477377072681,302.90269292468014,NO
2089.02192575872,301.98360130583694,NO
2088.669414306006,301.3305856939944,NO
2087.675278057272,300.3203995317194,NO
2086.991740842701,300.0178566035521,NO
2084.9799982544414,299.0247459365964,NO
2083.9212212088282,298.1013629267451,NO
2082.644238048666,296.06487423381003,NO
2081.948483182124,294.0328736876863,NO
2081.0419850795947,292.96560318567924,NO
2080.660699440768,292.0734738445573,NO
2079.868765340205,290.0988540991594,NO
2079.006723979583,288.99473366664324,NO
2078.524213421129,288.6440920671623,NO
2077.977759504838,288.027290737148,NO
2076.941826651069,287.08102716755553,NO
2075.7954094336455,286.4714989456403,NO
2074.978512975275,286.0335944983383,NO
2073.91632010004,285.0782252125515,NO
2072.7927280314248,283.208670098267,NO
2074.0,281.0,NO
2073.8333041860747,280.16669581392557,NO
2073.0,280.0,NO
2072.071580530547,280.071580530547,NO
2068.977123547506,280.02815306364744,NO
2067.9161523262665,279.14354721109055,NO
2067.0285542579463,278.8902008060908,NO
2066.053007513724,278.6819549176557,NO
2065.0261328337083,278.540422566488,NO
2064.0009745088514,278.5030004598968,NO
2062.9330437519575,278.36485785898185,NO
2061.963894024485,278.1980005242407,NO
2059.978126108576,277.0149543070265,NO
2058.764278627355,275.10988289088823,NO
2057.873434328358,273.05008189933034,NO
2056.904548245694,271.07320359651817,NO
2055.9044301658696,270.11285884837554,NO
2054.8541474688404,269.2012764944819,NO
2053.749506442959,268.3436771714134,NO
2055.9262925762146,264.7788777355902,NO
2055.9262925762146,263.2211222644098,NO
2055.0737074237854,263.2211222644098,NO
2051.633628490576,264.3881793475923,NO
2050.70594706746,263.5830359721696,NO
2049.9690947474974,263.04869918211574,NO
2048.7481874145847,262.2753791128878,NO
2050.9357501334785,258.80725040649037,NO
2049.052020254764,256.9479797452359,NO
2050.9350463626793,255.19486090584107,NO
2050.0,255.1073686216087,NO
2049.0968747809748,255.2906243337941,NO
2045.8347577163947,257.14517913429677,NO
2044.7882892213922,256.4625273854672,NO
2043.4580722076314,253.97395275756497,NO
2043.1961016520681,252.9374553129176,NO
2042.9145555101268,252.06108881922307,NO
2041.899920568389,251.13410643556597,NO
2041.0,248.0,NO
2040.8333486659521,247.16665133404783,NO
2040.0,247.0,NO
2039.1666513340479,247.16665133404783,NO
2035.8333486659521,243.83334866595217,NO
2036.0,243.0,NO
2035.870720005029,242.12927999497117,NO
2034.926292529715,239.2211224039086,NO
2034.073707470285,239.2211224039086,NO
2033.5000000026882,240.0,NO
2029.969252707723,241.0484502751119,NO
2028.8540058304245,240.25052600736635,NO
2028.0196948578812,239.96061028423787,NO
2027.0600856787123,239.63948592772653,NO
2026.0,239.50196078384806,NO
2024.973593936465,239.53561749008423,NO
2023.9774457572619,239.58919058395296,NO
2023.0015226982314,239.61171193962943,NO
2021.9651096299704,239.69320537388182,NO
2019.647012577361,236.7804408413293,NO
2019.9215177535982,235.9854428090584,NO
2019.9163460445986,235.01525454377992,NO
2019.713335448161,234.21171956707886,NO
2018.8563566707392,233.14441250262578,NO
2017.0134144141489,232.48866793826815,NO
2016.0,232.5000000004902,NO
2015.0,232.5000000004902,NO
2013.9246018444799,232.77065456445726,NO
2013.019593768719,233.03911069845952,NO
2012.0600685070774,233.34744171860487,NO
2010.0448098375966,234.10844641790018,NO
2008.9308787167636,234.20206251304688,NO
2008.0101818163803,234.15272725254655,NO
2007.0384759664985,234.24059655505872,NO
2005.9633429351675,234.1164673840311,NO
2005.02954999087,233.9086636614624,NO
2004.0602085265757,233.65498485815004,NO
2002.5606089607927,229.66304366620108,NO
2002.8002245730547,229.11716787301805,NO
2002.5647145033947,228.43528549660525,NO
2001.7895296667482,225.96695093972158,NO
2001.6714463410979,225.10951788286025,NO
2001.7895296667482,225.96695093972158,NO
1998.745249173566,228.1948094611305,NO
1997.861986240728,227.138013759272,NO
1996.8599953945954,226.11063534055327,NO
1995.8985774485552,225.1108709368665,NO
1995.064832009301,224.83136780788578,NO
1994.0245963825514,224.51889476203127,NO
1993.0,224.4697013097128,NO
1991.0582771751851,225.11219195170608,NO
1989.93729572837,225.34386215793094,NO
1987.9912645382663,223.00152442376046,NO
1987.8130586781683,222.10702440434002,NO
1987.0179297887555,220.98747895997045,NO
1985.9921120048664,218.99865600084996,NO
1986.7498352149369,216.89748200302014,NO
1986.9500694036553,215.98374808070614,NO
1986.9433555107744,215.021477449317,NO
1986.6914153097212,214.30858469027885,NO
1986.0065332297004,213.98850200982787,NO
1985.0,213.71336410397575,NO
1983.976714351958,213.94601963304888,NO
1983.055166957518,214.18509965630608,NO
1981.0225015528815,215.0456382314868,NO
1978.977925321866,215.95913656846903,NO
1976.873667795813,214.1382605666705,NO
1976.0535238962023,213.86282820606587,NO
1975.026555659645,213.58959436709594,NO
1973.9739534486978,213.58488309172145,NO
1972.942531165912,213.7494948251814,NO
1972.0030945407032,214.00710908015597,NO
1971.0747837073955,214.27637457711657,NO
1969.0187760109625,215.0374047595342,NO
1968.0621343927944,215.35535289225433,NO
1967.0,215.5000000004902,NO
1965.9336290539188,215.36557834900594,NO
1964.9617662977646,215.21623282905065,NO
1964.0007359867095,215.1499940964668,NO
1962.9888865617838,215.0745770224477,NO
1960.8835727857188,214.19510137597192,NO
1959.766384586986,210.40181851481665,NO
1960.2583882026859,209.25838820268586,NO
1960.1666666584686,208.0,NO
1961.14848262394,206.14848262394008,NO
1962.7265283863908,205.82041481505505,NO
1962.2203953693652,205.22039536936526,NO
1961.14848262394,206.14848262394008,NO
1960.3798248385997,207.1266082835106,NO
1960.1666666584686,208.0,NO
1959.1390820088097,210.21494492548055,NO
1955.9425807765012,211.3957270790984,NO
1954.9566526931524,211.2512173492664,NO
1953.9944973087363,211.17539829081096,NO
1952.9815979129849,211.0690637028392,NO
1952.0,211.0,NO
1951.0514384797682,211.1127268815871,NO
1950.0637356343088,211.36116859441705,NO
1948.9701760414641,211.53908429531722,NO
1947.9750820077409,211.6028695013332,NO
1946.9666023105985,211.69584246509098,NO
1945.976329673901,211.79186437864033,NO
1945.0399020457655,211.77134783455264,NO
1944.065260077887,211.63019289197356,NO
1941.8268627512316,209.0,NO
1941.6964702110956,208.40797017147116,NO
1940.0,207.50000000268818,NO
1939.1377245131316,208.13772451313164,NO
1938.0187397790744,209.0,NO
1934.513504651415,207.48649534858498,NO
1934.0,207.25136576099706,NO
1932.0569206150772,208.8240635473858,NO
1931.0291202396197,208.5499599508655,NO
1930.0019525340908,208.502103792222,NO
1929.0,208.5000000004902,NO
1928.0,208.5000000004902,NO
1927.0,208.5000000004902,NO
1926.0,208.5000000004902,NO
1925.0,208.5000000004902,NO
1923.9990218573835,208.50114723957077,NO
1922.9382698997624,208.64626572844068,NO
1921.9791931267482,208.95822242033069,NO
1921.0298739222503,209.20870821576403,NO
1919.9689696980956,209.09591184552738,NO
1918.5213393531776,208.29126680283008,NO
1917.963287191118,208.0569723886351,NO
1915.9361811831363,207.1277630137378,NO
1915.0620283874441,206.87594322511163,NO
1914.0009776596592,206.50139354778267,NO
1913.0,206.5000000004902,NO
1912.0,206.5000000004902,NO
1910.9990216574977,206.50104529781999,NO
1909.9713114841722,206.54277678240814,NO
1908.943187565291,206.67074611340672,NO
1908.017957849105,206.70456442833523,NO
1907.065806291935,206.62290777672536,NO
1906.0009781426254,206.5011472350771,NO
1904.999021860774,206.50114896880848,NO
1903.9366219384644,206.64778420482264,NO
1902.98190114133,206.96387353813236,NO
1902.0752045882502,207.2338931701706,NO
1901.0,207.5000000004902,NO
1900.0,207.5000000004902,NO
1899.0,207.5000000004902,NO
1898.0,207.5000000004902,NO
1897.0,207.5000000004902,NO
1896.0,207.5000000004902,NO
1895.0,207.5000000004902,NO
1894.0,207.5000000004902,NO
1893.0,207.5000000004902,NO
1892.0,207.5000000004902,NO
1891.0,207.5000000004902,NO
1890.0,207.5000000004902,NO
1889.0,207.5000000004902,NO
1887.937981843862,207.64461507108336,NO
1886.9810813477488,207.96216269549765,NO
1886.0751969327077,208.2310267252443,NO
1885.0,208.5000000004902,NO
1884.0,208.5000000004902,NO
1882.9990218573835,208.50114723957077,NO
1881.9369817357212,208.63888411449645,NO
1880.9635448881743,208.88799935316203,NO
1880.037359227145,209.11477835058184,NO
1879.0629015291327,209.3645429569375,NO
1876.8333486659521,207.16665133404783,NO
1876.0,207.0,NO
1875.1666513340479,207.16665133404783,NO
1875.0,208.0,NO
1872.9703841771895,210.5423009382207,NO
1871.9461563783311,210.69145790763667,NO
1870.9736473157648,210.8966163934715,NO
1870.0364229967608,211.11190198007063,NO
1868.0,209.0,NO
1867.8333486659521,208.16665133404783,NO
1867.0,208.0,NO
1864.8333486659521,207.16665133404783,NO
1864.0,207.0,NO
1863.1666513340479,207.16665133404783,NO
1861.0457912793436,208.90841744131288,NO
1860.029129020839,208.54982424111822,NO
1859.0,208.5000000004902,NO
1857.9347700588116,208.63036366659867,NO
1856.963594101285,208.79504082328168,NO
1856.0043761082723,209.01349963153422,NO
1855.0776817115513,209.24060078757725,NO
1854.0,209.5000000004902,NO
1853.0,209.5000000004902,NO
1852.0,209.5000000004902,NO
1851.0,209.5000000004902,NO
1848.7589302919646,208.2870659712306,NO
1848.015372112089,207.97195512905594,NO
1847.0617251461708,207.64629411691263,NO
1846.0009781426165,207.50114723957077,NO
1845.0,207.5000000004902,NO
1844.0,207.5000000004902,NO
1842.9990221050446,207.50127354672765,NO
1841.922651738879,207.76378673762812,NO
1840.996111032627,207.98768091080106,NO
1840.0349778352531,208.20271245653777,NO
1839.066559002095,208.36500100384083,NO
1838.0,208.5000000004902,NO
1837.0,208.5000000004902,NO
1836.0,208.5000000004902,NO
1834.9990221050446,208.50127354672765,NO
1833.9252547334297,208.7717360027547,NO
1833.0196454184554,209.03944552479,NO
1832.0611494180844,209.35438867688632,NO
1830.9326011099529,209.38192704359986,NO
1830.0396278799672,209.41453433388463,NO
1826.7226342248616,208.21282838023723,NO
1825.718468240802,207.49510758881243,NO
1824.9596210392256,207.23401443433426,NO
1824.0414663222718,207.23497582620658,NO
1823.0643427152404,207.3728952856079,NO
1822.0,207.5000000004902,NO
1820.970380679056,207.5422468761601,NO
1819.94782200722,207.69760481124538,NO
1818.9892000686048,207.97518934622798,NO
1818.075702743196,208.23118802778123,NO
1816.0633691344453,209.12723920885668,NO
1814.0189136395427,210.03782727908538,NO
1813.1135227378836,210.39102275033852,NO
1811.1114240055122,211.24757936446633,NO
1809.0751979773129,212.23102993457354,NO
1807.998529806522,212.50062427377185,NO
1806.9378299468622,212.87590369997938,NO
1806.0627400992098,213.1260989354725,NO
1805.0,213.5000000004902,NO
1802.8533917065756,212.14699259163137,NO
1802.0614330812245,211.87713383755107,NO
1801.0009776596592,211.50139354778267,NO
1800.0,211.5000000004902,NO
1798.9990221050446,211.50127354672765,NO
1797.9252547334297,211.7717360027547,NO
1797.0196454184554,212.03944552479,NO
1796.0616330792188,212.35719171303728,NO
1794.9375865863644,212.64632398939892,NO
1793.9815725705757,212.9631451411513,NO
1793.0753592447406,213.23292858261252,NO
1791.0189136395427,214.03782727908538,NO
1790.1135053193636,214.39096275321597,NO
1788.0366000267418,215.1131273592492,NO
1787.0637555849296,215.36128164793416,NO
1785.9711902589602,215.54084475560617,NO
1784.9475355801485,215.69594483615376,NO
1783.9889334671439,215.97469088949325,NO
1783.0758933404293,216.23177009121227,NO
1781.9711935335806,216.54089694486768,NO
1780.9472145791435,216.6975217548051,NO
1779.9895251111739,216.97604397670963,NO
1779.0883454652082,217.23889582899733,NO
1777.0270672155616,218.06218144257534,NO
1776.0620375713777,218.35953592898392,NO
1775.0,218.5000000004902,NO
1773.0,216.0,NO
1772.8333486659521,215.16665133404783,NO
1772.0,215.0,NO
1771.1666513340479,215.16665133404783,NO
1771.0,216.0,NO
1771.1666513340479,216.83334866595217,NO
1769.9716527340402,219.54821545213716,NO
1768.9531200628182,219.90624012563632,NO
1768.0690536262964,220.15792533050376,NO
1766.9706443558227,220.547211442852,NO
1765.9513642468928,220.90310994953256,NO
1765.0358164560264,221.14132229442268,NO
1764.0,221.31764705882352,NO
1763.0687606449899,221.37707453020803,NO
1762.0,221.5000000004902,NO
1760.999021653863,221.501043444141,NO
1759.972120205118,221.54133242290524,NO
1758.947874175653,221.69443481132558,NO
1757.9886848823626,221.9742379010665,NO
1757.0758351897618,222.23159250533448,NO
1756.0,222.5000000004902,NO
1755.0,222.5000000004902,NO
1754.0,222.5000000004902,NO
1753.0,222.5000000004902,NO
1752.0,222.5000000004902,NO
1751.0,222.5000000004902,NO
1750.0,222.5000000004902,NO
1749.0,222.5000000004902,NO
1747.9366240157794,222.63683425871187,NO
1746.9626355250489,222.88356452895633,NO
1746.035814317164,223.10981619201024,NO
1745.0644169668058,223.35869340154198,NO
1743.0179584842506,224.03570569147303,NO
1742.060383945364,224.3392843600511,NO
1740.0562322722417,225.11501003662437,NO
1738.9321729253495,225.37122560254218,NO
1738.0108065138886,225.34406545981395,NO
1736.892269963745,225.62875190044124,NO
1735.9782839858635,225.805698821344,NO
1735.0041082208418,226.01262164257872,NO
1734.0776264435733,226.2370628016331,NO
1733.0,226.5000000004902,NO
1731.9248255501848,226.77042532332942,NO
1731.01940986285,227.03881972569974,NO
1730.061621338178,227.35712366836765,NO
1728.9371648421593,227.64624847416022,NO
1727.9815971850276,227.96326653858617,NO
1727.075235889463,228.2330254302766,NO
1725.967824764131,228.54686543917794,NO
1724.9531254715853,228.90735387638162,NO
1724.0691809907703,229.16015873412292,NO
1723.0,229.5000000004902,NO
1721.9990220990676,229.5012704985165,NO
1720.9252178990594,229.76885531646687,NO
1720.015514837385,230.03115183848416,NO
1719.0,230.3235294117647,NO
1717.9650502828567,230.10737563899332,NO
1717.0367043828903,229.88585832049768,NO
1716.0630528541503,229.63868590287834,NO
1715.0009781415733,229.50114777158896,NO
1713.9248543531073,229.7705132843541,NO
1713.0194215901874,230.03884318037487,NO
1712.0625714330922,230.35785237002926,NO
1710.9385530882473,230.64788849386784,NO
1709.9815810398813,230.96287086949124,NO
1709.0753890533567,231.23161697544197,NO
1706.9960938447578,231.98777828708197,NO
1706.035256054118,232.20432486134035,NO
1705.0836962086087,232.38283264567565,NO
1703.02456338199,233.05617634333043,NO
1702.0806905330817,233.36366007869444,NO
1700.9471880597257,233.70073233844585,NO
1699.990157619747,233.9773891259293,NO
1699.0759211483485,234.2346653756413,NO
1698.0,234.5000000004902,NO
1697.0,234.5000000004902,NO
1695.9383833217573,234.64290333807546,NO
1694.98059013715,234.96118027430026,NO
1694.0752645042119,235.22984969310286,NO
1691.8333486659521,232.83334866595217,NO
1692.0,232.0,NO
1691.8333486659521,231.16665133404783,NO
1691.0,231.0,NO
1690.1666513340479,231.16665133404783,NO
1690.0,232.0,NO
1686.8333486659521,234.16665133404783,NO
1686.0,234.0,NO
1685.1666513340479,234.16665133404783,NO
1685.0,235.0,NO
1683.0385570822775,238.21144207836014,NO
1682.0664453011136,238.36437748228963,NO
1680.9990221050446,238.50127354672765,NO
1679.9252547334297,238.7717360027547,NO
1679.0196454184554,239.03944552479,NO
1678.061630077961,239.3571743193837,NO
1676.9714321328381,239.54559234800814,NO
1675.952452567326,239.9052780545777,NO
1675.0693120187811,240.15820545381445,NO
1672.9965325124322,240.98928231078767,NO
1672.0361224015546,241.2079589028266,NO
1671.122082912292,241.4216172132318,NO
1669.9603571987034,241.77025194450462,NO
1669.0231982601674,241.79243662004654,NO
1667.999487133567,241.73843810557813,NO
1666.9750535746307,241.9028803254984,NO
1666.0366205926057,242.1131909264675,NO
1665.117942247662,242.40031495443225,NO
1663.0369010846593,243.1136018308409,NO
1660.9611550602092,243.88065711048253,NO
1660.0093353099087,244.06348010661432,NO
1658.999423116697,244.1471052466047,NO
1658.207105753893,244.36422047278515,NO
1657.0638030383882,245.09913022779838,NO
1655.0630319470451,246.12797394742316,NO
1652.9817952079818,246.96359041596358,NO
1652.1487818981377,247.25595275724146,NO
1650.0,248.3235294117647,NO
1648.9691526367706,248.0708655657945,NO
1647.9995719772069,247.89085418457736,NO
1647.0061483282138,248.02412036433182,NO
1646.0460934962393,248.21767598945485,NO
1645.0809998175955,248.41725853366142,NO
1644.029895926249,248.53797206706525,NO
1643.0009783386497,248.50104726267867,NO
1641.97038441594,248.54230462800146,NO
1640.9475035503929,248.69917765741968,NO
1639.9896823089578,248.97629719571316,NO
1639.0764774113009,249.23402548254933,NO
1637.0879449834424,250.137147037376,NO
1635.111687144258,251.24613517119116,NO
1633.1502572809793,252.25788622367784,NO
1631.0616166782427,253.35709666192454,NO
1630.0,253.5000000004902,NO
1629.0,253.5000000004902,NO
1628.0,253.5000000004902,NO
1626.9990218573835,253.50114723957077,NO
1625.9382698997624,253.64626572844068,NO
1624.9813297666994,253.9625125241202,NO
1624.0753708681098,254.2315611051033,NO
1622.0198918698982,255.03978373979652,NO
1619.9638782173631,255.79065784832434,NO
1619.0034858227605,256.01066682749496,NO
1618.1553185549028,256.2655044764512,NO
1616.112195331674,257.3901718198384,NO
1613.8333486659521,255.16665133404783,NO
1613.0,255.0,NO
1612.1666513340479,255.16665133404783,NO
1610.0,256.0,NO
1609.1666569771573,256.16665697715723,NO
1609.0,257.0,NO
1608.1148372935322,259.20539782357946,NO
1606.1101909597608,260.22646982067073,NO
1604.0057445937284,261.01866078259803,NO
1603.0808753907327,261.2535184820227,NO
1601.076647334575,262.09281400450107,NO
1600.074593335987,263.0772935474473,NO
1598.0370529435909,264.2086019321437,NO
1596.0113610892272,265.0261664902497,NO
1595.2278130296206,265.4022406508141,NO
1593.7119337081851,266.3073766824827,NO
1592.0356408624432,267.0826220008845,NO
1591.0541187131278,267.3887400317813,NO
1589.9366548685837,267.6370110556744,NO
1588.9629697175271,267.8855427593545,NO
1588.0364754216307,268.1120630444332,NO
1587.0637448682237,268.36122091993377,NO
1584.9960938199674,268.9877782095171,NO
1584.0352531901963,269.20430826361167,NO
1583.0660641148204,269.366224959015,NO
1581.9866774759007,269.48532051507647,NO
1581.0,269.4725490204915,NO
1579.9608792042818,269.543287471158,NO
1578.9543437480568,269.90904558329345,NO
1578.0691287555426,270.160669123404,NO
1576.06369601224,271.1286710612654,NO
1574.0279960272017,272.05621249491384,NO
1573.054258323539,272.3866380125432,NO
1571.9416512271305,272.6284881973937,NO
1570.986211019974,272.97914330126156,NO
1570.353752747612,273.3339379372159,NO
1569.0730000026015,274.2233844025881,NO
1567.07639975308,275.12633030861423,NO
1564.632241671656,274.4290513999092,NO
1563.9820604904403,274.1005975019137,NO
1563.0990422173277,274.2086960951425,NO
1560.6166038179365,273.61660381793655,NO
1560.0,272.0,NO
1559.8333437030512,271.1666562969487,NO
1559.0,271.0,NO
1558.1666562969488,271.1666562969487,NO
1558.0,272.0,NO
1558.1666562959763,272.8333437040237,NO
1559.0,276.3268353921444,NO
1557.0651364052126,279.64926285863015,NO
1556.0,279.5000000004902,NO
1555.0,279.5000000004902,NO
1553.937591631369,279.6463525777586,NO
1552.9798159531665,279.95963190633313,NO
1552.0433309120526,280.22923449888395,NO
1549.0,279.2734590960913,NO
1547.044432953726,280.13043221754543,NO
1546.1721094325483,283.3064792022786,NO
1544.113618397539,284.15510178840026,NO
1543.0114240586354,285.01770729088497,NO
1541.0202674068732,286.0408552486148,NO
1539.019810282168,287.039620564336,NO
1536.9969879767807,287.99080160535397,NO
1536.1746875983104,288.31006034724703,NO
1534.0,289.5000000004902,NO
1532.9980467866435,289.50193057946603,NO
1531.9316991246235,289.3980292608444,NO
1530.8720946993346,289.67287249055704,NO
1530.0120179221983,290.01885640222406,NO
1529.0616370222367,290.3572145646179,NO
1527.0202139251642,291.0404278503283,NO
1524.8333436903108,289.16665630968924,NO
1524.0,289.0,NO
1523.1666563096892,289.16665630968924,NO
1523.0,290.0,NO
1522.0604803968422,293.3521687097204,NO
1520.0625399659418,294.1263307324627,NO
1519.0,294.5000000004902,NO
1517.9688245292868,294.5525661330545,NO
1516.9545047842096,294.9091879825853,NO
1516.0697677163093,295.16194374487895,NO
1513.9825127875981,295.9650255751963,NO
1513.1085603240958,296.2398666220548,NO
1511.0523689121635,297.135580864035,NO
1510.0345813556926,297.36624797905677,NO
1508.8692176967513,297.6695201668238,NO
1508.011418568419,298.01779616291606,NO
1507.061610124483,298.3570586799071,NO
1505.937198190459,298.64803382753973,NO
1504.9820638176766,298.9641276353532,NO
1504.074821505963,299.23267663644003,NO
1502.063016897898,300.12678398982837,NO
1499.9827873222298,300.9655746444596,NO
1499.1506623607247,301.2596262534735,NO
1498.0191929978153,302.03838599563056,NO
1495.9823111584917,302.9646223169834,NO
1495.1506623607247,303.2596262534735,NO
1493.0,304.32745098039214,NO
1492.0,304.32745098039214,NO
1491.0878312793286,304.40766969612366,NO
1489.028030700133,305.06527697482665,NO
1486.9828045829822,305.96560916596457,NO
1486.1507823854802,306.2608871806107,NO
1484.1793176580713,307.3166142498752,NO
1483.064988516655,308.1014082550108,NO
1481.0211639254858,309.04241117093784,NO
1477.8333436903108,308.16665630968924,NO
1477.0,308.0,NO
1476.1330690535292,308.1330690535292,NO
1473.8885463178651,310.6181072203478,NO
1472.982264231634,310.9645284632678,NO
1472.0885715291322,311.24167023821553,NO
1470.1174062157636,312.16498765716653,NO
1467.9625441497228,313.3121320973552,NO
1467.1102364616277,313.3108170703641,NO
1465.0532815269785,311.95771208310947,NO
1464.7308974685527,311.47514392642694,NO
1463.9440862256126,311.1724855293731,NO
1463.0921097654843,311.22906597850647,NO
1462.5131487061944,311.638787767241,NO
1461.6589135578474,312.97674073564025,NO
1462.1549019607844,314.0,NO
1462.2264805046286,314.9609210113958,NO
1462.3537514593181,315.9389605331811,NO
1460.0206778840766,318.04111344814913,NO
1459.2584880119,318.4564022800077,NO
1458.064043266512,319.12910309928645,NO
1456.146483600096,320.1468675714495,NO
1455.086404931281,321.1332734959887,NO
1453.0377022430296,322.1179640751848,NO
1452.06295732489,322.36486631871645,NO
1450.9363990234845,322.6496789429327,NO
1449.980647153675,322.9613702015261,NO
1449.0318696494355,323.21464524829724,NO
1447.1043585789473,324.10096229229737,NO
1445.2256384213567,325.30820049296653,NO
1444.0206438079383,326.04128761587685,NO
1441.9843548924212,326.95222152576133,NO
1441.0172440655333,326.9543424164525,NO
1440.042419984232,326.7675164545348,NO
1438.9629622941002,326.90193425394597,NO
1438.125707640278,327.1643869094657,NO
1435.9615397301889,328.22413055001783,NO
1435.0411497095436,328.2398034927554,NO
1434.0650962514799,328.3757829049786,NO
1432.020687877136,329.04170283692383,NO
1430.0200611014038,330.0398871107567,NO
1428.03412203948,331.05295193022494,NO
1426.075191816226,332.2367494628781,NO
1423.9829664490771,332.96593289815445,NO
1423.199377765533,333.26161919874403,NO
1422.1412172605349,334.1412172605348,NO
1421.1106412494566,335.1396187210692,NO
1420.019524498882,336.0390489977638,NO
1419.2564677924288,336.4552154448702,NO
1418.0571011332286,337.1245476492319,NO
1416.25390760634,338.2303765529778,NO
1415.1616262236466,339.1769748996435,NO
1414.0870324322925,340.1350603701388,NO
1412.0457414229838,341.12480692946264,NO
1411.3420918588524,341.55163306647813,NO
1410.069757805916,342.1621311629172,NO
1408.0202394380913,343.04047887618253,NO
1405.9968779967287,343.99046573811563,NO
1405.0369995182493,344.2116039962828,NO
1403.0194700440804,345.0392479164416,NO
1402.0626030303329,345.3580330778522,NO
1400.0637902963874,346.1285891399135,NO
1398.0203953302878,347.0407906605757,NO
1397.2551160753192,347.45281622546105,NO
1396.0877022488385,348.13543335900056,NO
1394.1511091205589,349.2616767693091,NO
1393.0194214707865,350.0387667782788,NO
1392.2489606960917,350.4423394776376,NO
1391.1119422000866,351.14161363206006,NO
1389.482224071141,352.3053074527483,NO
1388.0372977271238,353.11575941371376,NO
1385.994460964212,353.98287934334326,NO
1385.0,354.1549019607843,NO
1384.0390864190376,354.2265235673678,NO
1382.8790028373123,354.5854067635663,NO
1381.9631176914916,354.7910002517852,NO
1380.9909536073333,354.9394129768947,NO
1380.0929913942084,355.158852500526,NO
1378.0,355.73952095808386,NO
1376.9935461593523,355.9856786197732,NO
1376.0706899579434,356.2447771784569,NO
1374.0611349696114,357.13619756847186,NO
1373.6542485973519,357.31751681455427,NO
1372.08757228877,358.15090740070764,NO
1371.012467993657,359.0193253901686,NO
1369.0365181843072,360.0566703625235,NO
1368.4918220490242,360.315468031149,NO
1367.1864372820992,361.2455829222727,NO
1366.0403052469667,362.1146406746135,NO
1364.15740928858,363.1358240580478,NO
1363.0715875964806,364.1334325010877,NO
1361.0895685011053,365.0988743177496,NO
1359.0,364.5000000028409,NO
1356.8707269187735,364.1292730812265,NO
1356.0,364.0,NO
1355.1666563096892,364.16665630968924,NO
1355.0,365.0,NO
1353.1527960070941,368.2631314775622,NO
1352.052959307633,369.0671237538983,NO
1348.8333436903108,367.16665630968924,NO
1348.0,367.0,NO
1347.1666563096892,367.16665630968924,NO
1347.0,368.0,NO
1347.1666563261033,368.83334367389676,NO
1347.700913069915,372.2897843172673,NO
1346.0275134559483,373.0637811945581,NO
1345.0620672544287,373.3597079557584,NO
1343.96676245268,373.5539171428099,NO
1342.9412512802764,373.8216556786632,NO
1342.028659963771,374.0673575206512,NO
1341.0626693388183,374.36248516639273,NO
1339.0642575988493,375.1287681725534,NO
1337.037603043644,376.0583538901432,NO
1336.495172441176,376.31726981288506,NO
1335.2487776927203,377.29502208769804,NO
1334.0979725118457,378.1738825112322,NO
1332.150256261692,379.25788447427755,NO
1330.0616166782427,380.3570966619246,NO
1329.0,380.5000000004902,NO
1328.0,380.5000000004902,NO
1326.966758620768,380.5538657145157,NO
1325.9411800064709,380.82037007215325,NO
1325.0286549470313,381.0673457301568,NO
1323.0208725579598,382.0415005145713,NO
1322.261250979055,382.4634312244352,NO
1321.0883376708236,383.13708589090726,NO
1319.0735285674791,384.22820757507105,NO
1317.9508445742783,384.52278274910145,NO
1316.929984468542,384.3280503076153,NO
1315.0919547516003,383.79691509848743,NO
1314.7340922773224,383.6023624202213,NO
1313.9860403177552,383.36074756795745,NO
1312.8879022762,383.6159004304335,NO
1311.9828045829822,383.96560916596457,NO
1311.1510850367072,384.26141083478353,NO
1310.05232256996,385.0659248936317,NO
1308.4973082957683,386.3255457408682,NO
1307.155087854837,387.1855181737822,NO
1306.1600843874387,388.13759488515177,NO
1305.1113782790003,389.1411674080228,NO
1304.0736010696003,390.07360106960033,NO
1303.1389929134375,391.1102470224005,NO
1302.0867916465404,392.134636447323,NO
1301.0135357947086,393.01353579470856,NO
1300.0862924143844,394.08629241438433,NO
1298.989527091344,394.98385571469106,NO
1298.3662449014241,395.3649884631967,NO
1297.2426605918763,396.2902738573641,NO
1296.1614278113798,397.1767576453501,NO
1295.1418332720568,398.1425797600603,NO
1294.110583041417,399.13945931817767,NO
1292.4826742996947,400.30591151795,NO
1289.7969387619294,400.2656462456314,NO
1287.9983386014712,402.5763433627621,NO
1287.0337308334938,402.54729672332644,NO
1285.0,400.0,NO
1284.8333436903108,399.16665630968924,NO
1284.0,399.0,NO
1283.1666563096892,399.16665630968924,NO
1283.0,400.0,NO
1283.0278266466316,403.06421534158966,NO
1281.0194841551229,404.038968310246,NO
1280.0621691005097,404.359591742432,NO
1278.0260598653285,405.04744726004446,NO
1277.2207017658307,405.5038177397296,NO
1275.5472816259426,406.30075179075834,NO
1274.0611349696114,407.13619756847186,NO
1273.6542485973519,407.31751681455427,NO
1272.0488405152048,408.1300378715259,NO
1270.193843948698,409.2538343238034,NO
1269.0881316559855,410.1073464060824,NO
1267.1510850367072,411.26141083478353,NO
1266.0245653846096,412.0443979891141,NO
1265.2205649229238,412.50350535489747,NO
1263.547418077371,413.30096254742824,NO
1262.0894138343542,414.15348772032485,NO
1260.509079281915,415.33383068634737,NO
1259.9597886000554,415.9371570613949,NO
1257.9776933626051,416.9698358382231,NO
1257.306292154216,417.30835127306455,NO
1255.6805109366999,418.23997321644055,NO
1253.9769597719908,418.7974048962008,NO
1252.361865021432,418.28982684291043,NO
1251.9260022879826,418.16428200776,NO
1251.0,418.0078431372549,NO
1250.0438489562143,418.1371961228825,NO
1249.081466664362,418.3803064518868,NO
1247.127024897511,419.1785894543058,NO
1245.0,417.0,NO
1244.8333436859473,416.1666563140527,NO
1244.0,416.0,NO
1243.1666563140527,416.1666563140527,NO
1241.0,418.0,NO
1240.1666563096892,418.16665630968924,NO
1240.0,419.0,NO
1239.0351040690327,422.07333180574886,NO
1238.3231778567326,422.52263332200505,NO
1237.286331490135,423.2394996543187,NO
1236.2298932662234,424.2883820179154,NO
1235.2672785916702,425.22562477732424,NO
1234.3183744056344,426.496592266786,NO
1233.2501453934012,427.44283280208,NO
1232.118816506784,428.1844782625983,NO
1229.9724438907601,428.7837905235059,NO
1227.8880472279477,428.25027902962825,NO
1227.01588631884,427.9679761940021,NO
1226.035523511434,427.6645001628077,NO
1224.9619425318754,427.92795227549334,NO
1224.1909351164682,428.1964774979535,NO
1223.3674123213827,429.26861236052355,NO
1223.115509971139,430.0351653352905,NO
1223.0667971776054,430.9871644632155,NO
1220.0,433.2734590710595,NO
1219.2734590710595,434.0,NO
1215.946149073695,436.06821117021167,NO
1213.8707136952478,432.8707136952478,NO
1214.0,432.0,NO
1213.8333436903108,431.16665630968924,NO
1213.0,431.0,NO
1212.1666563096892,431.16665630968924,NO
1212.0,432.0,NO
1212.1292863047522,432.8707136952478,NO
1213.0788865396814,436.06073747871847,NO
1212.264156294459,437.1531610507634,NO
1212.0001578690808,438.0000681003865,NO
1211.3170336620851,440.17970111395795,NO
1207.8072575956865,438.0642474660862,NO
1207.0,437.5000000028409,NO
1206.191905100721,438.0639683648975,NO
1205.0639671145102,439.1919013495589,NO
1204.5000000028408,440.0,NO
1205.0642466117072,440.8072601588237,NO
1206.0422255128103,444.093744682559,NO
1204.0365378218808,445.05670083688665,NO
1203.493045275523,445.31439302817097,NO
1202.1498646556702,446.25929930320774,NO
1200.0059332148905,447.1621745455822,NO
1199.0989001344142,447.314282633432,NO
1197.0179240781033,448.0395521818078,NO
1196.27434708952,448.37039617237883,NO
1195.0450646066583,449.1227450351555,NO
1194.2278886378024,449.52155273059674,NO
1193.090136883576,450.09893073015655,NO
1192.0731554549627,451.10430552181225,NO
1190.098573343782,452.17194749595785,NO
1188.981127797177,452.96934118843825,NO
1188.4013513226323,453.362666860908,NO
1187.2236793912496,454.28883644227886,NO
1186.0625798474762,455.1260305868949,NO
1183.9646522861726,455.8920518874046,NO
1183.0620477294915,456.1377519020508,NO
1182.663376397484,456.3393640379954,NO
1179.519084126319,456.4380812573687,NO
1178.0,458.4999999907297,NO
1177.0,458.5,NO
1174.6551804166809,457.4773385027904,NO
1174.0,457.15327143414305,NO
1173.276999649316,457.2769996493158,NO
1173.089480959628,458.0,NO
1173.3704236171259,458.62957638287423,NO
1174.0710303558756,461.0372604954558,NO
1172.9542409855353,462.9602484524009,NO
1170.9317411399454,463.7824248840011,NO
1170.0174841847609,464.0368267754828,NO
1168.9958498870121,464.38264043138577,NO
1167.1275173200493,465.10841625126255,NO
1164.6651377378935,464.3348622621064,NO
1163.9031353753594,463.2905938830505,NO
1163.0,463.1073686143548,NO
1162.0000627849442,463.00609013949224,NO
1161.0478247970289,463.139570319652,NO
1159.9997831993492,463.0104064309333,NO
1159.0,463.0,NO
1158.1666562993769,463.1666562993769,NO
1158.0,464.0,NO
1158.1666562993769,464.8333437006231,NO
1157.2429963312622,468.24299633126225,NO
1156.467906454941,470.47256224825315,NO
1153.0,471.1060540449972,NO
1152.0976159597978,471.2889432431834,NO
1151.0,471.50000000510204,NO
1148.001253526337,472.1215920525299,NO
1147.0505588901572,472.14754940739687,NO
1145.064246613283,473.1927398459038,NO
1141.7728028991878,472.2271971008121,NO
1140.478615318726,472.1595384345635,NO
1140.3268353642163,473.0,NO
1141.7944135499474,473.79441354994754,NO
1145.064246613283,473.1927398459038,NO
1146.0249240524213,473.0747721596127,NO
1149.1280129526758,476.32600633785165,NO
1147.0221717541247,477.0454120238713,NO
1144.9992023190753,477.9982100818017,NO
1143.9538439057342,478.123136149581,NO
1143.0039145634257,477.9356179267597,NO
1142.0916138056084,478.10678363114874,NO
1141.1317247401978,479.0731444522176,NO
1138.9606720195418,480.3799082773963,NO
1137.8787289198726,480.5439024145629,NO
1137.0043493978585,481.00364217873295,NO
1134.9744430570431,482.23512386533594,NO
1133.993302297637,482.1327238546573,NO
1131.9899528809656,482.98386966473896,NO
1131.0005797520973,483.2678454516264,NO
1129.764135906277,483.80306492114136,NO
1128.9874351366454,484.9873973480437,NO
1127.261288704662,486.1444053300805,NO
1126.072117324459,487.24329691261016,NO
1124.0300003243265,488.06649110439656,NO
1123.014897791002,488.3364128988177,NO
1121.9987854135525,488.30971955318637,NO
1120.8248959502428,488.78953513014613,NO
1119.0,490.21925956161687,NO
1117.0321074615936,491.04527653956325,NO
1115.997496270051,491.3294193173475,NO
1115.0384339752434,491.3084921595241,NO
1113.9452692829218,491.91213154611467,NO
1112.0012138116274,492.30952197406594,NO
1110.0519047296552,493.0687240305971,NO
1108.0231948567116,494.0958391777474,NO
1107.0256589608896,494.25165519399275,NO
1105.0347341090235,495.0570241089359,NO
1103.0722594666825,496.0759532430342,NO
1102.0747696292328,497.1057087858907,NO
1100.0155380348087,498.0339622686855,NO
1099.4155433252904,498.5165698986855,NO
1098.0242585918545,499.10130304653114,NO
1096.0264523676547,500.0502195060338,NO
1094.0847058223553,501.0847058223553,NO
1093.0814163849795,502.0814163849796,NO
1092.2154493725398,503.14804621975736,NO
1090.272491384664,504.4114802760908,NO
1089.0176684676062,506.02690123856837,NO
1087.8795983440048,506.88076164346745,NO
1087.4944541919492,507.2077538667304,NO
1086.0112490239385,508.23240003714585,NO
1084.098007981215,509.08510496725523,NO
1083.1472237187224,510.12707299303895,NO
1082.1275855862305,511.1469604649563,NO
1081.0148247757595,512.0439961104016,NO
1079.8153376318955,512.5639081120748,NO
1079.0265249458039,513.0262874092283,NO
1078.0786313760132,515.0236343439561,NO
1075.9986279700124,516.2332451052573,NO
1074.0242628646608,517.0459468127922,NO
1072.15884814393,518.1003045986946,NO
1071.0938689193279,519.1693358164971,NO
1069.0330786791556,520.0915082508485,NO
1068.229937092973,520.5006058968377,NO
1065.9971220483778,521.2664983071165,NO
1064.9819648076896,521.1210223586548,NO
1064.0131007741227,520.9397116050966,NO
1061.9481833271034,520.2917772149386,NO
1060.9819727492759,520.0735511825933,NO
1058.9443091509422,519.0692654956015,NO
1056.975419966156,518.2558329902303,NO
1055.9793047843204,518.1185905581711,NO
1055.0024817003036,517.9835627637138,NO
1053.9997424022163,517.9985402792255,NO
1053.1291950437849,518.2272823791608,NO
1052.1024432568406,519.078948257105,NO
1051.13704441633,520.1213236193357,NO
1050.2056921157148,521.2026036395657,NO
1049.1316795982007,523.0604782517172,NO
1048.1360456436498,524.1360456436498,NO
1047.1143022406616,525.1480431896837,NO
1046.090356893264,526.1067583120642,NO
1045.1306921082507,528.0348601999572,NO
1044.455703158593,529.3720330564321,NO
1041.2854789365592,530.2913650949358,NO
1040.0439292534554,534.2136348875409,NO
1038.8647995289034,534.8665245706327,NO
1038.049298150262,536.0262248154129,NO
1037.3476742920477,537.164495960812,NO
1036.0703567622347,539.0605441023978,NO
1035.0244132148766,540.046231532396,NO
1033.851588018335,540.8525424373062,NO
1030.7394149534912,541.259120964099,NO
1030.1021560806953,542.1021560806953,NO
1029.8420802034925,543.0511877953587,NO
1028.1441077575078,546.1065307719773,NO
1027.0561953225638,547.125757499617,NO
1025.1025566366063,548.0886687583959,NO
1020.8726270228833,547.1273729771167,NO
1020.0,547.0,NO
1019.1666760352526,547.1666760352526,NO
1019.0,548.0,NO
1019.0248235231387,549.0005171567475,NO
1020.0812086791161,552.0964526298646,NO
1018.1252034905889,553.1707320337684,NO
1014.8768244312367,552.1231755687633,NO
1014.0,552.0,NO
1013.1666760792384,552.1666760792384,NO
1013.0,553.0,NO
1013.0521899175122,553.9478100824878,NO
1012.9532376157337,557.948077629883,NO
1012.3808714515978,558.3027439676548,NO
1011.1087972681551,560.1087972681551,NO
1009.1380216230644,560.499974315459,NO
1007.8667622396059,560.520344044778,NO
1006.9391897554664,560.8079098813209,NO
1005.9974646704981,560.9820306205667,NO
1005.0036373886392,561.0863214416322,NO
1003.9904540098057,561.1615475326714,NO
1003.0328505701497,561.2052578171941,NO
1002.0394271830912,561.2526452376648,NO
1000.9686287606568,561.1052587614325,NO
1000.0519000122612,560.8876653085814,NO
998.9726675788559,560.5908953801494,NO
996.8630155986755,559.1369844013245,NO
996.0,559.0,NO
995.1666760792384,559.1666760792384,NO
995.0,560.0,NO
995.0772866886243,560.9227133113757,NO
994.1044299889185,564.1044299889185,NO
993.1408650994291,565.1247060198328,NO
992.1351659859943,566.1522653052248,NO
991.1180228885574,567.1376328450597,NO
990.0108686612698,568.0198681891853,NO
988.05214062902,569.3601341101764,NO
986.8771442405205,569.6459396618102,NO
986.0261303330411,570.0308511862945,NO
984.9693429992658,570.9533568409942,NO
984.1182245806937,571.279840090695,NO
982.1761972331998,572.2692293760115,NO
981.1481702865583,573.1287055533674,NO
980.0841118819237,574.1360365527557,NO
978.1214102061493,575.2645007938632,NO
975.9998100846387,575.9987947201881,NO
975.040035020248,576.1535177509394,NO
974.031843968893,576.3455409254088,NO
972.9254313394305,576.5507238064961,NO
971.9682928535625,576.9377047833718,NO
971.1470944580965,577.2322239241338,NO
968.9595815007134,578.2615314617971,NO
967.8095324990036,578.7588405581705,NO
967.1180684423847,579.0899421861881,NO
966.3229267523147,580.2248347056926,NO
965.0764948606197,581.20135420614,NO
964.2188645401958,582.0660388996139,NO
963.0257293818444,584.0978141736812,NO
961.0593145978719,585.0594927196671,NO
960.4093589211543,586.1719995504843,NO
959.0006819637623,588.0011425107969,NO
956.97221263888,588.9518083912074,NO
954.9245535868048,587.2263392466958,NO
954.0748038883918,587.224411672225,NO
953.5000000053192,588.0,NO
952.024025646815,591.3579414296988,NO
950.3012026076486,592.175137471068,NO
948.0843911654539,593.1918958245153,NO
947.0047699124195,594.0060429633554,NO
945.0267642818371,595.050811671407,NO
943.0883605882697,596.0891530590076,NO
941.0180266932495,598.3302626370287,NO
939.0531827002075,599.0702968545297,NO
937.2267084808204,600.3102573433624,NO
936.0539895390718,601.0990455572418,NO
935.6144791472561,601.7679790312703,NO
935.0474834505869,603.0195978916106,NO
932.9288699132777,604.3037847358846,NO
932.0155823838095,604.1493311764027,NO
931.1064580161926,604.2669164771193,NO
930.2370499764863,605.1123194869333,NO
929.1404880487771,606.3010458244655,NO
927.997589162885,606.996410731011,NO
927.2605036628864,607.4307337718013,NO
925.195382418075,608.4117563311225,NO
923.357518168138,608.1191873424459,NO
920.910829576268,607.089170423732,NO
920.0,607.0,NO
919.1666760335107,607.1666760335107,NO
919.0,608.0,NO
919.1666760335107,608.8333239664893,NO
921.0779572322652,612.0784247410838,NO
919.017927689416,613.3284488120162,NO
917.8679724511129,613.8433768006904,NO
917.2302519775652,615.0235257454138,NO
915.9723440118253,616.9402074460525,NO
914.0109710360298,618.0193937881718,NO
913.0526318992067,618.3049861698007,NO
911.8200210249257,618.7524825175984,NO
911.3221192472283,619.1738959524189,NO
909.0354384280719,621.3468441914083,NO
907.8663020704404,621.6476013157193,NO
907.0165530538424,622.019401468838,NO
905.9932335480262,622.9923241371961,NO
904.9469840602002,623.914884567384,NO
904.0860439853973,624.210574870034,NO
902.0115635251911,625.2253602587156,NO
900.8922357909603,625.503200226803,NO
900.3501804241087,625.4770914668677,NO
899.2609036298384,626.1947814906691,NO
898.008598012911,628.0126367131052,NO
897.2269431371982,628.4500614081214,NO
896.1603425889839,629.1629928726153,NO
895.1198753150037,631.1407054396665,NO
893.0388299093097,632.0762495303932,NO
892.0959272921108,633.0499670410127,NO
891.096496814942,634.1232097715529,NO
889.1281549130216,635.2969631979715,NO
888.0480730356896,636.0416094334562,NO
887.0376500468891,637.0764129051968,NO
885.1055993298498,638.1055993298498,NO
884.012892005722,639.0198659659446,NO
883.4667920412462,639.5529690527202,NO
882.3406797129387,640.3457361953866,NO
881.4652359643138,641.470852501659,NO
880.9805109725446,641.9834328657574,NO
880.0650538001646,643.0408773283438,NO
879.0379535651707,644.066213954067,NO
877.002791338419,645.006200710635,NO
876.3464785646376,645.3744096647932,NO
875.10791728821,646.1388448057149,NO
874.0451054865365,647.0578965962259,NO
873.0275942247225,648.0307195386436,NO
871.9914381176507,648.9872902985427,NO
871.2578959204052,649.3824727567885,NO
870.1131103563878,650.1464814311862,NO
869.066433764204,651.0676722130662,NO
868.1250829418062,652.1091081072129,NO
867.0613218352657,653.0924660194892,NO
864.1116848832377,653.5584244246744,NO
861.9991448760186,655.5638867467472,NO
860.946432298983,655.7093667281504,NO
860.0020573283657,656.0039061703754,NO
859.2591958226343,656.351025199499,NO
858.186496946465,657.1993974904509,NO
857.1854314340054,658.1832006830662,NO
856.1788183457082,659.1793270678273,NO
855.097937196196,660.1433110423333,NO
854.0107380711794,661.0154231536474,NO
853.4521775412151,661.5428018486072,NO
852.9894382240852,661.9906302353304,NO
852.0753950992332,663.0512616227693,NO
850.0386814095374,664.4288591057413,NO
848.059362534134,665.0937988095226,NO
846.1943908423717,666.2451014839322,NO
843.6875324440946,666.2389297069221,NO
841.0699378357393,668.1336625162629,NO
840.0945660932414,669.0590047111156,NO
839.4341828142852,670.2594743829663,NO
838.993293631376,670.9948133884207,NO
838.0263061199781,672.0254600176036,NO
836.9862837302918,672.9842108541204,NO
836.0841842080384,674.0421906821038,NO
835.1212977457782,675.113264778682,NO
834.0839993711032,676.1279560303675,NO
832.2642564945772,677.2798549471056,NO
831.2755612485847,678.2387640061104,NO
830.1472267771586,679.1935185082571,NO
829.0670255435359,680.0957507734943,NO
827.0969844291182,681.2903527834976,NO
825.0102629665259,682.0251231465905,NO
824.2360369782804,682.3345723304797,NO
823.1122299283757,683.1481435019109,NO
822.0195507912074,684.0361525806834,NO
821.2509055603496,684.4760288213606,NO
820.1051521638336,685.1282382055011,NO
819.0657413368966,686.083051920843,NO
817.2562641499788,687.3470548771061,NO
816.1784839350311,688.2054470221576,NO
815.1694525679745,689.18681795113,NO
814.0246565705463,690.1003718775376,NO
812.1200670973132,691.0898536186949,NO
811.0299011487336,692.0669147097814,NO
809.1136616759576,693.0843386373178,NO
808.1426647952184,694.1284891767707,NO
807.1368242341977,695.1368242341977,NO
806.0841784662136,696.1361666012295,NO
804.1332625232417,697.1954356342036,NO
803.106448543387,698.106448543387,NO
802.0899773953836,699.0899773953836,NO
801.0386220646744,700.067241290759,NO
799.0707532255187,701.0943786532242,NO
798.0239761124961,702.0269553916529,NO
796.982127000342,702.9772628288181,NO
796.3839049601743,703.4576403616302,NO
794.0,704.3196078431373,NO
792.8736413732913,704.5598508116083,NO
791.9692300431306,704.941510557906,NO
791.1615722727666,705.2354338846332,NO
790.0913536513996,706.0913536513996,NO
789.0902012408666,707.0902012408666,NO
788.0902012408666,708.0902012408666,NO
787.0763178995924,709.0867636469534,NO
786.0528177248639,710.0528177248639,NO
785.099900304441,711.0778293048418,NO
784.1323329043056,712.1327030704002,NO
783.149085830343,713.1307428115908,NO
782.0682048396013,714.126848249119,NO
780.0229183314924,715.0508189064333,NO
778.0211712146389,716.038813895042,NO
777.2570308966622,716.4862221740923,NO
776.0676011236304,717.117797478287,NO
774.1702414781231,718.2525560377769,NO
773.066925834093,719.0956083314373,NO
771.0071501659025,720.1934516985085,NO
768.9079269023903,719.2333061631253,NO
768.0211025357094,719.1391044647356,NO
767.2360775221118,719.3494341434899,NO
766.0992260304142,720.1311719708135,NO
765.054207399487,721.054207399487,NO
764.10310998716,722.0795831476413,NO
763.1959619338206,723.1515471478473,NO
762.2299026500223,724.2285239190244,NO
761.5354549811016,725.357777597391,NO
761.031526591304,726.020733089243,NO
760.0868505729736,727.0765951534382,NO
759.1090984971773,728.0948390067979,NO
758.1529107082179,729.1443591084345,NO
757.0606119918301,730.1131759187361,NO
755.2085779087563,731.3292645018541,NO
754.0319390384517,732.0619617307738,NO
753.3641359666746,732.5466149471712,NO
752.0984186503397,733.1882181516884,NO
750.258712872191,734.2861716150347,NO
749.192836951565,735.2072924990821,NO
748.1388516564942,736.1661667497905,NO
747.0450107941997,737.0847362289499,NO
744.9526515771747,737.7403473411922,NO
744.0222384803529,738.0347476261661,NO
743.5262004550452,738.524203509617,NO
742.1995619945167,739.3295480801321,NO
741.0972577325755,740.1128412299224,NO
740.0657139938332,741.0830173779809,NO
738.2588102539831,742.3495170669443,NO
737.119858033268,743.1682735928371,NO
736.0239621461047,744.0409264975044,NO
735.3688909187041,744.5429742582114,NO
734.1821407108246,745.2248205598764,NO
733.0885066715914,746.1251301178099,NO
732.0627170357144,747.0556024034688,NO
731.1389661865493,748.1074650001931,NO
730.0896832901878,749.1346040133902,NO
729.0485962677164,750.0563179562075,NO
727.643039200281,751.3061574612427,NO
726.1853520439031,752.1847843406587,NO
725.0761919437992,753.1275423170903,NO
724.0596775936857,754.059101926014,NO
723.0199490016412,755.0230870463323,NO
721.1678075440229,756.363662242412,NO
720.0549397417094,757.0715253225909,NO
718.9926511464193,757.9917379755997,NO
718.5482014370122,758.4581123771643,NO
717.1610828218505,759.3831674305992,NO
715.1649019931094,760.3331353508048,NO
713.1802551868076,761.3600586152826,NO
711.6035270659652,762.3169460575626,NO
710.3635599799704,763.2699925996309,NO
709.2448166261088,764.3643902389538,NO
708.0795101691192,765.1055364084142,NO
707.0626453865599,766.0693758830971,NO
705.9962742331091,766.9943808106369,NO
705.2670530518233,767.3933166445142,NO
704.1408394682171,768.1601325397866,NO
703.0720661448534,769.1195181383724,NO
700.9465305489435,769.6936020313054,NO
699.9851813845632,769.9638397432276,NO
699.0867574733076,770.2298828050682,NO
697.1428568689538,771.2428002051536,NO
696.0295494452592,772.0465627587405,NO
694.9636593717547,772.9483641079781,NO
694.2247022479481,773.2676102353024,NO
693.1374505444334,774.167673103474,NO
692.0774472423968,775.0994098959163,NO
691.0113948415622,776.0184517572409,NO
690.4031605123582,776.5390573309568,NO
689.2737072754883,777.2608972578481,NO
688.2072420654124,778.2398038346122,NO
687.1198220918466,779.155281628583,NO
686.1767724302191,780.1400527171816,NO
685.1612144218885,781.1768077141388,NO
683.7041128484547,782.3557161351796,NO
681.9832429444567,782.9448638826473,NO
681.0724775915138,783.1771674446547,NO
679.1712652387451,784.198211661638,NO
678.0944694460374,785.1408812642977,NO
677.0062185041083,786.0115147721635,NO
676.2308677704757,786.4115975871039,NO
674.2237818870203,787.4470029284197,NO
673.0698175273403,788.1020061274162,NO
671.9967026250422,788.9956986167689,NO
671.0033402757166,790.0029566586539,NO
669.987233797656,790.9792704753966,NO
669.2159830266329,791.3911632232359,NO
668.1095501411465,792.1267551335029,NO
667.0248853694228,793.0354606035905,NO
665.9342546506773,793.8534591559003,NO
664.5995005111808,794.3303123233092,NO
663.0589992193211,795.1455741637183,NO
662.3153080116467,795.5630500427774,NO
661.1895633147109,796.1884161756334,NO
660.2649802599817,797.2415877905642,NO
659.2339485354421,798.2711772234709,NO
658.1581603208965,799.1895265754194,NO
657.2120626212773,800.1533891702915,NO
656.2702808939069,801.2593178585672,NO
655.2356284256257,802.2342025243368,NO
654.1300457428603,803.1990023707654,NO
653.0365594689613,804.0522278111732,NO
652.005664607663,805.0056498176094,NO
651.0092095409289,806.0109775609754,NO
650.2417651201064,806.5238244039722,NO
648.2048507388132,807.4389658791974,NO
647.0335532811708,808.066542644188,NO
646.2614009833516,808.4920103727972,NO
645.0774283084188,809.122255227451,NO
643.2271155134713,810.3560829912465,NO
642.1103266642688,811.1334299729992,NO
641.0790288546923,812.0916374396401,NO
640.0414428755864,813.0471152252004,NO
639.0275166673675,814.0305529884727,NO
638.0145926660105,815.0128358092182,NO
637.0587273689374,816.0587273689374,NO
635.0743353344715,817.2234677187104,NO
633.0849456821842,818.1453443325909,NO
631.9903900796074,818.9859471362547,NO
631.4492943959294,819.4492943959294,NO
630.496051346974,820.496051346974,NO
629.2109206775541,821.3113171636413,NO
628.1860560922157,822.1618451175724,NO
627.2072126284799,823.2493083605804,NO
626.0396634044149,824.0757210406234,NO
625.4711486844614,824.5609863408788,NO
624.0642006542579,825.2282418810381,NO
622.1601877393814,826.2335337850878,NO
620.4716788603822,827.3540073659369,NO
619.0976987374228,828.2181693577444,NO
617.1673312911336,829.2675972667103,NO
616.0724620527619,830.0864096376491,NO
615.0766899178565,831.0785378669749,NO
614.0353736989011,832.0439554844585,NO
612.9951250050391,832.993909873102,NO
612.3830442719983,833.4370352747404,NO
611.2612271183003,834.2882656563294,NO
610.1794643228783,835.2023399047075,NO
609.107775067841,836.1427021660539,NO
608.0796848235636,837.0796848235636,NO
607.1185981491957,838.1042492358537,NO
606.0799455744387,839.1009462009778,NO
605.0543146234344,840.0635878519472,NO
604.0588510067721,841.0458490389187,NO
603.0828160812274,842.1054261894442,NO
601.2240844353435,843.2601890937078,NO
600.1078402835731,844.1485412956247,NO
599.0015372126222,845.0026477257605,NO
598.3057143868351,845.3849089598594,NO
597.379499727057,846.3014180974214,NO
596.1317867484221,847.30569090597,NO
594.9983536776805,847.9969556832839,NO
594.2529072676421,848.4133725700843,NO
593.1504426770949,849.1626774687877,NO
592.0777284934104,850.1000362167723,NO
591.0703024246741,851.0623273044881,NO
590.1091501415032,852.1088583002834,NO
589.0284759536996,853.0451189937015,NO
588.4630315204988,853.6253526803439,NO
587.3815085984048,854.3938818433547,NO
586.9721869350784,854.9745571554857,NO
585.1006414999503,856.1913963117919,NO
583.0690980081259,857.3524696429787,NO
581.9323605367497,857.7125322734852,NO
580.9905926452234,857.9748529160127,NO
580.1641944323851,858.286385636737,NO
579.0370601082369,859.0480992914161,NO
577.9930844433112,859.9915364843993,NO
577.385483544844,860.4398183689053,NO
576.1847500061281,861.3025732286991,NO
573.1817840635774,860.9394053140444,NO
572.0,860.5000000054348,NO
571.1927447276397,861.0642482405283,NO
571.1591366907271,861.9469544380906,NO
570.1967245025454,865.2679850210693,NO
569.2681562092732,866.2064924549759,NO
568.5877011528407,867.4351531015252,NO
567.9994281376017,867.9994120060843,NO
566.9813783775822,868.9839059665052,NO
566.326080315309,870.1262246328057,NO
563.2256349061475,869.0752116330198,NO
563.2303842982917,869.9232052363152,NO
564.0720964846957,873.0550881426735,NO
562.995993364286,874.995993364286,NO
561.0836436898743,876.0827091249562,NO
560.0158828632635,877.0279758261411,NO
559.2608083237831,877.4401507049998,NO
558.1454258342317,878.1481513436088,NO
557.1249093202912,879.1410947430286,NO
556.0774895573007,880.0992004900686,NO
555.0135236211405,881.0232279603832,NO
553.0009642281767,882.0020895190303,NO
552.2737595689501,882.428188028208,NO
551.1099452782703,883.1482712669618,NO
550.076080965812,885.0427102804622,NO
548.097765541832,886.215534983707,NO
546.9949229216579,886.9942057743382,NO
546.4529067623112,887.5406948807289,NO
545.3954071474883,888.4895939969963,NO
544.0545811490671,889.1392584473336,NO
543.2508019982249,889.5472772044822,NO
542.0427480714075,890.0909652152851,NO
540.947152800464,890.9151554745982,NO
540.0844444588042,891.2102544693405,NO
538.9438893031805,891.9218380184411,NO
538.3642194724101,892.3746045485726,NO
537.9612974478067,892.9769315292381,NO
537.126726091482,894.089815580838,NO
536.1069952005853,895.0932886292321,NO
535.1241252619591,896.1241252619591,NO
534.0940535636245,897.107229474017,NO
533.178086171187,898.1252546809739,NO
532.1816400696537,899.2260839080247,NO
531.1392221284533,900.1661201354653,NO
530.1392859789295,901.141106706432,NO
529.1410187900244,902.1391991969247,NO
528.0926572568803,903.0918840400466,NO
527.0606582307548,904.0801555183558,NO
525.9918506968506,904.9885335635688,NO
524.9441994066436,905.9434036785962,NO
523.9420864989004,906.9416750368971,NO
522.9696579858435,907.9742206937578,NO
522.0206219817954,909.0173703823659,NO
521.0923628090842,910.0764999472374,NO
520.0383047900981,911.0494143349623,NO
518.0331179897088,912.1963973775873,NO
516.9981699818516,912.3111030950771,NO
515.0615615848001,913.0717717962526,NO
513.973552293128,913.9630845694528,NO
512.0032881099911,915.0718452058114,NO
511.04190761785793,915.1513152953537,NO
510.36827302947273,915.6364830780892,NO
509.4197842118502,916.309565341655,NO
507.94900231193384,917.9181248073965,NO
507.1077932517809,918.2278738202724,NO
506.00140830517637,919.0016679927129,NO
505.05490940606813,920.0393084037911,NO
504.11552478386926,921.097529269754,NO
503.0599916889494,922.0818068491171,NO
502.0176926324683,923.0287679420229,NO
500.8229517637307,923.7035277124223,NO
500.16691112883797,924.0957829839789,NO
499.064435187337,926.0488145370294,NO
498.0473359105305,928.0176995150271,NO
497.16948676208824,929.144748020177,NO
496.0051050805214,931.0065313720098,NO
494.8575068499631,931.8759345412218,NO
492.10092874710546,932.3027862508283,NO
491.50000000510204,933.0,NO
490.93719610875115,935.9267798562817,NO
490.06965242638387,937.0373306771569,NO
489.1422479625026,938.1205599241217,NO
488.0243041220788,939.0453160507714,NO
487.3309979282929,939.5355845697624,NO
486.1227101180274,940.1866267267184,NO
485.0895029907011,941.078285901948,NO
484.0946791335569,942.0929464391479,NO
483.0826461122963,943.1001241409182,NO
481.13397358231214,944.309169800701,NO
479.15792665804867,945.3147540547451,NO
477.2517868109536,946.4052460493867,NO
476.09530060940983,947.1446556102231,NO
474.33044386328817,948.3304438632882,NO
473.43612721367856,949.3822483921037,NO
472.38726123256316,950.4403713772143,NO
471.97684238600795,950.981669147592,NO
471.09502580543125,952.0603048425774,NO
468.0249157407302,952.9750842592698,NO
467.3244436891645,956.226808180097,NO
466.5343687813099,957.5343687813099,NO
465.998503254908,957.998651999726,NO
465.0150855960788,959.0166190213262,NO
463.96559313426246,959.9541591441978,NO
463.26168720924085,960.342206374248,NO
462.1151846161815,961.1988697764084,NO
460.99987365379565,961.9998351830011,NO
460.3125830759932,962.4990822637253,NO
459.0666166235558,964.0573740007192,NO
458.0428382379649,965.0578240559029,NO
456.9849646744855,965.9756626631283,NO
455.07105685054216,967.0609483468253,NO
453.6047415435086,968.3306106874908,NO
452.13794724666724,969.2063690827897,NO
451.02946560024145,970.0424133269933,NO
449.9678127879061,970.9606080921669,NO
449.3260899096864,971.3260899096864,NO
448.43641014429966,972.3824963696928,NO
447.52979003679064,973.5297900367906,NO
446.52989966920677,974.5298996692068,NO
445.9988652596064,974.9989807046978,NO
445.0162833927607,976.0165114514867,NO
444.0587890382404,977.0385418885303,NO
443.1921940846255,978.1264140394935,NO
442.3446274922512,979.3210151895812,NO
441.3173217373804,980.362048992284,NO
439.0,981.5000000004902,NO
437.97456669887424,981.5367505925641,NO
436.93878918011524,981.7398540085208,NO
436.02227937511236,982.0349328201684,NO
435.5254583035905,982.5254583035904,NO
434.9987656040061,982.9988911877601,NO
434.0422858765297,984.0334721945825,NO
433.06232383354984,985.0693826129345,NO
429.8566908865172,984.1433091134828,NO
429.0,984.0,NO
428.16667607451996,984.16667607452,NO
428.0,985.0,NO
426.9273039529007,987.0726960470994,NO
426.1664762733236,989.2423918468888,NO
425.0972026332958,990.107747561047,NO
424.13391801399496,991.1114023169009,NO
423.0594588549494,993.0418463215992,NO
422.0535819760191,994.053581976019,NO
421.1005311193092,995.0785289661859,NO
420.24767282551693,996.1682709373579,NO
419.9419197703339,996.9620123915339,NO
419.04578254343716,998.0290543085874,NO
418.1394574968237,999.1085753023746,NO
417.2173762616181,1000.1950037435787,NO
416.5347284623103,1001.3972523552003,NO
416.01112389603804,1002.0076889636645,NO
415.07901115246443,1003.0573437898541,NO
414.18174607658074,1004.1397003419365,NO
413.09171984969714,1005.1593207771323,NO
411.33368289254236,1006.330351618539,NO
408.99080404130547,1007.0131219841262,NO
407.0,1006.221568627451,NO
405.0560069164941,1007.0560069164941,NO
404.0867679053789,1008.0763216453327,NO
403.1121984563716,1009.0972571086248,NO
402.43442198377863,1010.2191235531403,NO
402.02273741055365,1011.0132752589985,NO
401.1495838533699,1012.0981589763859,NO
400.5110838416694,1013.3425266983616,NO
399.052306629951,1014.2733965005729,NO
397.063978614051,1015.0733898957362,NO
396.1028771129467,1016.0803615177012,NO
395.10705556502427,1018.0472303955137,NO
394.1363259649389,1020.072237566869,NO
393.87521432471425,1020.928325581396,NO
393.10463661756296,1022.0478250258865,NO
392.2815315486061,1024.0615230058647,NO
392.03053487967514,1025.0107770166965,NO
391.0735115550498,1027.0401047284788,NO
390.45082782900164,1028.2084856011406,NO
387.9752092289685,1030.2634019399923,NO
387.00681634134946,1030.2414932332956,NO
386.19132669179237,1030.4402158527041,NO
385.054436019658,1031.067137760841,NO
384.0390536567567,1032.0384410501713,NO
383.0528511866584,1033.0465248604003,NO
382.12322982273474,1034.0901363017244,NO
381.2656337222787,1035.1930295064508,NO
380.28690541735403,1036.3346365350599,NO
379.13027215276264,1037.207298143563,NO
378.08244012381056,1038.0824401238106,NO
377.1047329047377,1039.0972519878387,NO
376.0811641220925,1040.0942193522967,NO
375.0644540601942,1041.0726538354556,NO
374.00104491278074,1042.001456991065,NO
373.38472114513326,1042.4389485071388,NO
372.4261534114957,1043.377775397042,NO
371.98915232666644,1043.9911597248185,NO
371.0311400677055,1045.0277527664093,NO
370.05871482348886,1046.045864548411,NO
369.1390094502672,1047.108585963178,NO
368.1411045811334,1048.1411045811333,NO
367.1411058387568,1049.1411058387569,NO
366.1450149925845,1050.143498493975,NO
365.2432522272123,1051.193766304674,NO
364.4308943144419,1052.3794442598153,NO
364.0063582985417,1053.004001868214,NO
363.22214667114065,1054.1309032279933,NO
362.17828179757976,1055.2306985820376,NO
361.17362781036405,1056.1730686314163,NO
360.3510032332514,1057.2228998728585,NO
358.0138658740627,1058.9581145053671,NO
356.9760599531434,1058.8446073391224,NO
356.1775777504367,1059.0868254841769,NO
355.2180673240563,1061.1847463535955,NO
354.2144786809649,1062.2160644738701,NO
353.2553069558327,1063.2098236966576,NO
350.0432569458536,1064.2198159137674,NO
349.39300686264403,1064.1984883156595,NO
349.18502936035406,1065.0,NO
347.12032505204854,1068.2578394020925,NO
345.99397572011753,1068.9930832344724,NO
345.4398199157362,1069.5287505268711,NO
344.57491169703826,1070.391634493628,NO
344.05837495433025,1071.0340460594027,NO
343.10322313588136,1072.0985804177337,NO
342.07890042008046,1073.1046638243097,NO
339.0,1072.5649182541233,NO
338.19438781369394,1073.0657282501195,NO
338.1256822210707,1073.9587044146538,NO
338.0247896052367,1077.0467890377586,NO
336.857870649025,1077.859243877626,NO
336.084169547922,1079.0314660622691,NO
335.14667112300276,1080.145436866355,NO
334.4785463264084,1082.055498807852,NO
332.3301985989685,1083.5465356015866,NO
331.45535336708855,1084.2751093312343,NO
331.0468116058678,1085.0243155677758,NO
330.1725496047801,1086.1498384198605,NO
329.3922720776434,1087.2714708542562,NO
328.0520877574388,1088.2326249422042,NO
326.06301529932125,1089.0738588406555,NO
325.0152396726067,1090.0176485232807,NO
324.1547305039695,1091.0715013861534,NO
323.1815483542884,1092.2290885250657,NO
322.44038314313536,1093.2011198589403,NO
322.0135358727178,1094.0086109211202,NO
321.0751791618278,1095.0650710379841,NO
320.02696290127756,1096.0514532220054,NO
319.24012744512004,1096.5742177962895,NO
318.5545256954236,1097.238538993536,NO
318.0797657433605,1098.0376391752932,NO
317.13997634618397,1099.1202199330423,NO
316.2786965546214,1100.2026132246401,NO
315.54656633265,1101.4615449031267,NO
315.0048758017572,1102.0036922298316,NO
314.22244046885123,1103.1061709706269,NO
313.1343311248644,1104.2330233698879,NO
312.0453670121422,1106.0239321397974,NO
311.0593183836388,1107.0691405881107,NO
310.00550554376224,1108.0072673175923,NO
309.0460642265013,1109.0251641600728,NO
308.27890686801055,1110.177557603476,NO
307.5362415058827,1111.4476878539235,NO
306.45414029315435,1112.5399778043816,NO
305.6182065336309,1113.425409937038,NO
305.19665920831073,1114.0605105251623,NO
304.0515231115609,1115.2346597150276,NO
301.98159037210763,1115.969946677773,NO
301.27655840595133,1116.4093612025165,NO
299.21512905757584,1117.4381361061685,NO
298.1712406325705,1118.143760713523,NO
297.4143198408132,1119.250010403024,NO
297.0177293920322,1120.0114744974464,NO
295.02290840061465,1120.752802386463,NO
293.9865465887065,1120.9690772343433,NO
292.04547539724655,1122.0550866360952,NO
290.0704060136971,1123.1811721670622,NO
289.42015340403793,1123.6105677298278,NO
288.59148105490743,1124.4070191831354,NO
288.073195128339,1125.0367253791644,NO
287.4468413018855,1126.2194033927065,NO
287.03386290728554,1127.0170067045578,NO
286.2700105456753,1128.153751227483,NO
285.34234440753437,1130.1390071212975,NO
285.14295711749276,1131.011345802806,NO
285.16879711797725,1131.991134240005,NO
284.0585190341772,1134.0682246276067,NO
283.0030396692579,1135.0040280933026,NO
281.0010465640864,1136.019522445108,NO
280.114952193388,1136.2463261333178,NO
279.11803717587,1137.088334503205,NO
278.23421431510826,1138.1824774229951,NO
276.0129181308746,1139.2917094120999,NO
274.866768673548,1139.866768673548,NO
273.99087157124825,1140.9908715712481,NO
272.0305005526381,1142.0305005526382,NO
270.01689152744297,1143.3276956231036,NO
268.8607737361159,1143.8607737361158,NO
268.4819559651891,1144.206552563207,NO
268.01203203315856,1145.0085275576178,NO
266.964826562716,1145.9578466200614,NO
265.0373407215177,1147.0956633734643,NO
264.33298704854747,1147.3995844458557,NO
263.10693242863994,1148.2237355439102,NO
262.0148340973797,1149.0172903938712,NO
261.1140401074261,1150.0669333454468,NO
260.0644650874066,1151.1098347235447,NO
259.0825372932532,1152.0481045538893,NO
258.22055432185584,1153.2213135592267,NO
256.14538058087106,1154.2374439048845,NO
255.17359685906337,1155.1516510598096,NO
254.06896103908423,1156.119626287166,NO
253.0167373134461,1157.0143595882998,NO
252.05395557726067,1158.0539555772607,NO
251.13197217919893,1159.090938816571,NO
250.31444726782897,1160.2170129015458,NO
248.45454294377612,1162.469324848073,NO
247.48273052335645,1163.4656258785246,NO
247.0477354520835,1164.027819748485,NO
246.21543844721668,1165.183982237469,NO
245.0657373920236,1166.1125035926696,NO
244.04012450084534,1167.0307883426442,NO
243.0301538513971,1168.039297608509,NO
241.99303728106364,1168.992101491963,NO
241.50682379393865,1169.4927453493663,NO
241.02979889969316,1170.0173674556027,NO
240.0856461788413,1171.1092102039936,NO
239.09662846701124,1172.0661009362773,NO
238.10997878389412,1173.1363278704716,NO
237.20361829431803,1174.1408787620783,NO
236.20971923646306,1175.2559430612503,NO
235.0854390916015,1176.1224227466257,NO
234.23908161434335,1177.1318611693216,NO
233.15510202946322,1178.2094351225599,NO
229.9262931788835,1175.2211204702958,NO
229.0737068211165,1175.2211204702958,NO
228.50000000531915,1176.0,NO
229.0737068211165,1176.7788795297042,NO
230.2864808933318,1180.1936325105933,NO
229.1915314251726,1181.3346346274811,NO
227.03494791243142,1182.1916498552885,NO
225.05255617984972,1183.0694687203757,NO
224.02682983344988,1184.0203766447771,NO
223.0935105738725,1185.093233101408,NO
222.08139142123343,1186.0813914212333,NO
221.2638561711717,1187.1521053287186,NO
221.00042474264632,1188.0001210929386,NO
219.9925571381626,1189.9876050557475,NO
218.08382446136102,1191.083824461361,NO
217.21627604573487,1192.1495429051804,NO
216.19598692638394,1193.2223627292772,NO
215.3021738791877,1194.2214719002816,NO
214.2732492921084,1196.1014155801374,NO
213.26542439046136,1198.1020863020678,NO
212.27306729040137,1200.1534046863821,NO
211.0372530175676,1202.0376135312515,NO
209.06369473040422,1203.1578680302453,NO
207.9938814046102,1203.9930590656747,NO
207.49927725154305,1204.4854084332355,NO
207.01455391272748,1205.0098738310123,NO
206.13111255071033,1206.0981957198371,NO
205.23958904851236,1207.2103615038375,NO
204.08693020505333,1208.147588166818,NO
203.23400338400302,1209.0927897842414,NO
202.27106463047173,1211.171876173526,NO
201.1308107734016,1212.2220876188494,NO
200.08673836493912,1214.0216398813086,NO
199.35527007954636,1215.292084472135,NO
198.24349392908164,1216.2794339886648,NO
197.4714128612196,1217.2848119424582,NO
196.1383643947616,1219.2006704645034,NO
195.2276683998897,1220.1313700182213,NO
194.3539630750314,1221.3539630750315,NO
193.13509051370656,1222.2332827068742,NO
192.07781926025075,1223.0775862686105,NO
191.02441233257315,1224.0462298615698,NO
189.86270676110982,1224.8380953288802,NO
189.44498423719756,1225.1928265056763,NO
188.42129549187064,1227.2542841781442,NO
187.980837124012,1227.9850898480443,NO
186.99227590424854,1228.9912079422659,NO
186.45168115123636,1229.537053857589,NO
185.58424646546453,1230.4003719604823,NO
185.0594062239155,1231.0348496904473,NO
184.04680118583116,1232.0689844066885,NO
182.97984801532456,1232.9762099593877,NO
182.1900194514288,1234.063339815153,NO
181.12070046628716,1235.21204135537,NO
180.1261816315235,1236.0865952367835,NO
179.04867353765812,1237.0835135496861,NO
178.0648262908471,1238.0444886306977,NO
177.1154677692368,1239.1143557260652,NO
175.99810391564444,1239.993341993362,NO
174.73367936801307,1240.742001893288,NO
174.20982583133608,1241.100284404275,NO
173.3578651971177,1242.3591955350569,NO
172.96667606601758,1242.974687896807,NO
172.1607322037805,1244.0916046342347,NO
171.05761817558718,1245.0988606664164,NO
170.00193483062068,1246.0019406495892,NO
168.99150688011198,1246.990275992614,NO
168.37156188662,1247.5477097495327,NO
167.0894103811597,1248.1523361697282,NO
166.7001913474246,1248.7877860392969,NO
165.93753122297514,1249.9373433492458,NO
165.15372664008171,1250.3257642105727,NO
164.82961294172412,1250.8301625855834,NO
164.08972824529522,1252.0219007136654,NO
163.06178883005367,1254.0465243096744,NO
162.07908099662032,1255.0788442273288,NO
161.32375878891523,1256.186434140259,NO
160.1355297733241,1257.3139044513434,NO
159.07456903773618,1258.063590820969,NO
158.34719463930998,1259.1620241619664,NO
157.0862869584489,1261.063787102472,NO
156.12619966624945,1262.1258218231917,NO
155.081371376832,1263.0942749234773,NO
154.02396164634558,1264.045376392863,NO
151.97737979523976,1264.9449932079986,NO
151.02433315293163,1265.1658451048756,NO
149.46436425000255,1262.3759138980154,NO
150.023354232066,1261.002524781793,NO
151.15155146864646,1259.0,NO
152.36758158924678,1257.2042119898488,NO
153.05580862150063,1256.0121323088738,NO
154.0470456388818,1254.0,NO
154.2147789914917,1253.2147789914916,NO
153.1811506660726,1255.1811506660727,NO
152.36758158924678,1257.2042119898488,NO
151.39563321877168,1258.3956332187718,NO
150.15441586553627,1260.1544158655363,NO
149.46436425000255,1262.3759138980154,NO
149.9850814869624,1265.2334025461703,NO
148.74231487239697,1265.7734501139826,NO
148.02390050036993,1267.0108773178379,NO
147.0703966775959,1269.0354225327567,NO
146.393518803353,1270.2062291149884,NO
145.98330332184074,1270.9880738007907,NO
144.96772553116574,1271.9648944365606,NO
144.43996822156234,1272.3539809453455,NO
144.01862096323933,1273.0113380978883,NO
143.3121405653619,1274.148959174371,NO
142.44124608089288,1276.2174980673715,NO
141.9936720021984,1276.9956167767673,NO
141.2863318062115,1278.1056623071797,NO
140.98737755403144,1278.99456424688,NO
140.01809863884029,1281.009923748207,NO
139.06524473897372,1282.0583414204964,NO
138.32343792092604,1283.1485854207335,NO
137.99514115331417,1283.99775902253,NO
137.070358125006,1286.0315497612035,NO
136.1252862155122,1287.114184906172,NO
135.10558759384298,1289.0563565700904,NO
134.08476452420564,1291.0479588750027,NO
133.0346388856433,1292.051814239063,NO
132.47112760825877,1292.64125700786,NO
131.99061590444077,1292.9915236472295,NO
131.36760789818112,1293.5591143286913,NO
130.20870102554574,1295.1387233414905,NO
129.12067810897,1297.0716526264166,NO
128.6120268017064,1298.2643200516807,NO
128.08547511596086,1299.0417319708154,NO
127.12505307788167,1301.0515504771495,NO
126.38852543377769,1303.077062895517,NO
126.04441113604601,1304.0232415280102,NO
125.04394189268795,1306.0300488853134,NO
124.00012537610932,1307.0001751971695,NO
123.3709677876055,1307.4155955051087,NO
122.96255035322595,1307.968135753211,NO
122.25024255812731,1308.5285525295035,NO
122.07017246114647,1309.0430857440385,NO
121.14490748299063,1311.0491548911102,NO
120.41440562836362,1312.3064090014987,NO
119.99675600982543,1312.9978782551425,NO
119.21790869474827,1314.1097915408063,NO
118.93073738854955,1314.958324412031,NO
118.05763454980828,1316.0365757747322,NO
117.20652312573644,1317.1376820788928,NO
116.16706283961946,1319.0831833725285,NO
115.16928702915365,1321.0681319481578,NO
114.90216192136873,1321.9439090209744,NO
114.20447741935249,1323.071501697006,NO
114.15061075230695,1323.9764391108988,NO
114.29098030476456,1324.9288585227723,NO
114.48243424930207,1325.9741039262424,NO
114.50193135643897,1326.999013887269,NO
114.03652465939722,1329.0365246593972,NO
112.1493497121725,1330.1505303428578,NO
111.45193226907989,1332.0159505496626,NO
111.3655886023177,1333.0355184222794,NO
110.21363581830089,1335.1393051166,NO
109.38884173756786,1336.671590227639,NO
109.12444603444926,1337.065616997238,NO
108.86977725829092,1337.9495211154322,NO
108.55252971359147,1338.9420281442713,NO
108.22049222221376,1340.0622566269667,NO
107.96455047495498,1340.9844300129773,NO
107.67967639877459,1341.9309105933248,NO
107.50118286943368,1342.999021927246,NO
107.50000000049019,1344.0,NO
107.50000000049019,1345.0,NO
107.49566050564096,1346.0038875331513,NO
107.42156720332369,1347.038023708535,NO
107.07921266547315,1348.0389850551646,NO
106.50000000049019,1350.0,NO
106.47355117290681,1351.0194991646554,NO
106.29643550642193,1352.0604495930245,NO
106.0141550041622,1353.0064668938855,NO
105.74657819300107,1353.9249672712865,NO
105.5012489812029,1354.9990220568768,NO
105.50000000049019,1356.0,NO
105.50600411140063,1357.0058117161796,NO
105.40829789086716,1358.054955351839,NO
105.14347717371538,1359.0497311302124,NO
104.95205615099296,1359.9901278184227,NO
104.89216051417746,1361.0114182982613,NO
104.99688128765919,1362.0004158283216,NO
105.06666666666666,1363.0,NO
105.03954654533553,1364.002016098466,NO
104.96065137267236,1364.9958336748402,NO
104.82161286126122,1365.9580265567154,NO
104.6329321243295,1366.9395417615237,NO
104.50578353709864,1367.9951547405146,NO
104.50000000049019,1369.0,NO
104.50000000049019,1370.0,NO
104.50000000049019,1371.0,NO
104.50000000049019,1372.0,NO
104.50671477408724,1373.0058033554421,NO
104.59402974251387,1374.0477612051507,NO
104.74824131285867,1375.0464025814917,NO
104.86432586524924,1376.0135674142878,NO
104.9116060752608,1376.999653357168,NO
104.88329948548699,1377.9935929128467,NO
104.85490196078432,1379.0,NO
104.85490196078432,1380.0,NO
104.77718097132941,1380.9571837921706,NO
104.61991857999544,1381.9381436106657,NO
104.50000000049019,1383.0,NO
104.50000000049019,1384.0,NO
104.50000000049019,1385.0,NO
104.50000000049019,1386.0,NO
104.50000000049019,1387.0,NO
104.67661908852865,1388.069748826556,NO
104.95118359589993,1389.0199094346583,NO
105.19615395991059,1389.9463626380825,NO
105.43296311574008,1390.9556604027548,NO
105.5198754339151,1392.0028578843858,NO
105.51913662833265,1392.991033950688,NO
105.50511396461322,1393.9951481760784,NO
105.50000000049019,1395.0,NO
105.7028036491845,1396.07225950662,NO
105.99025191631364,1397.0046679613645,NO
106.26858735031834,1397.9306016869452,NO
106.48677527353433,1398.9889913167315,NO
106.50000000049019,1400.0,NO
106.50000000049019,1401.0,NO
106.50000000049019,1402.0,NO
106.70308612824282,1403.072773008141,NO
106.9814798977292,1404.0083021151238,NO
107.24673701330923,1404.9366651270564,NO
107.46520482485167,1405.9747420880938,NO
107.50092294523937,1406.9990158684307,NO
107.50294402498008,1408.000974619508,NO
107.50294409089419,1408.999025380621,NO
107.49874728996028,1410.003954656342,NO
107.87802916383768,1411.0618938386515,NO
108.14225559935707,1411.8997635325695,NO
109.33319595542935,1413.808135006512,NO
110.08021344511344,1414.9598932774434,NO
110.60433228309239,1415.747810460009,NO
111.10657820708975,1416.9466062018207,NO
112.12848856736765,1418.9307538889861,NO
113.15759662052736,1420.9177898041155,NO
114.19089467544289,1422.889771000717,NO
115.30888209456714,1424.821213565743,NO
116.07500089600121,1425.9612849629978,NO
116.5868745884455,1426.7365995994455,NO
117.11863779601838,1427.9390067791865,NO
118.12951619899052,1429.9345904080558,NO
119.14194789115456,1431.9116289663439,NO
120.23600159689614,1433.9230634784353,NO
121.06150893812543,1435.9684109861907,NO
121.40333199035128,1436.9494832687733,NO
122.10980314451392,1438.9436086338985,NO
122.47957905134517,1439.9856984376922,NO
123.12374922516562,1441.9380023726671,NO
123.50603886934037,1443.0068334543803,NO
123.88327849086976,1444.060164524791,NO
124.1360777256216,1444.9329155906548,NO
124.55392366069222,1446.0342451445863,NO
124.91524569917136,1447.0445348491837,NO
125.17454459628394,1447.9268038762484,NO
126.04692032295115,1449.9764937474313,NO
126.37182026971387,1450.9419829027813,NO
127.05100555629281,1452.972906504977,NO
126.45402243782709,1453.954708885694,NO
125.2032218121662,1456.2130695715184,NO
124.27302071629693,1457.2280790214254,NO
123.29508758734328,1458.5643799952347,NO
123.08250964711912,1459.0470405618212,NO
122.16673300759224,1461.0552573373834,NO
121.94794337846577,1461.985749863244,NO
121.73885671382655,1462.951126815224,NO
121.5778657495802,1463.963446475046,NO
121.51703620859622,1464.9973018782603,NO
121.5684681634894,1466.0349564879639,NO
121.73349635162413,1467.0513652278437,NO
121.94610706234306,1468.0150538938803,NO
122.16642556110646,1468.9448445541043,NO
123.08104461102019,1470.9537946874325,NO
123.28837500603899,1471.44175364842,NO
124.27290067953882,1472.7720212561896,NO
125.20730190864349,1473.7758518967375,NO
126.3111239860927,1474.5916497644284,NO
126.99974879680263,1475.0003812377636,NO
128.10318587300705,1475.7942813315626,NO
130.10646438521852,1476.6786352627844,NO
131.0201738449991,1476.9298811969084,NO
131.9702854255925,1477.1346559213916,NO
