X,Y,is_wing_root
136.01658176078183,887.0393256623088,NO
135.16994298671824,887.376717712217,NO
134.02271167051762,888.040443777606,NO
133.31921760096685,888.5019276945648,NO
132.1377671268521,889.182914897493,NO
131.0875989795126,890.0980103355938,NO
130.0846267020562,891.0811402073259,NO
129.13651235952662,892.1087718767125,NO
128.3231063695421,893.2193623473714,NO
127.21611097346285,895.1020808532783,NO
126.94604464274043,895.9767447032172,NO
126.13152713546026,898.0376586857959,NO
125.93332844447694,898.9852875619804,NO
125.75444858284587,899.9615897217114,NO
125.61812750034144,900.9637327795217,NO
125.54404113313859,901.9872637184562,NO
125.54235827319863,903.0115049597076,NO
125.61553309067152,904.0365136169263,NO
125.75372765935205,905.0392109570439,NO
125.93173323070742,906.0148737657779,NO
126.12889570111592,906.9634583399909,NO
126.94580474773727,909.0234691690209,NO
127.21609090361889,909.8979286267901,NO
128.32129902392728,911.782705265553,NO
129.1349852993973,912.8923960677001,NO
130.08334125495554,913.920397423852,NO
131.08589029781618,914.9042735894733,NO
132.13264480528312,915.8256668292074,NO
133.30516769852352,916.5089023106898,NO
134.02198042000367,916.9603641469919,NO
135.16994298671824,917.623282287783,NO
136.01660952857708,917.9606084829877,NO
138.0400259158859,918.9559554162792,NO
139.0405940488638,920.9964181720876,NO
139.12971709626618,921.9883000266113,NO
139.21872900920712,922.9794137401366,NO
139.30846042015597,923.9721780797506,NO
139.41311593784573,924.9601563332693,NO
139.59146994348507,926.0550922287108,NO
139.69876358794087,927.0240029019872,NO
139.7710736391218,928.0148128827576,NO
139.83603565836296,929.0109309556194,NO
139.9048187265238,930.0069053084214,NO
139.9764630475633,931.0017537337689,NO
140.03662633217456,931.9982764078575,NO
140.08283783299052,932.9962641760975,NO
140.1339121124461,933.9921228168855,NO
140.19156491290937,934.9887314756692,NO
140.23803376848787,935.9925322742185,NO
140.26334360865113,936.995352759628,NO
140.28011243231623,937.9956060792086,NO
140.28823529411764,939.0,NO
140.28823529411764,940.0,NO
140.2959611262389,940.9953574722291,NO
140.32390155380546,941.9860277760062,NO
140.37229788146237,942.9781001245382,NO
140.42583148559024,943.9799608707992,NO
140.4667791678444,944.9853559482417,NO
140.49161602194633,945.9922883756271,NO
140.5000000004902,947.0,NO
140.5000000004902,948.0,NO
140.50943897170825,949.0086569597314,NO
140.53263558821476,950.0128296114542,NO
140.56100400464067,951.0129116464892,NO
140.5846738588875,952.0081436500382,NO
140.59312280992498,952.9992022016297,NO
140.58735957869862,953.9959545056358,NO
140.57853374869552,954.9966943825351,NO
140.57865195045258,956.0033046903923,NO
140.60756483096154,957.0169285760455,NO
140.68673220451572,958.0307125291989,NO
140.80169722090045,959.0260515423511,NO
140.9227011978794,960.0098518079312,NO
141.0387500868425,960.9954411664078,NO
141.14662333431545,961.9844751766897,NO
141.24554404937734,962.976408511512,NO
141.33765005410433,963.9688832290796,NO
141.43293887633916,964.9612678928977,NO
141.5390427596195,966.0284654856534,NO
141.5884133689229,967.0121054887433,NO
141.61446606558903,968.0090713869794,NO
141.63807343503737,969.0085159194454,NO
141.66817477658353,970.0117114777314,NO
141.70421595335154,971.0110194054346,NO
141.73488416285133,972.0067578546938,NO
141.76034886574155,973.0061087544219,NO
141.78590273492807,974.0054573812838,NO
141.8189054428285,975.007101747393,NO
141.86632956236318,976.007338769219,NO
141.92282973505232,977.0045394273668,NO
141.98969519615665,978.0007880144568,NO
142.06323257040256,978.9952885534223,NO
142.13043386447134,979.9920716667829,NO
142.1913775199772,980.9879919986569,NO
142.24675425401915,981.9883880348343,NO
142.28705643943823,982.9909943081306,NO
142.31849907151985,983.9900078726524,NO
142.3480253983064,984.9904463615032,NO
142.36835137054433,985.9956664545813,NO
142.36851847835482,987.0043355113929,NO
142.39155824598262,987.9860867621514,NO
142.58475267990718,989.0768976537336,NO
142.82463623654613,990.042598485975,NO
143.0516149635767,990.982491394772,NO
143.31011674240196,991.9056728227371,NO
144.14684735764448,993.9160170666783,NO
145.38054618182184,995.7665642791083,NO
146.1143322369978,996.9328047387369,NO
147.29766868173007,998.8432769104958,NO
148.05380777475398,999.9622921904557,NO
149.01069932499448,1000.9894672014681,NO
150.04216488001916,1001.9357039848319,NO
150.93699501043127,1002.218588751219,NO
151.9738071445422,1002.4606329884499,NO
153.0,1002.5000000004902,NO
154.00770788332815,1002.5086224696395,NO
155.02798094207174,1002.5540537390607,NO
156.03294562615852,1002.634733275199,NO
157.0282224358511,1002.7334547669702,NO
158.02004780010245,1002.8539374535719,NO
159.00194020641925,1002.9869801932701,NO
159.98514148168445,1003.116582222785,NO
160.97656054150002,1003.2298869974227,NO
161.9664634027271,1003.3289166279523,NO
162.94846463395555,1003.4466398412852,NO
164.05395567784808,1003.647536298686,NO
165.02975652874866,1003.7832024292102,NO
166.01204164160148,1003.9109965628908,NO
166.9939051414031,1004.0420051063583,NO
167.9765319910978,1004.173459194646,NO
168.95194433496874,1004.3108015862542,NO
170.06790737796226,1004.5448760958332,NO
171.03711981992174,1004.6988504832246,NO
172.02218997119658,1004.8174695922562,NO
173.00814481251257,1004.9307690913059,NO
173.99496180821905,1005.0428246315838,NO
174.98333473787216,1005.1517729261597,NO
175.97792682599973,1005.2501626336801,NO
176.9766386086481,1005.3309530470359,NO
177.9708808393675,1005.4013721940266,NO
178.97392201846603,1005.4712663647534,NO
180.02355864165753,1005.5397003757737,NO
181.02370057634624,1005.5970902036172,NO
182.02027815119416,1005.6552714309854,NO
183.017837128333,1005.7157207693147,NO
184.01395799315205,1005.7775444858,NO
185.00982780851032,1005.8383167043849,NO
186.00608587427803,1005.8965401376597,NO
187.0009327033156,1005.9320459014907,NO
187.99643471191325,1005.9173501404234,NO
188.99223257136137,1005.867953713636,NO
189.98798119432533,1005.8084502859899,NO
190.9841046248053,1005.7466674597255,NO
191.98154469104313,1005.686259748904,NO
192.9781228421425,1005.6280883178105,NO
193.9799608995429,1005.5741691252125,NO
194.9747714669952,1005.5148359132208,NO
196.03283345688706,1005.4259930498185,NO
197.01916127542324,1005.3619352063399,NO
198.0190285411074,1005.3032673716352,NO
199.01783423934614,1005.2332169626596,NO
200.01259965177312,1005.1567273824003,NO
201.00526867380793,1005.0895674544006,NO
202.0017110685618,1005.0379410848732,NO
202.9992016580684,1004.9864281872132,NO
203.99705968388534,1004.9348016872312,NO
204.99283790069614,1004.8821719188207,NO
205.97927487822633,1004.8042627347306,NO
206.95907473349916,1004.6912002618573,NO
208.07268596961697,1004.4768405872435,NO
209.03867611803582,1004.3157492982663,NO
210.02152781977264,1004.2033183020841,NO
211.01110414631972,1004.0976399050977,NO
211.99933080129153,1003.993560540788,NO
212.98860834549822,1003.8924121496884,NO
213.97735046551074,1003.7899770475469,NO
214.93534841508765,1003.6455309588154,NO
216.0715760504843,1003.290623440365,NO
217.01634290027897,1003.1414506204609,NO
218.0039134643774,1003.0525228096461,NO
218.99911829665103,1002.9854945583172,NO
219.99394555433852,1002.9187429688061,NO
220.9855334467616,1002.8396099532264,NO
221.98091036800662,1002.7566071925393,NO
222.97622215479285,1002.6808762985503,NO
223.97077381749858,1002.6077538793844,NO
224.9785119943397,1002.5433798903616,NO
225.99229025482862,1002.5085037771421,NO
227.00388903146305,1002.4958515404008,NO
228.01840774431477,1002.469397476527,NO
229.02968650356198,1002.4091923259064,NO
230.02280932862288,1002.342139944672,NO
231.0145764969819,1002.2859235838158,NO
232.00949444768528,1002.2421084141691,NO
233.00497689582787,1002.2115180659845,NO
234.00191208397916,1002.1950325640594,NO
235.00285550159975,1002.1820382152004,NO
236.00653056772833,1002.1513904325734,NO
237.00661673881856,1002.0937371340799,NO
238.0013989354033,1002.0158546009213,NO
238.99363189226867,1001.9293970664568,NO
239.98534345744747,1001.8409609275176,NO
240.97655616149316,1001.7509092179619,NO
241.96942515606267,1001.6610180346078,NO
242.97543714481682,1001.5824314634441,NO
243.9927832920258,1001.5399348964271,NO
245.0,1001.5313725490196,NO
246.00721987140773,1001.5397332275529,NO
247.01367026455875,1001.5642603003405,NO
248.01269664030175,1001.5952945747321,NO
249.0059961319427,1001.6177466133975,NO
249.99400406608083,1001.6177592373974,NO
250.9937618110064,1001.6023154774025,NO
252.0,1001.5941176470589,NO
253.00623521086385,1001.6025053331606,NO
254.01579556211684,1001.6338301536586,NO
255.01394679448154,1001.6766879485206,NO
256.01310546042845,1001.7215089723862,NO
257.0075534068518,1001.759235147288,NO
258.0,1001.7745098039215,NO
258.99634065350443,1001.7667166760092,NO
259.9876171635599,1001.7368647317815,NO
260.9905054117166,1001.697359986764,NO
261.9948695063115,1001.6729310485315,NO
262.9946223817837,1001.6571768609041,NO
264.0,1001.6490196078431,NO
265.0,1001.6490196078431,NO
266.0053776182163,1001.6571768609041,NO
267.0051304936885,1001.6729310485315,NO
268.009489375766,1001.6975261357616,NO
269.015460513277,1001.7456496292232,NO
270.01184131806576,1001.8051912257667,NO
271.0067009293939,1001.8576052536993,NO
272.00307887833407,1001.8953181331299,NO
273.00221692890847,1001.924624414583,NO
274.0008315282851,1001.9469900752545,NO
275.0,1001.9549019607844,NO
275.9991685757045,1001.9469967045937,NO
276.99795722445594,1001.9255846060516,NO
277.99697563657895,1001.8971716402356,NO
278.9907198147876,1001.8520970492814,NO
279.97965658132046,1001.7792522741076,NO
280.97216441625017,1001.6913880932085,NO
281.9363932232803,1001.5584399212006,NO
283.0553327618623,1001.3116442889971,NO
284.0045441092227,1001.2299319330938,NO
284.98138275368854,1001.2546034065941,NO
285.93780040612995,1001.3623964258719,NO
287.05865575422365,1001.6175644568636,NO
288.0300452751457,1001.7567763451021,NO
289.01450222890963,1001.8630345018921,NO
290.0038432966055,1001.9484189156827,NO
291.0000985347076,1001.9937184127984,NO
291.9995564162432,1001.985860767205,NO
292.9978093273397,1001.9492162250723,NO
293.99597550461147,1001.9067048803247,NO
294.9978093989628,1001.8758659470835,NO
296.00173259776284,1001.8737678776494,NO
297.00324182745004,1001.896666746035,NO
298.00293563052514,1001.9349055850843,NO
299.00093688338785,1001.9792256295696,NO
299.99985002063613,1002.0095611838293,NO
301.0001517637057,1002.0096749356112,NO
301.9999087523418,1001.9941829621673,NO
303.0,1001.9862745098039,NO
304.0,1001.9862745098039,NO
305.0,1001.9862745098039,NO
306.0,1001.9862745098039,NO
307.0,1001.9862745098039,NO
308.0000927671919,1001.9932412474673,NO
308.999562234042,1002.014884043072,NO
309.99765904954705,1002.0519080309246,NO
310.99394927642004,1002.1028623004751,NO
311.9912768976736,1002.1588850760561,NO
312.9923411916159,1002.2055785450314,NO
313.9939448314454,1002.2375489194706,NO
314.99646471870057,1002.2575704939193,NO
316.0030423735172,1002.2586017559449,NO
317.00611041585825,1002.2397163136839,NO
318.00302691067407,1002.2205320627496,NO
319.0,1002.2137254901961,NO
319.99741700834477,1002.2195542966255,NO
320.9968131025556,1002.2321882416974,NO
321.9995290581034,1002.2401803797947,NO
323.0032098796629,1002.2338626604699,NO
324.0129360132069,1002.1884961964652,NO
325.01093113530453,1002.0961186013775,NO
325.99716379704165,1001.9787284782922,NO
326.97667798765906,1001.8475099240834,NO
327.9427616923344,1001.6904071827331,NO
329.0737539009967,1001.3859787319584,NO
330.0285556973348,1001.2349993463208,NO
331.0127105703758,1001.1322936838665,NO
332.00382993387575,1001.0434059163924,NO
332.9974662723218,1000.9650756472655,NO
333.99575642237676,1000.9059032803452,NO
334.9934013299042,1000.8597782637324,NO
335.9882763860665,1000.8071276485194,NO
336.9846407517972,1000.7473156029663,NO
337.9763272793589,1000.6822871808374,NO
338.9701046516162,1000.6090608512982,NO
339.9764628218351,1000.5401197394093,NO
341.0260610930477,1000.4709611656908,NO
342.03317328799864,1000.3934506173008,NO
343.0226204932381,1000.3204569903319,NO
344.013377754251,1000.2624097849849,NO
345.01082008007984,1000.2122400242961,NO
346.00446773790236,1000.1752727940785,NO
347.0024259889269,1000.1546567840785,NO
348.00536154939624,1000.124290462349,NO
349.0042206120975,1000.0742245596978,NO
350.0006561808833,1000.0088066378796,NO
350.99172045995937,999.9218043424331,NO
351.98060045748497,999.8201133362285,NO
352.96486186918094,999.7102544405269,NO
353.92739348165856,999.557334439755,NO
355.0504035734392,999.2988211870022,NO
356.02348589685926,999.1425929449091,NO
356.99903249268016,998.9940550756367,NO
357.9768538366872,998.8486597061546,NO
358.94276070083686,998.6904018198823,NO
360.0778711283034,998.3595813962522,NO
361.0311083711226,998.1735155905486,NO
362.003427030207,998.021314457554,NO
362.9783301789924,997.8714929240541,NO
363.94786307323847,997.7171294395459,NO
364.9604462052476,997.5614687973102,NO
366.0,997.5000000004902,NO
367.0133023807886,997.4845867230529,NO
368.0257031214281,997.4369530626465,NO
369.03224498246414,997.3574987186242,NO
370.0282128165158,997.2569381558453,NO
371.01774032106994,997.143612122331,NO
372.0028509296271,997.021381971721,NO
372.9830196043743,996.8889743397697,NO
373.9549806193808,996.7412679402506,NO
375.08749085276236,996.4615896618143,NO
376.0467480560187,996.2503282997263,NO
377.01528595615775,996.0906492733918,NO
377.9900674281773,995.9396950997781,NO
378.9646477735722,995.7883075049268,NO
379.9222586150649,995.6071357893842,NO
381.0516868384327,995.3152259129304,NO
382.0233912209858,995.1728916317909,NO
383.0053487128772,995.0332663871354,NO
383.98094696272,994.8856817763199,NO
384.9690312771941,994.7452572808235,NO
385.9791241148389,994.645109953586,NO
386.9873221171439,994.5958924683353,NO
387.9863294388792,994.5642508474238,NO
388.9853486344485,994.5329877049874,NO
390.01749388654383,994.4917725755663,NO
391.0295358376009,994.430379357082,NO
392.03137603817686,994.3478647710914,NO
393.0278633314437,994.2450051502867,NO
394.01613966259026,994.1306544108845,NO
395.0011834824521,994.0088761181906,NO
395.98384129915297,993.8822723201238,NO
396.95549891917705,993.740846635909,NO
398.09731976184946,993.4025499150372,NO
399.0386578809917,993.1703683581729,NO
399.9987660084307,992.9935782074874,NO
400.96239591011386,992.8199342520867,NO
401.90511397547425,992.5993701173056,NO
403.0488284401827,992.2388242514793,NO
404.01185304736583,992.0592652377297,NO
404.9778895768628,991.8872368394318,NO
405.95327501846594,991.7196501107956,NO
406.9617612245955,991.5760483596456,NO
407.99025901898625,991.5051581740886,NO
409.01842328569404,991.4697937816953,NO
410.0216047886445,991.4237862227445,NO
411.01559864027513,991.378824145988,NO
412.0192145895351,991.3266480208781,NO
413.0220644049703,991.2500632513427,NO
414.0166652008489,991.1517723680836,NO
415.00502621957287,991.0427228678114,NO
415.9913392625066,990.9287584498408,NO
416.9732348011121,990.8077429475877,NO
417.945825491889,990.666927099398,NO
419.0671935358585,990.4108161656673,NO
420.03872679599345,990.241922955924,NO
421.0151587224288,990.0888614796415,NO
421.98766262408105,989.9316080295248,NO
422.96284279546313,989.7744026872272,NO
423.95498415837085,989.6297084004884,NO
424.9673584145333,989.5123249504556,NO
426.04103630903,989.3948776870945,NO
427.03366776565355,989.2861760177159,NO
428.0194822169719,989.1806532814485,NO
429.0076919072307,989.089156200114,NO
430.001130748859,989.0250731264592,NO
430.9999095774806,988.9942355647612,NO
431.9996619602741,988.9784499688695,NO
432.99941699662975,988.9628335375536,NO
434.0,988.9549019607844,NO
434.998231395472,988.9398674440306,NO
435.9917444894932,988.8892023626476,NO
436.98249892934143,988.8100947726919,NO
437.974906969903,988.7217946663158,NO
438.93883529071707,988.5953074702873,NO
440.06107577291056,988.3298091727173,NO
441.01594821377716,988.2181025855718,NO
442.0064361860878,988.1641227440156,NO
443.0035983628031,988.1310832148632,NO
444.00284480776196,988.1036322815444,NO
445.0022094966287,988.0751228878955,NO
446.0016911735426,988.0374999344547,NO
446.99849681013444,987.9792803569449,NO
447.9931148351877,987.9075938437293,NO
448.9868967120985,987.8329330795677,NO
449.9808953650505,987.7564159048488,NO
450.98156542808704,987.686612278649,NO
451.94744963334756,987.5795970667804,NO
453.06162592728015,987.3273021550507,NO
454.0194810938442,987.1995818276537,NO
455.0093176580625,987.1131429970428,NO
456.0027133596318,987.0364161412239,NO
456.99620352234535,986.9569732541054,NO
457.99054119352274,986.876307922407,NO
458.98434278491504,986.8003705080399,NO
459.9789228213189,986.7243753715514,NO
460.973926537757,986.6500667025078,NO
461.96848073834667,986.5769783444146,NO
462.9848781310378,986.517990408191,NO
464.0,986.5000000004902,NO
465.0,986.5000000004902,NO
466.0,986.5000000004902,NO
467.0,986.5000000004902,NO
468.0,986.5000000004902,NO
469.0,986.5000000004902,NO
470.0,986.5000000004902,NO
471.0,986.5000000004902,NO
472.0,986.5000000004902,NO
473.0,986.5000000004902,NO
474.0187167313789,986.4772766466031,NO
475.0288185202288,986.4199270180089,NO
476.01917717685825,986.3622355667816,NO
477.01529659912467,986.312050612832,NO
478.0133723367864,986.2623035193368,NO
479.01078194512695,986.2114919925573,NO
480.0103730175706,986.1511496878251,NO
481.00592942197864,986.0817298664238,NO
482.00069454544325,986.0093215306409,NO
482.9936036041769,985.9290834376131,NO
483.98534345744747,985.8409609275176,NO
484.9765558096873,985.7509054800247,NO
485.95339947528805,985.6385707328063,NO
487.0709273881478,985.3917501015061,NO
488.0319700599034,985.2395368541622,NO
489.01156399182537,985.1404199085348,NO
490.00468605665714,985.0645915885262,NO
490.99944363097177,984.9925329422362,NO
491.9956839935197,984.9266278901096,NO
492.9922577176005,984.8683811997003,NO
493.9913151783719,984.8154475447046,NO
494.99295552683236,984.7754574090994,NO
495.9919675681173,984.7439662238377,NO
496.98615881045316,984.7058747289857,NO
497.97969990330904,984.6548983575415,NO
498.95079270245844,984.5571343121665,NO
500.0587892929674,984.3349622490962,NO
501.0211003319892,984.2135353516735,NO
502.0105356799627,984.1249580621968,NO
503.0034680476706,984.0340135445498,NO
503.9949072521183,983.9422821918253,NO
504.98936819749144,983.8609687444182,NO
505.9836199300217,983.7857990972113,NO
506.97850996944237,983.7115811783585,NO
507.9713345698632,983.6359490277396,NO
508.96153744443626,983.5457755394706,NO
510.02952581782705,983.4359400155776,NO
511.0241577770411,983.3623666718515,NO
512.0245704447772,983.2847938002542,NO
513.0161001391361,983.2052767736022,NO
514.0105457979879,983.1250780666792,NO
515.0036352806902,983.0403041989567,NO
515.9972093917596,982.9615348613155,NO
516.9975463813431,982.9106181785451,NO
518.0013297255672,982.9031199946766,NO
519.0011437865512,982.916666980081,NO
520.0,982.9235294117647,NO
520.9990306969942,982.9176092422837,NO
521.9972043921662,982.8981600015313,NO
522.9958884922079,982.8689456840602,NO
523.9916415940738,982.8294885241928,NO
524.9859056593209,982.7753714471039,NO
525.9826539504644,982.7146295176715,NO
526.9853932558894,982.661389116325,NO
527.9896976465388,982.6246999854544,NO
528.9873091278822,982.5954784356044,NO
529.9932718240087,982.5710788083252,NO
531.0,982.5627450980393,NO
531.9812380601237,982.5328277097956,NO
533.0381374047154,982.4381367195031,NO
534.0238784974854,982.3553682341513,NO
535.0215105957221,982.2812923894287,NO
536.0160971485395,982.2052386434951,NO
537.0103935086645,982.1262068979343,NO
538.0037798844618,982.0428386897127,NO
538.9962568966421,981.9575781627897,NO
539.9932081896663,981.8845392247583,NO
540.9949200987231,981.8380781405396,NO
541.9935190756906,981.8055722576738,NO
542.9889984457245,981.7662169770958,NO
543.9826322950901,981.7142732518497,NO
544.9853932558894,981.661389116325,NO
545.9896976465388,981.6246999854544,NO
546.9873085297721,981.5954593708421,NO
548.0794780907245,981.4317105406323,NO
549.051241270025,981.2322310746534,NO
550.0089610301998,981.1105922272154,NO
551.002530634111,981.0430207797267,NO
551.9996828847653,980.9926486923415,NO
552.9994196570916,980.963003141983,NO
554.0005831311375,980.9628253923881,NO
555.0,980.9705882352941,NO
555.9977875006925,980.9487102437083,NO
556.9940469888172,980.8987988102709,NO
557.9868669708446,980.8325538785825,NO
558.9808953650505,980.7564159048488,NO
559.9815654856422,980.6866132570871,NO
560.9781228421425,980.6280883178105,NO
561.9799608707992,980.5741685144097,NO
562.9853559455402,980.5332207460442,NO
563.9922883756271,980.5083839780536,NO
565.0,980.5000000004902,NO
566.0,980.5000000004902,NO
567.0,980.5000000004902,NO
568.0,980.5000000004902,NO
569.0,980.5000000004902,NO
570.0,980.5000000004902,NO
571.0,980.5000000004902,NO
572.0,980.5000000004902,NO
573.0,980.5000000004902,NO
574.0,980.5000000004902,NO
575.0,980.5000000004902,NO
576.0,980.5000000004902,NO
577.0,980.5000000004902,NO
578.0,980.5000000004902,NO
579.0,980.5000000004902,NO
580.0133030530687,980.484611213255,NO
581.024973904874,980.4391962706724,NO
582.0204257034089,980.385818846326,NO
583.0121343706978,980.3438071915598,NO
584.0074136555367,980.3150803503295,NO
585.007408154387,980.2906275942672,NO
586.0037251962297,980.271407153077,NO
587.0035357242065,980.2576027628569,NO
588.0064880928037,980.2363519493665,NO
589.0099698188868,980.1955618246044,NO
590.0105477011548,980.1280792354205,NO
591.0039190535488,980.0525978222074,NO
591.9997208635185,979.9938104520336,NO
592.9994188805235,979.9629536357768,NO
594.0,979.9549019607844,NO
595.0,979.9549019607844,NO
596.0,979.9549019607844,NO
596.9992865737316,979.9480218005981,NO
597.9990994950243,979.9343917805343,NO
598.9998558283997,979.9264724800111,NO
599.9987069698071,979.9175693305398,NO
600.9951890684127,979.888473859492,NO
601.9901540590477,979.8380183964787,NO
602.9860420068479,979.7775444858,NO
603.982162871667,979.7157207693147,NO
604.9797247965975,979.6553215434434,NO
605.9828717438784,979.6029358837767,NO
606.9819309735975,979.5500812548231,NO
608.0400411921672,979.4525585951069,NO
609.0308601417161,979.3520861582365,NO
610.0257840849596,979.252882372375,NO
611.0165333600073,979.1505716746798,NO
612.0051017034018,979.05003593734,NO
612.9975034564509,978.9655881852353,NO
613.9976537438891,978.9145292426768,NO
615.0012751669004,978.9070949832418,NO
616.0019904073192,978.9274923056483,NO
616.9998826718142,978.9401626221289,NO
617.9962382271027,978.9165867762667,NO
618.9921217179383,978.8660692054506,NO
619.9882896812665,978.8073463759953,NO
620.9840958521386,978.7465276453512,NO
621.9664164699569,978.6655080343586,NO
623.0729582725581,978.4757701563116,NO
624.0326967747372,978.3323059906227,NO
625.013204486447,978.259011070496,NO
626.0056679612719,978.2223584799676,NO
627.0,978.2098039215687,NO
628.0,978.2098039215687,NO
629.0023970162413,978.2037463860114,NO
630.0047073041176,978.1846711609546,NO
631.0064573948484,978.1496941521883,NO
632.0056677114094,978.099673548323,NO
633.0025039253453,978.042566730711,NO
633.9990127648596,977.9837583901962,NO
634.997067572031,977.9320209884986,NO
635.9951991534674,977.8887076493916,NO
636.9870702279331,977.8309183749976,NO
637.976520692917,977.7505323643437,NO
638.9751248390858,977.666149167178,NO
639.9892802750607,977.6094957389269,NO
641.0062365389467,977.6024206678806,NO
642.0103118807718,977.6243529191379,NO
643.0041978901535,977.6431793273158,NO
643.9958022528681,977.643191484152,NO
644.9956655222668,977.6315693827261,NO
646.0043344777332,977.6315693827261,NO
647.0041977471319,977.643191484152,NO
647.9958021098465,977.6431793273158,NO
648.9896869189963,977.6243091964071,NO
649.9806626362007,977.5890810288419,NO
651.04447118987,977.5026278719739,NO
652.0401904234794,977.392447655227,NO
653.0219041907245,977.3078755666902,NO
654.0181994269309,977.2320426929349,NO
655.0123643531809,977.1538004973481,NO
656.0065460228751,977.0642013783647,NO
656.9975228932105,976.9725364247262,NO
657.9959170959668,976.9053508617533,NO
658.9982948987256,976.8757711932317,NO
660.0019336565094,976.8767294055051,NO
661.0029592403228,976.89938582565,NO
662.0019895012567,976.9275253122111,NO
663.0007154364185,976.9478753467979,NO
663.9983780921439,976.9409162145026,NO
664.9957298817342,976.9053147704541,NO
665.9930823176231,976.8588792837228,NO
666.9881610737195,976.8052305744905,NO
667.9845332170609,976.7455464831726,NO
668.985457168586,976.6909648396561,NO
669.9904496644821,976.6520949244947,NO
670.9835165525377,976.6178837207694,NO
672.0854508649566,976.4402576973731,NO
673.0475741934065,976.2670642263952,NO
673.9992273291228,976.1954857290885,NO
674.9959056666396,976.2071732738239,NO
675.9949799202872,976.2272726961082,NO
677.0018842059195,976.2345836428743,NO
678.0071702551279,976.213420529273,NO
679.0072510381644,976.1760966527663,NO
680.0072255841532,976.1270706214949,NO
681.0033806437066,976.0783694671583,NO
682.0007707926895,976.04913803078,NO
683.0,976.0411764705882,NO
684.0,976.0411764705882,NO
685.0004686259973,976.0341427511319,NO
686.0002382173521,976.0055223113038,NO
686.9982808673683,975.9618801031459,NO
687.9947436082664,975.9106413408615,NO
688.9910048676714,975.8520155701206,NO
689.9904838099405,975.7977809659494,NO
690.9845049828513,975.7450819849017,NO
691.9761844294117,975.6803699842396,NO
692.9707736817737,975.6077520578148,NO
693.9785119551544,975.5433790576755,NO
694.9922902547709,975.5085037734566,NO
696.0,975.5000000004902,NO
697.0,975.5000000004902,NO
698.0,975.5000000004902,NO
699.0,975.5000000004902,NO
700.0,975.5000000004902,NO
701.0,975.5000000004902,NO
702.0,975.5000000004902,NO
703.0,975.5000000004902,NO
704.0038888030426,975.4958224167965,NO
705.0218324999161,975.4639406124028,NO
706.0368828153838,975.3838823415646,NO
707.0306075184321,975.2838151658895,NO
708.0177506575244,975.1886007346089,NO
709.00876991803,975.1016513256617,NO
710.0017696858263,975.0237510458319,NO
710.9982773506865,974.9633937029411,NO
711.9964775996549,974.918344356245,NO
712.9965272344187,974.8819259662756,NO
713.997787849577,974.8589754196619,NO
714.9951971572989,974.836703342686,NO
715.9970829100163,974.8140355255739,NO
717.0029169284419,974.8140458238659,NO
718.0050906861536,974.8377343725784,NO
719.0021839464862,974.8607734205209,NO
719.999740446179,974.8676275443536,NO
720.9953270255884,974.8510489348688,NO
721.9882639490461,974.8069230394808,NO
722.9883864966118,974.7532130587548,NO
723.9909958385014,974.712992341133,NO
724.9951156795211,974.6886245896214,NO
726.0,974.6803921568627,NO
726.9948658246572,974.6726963430796,NO
727.9846844667007,974.644958094347,NO
728.9828569639243,974.6025932575731,NO
729.9720510617693,974.5465059374131,NO
731.0341429326346,974.4510460894926,NO
732.020325409169,974.3839243995518,NO
733.0114373766039,974.343121321138,NO
734.003783590474,974.3216051989759,NO
734.9923005164204,974.3272280417686,NO
735.9762349825124,974.3672775285314,NO
736.9574784877047,974.4505470918849,NO
738.042708861334,974.5946687183372,NO
739.0310198578366,974.701507031065,NO
740.0231285539236,974.8127688499928,NO
741.0085147223963,974.921045302815,NO
741.9986312915224,975.0155120291035,NO
742.9933498154797,975.0942109481917,NO
743.9864767496641,975.1682160479388,NO
744.9741057340519,975.2539629936111,NO
745.9729666943897,975.3446746458874,NO
746.9712340587058,975.4191608678025,NO
748.0400297316964,975.5234555692732,NO
749.0473633454716,975.6549241906055,NO
750.029576420832,975.7813916741126,NO
751.0119970166286,975.9013148634798,NO
751.9971625521296,976.0215984831403,NO
752.9801913321435,976.1464118915123,NO
753.9517211150032,976.2873466014529,NO
755.0775172481802,976.5569075958709,NO
756.0354367963026,976.7231500182284,NO
757.0190053617068,976.8436655734735,NO
758.0050393180117,976.9578679973248,NO
758.9918825556839,977.0701677389502,NO
759.9782111163931,977.1821693531319,NO
760.9614310270118,977.2980329918173,NO
761.9491101517453,977.4295448292729,NO
763.042773906374,977.5940514040692,NO
764.0277890078188,977.6919044785312,NO
765.0228518681296,977.7918847679904,NO
766.0117730808585,977.9031569157765,NO
766.9981855968038,978.0156838242268,NO
767.9860503985433,978.1248122232648,NO
768.97054334835,978.2365883447166,NO
769.9329925712346,978.3807598565364,NO
771.0596706499472,978.6641394774666,NO
772.0285454486994,978.8307188535318,NO
773.001288875462,978.9932925872446,NO
773.9722086086923,979.1574845507433,NO
774.9366507170645,979.3308989279961,NO
776.0675516758622,979.6376095177066,NO
777.0294245204345,979.7952375789267,NO
778.0099602066217,979.93952731707,NO
778.9868493976635,980.0848962950554,NO
779.9714171854347,980.2208672173374,NO
780.9613011957695,980.3402825812688,NO
781.9698507757676,980.439317276761,NO
782.9913492414736,980.4902096266923,NO
784.0077046678982,980.5088274532878,NO
785.0381873978235,980.5766179806518,NO
786.0490013644285,980.7312828221117,NO
787.0196757830222,980.9006470312338,NO
787.9892106398657,981.0632479755742,NO
788.969720675864,981.2115404754023,NO
789.9315413919804,981.3704371378113,NO
791.0666527286766,981.7029278941135,NO
792.022062018389,981.8885977233309,NO
792.9858515150254,982.0661993315349,NO
793.955056646675,982.2438415981419,NO
794.945546173898,982.4172000942467,NO
796.0372767448571,982.5833288390586,NO
797.0329918735562,982.6884100765955,NO
798.0263833228028,982.8104860010137,NO
799.0082766779999,982.9388245544739,NO
799.9886110556273,983.073523566229,NO
800.9696564538484,983.2119891497397,NO
801.9613657432908,983.3397150082491,NO
802.9519544365467,983.4653825373651,NO
804.0573462201306,983.6796849312351,NO
805.0295023899624,983.8680156263977,NO
805.9892086642712,984.0509590853426,NO
808.0936979300577,984.6541831497364,NO
809.0279533470442,984.8890740139298,NO
809.9816969816675,985.0818819225398,NO
810.939668455565,985.2756432107301,NO
812.0757198634793,985.6092531231644,NO
813.0373254030101,985.7982839909428,NO
814.0066197211693,985.965898407321,NO
814.9784547497269,986.1277683425327,NO
815.9705398735576,986.2682975857736,NO
816.9757540444627,986.3636893493534,NO
817.9748304062847,986.4278830915626,NO
818.9821673089696,986.4786669795319,NO
820.0221576041042,986.5291509237597,NO
821.0490608013444,986.6425570118644,NO
822.0363189560941,986.8008315176673,NO
823.0063054036115,986.9675176189246,NO
823.9784406641129,987.1293560153226,NO
824.9513815782423,987.2893674586942,NO
826.0762906786398,987.5597885652858,NO
827.0350594185194,987.7236655195833,NO
828.0190053316034,987.843665821098,NO
829.0050331338745,987.9579197007669,NO
829.9916460594096,988.0710084974149,NO
830.9780120362124,988.1838337939731,NO
831.9619546402218,988.3007961412766,NO
832.9428901127259,988.4405619743039,NO
834.0417017565669,988.623932795452,NO
835.0334686021919,988.756157322172,NO
836.0166581629654,988.9086487775785,NO
836.9887365618633,989.0660270536239,NO
837.9588184616107,989.2247079563639,NO
839.1065276037908,989.5652522066893,NO
840.0451082971936,989.8245005306828,NO
840.9965242940162,990.0161146362534,NO
843.0939340417877,990.6145755554869,NO
844.033849447447,990.8226005471324,NO
845.0043427445906,990.9708578970325,NO
845.9907082413135,991.0911307104303,NO
846.9853289272855,991.1824938391107,NO
847.9806745068187,991.2593684525514,NO
848.980772055551,991.3268750544131,NO
849.9920067659257,991.3705954055248,NO
851.0,991.3823529411765,NO
851.9888178409452,991.4009602751075,NO
853.0619569714515,991.5216109095592,NO
854.0464095547596,991.6876762474749,NO
855.0253120800803,991.8344979431181,NO
856.0032397129002,991.9803303145774,NO
856.9758752102244,992.1334905058504,NO
859.0566695114663,992.7130920625902,NO
860.0189922229412,992.8758200846574,NO
860.9965239598652,993.0213588003545,NO
861.9681741648754,993.1745287850316,NO
862.9409738110857,993.3405879067333,NO
864.0580891778123,993.5832733185022,NO
865.0423632100589,993.7487763165911,NO
866.0167912775343,993.9079187944095,NO
866.9891258011507,994.0644865269941,NO
867.972714272391,994.2076973233173,NO
868.965773074995,994.3304214592741,NO
869.9350805935044,994.4735594000717,NO
871.0459334615377,994.6884649001377,NO
872.0223620167025,994.8160543792274,NO
873.0081720117203,994.9395981747942,NO
873.9830282942019,995.0862439764202,NO
876.0601037633166,995.7654487179605,NO
877.0078850930128,995.9624168482914,NO
877.9662257995535,996.1462569733796,NO
880.0492782008321,996.7632242601642,NO
881.011702114946,996.9397163797133,NO
881.9851259650521,997.0960222526151,NO
882.9765232629093,997.2259082227921,NO
883.9659658543858,997.3274983793635,NO
884.9619724172467,997.4275990309653,NO
886.0768557674146,997.7598854017498,NO
888.0703234483598,998.8778312908672,NO
889.2695739018591,999.4892648715567,NO
890.0235423348267,999.9575544252059,NO
891.1568714961028,1000.7065985912915,NO
893.0524742999215,1001.9202390652573,NO
894.1840865495225,1002.6650362833567,NO
896.0830016016795,1003.8700655505302,NO
897.2308099871781,1004.6535519013413,NO
899.0783939521411,1005.8637151252457,NO
900.2620325979562,1006.5982166564488,NO
900.9981954778542,1007.0027290063287,NO
902.0860156305603,1007.8535938906244,NO
903.308097941073,1008.4528739518836,NO
904.0292762219805,1008.949957463456,NO
905.1414272899675,1009.7701452262539,NO
906.6655619677954,1010.6424233511369,NO
908.2749936173288,1011.5472982582121,NO
909.0173868005055,1011.9719682210377,NO
910.1245657251727,1012.777047493788,NO
912.0949916381188,1013.5989241932444,NO
913.0,1013.7274509803922,NO
914.9383583744396,1012.9341375508084,NO
915.9523513348365,1011.9481470419626,NO
917.9783469753344,1010.8035335666898,NO
918.9117796929308,1010.6319366824403,NO
920.9832202645757,1009.9036140731992,NO
921.8808125858617,1009.6820446565512,NO
923.9589174849649,1008.7601927537388,NO
924.9782687462745,1008.6305686880447,NO
926.0107126944076,1008.6097518511515,NO
927.0290869608081,1008.6775141301721,NO
928.0268379197278,1008.7861353272197,NO
929.0116201614,1008.8986241093228,NO
929.9761337545501,1009.073229352957,NO
931.0037220905898,1009.2584194368447,NO
932.0161556793662,1009.0453460550574,NO
932.9222738557097,1008.7851977042958,NO
933.9790617144331,1007.9805279797264,NO
934.3787757480101,1007.1460453718049,NO
934.3339634348395,1005.8627656161412,NO
933.9751494382383,1005.0196821259696,NO
932.9926791408526,1004.0084206053374,NO
931.9313131776871,1003.1182404336785,NO
930.7175113169073,1002.6123407509573,NO
934.117042395748,998.73597412792,NO
934.993173158702,999.0169053694602,NO
937.0461095554322,999.8703168771417,NO
939.1133093783901,1000.6356788794128,NO
941.208643605168,1001.5827127896638,NO
942.0311552886907,1001.9141243696586,NO
942.9876585227657,1002.1049025600327,NO
944.0023202328595,1002.1690455364125,NO
945.0060651035051,1002.1406001256598,NO
946.0002326640525,1002.1186586729918,NO
946.9963929637744,1002.1313991752506,NO
947.9909678277479,1002.1706076999329,NO
948.9712821338347,1002.2489714255264,NO
949.9226211301533,1002.3989310698564,NO
951.0544035785906,1002.7057397772195,NO
952.0218084619943,1002.8804052003543,NO
952.9875349891391,1003.0558167752175,NO
955.0683415390308,1003.7681183609103,NO
957.155210391354,1004.6695124371132,NO
959.1585827086892,1005.6526907426838,NO
960.0110906568224,1005.9708379185093,NO
962.0400488371965,1006.9121831615118,NO
963.254113037311,1007.4897191188637,NO
964.0332384712325,1007.9314677969946,NO
966.0637730773246,1008.8086807740361,NO
966.9788887596507,1009.0495341790454,NO
968.0007134860132,1009.3203552314728,NO
968.982166752565,1008.977950023508,NO
969.9781260578928,1007.9835203711934,NO
970.7408932857619,1006.8584600847605,NO
972.9924782796094,1005.7602451532773,NO
973.9868832306843,1005.7212686585375,NO
974.9232015920961,1005.6008170760616,NO
976.9441312177722,1004.8904297580134,NO
977.3890076509078,1004.6862980280428,NO
978.9848569376497,1003.916054768861,NO
980.0125296436261,1003.8610843858853,NO
982.0442236017084,1004.9478675567573,NO
983.0891649350954,1005.884470686206,NO
984.2050518499177,1006.659484051441,NO
985.0067070250294,1006.9850809582218,NO
986.9631364062086,1007.58036098982,NO
987.9997094305116,1006.9997274630462,NO
988.7353693715137,1005.9182801793975,NO
989.5895664258542,1003.7084771063119,NO
990.9097968770134,1002.760604601309,NO
993.0191885100044,1002.1254633307159,NO
993.9991213482449,1001.9934101119857,NO
994.9843628490945,1001.8713718235397,NO
995.9152473794447,1001.6945582085255,NO
997.8650719489978,1000.7788112469954,NO
998.9807057147428,999.9667221322146,NO
999.747911542386,999.5376201495394,NO
1001.9970752473988,998.8135470337461,NO
1003.0144210991909,998.9312639232259,NO
1004.7545635472811,999.5762755708461,NO
1005.0835560445878,999.7985859553359,NO
1005.9828973029994,1000.0485559305888,NO
1008.0331881249981,1000.9041340047569,NO
1010.0923904572918,1001.7363905295015,NO
1011.0108586868056,1001.9558702979708,NO
1011.9883312010113,1002.1144439903783,NO
1013.0095888569629,1002.132170724492,NO
1013.9668884651811,1001.9260706648056,NO
1014.4629560123453,1001.5126248519352,NO
1014.7892844399737,1000.952782800866,NO
1014.8049790062014,1000.0360559774701,NO
1014.5927182559907,999.1300242161725,NO
1018.0929133893478,996.8396465168967,NO
1019.2454739103687,997.6899040840403,NO
1020.3859148877148,998.5706425354197,NO
1020.9896585850464,999.0123267287807,NO
1022.0359499872219,999.9505687693915,NO
1023.129344312822,1000.7779182686387,NO
1024.7153207516812,1001.5898685059859,NO
1025.0755296368347,1001.8312868074054,NO
1025.9829954643747,1002.0628428504843,NO
1026.9749226771148,1002.2569146257449,NO
1028.032889879306,1002.2137842203233,NO
1028.9459096262667,1001.9244969135352,NO
1029.6434333538284,1000.9081751480628,NO
1029.76703309533,999.9963456169451,NO
1031.9958913025798,997.2310000943288,NO
1032.9899063356654,997.2573884386136,NO
1034.0037192651357,997.2709750305231,NO
1035.0172264856997,997.2196376922615,NO
1036.012936705453,997.134647334531,NO
1037.0036123091265,997.061409254922,NO
1038.0,997.0313725490196,NO
1038.9950303533465,997.0685005315231,NO
1039.97665380731,997.1650674487961,NO
1040.9199809460501,997.3306982206619,NO
1042.061240545707,997.6963097181244,NO
1043.016418038398,997.8255583434911,NO
1043.999744144166,997.8695135178054,NO
1044.9803713976482,997.8179893268705,NO
1045.9159532724666,997.6634554417759,NO
1047.9934641669563,996.9719734625082,NO
1048.900193339992,996.7294471620311,NO
1049.9640912518344,995.9617435767263,NO
1050.343890401576,994.9850120416339,NO
1049.9629975199546,994.0338407199234,NO
1048.9361309986248,993.10941492939,NO
1047.764003065645,992.4044837471245,NO
1047.0016353362123,991.997398052249,NO
1045.9312511537726,991.0776060634122,NO
1044.6687884039382,989.0500064551139,NO
1046.984163864576,986.6328895906332,NO
1048.0302946065458,986.6641250143826,NO
1049.0332639752314,986.8004161486109,NO
1050.008513893627,986.9483085030909,NO
1050.9886431987202,987.0850912528832,NO
1051.944629720841,987.2341094181193,NO
1053.0167642607007,987.3752001171129,NO
1054.0474741787355,987.1695004073322,NO
1055.002171600336,987.0201878406857,NO
1055.9935387053124,986.9283639067248,NO
1056.993994184212,986.8607742714082,NO
1058.0021345134471,986.8444854493156,NO
1059.0054342774392,986.8740235693938,NO
1060.0049876080345,986.9347774371431,NO
1060.9959688528288,987.030416837746,NO
1063.0722429917066,987.6418756512913,NO
1064.0139108917433,987.7782951644945,NO
1065.0028970858725,987.8153107875755,NO
1065.9870106289045,987.7929818997103,NO
1066.933647393049,987.6675310974103,NO
1068.987933536066,986.961980747717,NO
1069.8749661468166,986.6921681165414,NO
1071.8192269215024,985.7271132547827,NO
1072.720284401001,984.8104373439709,NO
1073.0000224053376,984.0000063059799,NO
1073.7348162760197,981.918798128178,NO
1075.8318256071893,979.6174494445632,NO
1077.8695516517157,978.6898707387273,NO
1079.9064317821114,977.7602971563995,NO
1081.9945907235965,976.9715594747929,NO
1082.9873855578996,976.8350419204769,NO
1083.9961525206375,976.7819761797425,NO
1084.9963115642818,976.7648622381865,NO
1085.9880745329904,976.7355657358962,NO
1087.1392574309739,976.4567860720466,NO
1088.0494712883217,976.1350275160579,NO
1088.9887284254662,975.9357842332263,NO
1089.9718751020425,975.7950900252036,NO
1090.9496075012655,975.6528908303953,NO
1092.064705228083,975.4210271647726,NO
1093.0106307482877,975.3308820292003,NO
1093.9325485102045,975.398424645289,NO
1095.0664843173506,975.7792176184776,NO
1095.990107838049,976.0254144367608,NO
1098.0221857987817,976.7931438354723,NO
1098.9402772469437,976.7319831133732,NO
1100.033596243085,976.0351444581071,NO
1100.359963223281,975.5715099418394,NO
1100.7997320674958,974.9487788958337,NO
1100.9373904616682,973.9964398498828,NO
1100.9679826042413,972.999425982979,NO
1102.9597797788365,970.6261008972077,NO
1104.0177380426435,970.5887999236058,NO
1105.0381177909437,970.6864504301695,NO
1106.029344156196,970.8407923438377,NO
1106.9954617837054,971.0182653830957,NO
1109.0467765886651,971.7455678089307,NO
1110.0027958970134,971.841565843391,NO
1110.9857478613303,971.8136258896487,NO
1111.8956783322378,971.6441956602969,NO
1113.900835080869,970.7848497878938,NO
1114.9967418253707,969.9956737484282,NO
1115.6075213660467,969.4313845967755,NO
1116.9003554128055,968.818887750457,NO
1117.9882918394358,967.9857099469403,NO
1119.885727484397,966.7644011112513,NO
1120.9782052514893,965.9740917810838,NO
1121.9804618437097,964.9828146054901,NO
1122.7590011440545,963.8973575478791,NO
1123.0435618263716,963.0182267056066,NO
1123.337379330019,962.1114623508568,NO
1123.6750895550172,960.9781680732887,NO
1125.9799049696915,958.8044598966509,NO
1126.9817354063139,958.7177290177805,NO
1127.9853924336774,958.6613700559576,NO
1128.9412866388952,958.5554559620707,NO
1130.0619193886953,958.2572036188254,NO
1131.014240409144,958.0791829348351,NO
1131.9675912931598,957.8900378280993,NO
1133.9970937401806,956.993622955151,NO
1134.8168507969554,956.6605150073121,NO
1136.806532402825,955.5907206492228,NO
1138.9243884088398,954.7836934127299,NO
1140.026105975346,954.0319167976065,NO
1140.4945660168548,953.5780488069579,NO
1140.9976824819976,952.9985109405957,NO
1141.3152253229064,952.1032397410515,NO
1141.2813985136495,950.8980083989051,NO
1140.9767333489751,950.0153842579275,NO
1140.1247409688374,948.9337832069031,NO
1139.7555598905863,947.0115030642405,NO
1139.7738361260072,945.982705114524,NO
1140.4480418490953,943.6272020528339,NO
1143.0062054927882,942.0786029090427,NO
1143.9970178607402,942.065088433816,NO
1144.9476365173261,942.1896192889158,NO
1145.8867891354178,942.4362522230915,NO
1147.0040146277317,942.6587566335826,NO
1147.9904304167108,942.6513937556889,NO
1149.9556107326484,941.9447539148848,NO
1150.94529407808,940.9559218778254,NO
1151.6166163507114,939.0060138615546,NO
1151.602338868163,938.0062378220797,NO
1151.6096775665276,936.9892852664067,NO
1151.6779726548855,935.970954396323,NO
1151.8043828325144,934.9641434916291,NO
1153.0033074492605,933.0036122834646,NO
1154.9846503603171,931.9110086410864,NO
1155.9732061309774,931.7864863562755,NO
1156.9145278432832,931.608182093112,NO
1159.0025369453253,931.019008156514,NO
1159.9882899350105,930.9020961788244,NO
1160.9771583987722,930.7919782701342,NO
1161.9768069081279,930.6967057391041,NO
1162.9893558678875,930.6380994960371,NO
1164.0152275918012,930.6469967381472,NO
1165.0311151443739,930.7398569919646,NO
1166.01966391003,930.8714282845984,NO
1166.9994436499187,931.0034885598825,NO
1167.9936631901262,931.1011777370784,NO
1169.0078237135228,931.0535452704735,NO
1169.954963847903,930.8745999339941,NO
1170.7226666554805,930.4914335793147,NO
1171.9034532537503,929.856631708685,NO
1172.9818236924873,928.9749022513925,NO
1173.5591141395914,928.4392241398377,NO
1174.657474165003,927.6279128347725,NO
1175.6665368462402,926.6653501456275,NO
1176.6189950045502,925.6392972351656,NO
1177.622439061129,924.6023788861689,NO
1178.6695217738738,923.6536977786099,NO
1179.605412627052,922.6652994294202,NO
1180.4325004832506,921.5378506384367,NO
1180.9953376833053,920.9958999730609,NO
1181.9855970805836,919.984323895178,NO
1183.866169577033,918.7313763357442,NO
1185.8810891217113,917.7352668353548,NO
1187.8706161269533,916.7447120224261,NO
1188.9907190904182,915.9841934504248,NO
1189.691549900816,915.5687098331816,NO
1190.7356585213442,914.7426958886383,NO
1191.0701354176365,914.050518333128,NO
1191.6785527912687,912.9387391795354,NO
1191.6960065660837,912.055643056832,NO
1190.9703214951057,910.0116080018844,NO
1190.6781597246827,909.1149165640574,NO
1190.1390037061817,906.9940037616494,NO
1190.1037130451678,905.9971529751973,NO
1190.0752342237006,904.9977872287889,NO
1190.0450602500382,903.9985863451515,NO
1190.0218509286299,902.999657240313,NO
1190.0361254673032,902.0015583535031,NO
1190.1043744385186,901.0108116951226,NO
1190.6819263911323,898.9208199733807,NO
1191.1192459606405,897.0596229803202,NO
1192.9103123718253,895.7285691313378,NO
1194.9992114593354,895.1995007852695,NO
1195.9926860607193,895.2176972457064,NO
1197.0022841038724,895.2293240357195,NO
1198.017042993333,895.1627123556285,NO
1199.003404387085,895.0175377510215,NO
1199.9344685110734,894.8130840320806,NO
1200.28812606269,894.6678418927149,NO
1201.6987746842206,893.7094186690066,NO
1201.9268769436683,892.9744293610235,NO
1201.9679035712034,892.0079000726191,NO
1201.7712587688668,891.1778334090695,NO
1200.8371552795195,890.2146305810779,NO
1199.669962535439,889.5517680109989,NO
1198.9651227734976,889.0613059313595,NO
1197.8581905699757,888.1413512466341,NO
1196.8673838050577,886.0078009526728,NO
1196.8577733666505,884.9938647334176,NO
1197.4311557652811,882.6900309800915,NO
1197.9517127223723,881.9691239997554,NO
1198.8646635720663,880.8826817314741,NO
1199.7933470714945,879.8310918981102,NO
1200.5571832228027,878.7134715008061,NO
1201.005811826477,878.0039339484146,NO
1201.7966925153376,876.8941257531136,NO
1202.5517983009865,875.5637503462935,NO
1203.9600804125012,874.8234187651035,NO
1206.015950754991,874.0401661516355,NO
1206.976512248771,873.8199272495985,NO
1208.9599176463967,872.9522593870213,NO
1209.8984985942454,871.9117199461526,NO
1209.999336254067,871.000229654291,NO
1209.8787940930497,870.2427171149493,NO
1207.8682278590295,869.2674199375884,NO
1205.8429935572792,867.0217491216303,NO
1205.8198335552656,865.9865758330861,NO
1206.4545322230747,863.7162917262967,NO
1206.9214540467285,862.9607736107051,NO
1207.9271363957073,861.8889893506511,NO
1209.9998522243934,860.9978007512236,NO
1210.998664103993,860.9513352174553,NO
1211.9979036570098,860.9236332205413,NO
1212.9949238111865,860.8874410325202,NO
1213.9831946457182,860.8214431122601,NO
1214.8950067950022,860.6358048162807,NO
1216.0126635819277,860.0183120853807,NO
1216.6282606102468,859.5572276231748,NO
1217.0516949164446,859.045842659344,NO
1217.8388223074967,857.9474855116879,NO
1218.0843311312344,857.0303242508259,NO
1218.3576468633978,856.1049615770606,NO
1218.666270974481,854.9744795436404,NO
1218.772374499014,853.9718815556399,NO
1218.9183116376296,852.9843505753921,NO
1219.7584638553649,850.9131341272505,NO
1220.9767401857614,848.9781860662088,NO
1221.9684225564713,847.9690399940273,NO
1222.3159357015504,847.1600853814663,NO
1222.3178037997598,845.7728564906348,NO
1221.9241250909554,845.1285880066533,NO
1220.726172632844,844.4862422577426,NO
1219.974713602838,844.0524172130904,NO
1218.8084913795235,843.2742592678155,NO
1217.650793523361,842.2865581172581,NO
1218.7013418367098,838.5675537993575,NO
1219.949756532017,837.8849756136601,NO
1221.0817822628578,837.1937644445801,NO
1222.869504634446,836.6753338103258,NO
1224.96430996559,835.8814798570901,NO
1227.0250424679573,835.1022394998206,NO
1227.9840283580468,834.9193511108379,NO
1228.9122259355638,834.7052841499623,NO
1230.9435313395143,833.8666249555151,NO
1231.344611802227,833.6066306832097,NO
1232.8741761187714,832.7855830725076,NO
1233.1449574142073,832.1124202123306,NO
1233.1509109551537,830.8886234685556,NO
1232.881931575176,830.1889573828856,NO
1231.6630833288273,829.399535538368,NO
1230.6809303750072,828.1883033895858,NO
1231.8385122249356,824.6952256922162,NO
1233.9043623483005,823.7329750127052,NO
1235.9727078142178,822.9187870833451,NO
1236.831298497005,822.5936056450624,NO
1238.7470552652387,821.6093982735218,NO
1239.757360806192,820.7834263178227,NO
1240.7285067908726,818.9270746399991,NO
1240.8750619278885,817.9904459115835,NO
1240.9052160397264,817.0014868073163,NO
1240.766657089937,816.0750895825769,NO
1239.9310133106715,815.1582417009281,NO
1239.0050082965674,814.9580972503651,NO
1238.0006773298976,814.8857570205575,NO
1236.994141909534,814.9213782621329,NO
1236.0018994955008,815.0158810278169,NO
1235.0214934012079,815.1405337727278,NO
1234.0421516007207,815.2791859354851,NO
1233.023547257364,815.4003033736938,NO
1231.971760977684,815.3892405583807,NO
1229.791910280051,811.7658990650575,NO
1230.9621456671448,810.9212081773484,NO
1233.0191822966626,810.0953417095998,NO
1233.9805705289873,809.91636879963,NO
1234.885022423303,809.6788045878076,NO
1236.877869597064,808.7940188664824,NO
1237.95111550425,807.9399063200701,NO
1238.986335182917,806.9847159413004,NO
1239.9806103638966,805.9828973472092,NO
1240.9526041947943,804.9569477461695,NO
1241.9365381327348,803.9367202335353,NO
1242.9746710865782,802.9669024737105,NO
1243.5425111904274,802.3826530152558,NO
1244.6703737098837,801.6314464042846,NO
1245.5001503198632,800.624904805883,NO
1245.9497757119132,799.9720187428715,NO
1246.6666626882923,798.8208658252518,NO
1247.0132574814388,798.0071086491927,NO
1247.2941792100498,797.0095512733242,NO
1247.0682846702105,795.9737146886305,NO
1246.8216371808885,795.0696196825625,NO
1245.6744156467523,793.2283510122644,NO
1244.9022842484505,792.0471069005938,NO
1243.9911507355048,790.0012976518356,NO
1243.9254901960785,789.0,NO
1243.9801088856777,787.997566405548,NO
1244.591480291251,786.249260813972,NO
1244.7821687716194,785.9307668205765,NO
1245.0468873828775,785.0186489389246,NO
1245.8401915248244,782.9620114247373,NO
1246.5602154686044,781.5875013495943,NO
1247.8987746634689,780.765797677111,NO
1249.9896435191285,779.9665220747494,NO
1250.82973142111,779.6803291035487,NO
1251.9070313010013,778.8995477511618,NO
1252.8772252831093,777.890036564066,NO
1253.8713005854247,776.8620476872929,NO
1254.9495818970272,775.9278716102644,NO
1255.9866822443562,774.9872163798058,NO
1256.790508023926,773.9033113983028,NO
1256.9607675811396,772.9954924453624,NO
1256.9588868110366,772.0044995121035,NO
1256.8080183132388,771.0711204894477,NO
1256.0841494254846,769.9450195750632,NO
1255.7685115069075,769.1395145496267,NO
1254.8982864633613,767.0075786559214,NO
1255.5604334038662,764.6785889030893,NO
1256.7436288553552,763.6099205351229,NO
1258.884815062935,762.6776270695407,NO
1260.8798166134486,761.7604937284906,NO
1261.8360426821416,760.8912485596054,NO
1262.434502415726,759.6631639481667,NO
1262.931094748037,758.9656254964402,NO
1263.499791022717,757.7689252071374,NO
1263.852168054981,756.9584706885022,NO
1264.0246514531225,756.003576877528,NO
1264.143891356304,755.0138248566169,NO
1264.2399722223843,754.0237126710908,NO
1264.3689066195561,753.0656852342615,NO
1264.7223944809623,751.9310948517015,NO
1265.905221419088,749.9015102111651,NO
1266.9939192480297,748.9883633610116,NO
1269.0181366499796,748.0498368087644,NO
1269.8840688872035,747.7796505566506,NO
1270.9699712210731,746.9630733378599,NO
1271.92692623821,745.9510799618627,NO
1272.536375181695,744.793739290641,NO
1272.8602446820264,743.9641877013817,NO
1273.0378158715844,743.0067797375663,NO
1273.6735680218615,740.9240291108997,NO
1273.8959414984724,739.9765358283674,NO
1274.0999059983296,739.0293841171558,NO
1274.9724461900464,736.9820222685427,NO
1275.9324241742547,735.9377381294428,NO
1276.7202394727663,734.855080569344,NO
1276.9558926723769,733.9915501513525,NO
1277.077641399426,733.0056328076914,NO
1277.131631060021,732.0038715016354,NO
1277.173655040485,731.0100318652887,NO
1277.2852636994992,730.0608721680583,NO
1277.4972995445155,729.0887252475068,NO
1277.3947223544383,727.8965792967894,NO
1277.1162681142255,726.9593300823683,NO
1276.9192052470335,726.0142109346992,NO
1276.7959361225542,725.0124038831827,NO
1277.6496461157801,722.5693101901221,NO
1278.931420121421,721.8618833098793,NO
1280.7974725295992,720.7246444500676,NO
1281.8081305118117,719.8214253967226,NO
1282.5107249251953,718.7188655815253,NO
1282.8670430986072,717.963091278468,NO
1283.0902417166578,717.0294107604752,NO
1283.3397262735566,716.0931048935721,NO
1283.639329128615,714.9674689017967,NO
1283.8328724820215,713.9596927764019,NO
1284.8602161992717,711.919317188082,NO
1285.4649323501021,710.7029130246353,NO
1285.8373651589225,709.9474135759425,NO
1285.9702355277905,708.9991699151185,NO
1285.8557755738134,708.045947606719,NO
1285.4906136365876,707.4006705127131,NO
1285.030018934188,706.9657728056329,NO
1284.2793783253937,706.3723058137571,NO
1283.9337018610256,706.2070681615049,NO
1282.9965146848333,706.0291395199881,NO
1282.0064312863708,705.927112089252,NO
1279.8452436238774,705.3306543548484,NO
1278.1990168428408,702.9911369021505,NO
1278.7500874723028,700.8843053835145,NO
1279.5840255915434,699.5840255915434,NO
1280.8166064852255,698.706897845092,NO
1281.9658637543816,697.9382090748131,NO
1282.5953016680185,697.4360761266569,NO
1283.6503517802246,696.6516255270831,NO
1284.3758972032585,695.5674430918739,NO
1284.8820487041176,694.948337600116,NO
1285.5993529118905,692.9376577432271,NO
1285.700559705561,692.0041099648377,NO
1285.6875853887682,691.0042880436961,NO
1285.7287940448323,689.9792607198833,NO
1286.7051354187308,687.7424721623545,NO
1287.8379832018904,686.7670409254548,NO
1288.9748720057653,685.9527253008753,NO
1289.7148089778498,685.4970267656245,NO
1290.9230339124576,684.8686487877455,NO
1291.8184144892332,683.9127954584997,NO
1292.074630324008,683.0269412373074,NO
1292.3002119750174,681.997466565614,NO
1292.0974860912763,680.9683667600568,NO
1291.939273362702,680.0050405508754,NO
1291.889644464579,679.001514683824,NO
1291.8964621434654,677.9971577842971,NO
1291.916387434629,676.9988523765504,NO
1291.893162150799,676.0062845793882,NO
1291.7379789389,675.0823163537336,NO
1291.5347311200367,674.7691597899956,NO
1290.6831735897133,673.2370114669637,NO
1289.8237860958911,672.1393025228782,NO
1288.7990917298428,670.0177272006616,NO
1288.779705245516,668.9866095340607,NO
1288.9062648091708,667.9813287838567,NO
1289.5859347778282,666.2579431539052,NO
1289.7948948751912,665.9308736603034,NO
1290.7351298111228,663.8902940402346,NO
1291.690422107216,661.886499821335,NO
1291.9303668184593,660.983735829031,NO
1292.7131230394082,658.9249994844813,NO
1292.9068178921384,657.983644062405,NO
1293.7145580505742,655.9137035915182,NO
1293.9054979330087,654.9851892621414,NO
1294.1099998524246,654.0438783940936,NO
1294.4341748991164,653.1412376154898,NO
1294.700350061238,652.0041128423088,NO
1294.6677196367243,651.019545903795,NO
1294.615982315977,650.01731844486,NO
1294.6179638674084,648.9827709192257,NO
1294.7516884552606,647.9586147425434,NO
1295.7712354157363,645.859750861674,NO
1296.9329715930535,643.9518460205651,NO
1298.4105707815984,642.6701025831377,NO
1299.80983281359,641.7577419762855,NO
1300.6492843061196,640.7764502907884,NO
1301.5409159331912,638.7977122978175,NO
1302.8169363409409,636.8264153684727,NO
1303.8647206117698,635.8482677179496,NO
1304.8604278485948,634.8726377808506,NO
1305.6290483869989,633.7827283372959,NO
1305.8959621602746,632.9713552196457,NO
1305.9853759106534,632.000546127813,NO
1305.8334574592102,631.0689798627643,NO
1305.620886113586,630.6595764747608,NO
1305.0118292730574,629.9879007288808,NO
1303.9530778381459,629.0801666112243,NO
1302.7972675772214,628.2875576979582,NO
1301.5961379267787,626.011086409983,NO
1301.7007124234563,624.9501187372427,NO
1302.7874144391399,622.8112558188443,NO
1303.8581078826955,621.8153820082022,NO
1304.9606230400748,620.9406082301191,NO
1306.0015190691342,620.0014608831722,NO
1306.8798130362416,618.9411908556774,NO
1307.5788404103562,616.8978583064671,NO
1307.8227956952696,615.9612310266374,NO
1308.7013558111182,613.8494139975061,NO
1309.630249749416,612.481575441553,NO
1310.7897461546302,610.8739503894582,NO
1311.0842161971973,610.0500442166199,NO
1311.9189326815058,608.9542103270516,NO
1312.5636492456338,607.7815348811256,NO
1313.4583748053235,605.7691079801955,NO
1313.908251089153,604.9578503921967,NO
1314.7036675218808,603.7919013594568,NO
1315.5634070376575,602.631466302313,NO
1316.0127259669084,602.0104038214498,NO
1316.918610625127,600.9485767131746,NO
1317.5154379882258,599.7789383839427,NO
1317.861596417817,598.9583224548225,NO
1318.0375120558708,598.005516478871,NO
1318.1384090249207,597.0059705854333,NO
1318.1469439348848,595.9956781197071,NO
1318.102852276223,594.993949866082,NO
1318.060040692627,593.998234097335,NO
1318.0450980392156,593.0,NO
1318.0752593898956,592.0044270229515,NO
1318.1656559908379,591.023429432699,NO
1318.3260322063832,590.0754511881171,NO
1318.6829972453777,588.9360749327776,NO
1318.8291507507538,587.9788950926496,NO
1318.9126117505498,586.994859514719,NO
1318.9272172621786,586.0021406686876,NO
1318.8153668736406,585.043352013277,NO
1318.4753684691138,584.3166554122561,NO
1317.7081857314888,583.4522110280956,NO
1316.9668564908993,583.1061037136524,NO
1316.010981189379,582.9243188302947,NO
1315.0100112785644,582.817651714196,NO
1314.0,582.7862745098039,NO
1313.0057703262662,582.7736256625772,NO
1310.90681431654,582.2594243254731,NO
1308.9478508512427,581.0527537753644,NO
1307.9924550702992,578.9998359797879,NO
1309.881752938955,576.729811822645,NO
1311.9479568723757,575.846692229661,NO
1314.012683866451,575.0461729226417,NO
1314.9522797025013,574.8311569160328,NO
1316.9991119241638,573.9979115822566,NO
1317.795370978167,573.6771607668518,NO
1318.7944060616437,572.8321621877582,NO
1319.09959203794,572.060631267072,NO
1319.873669557412,570.9417684768165,NO
1320.1386718063861,570.0653873869187,NO
1320.7551398639987,568.9320573059258,NO
1320.8817842214855,567.9933533296282,NO
1320.814990370216,567.038221769385,NO
1320.5273771710151,566.268359618429,NO
1319.8390346479391,565.1405098475365,NO
1318.8568361421146,564.1773367875851,NO
1317.7434616083553,563.3307307718358,NO
1316.6216033182916,562.2612459979414,NO
1316.999017478552,558.9993052169935,NO
1317.9252575549042,557.9406429142662,NO
1318.806117064073,556.8702475763231,NO
1319.5778736602185,555.685205000891,NO
1320.438609337279,554.4559161986307,NO
1320.9945654562741,553.9954046635087,NO
1321.7487076894695,552.9013486898201,NO
1321.9341190354558,551.9928951899724,NO
1321.9901960784314,551.0,NO
1321.927618026803,550.0087993771572,NO
1321.7345725755724,549.1071339748206,NO
1320.9719217507743,548.0275527195815,NO
1319.8927057541132,547.3240873957575,NO
1318.9928925192169,547.1576006582387,NO
1317.996486804286,547.1194486582823,NO
1315.7302621479166,546.277444651152,NO
1315.7474757529192,542.8307178300945,NO
1316.7459842727426,541.7178107892273,NO
1317.8575085971117,540.8107987196533,NO
1318.9018990673983,539.8951860936617,NO
1319.8069302105296,538.8709426552076,NO
1320.6705558639048,536.9167495416157,NO
1320.8436225858595,535.980989412348,NO
1320.9694380089811,534.9954339654558,NO
1321.6999945755854,532.9111094993873,NO
1321.922577222071,531.9836045881893,NO
1322.7126546064178,529.885196114952,NO
1323.4522528066361,527.7700187324225,NO
1323.908904030276,526.9549000257996,NO
1324.705624120277,525.788631274857,NO
1325.5143835178903,524.6242734355368,NO
1325.970241432271,523.9820072479392,NO
1326.655963885995,522.8429118208152,NO
1326.9254109672943,521.9805928217073,NO
1327.124071416306,521.0388688456082,NO
1327.2702919748651,519.9754798423521,NO
1326.9659729314603,519.0236065291012,NO
1325.9998025312555,518.0002334266425,NO
1324.9216371010168,517.1384680468195,NO
1323.7259209273286,516.2907195771662,NO
1322.7411764705882,514.0,NO
1323.431643877681,511.6358968635397,NO
1323.9943094340053,510.9949222641685,NO
1325.7811765782124,509.6568231894393,NO
1326.918676387564,508.87503932398107,NO
1328.006156329083,508.00951031540353,NO
1328.7354914380062,507.61278723674104,NO
1329.8427457859093,506.80574480312157,NO
1330.8566988415828,505.8593607852366,NO
1331.6961569675414,504.80593809375364,NO
1332.0372322096555,504.02018813203546,NO
1332.8066874725866,501.9704345537053,NO
1332.9687520082023,500.99393421313926,NO
1333.604762340714,499.3146162596495,NO
1334.757791123647,497.79399573718996,NO
1335.7422339265686,496.74894003973685,NO
1336.5650814881287,495.6794262658898,NO
1336.9725650798753,494.98591497660846,NO
1337.7987613437942,492.94218219466137,NO
1338.022991833605,492.00680738581235,NO
1338.83546977715,489.9413472446014,NO
1339.0658415602838,489.0213252020371,NO
1339.709261049039,486.9652538732311,NO
1339.6727852401602,486.05675459311107,NO
1338.7682384612951,484.2396312049136,NO
1337.651594616651,483.636675065278,NO
1336.9395544801023,483.1753666323478,NO
1336.0050311558982,482.9739624720425,NO
1333.587289217245,479.9757228950415,NO
1333.804763714206,478.9471713591672,NO
1334.91265439775,476.93830100225654,NO
1335.8663887774594,475.8718985185952,NO
1336.8516190704431,474.8617309579114,NO
1337.707819914949,473.80425977817987,NO
1338.7558295894596,471.8960739216433,NO
1339.0089942910781,471.00284466327724,NO
1339.599791428982,468.9677597803099,NO
1339.3948433978976,467.8915761820799,NO
1339.0619098431634,466.9720747095838,NO
1338.7767822149915,466.13686551175556,NO
1337.9384615698427,465.04372848354586,NO
1336.73964320257,463.12763833282014,NO
1335.850214125449,461.03965360361417,NO
1335.6010950962116,460.08974287408165,NO
1335.2869210307301,458.9544844115354,NO
1335.1490129983667,457.9795472359138,NO
1335.0262311587,456.99660537967566,NO
1334.9344847316033,456.00385383933184,NO
1334.9246911119933,454.9968990459928,NO
1335.0041167294337,454.0004762490917,NO
1335.751656192493,451.8830264668857,NO
1336.6074052843758,449.90326118896996,NO
1336.6108410911495,449.0826532208904,NO
1336.0278311255265,447.9786132330613,NO
1335.6060479380358,447.4183359606906,NO
1335.023092657984,446.9707198360597,NO
1333.950294423201,446.0693824834958,NO
1332.8367712495656,443.99519915456,NO
1333.8365176275738,441.8482679258754,NO
1334.938223533823,440.90103998796866,NO
1336.8057940067672,439.7107224383885,NO
1337.8544758331311,438.85127247404847,NO
1338.7171130056818,437.8153376534104,NO
1339.8502967409952,435.91823225701495,NO
1340.3881634636075,434.6748218611068,NO
1340.8971881538844,433.9519034702884,NO
1341.1578076106741,433.0668102972724,NO
1341.7987790729085,431.931368152278,NO
1342.0259751934884,431.0076179790392,NO
1342.8648769483416,428.96105193918737,NO
1343.0389643086417,428.0064423063598,NO
1343.1276150627616,427.0,NO
1343.0504782246687,425.99245843252095,NO
1342.9364133658185,425.0076054602342,NO
1342.9044580473856,423.9943798851194,NO
1343.9526789827253,421.95687117984465,NO
1344.9255370002647,420.9353866008237,NO
1345.7446757428404,419.8572902404511,NO
1346.0169190884794,419.00553493427907,NO
1346.2464213583107,418.06492844502174,NO
1346.4978350731535,417.06730388122423,NO
1346.5862788862853,416.00648974338037,NO
1346.5640477535849,415.013676932692,NO
1346.5470588235294,414.0,NO
1346.564694908184,412.9863433701966,NO
1346.6150517044941,411.9766011812153,NO
1346.7048873844994,410.9687527825385,NO
1346.8169628114601,409.9773895236716,NO
1346.9331662964153,408.9918751183661,NO
1347.0562503088397,408.0078928297861,NO
1347.2178554233576,407.0587223468466,NO
1347.5515869240803,405.9257405102811,NO
1347.5128553628017,404.8988568333695,NO
1347.069310963598,403.9519490054608,NO
1346.7304915982713,403.32559107958053,NO
1346.0082891581935,402.9814139973807,NO
1345.0734182396948,402.7139019384081,NO
1343.9376333375628,402.3510352217265,NO
1342.969448928081,402.1790924972819,NO
1340.6234086886961,400.01772194447443,NO
1340.7230252443117,398.9489497509782,NO
1340.914675212536,397.9792543649083,NO
1341.1026377342473,397.02133254792705,NO
1341.712238440296,394.9193049563378,NO
1342.1724737591112,393.0750768110748,NO
1342.7343272193712,391.9434001492346,NO
1342.8523388950298,390.9953674949252,NO
1342.8447704825464,390.0073049186387,NO
1342.7800803976122,389.0206983156931,NO
1342.696951786392,388.02258006372057,NO
1342.6408405605828,387.0098592788446,NO
1342.650654353088,385.9849301876679,NO
1342.7349343428632,384.97193422512254,NO
1342.8761151488638,383.9791096129928,NO
1343.7409905863465,381.87128207676534,NO
1344.8450512308455,379.9187681979796,NO
1345.575966646955,377.91918849998916,NO
1345.706884943106,376.9856316144294,NO
1345.7457310667364,375.9920229357355,NO
1345.7687057631115,374.9963718548728,NO
1345.7764705882353,374.0,NO
1345.7538304588045,373.01158444926745,NO
1345.0076906718361,370.9947567882127,NO
1344.5452491701772,370.34939119010414,NO
1343.6620710804139,369.4011588767395,NO
1343.0278865695996,368.96434874950035,NO
1341.989007149039,368.01126920753615,NO
1340.8325738684312,366.0528338323514,NO
1340.1391720319614,363.9836599642519,NO
1340.0590655727374,362.9965255545319,NO
1340.0223259389209,361.99964978917075,NO
1340.734461177135,359.8217515686595,NO
1341.8390896582466,358.7610337493286,NO
1342.9467022961235,357.9286144397394,NO
1343.7343896956957,356.8944252294006,NO
1343.8865439459416,355.9984427600378,NO
1343.8564963206088,355.0109738114077,NO
1343.778220004857,354.0204385493789,NO
1343.7064299597712,353.0132394334057,NO
1343.730449740203,351.97885880311367,NO
1344.554369199984,349.69169763279984,NO
1345.6536681644402,348.5404586081612,NO
1346.87168782995,347.7863311472991,NO
1347.9518082447235,346.9437149704176,NO
1348.7565173461364,345.8974664429908,NO
1348.9550684674066,344.9932162197986,NO
1349.064181040241,344.00465627178005,NO
1349.1103632011636,343.00151478904,NO
1349.1034109201794,341.9971612688246,NO
1349.075363835301,340.99778341668315,NO
1349.053358589583,339.9991630024622,NO
1349.087790013573,339.0078696227542,NO
1349.8762110670677,336.9439316993612,NO
1350.1412978253081,336.0678751651398,NO
1350.6761440818686,334.94515061837865,NO
1350.6405898064074,334.10177987389085,NO
1349.6687433520153,332.22260060536735,NO
1348.705546176628,330.6378056716582,NO
1348.1166689178747,328.99746371915774,NO
1348.781574072008,326.89477479416,NO
1349.4375169628624,325.6052590525397,NO
1349.9788384240967,324.9839192352691,NO
1350.855176113637,323.91240349425806,NO
1351.7002468839644,321.92004460518376,NO
1351.8277378786568,320.99189354704197,NO
1351.7932860410779,320.0255489170908,NO
1351.0516140473776,317.97862899545595,NO
1350.7712876828411,317.12044948414666,NO
1349.6209131598584,315.20738583645175,NO
1348.7237805064726,313.0509110438394,NO
1348.5693704731952,312.0253311487301,NO
1348.5490890153153,310.98585377357654,NO
1348.5975578268917,309.9763269309053,NO
1348.6668707052943,308.97452540541116,NO
1348.7439856651295,307.97941845631,NO
1348.8198998456494,306.98622763446394,NO
1348.8847461863886,305.9932203638799,NO
1348.9202876773522,304.9989059092938,NO
1348.9052803033453,304.0040859477293,NO
1348.83463192194,303.0178338126557,NO
1348.6618393783606,302.09222562313386,NO
1347.755065240101,300.15840704236075,NO
1346.8959823793687,299.08854146768545,NO
1345.964821806548,298.0240828709224,NO
1345.4457154014663,297.30701392117146,NO
1344.8075853909224,295.0150913419166,NO
1344.7798437897386,293.9926614601503,NO
1344.864562468608,292.98353504515944,NO
1344.9967046889506,291.9994485933847,NO
1345.7399147729086,289.92208653760883,NO
1345.8901680175145,288.9869877774302,NO
1345.8549160319835,288.02404435504855,NO
1345.6226602302193,287.26782790908584,NO
1344.7759816663404,286.34186925267284,NO
1343.9951508008098,286.01223717568485,NO
1341.9385361774712,285.3369913091668,NO
1340.9774840826126,285.18521157801695,NO
1339.99153179759,285.0512173178233,NO
1338.344476696476,284.3719485974606,NO
1336.8878368664025,283.07249397788735,NO
1335.93016724521,281.0016372612454,NO
1336.8514114084319,278.9089413940344,NO
1337.8425757474827,277.8049559807067,NO
1338.9580050434372,276.9327295772486,NO
1340.051541194506,276.0819153810259,NO
1340.8643093855458,275.77650956610927,NO
1342.7940965685937,274.568006529621,NO
1343.966514934817,273.9380383188368,NO
1344.4954348570625,273.42473145019767,NO
1345.0059022268379,273.0049766849455,NO
1345.7301824942779,271.9068558753535,NO
1345.916463661187,270.98984460192116,NO
1345.9974077762142,269.9998830957881,NO
1346.004604457243,268.999855546445,NO
1345.9277451153055,268.0089256034417,NO
1345.7330335070199,267.1077551861816,NO
1344.9773279951075,266.02077526237804,NO
1343.9091600909767,265.2601324682413,NO
1342.9956549903354,265.0963458648808,NO
1342.0027920424968,265.088996358027,NO
1341.0136243799234,265.1478390103535,NO
1340.0653273418827,265.2887834931718,NO
1337.987547171764,265.9199001939843,NO
1337.0009733578897,266.01654708406534,NO
1335.99943919109,266.00752664564885,NO
1333.8950345802275,265.1372917312517,NO
1332.9712700536898,262.99610829413564,NO
1333.9490520677286,260.9667156186923,NO
1334.8987212582447,259.8987212582447,NO
1335.9608292748926,258.944060986457,NO
1337.8656994542037,257.75564762314303,NO
1338.9821507661075,256.9715559477032,NO
1339.5338373824625,256.4884503438935,NO
1340.0134453405462,256.01110849267,NO
1340.8288035289422,254.9223555856922,NO
1341.0656102144771,254.01685281923895,NO
1341.7059629731957,251.92310747544295,NO
1341.917436103081,250.97917081034248,NO
1342.6447804381487,248.91968949026966,NO
1342.7741233111544,247.99291367278082,NO
1342.7669071687574,247.0109690746671,NO
1342.6180565229006,246.0873616554962,NO
1341.7019521737227,244.24692634811032,NO
1340.6719248009306,243.64264140923447,NO
1339.9558872868486,243.2805808711134,NO
1339.006615716648,243.2108759763064,NO
1338.0204132220797,243.26026858102972,NO
1337.0193340119026,243.32867820112006,NO
1336.004331085257,243.36814225680007,NO
1334.975662211696,243.32663872697435,NO
1333.9659003779846,243.16253090043872,NO
1331.9322584980987,242.07039402946768,NO
1330.8803892795545,240.01454091115173,NO
1330.842169572189,238.99071585715296,NO
1331.8033875030692,236.8403768332021,NO
1333.3114984293875,235.7119963967934,NO
1335.0022725558244,235.00973952500408,NO
1335.9003089835244,234.77220860560675,NO
1336.9783134154764,233.9768776137002,NO
1337.8913297625274,232.93540580822292,NO
1338.479362197403,231.73347433147154,NO
1338.855534336352,230.94999857173462,NO
1338.9946675712304,229.9998072616105,NO
1338.852640893862,229.06300634834565,NO
1338.555561126079,228.489484359691,NO
1337.9532296892146,228.10275472061699,NO
1337.015995479918,227.8882507611155,NO
1336.0053250548724,227.79109400182145,NO
1334.9858617448767,227.82413389218326,NO
1333.9915442536242,227.95043182973006,NO
1333.018802318474,228.10310949535764,NO
1332.0107325185693,228.22806601428357,NO
1329.1296778692176,226.0050854066739,NO
1329.6284686823374,223.89448348917352,NO
1329.8575729452346,222.9657382215446,NO
1329.9944101504796,221.99950677797366,NO
1330.0283352252416,220.9992221702784,NO
1329.9846050974809,220.00093576861738,NO
1329.9111551116757,219.0080134605155,NO
1329.8127661671645,218.02276176013083,NO
1329.6759874215818,217.05161556934263,NO
1329.4317721890193,215.93472126587133,NO
1329.3386638861045,214.99591971223842,NO
1329.3663113044433,214.0264803344038,NO
1329.5638985040464,212.92287593764397,NO
1329.7583261094273,211.95612540375248,NO
1329.915842845922,210.98580879339167,NO
1330.0579306594377,210.0084056251325,NO
1330.171141468747,209.01375843121428,NO
1330.2221416183168,208.0021778590234,NO
1330.1965978922942,206.98920639008892,NO
1330.11604204563,205.98839579474188,NO
1329.9891799937632,205.00176090301488,NO
1329.8270757737848,204.03867813559592,NO
1329.5912971934908,203.10387673836206,NO
1328.9915921387023,201.00184643219546,NO
1328.7781932831385,200.0717190854948,NO
1327.8712858742756,198.06406975379983,NO
1326.7434420803236,196.14931941684824,NO
1325.7957823724007,194.03403627126653,NO
1325.657955462366,193.026156348499,NO
1325.596172660332,192.0126690925193,NO
1325.578431372549,191.0,NO
1325.595500121001,189.98730980820838,NO
1325.624699131433,188.98969762309514,NO
1325.6611507106156,187.98538297172146,NO
1325.7056503219167,186.98614825012027,NO
1325.7352686736115,185.9958473514741,NO
1325.7343782884352,185.00468744219,NO
1325.7170426533899,184.00499336517584,NO
1325.7172543305849,182.99501037030424,NO
1325.7529761830126,181.98789098900204,NO
1325.8263344720972,180.98433605042445,NO
1325.9366104363494,179.99142376483937,NO
1326.0519384981017,179.00688341541107,NO
1326.1243743789203,178.0042340215008,NO
1325.9928088108181,177.0023630622035,NO
1325.7344940863381,176.2527979260928,NO
1324.6773557100153,175.62032756852102,NO
1323.9409241133974,175.17461036927676,NO
1323.0027650302663,174.98301005536743,NO
1322.0139621006363,174.8546801856194,NO
1319.890750201729,174.28748209629163,NO
1317.7856824221476,172.04832651207528,NO
1317.6113117563455,171.0106698734802,NO
1317.6612462335129,169.96479617688976,NO
1317.779441538397,168.96774441490322,NO
1317.8874812108743,167.98666946098712,NO
1317.9615986730403,166.99861200022863,NO
1317.9628493000682,166.00190892928165,NO
1317.8851587377328,165.01396109466575,NO
1317.7255676804286,164.0685351696402,NO
1317.140425906307,161.99684758151895,NO
1317.8591288090286,159.94087633087685,NO
1318.0947465342176,159.02944314509023,NO
1318.3138380689147,158.01921457593468,NO
1318.1090129428146,156.95678870374738,NO
1317.8304241418343,156.1630051025217,NO
1316.7615638535856,155.44009855680073,NO
1315.9796522969739,155.03806598304655,NO
1314.8544294652422,154.17973505280023,NO
1313.6475320077595,152.07603719413873,NO
1312.9730615045437,150.00819132898425,NO
1312.6904072226605,149.16552084484772,NO
1311.9102174134484,148.08133830508163,NO
1310.9040000912694,147.12619475084924,NO
1309.778840331433,146.37550526815625,NO
1308.990319294826,146.02075702721325,NO
1306.9558273230539,145.15476326769746,NO
1306.0075363397702,144.96231830057582,NO
1305.0421830781193,144.7856410877066,NO
1304.098897710414,144.558387472149,NO
1302.9544300151942,144.17302627001123,NO
1300.8593227643903,143.29381954457267,NO
1298.9344983076571,142.0964363053705,NO
1297.8124726550375,141.31629036194096,NO
1297.0040534929303,140.99109400860445,NO
1294.9673935294552,140.20100443209898,NO
1293.9939076839792,140.10022842133537,NO
1292.9976304665677,140.04028206819928,NO
1292.0028857466132,139.96729487236965,NO
1291.0164147591388,139.86711861706607,NO
1288.9161285812515,139.26873086735108,NO
1286.7821764812707,138.49715012541213,NO
1285.9656696135264,138.0690236745263,NO
1284.7797540065715,137.45239717974383,NO
1283.9686900799595,137.078640761359,NO
1283.0382497221171,136.8475987649025,NO
1282.051337179837,136.64134300423197,NO
1281.0177786374513,136.52278393236034,NO
1280.0,136.5000000004902,NO
1279.0,136.5000000004902,NO
1277.9961109044507,136.50414028860982,NO
1276.9824672832967,136.52938496309972,NO
1275.9702358874647,136.5897379288391,NO
1274.969393778837,136.67480890288073,NO
1273.9790118698277,136.76213452945717,NO
1272.9873896772351,136.8431398808678,NO
1271.994702503286,136.90994255619745,NO
1270.999166955032,136.94689338673447,NO
1270.0,136.95490196078433,NO
1269.000713504975,136.94801606625364,NO
1268.0010449880147,136.9333820183711,NO
1267.001292052116,136.91763168293636,NO
1266.004805095486,136.88860915092621,NO
1265.006629780142,136.8463096433075,NO
1264.002512439362,136.81695084703063,NO
1263.0,136.80980392156863,NO
1261.9928198261634,136.83355051684984,NO
1260.9907768922887,136.90954259721303,NO
1260.0044322578244,137.02974278390178,NO
1259.0434724060835,137.18812731824846,NO
1256.9657972038826,137.88253108945614,NO
1256.0302547111294,138.1001192020391,NO
1255.0874726393051,138.3547710095106,NO
1253.9636524444077,138.64507681854164,NO
1253.0074408474884,138.68376399176282,NO
1252.0591398119293,138.59998488788662,NO
1250.9349637147802,138.33619285102176,NO
1249.9818697601047,138.21928957013208,NO
1248.9996480873344,138.17947546879745,NO
1248.0130789610553,138.2084459402611,NO
1247.0215405875576,138.27464249084795,NO
1246.0145873976203,138.33816239685837,NO
1244.9944493779947,138.3538521299393,NO
1243.967610710861,138.2664280228538,NO
1242.980176307559,138.0821958006299,NO
1240.8995330506455,137.2813074439494,NO
1239.9869852788784,137.05232022431306,NO
1239.0123514046184,136.8932336211768,NO
1237.9919261341486,136.8580113206241,NO
1237.00011715618,137.00052411974252,NO
1236.075248810059,137.20666316637642,NO
1234.0321991699195,138.08504319255522,NO
1233.1190583976993,138.40265819392363,NO
1231.0205819081457,139.0728942585805,NO
1230.0760447378796,139.30386855410683,NO
1227.9768377162243,139.89546225581756,NO
1227.0185737389336,140.08237049538613,NO
1226.0761670713582,140.29683216402964,NO
1223.9950417942339,140.97606712148107,NO
1223.023672503796,141.14038345042522,NO
1222.0296336527326,141.27987339274478,NO
1221.0055521398072,141.35394888979152,NO
1219.9854126023797,141.33816239685837,NO
1218.978558241694,141.27338241789275,NO
1217.9807374598204,141.17861627850237,NO
1216.9916678316981,141.06158559123352,NO
1216.0093185209998,140.93554689609357,NO
1215.060221651924,140.77174050572032,NO
1214.0888233965293,140.5310950972059,NO
1213.0127176315684,140.40537452191654,NO
1211.9206735722557,140.56416054672027,NO
1210.951806631601,140.74672847081632,NO
1209.9866353777688,140.8792410915292,NO
1209.010317189229,141.04147592942596,NO
1208.1085019495617,141.27389748015864,NO
1206.0291160367394,142.1280101590983,NO
1205.0574552433534,142.33842539245845,NO
1203.9294993903331,142.6452227321916,NO
1202.9799622717806,142.7755324154703,NO
1201.989903579336,142.85288072432778,NO
1200.993854767668,142.93035403495995,NO
1200.0006604055006,143.00886333668907,NO
1199.002920497766,143.0677024477047,NO
1198.003070293475,143.10438998165023,NO
1197.0019957717182,143.1272304387975,NO
1196.0,143.13529411764705,NO
1195.0022451693965,143.14312953976656,NO
1194.004864390597,143.1653892858443,NO
1193.009106931869,143.20193631201548,NO
1192.020399727471,143.26009652476833,NO
1191.0826358356796,143.41140205981995,NO
1188.9994368869886,143.9958429009927,NO
1188.0089125258803,144.1010086246295,NO
1187.0107013828388,144.1760550018034,NO
1186.0004132176787,144.21074102708067,NO
1185.0,144.21176470588236,NO
1184.0146273158957,144.24064293047033,NO
1183.0881143793865,144.3874502985098,NO
1181.0372530074424,145.10804532318892,NO
1180.2121062896533,145.47325819201777,NO
1178.1245819447163,146.30307654661254,NO
1176.0075274027056,147.04172799037516,NO
1175.0424242873821,147.21000022317978,NO
1173.8946587100545,147.56844053080445,NO
1172.9577725698573,147.8222854169352,NO
1172.0041997648232,148.01799899217804,NO
1171.0880380497838,148.243430502226,NO
1169.0717649593948,149.16326527690975,NO
1167.0663656140412,150.16734124782099,NO
1165.0109250807682,151.0341016111415,NO
1164.1457163905109,151.31655629698534,NO
1162.1316940409715,152.32036745630543,NO
1159.9981551271696,152.9752398654637,NO
1159.0025047234774,153.04258029895715,NO
1158.00808070703,153.10845159076862,NO
1157.0214123387639,153.19500523215137,NO
1156.067935032393,153.34110536739067,NO
1153.9821021387645,153.889077453251,NO
1153.0059455899502,154.03609822461934,NO
1152.027804173108,154.1817965107846,NO
1151.0785227981291,154.36540312320557,NO
1148.9893187541047,154.89688489821756,NO
1147.9987992042284,154.98608168495855,NO
1147.0033862664916,155.05756653014086,NO
1146.00521761981,155.11087441837856,NO
1145.0103419149611,155.1648242684638,NO
1144.0177377337002,155.23195496582272,NO
1143.0585551800802,155.355433674597,NO
1140.9966269774864,155.98707872858267,NO
1140.07761162416,156.21548362695245,NO
1139.7518488859464,156.4261994755605,NO
1138.0895594757515,157.18227987488868,NO
1136.0831078675035,158.19821332938213,NO
1134.0092608319894,159.04143003704883,NO
1133.0329939380993,159.21853128507726,NO
1132.0767976027234,159.40180843764009,NO
1130.9398966936342,159.7503401078977,NO
1129.9882138003568,159.89156696133185,NO
1128.999275079788,159.99289020559561,NO
1128.0121119066196,160.0996301993472,NO
1127.0673902303427,160.266681008698,NO
1125.0387338076507,161.09824105453367,NO
1124.2542978245335,161.50430975091268,NO
1123.0329989388513,162.07882130119827,NO
1120.9988236127194,162.99691683122384,NO
1120.1393605281269,163.28043311273942,NO
1118.1599264105012,164.3664247789631,NO
1116.0716458334084,165.19591648008523,NO
1115.7370629169563,165.383076440355,NO
1114.127634864407,166.19682501212392,NO
1113.0446091322087,167.0580210265416,NO
1112.0090950256777,168.01009419807164,NO
1110.9541518977542,168.92306251549513,NO
1110.0828623990565,169.20592091628444,NO
1108.0006443547054,170.00278492285273,NO
1107.0536082464914,170.2042119629052,NO
1104.9824029006095,170.93865455404634,NO
1104.0559815382103,171.16515424824414,NO
1102.002581024742,172.00978434120643,NO
1101.0769232191267,172.2327483850066,NO
1098.9983827828862,172.9919773347001,NO
1098.0566280879402,173.18677671120108,NO
1096.010381350039,174.02794129377642,NO
1095.0933039301547,174.2973867767095,NO
1093.0160501194312,175.05142172138153,NO
1092.1103819960083,175.31975172833054,NO
1090.1761214071273,176.26723105212432,NO
1089.0464210615335,177.08297308100995,NO
1087.0101873268584,178.03416150419116,NO
1086.0869310778776,178.27746494838522,NO
1083.9870258001667,178.92960806464367,NO
1083.014855792263,179.08809830150028,NO
1082.065551030594,179.2710778487536,NO
1080.043033969881,180.08849649586952,NO
1079.3727713336875,180.581886966935,NO
1078.138133375243,181.21564309198672,NO
1077.0240345954778,182.04100558885696,NO
1076.3036753689078,182.51014447038665,NO
1075.0874035556978,183.15571054058384,NO
1073.0591132749348,184.1834615809889,NO
1070.9898163693517,184.95787103921833,NO
1070.0591760948644,185.174168125781,NO
1068.9320472806455,185.85718684455423,NO
1068.0481158811579,186.11649762311467,NO
1065.9851827060716,186.92707567173204,NO
1065.0144531654328,187.08775136136683,NO
1064.0281176064757,187.22761871811255,NO
1063.024823984073,187.33316398576326,NO
1061.9012235346593,187.58042657777628,NO
1060.953612782521,187.8504622671176,NO
1060.0213104333677,188.06920398653864,NO
1059.1895982761073,188.38382090694682,NO
1057.237531358815,189.43567926595313,NO
1056.0323080480566,190.07717103869555,NO
1053.9882579319735,190.96244863359823,NO
1053.1226591464708,191.22230277810309,NO
1052.0407469605088,192.05067012087932,NO
1050.1265798533454,193.2721794793475,NO
1048.057532404633,194.1665784449011,NO
1046.924429884144,194.82406331965382,NO
1045.2206982346293,195.4678802629642,NO
1044.0199183855013,196.04982210388735,NO
1041.9887417148102,196.97202660859276,NO
1041.0924252310474,197.23596831574997,NO
1039.0260201997698,198.0733572394494,NO
1038.1970528867212,198.41575995339312,NO
1037.024082505149,199.0485387982207,NO
1036.262622290292,199.47027713119616,NO
1035.0821045225352,200.13594904292768,NO
1033.0632775320546,201.17447041160798,NO
1031.0363950128792,202.0761718624479,NO
1030.277592932036,202.5157347012725,NO
1029.0443020391467,203.10142560861374,NO
1027.028131363784,204.05829409758266,NO
1026.283615104921,204.5010053818199,NO
1025.0704458058046,205.1310827071613,NO
1023.0893586026364,206.1962385051995,NO
1021.0429338394408,207.10625270910938,NO
1020.3642621373368,207.5645620349903,NO
1019.2187433085762,208.2514380551502,NO
1018.1706749709034,209.1919375094692,NO
1017.1061406856925,210.13209803647,NO
1016.037708285274,211.05103147397162,NO
1014.1301240392903,212.26024807858073,NO
1012.1420370019968,213.30768438840195,NO
1010.0983952840882,214.22941499316212,NO
1008.1107328570379,215.21428858119143,NO
1006.1748577341735,216.3256988766103,NO
1005.0314715621419,217.0567241931899,NO
1004.2815202548243,217.54067315101784,NO
1003.0402102567124,218.0971135489085,NO
1002.2295265414764,218.52596833193,NO
1000.0645153938675,219.2175949459898,NO
998.0401505165537,220.08405341689792,NO
997.4264934147222,220.55947575355523,NO
996.4474466045532,221.3760374831579,NO
995.9908950946013,221.9929208804327,NO
995.0416088725344,223.0365621198358,NO
994.0484143138767,224.05088653437357,NO
993.0153183044814,225.01894692741064,NO
992.4385357593235,225.57346982256524,NO
991.2540728464163,226.32780377525003,NO
990.1290497234357,227.1899829913722,NO
988.1240658274543,228.3295736537735,NO
986.1107574803829,229.2080675926704,NO
985.0095271931998,230.01448390839232,NO
984.2541770512191,230.45007936266376,NO
983.0341422017541,231.08637006474171,NO
981.021355177109,232.0405438873906,NO
980.3254265332472,232.48289099825388,NO
979.2203332009959,233.24856094247156,NO
978.2136375812565,234.21505239835926,NO
977.1777679649599,235.1944151293063,NO
976.136416777632,236.14854271021593,NO
975.1175154897695,237.12325671098375,NO
974.0819941793483,238.09881350230998,NO
972.1684943502909,239.3921851263349,NO
970.0633150767575,240.18876544439084,NO
968.0490118848415,241.09347627433766,NO
966.9478676494606,241.9079062726328,NO
966.0967860535861,242.18987465758994,NO
964.2305384311875,243.32940850900954,NO
963.1379852477967,244.1686486260941,NO
962.0888389808449,245.1049146086816,NO
961.0201400286757,246.03178125047907,NO
959.0033791091881,247.0092737776249,NO
958.1482575893216,247.29905258832227,NO
957.0270180125592,248.04119441608475,NO
956.4205823173462,248.57865351327752,NO
955.1402251446572,249.23951500952955,NO
954.020489167036,250.03648071203972,NO
953.2369874481121,250.46597274430175,NO
952.0488569477459,251.09090117892677,NO
950.2488778923353,252.29501567600525,NO
949.1828387481258,253.2141825383146,NO
948.1276143112408,254.1506300965208,NO
947.0816071101483,255.09747515808093,NO
946.0322000974959,256.0407020947507,NO
944.2175400025644,257.3584139218474,NO
943.0599291083669,258.1018344281328,NO
941.9907120761088,258.9886330931422,NO
941.4205295074444,259.4312533896102,NO
940.4856345748642,260.4494060550768,NO
939.516804799994,261.5287081658939,NO
938.2591137793567,262.3889457370962,NO
937.0926386460796,263.14666342385283,NO
936.0203568807509,264.02764317355553,NO
935.3694597247782,264.5920477733209,NO
934.0585836554312,265.1528269284844,NO
932.0168093277975,266.0418913114326,NO
931.2098768282625,266.39265563646694,NO
930.056843949649,267.0907806376264,NO
928.232419602625,268.3291437324048,NO
927.0722592581031,269.130987898315,NO
925.1467829250886,270.2342655593168,NO
924.0529073391145,271.07260595361873,NO
922.9922756420119,271.98903680913213,NO
922.2391860011438,272.4009051148871,NO
921.0614252248034,273.1106158524029,NO
919.1863217030399,274.28816211629214,NO
918.0473181003985,275.08704656192117,NO
916.9267134838304,275.82741026341756,NO
916.0500067419566,276.09567405650375,NO
914.141058602926,277.2396511341387,NO
913.0270169980358,278.04545560395286,NO
912.256979307041,278.51817138819433,NO
911.0288379830861,279.0765698153937,NO
908.9897943588536,279.978444982092,NO
908.1416249107673,280.28057764474704,NO
906.1490500521251,281.32126850886914,NO
905.0150818443057,282.0265565425783,NO
904.2549508356556,282.4449382429569,NO
903.0739476440715,283.12186129056533,NO
902.0006945093762,284.00092921301723,NO
901.3549704268812,284.452893296166,NO
900.167156470421,285.24623434000716,NO
899.0417730722165,286.0764340968864,NO
898.3231714925485,286.60464345876267,NO
897.1414192513663,287.17881145315454,NO
896.1775852612967,288.1466367996998,NO
895.3377268881655,289.25748499518033,NO
894.2675665788581,290.369496698958,NO
893.0639650431926,291.1236840174663,NO
891.163248424495,292.26906403240235,NO
889.5623187844794,293.3200114406286,NO
888.0981472794715,294.2033538807588,NO
886.1442280738929,295.2680402915615,NO
885.0271063767095,296.0425273177575,NO
884.4066615133838,296.5749352416125,NO
883.1771624314458,297.261660739365,NO
882.0556882313408,298.08926495823096,NO
880.1852828802029,299.2827194014553,NO
879.0720969632978,300.105725228972,NO
877.2031865462744,301.3712061886113,NO
876.0332929181424,302.06800861083434,NO
875.2208783481683,302.48971886584513,NO
873.1978358903789,303.4240901893237,NO
872.0330171704262,304.0595629771457,NO
871.3779791615635,304.57060317187415,NO
870.1613023451905,305.2377428172967,NO
869.0586663242242,306.08455758912226,NO
867.995711574442,306.99455849322965,NO
867.3595640008408,307.4344437083346,NO
866.2297052247274,308.2861832113629,NO
865.1420095464143,309.1792658898032,NO
864.0929350101726,310.10629264780647,NO
863.0638781953138,311.07248454164903,NO
862.026952491527,312.0330055546086,NO
860.170474776514,313.30014239719077,NO
859.0325377008649,314.05819242841915,NO
858.323067317627,314.5442808695408,NO
857.1179959026005,315.17843824898097,NO
855.5478077819082,316.37324051303364,NO
854.1816287251877,317.28035636340087,NO
853.1060753850646,318.1170375866906,NO
852.1727904609293,319.1236082850287,NO
851.325749110749,320.2512652182401,NO
850.4105821850329,321.3907267259499,NO
849.3528538946882,322.4167619067432,NO
848.1909208136362,323.27611257255023,NO
847.070994689063,324.11236376577097,NO
845.0735204756943,325.1897108772477,NO
843.0710858746085,326.129731719948,NO
841.9907125860472,326.9870882291283,NO
841.302431718424,327.3940777062653,NO
840.1733508215917,328.22859449395725,NO
839.0726080195175,329.1077409351849,NO
837.1192254012998,330.26686721958004,NO
835.1192169211672,331.24432456256494,NO
834.0120321434481,332.01750129990603,NO
833.395416134331,332.494473168332,NO
832.2325044568843,333.27908708143207,NO
831.1504433691958,334.1829061841011,NO
830.064463620823,335.0982878075394,NO
828.0895676907865,336.22846944942495,NO
826.0782143793567,337.15006057426444,NO
824.1661570336883,338.27971509903637,NO
823.0401591284834,339.0665000644106,NO
821.9507775116208,339.9176609089022,NO
821.1413155086753,340.2131799410617,NO
820.0660349649919,341.08201279289295,NO
819.0226289514208,342.02882213932094,NO
817.9598080416406,342.9411643748027,NO
817.1792322780824,343.270110596399,NO
816.0673531908456,344.09847500756257,NO
815.0034817714583,345.0046210666713,NO
814.3163833278647,345.47316254365904,NO
813.1025200379877,346.176400873406,NO
811.2235484603596,347.3869919395536,NO
810.0812042063513,348.11675771357034,NO
809.0226988644334,349.02850158142843,NO
807.9731245755697,349.96397013608225,NO
807.2117459465644,350.33133069838277,NO
805.6113712439893,351.28535487711935,NO
804.1388448164446,352.20603624996096,NO
803.0675886019428,353.0833696575609,NO
802.0197520670487,354.02626507480977,NO
801.3912645297949,354.58552233237486,NO
800.125737838746,355.2061316167482,NO
798.5057118591156,356.3505541674542,NO
797.222951006312,357.32687637607,NO
796.0549623848734,358.1103847056222,NO
794.9384557629977,358.8688244243854,NO
794.0757847987827,359.135812366351,NO
792.2159569370149,360.3482719101137,NO
791.0717613892689,361.11273014489586,NO
789.1977070798656,362.363184525306,NO
788.0309269142695,363.06246289058254,NO
787.301179685298,363.5014752181505,NO
786.1321959119133,364.17524732650514,NO
785.0870243921094,365.09803350694375,NO
784.0408240907158,366.0520381189807,NO
782.1588912174371,367.3135090687783,NO
780.1665605334947,368.34281952984253,NO
779.0224271834583,369.04085105074205,NO
778.2298569986835,369.46457868806897,NO
776.5782347808123,370.35916256108334,NO
775.1755441613934,371.2858219045761,NO
773.5915381222368,372.37687202719064,NO
772.1597170211422,373.2607346074348,NO
771.0629741697867,374.0852377655486,NO
770.0108766738524,375.0134531566597,NO
769.4416596625621,375.5396009029942,NO
768.266818744344,376.3341611512575,NO
767.169535825385,377.2122909175474,NO
766.0860117201534,378.11354682878755,NO
765.0246873364958,379.0334323801166,NO
763.9541506426866,379.9251588635044,NO
763.0761604798253,380.20220505289507,NO
761.0386582512049,381.0758266291724,NO
760.3175659468585,381.58762204081796,NO
759.0840736399872,382.14571688595055,NO
757.995417832615,382.9932011346297,NO
757.2625476937029,383.39578082001225,NO
755.6735799855192,384.35543540450726,NO
754.1179206856583,385.197641723402,NO
753.0220854344833,386.03368964724626,NO
752.3250101092004,386.53956446111897,NO
751.0849096528838,387.155143565376,NO
749.9984165615085,387.99774958271587,NO
749.2963839045831,388.42796814490436,NO
748.1247550696082,389.1852565918313,NO
747.041596967183,390.05848084595124,NO
745.2106228130189,391.3194446016457,NO
744.0891787157624,392.1261552557705,NO
743.0273600148358,393.03477262090064,NO
741.984628477449,393.98068357280647,NO
741.2532187288265,394.3910397535279,NO
740.0639384011523,395.12232842943286,NO
738.1460115674521,396.2449920454847,NO
737.0404789264734,397.0590147338742,NO
735.987793101406,397.9849418546059,NO
735.3176829435679,398.41279759956166,NO
734.1229189203193,399.19947576088975,NO
733.0273348805528,400.04120767409927,NO
732.4387168946664,400.6050925947589,NO
731.1566173984346,401.2476954775817,NO
730.0370216680129,402.06341737337203,NO
728.9378966747215,402.88260956966394,NO
728.085429842274,403.1550906875708,NO
726.2169649028459,404.35414901892744,NO
725.0638762350159,405.10770553403455,NO
723.0647411202253,406.17916729241074,NO
721.0121378026772,407.0297810804656,NO
720.2732925181546,407.37934636070105,NO
719.1976508758455,408.2178193254087,NO
718.0837742861863,409.1341672564587,NO
716.1397736919455,410.25012134617805,NO
715.0289858587105,411.0441997038877,NO
714.4532370151637,411.5901007547294,NO
713.1815565768426,412.2744792427765,NO
711.6007555052352,413.3079059577473,NO
710.1253612882612,414.2004336898328,NO
709.0456503493773,415.0586144963594,NO
708.0021278067808,416.0026880871103,NO
707.3885394898172,416.4831129921939,NO
706.1719701721761,417.2555078530435,NO
705.0535111022048,418.0854664923996,NO
703.1758696753966,419.3050180262496,NO
702.045378776064,420.07219350575735,NO
700.1774299112415,421.28300804304183,NO
699.0657519937441,422.09162163216973,NO
698.011639422305,423.0153428747002,NO
697.3938918498976,423.5311186940292,NO
696.1259742225087,424.219325626229,NO
694.1452957130608,425.3467193589587,NO
693.0118549850431,426.01981416174556,NO
692.3125150893661,426.4509626467104,NO
691.157194180195,427.2050957277022,NO
690.1049936927213,428.12575799909223,NO
689.0418362617293,429.05829643126003,NO
687.2361036532578,430.3369446469416,NO
686.1015239663582,431.15333356656333,NO
684.2109025231438,432.39137632786617,NO
683.0421404909076,433.07813904961023,NO
682.340122778533,433.59323740726154,NO
681.078583292088,434.1547325831169,NO
679.186043328442,435.2925809706834,NO
677.606239083282,436.3471321807074,NO
676.1776685822634,437.2541599488383,NO
675.095055152528,438.1211061501631,NO
673.5117611636383,439.36822545992237,NO
672.1282683634067,440.2568428593157,NO
670.1667899670927,441.31513681200664,NO
669.0312995347942,442.05389168085196,NO
668.2873394081021,442.5334159721588,NO
667.0789284662118,443.13351160644334,NO
666.0082368155937,444.01073978592865,NO
665.4220756766705,444.51724098296546,NO
664.2719793974023,445.3341460977318,NO
663.1086713683212,446.1818448684188,NO
661.150967101694,447.32142616193414,NO
659.1730777803774,448.3496520933151,NO
658.0299486772999,449.0513644936901,NO
657.3309151994303,449.5482810612319,NO
656.0803931882057,450.15661010348754,NO
654.1481405320878,451.246692964355,NO
653.0546339418521,452.07184147941587,NO
652.002170810735,453.0029468171955,NO
651.241325664534,453.44834817800444,NO
649.6014535355896,454.33984354398046,NO
648.2014793627002,455.26750084449736,NO
647.1422661167999,456.15731137405913,NO
646.0865563338716,457.111761544712,NO
645.0032705967941,458.0058307272076,NO
642.9993807755089,458.99875393753916,NO
642.1789062110413,459.33634367267024,NO
641.040381556243,460.06562003176515,NO
639.1918732563797,461.2804301408237,NO
638.0665326730232,462.10530351131314,NO
636.2159904619192,463.34446755036896,NO
635.0743724619296,464.11233881580824,NO
634.0056206135506,465.0079647554911,NO
633.2711588786539,465.45917942037204,NO
632.079508421973,466.1322162432804,NO
631.0036984961641,467.0051848618456,NO
630.3307845484136,467.45560892403483,NO
629.1330988064102,468.20025652364757,NO
628.027203447077,469.0490271073861,NO
627.2160493417344,469.50115843194897,NO
626.0534534481379,470.08343952649574,NO
624.9988993983052,470.99866013704474,NO
624.4009227138581,471.4869506629306,NO
623.1554769453057,472.2694708861011,NO
621.1513090007679,473.3455514179841,NO
619.2244575917266,474.38674149659926,NO
617.6264601743547,475.33758936286176,NO
616.0987813416535,476.18109912124163,NO
615.0055120771127,477.0082027179803,NO
614.3275714233705,477.4532345968475,NO
613.2049885835229,478.23992577061364,NO
612.1528850463308,479.17590538163955,NO
611.0668113575641,480.10116472017376,NO
609.1369811054146,481.2555342599706,NO
608.020471119599,482.03294120177134,NO
607.3271467940261,482.5073804139525,NO
606.0992045110999,483.1751388240167,NO
604.1490426651777,484.2937017341037,NO
603.0282982351355,485.04415327503426,NO
602.4077429146058,485.57646411919836,NO
601.1493934627363,486.24605983207954,NO
600.0326346850875,487.0515378347607,NO
598.9774856945143,487.97436424228727,NO
598.4143251036293,488.4143251036292,NO
597.3444739878054,489.3707315406005,NO
596.1513640508757,490.234997091248,NO
595.0312060958536,491.05633614738065,NO
594.2651891427645,491.5383267196713,NO
593.0701596356935,492.1162461507601,NO
591.9941448271591,492.99185765016534,NO
591.2871954331321,493.409764190148,NO
589.7019688604875,494.3608594669751,NO
588.0205491014332,495.0599194526015,NO
587.2075709933662,495.3921944312209,NO
586.0578017803564,496.0884387676349,NO
584.1270273183818,497.2860538896763,NO
583.0007666722021,498.00128143782604,NO
582.2849425216195,498.3965694789497,NO
581.1151433883733,499.17398504832255,NO
580.0321635378613,500.0463887123191,NO
578.9544733197195,500.92170086632296,NO
578.1032957104111,501.2059073524086,NO
576.9977409131965,501.99652707531925,NO
576.2877918922,502.39615077794076,NO
575.1157277970573,503.177960798256,NO
574.0252953485747,504.0394538353375,NO
573.3335111301997,504.5619207497698,NO
572.1018139561114,505.16720983863854,NO
571.0223440552046,506.0306092556114,NO
569.9569902879717,506.933962636126,NO
569.1505025918942,507.24533147241675,NO
567.5600824998945,508.35318544729085,NO
566.1371145338919,509.2473834983841,NO
565.0250503011532,510.03924406402285,NO
564.3855188798918,510.5873707581024,NO
563.1159068647638,511.19467853262205,NO
561.4652414577109,512.3417460299604,NO
560.0532666647424,513.1674570802625,NO
558.0128982266415,514.0232456843006,NO
557.2814530810815,514.4348605025474,NO
556.0940984452116,515.1513908577574,NO
555.0106808119326,516.0160124476781,NO
554.2961568119987,516.4771415248636,NO
553.0747677551843,517.1431887603204,NO
551.1197911410487,518.2192698657202,NO
550.0151958367862,519.0239616546818,NO
549.2516728835938,519.4706859252676,NO
548.0376628341512,520.0871625582271,NO
547.2241022554592,520.5105287835133,NO
546.0338715302755,521.0674572239792,NO
545.3079329895438,521.5386878257005,NO
544.0980013734581,522.1545833065392,NO
543.0302980637434,523.0371207376324,NO
542.0122367321096,524.011827792836,NO
541.0264704751137,525.0265397693406,NO
539.9946439038308,525.9929568154173,NO
539.268004618106,526.433120128597,NO
538.0744246241181,527.1320628504695,NO
536.1792944953982,528.3118341849882,NO
535.0370438899297,529.0676105594142,NO
534.2577514462944,529.5495735005161,NO
533.0284183090146,530.0746257423789,NO
530.98001113194,530.9566245999815,NO
530.1579103514961,531.2553858724709,NO
529.059335659264,532.0797441042004,NO
528.0093223365318,533.0115914097584,NO
527.4492295461919,533.5482281906662,NO
526.1577231752193,534.2678687077505,NO
525.0263310006363,535.0490737073543,NO
524.2425980072685,535.5010176226247,NO
522.6018472278809,536.330939185313,NO
521.1430663474325,537.2326982935992,NO
520.0350358081114,538.0555803667314,NO
518.9439991768925,538.8968288246923,NO
518.0870199584216,539.1711961300456,NO
516.1039687726004,540.2263459880782,NO
514.1845448224968,541.293701129063,NO
513.0509035102427,542.0875386117169,NO
511.93983104311195,542.8767592015382,NO
511.079503013145,543.1473633230729,NO
509.24415746670945,544.36027482143,NO
508.0975013379147,545.1476036816191,NO
507.015934514733,546.0228490027938,NO
506.3676723572031,546.516357464402,NO
505.1088489834483,547.2037429651352,NO
503.1286912682992,548.2746694194722,NO
501.151526875322,549.3145913245423,NO
499.1917775641113,550.3647533999898,NO
498.05141926308784,551.0780678541773,NO
496.9994309398267,551.9993445002779,NO
496.46447163862854,552.5217226202587,NO
495.1199158928483,553.2704938232282,NO
493.0848896223457,554.1955417709415,NO
491.09925257311573,555.1960517145624,NO
489.17182112474643,556.3321326936415,NO
488.02454465081263,557.0472838289357,NO
487.22910523158976,557.4672779598407,NO
486.04567824612417,558.0858606887113,NO
484.94502443527017,558.9019269605842,NO
484.1143025643446,559.1828841003804,NO
483.02382574078314,560.0359164149037,NO
482.3566644988213,560.5753492698,NO
481.09228961227944,561.1729947497529,NO
479.16269039645624,562.3046198387138,NO
478.03090855931345,563.0520030844671,NO
477.3686057004334,563.5734839188655,NO
476.11922637554056,564.1892802945023,NO
475.0372893240898,565.0511130949476,NO
473.1437183398219,566.2680838845804,NO
471.1887699231856,567.42278222648,NO
470.02732997540176,568.0503780795784,NO
469.3301288982915,568.5258759242524,NO
468.05647452874325,569.1456753318153,NO
465.96704497729604,569.8915673463947,NO
465.04836158680246,570.1249125460226,NO
464.25782412530447,570.5593728172779,NO
463.08099063819463,571.1174651446826,NO
462.03562446430476,572.0408603357606,NO
461.0044585760969,573.0054135240351,NO
460.36432663383573,573.5217417039271,NO
459.09735606025123,574.1882495196679,NO
457.2239855607212,575.3536112423606,NO
456.0753443849843,576.1171432123471,NO
455.0049030513491,577.0067274426295,NO
454.38055542234997,577.4686680853798,NO
453.19442256389374,578.2489273505539,NO
452.0991087894432,579.1336633648622,NO
451.021137201208,580.0364071380468,NO
449.02068392732275,581.0422120950332,NO
447.0152463862603,582.0301878446139,NO
446.1688978633947,582.3995176075615,NO
444.0918371436893,583.253902690903,NO
442.07713705127225,584.1571817118738,NO
440.1978732305903,585.2964092997531,NO
439.06519209452085,586.1053285796579,NO
437.1217243590972,587.247765181445,NO
435.22013487423675,588.3865279134405,NO
434.06006537218065,589.099664028291,NO
432.1584962268133,590.2869689317644,NO
431.03476278618365,591.0554390842985,NO
429.954319082456,591.9239205061585,NO
429.1187685003337,592.2157836049374,NO
427.21442411215907,593.4112023313465,NO
426.0470526344299,594.0834688490902,NO
424.1445000376018,595.2294330017787,NO
422.55239045618737,596.3435060118802,NO
421.1556573083061,597.2710306446223,NO
420.03060607158733,598.0511543161483,NO
419.3884215003954,598.6133468214863,NO
418.1274034728724,599.2024326709056,NO
417.03387110819733,600.0499417473754,NO
415.9605524987539,600.9359763606449,NO
415.1225326771763,601.2345625498464,NO
413.1876902838519,602.3721682792268,NO
412.034741088683,603.0614949737445,NO
411.386744062107,603.61257999786,NO
410.126821403018,604.1982030634849,NO
409.0389203278182,605.0553866217533,NO
407.1823718086749,606.2984606424415,NO
405.5740256723256,607.3528466589719,NO
404.0950369936599,608.2095339482255,NO
402.1370258504822,609.2498019261216,NO
401.02031436169005,610.0331035776424,NO
400.3379562319663,610.5221540730358,NO
399.1103815702419,611.1804517115276,NO
398.0192742483555,612.0290552099593,NO
397.34489841598173,612.5396645892831,NO
396.090231747644,613.1693955626018,NO
394.2032366002873,614.339324546273,NO
393.05858014690057,615.0951528708209,NO
391.98586671829844,615.9807630336743,NO
391.2644784343637,616.3726254854795,NO
390.0786153105792,617.1459998575625,NO
388.08551886370674,618.197269210653,NO
386.1379183418251,619.2317139049879,NO
385.0446782441364,620.0612412101957,NO
383.98547936622373,620.9802358044734,NO
383.280036062372,621.3681250678156,NO
382.139703972592,622.1906377092243,NO
381.066357233583,623.087301237945,NO
380.0056463607659,624.0085390773951,NO
379.2010475186655,624.4221997655059,NO
378.03209095975893,625.0626353670382,NO
377.28907014847044,625.5379088960635,NO
376.0828070574369,626.1346752119113,NO
375.0028260170801,627.0041817724739,NO
374.27298119822507,627.4326264596224,NO
373.0746132366527,628.1363212075578,NO
371.1455771124685,629.2579415312149,NO
370.0292894121438,630.0476208962015,NO
369.3546572260472,630.5875925572069,NO
368.1014315613385,631.1728456657764,NO
367.0098604404819,632.0149528385145,NO
366.31634588315734,632.4706948930794,NO
365.1174376770488,633.1792469780697,NO
364.0247846460805,634.0401622936051,NO
363.3176990903044,634.5467561935899,NO
362.08608410454985,635.1528706020828,NO
360.0811591783923,636.1946979288186,NO
358.1892241424769,637.2652117833625,NO
357.0907865709378,638.1273578395655,NO
356.00293456841564,639.0046995627164,NO
355.25366871607173,639.4125795171705,NO
354.0925467970097,640.1407124207867,NO
353.0129942366795,641.0187168647929,NO
352.331331226671,641.5023409070911,NO
351.097177217726,642.1769648284495,NO
349.19682101286537,643.3348168518055,NO
348.0562622328781,644.0893099564537,NO
346.9888827754393,644.9851883315414,NO
346.2817410293639,645.3887457022753,NO
345.1142338947243,646.1798805881716,NO
343.2295122088522,647.4194912214933,NO
342.0763321860865,648.1091004153644,NO
341.03054447338667,649.0366973162504,NO
339.1715650828062,650.3377816222367,NO
337.21027934474387,651.3887603647793,NO
336.0668489366933,652.0991689451401,NO
334.14271350249874,653.3087271657747,NO
333.01095471619675,654.0190587632919,NO
332.27009126194764,654.4337456394393,NO
331.0790557971246,655.1350029730417,NO
329.2193278848711,656.3694717978078,NO
327.6172164591123,657.3219844529176,NO
326.0820670097998,658.17542764173,NO
324.1525593585064,659.2395610694705,NO
322.5632019098189,660.339476071414,NO
321.1708343019883,661.2723546973616,NO
320.04941008791627,662.0785471209589,NO
318.97968004305227,662.9735655278748,NO
318.3111165327367,663.3655764047006,NO
317.11921674228824,664.2205897702522,NO
315.0648108137591,665.1558217397592,NO
313.9735203953636,665.9671140401338,NO
313.3988452813228,666.3973514806562,NO
312.5363173906308,667.4233109604368,NO
311.29255952212145,668.4378747990335,NO
310.05096574153345,669.1186773745748,NO
308.0507503208838,670.0898339019708,NO
307.5907705588116,670.3563477673608,NO
306.2522627215001,671.3231068952786,NO
305.14238119065857,672.1912849208318,NO
304.06034108077654,673.0837902123142,NO
302.99407137256316,673.9916148129373,NO
302.26118828422653,674.4087655434847,NO
300.66008815549725,675.2989948461376,NO
299.05638746618365,676.120063103159,NO
297.9403912419513,676.8748753063697,NO
297.07038378552437,677.1418600076048,NO
295.15392779535205,678.2724385845922,NO
294.02182711057844,679.0411222764907,NO
293.2075013499414,679.4477660825376,NO
292.02558143919737,680.0542551410222,NO
291.2313245506936,680.4548381636653,NO
289.60683780965735,681.3892626493085,NO
288.21300519536516,682.3069153209944,NO
287.0985258314661,683.1377298308262,NO
286.0234662132385,684.0341114824113,NO
285.3628635459,684.558449608647,NO
284.1330932148976,685.2067744395332,NO
283.04514273934285,686.062935151501,NO
281.23098960843186,687.3622678424006,NO
280.0858613862099,688.127648277789,NO
279.0163169340829,689.0229790301112,NO
278.3354326284755,689.5316290927542,NO
277.0846753155207,690.1634679231779,NO
275.12266556147665,691.2631045171479,NO
273.2151088309986,692.3557210897479,NO
272.05750907407247,693.0994315725083,NO
270.1588442960196,694.2669374999214,NO
269.03595657422625,695.0595409958415,NO
267.9508102905772,695.9166933892402,NO
267.1140327922586,696.2029318273561,NO
266.0080822291197,697.0137670661095,NO
265.23601580465385,697.4141203196317,NO
264.0856036930405,698.1200130172756,NO
263.0316029194606,699.040243241305,NO
261.19883565134126,700.3362915959466,NO
260.0389420263441,701.0764593444385,NO
259.28711280031564,701.5855165727783,NO
257.6363432084787,702.2904003704839,NO
256.12508517620086,703.1951516986983,NO
255.0414948198569,704.0570227515843,NO
253.23386486044723,705.3524849641057,NO
252.06949553274924,706.1210524473664,NO
250.14976449273217,707.2818074263621,NO
248.18191758075372,708.3694906160937,NO
247.0406669337993,709.0644861363237,NO
245.27071433715093,710.3299802003336,NO
244.18391711990563,711.2128140853857,NO
243.10782513516423,712.1400169146282,NO
242.03019414142497,713.0471847421915,NO
241.33326408962364,713.6044238133019,NO
240.0995654934946,714.158499480904,NO
239.0333483032044,715.0399604662626,NO
238.00999289968328,716.0112715459626,NO
236.97119501857483,716.9613833238767,NO
236.1968735077002,717.3218860638349,NO
235.0471551727393,718.085100352887,NO
233.9458783126084,718.8968374336961,NO
233.07737296254982,719.1651921566606,NO
231.15913234741882,720.242051870482,NO
230.05792259056813,721.0835604517689,NO
228.2403267917307,722.3745818377756,NO
227.07201106698528,723.1224594990982,NO
225.99265522979366,723.9894221248894,NO
225.2758181664794,724.3863687683063,NO
224.09846438953264,725.1599818890408,NO
223.0084941380459,726.0135330335453,NO
222.25094273118438,726.4400417688411,NO
221.07148982539402,727.1189738410703,NO
219.1881591577382,728.3398730646068,NO
217.53778605213833,729.2935544656167,NO
216.14401101635383,730.2486394413772,NO
215.02303857760364,731.0398696541049,NO
214.30475544824333,731.5177883554707,NO
213.11092190377627,732.1629350229557,NO
212.03819735429164,733.051890744873,NO
210.2296641743237,734.3468786661259,NO
209.05595492254278,735.1127344433203,NO
207.9345961060682,735.8551447229718,NO
206.6554212144534,736.3782996640274,NO
205.1446476931032,737.2364039993066,NO
204.0422843720054,738.061638412347,NO
202.98219327754884,738.9765844321918,NO
202.26878525532337,739.3725844279356,NO
201.1048827297,740.1671694116826,NO
200.02210034195159,741.030586873117,NO
199.47477094087026,741.5818469262056,NO
198.27938845823877,742.3476359962057,NO
197.18767444603847,743.2254044883164,NO
196.12796781339466,744.1525209813265,NO
195.06257515476608,745.0839422812404,NO
193.20946332207444,746.3655910692844,NO
192.0539425454478,747.0911861773361,NO
190.21303622285902,748.3128291678131,NO
189.0866547864698,749.1258774730607,NO
188.02463499406764,750.0310518951559,NO
186.98791530565924,750.9865818225021,NO
186.4542563283777,751.4559233173914,NO
185.98543005802009,751.9867397156997,NO
185.01339019935418,753.0123796182093,NO
184.0086837793049,754.0095164698295,NO
182.9870658339963,754.9860830482689,NO
182.46417636801343,755.4641763680135,NO
181.52384325850363,756.4987605415986,NO
180.2471483203533,757.3825289216926,NO
179.0823216055377,758.1332329812933,NO
178.0056876031095,759.0076590731659,NO
177.44019752842667,759.489773176368,NO
176.32345399257636,760.3471626544895,NO
175.2965242110994,761.2965242110994,NO
174.32629185447223,762.3124974096195,NO
173.3639248311833,763.3552746782834,NO
172.293799052556,764.3378689157769,NO
171.1823040992731,765.231085289148,NO
170.1157336716894,766.1365834131623,NO
169.0865933185131,767.0940603327984,NO
168.07320940541737,768.0749524879857,NO
167.09237904673168,769.0796213992774,NO
166.1997622391176,770.1438189082726,NO
165.29468791067234,771.2633857171232,NO
164.33063151494804,772.3229805295916,NO
163.3228619181597,773.3305100937669,NO
162.2871865676505,774.3235904980347,NO
161.08922890839438,775.1911453765157,NO
159.1387970255924,776.1838676359098,NO
158.21681516375497,777.1478550881321,NO
157.41530442303872,778.3095674012012,NO
156.4248310023893,779.4357041825278,NO
155.5341872626741,780.4789593528945,NO
155.0168624082194,781.0122566497192,NO
154.16246915111483,782.0977739006622,NO
153.55269361986194,783.3271370271177,NO
153.04329477216237,784.0252067803815,NO
152.3067353896207,785.1573001984884,NO
151.28296471508662,787.1283357620454,NO
150.2136498912808,789.1077620049406,NO
149.40267730626502,791.1074091353303,NO
149.08920201823173,792.033931747197,NO
148.2277902824849,794.0909735990724,NO
147.95544375882974,794.9786024366441,NO
147.1526286497438,797.0415987882416,NO
146.94355113563321,797.9848362855228,NO
146.73471075610243,798.9438211012448,NO
146.45294522011793,800.0680111830756,NO
146.21036841153702,801.0540358058797,NO
145.98725923365242,801.9960028968243,NO
145.264712602312,804.0779521752993,NO
145.01233227463715,805.0043767484129,NO
144.2467304996067,807.072656832312,NO
144.02507649304607,808.0069329124732,NO
143.8231804779578,808.964636096129,NO
143.65512443444234,809.9607788563679,NO
143.55591210711052,810.9738771826737,NO
143.5108308723592,811.9904084482274,NO
143.45889330003422,813.0287933053152,NO
143.30423245364605,814.0554776789829,NO
143.10200132065515,815.0258003346568,NO
142.89405607619312,815.9693656123536,NO
142.19996783869553,818.0460531990294,NO
141.99919115443348,818.9998017535366,NO
141.8000758562295,819.9482549288704,NO
141.5638054004873,820.9289295948626,NO
141.26831797702798,822.0568202775363,NO
141.04254930962077,823.0130985126651,NO
140.8215087007596,823.9485525106666,NO
140.5677746076334,824.9335037872935,NO
140.2900079504707,826.0574329441689,NO
140.07005599956253,827.0203299759514,NO
139.41751281167208,829.1117930396986,NO
139.12028735456732,830.0398564072386,NO
138.90128118769073,830.9730942848829,NO
138.6872835409374,831.946041082167,NO
138.53945017137804,832.9720057937467,NO
138.5000000004902,834.0,NO
138.5106639355819,835.0095948250428,NO
138.5421229828901,836.0188537582828,NO
138.5607843137255,837.0,NO
138.54212295523524,837.9811462405785,NO
138.49077367055935,839.0204084107006,NO
138.4115695915612,840.0371219631604,NO
138.32602913629893,841.0294065495485,NO
138.27254146046218,842.0085503199975,NO
138.27250031184553,842.9914509709394,NO
138.32054144563725,843.976116518948,NO
138.39690370154588,844.9642008426057,NO
138.47185460772883,845.9777950767658,NO
138.5000000004902,847.0,NO
138.49173679834982,848.0077135189048,NO
138.47606017096118,849.0074676110083,NO
138.46050518655252,850.0072236112371,NO
138.45294117647057,851.0,NO
138.46050518655252,851.9927763887629,NO
138.47606017096118,852.9925323889917,NO
138.49173679466165,853.9922864811531,NO
138.50402701874683,855.0038899839402,NO
138.51180894689,856.0038289492132,NO
138.51180894689,856.9961710507868,NO
138.504027017818,857.9961100160525,NO
138.5000000004902,859.0,NO
138.5000000004902,860.0,NO
138.5000000004902,861.0,NO
138.5000000004902,862.0,NO
138.5000000004902,863.0,NO
138.5000000004902,864.0,NO
138.5000000004902,865.0,NO
138.5000000004902,866.0,NO
138.5000000004902,867.0,NO
138.49149622654343,868.0077097452291,NO
138.4572169678979,869.0215160931085,NO
138.41118281902078,870.0193497801696,NO
138.38226446669154,871.005996305748,NO
138.38226446669154,871.994003694252,NO
138.4111828159489,872.9806502199749,NO
138.4572170252493,873.9784839041927,NO
138.49149622285796,874.9922902548286,NO
138.5041026946087,876.0038893904041,NO
138.5225937818461,877.0131052688871,NO
138.54020982240772,878.0045077468811,NO
138.53564237966245,878.9908949483834,NO
138.5172095360648,879.9914801678814,NO
138.50406497654916,880.996110313768,NO
138.5000000004902,882.0,NO
138.49173679834982,883.0077135189048,NO
138.47501636438847,884.0074512375708,NO
138.41590026105536,885.0114003121814,NO
