X,Y,is_wing_root
228.9724800556101,1008.9254230542656,NO
228.06850868752718,1009.1710179765937,NO
226.07546398855303,1010.1412756091413,NO
224.2076521005777,1011.2938901438425,NO
223.11108272627555,1012.1366982471183,NO
222.08238063830032,1013.0869302664889,NO
221.09493398155794,1014.0862084282697,NO
220.1712386470901,1015.1299688992729,NO
219.45219780718767,1016.292816594427,NO
219.0258999399008,1017.0148555208117,NO
218.3195743616881,1018.1490632137715,NO
218.0077643320188,1019.0033844525091,NO
217.1975012858366,1021.0573207764029,NO
216.9976667094319,1021.99946555916,NO
216.8174476160372,1022.9688947058033,NO
216.67093164873683,1023.9632325863821,NO
216.5724342012476,1024.9713363730489,NO
216.53072625573316,1026.0,NO
216.5724342012476,1027.0286636269511,NO
216.6710470699139,1028.036754517397,NO
216.81958686444693,1029.031244734497,NO
217.00339139493192,1029.9991947804958,NO
217.20581974609993,1030.940856396046,NO
218.0077985806552,1032.9966006185978,NO
218.3195743616881,1033.8509367862287,NO
219.02591805539586,1034.9851340886194,NO
219.45153765427773,1035.7045494392664,NO
220.17773254792118,1036.8637060116012,NO
221.09888416711308,1037.9123444400498,NO
222.08186772046398,1038.9136109782153,NO
223.10930840932892,1039.8660791034733,NO
224.20372919163827,1040.7107822663977,NO
226.07459350831203,1041.8605425720314,NO
228.0679885980145,1042.829396640385,NO
228.9720495041987,1043.0751698970892,NO
231.0474379343335,1043.8147037631818,NO
233.45665183732558,1045.9740335237173,NO
233.5217462247509,1047.0178172971457,NO
233.58865666550716,1048.0338753315475,NO
233.67380647976208,1049.0294213763352,NO
233.7561875133248,1050.0196006108376,NO
233.85117171807147,1051.015758288347,NO
233.98410321627125,1052.0026182937963,NO
234.15300178453876,1052.9621995599427,NO
234.35104118290542,1053.939428188714,NO
234.48813166729056,1054.9904287905879,NO
234.5000000004902,1056.0,NO
234.55779636711716,1057.0364167677444,NO
234.7733219664635,1058.0573362098355,NO
235.02137386329426,1058.9914923637289,NO
235.28159405276702,1059.930429706136,NO
235.99392048297264,1062.0030397585138,NO
236.3125402253928,1062.8501814064284,NO
237.34673498203142,1064.8977622925638,NO
238.17659848550971,1066.9349009523753,NO
239.02049485360203,1068.989752573199,NO
239.37546379624922,1069.837095754805,NO
240.35407571720293,1071.9176818921162,NO
241.12405937347378,1073.940174412036,NO
241.8860481060018,1075.0591248864202,NO
242.3905985179089,1076.2694196080433,NO
243.19156791629925,1077.9209614908932,NO
244.0578098777056,1079.9709495190737,NO
244.51491442302202,1080.6878648185295,NO
245.1679565287936,1081.873883172502,NO
246.05899283061117,1082.9643816890382,NO
246.928169125051,1084.0448371076527,NO
247.21809029309742,1084.8195409778602,NO
248.14144585406936,1085.8585541459306,NO
249.14110261836066,1086.8588973816393,NO
250.14110261836066,1087.8588973816393,NO
251.14110261836066,1088.8588973816393,NO
252.14110261836066,1089.8588973816393,NO
253.14205395732313,1090.857946042677,NO
254.21183365550402,1091.702655500301,NO
256.0455727216351,1092.93489611398,NO
257.15975120032857,1093.711350833812,NO
257.9967908843237,1094.0075075638465,NO
258.93980893502794,1094.2765535499705,NO
259.97537973731795,1094.465049411228,NO
261.0,1094.5000000004902,NO
262.0,1094.5000000004902,NO
263.0,1094.5000000004902,NO
264.0,1094.5000000004902,NO
265.0,1094.5000000004902,NO
266.0,1094.5000000004902,NO
267.0,1094.5000000004902,NO
268.0095919139448,1094.5108124015733,NO
269.02535227963796,1094.5541495522523,NO
270.034927032989,1094.636473759712,NO
271.02564952567,1094.7274737920507,NO
272.01433945176774,1094.8075494694735,NO
273.0090996575643,1094.8810044848444,NO
274.0023809486499,1094.93609032441,NO
275.000637972569,1094.9638482227974,NO
276.0000165346103,1094.99968767958,NO
276.99576052703037,1095.0600592009262,NO
277.9908770331316,1095.129242031762,NO
278.98324839059035,1095.2034124112708,NO
279.9729551714924,1095.2873513004743,NO
280.9677276927999,1095.3790119950677,NO
281.9631141129856,1095.4756337779904,NO
283.0291855745534,1095.5805616086711,NO
284.0260702921569,1095.6590808144676,NO
285.02031542625457,1095.7343367488643,NO
286.01668800630677,1095.8189173855228,NO
287.0091008137288,1095.9185716668296,NO
287.99747986597947,1096.023368515049,NO
288.9869934501231,1096.1251573656075,NO
289.982094558086,1096.2174232353163,NO
290.9859715278729,1096.2861808228533,NO
291.98425362136993,1096.3346105380892,NO
292.98283706063165,1096.3805695188305,NO
293.98254656487336,1096.4238691667842,NO
294.9817991985444,1096.464120433657,NO
295.9932382428945,1096.49264230196,NO
297.0067617571055,1096.49264230196,NO
298.0181894879759,1096.4638319399266,NO
299.02350454228963,1096.4133557555215,NO
300.026931453984,1096.3433760376543,NO
301.0213713225193,1096.2658384134102,NO
302.0133372946822,1096.1943434409438,NO
303.00695546361305,1096.1364340887808,NO
304.0031728308675,1096.0951849324117,NO
304.99984420038527,1096.079457807669,NO
305.99185085379673,1096.1154462388856,NO
306.9805032004087,1096.194967984234,NO
307.9728623776473,1096.2883372350698,NO
308.98875099177053,1096.3585621511795,NO
310.015807858574,1096.3505220756276,NO
311.0227824847868,1096.2833918960223,NO
312.0215300377153,1096.1830053267581,NO
313.0083942448014,1096.0778375413254,NO
313.9998743904088,1095.9977910036785,NO
314.99698060508143,1095.9429669842573,NO
315.996431857191,1095.898902614006,NO
317.0,1095.8803921568629,NO
318.00195183265373,1095.8893961548417,NO
319.00164506456184,1095.9067796792287,NO
319.9983537401958,1095.906711948831,NO
320.99552055116555,1095.8797621604115,NO
321.9938089312797,1095.8421277488096,NO
322.9963167144833,1095.8121524435503,NO
323.99635282098654,1095.7933265323259,NO
324.991302848526,1095.766550139882,NO
325.9893711447578,1095.7289641933444,NO
326.99409011471795,1095.6985958584776,NO
327.9937032065367,1095.6788635417456,NO
328.993320451783,1095.6593430498172,NO
330.00667337616477,1095.6596578244735,NO
331.0175633186691,1095.70142358374,NO
332.0098814858113,1095.74802211369,NO
333.00395849440594,1095.7756853275826,NO
334.0036463313917,1095.793374564224,NO
335.0036858152038,1095.8120234295066,NO
336.00330447321136,1095.8314718706167,NO
337.0,1095.8411764705882,NO
337.9966933132477,1095.8313589800325,NO
338.9883206145253,1095.7946039047506,NO
339.97946498942025,1095.7314652617,NO
340.949320907487,1095.6201032463505,NO
342.06750912031134,1095.3654804156906,NO
343.0129572000004,1095.2591440038746,NO
343.9936495571121,1095.2466902902534,NO
344.95286333985274,1095.3196253209453,NO
345.9381396139245,1095.4615736504818,NO
347.00845039921876,1095.5690296510852,NO
348.0,1095.578431372549,NO
349.007273111454,1095.5878570370573,NO
350.0135824080891,1095.615165079755,NO
351.00634264715734,1095.6405833447122,NO
352.00668068809995,1095.6592849157887,NO
353.00629986528446,1095.6787068788713,NO
354.0,1095.6882352941177,NO
355.0,1095.6882352941177,NO
355.9877251615347,1095.6705174871024,NO
356.95671693011275,1095.6041566540778,NO
358.0519681085985,1095.4401743290273,NO
359.0300946060025,1095.3336575882884,NO
360.0087833977781,1095.2799708150033,NO
361.0,1095.264705882353,NO
361.9957265057747,1095.2724352392252,NO
362.99073716664975,1095.2952528244566,NO
363.9897612128432,1095.3263613532433,NO
364.98286275086485,1095.364166535634,NO
365.976451142739,1095.4141350877985,NO
366.9818105120241,1095.4638319399266,NO
367.9932382295491,1095.4926432742686,NO
369.0,1095.5000000004902,NO
370.00676285403046,1095.492722220776,NO
371.0129426974495,1095.4714839729959,NO
372.0061995059379,1095.4516782884386,NO
373.0051655113656,1095.4390684779341,NO
374.0,1095.4333333333334,NO
374.994834594146,1095.4390595094485,NO
376.0051636374296,1095.4389091933683,NO
377.0114872463697,1095.4184639699963,NO
378.0114644518746,1095.38979137681,NO
379.01583146074034,1095.351045428002,NO
380.0185579962011,1095.2957680622462,NO
381.01506290691674,1095.2327903704581,NO
382.0112182458444,1095.168273695205,NO
383.0056789101062,1095.111394001711,NO
384.00137055577807,1095.077664823759,NO
384.9986315367474,1095.0775462473227,NO
385.9983248494123,1095.0949251954894,NO
387.0002018075084,1095.1029218346566,NO
388.00180146852836,1095.0918748925492,NO
389.00227574693434,1095.064479500559,NO
390.00067669887835,1095.0383462679624,NO
391.0,1095.0294117647059,NO
392.0,1095.0294117647059,NO
393.0003616228903,1095.0204919628156,NO
394.0000546070502,1095.0030943993631,NO
394.9999453929498,1095.0030943993631,NO
395.9996383771097,1095.0204919628156,NO
397.0,1095.0294117647059,NO
397.9993243916267,1095.038284472679,NO
398.99888633673544,1095.056796825011,NO
399.99850416607364,1095.0762875282537,NO
401.0,1095.0862745098038,NO
402.00249050711943,1095.0668504556231,NO
403.00114713530746,1095.0208942499753,NO
403.99696995098253,1094.9582344615806,NO
404.99127102796683,1094.8858519107428,NO
405.98973086887526,1094.8194049302335,NO
406.99611653098316,1094.779936766097,NO
408.0,1094.770588235294,NO
409.00388774058626,1094.7796947105087,NO
410.00357933109063,1094.7971712477693,NO
411.0,1094.8058823529411,NO
412.0,1094.8058823529411,NO
413.0,1094.8058823529411,NO
413.9964207567117,1094.7971762232364,NO
414.9965581769121,1094.7805837923522,NO
415.99535355271036,1094.7630311944095,NO
416.994448571713,1094.7426155923708,NO
418.0,1094.7313725490196,NO
418.9951069520628,1094.7227272966452,NO
419.99420271846225,1094.7043386492862,NO
420.999398337169,1094.6931519401965,NO
421.99377791308456,1094.682673575589,NO
423.0,1094.672549019608,NO
424.00621933705054,1094.6828138186945,NO
425.005836053033,1094.7023613030792,NO
426.00545795987887,1094.7216440534387,NO
426.9945405533286,1094.721568227019,NO
427.9814788264611,1094.6851400510134,NO
428.96311384339293,1094.6160828824407,NO
429.9735448625252,1094.5347544656022,NO
431.0,1094.5000000004902,NO
432.0,1094.5000000004902,NO
433.0,1094.5000000004902,NO
434.0,1094.5000000004902,NO
435.0,1094.5000000004902,NO
436.0,1094.5000000004902,NO
437.0,1094.5000000004902,NO
438.0,1094.5000000004902,NO
439.0,1094.5000000004902,NO
440.0,1094.5000000004902,NO
441.0,1094.5000000004902,NO
442.0,1094.5000000004902,NO
443.0,1094.5000000004902,NO
444.0,1094.5000000004902,NO
445.0,1094.5000000004902,NO
446.0,1094.5000000004902,NO
447.0,1094.5000000004902,NO
448.0,1094.5000000004902,NO
449.0,1094.5000000004902,NO
450.0,1094.5000000004902,NO
451.0,1094.5000000004902,NO
452.0,1094.5000000004902,NO
453.0,1094.5000000004902,NO
454.0,1094.5000000004902,NO
455.0,1094.5000000004902,NO
456.0,1094.5000000004902,NO
457.0,1094.5000000004902,NO
458.0,1094.5000000004902,NO
459.0058103625116,1094.4938808268269,NO
460.005673592541,1094.4822553790073,NO
460.994326407459,1094.4822553790073,NO
461.9941896374884,1094.4938808268269,NO
463.0,1094.5000000004902,NO
464.0,1094.5000000004902,NO
465.0,1094.5000000004902,NO
466.0,1094.5000000004902,NO
467.0,1094.5000000004902,NO
468.0,1094.5000000004902,NO
469.0,1094.5000000004902,NO
470.0,1094.5000000004902,NO
471.0,1094.5000000004902,NO
472.0,1094.5000000004902,NO
473.0,1094.5000000004902,NO
474.0178185721667,1094.4782879994962,NO
475.03322668709455,1094.413307588808,NO
476.02467144346326,1094.3400658253038,NO
477.0172491400827,1094.274908168016,NO
478.0115828927714,1094.2187879769288,NO
479.0065112359066,1094.1747752831645,NO
480.0046497932525,1094.1394938069334,NO
481.00492873607817,1094.0966790501798,NO
482.002582806758,1094.0356008481251,NO
482.9985453320005,1093.973504261777,NO
483.9987381043077,1093.9356433213711,NO
484.9998520028365,1093.9245214426742,NO
486.0,1093.9235294117648,NO
487.0,1093.9235294117648,NO
488.00130215989975,1093.9335898468446,NO
489.00136747841856,1093.961254775686,NO
489.9996426827258,1094.0065082788396,NO
490.9929924759939,1094.0776921139807,NO
491.97635216782396,1094.1800058813026,NO
492.9538143654848,1094.3059048614434,NO
493.9642492074135,1094.43411679123,NO
494.99419437352725,1094.4934782635141,NO
496.0,1094.5000000004902,NO
497.0,1094.5000000004902,NO
498.0178172981827,1094.4782538030845,NO
499.03392058758226,1094.4118928720877,NO
500.0250982704156,1094.3368451970828,NO
501.0174397670996,1094.2695236627465,NO
502.0139903697853,1094.2038596783636,NO
503.0074635324338,1094.146400053734,NO
504.00199103146974,1094.112825111294,NO
505.0,1094.1039215686274,NO
506.0015036391922,1094.0958569922986,NO
507.0024741283199,1094.070100306839,NO
508.0013003835875,1094.0331597812337,NO
508.9998576447166,1093.9959666000473,NO
509.9973191377546,1093.9511700097262,NO
510.9938674705695,1093.895747000071,NO
511.9971634562786,1093.855336273981,NO
512.9967737296855,1093.8354602182537,NO
513.9928238948181,1093.8073782253966,NO
514.9811775249822,1093.753859956222,NO
515.9686561738124,1093.6737683589158,NO
516.9683952818729,1093.586707555939,NO
517.9742741721209,1093.5112092593554,NO
519.0289749282452,1093.4346239431507,NO
520.0213483420686,1093.375436371239,NO
521.0147082633789,1093.3261397477897,NO
522.012684282593,1093.2812601745857,NO
523.0114677837089,1093.233942780681,NO
524.011960892579,1093.1742872955858,NO
525.0076112331259,1093.104911586482,NO
526.0024481356355,1093.0346819218055,NO
526.9974286828999,1092.9645575228267,NO
527.9940998683509,1092.8996977623394,NO
528.9941154752419,1092.8499446197857,NO
529.9883374641162,1092.801736890715,NO
530.9734603111208,1092.7292951754584,NO
531.9573883583898,1092.6316620812781,NO
532.973573560475,1092.5352591536985,NO
534.0,1092.5000000004902,NO
535.0058086216403,1092.4937328527587,NO
536.0173885847122,1092.4667462307473,NO
537.0288231047783,1092.4083273212511,NO
538.0250660058534,1092.33641217271,NO
539.0204563917116,1092.2608189938362,NO
540.0152616457403,1092.181010213332,NO
541.0076223531389,1092.1050648623304,NO
542.0024417207786,1092.0336561495876,NO
542.9971291262059,1091.9614698529826,NO
543.9914232608646,1091.8878426485228,NO
544.9902187315819,1091.8218411846638,NO
545.9861927971698,1091.7652775527629,NO
546.9699342611596,1091.6933294661233,NO
547.9616205703816,1091.600540654055,NO
548.9813029874207,1091.523226182782,NO
550.0,1091.5000000004902,NO
551.0,1091.5000000004902,NO
552.0,1091.5000000004902,NO
553.0,1091.5000000004902,NO
554.0,1091.5000000004902,NO
555.0,1091.5000000004902,NO
556.0,1091.5000000004902,NO
557.0,1091.5000000004902,NO
558.0,1091.5000000004902,NO
559.0,1091.5000000004902,NO
560.0,1091.5000000004902,NO
561.0,1091.5000000004902,NO
562.0,1091.5000000004902,NO
563.0,1091.5000000004902,NO
564.0,1091.5000000004902,NO
565.0,1091.5000000004902,NO
566.0,1091.5000000004902,NO
567.0,1091.5000000004902,NO
568.0,1091.5000000004902,NO
569.0,1091.5000000004902,NO
570.0,1091.5000000004902,NO
571.0,1091.5000000004902,NO
572.0,1091.5000000004902,NO
573.0,1091.5000000004902,NO
574.0123835972892,1091.4858180459642,NO
575.0234821259854,1091.443551273394,NO
576.0221189100338,1091.3889877392903,NO
577.0153356679176,1091.340051761245,NO
578.0089410958467,1091.3039972689828,NO
579.0085629991663,1091.27294560898,NO
580.0176918651528,1091.209833745327,NO
581.0130912507159,1091.1076860943122,NO
581.9997050192562,1090.9973606986148,NO
582.9874866861776,1090.8899691395543,NO
583.9843027267297,1090.7947279767252,NO
584.989546256526,1090.7334295434007,NO
585.9941668903842,1090.702511417357,NO
586.993778864583,1090.6827221020058,NO
587.9799389459463,1090.6472021427721,NO
588.9682964555524,1090.5854152118234,NO
590.0417104119955,1090.4739819470824,NO
591.0445702147441,1090.3497047683038,NO
592.027200641726,1090.239178051176,NO
593.0125516824205,1090.145485414226,NO
594.0052902910229,1090.0599566303972,NO
594.9973353020873,1089.9716875849163,NO
595.9914335179948,1089.8879767802166,NO
596.9856739590075,1089.812659474712,NO
597.9793751262534,1089.7370328602224,NO
598.9740756492974,1089.6609892795293,NO
599.9617269435928,1089.5764728779532,NO
601.0332485424351,1089.4617853234797,NO
602.0222073327691,1089.3905427598536,NO
603.0202000910901,1089.332324067543,NO
604.0126856651423,1089.2812908311114,NO
605.011869305088,1089.2328209756001,NO
606.0118617067611,1089.1728420164932,NO
607.0058479585449,1089.1147099517284,NO
608.0034541407578,1089.0607452357501,NO
608.9996674345468,1088.9955366216977,NO
609.9918706441115,1088.9136255944122,NO
610.9785874618489,1088.8149085686648,NO
611.9665666853706,1088.7060174124586,NO
612.9699066570835,1088.606471692173,NO
613.9820538552002,1088.5423733110179,NO
614.9904048090036,1088.5106452719456,NO
616.0,1088.5000000004902,NO
617.0,1088.5000000004902,NO
618.0,1088.5000000004902,NO
619.0,1088.5000000004902,NO
620.0,1088.5000000004902,NO
621.0,1088.5000000004902,NO
622.0,1088.5000000004902,NO
623.0,1088.5000000004902,NO
624.0,1088.5000000004902,NO
625.0,1088.5000000004902,NO
626.0,1088.5000000004902,NO
627.0,1088.5000000004902,NO
628.0,1088.5000000004902,NO
629.0,1088.5000000004902,NO
630.0,1088.5000000004902,NO
631.0058086216403,1088.4937328527587,NO
632.0173885847122,1088.4667462307473,NO
633.0288526123915,1088.4087453457737,NO
634.0210500719414,1088.3463076229907,NO
635.0089428452786,1088.3040567496703,NO
636.0080775218873,1088.2746357533804,NO
637.0076612933929,1088.2442037363387,NO
638.0074333885327,1088.2106126884391,NO
639.0087660404923,1088.1655807666407,NO
640.0073272679795,1088.1038029639467,NO
641.0024647008033,1088.0339729012644,NO
641.9984254534365,1087.9713207593904,NO
642.997024427123,1087.9241228922035,NO
643.9957481267375,1087.8858707679929,NO
644.9943661140322,1087.8487746367268,NO
645.9929806987325,1087.8115871726598,NO
646.9861773091931,1087.765014257159,NO
647.9758306408465,1087.6993567391676,NO
648.9711463932072,1087.6226836251658,NO
649.9746193461539,1087.5536505575428,NO
651.041365688461,1087.4541233084133,NO
652.0498713797374,1087.3101756746737,NO
653.0257702602144,1087.168497849972,NO
654.0044203581166,1087.0300584348306,NO
654.9836912165578,1086.891980781653,NO
655.9621487828033,1086.7525112799235,NO
656.9557244619936,1086.6172792480324,NO
657.981316851249,1086.5235797104,NO
659.0,1086.5000000004902,NO
660.0,1086.5000000004902,NO
661.0,1086.5000000004902,NO
662.0,1086.5000000004902,NO
663.0,1086.5000000004902,NO
664.0058075653535,1086.4936430683779,NO
665.0241249739106,1086.455693956555,NO
666.0421289102244,1086.358095748996,NO
667.0306052907623,1086.2401338242669,NO
668.0148635283343,1086.1222645069408,NO
668.9993605551709,1085.9956517752148,NO
669.98546869053,1085.872224695465,NO
670.9828075181282,1085.7751752499842,NO
671.976364817269,1085.6986514207422,NO
672.9711416875168,1085.6226220892188,NO
673.974619356587,1085.5536507410227,NO
674.9904080860551,1085.5108124015733,NO
676.0,1085.5000000004902,NO
677.0304754416068,1085.457131644583,NO
678.048714303054,1085.3357337087346,NO
679.0275917028805,1085.2100263887476,NO
680.011069081301,1085.0896068482427,NO
680.9941799742309,1084.9609445624308,NO
681.9724678917054,1084.8222610699138,NO
682.9578982229614,1084.6842366793305,NO
683.9568236713408,1084.5544381051145,NO
685.0440700061442,1084.4046427743144,NO
686.0389698920407,1084.2722553994802,NO
687.0204807855538,1084.1339128244283,NO
687.9992596883891,1083.9949658811065,NO
688.9741729649415,1083.8503205906286,NO
689.9475774774405,1083.6961876500075,NO
690.9656485269278,1083.5507884548756,NO
692.0,1083.5000000004902,NO
693.0,1083.5000000004902,NO
694.0123703276112,1083.4852974662913,NO
695.0395747699132,1083.4119006421572,NO
696.0364200472424,1083.304495474247,NO
697.0179193927778,1083.2125323287335,NO
698.0077745234674,1083.1468521115223,NO
699.0049840615436,1083.0941433857276,NO
700.0022210623986,1083.0404550645994,NO
700.9982341441835,1082.9763003569296,NO
701.9904511866013,1082.8963852204029,NO
702.9902342863484,1082.8221245036198,NO
703.9867058619948,1082.7662065318507,NO
704.9766200245505,1082.701905313575,NO
705.9706543078257,1082.6258424254768,NO
706.9738230329385,1082.5549915616164,NO
707.9904084480182,1082.5108308616893,NO
709.0238808691383,1082.4684324153561,NO
710.0461638980062,1082.3622090525912,NO
711.035641606846,1082.2190026396154,NO
712.0117254343384,1082.0738268070643,NO
712.9920159465505,1081.939225863629,NO
713.9791640359083,1081.8198925139209,NO
714.9663474583936,1081.709105149047,NO
715.9610446162309,1081.6026550885294,NO
716.9781367770769,1081.5180585181256,NO
718.0358009512984,1081.4347258613368,NO
719.0422659791898,1081.3169948367752,NO
720.0284795470811,1081.1688903345519,NO
721.0006644490736,1081.0033222454183,NO
721.9718439730103,1080.836823023606,NO
722.9508707355084,1080.6828363882187,NO
723.9656048607558,1080.5502174357366,NO
725.0,1080.5000000004902,NO
726.0,1080.5000000004902,NO
727.0,1080.5000000004902,NO
728.0,1080.5000000004902,NO
729.0,1080.5000000004902,NO
730.0,1080.5000000004902,NO
731.0,1080.5000000004902,NO
732.0,1080.5000000004902,NO
733.0,1080.5000000004902,NO
734.0,1080.5000000004902,NO
735.0,1080.5000000004902,NO
736.0,1080.5000000004902,NO
737.0247665839139,1080.4678132567497,NO
738.037677378943,1080.3843092623422,NO
739.0309253714825,1080.2816417819565,NO
740.0202554370193,1080.1721712204762,NO
741.0069625516946,1080.0645618418437,NO
741.9934148038502,1079.9498738815605,NO
742.9720389256865,1079.8194917955664,NO
743.9508498941533,1079.6786339333717,NO
744.9459390672564,1079.5202700992559,NO
746.0547251837245,1079.3033678453287,NO
747.0263910868994,1079.131955436502,NO
747.9933784965369,1078.96407482159,NO
748.965497261136,1078.8022876821537,NO
749.9498344823338,1078.6467511424469,NO
751.0520130305039,1078.4561496496826,NO
752.045888881931,1078.303939357253,NO
753.0260419436596,1078.1526596754582,NO
753.9987831385396,1077.9933268883153,NO
754.9675822438948,1077.8295561289733,NO
755.9482193040866,1077.6657195521575,NO
756.9736297003993,1077.5362464420512,NO
758.0,1077.5000000004902,NO
759.0,1077.5000000004902,NO
760.0,1077.5000000004902,NO
761.0,1077.5000000004902,NO
762.0,1077.5000000004902,NO
763.0,1077.5000000004902,NO
764.0,1077.5000000004902,NO
765.0,1077.5000000004902,NO
766.0123745110456,1077.4854615856405,NO
767.0347310688255,1077.4217344305873,NO
768.0381873431837,1077.3141216930937,NO
769.0254694890846,1077.1938722245181,NO
770.0088591664869,1077.0836699074507,NO
770.9985869896768,1076.985293158728,NO
771.9839821183274,1076.8780728446645,NO
772.9722633922723,1076.7602428825367,NO
773.966787955623,1076.6543236401315,NO
774.9676725669335,1076.5661318337013,NO
776.0301786719726,1076.4762571664016,NO
777.0376698751301,1076.38423272345,NO
778.0313315705217,1076.2803351040043,NO
779.0199764123327,1076.1697995105599,NO
780.0066782118206,1076.0540617145066,NO
780.9890300327744,1075.926385743447,NO
781.9671491557283,1075.787924925661,NO
782.9524987932195,1075.6489041270104,NO
783.9736018437333,1075.5357565489448,NO
785.0,1075.5000000004902,NO
786.0,1075.5000000004902,NO
787.0,1075.5000000004902,NO
788.0,1075.5000000004902,NO
789.0,1075.5000000004902,NO
790.0058075653535,1075.4936430683779,NO
791.0241644084044,1075.4564388303365,NO
792.0329866765917,1075.3823455810232,NO
793.0232758337289,1075.3043762697291,NO
794.0185571046175,1075.2253362828685,NO
795.0137922559081,1075.1327179330094,NO
796.0033275404746,1075.030855374764,NO
796.9914485626233,1074.9248063282073,NO
797.9786655105684,1074.8155832270872,NO
798.9665547504043,1074.705912467067,NO
799.9616800816766,1074.601160057294,NO
800.9813029874207,1074.523226182782,NO
802.0,1074.5000000004902,NO
803.005806518367,1074.493554074528,NO
804.0305021689051,1074.4444601849568,NO
805.0447846211081,1074.3310167616821,NO
806.0250118318439,1074.2199316198867,NO
807.0073531124245,1074.1442341228653,NO
808.0048666394533,1074.0919254128867,NO
809.002116280207,1074.0291703473388,NO
809.9950901783405,1073.9478331453076,NO
810.9829005032701,1073.849642359723,NO
811.9757301370532,1073.7473953189174,NO
812.980341641386,1073.665807904809,NO
813.9864385434557,1073.6157587068976,NO
814.9843330727803,1073.5794666818363,NO
815.9747337524994,1073.5292991802676,NO
817.0346984375286,1073.4380677729796,NO
818.0308590235543,1073.3497355933068,NO
819.0252629688159,1073.2576822799938,NO
820.0164274188185,1073.1611150695987,NO
821.0062319041002,1073.0706282450606,NO
822.0000351802877,1073.0006407838039,NO
822.9982922133904,1072.954159411123,NO
823.9947456246101,1072.907595464641,NO
824.9915662831787,1072.8516829068371,NO
825.9883613896811,1072.795320985098,NO
826.9794651697906,1072.7314676203891,NO
827.9744992148309,1072.657752631403,NO
828.9690540084746,1072.5846722327187,NO
829.9812875230448,1072.5228318412012,NO
831.0,1072.5000000004902,NO
832.0,1072.5000000004902,NO
833.0,1072.5000000004902,NO
834.0,1072.5000000004902,NO
835.0,1072.5000000004902,NO
836.0123885081647,1072.4860107033894,NO
837.0169076365227,1072.453836568554,NO
838.0115951528969,1072.4223948505814,NO
839.0115735318751,1072.3935000969516,NO
840.020965857889,1072.3449221660478,NO
841.0219787031033,1072.27339363563,NO
842.0138395059307,1072.201661376437,NO
843.0092217067892,1072.1343734446518,NO
844.0039646104071,1072.0748870862758,NO
845.0011718980505,1072.021345285647,NO
845.99831485674,1071.9681695158563,NO
846.9971394805988,1071.9232176355597,NO
847.9979286653855,1071.894361937419,NO
848.9975413661244,1071.8746096756195,NO
849.9939533282312,1071.845809871047,NO
850.9963944267024,1071.8161157666193,NO
851.9996174742661,1071.80491186551,NO
852.9963855431362,1071.795180787383,NO
853.9918609557707,1071.7693937322226,NO
854.9895198312217,1071.732755698146,NO
855.9879924639084,1071.6938078319488,NO
856.9864648806005,1071.6548544578848,NO
857.9926318291648,1071.6242232972063,NO
859.0,1071.613725490196,NO
860.0,1071.613725490196,NO
860.9930325690556,1071.6051789317805,NO
861.9843219972555,1071.5791693914277,NO
862.9820259120736,1071.541660761294,NO
863.9904048090036,1071.5106452719456,NO
865.0,1071.5000000004902,NO
866.0,1071.5000000004902,NO
867.005809420115,1071.493800723121,NO
868.0120928044531,1071.4744100193557,NO
869.0114350962542,1071.4486076208661,NO
870.0229334133242,1071.4033117630822,NO
871.0299829749189,1071.3253471618075,NO
872.0163478704281,1071.2526488966716,NO
873.010009612983,1071.1963424010776,NO
874.0074278427311,1071.1456999865145,NO
875.0049845754055,1071.094153092008,NO
876.0022087197067,1071.0417202615765,NO
876.999344999908,1070.988069641334,NO
877.9941427817291,1070.923405611629,NO
878.9847127625939,1070.8408879465835,NO
879.9758581891894,1070.7487281063782,NO
880.9804507743688,1070.6676631655098,NO
881.9777895684973,1070.6094027451754,NO
882.9745906019836,1070.5531450566011,NO
883.9904080860516,1070.5108124013889,NO
885.0123793350353,1070.4856508344703,NO
886.0288863057831,1070.4332946061584,NO
887.0350985359341,1070.3442356417845,NO
888.0240736038893,1070.2505619848898,NO
889.0121230196987,1070.1717427805625,NO
890.0072093751,1070.1021328148079,NO
891.0023077491059,1070.0326931126185,NO
891.9971048146522,1069.9611435663517,NO
892.9883335230106,1069.8785734099235,NO
893.9744756291863,1069.7793656083882,NO
894.9618094256084,1069.669878086019,NO
895.9669756936026,1069.5681437103958,NO
896.990411687788,1069.510996089943,NO
898.0,1069.5000000004902,NO
899.0,1069.5000000004902,NO
900.0,1069.5000000004902,NO
901.0,1069.5000000004902,NO
902.0,1069.5000000004902,NO
903.0,1069.5000000004902,NO
904.0,1069.5000000004902,NO
905.0,1069.5000000004902,NO
906.0,1069.5000000004902,NO
907.0,1069.5000000004902,NO
908.0,1069.5000000004902,NO
909.0,1069.5000000004902,NO
910.0,1069.5000000004902,NO
911.0,1069.5000000004902,NO
912.0,1069.5000000004902,NO
913.0,1069.5000000004902,NO
914.0,1069.5000000004902,NO
915.0,1069.5000000004902,NO
916.0,1069.5000000004902,NO
917.0,1069.5000000004902,NO
918.0,1069.5000000004902,NO
919.0,1069.5000000004902,NO
920.0,1069.5000000004902,NO
921.0,1069.5000000004902,NO
922.0,1069.5000000004902,NO
923.0,1069.5000000004902,NO
924.0178172981828,1069.4782538030845,NO
925.0339204207369,1069.4118908461078,NO
926.0251767026884,1069.3378978407104,NO
927.008545476755,1069.290546219416,NO
928.0047166015604,1069.2672740758082,NO
929.008038469948,1069.2411541146187,NO
930.006926354189,1069.2077906396094,NO
931.0086455854358,1069.1633055044358,NO
932.0082413423758,1069.0913714046012,NO
933.0009914410101,1069.014045414433,NO
933.9973464167064,1068.9516668763406,NO
934.9938437193254,1068.8953432289225,NO
935.9907873183962,1068.837983870615,NO
936.9826869469144,1068.7735985495863,NO
937.970474571031,1068.692694532932,NO
938.9616129981175,1068.6004618406996,NO
939.970888574669,1068.506092622435,NO
941.0339204590825,1068.4118913117334,NO
942.0250983728965,1068.336846572486,NO
943.0174162357139,1068.2691599958903,NO
944.0163484186897,1068.193899845732,NO
945.0095866762832,1068.111118296607,NO
946.0024320701513,1068.0335231274332,NO
946.99547688949,1067.9519419512353,NO
947.9865852833752,1067.8603774474445,NO
948.9776373506423,1067.7672459081648,NO
949.9617118137318,1067.6690343223408,NO
950.9521132724674,1067.547128365518,NO
952.0551885856104,1067.3483779302405,NO
953.0345808045048,1067.1729040251516,NO
953.998313346304,1066.992250509816,NO
954.9605436145783,1066.810162667155,NO
955.9506060489198,1066.6349142779666,NO
956.9813305236054,1066.5239283554868,NO
958.0,1066.5000000004902,NO
959.0,1066.5000000004902,NO
960.0,1066.5000000004902,NO
961.005809420115,1066.493800723121,NO
962.0120879285778,1066.4742187350178,NO
963.0180831102723,1066.4391612784766,NO
964.0234120549841,1066.3851660523273,NO
965.0294156847433,1066.3000399821353,NO
966.0243027171953,1066.1822703748549,NO
967.0060715787122,1066.0340275278008,NO
967.9728097033694,1065.8679328437893,NO
968.9479217759097,1065.6947138473233,NO
969.9664173657089,1065.5492857125603,NO
971.0436548550955,1065.428153387623,NO
972.0532503638767,1065.2446638412885,NO
973.0126688640066,1065.0556993148348,NO
973.9699046180808,1064.8665335220674,NO
974.9453805893006,1064.6798172356075,NO
975.9736516778556,1064.536632942156,NO
977.0,1064.5000000004902,NO
978.0186613662819,1064.475864836639,NO
979.0520151632944,1064.3537031061405,NO
980.0377996435483,1064.1506079533167,NO
980.9868095086607,1063.9486477037724,NO
981.9521962218116,1063.7486605495556,NO
982.9527809403515,1063.5758716702528,NO
984.0719323421621,1063.2671017076436,NO
984.9877028744384,1062.9780408478543,NO
985.7017108090764,1062.5620305511857,NO
986.7980751019176,1061.7654837060566,NO
987.9277764540813,1060.8650273947528,NO
990.0018022665392,1060.019824931635,NO
990.9919949032526,1059.9270964387945,NO
991.9758562250622,1059.8162190321168,NO
992.9789675886692,1059.7100938042797,NO
993.9869730360292,1059.6503288547021,NO
994.9933147823645,1059.6211710185307,NO
996.0007593120587,1059.6127508299035,NO
997.0,1059.613725490196,NO
998.0,1059.613725490196,NO
998.9930328320756,1059.6051938362493,NO
999.9927244214808,1059.5877172367068,NO
1001.0,1059.578431372549,NO
1002.0,1059.578431372549,NO
1003.0,1059.578431372549,NO
1004.0,1059.578431372549,NO
1005.0072698645934,1059.5880410258185,NO
1006.0217273547129,1059.6306349712597,NO
1007.0239694779477,1059.7018430664673,NO
1008.0167001580681,1059.775866307015,NO
1009.0061000966884,1059.827163916209,NO
1009.9938962724171,1059.8270610408608,NO
1010.9776288527629,1059.7671574608535,NO
1011.9586397681062,1059.6671486061894,NO
1012.9509498545988,1059.5368534368383,NO
1014.0210476277117,1059.4251620702626,NO
1014.9836534317984,1059.4168374860312,NO
1016.0644678187508,1059.560365296816,NO
1017.0526075705482,1059.831189633717,NO
1019.0854112300366,1060.8453168172755,NO
1020.3153897315822,1061.4748760751913,NO
1021.045377964126,1061.8647332084904,NO
1021.9962599375029,1062.0370339508286,NO
1022.9583008515582,1062.1779403285434,NO
1023.9222974839744,1062.3732767912238,NO
1025.0,1062.5392156862745,NO
1026.008830683725,1062.5496351417726,NO
1027.0084472399255,1062.5691907750338,NO
1028.0072733358866,1062.5878443192094,NO
1029.0135813406625,1062.6151953235117,NO
1030.007029554548,1062.6414927274031,NO
1031.0006824319041,1062.651959710745,NO
1031.9993175680959,1062.651959710745,NO
1032.9929704433127,1062.6414926182954,NO
1034.109879496636,1062.3143388277333,NO
1035.0159893663724,1062.0394958094425,NO
1035.9793742053603,1061.8221914203682,NO
1038.026396892752,1061.0573624811582,NO
1038.9273186835928,1060.782450473318,NO
1039.2400860741702,1060.5741188657587,NO
1040.9804433430077,1059.908549341173,NO
1041.936317215187,1059.7174637113935,NO
1044.0145139132132,1059.1411549254715,NO
1045.0036869113312,1059.0696416592275,NO
1046.0006087921408,1059.0344982196896,NO
1047.0,1059.0254901960784,NO
1048.0,1059.0254901960784,NO
1048.998335308026,1059.0446838381097,NO
1049.9872788441035,1059.1135817507802,NO
1052.069315485338,1059.7114399515033,NO
1053.018509213371,1059.8916507411457,NO
1053.9630403719118,1060.0980053067835,NO
1054.878503271485,1060.3950893634405,NO
1056.0116683966341,1060.6867956629048,NO
1057.010794948462,1060.7247288162698,NO
1058.0048411786804,1060.7530998937348,NO
1059.0004632858545,1060.7637242019225,NO
1060.000459463011,1060.7656738521118,NO
1060.9952360477664,1060.7570384424248,NO
1061.9953866101735,1060.738574588839,NO
1063.0005286297812,1060.7303987975592,NO
1064.0,1060.7313725490196,NO
1064.9945434968824,1060.7217183482621,NO
1067.0086555298672,1060.0179194991274,NO
1068.9849278076465,1058.981122696337,NO
1070.0129146300008,1058.0128375280592,NO
1070.9772087574452,1056.982215262079,NO
1072.0162108070456,1055.0079299618997,NO
1072.775568468879,1053.8839710802085,NO
1073.07948020215,1053.0472712994242,NO
1073.9852278963547,1051.9887442008826,NO
1074.8116435911868,1050.8912438373534,NO
1075.9443534217385,1049.8287521542795,NO
1078.009854741748,1049.0269838746628,NO
1078.9851041107718,1048.8228265305588,NO
1079.915336494156,1048.6598475130409,NO
1081.9896465837087,1047.935808816668,NO
1082.983378713944,1047.819641371192,NO
1083.9853350456754,1047.7420990717508,NO
1084.9935263032087,1047.699855869936,NO
1086.000609333833,1047.6892397289919,NO
1087.0064316641392,1047.7018046565765,NO
1088.0145724962895,1047.743725057933,NO
1089.0144206131768,1047.811422761604,NO
1090.0098385316921,1047.8975989618964,NO
1090.9972302267543,1048.0160777965552,NO
1093.059034149841,1048.711664790028,NO
1094.0115806256774,1048.8485610575374,NO
1095.005715643743,1048.9175314225608,NO
1095.9714076562873,1049.0859540762635,NO
1096.8943700201114,1049.3327524712267,NO
1097.9930149239333,1049.604179041567,NO
1099.9852276488568,1048.9664886469095,NO
1101.9984464696877,1047.9968626102077,NO
1104.0196558252335,1047.0444006877115,NO
1104.9130314731244,1046.7583595956955,NO
1106.96652220807,1045.8332839586649,NO
1108.993899893016,1044.9871309148646,NO
1109.8413370207425,1044.62888231506,NO
1110.9787672220493,1043.9594029303714,NO
1112.9755967762117,1042.9487742674376,NO
1114.995557436305,1041.9905362607005,NO
1115.9664000893742,1041.723825118183,NO
1118.0231518534194,1041.0644283000408,NO
1118.992183259316,1040.882048879523,NO
1119.9933511918562,1040.8304553935952,NO
1120.9881533377086,1040.7842215110236,NO
1121.9799241153141,1040.7232783600766,NO
1124.029500875133,1040.0772252828779,NO
1124.983762448236,1039.8759252786601,NO
1125.9789240007085,1039.7713029954407,NO
1126.9766808560269,1039.68703255175,NO
1129.0072106254293,1039.0179804607442,NO
1129.9910530943598,1038.80754634614,NO
1130.9965286952352,1038.7787043355631,NO
1131.9918238594917,1038.7547157682911,NO
1132.994665098794,1038.7279200455964,NO
1133.9942792209345,1038.7082402752683,NO
1134.9945217451327,1038.6895655721726,NO
1135.993549273169,1038.6710129402059,NO
1136.9924629504844,1038.6505549699039,NO
1138.1164855899394,1038.138581035224,NO
1138.616392157274,1037.8152255355449,NO
1139.9735770678903,1035.9733528284632,NO
1140.9751106756491,1034.9756459294454,NO
1141.963095249654,1033.9656766703965,NO
1143.9664470042567,1032.6741487942018,NO
1145.0,1032.6098039215685,NO
1146.9923973084524,1031.9829742546015,NO
1147.9747857363243,1031.7286077683498,NO
1148.9813831013896,1031.6609064939328,NO
1149.985581845921,1031.612986382614,NO
1150.9926583027827,1031.583970510651,NO
1152.0073444586458,1031.5838140297144,NO
1153.0070363010857,1031.60127629063,NO
1154.0,1031.6098039215685,NO
1156.001761865077,1031.004160443735,NO
1156.9830874447907,1030.7742737758454,NO
1157.9839524336867,1030.7177841705675,NO
1160.006752780019,1030.0153236164274,NO
1160.9005276804796,1029.7022835373577,NO
1161.9825455427294,1028.9815421087724,NO
1162.938380173778,1027.9576225992532,NO
1163.9700473730586,1025.976989797188,NO
1166.0086421859041,1025.0699605522566,NO
1166.999635442252,1024.990214502352,NO
1167.9995020359845,1024.9637197646884,NO
1168.9965045021074,1024.9314344670115,NO
1169.993383090182,1024.8794777155713,NO
1170.986758881592,1024.8174872959476,NO
1171.9759959496255,1024.739530527497,NO
1172.9543458799412,1024.6321688306825,NO
1174.0743082924816,1024.3684772124518,NO
1175.0352757425046,1024.1649467581658,NO
1175.9815843116126,1023.949053603382,NO
1176.7332215757904,1023.5926136739404,NO
1177.7200051770585,1022.7468540003197,NO
1178.4659427136328,1021.6172285815901,NO
1179.0031268174632,1021.0025277160009,NO
1179.974902150641,1019.9750435471178,NO
1180.9957091906467,1018.9950962177709,NO
1182.016924780234,1018.0173920292606,NO
1182.9924990844206,1016.9940250302734,NO
1183.7489395148034,1015.8909352138272,NO
1185.0172982250094,1014.0191755519455,NO
1185.6303958847589,1013.486032847162,NO
1187.9649179416447,1012.728911350221,NO
1190.0073830013068,1012.0184007103129,NO
1190.978394711252,1011.7941382763013,NO
1192.9468090309485,1010.9392562326162,NO
1193.9685207325606,1009.9637079912306,NO
1195.9818092232617,1008.8809110415605,NO
1196.9746050808835,1008.7687248388698,NO
1199.0221068991339,1008.0531670907093,NO
1199.9289087405207,1007.7838245381939,NO
1201.97413803495,1006.8859986031416,NO
1202.8345099843439,1006.6141665226141,NO
1203.929052488463,1005.9250944677447,NO
1204.915782192317,1004.9240409718888,NO
1205.6116339074965,1003.8160885998053,NO
1206.9259592886349,1001.9382528380651,NO
1207.945576252448,999.9740440591916,NO
1208.713758218013,997.9575291671599,NO
1209.7878541676027,996.6088237924354,NO
1210.9032898676162,995.897894601463,NO
1211.9058937018183,994.9058937018183,NO
1212.970042630132,992.9835823156202,NO
1213.9394014486495,991.9380529377064,NO
1214.9438965765512,990.9438965765513,NO
1215.935231521934,989.9383612747882,NO
1216.9232234384713,988.9271343127202,NO
1217.9109564504809,987.9149770093136,NO
1218.6352373592558,986.8133772558446,NO
1219.9563978732458,984.9608941560483,NO
1220.789511199702,982.9842291099791,NO
1221.0126653837492,982.0053398542768,NO
1221.778581649837,979.9728159655426,NO
1222.0115335911505,979.0046440046094,NO
1222.2705970252757,978.093417023126,NO
1222.5842340088473,976.9926629527511,NO
1222.6384116088047,975.9730581189818,NO
1222.7559647747726,974.9572565598176,NO
1224.83362563566,972.6324934052387,NO
1225.9818385474214,971.9646965536098,NO
1227.9209806624713,970.914498166786,NO
1228.7176852236857,969.8567357907867,NO
1229.032524499505,969.0148840931203,NO
1229.345139825139,968.1210741088381,NO
1229.6758074208221,966.9942789542151,NO
1229.6949513794502,965.994018654343,NO
1229.7478596413014,964.9812130706921,NO
1229.8491122839594,963.9810650709238,NO
1229.9476109630511,962.9953774378241,NO
1230.0086137871888,962.0002871262203,NO
1230.0621625372116,961.0047344367138,NO
1230.6763090718732,958.9097567825912,NO
1230.891035121989,957.977993368151,NO
1231.0809212407253,957.0218728540367,NO
1231.8895404856883,954.962855401093,NO
1232.8845292921892,953.8248731801518,NO
1234.8814647756928,952.7131781351873,NO
1235.98663604529,951.9822033378446,NO
1237.024172365383,951.0254426281867,NO
1237.436734643678,950.4768088357507,NO
1238.0019722462769,950.0015391868177,NO
1238.6851447423962,948.9035120953104,NO
1239.771538171668,946.8750999491439,NO
1240.8432017876216,945.7569144801371,NO
1241.9235089227625,944.9214046276346,NO
1242.9196431381386,943.9235261553916,NO
1243.8960644464814,942.9060142896644,NO
1244.7071575837292,940.9669418646225,NO
1244.980087657079,939.9904235131643,NO
1245.6666666666667,938.0,NO
1245.6491624888433,937.0130704168156,NO
1245.6126730913402,936.0144298257145,NO
1244.9900769956732,934.0040157318247,NO
1244.7673469387755,933.0,NO
1244.9900769956732,931.9959842681753,NO
1245.6236878742839,929.979339726167,NO
1245.6826701555249,928.978970228553,NO
1245.9537250384062,927.9795222700164,NO
1246.9374282403803,925.9659236705738,NO
1247.9124317063086,924.9124317063087,NO
1248.906597046613,923.9088268273013,NO
1249.9602453810987,921.9810438828706,NO
1250.7059986194859,919.9729057540594,NO
1250.799800848663,918.9774000954792,NO
1251.0225954964917,918.0091424125856,NO
1251.6098039215685,916.0,NO
1251.6193435630285,914.9932825331482,NO
1251.6586959678423,913.9812617391713,NO
1251.7148577102296,912.9780659780378,NO
1251.9716324521717,911.9873756987752,NO
1252.6184608046317,909.9925188391114,NO
1252.6586870477784,908.9812612494422,NO
1252.7139596812472,907.9837349627315,NO
1252.7689656562857,906.9831513411449,NO
1253.0009147223102,906.0003892843324,NO
1253.672323753098,903.9755849062872,NO
1253.7726925871718,902.9679203252439,NO
1254.018661818464,902.008649152185,NO
1254.989913781051,899.9951492125577,NO
1255.7463187088297,897.9738783618678,NO
1255.9950150511625,896.9978254956075,NO
1256.6396447716138,894.9929342110238,NO
1256.6587600331345,893.9939781179476,NO
1256.7297911967478,892.9716414537309,NO
1257.726860095078,890.8695107840481,NO
1258.7119549449612,888.8995654160639,NO
1259.0173019363708,888.0077322009938,NO
1259.9914601549087,885.9959922264889,NO
1260.6812438239199,883.9937498787374,NO
1260.3697356423536,882.8669298443007,NO
1260.0671909100986,881.9720699440203,NO
1259.8571482938898,881.0171422051192,NO
1259.7585440500754,880.0227252660666,NO
1259.0701131800395,877.9737622199684,NO
1258.9,877.0,NO
1259.7318432693216,874.8815562114628,NO
1260.9491902321672,872.9608109582898,NO
1261.9788241328317,870.988618538858,NO
1262.9428673596253,869.9398394065336,NO
1263.9558905848535,868.9536220990764,NO
1264.7500389289703,867.89465926454,NO
1265.0428304550574,867.0170969309532,NO
1265.675979466061,864.9752219577451,NO
1265.7913195513172,863.9706607686694,NO
1266.0271976867161,863.0116642202973,NO
1266.7142573554818,860.9837518893053,NO
1266.782138295669,859.9837671665921,NO
1266.8922492846655,858.9817855200752,NO
1267.7993116245236,856.9317432759924,NO
1268.0631400873374,856.0248097223706,NO
1268.824350188411,853.971130823571,NO
1269.048617967631,853.0193469427334,NO
1269.6879943124673,850.9816467241943,NO
1269.7461326435287,849.9855644056325,NO
1270.084727622037,848.0484447396328,NO
1271.9027332469213,846.7786606901335,NO
1273.0233426915295,846.0352696150184,NO
1273.7188955588124,845.6276279112726,NO
1274.4343699082451,844.6544382079907,NO
1274.802068948695,843.9604137903406,NO
1274.9056850422412,842.9981506870546,NO
1274.9156862745099,842.0,NO
1274.9258519912262,840.9985461174371,NO
1274.9655949045477,839.9978198751367,NO
1275.1189708004604,839.0376148690945,NO
1275.3687838503974,838.1097474950219,NO
1275.6538959678292,836.9828661366378,NO
1275.9412214289794,835.9727699264438,NO
1276.6462763414627,833.979886302344,NO
1276.7085019903843,832.9792199440371,NO
1276.9671223264227,831.9859854760938,NO
1277.5794844468337,829.9843337346135,NO
1277.6154627358042,828.9864280974178,NO
1277.6522212002192,827.9863616155932,NO
1277.6705882352942,827.0,NO
1276.9935538350994,825.0030793780802,NO
1276.6456461644293,824.1575873386702,NO
1275.648902751175,822.0783630582771,NO
1275.0326292163809,819.9964107861688,NO
1274.957413498505,819.0022545794666,NO
1274.9304454726664,817.999863618581,NO
1274.960574544504,816.9978354651607,NO
1275.045515532708,816.0058259879623,NO
1275.6916387012293,813.9183551073645,NO
1276.0006691743915,813.0003422162185,NO
1276.8145998831667,810.9838463268248,NO
1277.0139664475919,810.0053300525684,NO
1277.2177777777779,809.0,NO
1277.0235014458526,807.9915107020604,NO
1276.8405551495134,807.0107349004429,NO
1276.7652599344874,806.0230137320852,NO
1276.0047919190188,803.997758457784,NO
1275.7061552320322,803.0902408526498,NO
1275.062523989273,800.9972761826931,NO
1275.1005581828822,800.0131073810045,NO
1275.8217094897377,797.9397721115037,NO
1276.9536111712625,795.9676616330513,NO
1277.7204520905966,793.9835560052678,NO
1277.4704283001865,792.8343900480992,NO
1277.0805447554117,791.9609731584841,NO
1276.798565552957,791.0930798983585,NO
1275.6904457865835,789.141714079188,NO
1274.9691647913446,787.0039904385164,NO
1274.8739197392488,786.0074164859542,NO
1274.8411764705882,785.0,NO
1274.8411764705882,784.0,NO
1274.8624615888584,782.9934635209064,NO
1275.9936800742798,780.9922021842779,NO
1276.695102634061,780.4380817125962,NO
1277.9562888821686,779.8950694938475,NO
1279.0647481532717,779.1175164675432,NO
1279.8860204000907,778.8215470932183,NO
1280.7524088418766,777.8690323836943,NO
1281.065759293387,777.0414764298031,NO
1282.6167358748028,775.543344856228,NO
1283.7470356385468,774.7047108648222,NO
1284.9014402251398,773.8512089894762,NO
1285.9548444181241,772.9548444181241,NO
1286.9474060611753,771.9497808207894,NO
1287.9585213780724,770.9526044847959,NO
1289.8764470967276,769.7328843543635,NO
1290.9698194678413,768.9638927769056,NO
1291.9782719883622,767.9798490228467,NO
1292.8127469815893,766.9083561690529,NO
1293.8563075440438,764.9334666329195,NO
1294.4237021884464,763.6602688975867,NO
1294.9009025418113,762.9557461286516,NO
1295.7642322973263,760.9315841261222,NO
1296.5595095089757,758.7717346091017,NO
1296.965030446925,757.980746176158,NO
1297.8358021964996,756.8687386376721,NO
1298.7211228995884,755.7778737121757,NO
1299.3924344147208,754.6024319005693,NO
1299.9804184839588,753.986181921639,NO
1300.6943715788632,752.8717160170296,NO
1301.0129710777755,752.0061515194899,NO
1301.7883882200326,749.9819815719313,NO
1302.0077092918593,749.0029735841084,NO
1302.5857614543468,746.9926899076729,NO
1302.6044387337458,745.9922438965378,NO
1302.6233853597078,744.9933538589753,NO
1302.6807692674006,743.9728179783114,NO
1303.6585807032736,741.842518776268,NO
1304.0020909986881,741.0010309629961,NO
1304.7342846077413,738.9854117037678,NO
1305.5477270575057,736.6069628140701,NO
1306.719828215069,735.6179475916748,NO
1307.907520894782,734.8553531996504,NO
1308.7655887703697,733.88935333461,NO
1309.6424532571934,731.8962748342278,NO
1309.8600236487182,730.9757678417037,NO
1310.9726519281407,728.9785146925136,NO
1312.0142383500806,727.0070110746003,NO
1312.7138546759948,725.8761871149536,NO
1313.735358161123,723.8956519118541,NO
1314.7742854800006,721.9012498956647,NO
1315.962396049833,719.9681736089728,NO
1316.9338323571624,718.9418786177574,NO
1317.6446081604092,717.8481821264413,NO
1317.9931478045062,716.996798505785,NO
1318.975459427451,714.9867533685537,NO
1319.9491068145824,713.9437112622327,NO
1321.836540096422,712.6755320953494,NO
1322.1558441632556,712.1388022132188,NO
1322.7117647058824,711.0,NO
1322.7022941902246,710.0058373689714,NO
1322.7010776226984,708.9911211174452,NO
1323.7233104882764,706.8425547483843,NO
1325.0002182903472,705.000198613466,NO
1325.95710122261,703.9662900008913,NO
1326.7719532604146,701.9850979363517,NO
1326.7928132509892,701.0004143734891,NO
1326.7875897510328,700.0058886012075,NO
1326.7656609365704,699.0082707899498,NO
1326.7422147113355,697.9979581363488,NO
1326.977684971206,696.9903117877791,NO
1327.7270723802667,694.968340397028,NO
1328.7052515206049,692.8409959657015,NO
1329.8775801037064,691.7360016515864,NO
1330.980823052534,690.9767441465615,NO
1332.8233338211708,689.718391102782,NO
1333.6629666292736,687.9933915023624,NO
1333.672549019608,687.0,NO
1333.691962307736,685.9815177385561,NO
1333.960599853796,684.9817292694883,NO
1334.655121045537,682.9864753350182,NO
1334.7066081244764,681.9765286486423,NO
1334.97533045937,680.9881764473295,NO
1335.6940209367556,678.9880008209598,NO
1335.7442952431588,677.980055029853,NO
1335.989964624336,676.9955574203831,NO
1336.698174212821,674.9763273891966,NO
1336.7633866780443,673.9815441617079,NO
1336.9959813933071,672.9983055086873,NO
1337.5960784313725,671.0,NO
1339.0446932963334,668.0719431865244,NO
1339.8571981736277,667.7591551214321,NO
1340.9208783785623,666.9210951521169,NO
1341.642159578266,664.9992983521508,NO
1341.644135449986,663.9993022264089,NO
1341.654462676433,662.9939022822375,NO
1341.6832349175372,661.988198948149,NO
1341.730791891836,660.9852199468137,NO
1341.8006929357623,659.9832432250685,NO
1342.0171586761112,659.0066505139326,NO
1342.652648707775,656.9748000030278,NO
1342.727986661829,655.9741845482318,NO
1342.9855248850404,654.9933368514144,NO
1343.7330271034898,652.9767389956893,NO
1343.9821207277334,651.9924104311636,NO
1344.6157289780242,649.9864374942015,NO
1344.6633463122187,648.9808569477121,NO
1344.7098622905912,647.988053153931,NO
1344.730371124483,646.999471315958,NO
1344.7217364358844,646.0054561484583,NO
1344.6926588563845,645.0126552227248,NO
1344.6529404238067,644.01361017956,NO
1344.6231424003377,643.0066504285433,NO
1344.613725490196,642.0,NO
1344.6232747901722,640.9933519077481,NO
1344.6642176691,639.980906495455,NO
1344.7321268124942,638.9795155786015,NO
1344.8102965992803,637.981409066684,NO
1345.0300287621735,637.01255980139,NO
1345.681642393594,634.9931334635309,NO
1345.6921568627452,634.0,NO
1345.025115209744,631.9884189442934,NO
1343.9589791333176,630.040102916563,NO
1342.9550939992423,629.0487772049943,NO
1341.9558615873614,628.0377851568774,NO
1341.0480883567216,626.0047494673261,NO
1341.9105979986261,623.9554008245265,NO
1342.708673404554,622.7755204326513,NO
1343.949459546284,621.8264357954525,NO
1345.993584005869,620.9862308436288,NO
1348.0094364160918,620.0209300614454,NO
1348.9750213169839,619.7825768607029,NO
1349.9764607353186,619.692178864168,NO
1352.0059787343243,619.0144560445211,NO
1352.9126418375845,618.7142796867896,NO
1353.9998650756665,617.9998454967363,NO
1354.9816409664327,616.9860341865265,NO
1355.84086018831,614.9695333163571,NO
1356.9806290838815,612.9836876499022,NO
1357.9458304635443,611.9526104837247,NO
1358.9252991655023,610.929293857092,NO
1359.9170307292998,609.9209816423993,NO
1360.677093877822,608.8312081653813,NO
1361.7991924367348,606.9140065646852,NO
1362.0708186437882,606.0269577149242,NO
1362.832983908613,603.9659418169074,NO
1363.690326128008,601.8535590070521,NO
1363.9652195164851,600.9888058505878,NO
1364.1976455563818,600.0682453275093,NO
1364.5230938218278,599.1068290214074,NO
1364.3721636609505,597.8844724766723,NO
1364.1092660047095,596.9634279568521,NO
1363.93503041966,596.0068185892835,NO
1363.8624498810302,595.0053941223528,NO
1363.8392050895247,593.998407971228,NO
1364.8961524977863,591.9089699491124,NO
1365.765782686469,589.9652573716368,NO
1366.7357313435616,587.8900998099398,NO
1367.7005214055282,585.8936201488777,NO
1368.0145402304956,585.0066288616996,NO
1368.709915298481,582.982367399876,NO
1368.8096546811366,581.9717651245578,NO
1369.9699305319868,579.97242625737,NO
1370.9475447635696,578.9542269579716,NO
1371.6768325740006,577.0063366163613,NO
1371.6441355970344,576.019537653746,NO
1371.007817443025,573.9969847004404,NO
1370.788523211709,573.0180069337283,NO
1370.0443798092583,570.980329473309,NO
1369.8188671948833,570.0226416006395,NO
1369.7364499052737,569.0149861814289,NO
1369.702997616363,568.0005823575846,NO
1369.7205873402727,566.9840893889752,NO
1370.935405713228,564.931938784661,NO
1371.9974154044392,563.9949240955816,NO
1373.969836127283,562.9612320054354,NO
1374.9906067345894,561.9910662612637,NO
1375.7541369306336,560.9116970653201,NO
1376.727605214124,558.8817662896049,NO
1377.960279133688,556.9681827745874,NO
1378.7509421974444,554.9902330272779,NO
1378.7510857810657,554.0097613419917,NO
1378.705199233084,553.017341221648,NO
1378.655121297852,552.013524655087,NO
1378.616639088163,551.0142820728946,NO
1378.5878724768568,550.007272838987,NO
1378.578431372549,549.0,NO
1378.5881772376688,547.9927325391453,NO
1378.6431149634996,546.9727087897578,NO
1378.750284952223,545.9683529427839,NO
1379.0016415690397,545.0007337574559,NO
1379.7526746788633,542.9735533321734,NO
1379.980961304009,541.9922691353594,NO
1380.1858004260453,541.0003791845163,NO
1379.9899954017415,540.0038603603447,NO
1379.7788858825588,539.0192653880082,NO
1379.7053889889978,538.0179077287493,NO
1379.6616719504384,537.0066338834978,NO
1379.6751987391533,535.9859889651138,NO
1379.7232961641141,534.9802745781955,NO
1379.7457210956395,533.9896212690163,NO
1379.7296795434704,533.0139340445461,NO
1378.9984176599007,531.0007826628482,NO
1378.6697779952217,530.1476668423256,NO
1377.8542094840013,529.2404759652184,NO
1375.699699012333,527.1584921845622,NO
1374.7549848642516,525.0029110708529,NO
1374.8403173384443,523.974566674159,NO
1375.8727614310585,521.9280015889398,NO
1376.7372055070146,520.7677629964761,NO
1377.6984763291866,519.7081855006534,NO
1378.7042608875706,518.683904086542,NO
1379.8830790576117,517.8277664573229,NO
1380.9286216338367,516.9337926434508,NO
1381.6411025466555,515.8406371692419,NO
1381.997092195141,514.9985114057529,NO
1383.0117723822987,513.0055525354226,NO
1383.978254159866,510.9897374102072,NO
1384.9863600230956,508.99311560470306,NO
1385.6640746476805,507.86059697240955,NO
1385.9993875332743,506.9997109564529,NO
1386.7951832782935,504.9680485918833,NO
1387.0353553160705,504.0160085229518,NO
1387.9837701294432,501.99192864642595,NO
1388.977974327689,499.98999657902726,NO
1389.6980094249582,497.97631446465834,NO
1389.761211834717,496.9868900613462,NO
1389.815394247846,495.98986478210503,NO
1389.8611661502555,494.99455553526354,NO
1389.8892756611888,493.99804604098756,NO
1389.907985868136,492.99819580128894,NO
1389.9297726644693,491.99705045173386,NO
1390.0892886278843,491.0305139881606,NO
1390.3417045636695,490.11112957633526,NO
1390.640435652206,488.99365474650415,NO
1390.6490196078432,488.0,NO
1390.6607388294924,486.99268260235345,NO
1390.7053333836277,485.9820888913163,NO
1390.7775339407035,484.98105734620367,NO
1391.0065867337298,484.0027201648826,NO
1391.6402824605013,481.993652043121,NO
1391.6402824551224,481.0063479569739,NO
1391.015795634213,478.9934767775279,NO
1390.7183166139775,478.0921696495931,NO
1389.8311335190838,476.0281160137993,NO
1389.7145802781874,475.0218262152755,NO
1389.6523862229421,474.01295031692024,NO
1389.6313725490197,473.0,NO
1389.6518214966131,471.98702864425616,NO
1389.6898833749426,470.9878385636326,NO
1389.727759940845,469.98985772349334,NO
1389.7637927600992,468.9916632744141,NO
1389.8012726345273,467.9905555309316,NO
1390.0096535851821,467.00370988937715,NO
1390.595771872675,464.984940521054,NO
1390.657762242644,463.97382887587435,NO
1390.7496002352602,462.97372042202664,NO
1390.9996131601051,461.99982628396026,NO
1391.9804806989287,459.9896066058888,NO
1392.7149234690987,458.856384617444,NO
1393.972844647472,456.9764304993955,NO
1394.9411258797834,455.9485542946253,NO
1395.9031408829571,454.9195079996316,NO
1396.1678286894387,454.0749045929277,NO
1396.204444833928,452.91865705711143,NO
1395.968159754851,452.0143944442869,NO
1395.702704825931,451.02378361525876,NO
1395.6519860031597,450.0129652270687,NO
1395.0338022671724,447.9872936901674,NO
1394.8356336979998,447.01074076787285,NO
1394.7697002474604,446.0176111585594,NO
1394.0007182640948,443.9994856763929,NO
1393.4539053108265,443.47204795384613,NO
1393.0268035849351,442.97055860177113,NO
1391.9862151163607,442.01719742939,NO
1390.9472939166492,441.0616606199427,NO
1389.929176152622,440.06744681733335,NO
1388.7672359546987,438.00813860291584,NO
1388.7531609267476,437.0048399819547,NO
1388.7170366006872,436.0160900751876,NO
1388.6559900961206,435.0249575825115,NO
1388.5910919885557,434.0224498518959,NO
1388.5500005664812,433.0088235185344,NO
1388.5888350934458,431.96936418242126,NO
1388.7674906893487,430.9442165172577,NO
1389.987718718058,428.988715844704,NO
1391.809699785759,427.61348351758346,NO
1392.9179156884672,426.90897813750803,NO
1393.941646527073,425.9349431821683,NO
1394.9505476292134,424.95040793241355,NO
1395.9253487074884,423.937774900229,NO
1396.6517167117026,421.9870247405047,NO
1396.6913171442118,420.987289530307,NO
1396.7416240781959,419.9853080362386,NO
1396.8087177371267,418.9857475956289,NO
1396.9078751024251,417.987655263315,NO
1397.101852686013,417.0382758525123,NO
1397.3967575347453,416.122288287698,NO
1397.6778170055832,414.9936826862192,NO
1397.407562732846,413.8677123286756,NO
1397.0698359458345,412.9685114717891,NO
1396.786525783942,412.0975002463409,NO
1395.7684841226844,410.0466765898713,NO
1395.6171446414278,409.03603344581603,NO
1395.5549019607843,408.0,NO
1395.6013353590624,406.9702955747921,NO
1395.6997632640337,405.9664441294302,NO
1395.8262811675463,404.9731004811696,NO
1396.0515622953824,404.0216299464809,NO
1396.7478329291525,401.97979670405397,NO
1396.9868615306025,400.9945424818252,NO
1397.687255337514,398.97608423031755,NO
1397.7503575714318,397.98580464662416,NO
1397.7972133334245,396.99036261364705,NO
1398.0099556909634,396.00397408247863,NO
1398.629411764706,394.0,NO
1397.9761576805217,392.01109642506265,NO
1397.0124241191986,389.9943671999317,NO
1396.7832610100374,389.01213738342494,NO
1396.7995864697025,387.9865068123016,NO
1397.0244787214667,387.01085086207144,NO
1397.8596355101158,384.9740800190523,NO
1398.7424510133048,382.9094138024912,NO
1399.8691410343538,380.91381645054463,NO
1400.9152688444146,379.876137887628,NO
1401.9620301816383,378.96303600545707,NO
1402.7851336865601,377.8924378724622,NO
1403.6941473158065,375.90858784238833,NO
1403.8707408494438,374.98643418882864,NO
1403.9213406812883,373.99777529207597,NO
1403.9003296218311,373.00704740038634,NO
1403.8315974283882,372.0176739323864,NO
1403.6420610378593,371.11063568042516,NO
1402.8367232154264,369.0215525350532,NO
1402.7677382406266,367.9995445848093,NO
1402.8152180977465,366.9818913735349,NO
1403.0323954974906,366.0135296816251,NO
1403.29166697131,365.10594181270045,NO
1403.2175707133097,363.9047083286807,NO
1402.9315365131442,363.0534923563961,NO
1401.9806554966442,362.0168782711389,NO
1401.0173758926237,360.98520352581335,NO
1400.5076607126541,360.44439611400435,NO
1399.6006070796698,359.4460961100451,NO
1399.0236285825924,358.97300102796294,NO
1397.9895324130532,358.011930307086,NO
1396.9788848571582,357.01999645975445,NO
1395.8465961147126,355.01779485017784,NO
1395.7792740854472,354.00432795922177,NO
1395.7667027596356,353.00091489111185,NO
1395.7637346621048,352.00046326534425,NO
1395.7711476300053,350.9964101586697,NO
1395.823611767643,349.98325985800733,NO
1396.9640544336028,347.96305176734205,NO
1398.918765277645,346.76322076918564,NO
1400.989001420046,345.93265067365985,NO
1401.9781115290814,345.8075324152172,NO
1404.0220745733593,345.0508532793307,NO
1404.9045575675377,344.76278926944894,NO
1405.9811554365097,343.98004366355224,NO
1406.8345779867277,342.92309154736887,NO
1407.652520345172,340.9201064362571,NO
1407.8090273636706,339.9857706658427,NO
1407.8741949931402,338.9925997054512,NO
1407.94150106089,337.99564125537336,NO
1408.0439929035153,337.00642296365356,NO
1408.7150524711617,334.92632766732663,NO
1408.9103626417814,333.98367002608757,NO
1409.1124053131591,333.039474988093,NO
1409.3951438067536,332.1069008995808,NO
1409.6555969488504,330.9858186988305,NO
1409.685753989189,329.9932221450026,NO
1409.7061225529035,328.99423769696546,NO
1409.7156862745098,328.0,NO
1408.9590713130078,326.03383367478426,NO
1407.6767913327403,324.16984946268576,NO
1406.7738788468064,321.9897014124759,NO
1406.853121462514,320.98617613753197,NO
1406.9664466913266,319.9952826041381,NO
1407.5923165402482,317.90263611482305,NO
1407.760874038747,316.9770251513877,NO
1407.8121875097731,315.99668566178076,NO
1407.78566509431,315.015970052324,NO
1407.059319769598,312.9748623904648,NO
1406.8479344617053,312.01565823378377,NO
1406.8009963237866,310.9960979670313,NO
1406.8498762713493,309.9888143100448,NO
1406.904257108163,308.99605764589063,NO
1406.9057976588447,308.0035094989126,NO
1406.7439134489528,307.0837994931583,NO
1405.9842017293981,306.0167798193654,NO
1404.9026901640798,305.29946758855306,NO
1403.9915544651935,305.1218570072766,NO
1403.0199427419745,304.94148536401974,NO
1400.951869179683,304.2766138962101,NO
1398.813202338731,302.0179325760187,NO
1398.8003289208705,300.98864615464834,NO
1399.1428831207995,299.0696702822386,NO
1399.9786141017437,297.98448171352265,NO
1400.7582335832446,296.8696328096864,NO
1401.8451248318415,295.75690072450533,NO
1402.5767327035924,294.8146889444453,NO
1402.7501919616045,293.98248768406404,NO
1402.3884476224325,292.81921636419384,NO
1401.97559838189,292.02578973313445,NO
1400.90701935652,291.1599428514884,NO
1399.6668349054546,289.0267838593993,NO
1399.6485431771914,287.9793260691694,NO
1399.7175354469564,286.97729206631226,NO
1399.76362064698,285.99490162190125,NO
1399.7637677341063,285.0050952056314,NO
1399.7426313519695,284.0055510883741,NO
1399.7313725490196,283.0,NO
1399.7415696322623,281.99493273775533,NO
1399.7610778028227,280.99531525091356,NO
1399.7785256207387,279.99652589186513,NO
1399.786274509804,279.0,NO
1399.759272957478,278.01368840006614,NO
1399.6963734500264,277.0238138471013,NO
1399.635011619487,276.0135976060554,NO
1399.6490645774131,274.98004484908955,NO
1399.7891380794642,273.96158555171746,NO
1400.817626669427,271.90004538159906,NO
1401.7079550523822,270.67674411836197,NO
1402.9695658966914,269.8940805855148,NO
1404.9519263444286,268.943578223858,NO
1405.8119596857935,267.90254845348073,NO
1406.6168065233505,266.31207473962195,NO
1406.841736573655,265.93761107992316,NO
1407.6560048043423,263.8986915221646,NO
1407.8462847455041,262.9792032300837,NO
1407.9565156011229,261.99552239849214,NO
1408.1235872869122,261.03873251319555,NO
1408.3776011283305,260.1106690495727,NO
1408.656426569596,258.98652653204056,NO
1408.6853958330096,257.99321442006556,NO
1408.6853633729424,257.0067862800535,NO
1407.9659729103294,255.02717832640846,NO
1406.9724139212838,254.03541753264847,NO
1404.9774759093373,253.22974572303954,NO
1403.9861276558856,253.13217988911904,NO
1401.8805780068546,252.3094930374132,NO
1399.6900713555597,250.12008836424255,NO
1398.7691214550816,248.07627467151121,NO
1397.8537166595588,246.05440827960365,NO
1396.9851121399265,244.00285022156407,NO
1396.8576831168093,243.01339453029544,NO
1396.7874423504234,242.00791881423442,NO
1396.7876567357866,240.99208917267111,NO
1396.8737068495723,239.98177606305813,NO
1397.8554768664314,237.92412975195217,NO
1398.6771875882944,236.7081500555039,NO
1399.5613417436696,235.63694530010144,NO
1400.020851416415,235.0145474995425,NO
1400.3961135838495,234.14133179291477,NO
1400.7117647058824,233.0,NO
1400.6847345843676,232.01854502451818,NO
1400.062641740644,229.97774315150133,NO
1399.8920407255566,229.00342049169464,NO
1399.8707740838006,228.0025338415602,NO
1399.851315575855,227.00291538094163,NO
1399.8515566952979,225.9970893468907,NO
1399.8951132850166,224.9927306240165,NO
1400.0608094792542,224.02084896398733,NO
1400.2451727855384,222.9948922336346,NO
1400.02597359177,221.99003462160152,NO
1399.8185116090945,221.02264112690352,NO
1399.046324115285,218.97994777776674,NO
1398.8155956774951,218.0295046910442,NO
1398.0095383863827,215.99573648018662,NO
1397.0164372831878,213.99212198206502,NO
1396.0182108709625,211.99108240744044,NO
1394.9497614770346,210.04887148775845,NO
1393.8857641113898,209.24845560154455,NO
1393.0218175485845,208.95175264129526,NO
1390.994545817021,208.2781633246763,NO
1389.9949368783227,208.25821919880937,NO
1388.9880332880182,208.21796510831075,NO
1387.9845368278268,208.12595003424647,NO
1385.9039660628546,207.2028952346387,NO
1383.9836378430923,206.01968921214197,NO
1382.9646314162703,205.0344190931285,NO
1381.98608786883,204.01156941428675,NO
1380.8571081177286,202.03055732527682,NO
1380.7157808233744,201.0217344088736,NO
1380.6686274509805,200.0,NO
1380.7138515575696,198.97811805902697,NO
1380.8003537845764,197.98081830366164,NO
1380.9073957638268,196.98759103194067,NO
1381.7156802358963,194.9060701087716,NO
1382.4508000315475,192.73280058734593,NO
1382.8824329356414,191.95430799890605,NO
1383.6985063473016,189.92200490309068,NO
1383.839337559103,188.9911793168575,NO
1383.8666666666666,188.0,NO
1383.7691990382314,187.04725450825734,NO
1383.416459863753,186.26296872167572,NO
1383.2099723890642,185.908499428676,NO
1382.7489393648539,184.0937293055982,NO
1381.803763759356,182.08696833523027,NO
1381.0216847423785,180.9850432206543,NO
1380.609117544915,180.2404988959778,NO
1379.7165741107083,178.0427917505894,NO
1379.0870879465758,175.97185843145772,NO
1378.8703581814402,175.03209511002441,NO
1378.532576768531,174.2509609441508,NO
1377.8946847287248,173.06175421108443,NO
1377.0089275960852,171.9922110659918,NO
1376.4389042012715,171.5009016398767,NO
1376.0222338143005,170.97640005323285,NO
1374.9802781973144,170.0266941572903,NO
1372.9888783957279,169.02434729538606,NO
1370.9627677183155,168.2292963714861,NO
1368.9100121513936,167.13489671810427,NO
1367.8652251725086,166.0896235576412,NO
1366.7837151806307,164.02698206765848,NO
1366.7089121954725,162.99942923962874,NO
1366.7556061089538,161.98131105431636,NO
1367.1166946486255,160.06176312104176,NO
1368.0027723373826,159.0024864519494,NO
1368.9912391537896,157.99143492640368,NO
1369.965580238225,156.97147072063382,NO
1370.3071149505013,156.12349405290064,NO
1370.3364310188074,154.87260584239468,NO
1370.0380369989482,153.9828813084257,NO
1369.749463710572,153.082171304927,NO
1368.8744366100227,151.02214318658952,NO
1368.6689717978688,150.0908196076307,NO
1367.8924438822341,148.01803466254182,NO
1367.6821860249863,147.0985079506789,NO
1366.780119192817,145.08753548604983,NO
1365.7240930494322,143.14627228417396,NO
1364.9314785843221,142.06852141567788,NO
1363.862452336957,141.29022206172831,NO
1363.0104878258546,140.97650629347237,NO
1360.9745535690638,140.2162946702595,NO
1359.9860365300087,140.09067188369912,NO
1357.9352038613558,139.10995304141466,NO
1356.8160643889403,138.1796294355644,NO
1355.8580089875277,137.11937297616365,NO
1354.962098739466,136.0225419889079,NO
1354.5048116764988,135.2518630277502,NO
1353.748957269991,133.08256516450126,NO
1352.8033082138422,131.09811005721673,NO
1351.9724942818852,130.02531983424964,NO
1350.9961258974736,129.0033968213442,NO
1349.9224009661796,127.00978797071458,NO
1349.8556810018513,126.00282978435123,NO
1349.85535426824,124.9971638091072,NO
1349.8824142991007,123.99417892556778,NO
1349.8785959127317,123.00485616376231,NO
1349.729506455454,122.09873171401193,NO
1348.944224054768,121.07836620247595,NO
1347.814373384188,120.36010592457691,NO
1346.9848243223496,120.04733008211888,NO
1344.9168884896276,119.35760824132589,NO
1342.6587580821845,118.42235678798163,NO
1341.6220581755983,117.2664751138815,NO
1340.8573921144352,116.09470905751084,NO
1340.1973406207564,115.71940004646508,NO
1338.9897551127544,115.1801687118785,NO
1337.9946043245423,115.1310378411972,NO
1336.9942135868987,115.061480638683,NO
1336.003823325169,114.9645473490608,NO
1335.0217622516539,114.84887325076015,NO
1334.073452781504,114.68724403962857,NO
1332.9525372649175,114.39443167876674,NO
1331.9880534800614,114.30463625616315,NO
1330.9951041734034,114.277430160716,NO
1330.0048958265966,114.277430160716,NO
1329.0119465197604,114.3046362516173,NO
1328.0480326796985,114.39534589072206,NO
1326.9257375270852,114.70761093049933,NO
1325.9802247920195,114.8901377304848,NO
1325.0075901019818,115.04501106914903,NO
1324.0646616391346,115.23213775540168,NO
1321.992214634091,115.95085797580232,NO
1321.0043439907279,116.0568060293295,NO
1320.0021007105736,116.10713623645354,NO
1318.9960632825064,116.09560600258864,NO
1317.9971701071197,116.03798014003256,NO
1317.002420072745,115.96664224221078,NO
1316.0063040476118,115.90051424876508,NO
1315.0486051524667,115.78348613841096,NO
1314.0967951674984,115.57446651637886,NO
1312.9870377623706,115.36726342277362,NO
1311.992677686721,115.33948907710722,NO
1310.987347349303,115.30727868007993,NO
1309.994544145874,115.27824855316828,NO
1309.0,115.26862745098039,NO
1308.005455854126,115.27824855316828,NO
1307.0126575838456,115.30739848512421,NO
1306.0201396451898,115.35417997724865,NO
1304.9008556277274,115.59472565098292,NO
1303.9537411436536,115.82428807587102,NO
1302.9968936259004,115.96264955153703,NO
1302.002850599402,116.03825804334237,NO
1301.0061372585421,116.10433339482803,NO
1300.0092126826212,116.16201614727761,NO
1299.0173130934104,116.226401977739,NO
1298.0471605149162,116.33215930829454,NO
1296.923008651932,116.59955895899739,NO
1295.9734166266205,116.7443906427916,NO
1294.9881467692087,116.82728149049908,NO
1293.9926589889237,116.89600234218052,NO
1292.9975604185156,116.96637333797956,NO
1292.0028730571644,117.03855945014452,NO
1291.008885877991,117.11329494417184,NO
1290.0144815906501,117.1893746360789,NO
1289.0260468306149,117.27109964959821,NO
1288.0665719367132,117.41432272356388,NO
1286.9376148660172,117.74092460699197,NO
1285.9859547417473,117.89195955939533,NO
1284.99953691546,117.99497504029812,NO
1284.008088719588,118.08594264489732,NO
1283.0214147807326,118.18511081636156,NO
1282.0789257928927,118.35213045977117,NO
1279.9955020459338,118.96592458959987,NO
1279.008970895185,119.07888200761194,NO
1278.021740382555,119.18792534058665,NO
1277.0274766992575,119.29193992715273,NO
1276.0700977066106,119.43869095621665,NO
1274.942755522244,119.73904043461341,NO
1273.9872840786102,119.86894816092882,NO
1272.9967897659026,119.93936224417374,NO
1272.0013684030728,119.95393043019696,NO
1271.0393440426476,119.84294112505734,NO
1270.0112356462946,119.6761490195606,NO
1268.9564992177097,119.77801146448583,NO
1267.9965348715757,119.86539308331314,NO
1266.9964567079055,119.8937012300352,NO
1265.9973484733441,119.92882744094535,NO
1264.9987065650753,119.96701740966333,NO
1264.000770155207,120.01402782680273,NO
1263.0057628114464,120.07734299317336,NO
1262.0115527050727,120.1510738268831,NO
1261.0224233619247,120.23338599810803,NO
1260.0666912244635,120.36699227153537,NO
1258.9331881170867,120.68679894240353,NO
1257.9802837152606,120.82833235671407,NO
1256.9932386739183,120.92503747170187,NO
1256.000307598341,121.00423986880946,NO
1255.0036815226306,121.06705630420122,NO
1254.0001902189463,121.09701166765569,NO
1252.9970669856873,121.0787282805281,NO
1251.9984233540642,121.0423204970309,NO
1251.0,121.02352941176471,NO
1250.0048085500587,121.06288103561339,NO
1249.0401817551578,121.18790879676922,NO
1246.990417315046,121.96550233288488,NO
1246.0511734012214,122.17977272700244,NO
1243.992202364228,122.96550775596232,NO
1243.0223129541832,123.13232100517972,NO
1242.0808548914983,123.32909360835033,NO
1239.996146700561,123.97431133604056,NO
1239.0107524299742,124.0945472269575,NO
1238.0145504862317,124.19027557824757,NO
1237.0203475400276,124.26608320045257,NO
1236.026070163168,124.34091749875628,NO
1234.9168581960384,124.51569901096107,NO
1233.9477538132996,124.69881610823576,NO
1232.9874120749312,124.80134680778504,NO
1231.9882408756919,124.89096084925613,NO
1231.0055557521944,125.02982561756639,NO
1230.060216752862,125.21774195252308,NO
1227.98431452338,125.91057475920707,NO
1227.007858129157,126.05343527762341,NO
1226.0243107500726,126.18505197260193,NO
1223.9948407206186,126.98937010555844,NO
1223.146006562351,127.32013575762323,NO
1222.0439821745647,128.0559025760261,NO
1220.1167396394271,129.26174256447416,NO
1218.100613468789,130.2612419982114,NO
1216.0777667094665,131.2080660880757,NO
1214.0896985559211,132.17433511302616,NO
1212.9911298564332,132.9866869634137,NO
1212.219006603532,133.40075950225378,NO
1211.0313431511647,134.06835072459253,NO
1210.2400649662297,134.46912965420518,NO
1209.0363868447691,135.0806986947324,NO
1208.2319959852548,135.49034055020715,NO
1207.0400618035776,136.07929588460797,NO
1204.9931067162418,136.97231830980633,NO
1204.0811552134564,137.20583501169725,NO
1202.2370087856139,138.33321529113834,NO
1201.080298436827,139.13425897526,NO
1199.108766466482,140.23570588379974,NO
1197.0967723755105,141.22799774002578,NO
1195.060169407115,142.15631141423887,NO
1193.0032116644536,143.00910910668742,NO
1192.154783074953,143.3107598346582,NO
1190.2074228580784,144.4023241295921,NO
1189.0301869263428,145.06301694711027,NO
1188.2800944694047,145.495551753562,NO
1186.6756904493102,146.39291371907868,NO
1185.1482199811885,147.23962230292125,NO
1183.044349982802,148.2937466484219,NO
1180.998918525322,148.99815414320892,NO
1180.2943530160942,149.4415295083267,NO
1179.1265541194448,150.18676938042395,NO
1177.141216542475,151.3164658637685,NO
1175.0471299436283,152.16252283369565,NO
1172.9836166070631,152.93826638189765,NO
1172.0388382643018,153.14419262926918,NO
1169.9941457812276,153.98620837361406,NO
1169.1862632962175,154.30985856814334,NO
1168.055562668075,155.08844888762908,NO
1166.9796633468147,155.97288446309292,NO
1166.254298540039,156.3797524871846,NO
1165.0707738582023,157.12325146845882,NO
1163.0908075662726,158.20646297192246,NO
1161.0865612199677,159.18028472018736,NO
1159.1925015892514,160.28220334780698,NO
1158.0723192700364,161.1146659123907,NO
1156.111591034005,162.21401021008384,NO
1154.2338995873597,163.38585291956852,NO
1153.0788717892012,164.12466830345394,NO
1151.227259191389,165.36016524224573,NO
1150.0876959821878,166.13178894034573,NO
1148.2361056711957,167.39167061042195,NO
1147.08037584662,168.12634839894,NO
1145.1131474464073,169.2567108675476,NO
1143.132640689906,170.2302830579669,NO
1142.047134243516,171.0613751337294,NO
1140.161682240983,172.31155392984087,NO
1138.0835181750006,173.22554908450078,NO
1136.163078478168,174.26907948897704,NO
1135.0341637291929,175.0568949794685,NO
1134.3722977657453,175.56294300097215,NO
1133.149181268545,176.22805170429254,NO
1132.0543864955227,177.0743312872081,NO
1130.9857031043373,177.9793109754361,NO
1130.2384912854686,178.36992646273887,NO
1129.055599822408,179.11241361437854,NO
1127.9302517506517,179.8410820843309,NO
1127.0419951638307,180.09732528482206,NO
1125.0195579906408,181.04101147073348,NO
1124.2681661151134,181.44228342115045,NO
1123.1155689340924,182.1628181123555,NO
1122.0372111317022,183.0531405531691,NO
1120.9608591190402,183.94277333411918,NO
1120.201826905054,184.2768701698784,NO
1119.1669519117206,185.1723115163085,NO
1118.2185927812645,186.1931516638759,NO
1117.142611663642,187.20361317791102,NO
1115.1766146866078,188.33596628286676,NO
1114.0338551266182,189.0583917161193,NO
1113.3779811044496,189.57247622355914,NO
1112.139625395835,190.22872255235688,NO
1111.0166663342159,191.03001281596687,NO
1110.2330793939416,191.4335395293884,NO
1108.206803695594,192.47757369417195,NO
1106.1938657205123,193.37460511063318,NO
1105.032373216196,194.06146016671596,NO
1104.3132152417952,194.52789986308218,NO
1103.0988913396443,195.16773974080945,NO
1101.1278127040136,196.26540699314543,NO
1099.1451784058697,197.29651149898137,NO
1098.0215931371497,198.03315002758816,NO
1097.431174616626,198.5426853132841,NO
1096.218479979763,199.3251468579081,NO
1095.0588611736493,200.1057048587153,NO
1093.0799175406485,201.19724799506596,NO
1091.1215913665953,202.21021796372085,NO
1090.013045126909,203.02111833694386,NO
1089.2792115301554,203.45676836739818,NO
1088.106739857202,204.1655426573561,NO
1087.004200008328,205.0070602879579,NO
1086.2535162675729,205.41484480411717,NO
1085.0645162355438,206.11930709422697,NO
1083.1885659099992,207.2977356562118,NO
1082.0483391017708,208.08252786244995,NO
1080.1475977730477,209.24155247636523,NO
1079.0283729994342,210.04865525850576,NO
1078.3027481088527,210.5232108523814,NO
1077.1101515130288,211.17083378839513,NO
1076.0275980194654,212.03755889588032,NO
1074.983261089268,212.9809220266011,NO
1074.373579314389,213.4460310604201,NO
1073.1900802068988,214.27438998378938,NO
1072.068733992082,215.1026029140094,NO
1070.998024817744,215.99740835941816,NO
1070.4130158536598,216.46372274863916,NO
1069.372037663784,217.3842801932208,NO
1068.346854308984,218.35808339420169,NO
1067.3022413532683,219.33213336376986,NO
1066.285209703202,220.28717666401042,NO
1065.3835511114412,221.32493533961036,NO
1064.5236781307199,222.46644552094597,NO
1063.4305004703197,223.47786397568188,NO
1062.1963354154002,224.28713085088458,NO
1061.075233038393,225.1072954460344,NO
1060.0261590490725,226.0301325768385,NO
1058.9964863267576,226.99572270883374,NO
1058.3027156344751,227.47651002986856,NO
1057.1117384987301,228.17951431005525,NO
1056.029862455705,229.03999879585166,NO
1055.0065718135959,230.00627507830905,NO
1054.034932207573,231.0290159195028,NO
1053.0862321735292,232.07500939577315,NO
1052.0712798664572,233.08591869743836,NO
1050.1920780469559,234.35644334435028,NO
1049.026436924826,235.05549922543165,NO
1048.250070265661,235.4623695113223,NO
1047.066959436213,236.1133669714675,NO
1045.2628929093437,237.3555518955254,NO
1044.1745238412148,238.2106752139141,NO
1043.149977505114,239.15574587862616,NO
1042.120585000138,240.13761342604118,NO
1041.04907149737,241.06767050757693,NO
1039.1496890662365,242.27779506038712,NO
1038.0184954848974,243.03295087358615,NO
1037.3374932215595,243.48322893965235,NO
1036.2035217428888,244.24489096404926,NO
1035.1351351290532,245.15836496603512,NO
1034.0767582544493,246.0927545320401,NO
1033.0349031362214,247.04106548614135,NO
1032.0073579325378,248.00791701544122,NO
1031.0030623743255,249.00299815683255,NO
1030.0235897352984,250.02133146891117,NO
1029.0080701904049,251.00995737298268,NO
1028.4186955126647,251.5611089236753,NO
1027.2070561311114,252.29396857591567,NO
1026.0860829743738,253.121492984522,NO
1025.0172725371265,254.0223745790127,NO
1024.4429364070654,254.57003989666595,NO
1023.2110033726706,255.30932657957675,NO
1022.1015108294404,256.1378675485317,NO
1021.0472287119294,257.05727117965137,NO
1020.0022709987522,258.00281988050847,NO
1019.3748273190535,258.50249779762305,NO
1018.2112533261602,259.2822277696168,NO
1017.1274111854831,260.16060986794616,NO
1016.0604872896681,261.076577504052,NO
1015.0062628290596,262.0079197667011,NO
1014.4715089903085,262.52743437149843,NO
1013.4796203316356,263.46175735609916,NO
1012.5566147343201,264.4975952754549,NO
1011.5558833759377,265.55374120138623,NO
1010.4394640409673,266.4711521380866,NO
1009.328474207872,267.35870544162094,NO
1008.1290511284163,268.22693421060535,NO
1006.0994778504411,269.32705046217956,NO
1004.0564577731151,270.10117680443614,NO
1002.9950868122445,270.9945811432188,NO
1002.5594791527719,271.52183194670545,NO
1002.0066504855206,272.0058423251306,NO
1001.0142524980537,273.01496216614964,NO
1000.0260900553855,274.0224247862756,NO
999.0659036320361,275.0578086632882,NO
998.1089979968165,276.09351194767584,NO
997.1203898373167,277.12898910615235,NO
996.0509315411172,278.07020293086174,NO
994.9882433778944,278.98421791020013,NO
994.2844192918643,279.40085530416866,NO
993.1146448909594,280.1822442743153,NO
992.0147536803847,281.02310080785975,NO
991.3301523446828,281.49027240157113,NO
990.1216616264826,282.2019174012821,NO
988.1648962963665,283.3252692559137,NO
987.0353289132594,284.0548937822827,NO
986.4737839415228,284.61455345672334,NO
985.2878315560201,285.34791022517993,NO
984.1519387647091,286.2340845290117,NO
982.0342341657112,287.1464722091749,NO
981.2539167025191,287.48055307780817,NO
980.1368834410979,288.1594572139098,NO
979.0837627685614,289.10065376775106,NO
978.0096389724089,290.01487495700366,NO
977.2364763024246,290.43363768345404,NO
976.0355682581245,291.08265385518723,NO
974.0174616509217,292.0336298468053,NO
973.3012741676472,292.4539560918561,NO
972.1561597218451,293.20197402129673,NO
971.074204088649,294.10176199243756,NO
969.9992999821781,294.9989595625606,NO
969.2680183420816,295.4178649841463,NO
968.0929564668573,296.15295226208093,NO
966.1474248175867,297.28285815729777,NO
965.0462933164238,298.0583324450569,NO
964.0462043789631,299.04072744245656,NO
963.088822392998,300.07727783585517,NO
962.103056526024,301.1061191336844,NO
961.054320010633,302.072247406348,NO
959.1909141844892,303.29733870328516,NO
958.0832330450216,304.1151898814743,NO
957.0083883325716,305.0126619068048,NO
956.2473320645437,305.4444630679077,NO
955.0509498029073,306.09974982693234,NO
953.9376381985753,306.8791489767937,NO
953.081574930885,307.1545252011256,NO
951.2016991823716,308.3004030251852,NO
950.1319983550661,309.1520656700859,NO
949.1328954051204,310.12606996432163,NO
948.1702151723998,311.1507912167168,NO
947.1569824635135,312.1734258018122,NO
946.0436429759976,313.0798683724132,NO
944.0261907236672,314.056688365436,NO
943.2213816638712,314.45404014567487,NO
942.06649667531,315.09747411002894,NO
941.0225858541193,316.0254747433099,NO
940.0211109464577,317.0197275286831,NO
939.0470421313714,318.0418016876276,NO
938.0509776797559,319.05327850449055,NO
937.0301278095343,320.0346965462304,NO
935.1824700488548,321.33218907285743,NO
934.0471174851982,322.07321077088295,NO
932.9943951729787,322.9936341212567,NO
932.4891353742779,323.50805746205697,NO
931.4805463955528,324.49913622069465,NO
930.3173211385919,325.41822661285073,NO
929.1405956380142,326.215313795565,NO
927.5371503784312,327.36903987385153,NO
926.98089976714,327.97934509677003,NO
926.5125819413837,328.45823140601476,NO
926.0026770249721,329.00204481242736,NO
925.0767973188576,330.06114436065707,NO
924.1083262884838,331.1048873568361,NO
923.0948614944002,332.0996610351009,NO
922.0931693169189,333.09079389776724,NO
921.0982998225891,334.09555017068806,NO
920.0754713644328,335.08979273782523,NO
919.0131506080699,336.01828560732196,NO
918.3675919325117,336.5152778548374,NO
917.1797430773017,337.2501223308734,NO
916.0982581601714,338.13060936633633,NO
915.0158051971937,339.0248785522119,NO
914.3136566086471,339.50032053524546,NO
913.07056205872,340.14696258921623,NO
911.1221436450621,341.22659358126884,NO
909.1601688072839,342.30656388497147,NO
907.2049305567017,343.40609598495826,NO
906.0283076374312,344.058664695646,NO
905.2676063062961,344.4929590046383,NO
904.0642130251798,345.1157983870939,NO
902.9903181727426,345.98802232554254,NO
902.3977353932914,346.4570749588574,NO
901.3615958875093,347.33915200870837,NO
900.3879128433213,348.3638769179123,NO
899.3161997755896,349.35804975384366,NO
898.2160629934617,350.25707321111076,NO
897.1799797197018,351.19199744585285,NO
896.1503038794099,352.16872822722155,NO
895.075104792173,353.1086313673881,NO
893.2139159273693,354.29754559715576,NO
892.1768886524952,355.18204909134005,NO
891.1327962606678,356.15179800210984,NO
890.0599384899326,357.08232873609984,NO
888.223478966171,358.3520159073827,NO
887.1081729007748,359.14316448565967,NO
886.0603730160191,360.0729105468947,NO
884.9973128729627,360.99588942201314,NO
884.2332791267247,361.3932419510282,NO
883.0765300146323,362.1225676062697,NO
881.1813917369064,363.3050679250071,NO
880.0662134084864,364.0941291664059,NO
878.9944140487733,364.99193347654966,NO
878.234971734924,365.4024100443824,NO
876.6203050266199,366.33324339235196,NO
875.2474665671626,367.28893156926455,NO
874.2477923994403,368.2347101861409,NO
873.2301136141191,369.26026643566263,NO
872.1151236089025,370.17730387269336,NO
871.0031673639887,371.00574621973254,NO
870.2952578082804,371.4061406308322,NO
869.2409297366934,372.2492233531469,NO
868.1949535403749,373.2127665419052,NO
867.1100569610712,374.1489463452436,NO
865.1556873856306,375.3568564786407,NO
863.2076657134022,376.32288070879764,NO
862.1241977923022,377.1470096303001,NO
861.0557740774748,378.0742738534649,NO
859.1749890013394,379.32311921645885,NO
858.0337278973133,380.0596626047157,NO
857.3436657883661,380.56327656548245,NO
856.174145239077,381.21291045976864,NO
855.1376323426863,382.1541048775799,NO
854.0900396189337,383.1074304474836,NO
853.0462344969823,384.055358828087,NO
852.0143797454691,385.01588299229496,NO
850.9996455694877,385.99961863854764,NO
850.4322637316247,386.5606215161375,NO
849.1833320732337,387.28618647238295,NO
848.1007723327174,388.1211902516733,NO
847.0725858447711,389.0763894677127,NO
846.058278445563,390.0628196216138,NO
845.02182387525,391.0274366714194,NO
843.9644753642403,391.95077218458823,NO
843.1967271680097,392.2956992096883,NO
842.112572283496,393.13805316643015,NO
841.0969979173282,394.0999506641985,NO
840.070009721986,395.0816596932031,NO
839.013940685836,396.0185281966177,NO
838.3612999314681,396.5428060852541,NO
837.1067983641753,397.19951876513755,NO
835.2230392134326,398.32357766013564,NO
834.2758552317478,399.2264219743547,NO
833.4798897982635,400.3432272599056,NO
832.9831446657686,400.9855556460896,NO
831.9927164536082,401.99156587911534,NO
831.3492794951256,402.45686044028514,NO
830.1879313648153,403.2407767483502,NO
829.106496727599,404.1422338924013,NO
828.0220882272421,405.0360428829599,NO
827.2794476348598,405.50645392276743,NO
826.0993661382172,406.1462992196947,NO
825.0637797551899,407.0657842630767,NO
824.0739864110864,408.0706981257426,NO
823.0550216655118,409.06487380101413,NO
822.0037778735839,410.00491416421346,NO
821.3721668015273,410.4901126218066,NO
820.2447611152527,411.2866692133716,NO
819.228615132473,412.2293597930251,NO
818.181885414308,413.21240729051107,NO
817.0921328351219,414.12718511307486,NO
816.0161359223816,415.02307436793166,NO
815.3822026008276,415.524891567675,NO
814.197606747435,416.2609900371553,NO
813.1452329618797,417.157661773724,NO
812.1447748783048,418.1404852538842,NO
811.1587257636256,419.15538416860187,NO
810.1216527161836,420.1415701762627,NO
809.0877594857075,421.09422189292434,NO
808.088686435814,422.08430685288397,NO
807.0823696166333,423.0907259544467,NO
805.0657639531288,424.2973271731641,NO
802.9975411971267,424.99307196110436,NO
802.1417587404502,425.2762389120952,NO
800.2177171281064,426.42114835582646,NO
799.0209923713564,427.05369746487554,NO
796.9792003490273,427.9295680808305,NO
796.0736736263269,428.17657645903904,NO
795.0054285025358,429.00558427044626,NO
794.0720721625373,430.047664902447,NO
793.2082019254375,431.15630057585435,NO
792.3696207100817,432.2987512955404,NO
791.9605746459172,432.9682928378216,NO
791.0302608255715,434.02197814985715,NO
790.2834179150442,435.1265493909243,NO
789.0917394006977,437.0744255455161,NO
788.0914350401488,438.1001301930914,NO
787.0522671947018,439.0590975671108,NO
786.0380335125474,440.03833299018993,NO
785.0340042097654,441.036876502098,NO
783.9927404756985,441.990384810537,NO
783.2735072511655,442.42961580541845,NO
782.1733525545618,443.20307013989077,NO
781.2843012784458,444.1988033772098,NO
780.5278697097249,445.3919824484041,NO
779.9948905682943,445.99538024897487,NO
779.012932431964,447.01198774540285,NO
778.0498685403338,448.0403063694886,NO
777.1287023561092,449.10309664866475,NO
776.1483726711941,450.153002091659,NO
775.1361760107678,451.1412826072242,NO
774.1402314744792,452.1307868982689,NO
773.2153291128255,453.1655694332925,NO
772.3365049697087,454.27938222328675,NO
771.3536622429758,455.37818629483235,NO
770.295733016061,456.3364100528732,NO
769.1924058149111,457.24636462906375,NO
768.0762789487247,458.1135408756534,NO
766.2168615079404,459.3831219789932,NO
765.052141591267,460.0919175919746,NO
763.1941060520473,461.2854976287462,NO
762.0952414764236,462.1249014563481,NO
761.0141597895164,463.02231790692355,NO
760.2790116052914,463.48154289901834,NO
759.1045612064692,464.1558402542231,NO
758.0321870665813,465.04054864901684,NO
757.0040561419897,466.00425699631353,NO
755.9891055822284,466.987917669216,NO
755.4237688694816,467.4930971373874,NO
754.2352338060763,468.3264469331541,NO
753.0678511675559,469.1183700562722,NO
751.9789420698008,469.9705737718556,NO
751.2866384274635,470.3599907709056,NO
750.1984063724598,471.23957836651164,NO
749.1015800885868,472.141336739075,NO
748.0138102975498,473.02163779503724,NO
747.2936970810264,473.48189132124264,NO
746.0756065150383,474.1396798323058,NO
744.1756383108191,475.3221463619024,NO
743.0391870701243,476.06258447487596,NO
742.4518290395538,476.6065092492623,NO
741.2339806035039,477.3142816516012,NO
740.1427370618018,478.1792337558593,NO
739.0902305242366,479.1060352303016,NO
738.0497039960294,480.05800056504376,NO
737.023150436979,481.02478304836256,NO
736.0206549351399,482.0203195373695,NO
734.9993118673017,482.99910966713475,NO
734.2817456961501,483.46277068057134,NO
733.0873256331363,484.1497526308112,NO
731.176158917505,485.31289178173336,NO
730.0299576176543,486.05687418155486,NO
729.3029947539334,486.50909267181885,NO
728.1175106583395,487.1798341192576,NO
727.0131723517003,488.0216623438418,NO
726.3101963570685,488.4671278403737,NO
725.1602411471141,489.2202920671815,NO
724.0338613761625,490.0617472152317,NO
723.2836626426225,490.5377121508304,NO
722.0466950116717,491.10626754603277,NO
721.228759136051,491.5296863461859,NO
720.0430155138591,492.0763711145944,NO
718.9481668305805,492.9122131877198,NO
718.1198288256587,493.2113537146187,NO
716.1207557063383,494.26904120290715,NO
715.0307121672146,495.0369288291491,NO
714.0169180392274,496.0165457024957,NO
713.0525494611427,497.04415805662904,NO
712.0305867217766,498.04081572274686,NO
710.1887002619827,499.29214195139167,NO
709.0612991211971,500.0938433767305,NO
708.000205329723,501.00023980335516,NO
707.5100042553848,501.54923532102464,NO
706.3951561258656,502.43820817963893,NO
705.2379999881721,503.31749104405907,NO
704.0976969087159,504.1494743824788,NO
703.0104682071452,505.0152799082265,NO
702.4152593666608,505.50111466467905,NO
701.456629252911,506.39595821792625,NO
700.9840537211747,506.9868806525635,NO
700.02228324035,508.0209503021197,NO
699.0043425942116,509.0053628424079,NO
698.3711441196233,509.5068487932697,NO
697.3800665635417,510.34474196112683,NO
696.9665702989334,510.9728330774247,NO
694.9662113526737,512.9520566493474,NO
694.1502467612563,513.2924315188615,NO
693.0135442868079,514.0235355356781,NO
692.3714896867001,514.4597184674747,NO
691.3630727718443,515.3515058756697,NO
690.3412142192244,516.3653597339973,NO
689.2820339696544,517.3110136168215,NO
688.2192861161993,518.2482115638859,NO
687.1407705773049,519.1759632216313,NO
686.0647803892755,520.0843121665288,NO
685.0007242183045,521.0010222809703,NO
684.3173929682893,521.4508826351681,NO
683.1793100189458,522.2380435507182,NO
682.0688692665476,523.0994506442546,NO
681.0134435036543,524.0156609886155,NO
679.9748700503935,524.9691712895368,NO
679.3114003234232,525.393754141813,NO
678.1906216024089,526.236768348855,NO
677.0857562962022,527.1208522842178,NO
675.9997190847245,527.9995691970506,NO
675.2774844269636,528.4184090764749,NO
674.1265877718563,529.17722287281,NO
673.0326991370337,530.0509363085501,NO
671.9288080471297,530.8445470434077,NO
671.0441164177665,531.1065364554507,NO
670.4183504512979,531.6126941615114,NO
669.538184964502,532.3872415712943,NO
669.0271111773917,533.0175045995637,NO
668.0749404303721,534.076665676936,NO
667.0217072977779,535.030990022733,NO
666.3176769038024,535.5410806083559,NO
665.0936958334045,536.1587937491244,NO
664.0378999416748,537.0415409833015,NO
663.044304495189,538.0436742737662,NO
661.9999096430721,538.9998689824597,NO
661.2951996579455,539.4404022733322,NO
660.1120914313378,540.1795773982727,NO
659.017693516214,541.0256363336717,NO
658.335395363977,541.4970498693499,NO
657.155785237886,542.2130592189326,NO
656.1275962651104,543.13225731389,NO
655.1266481699187,544.1266481699187,NO
654.1096308414094,545.114418212252,NO
653.0792399687356,546.087994522569,NO
652.0525240500298,547.0581671301711,NO
651.025100269779,548.0300770470253,NO
649.1831409739159,549.2909169186115,NO
648.0926651274057,550.1158695814737,NO
647.0459230297718,551.0551076391466,NO
646.006761541083,552.0083104405055,NO
645.3457798401051,552.5238845576417,NO
644.1265829685796,553.2000010804801,NO
643.0874403169022,554.0882073337192,NO
642.1826147664415,555.1264255973529,NO
641.3521878047925,556.2612324091684,NO
640.2850894066453,557.3416880255847,NO
639.1033608192196,558.1718742735252,NO
638.0250845727148,559.0323696131547,NO
636.9939140988432,559.9934278973999,NO
636.5426779390257,560.5241424679936,NO
635.9999657599877,560.9999685912036,NO
634.9882449327404,561.9853609255695,NO
634.2965620874145,562.4411276695108,NO
633.0948455732837,563.1636819437963,NO
632.0011076210787,564.0016318950505,NO
631.3023981372869,564.4170574445698,NO
630.2714234972972,565.2583533303838,NO
629.2755010911903,566.3029044023478,NO
628.2269365221666,567.250824572887,NO
627.131906608003,568.1810436090802,NO
626.0436510934353,569.0574933526276,NO
625.0094528547811,570.0100915617977,NO
624.0007949745068,571.0008382384322,NO
622.9755076806252,571.969780247182,NO
622.261541131469,572.3804234714595,NO
621.0891957290299,573.1470143022224,NO
619.1326631475849,574.2722737248969,NO
617.2095133335457,575.3709087794736,NO
616.0636204530351,576.1005536738251,NO
614.1474430828104,577.2586955906685,NO
613.0382498277489,578.0568283158627,NO
611.9815753127782,578.9777236617889,NO
611.3614233306569,579.4341532805465,NO
610.1664098435654,580.2441776205882,NO
608.5554636023751,581.3486529107371,NO
607.1485212381565,582.2599956025033,NO
605.1965938959898,583.3985011383724,NO
603.2039069505842,584.3976453161575,NO
601.2091481993232,585.432621604046,NO
600.0297736321951,586.0606645980461,NO
599.2679505283603,586.4831332793773,NO
598.1139908195101,587.1552171473775,NO
597.0530315413547,588.0653528447968,NO
596.0470143332549,589.0425836659359,NO
595.0460365353523,590.0498401235819,NO
594.0175614252697,591.0211912964547,NO
593.429430983847,591.6164899518585,NO
592.1928661699928,592.2736717689402,NO
591.0930039568465,593.1292902093254,NO
590.0066274264422,594.0109315859422,NO
589.2354633404226,594.4156241384718,NO
588.0655810069649,595.1098013378188,NO
586.2349591204041,596.3264390989298,NO
585.1390140412765,597.1725691501334,NO
584.0672402487891,598.0885201926525,NO
583.0063817813008,599.0081659351995,NO
582.4648011627089,599.5188261702677,NO
581.3347776527929,600.379664043174,NO
580.188396674661,601.251538728294,NO
578.645958964454,602.3290824753628,NO
577.1195203216448,603.19275243491,NO
576.0473418594673,604.0570928695521,NO
575.0263558968544,605.0292133118372,NO
573.2313251150076,606.356858193646,NO
572.0801079156164,607.1265645492348,NO
570.9921988322268,607.9879929856096,NO
570.231972402387,608.3837501824167,NO
569.0754007753529,609.1204416978987,NO
567.1848228148173,610.3371826159381,NO
566.0410627432625,611.0693029211944,NO
564.9565240169335,611.934448127847,NO
564.1780045089549,612.256730581962,NO
563.0954096520618,613.1155116883962,NO
562.060406668038,614.070503968259,NO
560.9942376451199,614.9909096537609,NO
560.247702748086,615.3834151541946,NO
559.1398831533799,616.1653585701445,NO
558.1326601091797,617.1291690548367,NO
557.1302734799285,618.1379129725514,NO
556.0629158601745,619.0900816022761,NO
554.0846730922053,620.2016759080366,NO
552.1941405105679,621.2421302976186,NO
551.2719215683585,622.210769799944,NO
550.255720233274,623.2863886317749,NO
549.0791551403197,624.1456261926197,NO
547.128677565273,625.2231834887108,NO
546.0509956295465,626.0600081082076,NO
545.0341233026043,627.0380286895851,NO
543.9904220711251,627.9871942330216,NO
543.2896320374516,628.4045173783261,NO
542.1034912688465,629.1662486892784,NO
541.0239548058565,630.0328682223839,NO
539.9537306600937,630.9270368073747,NO
539.1205912867456,631.2239552533107,NO
537.2615827824734,632.3840012205137,NO
536.1644869869825,633.1987428154221,NO
535.0952883404593,634.1213947368698,NO
533.1704337741332,635.3705678073973,NO
531.1651373011729,636.360097256057,NO
530.0263351240046,637.042770548809,NO
529.4419680369508,637.5517502184506,NO
528.3416032893944,638.3692838279575,NO
527.2486415053546,639.3140481613448,NO
526.1156404964412,640.1663144219837,NO
525.0317547817123,641.0461162402751,NO
523.9420532354076,641.8928862838521,NO
523.0844921821449,642.1676787444942,NO
521.176348040202,643.290071394751,NO
520.0789472524012,644.0991311798502,NO
519.0486780055267,645.0526156995383,NO
518.0166042300367,646.0212563836242,NO
517.2939428709233,646.5725003054918,NO
515.6287896793134,647.3493840560714,NO
514.2700092564982,648.3264290936021,NO
513.1374452342642,649.1974028526456,NO
511.5344571448711,650.3358843731434,NO
510.97466988116736,650.9675529592134,NO
510.29699998617133,651.3471357593065,NO
509.2005147405393,652.2435317423336,NO
508.1167708902162,653.1524291220323,NO
507.0574633769817,654.0721196670129,NO
506.0203452672888,655.0228740570785,NO
505.00554570798096,656.0059827339292,NO
503.96869550317047,656.9564349936709,NO
503.1709717228797,657.3009102446454,NO
502.03264919020734,658.0590196888305,NO
501.27553919772777,658.5326106372908,NO
500.10763367074395,659.1510785397161,NO
499.1178173073381,660.1032594231102,NO
498.23372156400046,661.176483620697,NO
497.26085977050417,662.2708578638525,NO
496.122394520031,663.1835917734707,NO
495.01419300333106,664.0236195011796,NO
494.27550186962543,664.4486744787698,NO
493.1977522388938,665.211925600299,NO
492.3165739101086,666.2347842952182,NO
491.4740470575819,667.3963874792763,NO
490.31626073076285,668.4117843942021,NO
489.1792684450542,669.2281598375877,NO
488.16813216567243,670.1639998917047,NO
487.21396544373493,671.1953886048716,NO
486.1908631643434,672.215256731314,NO
485.13643029957535,673.1524547332624,NO
484.13728934133735,674.130374025497,NO
483.17260957894587,675.1533462474583,NO
482.23630408811215,676.2035631605771,NO
481.3028339333563,677.2653402201593,NO
480.4057345909425,678.343313857838,NO
479.49774154879935,679.4619970824792,NO
478.46649043724153,680.5007779457875,NO
477.3043894735664,681.3950326084065,NO
476.16475277628024,682.2300202140955,NO
475.09552398555826,683.1162208553727,NO
474.0560353629799,684.0649872495372,NO
473.00025520235806,685.0003694981085,NO
472.21215407953196,685.4283768770403,NO
470.19497745670265,686.3365236106398,NO
469.08868022819405,687.1050086443491,NO
468.2724159477844,688.1309692053192,NO
467.95053479671986,688.9679587083292,NO
466.2056895524283,690.3292837123023,NO
465.04371264442443,691.0811299605572,NO
464.3415160396555,691.6176745777095,NO
463.1737530686698,692.2082615213968,NO
462.2035588448052,693.1765377687341,NO
461.23161377713257,694.2316137771326,NO
460.1747719103016,695.2027592316334,NO
459.15797847455343,696.1579784745535,NO
458.19764088539915,697.1758444309564,NO
457.27319295863043,698.233440430613,NO
456.4236471892693,699.3334513565949,NO
455.9832292847814,699.986542523354,NO
455.0321612587011,701.0272627903466,NO
454.04636342732476,702.0473685974445,NO
453.0327786396868,703.0344483274209,NO
452.026236287218,704.0265842483566,NO
451.01811450547837,705.0198659078443,NO
449.98206764260215,705.9769519714705,NO
449.26787030308424,706.3869237617718,NO
448.1506111323258,707.1893245659173,NO
447.1184608281483,708.1249716540771,NO
446.1212916269601,709.1180903816146,NO
445.17544862409943,710.1430963921923,NO
444.34618632245355,711.2417728713456,NO
443.55605675202827,712.463057741314,NO
442.9996118837906,712.9996383462544,NO
442.00775340848713,714.0077534084871,NO
441.00488328733167,715.0048578203952,NO
440.0323421777069,716.0263028503634,NO
439.129262310525,717.0912053864226,NO
438.28150897519987,718.2072558950885,NO
437.51953893703416,719.3887940443516,NO
437.03252928030685,720.0205905429478,NO
436.21328507401006,721.1273222749895,NO
435.57393662826524,722.3688307332749,NO
435.03256191552225,723.0234026648458,NO
434.06737350884225,724.0669917878176,NO
433.0443452647963,725.0496076540232,NO
432.0272048984779,726.0276384428241,NO
431.0549115413388,727.0447927090777,NO
430.14280645936674,728.1066483056951,NO
429.22683791080954,729.1949544000728,NO
428.1662309924909,730.2219441109004,NO
427.03942502165773,731.0701765394623,NO
426.4128345918908,731.6316369296409,NO
425.3644170628768,732.3525768100617,NO
424.56991436094194,733.4353512473481,NO
423.9968765820737,733.9971701670479,NO
422.1245160547302,735.2780115508868,NO
420.2358611528609,736.3494802835663,NO
419.2352092832129,737.2094832531945,NO
418.3653986175875,738.3002546092413,NO
417.3716435867052,739.3839180285438,NO
416.21600033279145,740.2914955909589,NO
415.07419401004984,741.1187377471814,NO
413.9915843049746,741.9880264504295,NO
413.28824801779274,742.4015971529818,NO
412.2697978833572,743.2539014402872,NO
411.4349050661875,744.3329850952147,NO
410.9812282122402,744.984155496062,NO
410.002099434819,746.0022006124661,NO
409.4802483196606,746.572488082941,NO
408.2439226144924,747.330460444758,NO
407.1780514351884,748.194159491092,NO
406.24081198395567,749.2029955723319,NO
405.33602901059254,750.2977818000428,NO
404.2980245697379,751.336302961722,NO
403.1798260959999,752.2328895333013,NO
402.09892591201617,753.1279530776828,NO
401.034498789609,754.0448429259275,NO
400.00860418433746,755.0086041843374,NO
399.00857258891705,756.0092084680475,NO
397.9598210318177,756.9345656750274,NO
397.10134302373274,757.2266039810552,NO
395.12186580139917,758.2306075961674,NO
394.0309355906796,759.0389457002775,NO
393.0029899127345,760.0033958981871,NO
392.4252386404324,760.5685775255874,NO
391.2127025919748,761.3031012018406,NO
390.1477462082753,762.1663401216371,NO
389.1487502435174,763.140981422339,NO
388.14442054983425,764.1484697153599,NO
387.1019451540536,765.116326133719,NO
386.0896254654576,766.0873208098004,NO
385.12928671892007,767.1133074563445,NO
384.13470421400723,768.1467930534213,NO
383.0253967296204,769.0514829630731,NO
382.2120761155868,769.4593952196797,NO
381.05048425262004,770.0794938623538,NO
380.0110335550694,771.0107412752278,NO
379.03586917846013,772.0324932563245,NO
378.0111188637694,773.014695312734,NO
377.36508248529066,773.5203664376245,NO
376.11884446640494,774.2106556422611,NO
375.00466537209445,775.0079837629659,NO
374.2703751133731,775.4073813300765,NO
373.3044952521565,776.244734504127,NO
372.15061588753736,778.0988475358438,NO
371.1631705875263,779.1755437251718,NO
370.1074716375641,780.1255509829738,NO
369.08825586310076,781.0913167649874,NO
368.1216795001881,782.1042488229597,NO
367.21229822479745,783.1723000047523,NO
366.28089596428254,784.2536685752376,NO
365.3372352230865,785.3067825575292,NO
364.52478566046335,786.4077726423792,NO
364.01101950746335,787.0084187968604,NO
363.07829186087577,788.0621074980094,NO
362.1555948630357,789.1321768213713,NO
361.12801997966534,790.1588353998765,NO
360.0203809759092,791.0350846836285,NO
359.3470834327031,791.4760878779447,NO
358.31986857626725,792.3003511921817,NO
357.57587579318334,793.4113398703518,NO
357.03110616790934,794.0220584602635,NO
356.07935153516894,795.0728025769963,NO
355.0823428515374,796.0839967975694,NO
354.0581105924601,797.0664244774822,NO
353.0237099387322,798.0264352208952,NO
352.0504872164338,799.0414716413752,NO
351.041369336952,800.0505053321333,NO
349.9919608738677,800.9895694882114,NO
349.2707864929795,801.4469291900836,NO
348.05626968885605,802.1135486968094,NO
346.9727665948331,802.9690156534152,NO
346.43031865408733,803.37661951858,NO
345.99117216228314,803.9930440894382,NO
345.04634812622555,805.0391632821155,NO
344.0554022215335,806.0574224951812,NO
343.0331803143281,807.0372050047525,NO
342.0110911009147,808.0119338437461,NO
341.0003723315056,809.0003892556693,NO
340.549300869644,809.5687260278385,NO
339.9950268228846,809.9951297608208,NO
339.00515415652404,811.005034292319,NO
338.0019130750223,812.0019535099963,NO
337.0007268691389,813.000724971314,NO
336.0016644252701,814.0016557450903,NO
335.0058363123168,815.005553430104,NO
334.02003674764427,816.0191155172984,NO
333.0247290099011,817.0240908412796,NO
332.0372508046079,818.0343493580397,NO
331.0904189419463,819.0695699089208,NO
330.25020993137565,820.1623598935715,NO
329.5650663034524,821.4120467197833,NO
329.0210564404574,822.016338191149,NO
328.0548910373699,823.0529728029386,NO
327.03293335507783,824.038860402536,NO
326.0009475295957,825.0010221990557,NO
325.588284997405,825.5680380970591,NO
325.00800868818953,826.0071001811054,NO
324.0413672763385,827.0365784543405,NO
323.05374498124115,828.0523580126272,NO
322.0523566267411,829.0537435586427,NO
321.04928484397345,830.0481386838563,NO
320.07360326045597,831.063062992909,NO
319.15676329133294,832.1150349360432,NO
318.3458466037525,833.2513476887375,NO
317.02993926012783,835.0278250128337,NO
316.0128248099662,836.0144658146861,NO
315.0074675875219,837.0065858058556,NO
314.08454051427594,838.0587647962365,NO
313.18381523600954,839.141612753697,NO
312.1852944766942,840.1994607316598,NO
311.11208929579163,841.1448186681731,NO
310.06657574895274,842.0754896580677,NO
309.0612519795507,843.0598275137231,NO
308.07979760643957,844.0722451568531,NO
307.0969166912202,845.091978265051,NO
306.08642023270403,846.0957050517289,NO
305.0530833272688,847.0621187878512,NO
304.04283735373167,848.0408678190099,NO
303.0792937135196,849.0661731718362,NO
302.1097140885438,850.0988108277098,NO
301.11876611616276,851.115701181136,NO
300.1222605754179,852.1191054607093,NO
299.1333829402138,853.1265863627184,NO
298.1464468771844,854.1404000344837,NO
297.1764918602715,855.1638350785686,NO
296.2376479944547,856.2158890797394,NO
295.28147632778797,857.2743840265855,NO
294.22253942674706,858.2513005768907,NO
293.15447087617315,859.1737517091135,NO
292.1134454155198,860.1324065363991,NO
291.07550099622745,861.0883522305121,NO
290.0550596071719,862.0625956996141,NO
289.0266682554016,863.0294561330014,NO
288.0275520725766,864.0255394524625,NO
287.0528807205673,865.0477505010908,NO
286.0664023630869,866.0630188058954,NO
285.08322682237656,867.0749558358077,NO
284.11056850822877,868.0998417119916,NO
283.12204989984053,869.1161342216067,NO
282.1333715484503,870.1265755514264,NO
281.14118705732176,871.1375435167961,NO
280.14111236803376,872.1411123680338,NO
279.14111236803376,873.1411123680338,NO
278.14111236803376,874.1411123680338,NO
277.1411152104576,875.1411152104577,NO
276.14625065063746,876.1439565220169,NO
275.1555400237707,877.1526481842277,NO
274.16501508875416,878.1623355503067,NO
273.16829205940354,879.1682920594036,NO
272.16933839545163,880.1688725428938,NO
271.18656493774074,881.1788450043956,NO
270.2160570445454,882.2067308382345,NO
269.25356792875584,883.2413661800796,NO
268.32718168382485,884.2992704382342,NO
267.42118528270623,885.3964524815754,NO
266.5403782468088,886.5046835273049,NO
266.0025848132076,887.0022855861024,NO
265.0308219264763,888.0278317393946,NO
264.04276462379045,889.0415522247906,NO
263.04470841613636,890.0445916843331,NO
262.04252776681085,891.0436543313008,NO
261.04350854832745,892.04043606657,NO
260.0752437002012,893.0663588340853,NO
259.0974370930012,894.0857063360214,NO
258.1326760304762,895.1167027473803,NO
257.14118705732176,896.1375435167961,NO
256.1375386031046,897.141182013466,NO
255.13348937709324,898.1334893770933,NO
254.14118518230043,899.1375416901625,NO
253.1411104320142,900.1411104320142,NO
252.1411104320142,901.1411104320142,NO
251.1411104320142,902.1411104320142,NO
250.14112373864714,903.1411237386471,NO
249.1525888103575,904.1474027910341,NO
248.15912285976816,905.1591228597682,NO
247.15911237627816,906.1591123762781,NO
246.1660529868979,907.1629071930358,NO
245.18664308809792,908.1789199209429,NO
244.2283913932227,909.2132748370669,NO
243.36272297211886,910.3045978803111,NO
242.97762522368154,910.9827985816289,NO
242.03533311098843,912.0281917533266,NO
241.0859280404127,913.0683793538905,NO
240.16882080830135,914.1303034405278,NO
239.62811794543657,915.3412328710688,NO
239.0916229625528,916.0441836634527,NO
238.8402129606658,916.9417247279641,NO
238.5363373306519,917.9582703593425,NO
238.31475879684984,919.0598658892619,NO
238.07205041413837,920.023875530216,NO
237.84501090633364,920.951983768782,NO
237.11772116489297,923.0457035084638,NO
236.41165413591847,925.0910512248568,NO
236.13153910694322,926.0420409295805,NO
235.9017994769313,926.9659186413743,NO
235.18375721836847,929.0587302472767,NO
234.35422927234515,931.1175674711344,NO
234.02299564951974,932.0112272883616,NO
233.14976101457597,934.0543511392004,NO
232.90821863365306,934.9629275290795,NO
232.61531506694612,935.9441829702482,NO
232.5000000004902,937.0,NO
232.26261439652487,938.0746648780815,NO
231.98195957900285,938.9909797895015,NO
231.0962434647586,941.0371763972317,NO
230.4551525375249,943.0832711527103,NO
230.21369872030772,944.0527961532713,NO
230.03739497307984,945.0075523179632,NO
229.9049711050022,945.9932920780586,NO
229.86470588235295,947.0,NO
229.85583528443829,947.9974559166642,NO
229.82162316333432,948.9905565205136,NO
229.76452727523082,949.984301819052,NO
229.71939025801802,950.995048063143,NO
229.73665733372857,952.0123925963487,NO
229.81600834232856,953.0187599336747,NO
229.92422807803928,954.0093600609882,NO
230.02722719525423,954.9974374404251,NO
230.10382941811667,955.9938923871468,NO
230.15370590984134,956.9939723172162,NO
230.183989635175,957.9963923600005,NO
230.21220945977868,958.9920941575422,NO
230.27257945875272,959.9738109916345,NO
230.36345179541868,960.9650801195577,NO
230.44585041801264,961.9746477220529,NO
230.4891875869118,962.9904080862809,NO
230.5000000004902,964.0,NO
230.5000000004902,965.0,NO
230.5000000004902,966.0,NO
230.5000000004902,967.0,NO
230.5000000004902,968.0,NO
230.5000000004902,969.0,NO
230.50605070969164,970.0058111679643,NO
230.51176470542586,971.0,NO
230.50605128417521,971.9941888387943,NO
230.50626769059662,973.0058086152478,NO
230.53321987258698,974.0173898475292,NO
230.58990297693808,975.0281439127468,NO
230.65023726334215,976.0205742787037,NO
230.68443124893273,977.0049500983764,NO
230.6921568627451,978.0,NO
230.69315248382742,979.000601661765,NO
230.702430715524,980.0046677537841,NO
230.7359158365234,981.0124274903357,NO
230.79476394333858,982.0140848271174,NO
230.86176680146195,983.0094865918542,NO
230.9207146994327,984.0041974570436,NO
230.95667495418272,985.0008495107245,NO
230.96666666666667,986.0,NO
230.96666666666667,987.0,NO
230.96666666666667,988.0,NO
230.98501032160502,989.0005290474393,NO
231.03895050492216,989.9970978054198,NO
231.1041241265405,990.9938750513571,NO
231.15280552176887,991.9943072453837,NO
231.1810164933972,992.9968055911422,NO
231.19116864099178,993.999625159547,NO
231.2019595295284,994.9960400091217,NO
231.24650483537926,995.9811496291522,NO
231.32034800629546,996.974874666126,NO
231.38274115516623,997.9857410160789,NO
231.41212751858927,998.9927271610934,NO
231.42156862745097,1000.0,NO
231.42156862745097,1001.0,NO
231.43097864429853,1001.9915494381266,NO
231.45866561786565,1002.9820131128907,NO
231.4949999055002,1003.9873076948727,NO
231.5255900362007,1005.0120928030369,NO
231.55173068780857,1006.0114264726998,NO
230.98045311216723,1007.9856452542704,NO
