X,Y,is_wing_root
227.98673809040432,989.066869912273,NO
229.5257443354736,989.6264523230311,NO
230.71662023066582,992.0505638430452,NO
230.89250732104935,993.0223416148295,NO
231.07298219402344,993.984401844375,NO
231.25404347628333,994.9476969318081,NO
231.4286203986113,995.956297528098,NO
231.5000000004902,997.0,NO
231.5000000004902,998.0,NO
231.5000000004902,999.0,NO
231.5000000004902,1000.0,NO
231.5000000004902,1001.0,NO
231.5318351360717,1002.0238672292611,NO
231.64951170010028,1003.0487934717452,NO
231.83514958308004,1004.0362024427445,NO
232.04839093769223,1004.9850082970478,NO
232.27431417231875,1005.9370691017925,NO
232.5923690640965,1007.0647944564442,NO
232.9392730472317,1008.0303634763842,NO
233.19955550353234,1008.9260470759389,NO
233.96609110549173,1011.0169544472542,NO
234.23720430532657,1011.9246527483275,NO
234.99754246988437,1014.0012287650578,NO
235.28669081441691,1014.9269219486612,NO
236.06769822398002,1016.96615088801,NO
236.42557976477917,1017.9338947204471,NO
237.14825335927236,1019.9360475717365,NO
237.9300255704684,1022.0349872147658,NO
238.20460153716004,1022.8570726126114,NO
239.08769271958533,1023.9123072804147,NO
240.1195510293835,1024.854731596191,NO
241.28910062751783,1025.3676444394873,NO
242.0410017071167,1025.9187159140092,NO
243.14135388913863,1026.8260424824916,NO
244.66235805611467,1027.7792561529945,NO
246.18001574300803,1028.7616007780668,NO
248.08311311548988,1029.866480981328,NO
249.22508774167449,1030.665646382735,NO
251.11909606483,1031.7930272304566,NO
253.08502604919585,1032.812383840872,NO
254.7004910509576,1033.6157606547736,NO
256.26357190197706,1034.6133876900828,NO
258.0657798696806,1035.8856781692364,NO
259.2526945059048,1036.549659906027,NO
261.21937067896016,1037.568017957543,NO
262.92324018622736,1038.1526986727445,NO
263.97861360464316,1039.0245417671674,NO
265.05566633676136,1039.9138875820051,NO
266.1530366236458,1040.8310042446783,NO
267.1395072440819,1041.8185894813387,NO
268.2041377582847,1042.7444606488843,NO
269.3391500279442,1043.5326786472986,NO
270.016861061801,1043.9714430594656,NO
271.1228159329901,1044.8095589592876,NO
271.9456997630183,1045.088940038406,NO
273.0429448271613,1045.9179070390667,NO
274.200761636677,1046.663069588655,NO
275.00457552079206,1046.9905556556766,NO
275.95386198184974,1047.2619701147462,NO
277.09288973082664,1047.5406551706315,NO
278.0525594977811,1047.8656492816456,NO
278.9767947964612,1048.0867787076256,NO
279.9806762773028,1048.2649732319853,NO
282.04724574017376,1048.8681514249065,NO
282.98579092189294,1049.0717488138478,NO
285.12979233847915,1049.6613934843972,NO
286.01063690211424,1049.9748295093825,NO
286.95355476222693,1050.2153370037345,NO
288.08876012249874,1050.5194348217144,NO
289.0579719083708,1050.8323515080822,NO
289.98441501976214,1051.053244249073,NO
290.97569477879307,1051.2479132544547,NO
293.0900747012766,1051.7692168894976,NO
293.9937082941403,1052.0184926428217,NO
294.9707443769431,1052.2262285949287,NO
297.0449642439665,1052.8861842579158,NO
297.97213490236294,1053.1101643368963,NO
298.9646980578573,1053.313304725946,NO
300.0971121486899,1053.6510871930493,NO
301.02815451345595,1053.9173854099827,NO
301.98618172823416,1054.1051838565486,NO
303.0018091245701,1054.1776560239146,NO
304.1987217282731,1054.5307603231906,NO
305.03294436924597,1054.9222241180955,NO
305.97570918934184,1055.1423944126507,NO
308.0284304978088,1055.9510027576587,NO
310.06391591370726,1056.5888763426058,NO
311.0428871578757,1056.887833591499,NO
311.9534417430827,1057.1256333880056,NO
312.9518272022889,1057.409468794368,NO
314.06819034784814,1057.6687897361437,NO
315.02052951546807,1057.951302078049,NO
315.9413510627807,1058.1994063865457,NO
316.9651767605622,1058.4439963020025,NO
318.0612430384807,1058.632541769116,NO
319.0351696230883,1058.9050978452372,NO
319.95359400775226,1059.1392179723698,NO
320.9481070771834,1059.4009907924149,NO
322.06743050291294,1059.649086177327,NO
323.03790151692783,1059.8589067611658,NO
323.995836789421,1060.0283098315963,NO
324.98026240672476,1060.1597805163046,NO
325.97232686555907,1060.2714095884894,NO
326.9707057658176,1060.364391709033,NO
327.97961756944454,1060.4331266392078,NO
329.0,1060.4607843137255,NO
330.0180010146921,1060.4371675285392,NO
331.0173172733089,1060.403130011267,NO
331.95070663600785,1060.4613858955402,NO
333.0492199445116,1060.6547521786933,NO
334.0202040722502,1060.771020519065,NO
335.01502579837245,1060.8783625851258,NO
335.9971964182489,1061.0164347901923,NO
336.97208432269554,1061.1674940638268,NO
337.9642538008675,1061.3089925685367,NO
338.98913392227524,1061.3958356839094,NO
340.02014556388843,1061.3805273219934,NO
341.0269709603798,1061.3056708782076,NO
342.0198752327197,1061.2276617547498,NO
342.9536652683845,1061.2643805260416,NO
343.89178505275265,1061.4420798838291,NO
345.0203660460082,1061.6754161441681,NO
346.01938419243515,1061.7465144211872,NO
347.01784851102775,1061.8430561996659,NO
348.0056685904937,1061.9501554985043,NO
348.9970785303785,1062.040268903578,NO
349.9954931908743,1062.0999335920035,NO
350.9931287578659,1062.1460138919463,NO
351.9828131041719,1062.2083387008768,NO
354.0580620569656,1062.7448465546793,NO
355.01268978095635,1062.8972732022223,NO
355.99977895170633,1063.0023007065943,NO
356.99079535727174,1063.095803418666,NO
357.98318409974763,1063.1864371549718,NO
358.98055337106285,1063.2680481151722,NO
359.9781978153148,1063.3369428409612,NO
360.9734394515016,1063.4056520134304,NO
362.05375546273876,1063.53903500127,NO
363.0476512151132,1063.6966004947062,NO
364.02212610101907,1063.8263952041793,NO
365.0067615569472,1063.9452635868524,NO
365.9913540145505,1064.0658127230854,NO
366.9751417037022,1064.1892198616538,NO
367.96159835285863,1064.3108704755252,NO
368.96629695454527,1064.4192330223211,NO
369.9857906149462,1064.4831191080339,NO
371.0437105332925,1064.571300537751,NO
372.05225424424015,1064.7437532234871,NO
373.01668950973556,1064.916552450054,NO
373.9870866572779,1065.078402437786,NO
374.9719941009873,1065.2197385963161,NO
375.9679256866976,1065.3338346697903,NO
376.97372723418823,1065.4187222019991,NO
377.98334201689005,1065.471976218024,NO
379.0066544589507,1065.484824864992,NO
380.0161940922667,1065.4588326432981,NO
381.01068841074914,1065.4330944282485,NO
381.9634384167576,1065.4782650070294,NO
383.0535224469808,1065.6526288370255,NO
384.0252626834796,1065.77786261578,NO
385.0114105587009,1065.8734916317942,NO
386.0034430505158,1065.9537906393412,NO
386.9973252068317,1066.0317242904368,NO
387.9907554852474,1066.1122548282297,NO
388.99425753350147,1066.1722740065145,NO
389.9956719104118,1066.2006659758954,NO
390.9835614518339,1066.2436772962326,NO
391.92780693846476,1066.3648258923565,NO
393.06581371910795,1066.7114321607874,NO
394.0192517751902,1066.8831142223119,NO
394.99637386431834,1067.0249909349916,NO
395.97674052836174,1067.1603017632758,NO
396.96040282562836,1067.2926747644158,NO
397.9688033404801,1067.4079562933493,NO
399.01776096700235,1067.4313377985459,NO
400.0489087290897,1067.3005235094245,NO
401.0260019326536,1067.1086966022963,NO
401.98015448815767,1066.9156565724104,NO
402.95863981654065,1066.729568039694,NO
403.97422192092733,1066.6016115209243,NO
405.0059253971401,1066.5682924953403,NO
406.02506350813854,1066.6126548894713,NO
407.0341042834663,1066.671662676582,NO
408.014965551815,1066.9738930920946,NO
410.0071530545925,1067.8859981932833,NO
411.0,1067.9176470588236,NO
411.99821700246093,1067.9049380747995,NO
412.98471807707676,1068.0483765338747,NO
413.90866468287874,1068.2684704760622,NO
415.0208439417145,1068.5911380818557,NO
416.03249657269305,1068.6750342925354,NO
417.02839781880067,1068.7960156784031,NO
418.0104250947159,1068.9251155207328,NO
418.9925625684236,1069.0528004898522,NO
421.0704814426226,1069.7750848058715,NO
422.00489861914895,1069.9737021493704,NO
422.9773683390126,1070.1342110106152,NO
423.95586700352527,1070.2849092227514,NO
424.9622372756877,1070.418673682593,NO
425.98585479952385,1070.494106488551,NO
427.04257350620423,1070.5824521496068,NO
428.0438650895035,1070.7131898083794,NO
429.0162935860507,1070.8153393617747,NO
430.0031042789814,1070.8680681474682,NO
430.9926036340703,1070.8549174430273,NO
431.98751296089426,1070.800987815738,NO
432.99719099640686,1070.761234688132,NO
434.01309106177484,1070.7913612045206,NO
435.01432601550243,1070.8970948235863,NO
437.18491168497826,1071.587085130356,NO
438.0269873155906,1071.9180000800466,NO
438.9714831285398,1072.1275754751246,NO
439.9452598996187,1072.3136792174143,NO
440.9720088887959,1072.4604989100717,NO
442.0,1072.5000000004902,NO
443.04371047998353,1072.5713010605884,NO
444.05238972002826,1072.7430888710599,NO
445.0169529776255,1072.909937309181,NO
445.9900775227445,1073.0640564998628,NO
446.97642393468095,1073.1971113640366,NO
447.9732539005722,1073.303122454136,NO
448.98228081956285,1073.3765325755135,NO
450.0,1073.4039215686275,NO
451.0039125081951,1073.399075832186,NO
451.9683937287653,1073.446610354258,NO
453.07088597896234,1073.709518320739,NO
454.01860324291135,1073.930497175077,NO
454.9661175675371,1074.1339537996002,NO
455.94508542306494,1074.3374269110286,NO
456.9795973463002,1074.4729706049682,NO
458.0,1074.5000000004902,NO
459.03945118576195,1074.5626064187265,NO
460.05501383630076,1074.7449358590686,NO
461.01429609501355,1074.9421348522478,NO
461.97125956224824,1075.1344736041071,NO
462.9508072235842,1075.3136039419642,NO
463.9683619494967,1075.4482057193695,NO
464.99707757153357,1075.4968128550227,NO
466.0,1075.5000000004902,NO
467.0238248623758,1075.5326661787906,NO
468.05628814904463,1075.6810338220803,NO
469.029441448088,1075.887104218585,NO
469.980144474669,1076.0850951089335,NO
470.9520999314314,1076.2744835306846,NO
471.9616154443736,1076.4255678993363,NO
472.9932428422303,1076.492307207493,NO
474.0,1076.5000000004902,NO
475.0114355505395,1076.5139891174647,NO
476.05230075901807,1076.6243185111437,NO
477.04264134638936,1076.8125251185688,NO
478.0014143001176,1076.9931953482485,NO
478.9729093877227,1077.1625436736635,NO
479.9620115780212,1077.3075253194615,NO
480.96558945169323,1077.4178423955013,NO
481.9857914139857,1077.4830919406902,NO
483.0,1077.5000000004902,NO
484.02383810376426,1077.532406443873,NO
485.05427733618376,1077.670459031024,NO
486.03234867079726,1077.863654365275,NO
486.98779625048167,1078.0541209767719,NO
487.9539933209242,1078.239422500583,NO
488.95561113186005,1078.4042557719665,NO
489.99041770940954,1078.4886968073677,NO
491.0,1078.5000000004902,NO
492.0287802694428,1078.5413144591798,NO
493.05647811249696,1078.703053225183,NO
494.0230967893007,1078.9158616968616,NO
494.96670212546985,1079.1248670256366,NO
495.9451965554659,1079.3367440493034,NO
496.9795973463002,1079.4729706049682,NO
498.0,1079.5000000004902,NO
499.0,1079.5000000004902,NO
500.0,1079.5000000004902,NO
501.0220614346084,1079.5194443922196,NO
502.03767053890164,1079.5881354446292,NO
503.02697386583446,1079.6782403203592,NO
504.0227926313869,1079.7764568838952,NO
505.01440459230736,1079.895052254017,NO
505.9941857646633,1080.0348854120202,NO
506.97629642700036,1080.1752003205677,NO
507.98523537755887,1080.2788873157826,NO
508.9880292742684,1080.3277390512133,NO
509.9398938783021,1080.4216203027229,NO
511.0634270158844,1080.7110547024768,NO
512.0198956097888,1080.915443656132,NO
512.9722391630833,1081.1114805242328,NO
513.9451513995085,1081.3108087361181,NO
514.9720119827363,1081.4604480097646,NO
516.0,1081.5000000004902,NO
517.0238694958423,1081.531790676212,NO
518.0485835332305,1081.6460342510472,NO
519.0355170688808,1081.8009483025673,NO
520.0071271326732,1081.9596129148515,NO
520.9781215832456,1082.1199784225491,NO
521.9492159796511,1082.281520093344,NO
522.9616666052842,1082.4344451314473,NO
523.9970778552683,1082.4967646201067,NO
525.0,1082.5000000004902,NO
526.0,1082.5000000004902,NO
527.0,1082.5000000004902,NO
528.0178134855191,1082.5218485368337,NO
529.0358998773083,1082.5931347319533,NO
530.0313241815036,1082.6867582037275,NO
531.0220125225293,1082.7841079515574,NO
532.0113148037151,1082.8772223475132,NO
533.0029426136584,1082.969985340909,NO
533.992570881949,1083.0688881843437,NO
534.9826753056822,1083.1699152716342,NO
535.97558713549,1083.2649055406082,NO
536.983324421185,1083.3401817976749,NO
538.0042620440205,1083.3622737515302,NO
539.0195261235062,1083.3212362141333,NO
540.0230956651142,1083.2403834390557,NO
541.0127365742459,1083.1584305644517,NO
542.0,1083.1196078431371,NO
542.9852800387413,1083.1631995704774,NO
543.9621716524142,1083.2642802262037,NO
544.9529198444103,1083.3941504061513,NO
546.0475838971184,1083.5585271631332,NO
547.0423736902019,1083.6912773939878,NO
548.0238088968981,1083.813191728576,NO
549.0084133493099,1083.927274438224,NO
549.9968836782546,1084.031163215588,NO
550.9848167556851,1084.1335078349387,NO
551.9730718735348,1084.2409358678026,NO
552.9712936596176,1084.3404705419728,NO
553.969515636811,1084.4201898499437,NO
554.9830716018637,1084.4796379775914,NO
556.0,1084.5000000004902,NO
557.0,1084.5000000004902,NO
558.0,1084.5000000004902,NO
559.0,1084.5000000004902,NO
560.0067619502184,1084.5073436283865,NO
561.0173222176749,1084.5350352002913,NO
562.0250917376777,1084.5872004591695,NO
563.026187466334,1084.6575485368537,NO
564.0233380706765,1084.7412518251092,NO
565.0167259232869,1084.8359572904144,NO
566.0067735769575,1084.940439238438,NO
566.9936272000348,1085.0524214189293,NO
567.9792227755505,1085.1681965781552,NO
568.9691064347788,1085.281352117786,NO
569.9671143103204,1085.3811750508694,NO
570.9758355915956,1085.4564388303365,NO
571.9941924346465,1085.4936430683779,NO
573.0,1085.5000000004902,NO
574.0,1085.5000000004902,NO
575.0,1085.5000000004902,NO
576.0,1085.5000000004902,NO
577.0178224056007,1085.5216091030616,NO
578.0310846117903,1085.5828118029103,NO
579.0261906643123,1085.6575067171418,NO
580.0232683631248,1085.742024669704,NO
581.0188101336033,1085.852412795153,NO
582.0020507366943,1085.9870879544503,NO
582.9809014599979,1086.1281612601556,NO
583.9678770921342,1086.2600425863689,NO
584.9634896287454,1086.3724057840093,NO
585.9758504848503,1086.4561575132984,NO
586.9941924346465,1086.4936430683779,NO
588.0,1086.5000000004902,NO
589.0,1086.5000000004902,NO
590.0067626726046,1086.4927090026122,NO
591.0138309077433,1086.4702508790467,NO
592.0096105375143,1086.4455794756277,NO
592.9946892219021,1086.4461053818213,NO
594.0456831258418,1086.5276170388665,NO
595.0378499851079,1086.6444931173596,NO
596.0256421640212,1086.7485095445252,NO
597.0154375066322,1086.8456249429246,NO
598.0057259192005,1086.9427408114252,NO
598.9940392082368,1087.049032319212,NO
599.980073795686,1087.1639090995652,NO
600.9666703495403,1087.2786577308839,NO
601.9627960735859,1087.387224517397,NO
602.978932144787,1087.4671567817811,NO
603.9970771395117,1087.496886298736,NO
605.0,1087.5000000004902,NO
606.0,1087.5000000004902,NO
607.0,1087.5000000004902,NO
608.0,1087.5000000004902,NO
609.0178224056007,1087.5216091030616,NO
610.0310846117903,1087.5828118029103,NO
611.0261906643123,1087.6575067171418,NO
612.0233435065373,1087.7411915579557,NO
613.0165247357147,1087.8347526527514,NO
614.0069823366052,1087.9375264621015,NO
614.9943078456356,1088.0475901426253,NO
615.982712199937,1088.1574424681885,NO
616.9757185652921,1088.2579902415985,NO
617.9707621348961,1088.3467746722656,NO
618.9690966242852,1088.4259654277143,NO
619.9857874563118,1088.4832265016098,NO
621.0,1088.5000000004902,NO
622.0,1088.5000000004902,NO
623.0038893309596,1088.4958897262184,NO
624.0140010397715,1088.4760353681997,NO
625.012297674157,1088.4479866961883,NO
626.0067012046013,1088.4272017656785,NO
627.0,1088.4196078431373,NO
627.9932988346532,1088.4271992632052,NO
628.9903930219804,1088.4454144445083,NO
629.9861690922567,1088.4702508790467,NO
630.9932373273954,1088.4927090026122,NO
632.0,1088.5000000004902,NO
633.0,1088.5000000004902,NO
634.0029234253499,1088.4969823252181,NO
635.0057403667477,1088.4879311867273,NO
636.0110419467647,1088.4692827226397,NO
637.0249773025297,1088.4246141414205,NO
638.016230533525,1088.3762532743647,NO
639.010027557243,1088.3409369576987,NO
640.0142122661956,1088.3020106496172,NO
641.0052990564873,1088.2702518738008,NO
642.0058476956768,1088.2485270583934,NO
643.0053000641126,1088.2252527176522,NO
644.0,1088.213725490196,NO
645.0082235769377,1088.1906374639525,NO
646.0063969170079,1088.1482921658965,NO
647.0029122167507,1088.114248502938,NO
648.0043558271614,1088.0694209948663,NO
649.0007329825424,1088.0155758786632,NO
649.9976809330411,1087.9618476094367,NO
650.9920056934214,1087.8954590738283,NO
651.99358500191,1087.836417549924,NO
652.9832604975616,1087.7810988268484,NO
653.9819564353054,1087.7124306898274,NO
654.9954715919785,1087.6700731308222,NO
655.9867944413046,1087.6455349962075,NO
656.9955285940721,1087.6199304858603,NO
658.0,1087.613725490196,NO
658.9953879858111,1087.6079787833542,NO
660.0,1087.6019607843136,NO
660.9845287230938,1087.584718348254,NO
661.9767056377539,1087.543072142478,NO
662.9932393064204,1087.5074351834974,NO
664.0,1087.5000000004902,NO
665.0,1087.5000000004902,NO
666.0,1087.5000000004902,NO
667.0,1087.5000000004902,NO
668.0,1087.5000000004902,NO
669.0,1087.5000000004902,NO
670.0,1087.5000000004902,NO
671.0,1087.5000000004902,NO
672.0,1087.5000000004902,NO
673.0,1087.5000000004902,NO
674.0,1087.5000000004902,NO
675.0,1087.5000000004902,NO
676.0,1087.5000000004902,NO
677.0,1087.5000000004902,NO
678.0,1087.5000000004902,NO
679.0,1087.5000000004902,NO
680.0213443153056,1087.4732869837312,NO
681.0332219242558,1087.4034091026529,NO
682.0305148130975,1087.311251091264,NO
683.0269383273086,1087.1908131606228,NO
684.0085661352366,1087.074046253684,NO
684.9992202368396,1086.9875725247239,NO
685.9976613845049,1086.9372266354283,NO
687.0008982260983,1086.9236507795829,NO
688.0,1086.929411764706,NO
688.9991009465186,1086.9235804520195,NO
690.0007599524793,1086.9224848478405,NO
690.9966044068515,1086.9088551294153,NO
691.9971498044957,1086.878866694905,NO
693.0,1086.8666666666666,NO
693.9962840590217,1086.8542207774644,NO
695.002083903214,1086.8481727662745,NO
696.0,1086.8549019607842,NO
696.995983070763,1086.842412776585,NO
698.0,1086.8294117647058,NO
698.9869614809218,1086.7984956221785,NO
699.9794950310899,1086.7318581142802,NO
700.9836750726854,1086.6669714927193,NO
701.9651119379263,1086.6046019710502,NO
702.9760728208461,1086.5306591959104,NO
704.0,1086.5000000004902,NO
705.0,1086.5000000004902,NO
706.0,1086.5000000004902,NO
707.0,1086.5000000004902,NO
708.0,1086.5000000004902,NO
709.0,1086.5000000004902,NO
710.0,1086.5000000004902,NO
711.0,1086.5000000004902,NO
712.0,1086.5000000004902,NO
713.0,1086.5000000004902,NO
714.0,1086.5000000004902,NO
715.0,1086.5000000004902,NO
716.0,1086.5000000004902,NO
717.0,1086.5000000004902,NO
718.0095911899997,1086.489150677224,NO
719.0269320192886,1086.443075140461,NO
720.0362233669931,1086.3552676387383,NO
721.0268167035777,1086.2580475226587,NO
722.0082758461274,1086.1918491587953,NO
723.0003326026949,1086.1696273832615,NO
723.9979465839114,1086.1745403722482,NO
724.9909024028195,1086.2017293254494,NO
726.0,1086.2254901960785,NO
727.0046271647348,1086.2145321875175,NO
727.9979525998299,1086.2088348154075,NO
729.0020470616986,1086.2088002913076,NO
729.9975322881626,1086.2097555118473,NO
731.0020636255056,1086.210489799613,NO
732.0112801452169,1086.1692021858348,NO
733.0072196700589,1086.0995143661003,NO
733.9984137406017,1085.9894936062576,NO
734.9778925269025,1085.853573874956,NO
735.9796548305733,1085.7339477997132,NO
736.9737935440561,1085.657300211201,NO
737.9906198017155,1085.6013415855368,NO
739.0,1085.5882352941176,NO
739.9942569483351,1085.5815776656361,NO
741.0057442437103,1085.5814908166142,NO
741.9942554595391,1085.5814691962182,NO
742.9879706093221,1085.5617864875803,NO
744.0,1085.5470588235294,NO
744.9890806942922,1085.535929522117,NO
745.9885341755293,1085.5127024754265,NO
747.0,1085.5000000004902,NO
748.0,1085.5000000004902,NO
749.0,1085.5000000004902,NO
750.0,1085.5000000004902,NO
751.0,1085.5000000004902,NO
752.0,1085.5000000004902,NO
753.0,1085.5000000004902,NO
754.0,1085.5000000004902,NO
755.0,1085.5000000004902,NO
756.0095988698308,1085.4895423486066,NO
757.0092140814523,1085.4699181418114,NO
758.0105421526042,1085.4480414714885,NO
759.0139816824092,1085.4194505004175,NO
760.0,1085.4039215686275,NO
761.0106762097842,1085.3889190661512,NO
762.0158574133519,1085.3516208989445,NO
763.0098535363636,1085.3140814837345,NO
764.0196113234439,1085.2564557533713,NO
765.0122212425573,1085.1888737411775,NO
766.0063254699611,1085.134416233541,NO
767.004022006302,1085.0891836165256,NO
768.0,1085.0666666666666,NO
769.0007148623083,1085.060763297852,NO
770.0,1085.0549019607843,NO
770.9974532023463,1085.0721592714274,NO
772.001704163859,1085.0790112350717,NO
773.0013387038139,1085.0568949102892,NO
774.0,1085.0450980392156,NO
775.0009724120963,1085.0198372061718,NO
775.9985062263202,1084.9706990558504,NO
776.9946478710606,1084.9147004456643,NO
777.990808647469,1084.8535128201306,NO
778.9974332124838,1084.8129911957901,NO
779.9854854540143,1084.7756842981435,NO
780.982060821628,1084.7140943468298,NO
781.9954982619562,1084.6720162291977,NO
782.9809909690031,1084.6409405217448,NO
783.9849254157698,1084.5953664150375,NO
784.9835348471751,1084.558040625682,NO
785.9821529939487,1084.5209487751636,NO
787.0,1084.5000000004902,NO
788.0,1084.5000000004902,NO
789.0,1084.5000000004902,NO
790.0,1084.5000000004902,NO
791.0,1084.5000000004902,NO
792.0,1084.5000000004902,NO
793.0,1084.5000000004902,NO
794.0,1084.5000000004902,NO
795.0,1084.5000000004902,NO
796.0,1084.5000000004902,NO
797.0,1084.5000000004902,NO
798.0,1084.5000000004902,NO
799.0,1084.5000000004902,NO
800.0,1084.5000000004902,NO
801.0,1084.5000000004902,NO
802.0,1084.5000000004902,NO
803.0,1084.5000000004902,NO
804.0,1084.5000000004902,NO
805.0,1084.5000000004902,NO
806.0,1084.5000000004902,NO
807.0,1084.5000000004902,NO
808.0,1084.5000000004902,NO
809.0,1084.5000000004902,NO
810.0,1084.5000000004902,NO
811.0,1084.5000000004902,NO
812.0,1084.5000000004902,NO
813.0,1084.5000000004902,NO
814.0178224056007,1084.5216091030616,NO
815.0311753551595,1084.5815939314168,NO
816.0143959835237,1084.6329024228821,NO
817.0053465920153,1084.6591547810933,NO
818.0081532944114,1084.6801399894848,NO
819.006944410154,1084.7048625778023,NO
820.016086026855,1084.7513977765732,NO
821.0078483043947,1084.7998682394284,NO
821.9921520845784,1084.7998781582412,NO
822.9844334043624,1084.751907383878,NO
823.979955960695,1084.6902284956618,NO
825.004009419671,1084.6591993187599,NO
826.0123352755182,1084.6854504766297,NO
826.9994174721953,1084.7029108041252,NO
827.9964256411483,1084.6961794894003,NO
828.9962883016761,1084.68450563395,NO
830.0072646509586,1084.6912523440376,NO
831.0169274143176,1084.7383945162994,NO
832.0125001699721,1084.8007785425575,NO
833.0086000667432,1084.8629364373046,NO
834.0051858796149,1084.932184655088,NO
834.9989792827012,1085.0118310417722,NO
835.9904748743697,1085.0991390568374,NO
836.9919099422222,1085.171913723771,NO
838.0043660474236,1085.1855570096252,NO
839.0055145615356,1085.1562459200775,NO
840.0030044409926,1085.1276887381437,NO
840.9952870250459,1085.1335342988289,NO
841.9898974277046,1085.17766593165,NO
842.9906548644128,1085.226953307821,NO
843.983208342086,1085.2762498462932,NO
844.9809852712931,1085.3343969626733,NO
845.970445030501,1085.3966587880695,NO
846.9755129870842,1085.462532471171,NO
848.006680618364,1085.486730765095,NO
849.0196651334617,1085.455873545031,NO
850.0170731666564,1085.414634074753,NO
851.0068316759265,1085.3871282842283,NO
851.9931686632189,1085.3871090659952,NO
852.9928627005771,1085.4044469482087,NO
854.0,1085.4137254901962,NO
855.0,1085.4137254901962,NO
855.9967247508196,1085.4175942948063,NO
856.980978476924,1085.440953486203,NO
857.9830541672285,1085.4801319589533,NO
859.0,1085.5000000004902,NO
860.0,1085.5000000004902,NO
861.0,1085.5000000004902,NO
862.0,1085.5000000004902,NO
863.0,1085.5000000004902,NO
864.0,1085.5000000004902,NO
865.0,1085.5000000004902,NO
866.0,1085.5000000004902,NO
867.0,1085.5000000004902,NO
868.0,1085.5000000004902,NO
869.0,1085.5000000004902,NO
870.0,1085.5000000004902,NO
871.0029232915016,1085.4969595710024,NO
872.0094884127997,1085.4839090401613,NO
872.997191370629,1085.4774670081833,NO
873.9903985300373,1085.489674955327,NO
875.0,1085.5000000004902,NO
876.0,1085.5000000004902,NO
877.0,1085.5000000004902,NO
878.0,1085.5000000004902,NO
879.0,1085.5000000004902,NO
880.0,1085.5000000004902,NO
881.0,1085.5000000004902,NO
882.0,1085.5000000004902,NO
883.0,1085.5000000004902,NO
884.0,1085.5000000004902,NO
885.0,1085.5000000004902,NO
886.0,1085.5000000004902,NO
887.0,1085.5000000004902,NO
888.0,1085.5000000004902,NO
889.0178378766977,1085.5211938262373,NO
890.0221187403802,1085.566132416667,NO
891.0101491458211,1085.6018412036594,NO
892.0088006480904,1085.6259724680049,NO
893.0,1085.637254901961,NO
894.0133872371787,1085.65862545449,NO
895.0085068396376,1085.6901079882593,NO
895.9836768468416,1085.679815084789,NO
896.9901317422824,1085.64051347307,NO
898.0050372975683,1085.63299689253,NO
899.024088982276,1085.684990249882,NO
900.0228172843726,1085.7718271699414,NO
901.0061831483672,1085.8340312772823,NO
901.9962639049917,1085.841215967178,NO
903.0042711915269,1085.844406596201,NO
904.0088671540227,1085.9113284650846,NO
904.9992631910088,1086.0073680894704,NO
905.9836483733083,1086.1191332824867,NO
906.9617792740639,1086.2499047386807,NO
907.9579020129285,1086.3833923903662,NO
908.9795531883318,1086.4739942669562,NO
910.0,1086.5000000004902,NO
911.0,1086.5000000004902,NO
912.005810581919,1086.4938994764552,NO
913.0276247733176,1086.5227582076884,NO
914.0549684395896,1086.6600100377636,NO
915.0333116406925,1086.842158864357,NO
915.9933716802399,1087.0288926759451,NO
916.9555465173372,1087.2159169176678,NO
917.9541060391699,1087.3900986802253,NO
918.9867184726162,1087.4838270633156,NO
920.0,1087.5000000004902,NO
921.0,1087.5000000004902,NO
922.0,1087.5000000004902,NO
923.0177810816708,1087.5227183243612,NO
924.0507577228057,1087.6354022918097,NO
925.0382232035572,1087.8010833392061,NO
926.004745626094,1087.9773806618196,NO
926.9691411811798,1088.1542940964455,NO
927.955146037169,1088.3221904204413,NO
928.9687323227517,1088.4429587648763,NO
929.9941936119676,1088.4935429960883,NO
931.0,1088.5000000004902,NO
932.0,1088.5000000004902,NO
933.0,1088.5000000004902,NO
934.011442071909,1088.513711959272,NO
935.0453191503084,1088.6015040321151,NO
936.0424162792153,1088.7484616041565,NO
937.0168262298924,1088.904651363943,NO
937.990248552185,1089.0585086868898,NO
938.974091995181,1089.2001982316356,NO
939.9608974862258,1089.3216497092214,NO
940.9655215243607,1089.4288786177115,NO
941.990412402157,1089.488967477243,NO
943.0,1089.5000000004902,NO
944.0,1089.5000000004902,NO
945.0114356070466,1089.513986715917,NO
946.0522745011696,1089.6245071238484,NO
947.042639299135,1089.8157115055064,NO
947.9994900334585,1090.0023221691856,NO
948.9643985209455,1090.1834015521856,NO
949.9505632220797,1090.3501771931835,NO
950.9761350309412,1090.4681205291924,NO
952.0,1090.5000000004902,NO
953.0,1090.5000000004902,NO
954.0,1090.5000000004902,NO
955.0,1090.5000000004902,NO
956.0114356070466,1090.513986715917,NO
957.0525426108422,1090.622581265737,NO
958.0409961758586,1090.786652565767,NO
959.0095460941454,1090.9413432782392,NO
959.9847450056023,1091.091529966386,NO
960.9649859644204,1091.2380954390724,NO
961.9564348354698,1091.3703039110076,NO
962.9761076769898,1091.468657087449,NO
964.0,1091.5000000004902,NO
965.0,1091.5000000004902,NO
966.0,1091.5000000004902,NO
967.0067561134683,1091.5077688773183,NO
968.0424193547437,1091.5839640197044,NO
969.048591741402,1091.7445176502167,NO
970.0168146869552,1091.9047167739204,NO
970.9885708235336,1092.0640536240064,NO
971.9621836153522,1092.2216822631522,NO
972.956556291897,1092.3692715313418,NO
973.9761076769898,1092.468657087449,NO
975.0,1092.5000000004902,NO
976.0,1092.5000000004902,NO
977.0,1092.5000000004902,NO
978.0,1092.5000000004902,NO
979.0335643044576,1092.5495317182113,NO
980.0535142634386,1092.700084908187,NO
981.0255466506713,1092.8683960467179,NO
981.9926829405986,1093.0380785723726,NO
982.9588415283879,1093.2078299166003,NO
983.9513824962216,1093.3756807346197,NO
984.9840012044154,1093.4799638997388,NO
986.0,1093.5000000004902,NO
987.0,1093.5000000004902,NO
988.0,1093.5000000004902,NO
989.0067528583011,1093.5080060395064,NO
990.0534805259512,1093.6158441293903,NO
991.0449808749171,1093.8134939271347,NO
992.0004319454483,1093.9979411946965,NO
992.9659669016218,1094.1753220156586,NO
993.9482821401284,1094.3425468746768,NO
994.9761462836063,1094.4678998038453,NO
996.0,1094.5000000004902,NO
997.0,1094.5000000004902,NO
998.0,1094.5000000004902,NO
999.0,1094.5000000004902,NO
1000.0395278544447,1094.5617563963733,NO
1001.0526271686589,1094.7261239330458,NO
1002.0197964892203,1094.9122068728432,NO
1002.9783862648808,1095.0984196914765,NO
1003.9564766009428,1095.277461662189,NO
1004.9634410211498,1095.4143350853708,NO
1005.9867081608509,1095.484202706192,NO
1007.0,1095.5000000004902,NO
1008.0,1095.5000000004902,NO
1009.0,1095.5000000004902,NO
1010.0,1095.5000000004902,NO
1011.0475066837338,1095.5822688248413,NO
1012.0526949844343,1095.7832706336824,NO
1013.0061743216116,1095.972378035428,NO
1013.9692616116116,1096.1552136521343,NO
1014.9469480040567,1096.325982136514,NO
1015.9728125674662,1096.462186351349,NO
1017.0,1096.5000000004902,NO
1018.0,1096.5000000004902,NO
1019.0,1096.5000000004902,NO
1020.0,1096.5000000004902,NO
1021.0394448709122,1096.56267643119,NO
1022.0554562266881,1096.745201113061,NO
1023.0151806253573,1096.9326772258717,NO
1023.9763376188441,1097.1160366776705,NO
1024.948147733732,1097.2906006025164,NO
1025.9653477889271,1097.4418156903541,NO
1026.9970776940804,1097.4967920220738,NO
1028.0,1097.5000000004902,NO
1029.0,1097.5000000004902,NO
1030.0,1097.5000000004902,NO
1031.0,1097.5000000004902,NO
1032.0395733765188,1097.5612516951187,NO
1033.051177551709,1097.7131807646535,NO
1034.0228177334902,1097.8706995102223,NO
1034.9965259355993,1098.0218737383059,NO
1035.9741743181173,1098.166722759386,NO
1036.9534484212716,1098.3083286478652,NO
1037.9657283182762,1098.4369639411623,NO
1038.9941940995132,1098.4935015547032,NO
1040.0,1098.5000000004902,NO
1041.0,1098.5000000004902,NO
1042.0114350007655,1098.514012482859,NO
1043.0529647251476,1098.6248331794636,NO
1044.0415566977122,1098.7981531807857,NO
1045.006869601385,1098.9606348696595,NO
1045.983016766895,1099.11104421298,NO
1046.9669470838596,1099.247896865463,NO
1047.9563626552178,1099.3709174431701,NO
1048.9761076769898,1099.468657087449,NO
1050.0,1099.5000000004902,NO
1051.0,1099.5000000004902,NO
1052.0,1099.5000000004902,NO
1053.0288196306149,1099.5406871405037,NO
1054.0531760369213,1099.6809437784727,NO
1055.029903979846,1099.8533554823748,NO
1055.9961727196517,1100.0209883130028,NO
1056.9686755721116,1100.1815392999856,NO
1057.949481791589,1100.334601130991,NO
1058.9719713823272,1100.4611159519548,NO
1060.0,1100.5000000004902,NO
1061.0,1100.5000000004902,NO
1062.0,1100.5000000004902,NO
1063.0,1100.5000000004902,NO
1064.0335912994137,1100.5491694174966,NO
1065.05196265719,1100.6882240568598,NO
1066.0250024146555,1100.8228995546394,NO
1067.0066433510385,1100.9405594908487,NO
1067.9936207050614,1101.0524748453233,NO
1068.9792062591962,1101.1683302819758,NO
1069.9660091952032,1101.284185414636,NO
1070.9614310519805,1101.393403266854,NO
1071.9795431418709,1101.4742271621828,NO
1073.0,1101.5000000004902,NO
1074.0,1101.5000000004902,NO
1075.011448060158,1101.513457458698,NO
1076.037676097983,1101.582286739754,NO
1077.0393214644478,1101.6961523010846,NO
1078.021765188872,1101.8086164469821,NO
1079.0093572438461,1101.9177207887203,NO
1079.9963152357975,1102.0303101570696,NO
1080.97960379462,1102.150754560124,NO
1081.956445938914,1102.281171791695,NO
1082.9593385887035,1102.4147463921192,NO
1083.9904156660743,1102.4888010174595,NO
1085.0,1102.5000000004902,NO
1086.0475056528323,1102.5822778896645,NO
1087.0525106582027,1102.7840287496176,NO
1088.00510134628,1102.978498458225,NO
1088.967032635297,1103.1664688796347,NO
1089.949834224803,1103.336638767424,NO
1090.9727919189133,1103.4625373767476,NO
1092.0,1103.5000000004902,NO
1093.0,1103.5000000004902,NO
1094.0,1103.5000000004902,NO
1095.0,1103.5000000004902,NO
1096.043702468933,1103.5713796305079,NO
1097.0524375729437,1103.7453032149165,NO
1098.0162905902996,1103.9193378524753,NO
1098.986639933147,1104.0801604011185,NO
1099.9932580521547,1104.1910218677222,NO
1101.015593970269,1104.1500551842498,NO
1102.0038939633168,1104.024218553915,NO
1102.9842026340878,1103.88652596908,NO
1103.9724824238526,1103.762136206366,NO
1104.9544633194091,1103.6481256278703,NO
1105.9711164649018,1103.53966866281,NO
1107.0,1103.5000000004902,NO
1108.0,1103.5000000004902,NO
1109.0,1103.5000000004902,NO
1110.0,1103.5000000004902,NO
1111.0,1103.5000000004902,NO
1112.0,1103.5000000004902,NO
1113.0,1103.5000000004902,NO
1114.0,1103.5000000004902,NO
1115.0238559594136,1103.467943801544,NO
1116.0511004744042,1103.3429110912894,NO
1117.035010485938,1103.1608589942193,NO
1117.992794607253,1102.9696301633635,NO
1118.948105080115,1102.7757083992592,NO
1119.9524376382024,1102.581779241877,NO
1121.0,1102.5000000004902,NO
1122.0,1102.5000000004902,NO
1123.0,1102.5000000004902,NO
1124.0,1102.5000000004902,NO
1125.0,1102.5000000004902,NO
1126.0058033548514,1102.4932851756985,NO
1127.047576823584,1102.4044030141156,NO
1128.0484339645272,1102.2205475277387,NO
1129.0081155170535,1102.0376264868012,NO
1129.9730833101414,1101.8599233562866,NO
1130.9533482264578,1101.6949691825434,NO
1131.9666281058712,1101.5635983326317,NO
1132.99324157736,1101.5076006376792,NO
1134.0,1101.5000000004902,NO
1135.0,1101.5000000004902,NO
1136.0,1101.5000000004902,NO
1137.0,1101.5000000004902,NO
1138.0,1101.5000000004902,NO
1139.0,1101.5000000004902,NO
1140.0,1101.5000000004902,NO
1141.0351182677318,1101.4477579127445,NO
1142.0519515410938,1101.3010827982862,NO
1143.0257363865244,1101.1353150209163,NO
1143.993009722124,1100.9647025554866,NO
1144.9598697165538,1100.7932682442095,NO
1145.952207981927,1100.6306980189584,NO
1147.0643608113046,1100.7475075885113,NO
1147.989249292393,1101.0215014152143,NO
1150.0633036965214,1101.8235798533626,NO
1150.9733225002146,1102.0657271738742,NO
1151.9634691001006,1102.345848614398,NO
1153.0577704715295,1102.5079193767651,NO
1154.0161691117876,1102.5791661025414,NO
1155.0768379934977,1102.4516090886352,NO
1156.0364702530521,1102.2859731158178,NO
1157.0177409734104,1102.173998008899,NO
1158.007596854075,1102.0774879109854,NO
1158.997302688248,1101.9758661580652,NO
1159.9825673098826,1101.863220428858,NO
1160.954255794247,1101.726920966038,NO
1162.093394340134,1101.400890796854,NO
1163.0363023509178,1101.198266682779,NO
1164.0077624940898,1101.058218704361,NO
1164.9934720392473,1100.9415919302462,NO
1165.9834431364427,1100.8376153762276,NO
1166.972814886395,1100.7384073997537,NO
1168.124050667301,1100.3824537934759,NO
1169.0340414369314,1100.095276894869,NO
1169.9811060707254,1099.8906311385601,NO
1170.8919158944323,1099.6720838106023,NO
1172.9750765528802,1098.860428696129,NO
1173.9626522011508,1098.7114033543958,NO
1175.104494377059,1098.4061726983537,NO
1176.045121007346,1098.1832692679325,NO
1177.0037782675945,1098.0554693451597,NO
1177.9971260698474,1097.9718133772756,NO
1178.9801550748782,1097.8594317738657,NO
1179.9478597382536,1097.7130829040716,NO
1181.0759850947775,1097.4308910597606,NO
1182.0291032807017,1097.2828386933038,NO
1183.0194194111343,1097.1737526255263,NO
1184.0068514859306,1097.0436782217366,NO
1184.9832588594834,1096.8983573613677,NO
1185.9653145959078,1096.7543117096134,NO
1186.914856483975,1096.5687596012503,NO
1188.05394136943,1096.2097719940207,NO
1189.0072251528075,1096.055870837706,NO
1189.9944812255808,1095.9458735584406,NO
1190.986995847942,1095.8526196129476,NO
1191.9829953900314,1095.7717802421716,NO
1192.9887029525084,1095.7119252911161,NO
1193.9911458767367,1095.6774569420413,NO
1194.991099856583,1095.6508405285904,NO
1195.9956661137726,1095.631619660725,NO
1196.9955268582294,1095.6197829392281,NO
1197.9898480136733,1095.6017297684402,NO
1199.096392435373,1095.3420844539628,NO
1200.0311274028074,1095.095333767834,NO
1200.9905448977281,1094.9163969930767,NO
1201.9806722930032,1094.814016406052,NO
1202.974611241137,1094.7185159343437,NO
1204.121553720147,1094.3801238143592,NO
1205.0375302205914,1094.1114178397531,NO
1205.9941429440298,1093.9395575993256,NO
1206.9846563799804,1093.8495144955702,NO
1207.9377477491767,1093.7060826466268,NO
1210.0165246700722,1093.1368793520578,NO
1211.002605788907,1093.020764880348,NO
1211.983191800723,1092.8914913698516,NO
1212.9394328786339,1092.7255996695944,NO
1215.0074397319413,1092.0259483319435,NO
1215.9324036512357,1091.8017310612765,NO
1218.002148566317,1091.0077714104298,NO
1218.9567127153482,1090.801112470022,NO
1219.9402301533235,1090.6001881982725,NO
1221.0677210930305,1090.2789663159238,NO
1222.0104869878694,1090.029543675658,NO
1222.9065264660742,1089.7728519186799,NO
1224.9250481215984,1088.8242378378022,NO
1225.2699109913488,1088.6378151454244,NO
1226.982579350617,1087.9393615764513,NO
1227.8889905753003,1087.6771962732234,NO
1229.9452405793681,1086.8489130844318,NO
1232.0117904018496,1086.0371179308886,NO
1232.9146421884177,1085.7912224559566,NO
1234.8775089625556,1084.7817146843267,NO
1235.9826245388879,1083.9719366450533,NO
1236.7415409288494,1083.5251867251725,NO
1238.3668365698006,1082.6277821508934,NO
1239.8389670332524,1081.7447038463692,NO
1240.9573497428457,1080.9290200073972,NO
1242.0557967044547,1080.1062523823948,NO
1242.9138961601684,1079.8341906997762,NO
1244.7945162768413,1078.6599043645415,NO
1245.9451586452008,1077.9067594825456,NO
1247.8862818152884,1076.7656555140131,NO
1249.7964717699244,1075.6640451188453,NO
1250.9517816477244,1074.9094949153478,NO
1252.0624502976673,1074.1211970017578,NO
1252.9107073584032,1073.8500557463135,NO
1253.995864093487,1072.993945992302,NO
1254.6896881886325,1072.55280547284,NO
1255.8800604349278,1071.8174449270748,NO
1257.470012957441,1070.6362760758602,NO
1258.788957504081,1069.6857623735102,NO
1260.3549742231398,1068.6209755533127,NO
1261.879653869512,1067.792129413578,NO
1262.9655819685831,1066.9554465983358,NO
1263.993880391252,1065.9935518219322,NO
1265.000350814163,1065.0003677208808,NO
1265.4888088283012,1064.4374843932758,NO
1266.76198860967,1063.650040525072,NO
1267.909161460877,1062.8617253451664,NO
1268.9845744883382,1061.9780198774656,NO
1269.663933316894,1061.4741544753288,NO
1270.8633781366843,1060.8026005650277,NO
1271.9129485130159,1059.9038399847948,NO
1272.9452669011132,1058.9327134384453,NO
1274.8981484555452,1057.7482851617403,NO
1276.897446253057,1056.8074547697397,NO
1278.7965438807155,1055.6423661059252,NO
1279.958109020718,1054.9207943657143,NO
1280.7071018246804,1054.4200118251288,NO
1281.9684412720064,1053.9117643749753,NO
1284.014299618341,1053.046781533681,NO
1284.9375683058931,1052.8176688995127,NO
1287.007809843382,1052.035460912012,NO
1287.957582932505,1051.8413407433413,NO
1290.0249788405656,1051.0906166732034,NO
1290.9753456289377,1050.8916057844544,NO
1291.8996611356981,1050.652614690072,NO
1293.9434094364829,1049.856468625891,NO
1295.0561010265849,1049.0880058062676,NO
1295.8549834311073,1048.776432792271,NO
1296.9715768473852,1047.9530281502043,NO
1297.6653540083073,1047.4642367211536,NO
1298.904956317435,1046.8232483867494,NO
1300.904108693144,1045.793501393954,NO
1302.899453242716,1044.780717118837,NO
1304.9293181446867,1043.8246042766139,NO
1305.2823706874224,1043.657054865121,NO
1306.985963581953,1042.9428960209475,NO
1307.9101273657416,1042.711723423316,NO
1309.982477624019,1041.9406742454566,NO
1310.793734697288,1041.6342093042906,NO
1311.9014154256572,1040.8767270105136,NO
1312.9784199109608,1039.9675326573674,NO
1313.6786300533267,1039.4509930030267,NO
1314.9435355029354,1038.8670253468786,NO
1316.0267081775273,1038.029550362909,NO
1316.5210179802853,1037.555425001711,NO
1317.6714364823786,1036.5865575702496,NO
1318.905365124277,1035.8323207244846,NO
1320.7485066924505,1034.6536813566,NO
1321.8353084332598,1033.8047995318925,NO
1322.8881289088908,1032.868451261944,NO
1323.9377574865555,1031.9235306307053,NO
1324.9964131266322,1030.9950850942193,NO
1325.6362597560299,1030.5150130200848,NO
1326.752859812573,1029.7063174012064,NO
1327.8250914054672,1028.7941888220923,NO
1328.8873274340465,1027.8635260719877,NO
1329.9682063253172,1026.9514728130544,NO
1330.6337753249577,1026.407687655411,NO
1331.8633949677924,1025.77937552457,NO
1332.9620917591653,1024.9481558485327,NO
1333.9646910641618,1023.9718055499474,NO
1334.8890221649349,1022.9062614426385,NO
1335.9793604196245,1021.9491034435865,NO
1337.9638482865387,1020.9542604689523,NO
1338.9755247987694,1019.9767936363634,NO
1339.9718852712163,1018.9697997299875,NO
1341.9108972084464,1017.7768665296404,NO
1343.9061083787958,1016.8059273716161,NO
1344.9868664311384,1015.9843143176915,NO
1346.0170892210924,1015.0193677830838,NO
1346.5987928720972,1014.5476429460232,NO
1347.6818787878983,1013.6597789438506,NO
1348.628103666277,1012.6765308937255,NO
1349.0311834982776,1012.0241940926801,NO
1349.8774125323607,1010.934866517796,NO
1350.5652616138157,1009.7201914353084,NO
1351.0159266955873,1009.0118063561894,NO
1351.8260736746477,1007.9150975731516,NO
1352.574386267504,1006.2610846550814,NO
1352.8015655797421,1005.9297496557244,NO
1353.742898172255,1003.9048330528625,NO
1354.9541384185654,1001.9630369334228,NO
1355.6957203529998,1000.865366174948,NO
1356.0153853401869,1000.0072439310975,NO
1356.9904902095343,997.995314883035,NO
1357.6909743902418,996.8510123101071,NO
1358.9655029468172,994.9702738164518,NO
1359.8642942615566,992.9803404147756,NO
1360.9796476363529,990.9802106336224,NO
1361.9996687243308,989.9996179977614,NO
1362.9982941188516,988.9985860343628,NO
1363.6442396391956,987.9013573557045,NO
1363.823387164762,986.9850029054113,NO
1364.0356825841893,986.0147599601878,NO
1364.758722133548,983.9742701660932,NO
1365.0052697572346,983.0024379050731,NO
1365.9525782796368,980.9781957871347,NO
1366.9275469022402,978.9624877484805,NO
1367.893777439986,977.8985108218576,NO
1368.9322124324317,975.9655436655182,NO
1369.9428834589826,973.9707156716368,NO
1370.9611633825173,971.9805816912586,NO
1371.6566959534384,969.9959130472627,NO
1371.9316836047742,968.9693030735217,NO
1372.8972086028814,966.9494400043836,NO
1373.5424536676276,964.99051483374,NO
1374.9146544569548,962.8969169820858,NO
1375.9464852338717,961.9377447603605,NO
1376.9382232195962,960.9465252372081,NO
1377.6627450980393,959.0,NO
1377.645206787815,958.0132177860665,NO
1376.933090107548,956.0340681732779,NO
1376.4300033285178,955.249142512311,NO
1375.5310359852688,953.0027749349636,NO
1375.5557844140048,951.9779654967265,NO
1376.8814013957303,949.8872848786774,NO
1377.5422068007529,947.9968365722938,NO
1379.8784934051905,945.6114789128933,NO
1379.8396313055332,944.082892727335,NO
1379.5468619987178,943.0161834990806,NO
1379.546010771937,941.9786838229052,NO
1380.9259434016942,939.9140674532288,NO
1381.9319285040217,938.9319285040217,NO
1382.9610966749285,936.9839168435615,NO
1383.5964617469986,934.9643936828485,NO
1385.0552339883743,932.0931351356408,NO
1385.8759077035143,931.7974793032855,NO
1386.8192871371837,930.8829054387693,NO
1387.110826536612,930.0628649311759,NO
1387.956558775488,928.9733394987893,NO
1388.2029950538677,927.9970641210155,NO
1387.9935749141434,927.0025843557077,NO
1387.771985191487,926.0254350171291,NO
1387.6814918763037,925.0174867207404,NO
1387.6913127393289,923.9794208502105,NO
1388.5771142256397,921.6798452255737,NO
1389.0230181956858,921.0157639756735,NO
1389.6814558086162,919.8942931573622,NO
1389.867042073786,918.9848792943258,NO
1389.9336709172712,917.9983092586702,NO
1389.9350845047977,917.001527423465,NO
1389.9111032646074,916.0022659952231,NO
1389.8980392156864,915.0,NO
1389.9321095108587,913.9957402045711,NO
1390.0230316771151,913.0027999293823,NO
1390.1631225672197,912.0333509702914,NO
1390.8132477935276,909.9573137803175,NO
1390.9878817909191,908.997786901549,NO
1391.5747192965914,906.9133011422674,NO
1391.7488058172885,905.9709402808014,NO
1391.896991137088,904.9816199865334,NO
1392.6541178962993,902.862652146439,NO
1393.5172264257642,900.7709090632096,NO
1393.9048947543583,899.963053356038,NO
1394.793351907431,897.9030118597432,NO
1395.0854754217457,897.0526236552896,NO
1395.9179568789525,895.9555052181365,NO
1396.5386636345963,894.7702863042963,NO
1396.914064448788,893.9693605312616,NO
1397.589154833906,892.264998124195,NO
1397.8195551558283,891.9183461896796,NO
1398.6289655662465,890.3921082542199,NO
1399.810738160689,888.8588292837925,NO
1400.5753889029256,887.7186159240808,NO
1400.974763857889,886.985871213471,NO
1401.8375604572893,885.8667948634766,NO
1402.9423702485042,884.8980952044296,NO
1404.8712522857313,883.7771452139303,NO
1406.7816212098496,882.6166239195602,NO
1407.9462930636118,881.9059036987941,NO
1409.7986127320676,880.6906160463766,NO
1410.9336464253443,879.9005911613698,NO
1411.9681757746553,878.9699990376063,NO
1412.6846333581468,877.8832780966774,NO
1412.8748286184048,876.9888239836524,NO
1413.0640908298626,876.0230035544598,NO
1413.725954664303,873.9720581227073,NO
1413.8290715496207,872.9789968040892,NO
1414.0425889312257,872.0167665898271,NO
1414.3140535442938,871.1121370279375,NO
1414.6414728809932,869.9932754047477,NO
1415.8848767869722,867.8867017280872,NO
1416.8938758069517,866.8868204628824,NO
1417.5096977153285,865.7895103333377,NO
1417.9527744202019,864.9763872101009,NO
1418.9423097973975,862.9729209250764,NO
1419.6831516813265,860.9668488671924,NO
1419.6834183404264,859.986557041753,NO
1418.970795643449,858.0160006045602,NO
1418.6690028826729,857.0415421502505,NO
1418.5876331769682,856.0250654352224,NO
1418.5509803921568,855.0,NO
1418.5832201870232,853.9765484207597,NO
1419.9714756943176,851.9418772530142,NO
1421.91144863546,850.9079366811899,NO
1422.8975557963765,849.9064522665824,NO
1423.9273532224256,847.9634472000046,NO
1424.888687120298,846.8956897605906,NO
1425.6691349173148,844.9765320461293,NO
1425.950815123931,843.9767019011509,NO
1426.9378877573504,841.9680546791272,NO
1427.9542975484226,839.9768290042466,NO
1428.7081295327177,837.9787147406136,NO
1428.9712603526732,836.9867495098403,NO
1429.6810947225883,834.9837420832808,NO
1429.725552467565,833.9858419923581,NO
1429.9732188902804,832.9884040557466,NO
1430.644496960136,830.9790462733095,NO
1431.889116372205,828.8983207180836,NO
1432.6560716558633,826.9781632808377,NO
1432.9476616965496,825.9746995341615,NO
1433.7208960488654,823.9649707575487,NO
1434.92984357366,821.9400579214702,NO
1435.5982443991334,820.8278190356438,NO
1436.9165371216814,818.928987966515,NO
1437.7021976399262,816.9801465102179,NO
1437.7620781253925,815.9861427540387,NO
1438.6281329703374,813.8326369023638,NO
1439.9630110184735,811.9644595382691,NO
1440.9305914558704,810.9440587839009,NO
1441.637254901961,809.0,NO
1441.631509399049,808.0043351834234,NO
1441.631509399049,806.9956648165766,NO
1441.637254901961,806.0,NO
1441.637254901961,805.0,NO
1441.65098581901,803.9911035600644,NO
1441.6845788123724,802.9837282720481,NO
1441.9583517989877,801.9804720056245,NO
1442.6626285506024,799.9872816311093,NO
1442.9391766296785,798.972669949567,NO
1443.602146653066,796.9898586401442,NO
1443.6450379650782,795.980026815047,NO
1443.940784659254,794.9721021953027,NO
1444.6571912051888,792.9737852083017,NO
1444.7331956152325,791.9790741658614,NO
1444.8133816865002,790.9843410101191,NO
1445.0239356961188,790.0090456078642,NO
1445.6371498894907,787.9772329340726,NO
1445.7230039539827,786.9729293099709,NO
1446.7544213005765,784.8636351746458,NO
1447.9940762705135,782.9949671744853,NO
1448.7699543683773,781.9096344518772,NO
1449.0402250506559,781.0157582665771,NO
1449.2871361413715,780.0137898897501,NO
1449.1053637598438,778.9651726481292,NO
1448.9279741960759,778.0107211229207,NO
1448.7948034497567,777.0313830027844,NO
1448.0101653663885,774.9957000709329,NO
1447.7850455486516,774.0120951667809,NO
1447.776153747771,772.9868062641835,NO
1448.008616998251,772.0039084571229,NO
1448.7085163482723,769.9959992439842,NO
1448.6866324539249,769.0196622775476,NO
1447.9531255841925,767.0219066148289,NO
1447.6685663316384,766.0232298019392,NO
1446.9316153034176,764.0337736660208,NO
1445.9234412768112,762.0378106342088,NO
1444.9843659812755,760.0064450445669,NO
1444.7528669269632,759.0109782708795,NO
1444.7018892581705,758.0198740485649,NO
1444.021789286885,755.9912752444196,NO
1443.814179769942,755.00958596426,NO
1443.7856120094775,754.0029425802707,NO
1443.7856120094775,752.9970574197293,NO
1443.8141796033617,751.9904140271466,NO
1444.0201271552964,751.0078848646161,NO
1444.6616406888913,748.9787696116936,NO
1444.7243746088627,747.9821654151655,NO
1444.7812357069572,746.9884183610814,NO
1444.8259920394737,745.9931761583598,NO
1444.8509533641895,744.9982465102142,NO
1444.856862745098,744.0,NO
1444.8640075291526,742.9981334366691,NO
1444.9001855492058,741.9929202534524,NO
1445.0803460991124,741.0299595638536,NO
1445.7332428293535,738.9790778689298,NO
1445.8099485364405,737.9850940028302,NO
1445.8856598915665,736.9912563441467,NO
1445.960578221783,735.9969853932572,NO
1446.037742074689,735.0030923909554,NO
1446.1770411158452,734.0473314013841,NO
1446.4204224452335,733.1133151716718,NO
1446.7245826919905,731.9681379976765,NO
1446.8416170571581,730.9798139390306,NO
1446.960864095868,729.9950888277156,NO
1447.0841528155809,729.0120218304353,NO
1447.6414348709407,726.9316295333339,NO
1447.798323302856,725.9766687742342,NO
1447.929213180315,724.9891737801798,NO
1448.0777703929355,724.0137241869886,NO
1448.241364023814,723.0444617932831,NO
1448.5520634468223,721.9052250093574,NO
1448.7436698916056,720.9619003782304,NO
1448.8668793229328,719.9848607854047,NO
1448.9746377802046,718.9971156690564,NO
1449.066188876688,718.0049317203867,NO
1449.130985374543,717.0071117427733,NO
1449.2356314254187,716.0474107497325,NO
1449.411733163548,715.0720638367517,NO
1449.5470588235294,714.0,NO
1449.5470588235294,713.0,NO
1449.5470588235294,712.0,NO
1449.5543085006063,710.9938826656767,NO
1449.5759342999186,709.9883589806458,NO
1449.6180271546827,708.9805268738149,NO
1449.6904338136899,707.9732923298232,NO
1449.768955265079,706.981878844286,NO
1449.8322395994464,705.9911185671252,NO
1449.8991549106297,704.9922883162519,NO
1450.0202909208629,704.0036689876885,NO
1450.8591163696426,701.9464160578464,NO
1451.7124596613035,699.9074870238894,NO
1451.9158702118134,698.9842834459247,NO
1452.7253161125373,696.9094617367175,NO
1453.0202960376103,696.0093690438633,NO
1453.8936851063374,693.973583671305,NO
1454.1339613068005,693.0658826092455,NO
1454.8700001858326,691.9449603529823,NO
1455.137744946999,691.0668047087379,NO
1455.866685688461,689.94599364981,NO
1456.7848346522392,687.9257644213694,NO
1457.6706339516522,685.8835349723496,NO
1457.8999727981318,684.9805502657973,NO
1458.109354411064,684.0401803270487,NO
1458.421383696635,683.1385035855121,NO
1458.792221386519,681.9727035930947,NO
1458.9186868890363,680.9885451769256,NO
1459.1096588770713,680.0386896686763,NO
1459.4019365844372,679.1349060486895,NO
1459.7539596633887,677.9778081265017,NO
1459.8406266025963,676.9859376411251,NO
1459.9304123468048,675.9933366217592,NO
1460.1015530884572,675.0327456910843,NO
1460.7309095381295,672.966231785169,NO
1460.8735336010807,671.9789222668468,NO
1461.0262462713679,671.0045287683431,NO
1461.1851280441765,670.0338966846584,NO
1461.3930142771885,669.0953157540318,NO
1461.7680296365565,667.9504782386459,NO
1461.9494202776152,666.9894393983944,NO
1462.7876967041022,664.9239614656536,NO
1463.7680873415773,662.9071311742601,NO
1464.000005136393,662.0000012505102,NO
1464.7999607603542,659.9369971846966,NO
1465.9509123973767,657.9561430438795,NO
1466.8851262687187,656.9173087924277,NO
1467.459138386072,655.7569827269895,NO
1467.8361112117782,654.9525856345556,NO
1468.7662380755569,652.8644678168903,NO
1469.3954003354247,651.6123855420202,NO
1469.909192824105,650.953959913227,NO
1470.5190144474475,649.7504974182756,NO
1470.8922386464365,648.966564854142,NO
1471.1200942684911,648.0409356219485,NO
1471.412081097135,647.1225605930946,NO
1471.7389568941642,645.9728719907167,NO
1471.8471967861308,644.9820231519163,NO
1471.9669899886153,643.9956008374727,NO
1472.6763509130137,641.8980186656671,NO
1472.8964795410186,640.9794594154803,NO
1473.1067561129676,640.0388204050232,NO
1473.7847936201238,637.9717277884606,NO
1473.9372217754726,636.987645045352,NO
1474.7425478572725,634.9205256431067,NO
1474.90851475302,633.9904927095416,NO
1474.9672557743995,632.9995505694512,NO
1474.9617322289298,632.0009754529912,NO
1474.9490196078432,631.0,NO
1474.987724735261,629.9988885574754,NO
1475.6242391348683,627.9155779578886,NO
1475.7846578913664,626.9835326613344,NO
1475.8383472481853,625.9939776427024,NO
1475.856862745098,625.0,NO
1475.856862745098,624.0,NO
1475.8712779542213,622.996466453604,NO
1475.914733600109,621.994865497913,NO
1476.081742752563,621.0271919765272,NO
1476.7031721512221,618.9738093069384,NO
1476.7548262354353,617.9932697397174,NO
1476.7559295298963,617.0062214041595,NO
1476.7303639361528,616.0074017743884,NO
1476.74762189204,614.9866388061931,NO
1477.566122719398,612.6995176322081,NO
1478.012677240017,612.0084613899409,NO
1478.7717332126401,609.9825443034927,NO
1478.8418318398064,608.9894554564595,NO
1478.9137177283023,607.9932327629915,NO
1478.9881281648807,606.9991154318639,NO
1479.0579248828008,606.0041374915668,NO
1479.1893176974752,605.0487932209687,NO
1479.412221085505,604.0948551796107,NO
1479.6080243039683,602.9953885213478,NO
1479.6196702225868,601.9955255321513,NO
1479.619661447921,601.0044745710801,NO
1479.6017290748373,600.0101520040067,NO
1479.5756098330585,599.0116499262878,NO
1479.3215085713935,597.909845019053,NO
1479.103847612746,596.9701203049515,NO
1478.96449507119,596.0012267251685,NO
1478.936507173602,595.0016184445996,NO
1478.9177910939475,594.0009671635745,NO
1478.9177911064444,592.9990328365725,NO
1478.9379527146461,591.9976609156904,NO
1479.0949189425805,591.0323001812128,NO
1479.7132602833574,588.9814462528986,NO
1479.7846475728127,587.9835318722685,NO
1479.8799340820992,586.9859446639867,NO
1480.076737773318,586.0286572607076,NO
1480.7484411117264,583.9708980893736,NO
1480.857860408433,582.9835564001787,NO
1480.959802873895,581.9958526774415,NO
1481.125076791087,581.0386835437558,NO
1481.375129735284,580.1070631729416,NO
1481.646784167891,578.9861483986375,NO
1481.6793824056156,577.9911987326001,NO
1481.713903113725,576.9887805141801,NO
1481.7755675846065,575.9828375201893,NO
1481.8787226742936,574.9824306477541,NO
1482.6540971589395,572.8989497326697,NO
1482.8607338657628,571.9800658270635,NO
1482.9730427842414,570.9972514211455,NO
1483.041987631274,570.001481916304,NO
1483.0547504147028,568.9993558774914,NO
1483.0432298357894,567.9994914137103,NO
1483.0493851442425,567.0011620034307,NO
1483.0958455932127,566.0067655712267,NO
1483.188521260621,565.0250482779563,NO
1483.3540182345803,564.0850563292988,NO
1483.7286855166228,562.9421605611748,NO
1483.8918587183468,561.9832487037244,NO
1484.0256991627496,561.0034769455802,NO
1484.149123346118,560.0184012028062,NO
1484.290300748691,559.05983749944,NO
1484.5008668473872,558.0770979115131,NO
1484.6271593710198,556.9904962192313,NO
1484.6462093036434,555.9951440492515,NO
1484.6519524355974,555.0006824461691,NO
1484.6500049833824,554.0006862647027,NO
1484.6490196078432,553.0,NO
1484.6500163553708,551.9993137575954,NO
1484.6592736619416,550.9946552727826,NO
1484.6866827987076,549.9883273986214,NO
1484.7157713469933,548.9933122667762,NO
1484.715766898321,548.0066878378984,NO
1484.6857626204098,547.0123230345856,NO
1484.647040271016,546.0138415581026,NO
1484.614678475927,545.0090663890888,NO
1484.6080561914448,543.9953888964944,NO
1484.6197314277827,542.9955262522124,NO
1484.6254901960785,542.0,NO
1484.6254901960785,541.0,NO
1484.6133233420576,540.009856463861,NO
1484.5824209734787,539.016375648221,NO
1484.5500702324166,538.0105865831019,NO
1484.5325765305513,537.0045825830765,NO
1484.5274509795086,536.0,NO
1484.5325765305513,534.9954174169235,NO
1484.549941371543,533.9894103848774,NO
1484.575462352973,532.9883460252393,NO
1484.5951868263758,531.9944437407379,NO
1484.5951819764798,531.0055563258293,NO
1484.4798970895133,529.9297094895205,NO
1484.304035671984,528.9467090469924,NO
1484.1905495921449,527.9836349315386,NO
1484.0924895833991,526.9900256329862,NO
1483.9486614901919,526.0106147218853,NO
1483.7282236651197,525.1109985214405,NO
1482.754887069568,523.11056275586,NO
1481.8904957631,521.0122151809325,NO
1481.786136242148,520.0218057164303,NO
1480.9448598887775,518.0437036425292,NO
1479.7753933751312,516.0372828823835,NO
1479.6675392502586,515.0169489800405,NO
1479.637254901961,514.0,NO
1479.6759754182383,512.9790337027077,NO
1479.7716061774859,511.97357796953213,NO
1479.892194827494,510.9850270597346,NO
1480.0887996445153,510.03205630321844,NO
1480.3660234128447,509.116036345069,NO
1480.6703609589047,507.98771933009215,NO
1480.6812287870039,507.0043752911716,NO
1480.0466303902188,504.9802380602968,NO
1479.812748561836,504.03380928650114,NO
1478.9798001861373,502.0090836948807,NO
1478.7270923412555,501.0013631750827,NO
1478.9785185024975,499.98981266527363,NO
1479.9770017141745,497.9893272840005,NO
1480.7815354187237,495.96872957831766,NO
1480.9391556312762,494.98739040219687,NO
1481.744649590436,492.9254188242903,NO
1481.9601430917205,491.9908577715697,NO
1482.7340189343886,489.9297947015669,NO
1482.900910475881,488.9875652361861,NO
1482.9906866153267,487.99941563076123,NO
1483.0301122456835,487.0004133053341,NO
1483.0302002041574,485.9995854873927,NO
1483.0045633514178,484.99982999279376,NO
1482.9621894468855,484.0018534585413,NO
1482.9255048656182,483.0018988955883,NO
1482.9590296404162,481.99552145871746,NO
1483.9398331035745,479.965557667784,NO
1484.6549870905228,478.81574241744227,NO
1484.9368501710626,477.9834316579599,NO
1485.139381978983,477.04067116932464,NO
1485.37971592844,476.0936119286431,NO
1485.6024859833778,474.9898672897404,NO
1485.6628205737957,473.9735545547581,NO
1485.7966350099719,472.96687539804884,NO
1486.7787866034598,470.8944267464825,NO
1487.8213097274777,468.92451702250906,NO
1488.6153452109415,466.8985057208471,NO
1488.7851598023065,465.98357104276147,NO
1488.8540291575812,464.99055482747167,NO
1488.9195183105999,463.99463455428037,NO
1489.0024587735995,463.0002458773747,NO
1489.1183228514037,462.01807710279326,NO
1489.2795095432887,461.0666879614486,NO
1489.5769043801126,459.94408622187836,NO
1489.6740165035662,458.9872163333779,NO
1489.705559003225,457.992494641235,NO
1489.7321862011727,456.9926482485735,NO
1489.7650691022225,455.99124767261435,NO
1489.808172915687,454.9905967112727,NO
1489.8441643875801,453.9960277196709,NO
1489.856862745098,453.0,NO
1489.8440574870172,452.0039750052454,NO
1489.7956904487858,451.01562367246146,NO
1489.677194382928,450.05787085300125,NO
1488.9787774087952,448.0085821766052,NO
1488.6657548132653,447.15898554016,NO
1487.7042865876622,445.11290875812415,NO
1486.918441176295,443.0240950436675,NO
1486.6422194521492,442.1270622453511,NO
1485.869137373498,440.0502669731769,NO
1485.1620068958337,438.9251849550103,NO
1484.9027774517406,438.0386572852966,NO
1484.5028754576565,437.2302756669361,NO
1483.9311992533799,436.0335375495513,NO
1483.5108012032995,435.2499752053448,NO
1482.7076710870313,433.09339172581184,NO
1481.7724821764198,431.13484738007185,NO
1480.9538373385546,430.030939387737,NO
1480.404011703597,429.44095082605696,NO
1479.7243901024233,428.16335103784513,NO
1478.5810085226099,426.1971090943421,NO
1477.578251563886,424.20322593440386,NO
1476.5649731321573,422.1922984996614,NO
1475.6854241180943,420.11987303398354,NO
1474.9222707858116,418.0156982527928,NO
1474.7589513514927,417.03119452902325,NO
1474.5879694908347,416.0733274623328,NO
1474.2511922789809,414.9400682323051,NO
1474.1097668072466,413.9880214793288,NO
1474.010854655905,412.99891453434446,NO
1473.925720342543,412.00568020942615,NO
1473.8843137254903,411.0,NO
1473.9336668620306,409.99401701108513,NO
1474.034424243837,409.00418490808545,NO
1474.1565758853312,408.0226808213093,NO
1474.3179637303647,407.0720807580269,NO
1474.6338338709131,405.94346243186476,NO
1474.7841608678061,404.97164466217316,NO
1474.9187552822789,403.9877336410371,NO
1475.070173994779,403.0129541326191,NO
1475.7544581160785,400.9283836152839,NO
1475.959806429841,399.99107250446053,NO
1476.710762926564,397.91186337533213,NO
1476.9199831481837,396.9838397341255,NO
1477.0944984115943,396.0197743153802,NO
1477.6798664472801,393.9457005530162,NO
1477.8143527995207,392.98070725154037,NO
1477.9214583388098,391.9909138078161,NO
1478.0444352535776,391.006447468195,NO
1478.1747728083947,390.0236457331169,NO
1478.3000680176992,389.0332742745878,NO
1478.547599437597,387.91011580396025,NO
1478.8230726055756,386.9503173563361,NO
1479.7340924136108,384.880534277944,NO
1479.9990870673873,383.99969568911956,NO
1480.7701844950857,381.9503559791995,NO
1480.9069474546593,380.9914245690124,NO
1480.9983145015794,379.9998327878469,NO
1481.1515176098549,379.04326859220726,NO
1481.3882291237912,378.09602255253327,NO
1481.6306628616346,376.9804468575914,NO
1481.6982606645079,375.9769258141949,NO
1481.7885171261794,374.9784370403722,NO
1481.8868869757896,373.9882451169855,NO
1481.9726864583208,372.99791131728097,NO
1482.0238365549897,372.0006075984624,NO
1482.0249362559905,370.9994132645463,NO
1481.9814213943287,370.001165716443,NO
1481.8999659228346,369.01059184324413,NO
1481.748774549636,368.06227410599996,NO
1480.9211690383302,366.03503598353564,NO
1480.496216476547,365.28214793558647,NO
1479.8648008863463,364.07907872209813,NO
1478.7144690864013,362.1486471759299,NO
1477.7514430502567,360.0849973595484,NO
1477.027851341642,357.99685014578625,NO
1476.9551566033058,357.00167063631335,NO
1476.942439645776,355.9992099559201,NO
1476.9680016680659,354.9988079053052,NO
1477.0046681823405,354.00017391267187,NO
1477.0302824534397,353.000415641519,NO
1477.0431102290556,352.00050717915167,NO
1477.056497112667,351.0013451693041,NO
1477.0655009710902,350.0007987923646,NO
1477.0372012061073,348.99765602159124,NO
1476.9366184773885,348.01043783060635,NO
1476.7234558037906,347.1214487308043,NO
1475.9792798878373,346.01552747984397,NO
1474.9229645400892,344.0112294297338,NO
1474.8470789581522,343.0038979873535,NO
1474.8266130435477,342.00237982097786,NO
1474.8072063969685,341.00491434675945,NO
1474.7827780131583,340.0051111057346,NO
1474.757425227203,339.0066589154097,NO
1474.7247499676546,338.010794118996,NO
1474.600036307799,337.06824434389716,NO
1473.9921614538107,335.0014036833421,NO
1473.8462202687497,334.0235192537511,NO
1473.057446011606,331.9758122045641,NO
1472.833022511412,331.0258417551454,NO
1472.0631120451735,328.9747821535912,NO
1471.8542472899026,328.0182008881859,NO
1471.6503848876425,327.11547287890335,NO
1470.9978485626034,326.0015535193414,NO
1470.4536351897261,325.37556841493824,NO
1469.8280218418633,324.086619807311,NO
1468.8121189281146,322.0239605398423,NO
1468.7374643993694,321.010295513827,NO
1468.6976275833192,320.011857741919,NO
1468.0168820045542,317.99273930739815,NO
1467.786936174637,317.0206465450813,NO
1467.029146748326,314.9868996339393,NO
1466.7914696948328,314.0285401115897,NO
1465.9786470599659,312.0098263271721,NO
1465.7178721318987,311.0203310304674,NO
1465.654420332935,310.0176177876157,NO
1465.377150667233,308.8923600469037,NO
1465.1420172031792,307.95959098293304,NO
1465.0004178674048,306.99997346873755,NO
1464.9168594869268,306.0094551958171,NO
1464.7739493390482,305.04989512146915,NO
1464.0239580355405,302.9907417274077,NO
1463.728229666344,302.1616030289726,NO
1462.9209836261314,301.05958449217627,NO
1461.9819705179368,300.01566267731954,NO
1460.8618536806532,298.02293117123736,NO
1460.7443140941873,297.0230618660145,NO
1460.6733547332385,296.0128096183999,NO
1460.6653082937503,294.99146864275497,NO
1460.7323550583505,293.9753346808742,NO
1460.8422945611685,292.9795910621395,NO
1460.9483515813663,291.9947338867412,NO
1461.010715157267,291.00025212135546,NO
1460.982195705011,290.0013615049892,NO
1460.8441307914359,289.0403138152366,NO
1460.5222743516938,288.21773019700305,NO
1459.94311569655,287.02784502410117,NO
1459.5236966132054,286.26115497019055,NO
1458.9018419176932,285.04434661001534,NO
1458.4523050126418,284.2357823270976,NO
1457.8022939869613,282.0387383358636,NO
1457.1058641447091,279.9677335562357,NO
1456.8984089042203,279.02470058073686,NO
1456.71080573863,278.03629104457264,NO
1456.6330255899404,276.99496309631775,NO
1456.674775483096,275.9795937556498,NO
1456.7225569257791,274.988575874169,NO
1456.6733766823938,274.034599926883,NO
1456.3414054921664,273.27690903991277,NO
1456.1488863147918,272.9109712930652,NO
1455.8294381252108,272.1750726041513,NO
1453.9528786900833,271.3369887636721,NO
1453.003598728997,271.2621931118718,NO
1452.0112587514498,271.2870981598309,NO
1449.874074337837,267.9509984941181,NO
1450.054886355721,267.0071396886631,NO
1450.0229815511516,265.99491472047237,NO
1449.7947600272503,265.138391963308,NO
1448.8600985422631,264.233782693771,NO
1448.0120896291937,263.96184087692814,NO
1445.944322878204,263.14014267688214,NO
1444.684787226502,262.38457196533676,NO
1443.7140984677071,261.14205620806274,NO
1443.072067131487,258.9986320924144,NO
1443.1604748563473,258.04196518025833,NO
1443.267880776758,256.97970166880606,NO
1443.0081474244143,255.99647224927173,NO
1442.7137496857838,255.11943777539364,NO
1441.7220332159263,253.08920511681129,NO
1441.0060881712373,250.99923897859534,NO
1440.8786386769307,250.01856114410938,NO
1440.661528577579,249.12649160443715,NO
1439.9916909138615,248.00576307188877,NO
1439.45028392021,247.36288446814973,NO
1438.8278036375305,246.08578958256166,NO
1437.8713893729362,244.01526765989502,NO
1437.77879462333,243.01995185750357,NO
1437.093165368701,240.9641059777821,NO
1436.882593504772,240.0205256105819,NO
1436.6760323156698,239.10465548781724,NO
1435.830214792694,237.07008793213487,NO
1435.5846379807006,236.71186896330545,NO
1434.7403293833931,235.14182010287288,NO
1433.7894631958216,233.08238396714538,NO
1432.7560084556508,231.15132011197153,NO
1431.9408368151844,230.0366509761945,NO
1431.115497323958,228.94050137504712,NO
1430.8426588024975,228.07256534482497,NO
1429.7461323699986,226.16840725318792,NO
1428.8462990081625,225.16528121165993,NO
1427.7553088692353,224.38841748213466,NO
1427.0110948767751,223.9822653320901,NO
1425.9390759815938,223.0757789475858,NO
1424.669603855721,221.00917767087964,NO
1424.0209840075934,218.99115512783914,NO
1423.7224487228298,218.08532495053467,NO
1422.760294847946,216.10575227801738,NO
1421.676080067761,214.1681103396235,NO
1420.919337225049,213.07808500311916,NO
1419.921192437942,212.07859105270018,NO
1418.9237558062434,211.07751316834944,NO
1417.884820370156,210.16363309691826,NO
1416.809452528764,209.16746707314118,NO
1415.8868594851906,208.08273652173392,NO
1414.9827530169505,207.01183691725814,NO
1414.1748890505398,205.0361246238944,NO
1414.7599021394385,202.9910551779263,NO
1414.7654779417398,202.00597801326862,NO
1414.040895355947,199.98014434834352,NO
1413.7272687183797,199.13756033297486,NO
1412.9292602960645,198.07883581121973,NO
1410.9765775577011,197.0510330038072,NO
1408.6271311981673,195.04879701848716,NO
1407.8900428018994,193.09355397741768,NO
1406.917233372131,192.08276662786903,NO
1405.9149171088793,191.08815107197623,NO
1404.9132540572339,190.07899466709412,NO
1403.9372538914993,189.05470388481214,NO
1402.9610336117692,188.03721262488776,NO
1401.9672128797217,187.03287819332132,NO
1400.9758859428177,186.0221898969098,NO
1399.9831868928673,185.01880506869358,NO
1398.881755084239,184.25312275583354,NO
1397.0007803407432,182.99913687744987,NO
1395.9747859062786,182.0291707679932,NO
1394.9393650792902,181.07541936002485,NO
1393.005570619761,180.4058594385515,NO
1392.0116550670991,180.42457743935503,NO
1391.010609184498,180.4508903268786,NO
1388.9538452759632,177.97376675972598,NO
1389.7466019792848,175.99006282264295,NO
1389.6205320487986,175.09433342715155,NO
1389.0057050070589,173.99536887660216,NO
1388.5024095952028,173.56607593932014,NO
1387.9682705240648,173.05914826923402,NO
1386.7970950347535,172.41315748419052,NO
1384.7389006770798,169.98720101320046,NO
1384.8933234334716,168.97452977049414,NO
1385.1097736036086,168.04485373096273,NO
1385.440310674167,167.02873822542128,NO
1385.090987440378,165.94395537092905,NO
1384.7791604189845,165.23080803690365,NO
1383.671077840978,164.63225095861029,NO
1382.943892598163,164.15774877977336,NO
1380.9128233601036,163.15888037120115,NO
1379.7429961604555,162.25700383954452,NO
1378.7493177621488,161.30150281240557,NO
1378.0470812065614,160.93725197813814,NO
1376.9483487380558,160.1113260238724,NO
1376.0711010445991,159.84343585846244,NO
1374.943364923298,159.15954515989876,NO
1372.8938867261165,158.39935574317312,NO
1371.9879446289979,158.24592956110394,NO
1371.0089571282833,158.2404281851416,NO
1370.0261617079516,158.29649935087133,NO
1368.0040334182765,159.00914988431543,NO
1367.0243750260704,159.26086463950688,NO
1364.9135829453464,158.0710729635098,NO
1363.9867347807353,157.00907620275558,NO
1363.4055714670267,156.4326935649756,NO
1362.6413204299288,155.44009292966064,NO
1362.015028108092,154.9788878480458,NO
1360.8991499726092,154.27999976741725,NO
1359.9882546833317,154.07779365826042,NO
1359.004043911686,153.9595608855626,NO
1358.0054501114662,153.88418513404108,NO
1357.0032694043982,153.84841852027176,NO
1356.0059650482137,153.82104854158442,NO
1355.0121756609421,153.778229035677,NO
1354.0357955851346,153.695120353761,NO
1352.9025612850303,153.3720761106673,NO
1351.969290747697,153.09807148266705,NO
1350.3421828331443,152.31360956401426,NO
1349.9361813467076,152.1358575085096,NO
1347.9175854674272,151.22162500029538,NO
1346.9994322822472,151.0024504055793,NO
1346.038289609476,150.81455817345088,NO
1345.0982005272383,150.58381682648366,NO
1343.9569580420257,150.2481242217008,NO
1342.985745377647,150.10385510772363,NO
1342.0071182608372,149.96063326465213,NO
1339.9311392584023,149.23785964945338,NO
1338.9934933141042,149.02982476415193,NO
1336.9123174471547,148.31238994062824,NO
1335.979056784329,148.10471607994563,NO
1335.012153808863,147.93554027232247,NO
1332.9256580003612,147.31946967835086,NO
1331.9783754616064,147.15107553628332,NO
1330.997133650502,147.02088340388931,NO
1330.014795160675,146.89345355406633,NO
1327.9317343135856,146.28290014625853,NO
1326.9833140397095,146.10244168829806,NO
1326.0349455156704,145.90162736471493,NO
1325.119776569785,145.6176527127461,NO
1323.9801465587884,145.29780163151494,NO
1322.9877105502906,145.24106227363154,NO
1321.9906217685182,145.19131591652084,NO
1320.9907648540357,145.13176342668982,NO
1320.020227068227,144.94400416240774,NO
1317.9646552514716,144.21459311560156,NO
1316.9895936021876,144.04631315665966,NO
1314.9358636470631,143.22496311188164,NO
1313.9930940590534,143.05503171690464,NO
1313.0016011740947,142.96859235548456,NO
1311.9993803858722,142.9473327977112,NO
1310.9989492393345,142.97179537103375,NO
1310.0000094971995,143.00056592137597,NO
1309.0358540965656,142.88121805661078,NO
1306.967633725876,142.21162563187733,NO
1305.9902148374056,142.05031659939877,NO
1303.9063700929323,141.3468051889681,NO
1302.9769469860191,141.1632921899418,NO
1301.9948108099206,141.0588108197253,NO
1300.9998989020248,141.0073657095907,NO
1300.0020609266605,141.03284601840662,NO
1299.0135546264307,141.11716710973525,NO
1298.041800609601,141.24441062450143,NO
1297.0983505309482,141.45081486693525,NO
1295.9576389606084,141.7551925809305,NO
1294.9864760115336,141.88504609415534,NO
1293.998927137534,141.9892713759833,NO
1293.008942169356,142.08770204583362,NO
1292.0338496206516,142.20681292545203,NO
1291.1136061170696,142.41501007155972,NO
1289.0820276484224,143.17089092385606,NO
1287.0803260904488,144.1929091152008,NO
1284.9901975573555,144.9242538475322,NO
1284.0005187711831,145.01058293182044,NO
1282.9994637688073,145.010939116004,NO
1282.0084029426241,144.93264092902885,NO
1281.0592890374107,144.7832244569671,NO
1279.9818194032694,144.61482504080763,NO
1278.9592918055191,144.8882289459326,NO
1278.0340759962648,145.1121620076539,NO
1275.9751857052343,145.92615147091635,NO
1275.0417849857945,146.1490233852642,NO
1274.0519558315018,146.37320384062855,NO
1273.0129726290002,146.48863569294227,NO
1271.9905182554758,146.51643104187642,NO
1270.9865221539278,146.54175321817488,NO
1269.9826404370424,146.57841058604043,NO
1268.976957261904,146.63275636433914,NO
1267.979197653356,146.6968800852932,NO
1266.9948455761296,146.73712438946032,NO
1266.0084183176536,146.7316661144131,NO
1265.0112252936635,146.69868947972643,NO
1263.9904969621475,146.6970906567384,NO
1262.9692913902732,146.82789680892782,NO
1262.0189880910016,147.048985237996,NO
1261.2139338693503,147.3842601047334,NO
1260.0443443528654,148.08350327601948,NO
1257.9877064189648,148.92623851378846,NO
1257.0053655899221,149.0526240551418,NO
1256.0085624167662,149.13646351619363,NO
1255.0094821481262,149.19343581600285,NO
1254.0199456628964,149.25430720145323,NO
1253.0546827912485,149.36417994510148,NO
1251.930468109513,149.63400246076174,NO
1250.9748996616847,149.76998962782747,NO
1249.9913055590166,149.84709775765006,NO
1248.9962187539952,149.89286468974018,NO
1247.9963384053708,149.94952937385332,NO
1247.0177176605257,150.08033624352663,NO
1246.1179511123148,150.30582533700988,NO
1244.0383533373886,151.1445405683668,NO
1243.0788373461796,151.3884679463903,NO
1241.9457030826206,151.70667860517042,NO
1240.978083816843,151.86369202270333,NO
1240.0015370558947,152.0096777591093,NO
1239.0234620556207,152.15340574348616,NO
1238.0856186352257,152.34101096732388,NO
1235.9945821806728,152.95595837358482,NO
1235.0063184713115,153.0619696226379,NO
1234.013679855848,153.1550383631849,NO
1233.0181223060729,153.23698398886876,NO
1232.0846864274429,153.4004962307986,NO
1230.0466538084863,154.13723490928896,NO
1229.26756560449,154.55930883208066,NO
1227.1907877776364,155.42884536282455,NO
1225.0645072288896,156.20434506290755,NO
1223.9280017256986,156.83026312819786,NO
1223.0320690738224,157.08212811639953,NO
1220.9808807009774,157.79388975222076,NO
1220.045183568998,157.76361859241783,NO
1218.99339254505,157.66023770929453,NO
1217.959316351665,157.86099753737315,NO
1217.0074342922696,158.04209981320497,NO
1216.084411991257,158.24777242554916,NO
1214.0483032439033,159.14303992903973,NO
1213.2383752286014,159.55162474655265,NO
1211.0189260784718,160.1462469791984,NO
1210.0272620449934,160.26233288341257,NO
1208.8776545636465,160.5727619577781,NO
1207.953015123138,160.8550791150782,NO
1207.0052460282143,161.0357229541591,NO
1206.023356871369,161.16544451320712,NO
1205.0906780842322,161.34741276193373,NO
1203.0089396294,162.0361598896081,NO
1202.1149025756538,162.27730676756568,NO
1200.1381162806927,163.27998388507345,NO
1198.0706665761177,164.19326883043283,NO
1196.9684641567721,164.9589558615564,NO
1196.3595325265383,165.36625276039322,NO
1195.4330169667458,166.37548322931892,NO
1194.2803185305802,167.37299524655913,NO
1192.6840582390403,168.37790620861134,NO
1191.1027529969665,169.19323019560386,NO
1189.064613325748,170.20443233337406,NO
1186.9834009573626,170.7854892921869,NO
1185.9960760368735,170.8332315724106,NO
1185.0018927669753,170.83911480276282,NO
1184.0060954236928,170.81713727694358,NO
1183.0071875837918,170.78437247177928,NO
1181.9977661135931,170.77214358862344,NO
1180.9808642364062,170.8644550015878,NO
1180.0161035597891,171.0535019597368,NO
1179.1151882572108,171.30853996871264,NO
1177.088517020512,172.20520863289806,NO
1175.0725191213467,173.16092338922084,NO
1174.7121877137852,173.39239627575216,NO
1173.0626423588146,174.15317890189166,NO
1170.991600008316,174.96140544246893,NO
1170.0323311105901,175.1466656786358,NO
1169.1170630029867,175.39109686830756,NO
1167.0750025075295,176.16587093136533,NO
1165.1064603978846,177.20506131047117,NO
1163.1855318183711,178.3538680140894,NO
1162.0316982567933,179.05784772188173,NO
1161.3524025210786,179.5795858796191,NO
1160.0933096409242,180.16647066039133,NO
1159.013699999508,181.01728504657513,NO
1157.9711694389098,181.96585251376274,NO
1157.3384249169458,182.41300506938214,NO
1156.110977272767,183.18196677952744,NO
1154.0366789004759,184.27120966706252,NO
1152.0720073936411,185.08496224634337,NO
1151.0545950308042,186.05678195859332,NO
1149.0485847573862,187.33077568150287,NO
1148.0212274538364,187.43304004534227,NO
1147.0045814347645,187.46730634163092,NO
1146.0,187.4725490204915,NO
1144.9954130798862,187.4678658472502,NO
1143.9150370570892,187.70874106396488,NO
1142.9826049569724,187.94965669732153,NO
1142.0191834592947,188.15106973797535,NO
1140.01787087679,189.02509023688307,NO
1139.3934547901365,189.61427129391944,NO
1138.1455484773874,190.23094523501962,NO
1136.2269071122587,191.4150166379312,NO
1134.0227384142909,192.21880360723554,NO
1133.0,192.2843137254902,NO
1131.9967190478774,192.27888093795062,NO
1131.064419874381,192.3775493958496,NO
1129.0156049677655,193.05425120275828,NO
1128.1087436531934,193.30015992696735,NO
1126.0111840748973,194.04959894144162,NO
1125.0666322562183,194.25489481305647,NO
1123.031594737136,195.0635306692103,NO
1122.2977388271045,195.51673058732013,NO
1121.048232963792,196.11727710738714,NO
1118.9783617227074,196.85459077308903,NO
1117.9980206434861,196.9842270027838,NO
1117.0622366145296,197.16816368378707,NO
1115.9486855562438,197.91816935404583,NO
1115.1336464040044,198.21269018331424,NO
1114.0349814604895,199.05267865648798,NO
1112.964283983852,199.94749035655514,NO
1112.1600675308805,200.27245535327742,NO
1111.0262683624514,201.04827979467757,NO
1110.2431315203567,201.5041201672627,NO
1108.2154589352444,202.40988363034117,NO
1107.0658037637959,203.0947901479299,NO
1106.069509776437,204.05636414341453,NO
1105.1193326722355,205.11239897139006,NO
1104.1241678529118,206.12698984090758,NO
1103.1191935320137,207.11919353201375,NO
1102.1269739463116,208.12415231152823,NO
1101.1142196788771,209.12329673560217,NO
1100.0266434757066,210.04458377039808,NO
1099.3055046049058,210.5185745122666,NO
1098.0589268371411,211.12958183559624,NO
1096.930480952775,211.84127355010222,NO
1096.0441991846706,212.10181205435757,NO
1095.3068577593692,212.57514867560872,NO
1094.063834629073,213.12501530131806,NO
1092.1724306372075,214.26648371548774,NO
1091.0579234546938,215.08651456051368,NO
1089.9935248283691,215.9920970729975,NO
1089.3754949025513,216.52152069373176,NO
1088.0841205966956,217.18159031656018,NO
1086.0207485131054,218.121317777276,NO
1085.107795133524,218.33872991129292,NO
1083.086406481243,219.2277520152919,NO
1081.0897168247993,220.19092447296345,NO
1080.0023822068542,221.0029107705949,NO
1079.4654281481653,221.57275522618937,NO
1078.3982687840016,222.4545729119129,NO
1076.041205780247,223.3561855577966,NO
1075.012262392834,223.44670144800455,NO
1073.9893710497795,223.45173037006083,NO
1072.004587997581,224.01129086534536,NO
1071.073465036541,224.3113518115425,NO
1069.0724511969054,225.15420972620592,NO
1067.9937229742611,225.99298338497647,NO
1066.9479639356218,226.91119465266752,NO
1066.0365845028532,227.16946217884723,NO
1063.9719597710307,227.92368596897387,NO
1063.0136787359247,228.11886349961043,NO
1062.0914275330206,228.3041919704334,NO
1060.068338736172,229.17848469623067,NO
1059.7192832629516,229.38348921799655,NO
1058.0503755722582,230.132887282884,NO
1057.242278225282,230.55518927438544,NO
1055.210070769838,231.39619565144486,NO
1054.051777511221,232.08421400511008,NO
1053.0000263153868,233.00002767652796,NO
1051.9957053854366,233.99560623101794,NO
1050.0254466487147,235.14124320142753,NO
1049.0697040876476,235.31548532871147,NO
1047.0290268507183,236.061441275247,NO
1046.3440715607585,236.48597244698723,NO
1045.1728404421697,237.23173421735893,NO
1044.0712824241139,238.10282552262248,NO
1042.1936551619392,239.36547664973213,NO
1041.0298905669742,240.05901470758712,NO
1040.2661419936098,240.5141544097061,NO
1038.121729878266,241.37569868310962,NO
1036.027872131929,242.07802552221293,NO
1035.2310255511895,242.4394971668995,NO
1034.0471003743214,243.0875849762927,NO
1032.940742851562,243.89497513908694,NO
1032.0869160452621,244.1750505478949,NO
1030.052639015968,245.14404086675643,NO
1028.038384543119,246.07356352673273,NO
1027.4194409218971,246.58565292031037,NO
1026.2161764637708,247.31012656432173,NO
1024.1075591423382,248.3233945007616,NO
1022.0075891253337,249.06925931368622,NO
1021.0155398550712,249.16862395262623,NO
1020.0951003931768,249.34312221459228,NO
1018.0734712438339,250.17584920655318,NO
1016.9711581911603,250.95956042846655,NO
1016.241687303288,251.35125220970681,NO
1015.0650292311285,252.11363144978097,NO
1013.9806238873751,252.9756940551924,NO
1013.3711269087604,253.43196737503342,NO
1012.4239098674777,254.37403810448765,NO
1011.543974117455,255.4777337216732,NO
1010.3881861961166,256.4971801439848,NO
1009.097734442477,257.20141380448996,NO
1007.057621726033,258.136116630131,NO
1005.9455183111319,258.9129734796366,NO
1005.1499406143278,259.2232313442347,NO
1004.0765703836402,260.09516420692836,NO
1003.047766595971,261.0496147076554,NO
1002.1043035032745,262.0723766203302,NO
1001.411348114265,263.2124174792462,NO
1000.0379790649316,265.0494611084231,NO
998.2264680349659,266.3399508929504,NO
997.0937864037433,267.13601668010745,NO
996.0074794698799,268.011411837755,NO
995.259454743979,268.4425250023292,NO
994.0522746277094,269.1083510441783,NO
992.9422791654507,269.90498262824246,NO
992.1384523442979,270.2068511078021,NO
991.0615387414325,271.0795600766919,NO
989.9942895177498,271.99164319642756,NO
989.2508531343148,272.40860004005805,NO
988.0537423662386,273.110835871037,NO
986.9374553861275,273.87085695777756,NO
986.0569518811072,274.1355783642346,NO
984.9346322890049,274.86042256657413,NO
983.6574869782254,275.36500395419375,NO
982.0440370984951,276.13154489937006,NO
979.9972162827179,276.98956637212586,NO
979.0685147812519,277.2124187523854,NO
977.0061327577545,278.02930750599177,NO
976.0642931998824,278.22933705529874,NO
974.0068677748438,279.02924724929227,NO
973.0701258844654,279.23334571410305,NO
971.0534708080771,280.09746715552245,NO
969.983760276346,280.98062026974696,NO
969.3975992419147,281.4591421221334,NO
968.2888619422345,282.37503505355596,NO
966.6789910295128,283.3541605599977,NO
965.0096310877868,284.05155464560676,NO
964.0867231964363,284.26490531789733,NO
962.9788674715521,284.97081000879757,NO
962.3020042200803,285.3846579854568,NO
961.2068128609933,286.24057822528164,NO
960.1410041972231,287.1652896286119,NO
959.0770926519273,288.0956786612954,NO
958.0165550619365,289.0213991462198,NO
957.4781280023786,289.55631242094955,NO
956.256974502197,290.3871749103653,NO
955.049850789508,291.10889735693416,NO
953.9318911064419,291.85744272518275,NO
952.6654112682882,292.3984716121902,NO
951.1816782045832,293.2878900886455,NO
950.0394900641969,294.06896967150004,NO
949.3372918581232,294.58937315860493,NO
948.0706995572274,295.14300592495067,NO
946.979132556502,295.97126846108887,NO
946.2578892709582,296.3716308528118,NO
945.1174414797201,297.17592640253105,NO
943.2323717377279,298.3761179697245,NO
942.0962844253158,299.1404985285966,NO
941.0133980968999,300.0193889281736,NO
940.3607589449103,300.49574224544693,NO
939.1812227530994,301.2682399279005,NO
937.2026679943459,302.45554925291816,NO
935.1838165130305,303.3339636699938,NO
934.0357767570397,304.0638018860035,NO
933.3704051068765,304.55786074313215,NO
932.186993968438,305.2597989916596,NO
931.115012264745,306.1370529436982,NO
930.0418018250923,307.0579509060134,NO
928.0694675328211,308.1936047817278,NO
926.0130219398292,309.03632435762336,NO
925.1918186410544,309.3528515685222,NO
924.0637388658406,310.0921691477194,NO
922.9897934411351,310.9851125021437,NO
922.2457491039394,311.3765247043221,NO
921.0836595940475,312.1413676411133,NO
919.0730078269081,313.17884985586693,NO
918.7234869674169,313.396698870365,NO
917.1318180549165,314.2148662129025,NO
916.026113793802,315.0421838209846,NO
915.3335429557756,315.5339973346716,NO
914.0982923248373,316.18060393363345,NO
912.0514587407018,317.15801638812417,NO
909.9875403566034,317.94471032978845,NO
909.0379479734144,318.13992400180933,NO
907.0070775110902,319.01741292435077,NO
906.1432498241461,319.3168623658048,NO
904.1314248118271,320.2592800665964,NO
903.0106879138152,321.0180920652592,NO
902.2942259528395,321.43798020460474,NO
901.1404194445012,322.20221502197785,NO
900.0278399651966,323.04733332542384,NO
899.2769018795889,323.50765343155155,NO
898.043281412933,324.1014174389208,NO
897.2227626019535,324.52949490814035,NO
896.0224928660774,325.0498056331919,NO
895.2579037371513,325.45230354736753,NO
894.0618715689097,326.11259857074316,NO
892.1259326821653,327.2412954744928,NO
890.2342165750229,328.3585793482805,NO
889.1191392437235,329.1603714100843,NO
888.0355854807236,330.0503774025323,NO
886.9774700177006,330.97220146913554,NO
886.2943698826936,331.3983388392064,NO
885.143729753154,332.2132575626303,NO
883.1687205325516,333.37003480489705,NO
881.0139950114684,334.1005275419274,NO
880.090159566886,334.2999732728027,NO
878.0949689246095,335.213554470346,NO
876.0360650258394,336.19482954455526,NO
873.9994384666545,336.9987100625257,NO
873.1029750873493,337.3117757786549,NO
871.0900997198097,338.23213928045527,NO
869.9792819323944,338.96982129298647,NO
869.296868545761,339.3652382614199,NO
868.3404061788227,340.2660584788684,NO
867.5277212996617,341.43475484886596,NO
866.3493915759913,342.46096200883204,NO
865.178164363863,343.24970526072633,NO
864.0883663547692,344.1177712800046,NO
862.5096351163462,345.3570273054066,NO
861.1195006908715,346.2432389915723,NO
860.0080977424176,347.012278115669,NO
859.3776562130904,347.4656987581616,NO
858.2929496020954,348.32029855354773,NO
857.2563210752841,349.27974583228416,NO
856.2006345258168,350.2324812698452,NO
855.1437365558867,351.1670846246781,NO
854.1131251517311,352.12166290557064,NO
853.0926933089806,353.1001662590694,NO
852.0558415358248,354.0669744987324,NO
850.9979563128036,354.99713883805083,NO
850.2811249565722,355.42548643390234,NO
849.0907397136034,356.16086552832735,NO
847.1012254412767,357.21133898268465,NO
845.1484316686333,358.28615912960873,NO
843.1283595329573,359.29075916054063,NO
841.1026295954713,360.22333902500867,NO
839.1153295492953,361.2193417139475,NO
837.1435868207523,362.2824953781855,NO
835.1683916260316,363.33549124301425,NO
833.1710599075728,364.3561115121871,NO
831.1960319023561,365.3719201571208,NO
830.0354122462888,366.0657448643126,NO
829.3013503431772,366.5468950610445,NO
827.6797999829198,367.37886701492164,NO
826.0270395916498,368.0993411073853,NO
825.0904344740349,368.34350514414353,NO
823.0968953980341,369.15845248276753,NO
822.0052783600753,370.0084319158118,NO
821.2467694100441,370.43123564934695,NO
820.0376028057221,371.0888880597002,NO
819.2116177633105,371.4907454871409,NO
817.0838411037325,372.2431653112379,NO
815.0242871939222,373.07490516910485,NO
814.1759888594163,373.3936860575232,NO
812.1264927405952,374.2932653018001,NO
810.0537269955215,375.14180899513116,NO
808.9302840448381,375.873216972508,NO
808.0886830922167,376.1547753363496,NO
806.1484533268246,377.2815985216307,NO
804.1238817305048,378.317815635007,NO
802.0781501397424,379.1503411139588,NO
800.9976230336918,379.996808702758,NO
800.3026936449686,380.4286040462792,NO
799.1134229827062,381.17805507657374,NO
798.0297353049599,382.04233582061414,NO
796.966291178945,382.95235387843354,NO
796.1926308481702,383.2887555464719,NO
795.0584591649737,384.09793527442224,NO
793.1272846038265,385.2485080376273,NO
792.0104411945914,386.01716914728826,NO
791.29197263302,386.4414728664199,NO
790.1036391275904,387.16313567083967,NO
789.0257579527566,388.03539693259137,NO
787.9735146926571,388.9654574141495,NO
787.2358921317752,389.33061684991276,NO
786.0732287786279,390.13158296243853,NO
784.1565667426319,391.2655689054562,NO
783.0376302744094,392.06063394106735,NO
781.9440260434095,392.89233995096555,NO
781.0767021341508,393.1614231261103,NO
779.1642448497225,394.2511399365758,NO
778.0859825418281,395.10524263618737,NO
777.046573312659,396.05623403021224,NO
775.2131980697338,397.3447662255916,NO
774.102105543196,398.1374923065289,NO
773.0362050191063,399.04740852778235,NO
771.9900225654961,399.9881434077636,NO
771.3222726686503,400.47445701763894,NO
770.1001852155232,401.18520478001886,NO
768.1092882864624,402.2074247043925,NO
767.0176741551102,403.02378997322893,NO
766.489055014998,403.53766884478273,NO
765.3160977910121,404.38327606900936,NO
764.1535443967434,405.2334471008497,NO
763.0401256432443,406.06585283623167,NO
761.9607289003989,406.9439541594082,NO
761.2227602850155,407.28122971188725,NO
760.1620520357123,408.1882584765896,NO
759.0862418754779,409.1136111904535,NO
758.0342202034129,410.04158915681194,NO
756.9948878351389,410.9936770591487,NO
756.3446141549861,411.45032399732844,NO
755.1078461910223,412.20525565945377,NO
753.086190930714,413.2002415589606,NO
751.1830176512901,414.27805319875637,NO
750.0769523087812,415.1060346209986,NO
749.0187490290675,416.0240168834138,NO
748.4899134941069,416.5962351552187,NO
747.3059877952558,417.35418365710893,NO
746.1947454312306,418.2488028855115,NO
745.090995475035,419.1301501501322,NO
744.0305822538617,420.03742835727917,NO
743.0059426958352,421.00634422972263,NO
741.9928784352472,421.99213395269487,NO
741.3789291752237,422.49197108634183,NO
740.1147282967776,423.22524638898483,NO
738.0632527382597,424.18666328589666,NO
736.0011986586147,425.0035383824789,NO
735.1172812224888,425.2736561976379,NO
733.0877983195204,426.1997859668598,NO
731.099054370643,427.1853982179633,NO
730.0162370783517,428.020647148841,NO
729.5557683188118,428.58255230121927,NO
728.5088532916742,429.53279931756344,NO
727.2570689219378,430.3895323823179,NO
726.085350752432,431.13774754598575,NO
725.0139901572028,432.01833874612163,NO
724.4638649724563,432.5625596557692,NO
723.2814732987001,433.3511610908941,NO
722.1431786757836,434.2010876768428,NO
721.0518407942574,435.0742346073302,NO
719.9817172482004,435.97429553787435,NO
719.2534108567594,436.3611771735071,NO
718.1204017666852,437.17442233706555,NO
717.0197659646951,438.03349970628443,NO
716.2338025839198,438.46696808627587,NO
714.2476527135054,439.4365711638962,NO
713.1050576326066,440.13502432354136,NO
712.0737353522013,441.0770539558879,NO
711.0701705872273,442.0717342778264,NO
710.0452503339345,443.0539080953564,NO
708.9951640734083,443.9934833405581,NO
708.2899950669696,444.4257914249132,NO
707.1339189228592,445.1879824838862,NO
706.075738360228,446.0878193247726,NO
705.0596669485159,447.0606655575567,NO
704.0500298574341,448.05387283232193,NO
703.0205230816928,449.0242981301633,NO
701.2168523937888,450.3312766505812,NO
700.1048060508732,451.13980216249723,NO
699.0413079429799,452.0550995728634,NO
697.1310190496408,453.2478820226663,NO
696.0171004101868,454.02753351041514,NO
695.3373775652939,454.4886679688725,NO
694.1596517648834,455.2156904227104,NO
693.0896606252719,456.1090239512549,NO
691.5233240910364,457.325458602671,NO
690.9753352676238,457.9694128427218,NO
690.331052181792,458.35188761284945,NO
689.2750805553601,459.3108555534492,NO
688.1734504131872,460.23853498547555,NO
687.0661925409028,461.10190007561295,NO
685.9885171935314,461.9839317138044,NO
685.3221828005023,462.39549384598007,NO
684.2137662760512,463.2822382838757,NO
683.0429344004652,464.093788739925,NO
682.2750336268853,464.56710473391837,NO
680.6239469450228,465.38633635966943,NO
679.9708731574657,465.96336865725675,NO
679.2846253576292,466.3636234183201,NO
678.1598083433065,467.2047914269137,NO
677.0791167414903,468.10444499913115,NO
675.9973121718662,468.99577627003265,NO
675.2460542602929,469.3897273189619,NO
674.1243917879568,470.1673173502529,NO
673.0425802335454,471.0601132695962,NO
671.9761457337322,471.9682074095185,NO
671.221754669499,472.37244097995637,NO
670.0362078854071,473.07586414228456,NO
669.3245299787256,473.51892664138467,NO
668.1223298981532,474.1956765562085,NO
666.0259269722021,475.1555618332127,NO
663.9741771845916,475.9430682880178,NO
663.1277565846027,476.2295096031476,NO
662.1630814476066,477.11782848028133,NO
661.175790861091,478.2212424791111,NO
660.0311988862323,479.0608137235569,NO
659.2379607398378,479.48120950607137,NO
658.0458568581603,480.0855480842488,NO
656.9697962982768,480.96391186420277,NO
656.3449509207863,481.3789878281912,NO
655.3214488511619,482.3531667684744,NO
654.1918968278123,483.27628276927186,NO
652.2374076065487,484.42225933657255,NO
651.0599700606939,485.1032750199432,NO
649.9801674847171,485.9740059274034,NO
649.2602242036872,486.3897475919325,NO
648.1134855695377,487.16221631243394,NO
647.0590184324167,488.06522129880386,NO
646.072460590351,489.06310441671803,NO
645.1354079236831,490.11688049559143,NO
644.0711499220914,491.10215095332006,NO
642.99848664765,491.9980862646203,NO
642.4058085784441,492.53737208486217,NO
641.2982296287367,493.35103488724525,NO
640.1864219751131,494.2438399459361,NO
639.0286470703094,495.05845643399044,NO
638.2603647185913,495.4773353039137,NO
637.037211630953,496.0885033431229,NO
636.279530453092,496.5119661046103,NO
634.6433251311752,497.36513860371616,NO
633.2172965192876,498.2975429520862,NO
632.1214727445516,499.1551659242612,NO
631.0284017949841,500.04481409291435,NO
630.3563504055979,500.54005368776865,NO
629.1217523284512,501.20566619927257,NO
628.0239147097095,502.03313672182315,NO
627.5239353471571,502.5615834330614,NO
626.5073855585167,503.5093111377278,NO
625.3339427822151,504.44807513098505,NO
624.1399781174149,505.2283853570293,NO
623.0184314745668,506.0341435522703,NO
622.2331730361434,506.43712491153417,NO
621.0397323005016,507.0825756348668,NO
620.2860838637205,507.55184481523867,NO
618.6395442329707,508.33029528171045,NO
617.1217922806736,509.1987931795975,NO
616.0446102406349,510.05826939872907,NO
614.9921614706766,510.98994966822113,NO
614.333693184929,511.42612146708416,NO
613.1482344032981,512.2325128329463,NO
611.1850741458017,513.428283989878,NO
609.1878008101789,514.3844974645856,NO
608.0247614465155,515.04852402469,NO
607.2845854562503,515.4770788014657,NO
606.1029974783082,516.156144958597,NO
605.0305542729493,517.0392160734887,NO
603.9910024888251,517.9895266381126,NO
603.3922990353675,518.4609318749763,NO
602.2503942788851,519.3151349886563,NO
601.1624113115714,520.19695505524,NO
600.1000080619808,521.1218747822385,NO
599.0452525148993,522.057015401818,NO
598.0074958315712,523.0083011689026,NO
597.006573587791,524.0059490970222,NO
596.0726468690161,525.0526841682231,NO
595.1735697291698,526.1323208507039,NO
594.3107536077915,527.2320474512285,NO
593.9587294689849,527.9707443232428,NO
593.0565505898559,529.041037960593,NO
592.0859526668185,530.0965744585507,NO
590.0338039472334,531.1296035438858,NO
587.9761246085997,531.9388739940114,NO
587.0959444553623,532.2011884929336,NO
585.1952744843077,533.3178493776326,NO
584.0688111576496,534.1001532252126,NO
583.0165036735187,535.0190714306539,NO
582.0037662432842,536.0036979434564,NO
581.0293656980376,537.0245130434721,NO
580.1123488410367,538.078482921235,NO
579.2965453660277,539.1963718735174,NO
578.5641814530375,540.4559822566403,NO
577.2990149825863,541.5158008840517,NO
575.637803257239,542.3925060092523,NO
574.9697426682771,542.9634757790282,NO
574.399702934866,543.399702934866,NO
573.4505552282876,544.4005830652491,NO
572.1751658257182,545.3114504428286,NO
570.1504274977234,546.3219072059517,NO
568.4763635869585,547.3657679838334,NO
567.984702960477,547.9817181725199,NO
567.3152361930578,548.4083598672796,NO
566.1598965233612,549.2258950919102,NO
565.0573793445209,550.0898156166177,NO
563.1915911336049,551.2905019964788,NO
562.0660774862994,552.1023323842469,NO
560.9946854986447,552.992862453723,NO
560.3048943641749,553.4212855571437,NO
559.129666046426,554.19304760013,NO
558.0487263692861,555.0670575138915,NO
556.9924115388937,555.9901816465542,NO
556.3114493819646,556.4197241905816,NO
555.1459297782825,557.2077416440068,NO
554.0929236933692,558.103591671304,NO
553.1328546394243,559.1085693817657,NO
552.2517786477468,560.1890123035528,NO
551.3531797008852,561.3160639382047,NO
550.2706685181341,562.3297976107995,NO
549.1492251890379,563.2004035011937,NO
548.0661461976556,564.0899413644689,NO
547.0052963021927,565.0070074151122,NO
546.3518238652891,565.48319156853,NO
545.1364973083971,566.2179072428709,NO
544.0405241702094,567.0584301971325,NO
542.9931667512651,567.9924524090333,NO
542.5019107022392,568.4907364325627,NO
541.5217733379985,569.5359850961198,NO
540.412089108405,570.4853494297636,NO
539.1671813621787,571.296314555422,NO
537.1272106043722,572.3013256681379,NO
535.2841183433245,573.3548757884707,NO
534.2219845665068,574.2319135986157,NO
533.1826446235646,575.1974844937178,NO
532.1876896509954,576.1753381148112,NO
531.259475446295,577.2197865501191,NO
530.3801603150815,578.3290667464854,NO
529.4565080880499,579.4466019520427,NO
528.3951031883275,580.4320978680984,NO
527.3113204862727,581.3459116329217,NO
526.2829850276505,582.2945158429421,NO
525.2799948890927,583.2865941045604,NO
524.2268203755998,584.2680604438906,NO
523.094983794529,585.1547196930486,NO
521.1493038695769,586.296113402525,NO
520.023935868047,587.0386850810901,NO
519.3661419370229,587.533096063402,NO
518.1659268011362,588.2278080860768,NO
517.0875854676652,589.1127715948741,NO
516.0236278885639,590.0346049323391,NO
515.3058588485804,590.5569014664801,NO
514.0778794324407,591.1380239425183,NO
513.0038878047753,592.004911516402,NO
512.4560048667264,592.5002771881933,NO
511.237012997475,593.3312637927327,NO
510.07128859946295,594.1321482054352,NO
508.0746542359275,595.1476346137331,NO
507.0002443856665,596.0003075499418,NO
506.30832037395106,596.5052180805932,NO
504.20220146912413,597.4567804301978,NO
503.04256348371183,598.0666560248638,NO
502.0479525187957,599.0351890394442,NO
501.14657672362796,600.1120880860092,NO
500.28687359433195,601.1992973405921,NO
499.36316839049755,602.5660342899208,NO
498.1939770138738,604.1351046132145,NO
497.2553663372486,605.2512673639898,NO
496.1448240116603,606.2032899970897,NO
495.05066663883423,607.0755646737493,NO
493.1726369125243,608.2877281675404,NO
492.0596726329085,609.0831503915184,NO
491.02215776657005,610.0237169062734,NO
490.0133023480124,611.0142383728084,NO
488.19166966694627,612.3526543868787,NO
487.0360800418336,613.0660068978907,NO
486.41715730377655,613.593902738956,NO
485.2324291630845,614.2716340808753,NO
484.1345984935472,615.1843108368215,NO
483.04466873484785,616.0674202107922,NO
481.1939283681524,617.2885466400373,NO
480.0890705991063,618.1221277256064,NO
479.02198890828515,619.0306846825794,NO
478.3899671403779,619.5591309583768,NO
477.2034024143083,620.2595909281772,NO
476.18136848678785,621.1808087017127,NO
475.2020055578565,622.1897813248976,NO
474.2270464789906,623.2144132867717,NO
473.2293365365727,624.2293365365728,NO
472.2159801409625,625.2243004032146,NO
471.146961422146,626.189825161925,NO
470.0581928134699,627.0829223088961,NO
469.00244394920765,628.0029958086467,NO
468.4323912478391,628.4977227247978,NO
467.2839198872563,629.3599993614692,NO
466.0794037217079,630.1656963458028,NO
464.0747560386157,631.1439180959368,NO
463.11530422376626,632.0715142110693,NO
462.31841232286604,633.2180078544835,NO
461.32733504539726,634.3472089461704,NO
460.14476447074696,635.2167315124259,NO
459.0594603517409,636.0777124191164,NO
458.01429629545964,637.017806924323,NO
457.4218223149394,637.5791762273906,NO
456.1618515978217,638.2607795807517,NO
455.03313083395665,639.0605539787298,NO
454.28116155452204,639.5374482429239,NO
453.07062386960564,640.1259196348842,NO
451.1982617224203,641.3035625481474,NO
450.1048140152775,642.1299831769079,NO
449.06269912643774,643.0750650584839,NO
448.0197915486009,644.0233690289281,NO
447.0005646946248,645.0005751243531,NO
446.0090608331,646.0081817969987,NO
445.05057160946893,647.0422157584576,NO
444.0669971471831,648.0692618399191,NO
443.03987450336405,649.0457731006773,NO
442.0195860547448,650.0204589716332,NO
441.02338049491095,651.022562334758,NO
440.0158092122042,652.0177282483453,NO
439.45270002617997,652.611249340553,NO
438.2557951570385,653.325557470351,NO
437.32660539423205,654.2566185258079,NO
436.5617300293717,655.4297800009691,NO
436.0014638421401,656.0013498242068,NO
435.0093655203554,657.0093900373499,NO
434.005034431398,658.0051274157287,NO
433.0051314028497,659.0050383462136,NO
432.0068624840509,660.0071380858485,NO
430.9784278304306,660.9719922963757,NO
430.2240251355623,661.352313045403,NO
429.0845728847401,662.1241792019,NO
428.0314157098027,663.0374695405744,NO
426.9996994339397,663.9996407869083,NO
426.36667203146766,664.4933263575157,NO
425.15898849893034,665.2351324098846,NO
424.0581176152232,666.0854555140533,NO
422.9915735399487,666.9886210123768,NO
422.2960789137194,667.4105709629688,NO
421.10188554027525,668.1753901266948,NO
419.9987767013529,668.9979864683703,NO
419.27270588770364,669.396663117212,NO
418.1603818059743,670.1987155965102,NO
417.070615091688,671.1035939769022,NO
415.1025511250691,672.2332639687219,NO
413.11116373533196,673.2154276436403,NO
411.1833511759029,674.3508571967585,NO
410.0146229590396,675.0350660022368,NO
407.99017113482853,675.979014044578,NO
407.1584004380232,676.2873056347466,NO
406.0467241302818,677.0662719820374,NO
404.9965687282062,677.9959006929756,NO
404.43156850755145,678.4734683667316,NO
403.38272040385675,679.3980850607302,NO
402.4488600517687,680.4006290126309,NO
402.00552158730727,681.0039216926691,NO
401.14199027943806,682.0904208020045,NO
400.23627942029077,683.2184470101265,NO
399.18474423373067,684.2169594261377,NO
398.1911756298744,685.1808088581371,NO
397.2822094269513,686.2269945245216,NO
396.4532484652729,687.3412260843738,NO
395.9921312507108,687.9937367132582,NO
395.00521918985544,689.0059191393234,NO
394.4585917449179,689.5428423898862,NO
393.34960808561664,690.3997456681258,NO
392.361009239736,691.343337455655,NO
391.44599028268084,692.3975640089537,NO
390.46623244550653,693.4787367377197,NO
389.35742513583637,694.4334419412432,NO
388.22777286789466,695.2968776242285,NO
387.07576429604256,696.1254799662514,NO
385.195851464646,697.3298064870584,NO
384.1085182812195,698.1265433584294,NO
383.1364220877141,699.1147989885534,NO
382.1900025339068,700.1718512914507,NO
381.17206105141713,701.190234449098,NO
380.10231433981266,702.1282032313306,NO
379.06381444443076,703.0701464241856,NO
378.0278570783647,704.0349561381736,NO
377.4040441889033,704.5929226783435,NO
376.12875095548964,705.2217377583746,NO
375.0329014175182,706.0467662256082,NO
373.9798978677053,706.9758715212112,NO
373.3528358184837,707.39380179158,NO
372.30740245031643,708.3292427706511,NO
371.29746543684183,709.2974654368418,NO
370.31394576167844,710.2993678469718,NO
369.34811752003696,711.3194894368237,NO
368.41228085578064,712.3786824198862,NO
367.4562311397447,713.4463310134614,NO
366.4968224934323,714.4858023846203,NO
365.5135578410984,715.5135578410984,NO
364.4857949620692,716.4968149025054,NO
363.52677983173743,717.5014632773922,NO
363.0045025127636,718.0038807108234,NO
362.05705861945717,719.0452096088422,NO
361.12096194667777,720.1003177691244,NO
360.1457545456341,721.142727011983,NO
359.1223980556586,722.1328946829335,NO
358.0942772360315,723.1011287846899,NO
357.09743340952616,724.0918959289702,NO
356.1245762960753,725.1165391209313,NO
355.13302085661627,726.1362358726719,NO
354.10770303413705,727.1228434027989,NO
353.0780484691018,728.0860721380586,NO
352.0414543754901,729.0497708384219,NO
351.00535576089203,730.0062340113268,NO
350.38645603503664,730.5782735867054,NO
349.1696846364208,731.2488708048714,NO
348.0706262922762,732.0922850227388,NO
347.0755595656235,733.061962731826,NO
346.12071666292917,734.114959687488,NO
345.08587929716373,735.1064439855096,NO
343.19716214936994,736.3576316035134,NO
342.0354098749157,737.0676999377255,NO
341.3805158295967,737.555717400771,NO
340.22165513385573,738.2831040901307,NO
339.1512427596581,739.1788398341486,NO
338.0453337267062,740.0751985490931,NO
336.9429987965796,740.9021689664595,NO
336.11122691970417,741.1955558242622,NO
335.0186027475155,742.0251648827967,NO
334.46017307027597,742.5602533653656,NO
333.27560193996004,743.3709142848744,NO
332.15332581485524,744.2111958806265,NO
331.03854646772135,745.0641425397033,NO
330.45458715949127,745.618921483679,NO
329.2696840557903,746.3436296587944,NO
328.1314775462545,747.1893379866292,NO
326.2273476603017,748.4233770236749,NO
324.6036372746467,749.3302836933477,NO
323.16261958143065,750.2445904323366,NO
322.1098995649979,751.1207322685261,NO
321.1104373572317,752.1124668395023,NO
320.04589912127693,753.066174563213,NO
318.18517037591783,754.2845691698261,NO
317.1519102319176,755.1490304181766,NO
316.26632525084653,756.1974684971054,NO
315.47716113570186,757.3736414302158,NO
314.9819283437847,757.9837090389894,NO
313.5273529102313,759.5378370683361,NO
312.5664484961104,760.5256040092862,NO
311.9955057576623,760.9958018209671,NO
311.00986947373065,762.0095034536935,NO
310.0115078738598,763.0116957578499,NO
309.00133703215477,764.0014391533409,NO
307.9803302219892,764.9780572698323,NO
307.4056923680303,765.4580397703568,NO
306.3264804001871,766.3586947891945,NO
305.23905360272414,767.2800087875241,NO
304.14815414284266,768.1880936957635,NO
303.04974564416335,769.0738161191994,NO
301.9802822801891,769.9753449380976,NO
301.3547622420624,770.4490563247346,NO
300.337277671161,771.3556865893978,NO
299.3716496794157,772.3521988261508,NO
298.4423434931324,773.4072235824855,NO
297.9631114490573,773.9665479380832,NO
297.0055917830585,775.0045224379681,NO
296.2637532373169,776.103673611597,NO
295.2660346335745,778.0984734497307,NO
294.2793450542226,780.109731137958,NO
293.1575084420583,782.0926963563737,NO
292.35255260892086,783.2727293727022,NO
291.5005517290595,784.4038349428567,NO
291.00012808768383,785.0001034674301,NO
290.06269969763866,786.0496792392058,NO
289.1277623283044,787.105781715765,NO
288.1662946698769,788.1568489293711,NO
287.15665106214436,789.1660848867099,NO
286.13716651516495,790.1418162291379,NO
285.18179227297725,791.1526638980644,NO
284.34559890180094,792.2448204377677,NO
283.07335591070375,794.0540706937685,NO
282.1462109400474,795.1211346571001,NO
281.20597292931444,796.1786313996603,NO
280.3136657371996,797.2449041877425,NO
279.1948629244746,799.0875595532848,NO
278.1793616957852,801.0863888930879,NO
277.9029037870131,801.9467193849204,NO
277.04809612715934,803.0335451063885,NO
276.1448823219859,804.1071681077538,NO
275.3076774594158,805.2158075758675,NO
274.0727692064076,807.0478244851041,NO
273.1402765980331,808.1268069650139,NO
272.14888024156136,809.1400107820208,NO
271.2067825666158,810.1714643219525,NO
270.23500087539264,811.2211569455538,NO
269.2093939981419,812.2202137573389,NO
268.2059420702303,813.2029356223109,NO
267.2696062222397,814.2387714955279,NO
266.2946402397302,815.29849805318,NO
265.29517400251336,816.297103248765,NO
264.2924568957512,817.2992582403687,NO
263.33763506630044,818.3124220642451,NO
262.36621893271484,819.3662189327149,NO
261.36104115899826,820.3610411589982,NO
260.514240086789,821.4349907737441,NO
260.0142789161739,822.0107630853372,NO
259.1540426845197,823.0883793282152,NO
258.58432256555125,824.3270843468493,NO
258.05627720266074,825.0340136940881,NO
257.22244873777396,826.1442374614957,NO
256.4764633513428,827.3478107596135,NO
256.0147122360801,828.0099245252338,NO
255.1790960859368,829.1024303917798,NO
254.5297306110112,830.3385496329813,NO
254.02403895433125,831.0166547911044,NO
253.14119793966586,832.0933004026889,NO
252.2934646734171,833.2197915295324,NO
251.49663520324484,834.4133071448737,NO
251.0093445967943,835.0071305461275,NO
250.15127565152295,836.0840037001952,NO
249.56544579011896,837.3301255347451,NO
249.04824626232207,838.0325676663281,NO
248.12390231957275,839.1038567541207,NO
247.1551733188496,840.1315972600413,NO
246.20782516809834,841.1725815970055,NO
245.34002747446524,842.2712242717247,NO
244.13219950731346,844.0829685915361,NO
243.33018601584166,845.2267542688143,NO
242.15621079770486,847.0966199098874,NO
241.45853827825462,848.289231851967,NO
241.03495510271452,849.0184141652337,NO
240.3431678782491,850.1653187923174,NO
240.02367087175,851.0103120631768,NO
239.14361883543253,853.0509993404679,NO
238.2102517658818,855.1060029777215,NO
237.53185137502714,856.3702762527283,NO
237.0306927197224,857.0192163111968,NO
236.27337756171835,858.1443179205738,NO
235.33380772919577,860.1189595547958,NO
234.34635432769107,862.1463082212141,NO
233.33329504811192,864.145321168897,NO
233.00416485005456,865.0020824250273,NO
232.06966349505927,867.0348317475297,NO
231.13636526393833,869.0655088003472,NO
230.24800957623032,871.0790684032683,NO
229.97158126904463,871.9857906345223,NO
229.08112862507585,874.040564312538,NO
228.17868025327834,876.0721728032321,NO
227.2762744820902,878.095316118555,NO
226.98464143318384,878.992320716592,NO
226.06850211608065,881.0342510580404,NO
225.14836970517717,883.0677845889855,NO
224.27052290548068,885.0834880281432,NO
223.98500629126997,885.9925031456349,NO
223.68427871953023,886.9306651339258,NO
223.51086371424566,888.009590907814,NO
223.55545478363703,889.0261497187072,NO
223.6404004299502,890.0345497646498,NO
223.76937637160023,891.0343674413555,NO
223.92095886658936,892.0141034184384,NO
224.06473757513848,892.9909875135795,NO
224.18002878974806,893.983409110878,NO
224.25534761503175,894.9869822779563,NO
224.27590151001348,896.0043278671039,NO
224.2407635363023,897.0122742199627,NO
224.191067794884,898.0093660686562,NO
224.12633961701945,899.0099089895887,NO
224.05170469972012,900.0039538890294,NO
223.99536228304967,900.9998272223132,NO
223.95260660965775,901.9976767945218,NO
223.9219150344113,902.9990813533708,NO
223.94755852393138,904.0031876192456,NO
224.00182682131114,904.9999068679297,NO
224.05286352145384,905.9973049968435,NO
224.12054144685175,906.9891276342055,NO
224.19235765362143,907.9898163596239,NO
224.2337167672973,908.994042513756,NO
224.285168345136,909.974838086692,NO
224.35663734586916,910.9818184875612,NO
224.39268050496824,911.9946102675631,NO
224.42681902756203,912.9732191980706,NO
224.47859769727393,913.9821698900732,NO
224.5000000004902,915.0,NO
224.5000000004902,916.0,NO
224.5000000004902,917.0,NO
224.5000000004902,918.0,NO
224.5000000004902,919.0,NO
224.5000000004902,920.0,NO
224.5000000004902,921.0,NO
224.5000000004902,922.0,NO
224.5000000004902,923.0,NO
224.5000000004902,924.0,NO
224.5000000004902,925.0,NO
224.50326259247038,926.0029219846576,NO
224.57338950138734,927.0418245590006,NO
224.73663171001309,928.0500916163147,NO
224.92191099462872,929.0174551897726,NO
225.11320043105707,929.9726987204668,NO
225.30792056131224,930.9450573095984,NO
225.45899761659183,931.9712001493322,NO
225.5000000004902,933.0,NO
225.5000000004902,934.0,NO
225.5000000004902,935.0,NO
225.5000000004902,936.0,NO
225.5318351360717,937.0238672292611,NO
225.6476387619398,938.0490542141301,NO
225.80539885655529,939.0351045224205,NO
225.9799947701322,940.0041579495892,NO
226.16653133590594,940.957550835594,NO
226.37219239278036,941.9430764557926,NO
226.4919081463404,942.9932483195403,NO
226.5000000004902,944.0,NO
226.5000000004902,945.0,NO
226.5000000004902,946.0,NO
226.5000000004902,947.0,NO
226.53746266149963,948.0272080788368,NO
226.66461481402465,949.0499789669882,NO
226.84997618777922,950.0335347351432,NO
227.04219379826986,950.9894929167159,NO
226.11426515537525,953.312324762651,NO
224.0367286309793,954.0899397185133,NO
223.21648444679118,954.488636320937,NO
222.037955104935,955.0708212581093,NO
221.36008606538232,955.6035606144052,NO
220.13501099933208,956.189554109706,NO
219.06913218595727,957.0840717695879,NO
218.04571801326136,958.0478280729243,NO
217.0606622892958,959.0533223692504,NO
216.13073940281595,960.0976580317432,NO
215.3564911923194,961.2264848063897,NO
214.27108087550172,963.1221834668851,NO
213.9834647152805,963.9929736752046,NO
213.1947979110177,966.0538330402329,NO
212.9974993646766,966.9994272287981,NO
212.81669518671765,967.9682544721287,NO
212.6677334027135,968.961947122208,NO
212.56784908201206,969.9722361144599,NO
212.52793295963633,971.0,NO
212.56777181579406,972.0277688495709,NO
212.6657143875163,973.0373503478336,NO
212.81432960982704,974.0321552088053,NO
212.99636388188372,975.0008430106129,NO
213.19539857221832,975.9452883985695,NO
213.98665580125956,978.0055947350647,NO
214.27408697109038,978.87734718027,NO
215.35669122440464,980.7711403187978,NO
216.1335254326346,981.9002608956604,NO
217.0614123094963,982.9464275582509,NO
218.0447464500589,983.9538898485112,NO
219.06536781256054,984.9202291104082,NO
220.13312716550485,985.810678445312,NO
221.3597638904069,986.3969794012877,NO
222.03718088926254,986.9313899596314,NO
223.21196883125526,987.5180953659043,NO
224.03585661250466,987.9119422440488,NO
226.09060689949632,988.6521528282874,NO
227.02989478289464,988.8814173560821,NO
