X,Y,is_wing_root
196.5294620520017,969.9986856482071,NO
196.5831353150394,971.0349327967097,NO
196.72404887391863,972.0447071670743,NO
196.9204490363307,973.0197766359875,NO
197.13238181810036,973.9572595827361,NO
198.03011425327915,975.9841877961265,NO
198.43367618774766,976.7290605758088,NO
199.15773403186833,977.8728323487163,NO
200.10982866197432,978.8848783969735,NO
201.14363857799046,979.8219411203083,NO
202.30380147016606,980.5123186863195,NO
203.0239898996466,980.9546409453652,NO
205.04419949783815,981.8646875081492,NO
205.9812088483458,982.0764458211825,NO
206.95609117498753,982.2710234286814,NO
207.96310376111919,982.4127766836721,NO
209.0,982.4720670403636,NO
210.03689623888081,982.4127766836721,NO
211.04422175387984,982.2729549550781,NO
212.0393953677691,982.1931992059115,NO
214.126859409737,983.9365702951314,NO
215.1301693047927,985.9294041500107,NO
216.1614489445569,987.9127804506506,NO
217.208954534011,989.8890285063104,NO
218.27874642608393,991.8569632541241,NO
219.3785736026074,993.8136743638478,NO
220.0616199451706,994.9691900274147,NO
220.52865928132215,995.7557969804909,NO
221.10442182005582,996.947789089972,NO
222.12728150811006,998.936359245945,NO
223.12918814785917,1000.9319248082095,NO
224.1508030064723,1002.9156258751104,NO
225.21489793203637,1004.8199352094427,NO
226.1414133666175,1005.8585866333825,NO
227.1411104320142,1006.8588895679858,NO
228.1411104320142,1007.8588895679858,NO
229.1411104320142,1008.8588895679858,NO
230.1411104320142,1009.8588895679858,NO
231.1411104320142,1010.8588895679858,NO
232.1411104320142,1011.8588895679858,NO
233.1411104320142,1012.8588895679858,NO
234.1411104320142,1013.8588895679858,NO
235.1411104320142,1014.8588895679858,NO
236.1411104320142,1015.8588895679858,NO
237.14118146420668,1016.8617407982064,NO
238.13489799473857,1017.8729767550205,NO
239.12009211947378,1018.8886803536146,NO
240.10367047963993,1019.9039024276973,NO
241.0867411069029,1020.9198053921299,NO
242.06960276097206,1021.9354815722064,NO
243.05224080387637,1022.9525794178462,NO
244.02657995676216,1023.976803538122,NO
244.99366884610592,1025.0054531106098,NO
245.46985686684272,1025.5757444791832,NO
246.33386751672333,1026.6927566892325,NO
247.25885394576534,1027.7559376973727,NO
248.21893665102635,1028.7880744193403,NO
249.2004090944802,1029.8024662110088,NO
250.18716048479013,1030.8185662676442,NO
251.17192844360673,1031.8304299771019,NO
252.161914016192,1032.841987528154,NO
253.1489337864286,1033.8545705366444,NO
254.14329282516664,1034.8567071748334,NO
255.25711693567774,1035.5436323635427,NO
256.02053611056846,1035.9589277788632,NO
258.07137930153897,1036.827471831933,NO
260.07151133471774,1037.5691662806892,NO
261.0338991590852,1037.9322016818296,NO
263.0753567650702,1038.7698685521682,NO
263.9805022647903,1039.0389954704194,NO
266.05736996940584,1039.8815437893593,NO
268.0745699838306,1040.693232437322,NO
269.0042235884299,1040.9915528231402,NO
271.07293778012047,1041.813074031328,NO
271.96457986042486,1042.0708402791502,NO
274.03780006761116,1042.92319507827,NO
276.0764974095086,1043.740928761109,NO
276.98986089642744,1044.020278207145,NO
279.05928953866925,1044.872950993938,NO
281.078603670182,1045.6908255569788,NO
282.00427429030685,1045.9914514193863,NO
284.0720281955646,1046.82167775602,NO
286.08763979045887,1047.625117914245,NO
287.01919513167087,1047.9616097366584,NO
289.0720901174902,1048.821524454155,NO
291.07052867225457,1049.5523964767474,NO
292.0373602166572,1049.9252795666857,NO
294.0749095600406,1050.7401096755077,NO
294.9904160792264,1051.0191678415472,NO
297.0676789452592,1051.8512230098202,NO
299.07068720490463,1052.623127581398,NO
300.0224905627636,1052.9550188744727,NO
302.07489588895527,1053.7401571058062,NO
302.9902464043725,1054.0195071912551,NO
305.0501550606788,1054.8964409691343,NO
307.07679713535316,1055.7163551011915,NO
307.9973419820303,1056.0053160359394,NO
308.9283446446764,1056.2995428748995,NO
310.00768883824014,1056.5098365939202,NO
311.0689194776861,1056.7046308086253,NO
312.0113661283798,1056.9722644721785,NO
312.9407072365614,1057.2223478560368,NO
313.96663286916316,1057.4478220043343,NO
315.0,1057.5000000004902,NO
316.0477988572304,1057.586823437815,NO
317.05062259466075,1057.839642712503,NO
317.97514728271744,1058.0708094169313,NO
318.9403182503547,1058.3238052378547,NO
319.98402836987367,1058.4791489359377,NO
321.0,1058.5000000004902,NO
322.06266872845686,1058.636806228813,NO
323.03532784053994,1058.8999044549669,NO
323.9571661433045,1059.1308099869782,NO
324.94319699619024,1059.3862604212522,NO
326.0,1059.5000000004902,NO
327.0270469136684,1059.5402024693526,NO
328.0626863115311,1059.759623911732,NO
328.9981975594094,1060.0047877329475,NO
329.93969856999917,1060.2520797450718,NO
330.9704961448669,1060.4559686522891,NO
332.0,1060.5000000004902,NO
333.0556795784754,1060.6110056998643,NO
334.0429381207207,1060.8741468838532,NO
334.96310102207127,1061.1057217866826,NO
335.94153827243105,1061.3680923501283,NO
336.9961144362334,1061.4954094090733,NO
338.0141454123561,1061.5190559637608,NO
339.0674981937967,1061.7267930191176,NO
340.0051145496704,1061.9873989355008,NO
340.93919278213,1062.2404006231168,NO
341.97051902513937,1062.455615048092,NO
343.0,1062.5000000004902,NO
344.04333713108025,1062.574962751765,NO
345.0540244504665,1062.8199184909743,NO
345.9803580143074,1063.0541481756607,NO
346.93827911272103,1063.3086044410843,NO
347.9831432311508,1063.477608480994,NO
349.0,1063.5000000004902,NO
350.0655853878435,1063.6515776379777,NO
351.0293980825019,1063.9223159486394,NO
351.950867016413,1064.157596363006,NO
352.9503457902964,1064.4084459174417,NO
354.0,1064.5000000004902,NO
355.03258214273575,1064.550894811805,NO
356.0601847177684,1064.7807556729224,NO
356.99084145944744,1065.02395310512,NO
357.9371541787909,1065.2787075582594,NO
358.97878410002977,1065.4704395132994,NO
360.0,1065.5000000004902,NO
361.0,1065.5000000004902,NO
362.0,1065.5000000004902,NO
363.0,1065.5000000004902,NO
364.0,1065.5000000004902,NO
365.0,1065.5000000004902,NO
366.0,1065.5000000004902,NO
367.00771351890484,1065.5082632016502,NO
368.0074694878707,1065.5238201790673,NO
369.0,1065.5313725490196,NO
370.0,1065.5313725490196,NO
371.0,1065.5313725490196,NO
372.0300530336773,1065.5742486858614,NO
373.0253082301714,1065.6414667361148,NO
374.0,1065.672549019608,NO
375.0,1065.672549019608,NO
376.0,1065.672549019608,NO
377.0091530823774,1065.6887951887306,NO
378.01909120498567,1065.74377594155,NO
379.00903875590876,1065.7995754157723,NO
380.0,1065.821568627451,NO
381.0,1065.821568627451,NO
382.0,1065.821568627451,NO
383.00838792659226,1065.8524881833018,NO
384.0061426460659,1065.915331099007,NO
385.00064942086544,1065.958599422509,NO
386.0,1065.9666666666667,NO
387.0,1065.9666666666667,NO
388.0,1065.9666666666667,NO
388.99985714675773,1066.0020815758603,NO
389.9953662403234,1066.0675204995853,NO
391.0,1066.1039215686274,NO
391.9984792288156,1066.110799043112,NO
392.9966801150755,1066.1302416389344,NO
393.99398917095266,1066.1613433092998,NO
394.98355233558567,1066.2150848299784,NO
395.98280242004563,1066.2829279183356,NO
396.99684076877855,1066.322241581585,NO
397.99608021642524,1066.333181612852,NO
398.99594163737714,1066.344960832259,NO
399.9817081814283,1066.373153087728,NO
400.971525018904,1066.4271247355764,NO
401.9878202492628,1066.4778209889519,NO
403.0,1066.4921568632053,NO
404.0038289475413,1066.4881908399327,NO
404.99617105081325,1066.488191049727,NO
405.9961100179086,1066.4959727455223,NO
407.0,1066.5000000004902,NO
408.0,1066.5000000004902,NO
409.0,1066.5000000004902,NO
410.0,1066.5000000004902,NO
411.0077064983854,1066.4912892402642,NO
412.03255725053475,1066.4369525585332,NO
413.0396309298078,1066.3313405577535,NO
414.0300384583914,1066.1964052987178,NO
415.00850148717797,1066.0528751066252,NO
415.9893724072764,1065.9178776874305,NO
416.97630884340776,1065.7986251621676,NO
417.9644372859307,1065.6872933833222,NO
418.96416225777995,1065.5846079754785,NO
419.9857930075941,1065.516962241998,NO
421.0,1065.5000000004902,NO
422.0,1065.5000000004902,NO
423.0,1065.5000000004902,NO
424.0,1065.5000000004902,NO
425.0,1065.5000000004902,NO
426.0,1065.5000000004902,NO
427.0,1065.5000000004902,NO
428.0,1065.5000000004902,NO
429.0123799086596,1065.4856733381914,NO
430.02815531685,1065.4351276069156,NO
431.0302035482335,1065.3582281231097,NO
432.0253783429943,1065.2696448920447,NO
433.0177490413555,1065.1740771368222,NO
434.0075359682853,1065.0784355836508,NO
434.99719737151935,1064.9757738894232,NO
435.98161112342063,1064.8600249735287,NO
436.9660334809294,1064.7375314270537,NO
437.956615092422,1064.6185120281546,NO
438.97955651755143,1064.5260829104084,NO
440.0,1064.5000000004902,NO
441.0,1064.5000000004902,NO
442.0,1064.5000000004902,NO
443.0,1064.5000000004902,NO
444.0,1064.5000000004902,NO
445.0,1064.5000000004902,NO
446.0,1064.5000000004902,NO
447.0,1064.5000000004902,NO
448.0169260972722,1064.479572786435,NO
449.03188862459035,1064.4170050668276,NO
450.0326158433432,1064.3261584138945,NO
451.02452189348406,1064.22332439181,NO
452.0134060724187,1064.1120835552952,NO
452.99835897969075,1063.9883761056035,NO
453.9794978364867,1063.8567657125736,NO
454.96527084730315,1063.7275097199563,NO
455.960403812918,1063.6116527795352,NO
456.9786741026035,1063.527121413377,NO
458.0,1063.5000000004902,NO
459.0,1063.5000000004902,NO
460.0,1063.5000000004902,NO
461.0,1063.5000000004902,NO
462.0,1063.5000000004902,NO
463.0,1063.5000000004902,NO
464.0,1063.5000000004902,NO
465.0,1063.5000000004902,NO
466.0169330153249,1063.4797687979417,NO
467.0275663808983,1063.4260258698387,NO
468.02338637484246,1063.3614257787913,NO
469.0270666326859,1063.2760796513292,NO
470.01966613263403,1063.1729263347884,NO
471.006936935703,1063.0737049412237,NO
471.99574258653644,1062.9665956783604,NO
472.98020221237914,1062.8470170860444,NO
473.977356383179,1062.7375398880877,NO
474.96557693124646,1062.6488847013422,NO
475.96815002860137,1062.5609869027035,NO
476.9922932703417,1062.5086960160863,NO
478.0,1062.5000000004902,NO
479.0,1062.5000000004902,NO
480.0,1062.5000000004902,NO
481.0,1062.5000000004902,NO
482.0,1062.5000000004902,NO
483.0,1062.5000000004902,NO
484.0,1062.5000000004902,NO
485.0,1062.5000000004902,NO
486.0,1062.5000000004902,NO
487.0086510507315,1062.4902261849802,NO
488.0293705304455,1062.4405579764202,NO
489.04003286768574,1062.3402793868165,NO
490.02545638611554,1062.2360501216176,NO
491.0100707652113,1062.1556390925928,NO
492.0066599172825,1062.082842877048,NO
492.99974166694113,1061.997311227505,NO
493.9938007862897,1061.914551382866,NO
494.9851459521488,1061.8353138173018,NO
495.9699139375348,1061.739934036516,NO
496.9642026857825,1061.6348673977147,NO
497.9744301304971,1061.55032297176,NO
498.9922914208432,1061.5085781105647,NO
500.0,1061.5000000004902,NO
501.0,1061.5000000004902,NO
502.0,1061.5000000004902,NO
503.0,1061.5000000004902,NO
504.0,1061.5000000004902,NO
505.0,1061.5000000004902,NO
506.0,1061.5000000004902,NO
507.0,1061.5000000004902,NO
508.0,1061.5000000004902,NO
509.0086528088101,1061.4903258094319,NO
510.0246743733999,1061.449426081177,NO
511.0309946472089,1061.3763635941523,NO
512.0297102321322,1061.2805966426433,NO
513.0196343261392,1061.1756755492504,NO
514.0075732006237,1061.0715246740453,NO
514.9959270666826,1060.9647932883001,NO
515.9801804546987,1060.849134808958,NO
516.96880834145,1060.730377189011,NO
517.9677900005846,1060.6266568137896,NO
518.9744130993877,1060.5500234591375,NO
519.9922914208432,1060.5085781105647,NO
521.0,1060.5000000004902,NO
522.0,1060.5000000004902,NO
523.0,1060.5000000004902,NO
524.0,1060.5000000004902,NO
525.0,1060.5000000004902,NO
526.0,1060.5000000004902,NO
527.0,1060.5000000004902,NO
528.0,1060.5000000004902,NO
529.0,1060.5000000004902,NO
530.0,1060.5000000004902,NO
531.0,1060.5000000004902,NO
532.016920369285,1060.4794104934558,NO
533.035392499467,1060.4102312560929,NO
534.0311676681207,1060.3179102124507,NO
535.0241480488738,1060.2123362870452,NO
536.0127200378491,1060.0853581519734,NO
536.994588485133,1059.9575404210282,NO
537.983830451817,1059.8444062358726,NO
538.9617400141284,1059.7327042187662,NO
539.9551917436063,1059.605996375057,NO
540.9858041069555,1059.5173396202954,NO
542.0,1059.5000000004902,NO
543.0,1059.5000000004902,NO
544.0,1059.5000000004902,NO
545.0,1059.5000000004902,NO
546.0,1059.5000000004902,NO
547.0,1059.5000000004902,NO
548.0,1059.5000000004902,NO
549.0,1059.5000000004902,NO
550.0,1059.5000000004902,NO
551.0,1059.5000000004902,NO
552.0,1059.5000000004902,NO
553.012382986205,1059.485794072666,NO
554.0242615952137,1059.441907621454,NO
555.0271787974555,1059.3746266488713,NO
556.0343527291519,1059.265452923762,NO
557.0195688303618,1059.1386125548277,NO
558.0025704640176,1059.0257046386364,NO
558.9890721295227,1058.9155573591875,NO
559.9700255007785,1058.7905891232328,NO
560.9610786122976,1058.6635608862182,NO
561.9681906966251,1058.5615474619208,NO
562.9922932703416,1058.5086960160863,NO
564.0,1058.5000000004902,NO
565.0,1058.5000000004902,NO
566.0,1058.5000000004902,NO
567.0,1058.5000000004902,NO
568.0,1058.5000000004902,NO
569.0,1058.5000000004902,NO
570.0,1058.5000000004902,NO
571.0,1058.5000000004902,NO
572.0038885695467,1058.49579264606,NO
573.0251645374759,1058.4583540695903,NO
574.0412443520295,1058.3626658458938,NO
575.0317262994786,1058.2414986902647,NO
576.0161416523084,1058.1003932099231,NO
576.9880094085639,1057.9394534461428,NO
577.9531064240671,1057.7678085035411,NO
578.9533796884559,1057.5970108666213,NO
579.9922982700854,1057.509014749726,NO
581.0,1057.5000000004902,NO
582.0,1057.5000000004902,NO
583.0,1057.5000000004902,NO
584.0,1057.5000000004902,NO
585.0,1057.5000000004902,NO
586.0077062680518,1057.491274556501,NO
587.0332739697633,1057.435121118048,NO
588.0426167843849,1057.3196258756793,NO
589.0275715934903,1057.1826170534398,NO
590.0053193286005,1057.029811620736,NO
590.9755073420621,1056.8685130971835,NO
591.9492326712709,1056.7057802507206,NO
592.9618731649384,1056.5580753076579,NO
594.0,1056.5000000004902,NO
595.0,1056.5000000004902,NO
596.0,1056.5000000004902,NO
597.0,1056.5000000004902,NO
598.0,1056.5000000004902,NO
599.0,1056.5000000004902,NO
600.0213167850807,1056.4726765309279,NO
601.042457439332,1056.379882351018,NO
602.0380715015742,1056.2427058165872,NO
603.0154774526004,1056.0986687579095,NO
603.9914741213729,1055.949439557814,NO
604.9615396637976,1055.793528717816,NO
605.9527446499229,1055.634844999188,NO
606.9786994654681,1055.5276838073223,NO
608.0,1055.5000000004902,NO
609.0,1055.5000000004902,NO
610.0,1055.5000000004902,NO
611.0,1055.5000000004902,NO
612.0,1055.5000000004902,NO
613.0,1055.5000000004902,NO
614.0304906488235,1055.4573597528436,NO
615.0466740383109,1055.3400537142697,NO
616.0317553935934,1055.1951234984724,NO
617.0072259362695,1055.0414070492802,NO
617.9808401683682,1054.8863777445256,NO
618.9539555164548,1054.7331512856101,NO
619.9577008977448,1054.5851434191134,NO
620.9922966939703,1054.508914272398,NO
622.0,1054.5000000004902,NO
623.0,1054.5000000004902,NO
624.0,1054.5000000004902,NO
625.0,1054.5000000004902,NO
626.0,1054.5000000004902,NO
627.0132876898283,1054.4840515523633,NO
628.0405473712135,1054.4054736878468,NO
629.0428218012976,1054.2663307327402,NO
630.0193782975253,1054.114917809008,NO
630.9920782540405,1053.95655816439,NO
631.9611796004692,1053.7937666339426,NO
632.9525176034487,1053.6330905490493,NO
633.979569743614,1053.5263895145843,NO
635.0,1053.5000000004902,NO
636.0,1053.5000000004902,NO
637.0,1053.5000000004902,NO
638.0,1053.5000000004902,NO
639.0,1053.5000000004902,NO
640.0048496091786,1053.4946601316053,NO
641.0298928321474,1053.4483925023012,NO
642.039679462203,1053.348905608074,NO
643.032031550335,1053.217814539653,NO
644.011746550625,1053.0680766009618,NO
644.9831857919686,1052.9087739775844,NO
645.9520512645951,1052.7452723511274,NO
646.9577650592203,1052.585772695125,NO
647.9922966939703,1052.508914272398,NO
649.0,1052.5000000004902,NO
650.0,1052.5000000004902,NO
651.0,1052.5000000004902,NO
652.0,1052.5000000004902,NO
653.0,1052.5000000004902,NO
654.0086495937966,1052.4901436253435,NO
655.0330981670729,1052.4328221599208,NO
656.0447673831386,1052.308531963493,NO
657.0267184668288,1052.162219262539,NO
658.0019613797257,1052.01190837688,NO
658.9731266553355,1051.8557325682164,NO
659.9470960628086,1051.6933976333594,NO
660.967202054271,1051.5479202301542,NO
662.0,1051.5000000004902,NO
663.0,1051.5000000004902,NO
664.0,1051.5000000004902,NO
665.0,1051.5000000004902,NO
666.0,1051.5000000004902,NO
667.0,1051.5000000004902,NO
668.0086478583698,1051.4900452844947,NO
669.0373993812071,1051.423859645227,NO
670.0453160482999,1051.2888898008316,NO
671.0232612028984,1051.1379443404912,NO
671.9961756569477,1050.9790277947507,NO
672.9626971087946,1050.8134855411386,NO
673.9490923162699,1050.6443435933545,NO
674.9795811930827,1050.5266549340834,NO
676.0,1050.5000000004902,NO
677.0,1050.5000000004902,NO
678.0,1050.5000000004902,NO
679.0,1050.5000000004902,NO
680.0,1050.5000000004902,NO
681.0,1050.5000000004902,NO
682.0304640963527,1050.4569614657635,NO
683.0496829137347,1050.3290686595876,NO
684.0304808516579,1050.1746655491602,NO
685.0020708098328,1050.010887762957,NO
685.9706864232453,1049.8442716283607,NO
686.9493713194618,1049.6812268337223,NO
687.9679585666395,1049.5460796901043,NO
689.0,1049.5000000004902,NO
690.0,1049.5000000004902,NO
691.0,1049.5000000004902,NO
692.0,1049.5000000004902,NO
693.0,1049.5000000004902,NO
694.0,1049.5000000004902,NO
695.0132911450747,1049.4841774220515,NO
696.037267212618,1049.413179965982,NO
697.0422927182166,1049.28380640936,NO
698.0226847297575,1049.1361083785453,NO
698.9976222971534,1048.9855639470338,NO
699.971276306267,1048.833533136762,NO
700.9492414947587,1048.6804094189445,NO
701.9679585666395,1048.5460796901043,NO
703.0,1048.5000000004902,NO
704.0,1048.5000000004902,NO
705.0,1048.5000000004902,NO
706.0,1048.5000000004902,NO
707.0,1048.5000000004902,NO
708.0,1048.5000000004902,NO
709.0,1048.5000000004902,NO
710.0221576026455,1048.470849045241,NO
711.0489700923338,1048.3567821081888,NO
712.0371946347636,1048.1896926416155,NO
713.0031876765962,1048.0156318757302,NO
713.970876526673,1047.8436529299217,NO
714.9493552199032,1047.6811254661336,NO
715.9679585666395,1047.5460796901043,NO
717.0,1047.5000000004902,NO
718.0,1047.5000000004902,NO
719.0,1047.5000000004902,NO
720.0,1047.5000000004902,NO
721.0,1047.5000000004902,NO
722.0,1047.5000000004902,NO
723.0048495185996,1047.4946508925566,NO
724.0306225194247,1047.4462138639947,NO
725.0460550159422,1047.3262230447278,NO
726.0292645987697,1047.1820115407925,NO
727.0048522611347,1047.02749614643,NO
727.9751677101524,1046.8666898100573,NO
728.9489275916405,1046.704012175571,NO
729.9626162764321,1046.5566116594953,NO
731.0,1046.5000000004902,NO
732.0,1046.5000000004902,NO
733.0,1046.5000000004902,NO
734.0,1046.5000000004902,NO
735.0,1046.5000000004902,NO
736.0048500644361,1046.494706567875,NO
737.0258920622915,1046.4553431774434,NO
738.0380849644456,1046.366477956445,NO
739.0305583219986,1046.255487607889,NO
740.0183390450811,1046.1281220907526,NO
740.9987052325077,1045.991424266994,NO
741.9760911768744,1045.8494629690388,NO
742.9486698269889,1045.702518312232,NO
743.9626162764321,1045.5566116594953,NO
745.0,1045.5000000004902,NO
746.0,1045.5000000004902,NO
747.0,1045.5000000004902,NO
748.0,1045.5000000004902,NO
749.0,1045.5000000004902,NO
750.0,1045.5000000004902,NO
751.0,1045.5000000004902,NO
752.0255590484978,1045.4655398059692,NO
753.0481980906255,1045.3511575242053,NO
754.033303955194,1045.2071343689706,NO
755.0093004390105,1045.0532946488972,NO
755.9806360537667,1044.89381061027,NO
756.949412134249,1044.731251971602,NO
757.9562248477963,1044.5706667753507,NO
759.0,1044.5000000004902,NO
760.0,1044.5000000004902,NO
761.0,1044.5000000004902,NO
762.0,1044.5000000004902,NO
763.0,1044.5000000004902,NO
764.0,1044.5000000004902,NO
765.0132918391491,1044.484202706192,NO
766.0365899103919,1044.4146856428367,NO
767.042209119837,1044.2870220114332,NO
768.0233532117041,1044.1401192702251,NO
768.9992025063924,1043.9947856188826,NO
769.9763884404243,1043.8513346283835,NO
770.9489756854382,1043.7042909009917,NO
771.9618731649384,1043.5580753076579,NO
773.0,1043.5000000004902,NO
774.0,1043.5000000004902,NO
775.0,1043.5000000004902,NO
776.0,1043.5000000004902,NO
777.0,1043.5000000004902,NO
778.0,1043.5000000004902,NO
779.0038888025879,1043.4958223588126,NO
780.0218344764064,1043.463982612821,NO
781.0360897694736,1043.3834537974294,NO
782.0388992891814,1043.2479829624529,NO
783.0164573491527,1043.0839324825902,NO
783.9849661863134,1042.9175565000307,NO
784.9574938856729,1042.7564256443704,NO
785.9551358820261,1042.6055051784138,NO
786.9867171081089,1042.5161232296357,NO
788.0,1042.5000000004902,NO
789.0,1042.5000000004902,NO
790.0,1042.5000000004902,NO
791.0,1042.5000000004902,NO
792.0,1042.5000000004902,NO
793.0,1042.5000000004902,NO
794.0,1042.5000000004902,NO
795.0132995250019,1042.4844826908234,NO
796.0288382689282,1042.4325740533043,NO
797.0225190962716,1042.3704754417663,NO
798.020991791756,1042.305880400686,NO
799.0147463901541,1042.2426018940055,NO
800.0134815944429,1042.1718903288252,NO
801.0085564912612,1042.080811308037,NO
801.9983130954269,1041.9827935734827,NO
802.9865888882799,1041.8820747099417,NO
803.9841557525584,1041.7873535282033,NO
804.9742802651967,1041.7085096780438,NO
805.9627981418722,1041.6205410499372,NO
806.9802153476502,1041.5413557898569,NO
807.9922897864269,1041.5084739165363,NO
809.0,1041.5000000004902,NO
810.0,1041.5000000004902,NO
811.0,1041.5000000004902,NO
812.0,1041.5000000004902,NO
813.0,1041.5000000004902,NO
814.0,1041.5000000004902,NO
815.0,1041.5000000004902,NO
816.0,1041.5000000004902,NO
817.0,1041.5000000004902,NO
818.0,1041.5000000004902,NO
819.0,1041.5000000004902,NO
820.0,1041.5000000004902,NO
821.0,1041.5000000004902,NO
822.0086557669964,1041.4904934399833,NO
823.0162958777001,1041.4617165640952,NO
824.0364593121585,1041.3873801884226,NO
825.0297303131805,1041.2915857646415,NO
826.0180567245533,1041.2001941200472,NO
827.0103156126837,1041.1119353672555,NO
828.002291456604,1041.0333897969417,NO
828.993947965457,1040.9458502173748,NO
829.9870161859959,1040.8495057877233,NO
830.9754476707341,1040.7591983084985,NO
831.960446975167,1040.6581009720428,NO
832.9751160888202,1040.5623863770966,NO
833.9866969469313,1040.515388786745,NO
835.0,1040.5000000004902,NO
836.0,1040.5000000004902,NO
837.0,1040.5000000004902,NO
838.0,1040.5000000004902,NO
839.0,1040.5000000004902,NO
840.0,1040.5000000004902,NO
841.0,1040.5000000004902,NO
842.0,1040.5000000004902,NO
843.0,1040.5000000004902,NO
844.0,1040.5000000004902,NO
845.0,1040.5000000004902,NO
846.0,1040.5000000004902,NO
847.0178185721667,1040.4782879994962,NO
848.0332486183003,1040.4135803916222,NO
849.0222877120906,1040.3444464460215,NO
850.0226671882057,1040.2688433896683,NO
851.0146423171494,1040.1914764440248,NO
852.0080813056952,1040.121219590859,NO
853.0039137583442,1040.0415836820564,NO
853.9963511446998,1039.955692468894,NO
854.9843748840939,1039.8626067425373,NO
855.9801503347192,1039.764573742033,NO
856.9724657517904,1039.6808530225699,NO
857.9584918287376,1039.5929006269478,NO
858.9867129975484,1039.5159734877882,NO
860.0,1039.5000000004902,NO
861.0,1039.5000000004902,NO
862.0,1039.5000000004902,NO
863.0,1039.5000000004902,NO
864.0,1039.5000000004902,NO
865.0,1039.5000000004902,NO
866.0,1039.5000000004902,NO
867.0,1039.5000000004902,NO
868.0,1039.5000000004902,NO
869.0,1039.5000000004902,NO
870.0,1039.5000000004902,NO
871.0,1039.5000000004902,NO
872.0,1039.5000000004902,NO
873.0123793354085,1039.4856508491105,NO
874.0289866835136,1039.4348002721842,NO
875.0192978553985,1039.3785348415547,NO
876.0217619543988,1039.3171027708631,NO
877.0179557097779,1039.247497608871,NO
878.0119380615207,1039.179070930833,NO
879.0092326394669,1039.1001839562173,NO
880.0015319612864,1039.022979420327,NO
880.9939321731077,1038.94048862071,NO
881.9839972876714,1038.8430503209859,NO
882.9745278614232,1038.7452786294905,NO
883.9596671688528,1038.645349251339,NO
884.9744526153784,1038.5507183955458,NO
885.9922914208432,1038.5085781105647,NO
887.0,1038.5000000004902,NO
888.0,1038.5000000004902,NO
889.0,1038.5000000004902,NO
890.0,1038.5000000004902,NO
891.0,1038.5000000004902,NO
892.0,1038.5000000004902,NO
893.0,1038.5000000004902,NO
894.0,1038.5000000004902,NO
895.0,1038.5000000004902,NO
896.0,1038.5000000004902,NO
897.0,1038.5000000004902,NO
898.0,1038.5000000004902,NO
899.0048500644361,1038.494706567875,NO
900.0259583417326,1038.4565087814392,NO
901.0234761104903,1038.399093876845,NO
902.0195045047234,1038.3430102652785,NO
903.0066259763189,1038.3072043628476,NO
903.9782260068014,1038.3266099126117,NO
904.9827656932233,1038.3821520135111,NO
905.979855465741,1038.4280713430244,NO
906.9786219236424,1038.4740355983495,NO
908.0,1038.5000000004902,NO
909.0,1038.5000000004902,NO
910.0,1038.5000000004902,NO
911.0,1038.5000000004902,NO
912.0,1038.5000000004902,NO
913.0,1038.5000000004902,NO
914.0,1038.5000000004902,NO
915.0,1038.5000000004902,NO
916.0,1038.5000000004902,NO
917.0,1038.5000000004902,NO
918.0,1038.5000000004902,NO
919.0,1038.5000000004902,NO
920.0,1038.5000000004902,NO
921.0,1038.5000000004902,NO
922.0,1038.5000000004902,NO
923.0,1038.5000000004902,NO
924.0,1038.5000000004902,NO
925.0,1038.5000000004902,NO
926.0,1038.5000000004902,NO
927.0,1038.5000000004902,NO
928.0204926501799,1038.5249431130076,NO
929.0240279589498,1038.5774393305376,NO
930.0332508479869,1038.6608413530726,NO
931.0244247576554,1038.755752438077,NO
932.0118468416404,1038.836705704484,NO
933.005753104496,1038.898824711146,NO
933.9989067537571,1038.9203492025324,NO
934.9985254519071,1038.9059975651605,NO
935.9997982191575,1038.897091764925,NO
937.0041520392391,1038.9269813768133,NO
937.9980930412047,1039.0156862739195,NO
938.976263001821,1039.144117488633,NO
939.9625087873238,1039.2853808640318,NO
940.9678563310694,1039.3998358988772,NO
941.9769215268044,1039.470800839143,NO
943.0,1039.5000000004902,NO
944.0,1039.5000000004902,NO
945.0,1039.5000000004902,NO
946.0,1039.5000000004902,NO
947.0,1039.5000000004902,NO
948.0,1039.5000000004902,NO
949.0,1039.5000000004902,NO
950.0,1039.5000000004902,NO
951.0086533980605,1039.4903592002865,NO
952.0230306983275,1039.4517559885437,NO
953.0344854760581,1039.3742040871334,NO
954.0246611426564,1039.292492616406,NO
955.0,1039.2549019607843,NO
955.9682139659864,1039.300201438599,NO
956.9562315667846,1039.3986053823558,NO
957.9858025388577,1039.4827136950291,NO
959.0,1039.5000000004902,NO
960.0,1039.5000000004902,NO
961.0133080270328,1039.515207592338,NO
962.0192776984994,1039.5531079017546,NO
963.036868042887,1039.6384095784401,NO
964.0382519612439,1039.7924627631967,NO
965.0072624357871,1039.9643861319375,NO
965.9736180145762,1040.1372939983362,NO
966.9493890665603,1040.303665600638,NO
967.9641040963521,1040.4465100400334,NO
969.0,1040.5000000004902,NO
970.0,1040.5000000004902,NO
971.0,1040.5000000004902,NO
972.0,1040.5000000004902,NO
973.0,1040.5000000004902,NO
974.0,1040.5000000004902,NO
975.0424655978151,1040.566850905529,NO
976.0486120478079,1040.7117192561334,NO
977.0219597500626,1040.8564170233171,NO
977.9974978096556,1041.0132928857888,NO
978.9660066900584,1041.1787277107226,NO
979.9511099702052,1041.3415604687466,NO
980.9727829994504,1041.4626890076167,NO
982.0,1041.5000000004902,NO
983.0178160264766,1041.4782196678148,NO
984.0344730172992,1041.4088660110253,NO
985.0366232018043,1041.3012553688786,NO
986.023561512011,1041.1848672515048,NO
987.0063323546702,1041.097863659233,NO
987.9986916569947,1041.0741394334734,NO
988.9879568843255,1041.1279581029637,NO
989.9719529242594,1041.2270477550212,NO
990.93391007387,1041.3727164631555,NO
992.0690395068858,1041.719814675091,NO
993.0181543682633,1041.9166213393626,NO
993.9797161208295,1042.0975922523146,NO
994.9477774035605,1042.2745724122085,NO
995.9597444541,1042.4368154808185,NO
997.0,1042.5000000004902,NO
998.0,1042.5000000004902,NO
999.0,1042.5000000004902,NO
1000.0,1042.5000000004902,NO
1001.0204703787704,1042.52545940477,NO
1002.0333906853305,1042.5945416556133,NO
1003.029817114657,1042.6831931594359,NO
1004.0239988061967,1042.7852738398008,NO
1005.0120798745331,1042.8937804159777,NO
1005.9982517898237,1043.0129215533589,NO
1006.9781819780113,1043.1445089812769,NO
1007.9609396433308,1043.2805743783508,NO
1008.960392896469,1043.4039924529918,NO
1009.9848889888859,1043.4816634978865,NO
1011.0,1043.5000000004902,NO
1012.0,1043.5000000004902,NO
1013.0077035325468,1043.5088998319354,NO
1014.0415886184147,1043.5841138407652,NO
1015.0475468846441,1043.7420328595767,NO
1016.0170727571876,1043.918625180144,NO
1016.979732045558,1044.0975156333348,NO
1017.9507243516729,1044.2731584664098,NO
1018.9605866754165,1044.4276764839153,NO
1019.9951515612051,1044.494540752474,NO
1021.0,1044.5000000004902,NO
1022.0,1044.5000000004902,NO
1023.0,1044.5000000004902,NO
1024.0,1044.5000000004902,NO
1025.0,1044.5000000004902,NO
1026.020430256386,1044.5263895145843,NO
1027.0476626129323,1044.6316979678365,NO
1028.0360834367466,1044.772807996187,NO
1029.0130666497007,1044.915645677666,NO
1029.9921759485503,1045.053922516506,NO
1030.977510754283,1045.1820557978808,NO
1031.972554047704,1045.2916132406885,NO
1032.9757337075525,1045.3750245048782,NO
1033.9742576304009,1045.437620281552,NO
1034.986697654566,1045.4845854351368,NO
1036.0,1045.5000000004902,NO
1037.0,1045.5000000004902,NO
1038.0,1045.5000000004902,NO
1039.0,1045.5000000004902,NO
1040.0,1045.5000000004902,NO
1041.0,1045.5000000004902,NO
1042.0077069992299,1045.5086788309018,NO
1043.031021003683,1045.5605357773263,NO
1044.0421002720095,1045.6696747827411,NO
1045.0273802995175,1045.7915828009816,NO
1046.0107589681677,1045.9053952820325,NO
1046.999507265596,1046.005235302997,NO
1047.9913964333384,1046.0953873695098,NO
1048.9808681511427,1046.1876392873562,NO
1049.969641184162,1046.2867221555493,NO
1050.9605068128947,1046.3873370283827,NO
1051.9778070540476,1046.4716000904968,NO
1053.0,1046.5000000004902,NO
1054.0,1046.5000000004902,NO
1055.0,1046.5000000004902,NO
1056.0142006030537,1046.51717947998,NO
1057.0411299222194,1046.596610377187,NO
1058.037329881338,1046.711541807899,NO
1059.0165878171726,1046.8077321133835,NO
1060.006914220338,1046.8784050871318,NO
1061.000803996308,1046.995340475892,NO
1061.971621488609,1047.147684081889,NO
1062.9847980813063,1047.3086650370217,NO
1064.1037017155597,1047.5365646757805,NO
1064.996917960923,1047.6818650728487,NO
1065.9717039396057,1047.6643955694192,NO
1066.9890680836354,1047.6017659085267,NO
1068.0,1047.5862745098038,NO
1069.0,1047.5862745098038,NO
1070.005578305231,1047.5935806200785,NO
1071.01550843353,1047.6233665893992,NO
1072.0218179236947,1047.6820816765207,NO
1073.0251982874693,1047.7784288565485,NO
1074.0139336770162,1047.9026551369877,NO
1074.9930303898811,1048.0408691313482,NO
1077.058807074918,1048.642575192514,NO
1078.0,1048.7372549019608,NO
1078.9841617648092,1048.7115178627128,NO
1080.9676270195062,1047.95535490848,NO
1082.9189769795407,1046.800052433042,NO
1084.9985340031808,1045.9844354800607,NO
1086.001749646648,1045.9580917975125,NO
1086.9596243902565,1046.1143774755574,NO
1089.0253694306914,1046.7807049213093,NO
1090.0147394011785,1046.904481025121,NO
1090.9611721736392,1047.1038004622185,NO
1093.023034252726,1047.7740871361405,NO
1094.0154947089916,1047.893235085928,NO
1096.1053688212817,1048.6460081426208,NO
1097.021264559198,1048.8493760320252,NO
1098.0029330350176,1048.9784910769697,NO
1098.9548006635814,1049.1504073446204,NO
1099.8855358551773,1049.413902326178,NO
1101.021517130531,1049.6951739814867,NO
1102.014234472699,1049.7580139650197,NO
1103.0124667923144,1049.823387107342,NO
1104.011218695951,1049.912458840794,NO
1106.0323932331971,1050.9596469970718,NO
1107.0613751492929,1051.9360746348161,NO
1108.069448858721,1052.927665452443,NO
1110.0264090283686,1053.8572171185904,NO
1112.0613406634031,1054.8864368807997,NO
1113.2531380916562,1055.63294974318,NO
1113.978106778459,1056.0330657465706,NO
1114.85498143295,1056.4216851911985,NO
1115.986836307025,1056.6948416651298,NO
1117.907478707134,1055.9041789062926,NO
1118.9224364896108,1053.9663579941582,NO
1119.1686051224513,1053.0836833349795,NO
1122.0,1051.7,NO
1122.991399694617,1051.6867031647212,NO
1124.9423917078066,1050.933542244898,NO
1125.295963445649,1050.1419723135552,NO
1125.367783062505,1048.8460657253802,NO
1125.0348524861702,1047.9821865071983,NO
1124.7957313600346,1047.0249108099015,NO
1126.9998441422663,1045.0078864015481,NO
1127.9893548698171,1045.0804836421369,NO
1130.06686627721,1045.735344398127,NO
1131.014268379621,1045.9265987474344,NO
1133.0830551311142,1046.6306869070638,NO
1134.0208811431846,1046.8027891991526,NO
1135.011252301978,1046.9224670140993,NO
1135.9660611736597,1047.1011899228165,NO
1137.0088007105142,1047.2973382933528,NO
1138.0232285417678,1047.063048902231,NO
1138.9751302825725,1046.8578469551883,NO
1140.960730294207,1045.9465779037391,NO
1142.963960297561,1044.860236275435,NO
1143.9006445172422,1044.6241403263223,NO
1145.0401015186105,1044.281864628154,NO
1146.015324616093,1044.1699033523353,NO
1147.0071062982383,1044.0862907691153,NO
1148.0004909980457,1044.005962119457,NO
1148.9951313005788,1043.931026757598,NO
1149.9924623665079,1043.8674416141102,NO
1150.9896739961644,1043.811919218258,NO
1151.989759000357,1043.7625950100494,NO
1152.9924900081048,1043.726421727019,NO
1153.9965420742788,1043.706076305755,NO
1154.9907639348512,1043.6859737744062,NO
1156.1235780433185,1043.4049842103218,NO
1157.042848153297,1043.1282715391499,NO
1157.9941276047782,1042.9519618806637,NO
1158.9824856377925,1042.845994404744,NO
1159.974776195068,1042.7427171916186,NO
1160.9698811410447,1042.6508950334826,NO
1161.9767175946542,1042.5759276223412,NO
1163.0,1042.543137254902,NO
1164.0178323021685,1042.5669297758757,NO
1165.0269922488415,1042.6279446967596,NO
1166.0266887471253,1042.712670084964,NO
1166.9969868991004,1043.007068648817,NO
1167.914154070164,1043.2173257563873,NO
1169.0718615414164,1043.1897467745425,NO
1169.877551521291,1042.8619198057536,NO
1169.8811483452482,1041.271660922622,NO
1169.0073044650328,1040.9842784701968,NO
1166.9855432375277,1040.33513403663,NO
1165.987414179889,1040.2917621913114,NO
1164.9782958567248,1040.2304333586112,NO
1162.8803037868677,1039.2568481342178,NO
1160.9084018048445,1038.256184168939,NO
1158.8222899975842,1037.1905344410231,NO
1161.0075603078403,1033.7245887890442,NO
1162.0103224758636,1033.7607062431302,NO
1163.0110180339175,1033.8126934241006,NO
1164.0096750846506,1033.8852489982787,NO
1165.0021404196875,1033.9808488765257,NO
1165.9885641667638,1034.0913051432365,NO
1168.072407467707,1034.6227611047898,NO
1169.023192472832,1034.772535362019,NO
1170.011910598478,1034.8619453316958,NO
1171.004441025197,1034.9403967690623,NO
1171.9979699980806,1035.0218549142182,NO
1172.9525623547092,1035.1694201580078,NO
1173.8795395701468,1035.4249312548225,NO
1175.0325123586058,1035.7525178747687,NO
1176.0170537563718,1035.8840344580701,NO
1176.9973160082059,1036.017622524937,NO
1179.0783890411894,1036.6543416490751,NO
1180.020088316567,1036.8202624311436,NO
1181.0079183370087,1036.9208166346561,NO
1181.9982557643928,1037.0161180291389,NO
1182.9472591324336,1037.1745648464919,NO
1183.8910251173934,1037.436881265574,NO
1184.9897636033763,1037.6271026987918,NO
1187.0095862233056,1037.0241376179995,NO
1187.9679976749019,1036.7923951730806,NO
1190.0316332500613,1036.0960823073635,NO
1190.9956029852149,1035.9325791072986,NO
1191.9968970803955,1035.88696507287,NO
1193.0002479381665,1035.8735515284654,NO
1194.00205472622,1035.8835655196976,NO
1195.0025788090247,1035.9060576723446,NO
1196.0008775425174,1035.9254088840135,NO
1196.999122018296,1035.925371553152,NO
1197.995612495543,1035.8982896701611,NO
1198.993458858079,1035.8549572902389,NO
1199.9922565136399,1035.8119438902613,NO
1200.9900857735927,1035.7701702077247,NO
1201.9921562485883,1035.7333124430552,NO
1202.991289383785,1035.7038390387538,NO
1203.990427082582,1035.674520796873,NO
1204.990283878577,1035.6460555808815,NO
1205.9895322336974,1035.6186742320178,NO
1206.994474097601,1035.597398540676,NO
1208.9011944710219,1034.8887715554768,NO
1209.1348300390794,1034.0024739455973,NO
1208.9117768047722,1033.0791990193723,NO
1207.9497160756246,1032.055523345745,NO
1206.863869460326,1031.3062024754577,NO
1206.005782493738,1030.987278513943,NO
1203.971397217431,1030.2431236600426,NO
1202.982127608904,1030.102156963375,NO
1200.9028717380952,1029.298652900953,NO
1199.9846854803661,1029.0851554613319,NO
1197.8952713219946,1028.3582823253466,NO
1196.97237770362,1028.1320319280485,NO
1194.9381848355456,1027.0981345769178,NO
1193.7491793694146,1025.0,NO
1196.0023779175076,1023.0442997212008,NO
1196.9973417312042,1023.0484184667328,NO
1197.9853284224457,1023.1262261565902,NO
1198.9297242705877,1023.2757879369303,NO
1200.0547234359917,1023.5947045563755,NO
1200.9961663752222,1023.6741418850798,NO
1202.1226860537467,1023.3958192425206,NO
1203.0412559044662,1023.1256071491316,NO
1203.9959519605386,1022.9584456353327,NO
1204.9911359174914,1022.8778194093782,NO
1205.9832807929172,1022.8017024315532,NO
1206.9763796415239,1022.7198515678123,NO
1207.9739826010716,1022.6413818165117,NO
1208.9766982590672,1022.5755754384392,NO
1209.9945614164496,1022.5377203857267,NO
1211.0054403639717,1022.537569049918,NO
1212.0121315518081,1022.5580649035958,NO
1213.012160278185,1022.5865505278421,NO
1214.0112979104736,1022.615871031011,NO
1215.0104411979985,1022.644999256141,NO
1216.004587975466,1022.6657332170342,NO
1216.9954122502056,1022.6657496588095,NO
1217.9952261330131,1022.6521896919794,NO
1218.995037704692,1022.6384613429146,NO
1219.9895271201526,1022.6184879528821,NO
1220.9879548305446,1022.5904642247785,NO
1221.9991638470565,1022.5735619765421,NO
1223.0113263732849,1022.5873964065973,NO
1224.0105763169877,1022.6147198856721,NO
1225.0091544968302,1022.6408620485593,NO
1226.004013483487,1022.6588538943888,NO
1226.9959864968828,1022.6588522258257,NO
1227.990116506411,1022.6399584520437,NO
1229.1079262104379,1022.3288151792748,NO
1230.0207102284432,1022.0528165611229,NO
1230.9762252543637,1021.8361822299263,NO
1233.0021751015565,1021.0043785740246,NO
1235.0083616591633,1020.0179620823848,NO
1235.968487614753,1019.7702126008202,NO
1236.972340606058,1019.6641359120526,NO
1237.9881544213497,1019.7253979515156,NO
1238.870764547289,1019.5915329113423,NO
1238.8423655919516,1018.0783356285597,NO
1238.6013212451408,1017.0141822485666,NO
1238.6024448844764,1015.9890867221911,NO
1238.7139861262026,1014.9509855266361,NO
1240.9676724403214,1012.8156957624856,NO
1241.9698053671207,1012.6857293497858,NO
1242.9782182652095,1012.6032612642504,NO
1244.9470179072418,1011.9281759909376,NO
1245.9737026603389,1010.9731604453953,NO
1246.910492775227,1009.9314869060927,NO
1247.1489280291978,1008.9959068407742,NO
1246.9561788406302,1008.0186529993342,NO
1246.7308373103745,1007.0063833051182,NO
1246.7589874758592,1005.9842817917473,NO
1247.9470148658288,1003.943591667507,NO
1249.8636161083323,1002.6789615076523,NO
1251.0000140682125,1002.0000282252769,NO
1253.0172841257606,1001.0408109218823,NO
1253.9773844303784,1000.8154277731003,NO
1254.9748605188875,1000.7086105511144,NO
1257.0098715724466,1000.0250826498445,NO
1257.98397849824,999.8125856863697,NO
1258.9810878552116,999.7393190984029,NO
1259.9868182156508,999.6798709303747,NO
1260.9858533239963,999.639259764592,NO
1261.9891612636561,999.6051603235242,NO
1263.004749452952,999.5962964881846,NO
1264.0046121022715,999.6079712963372,NO
1265.0,999.6137254901961,NO
1266.833752212176,998.8227803287762,NO
1266.8791240953294,997.3512408445222,NO
1265.9844960402154,997.225914847395,NO
1264.987561297235,997.2758147089206,NO
1263.98881185593,997.2392358434731,NO
1262.995964784259,997.0095749189354,NO
1260.994983616976,996.3654793335301,NO
1259.995851326116,996.3526372896598,NO
1258.9872583243352,996.324912727031,NO
1257.9706205296545,996.2556529249794,NO
1255.6865008805785,994.0176975305577,NO
1256.608490675016,991.5481329838506,NO
1257.8983829936394,990.8147513004795,NO
1259.8909092196068,989.7174154419621,NO
1261.8770608123257,988.7304420475765,NO
1262.953989207153,987.9517889700314,NO
1263.76194877142,986.8904390665624,NO
1264.053862605871,986.0235142124072,NO
1264.7582502792359,983.98246129389,NO
1264.8320039193068,982.985638506204,NO
1265.0405417089696,982.0162845351558,NO
1265.2757549883506,981.1005260602242,NO
1265.1290000394486,979.9018477927112,NO
1264.8417281377515,979.316543724497,NO
1264.007446246205,978.9834450900336,NO
1261.9714303422868,978.220765550746,NO
1260.663835827651,974.5351243029688,NO
1261.7853525356047,973.743807850296,NO
1262.764671950441,972.7821330600913,NO
1263.5687958858493,971.6907812496355,NO
1264.0261089578717,971.0211656617305,NO
1265.0003909014704,970.0004076783475,NO
1266.0420189446509,969.0598677037586,NO
1266.8224734917937,968.7149295728183,NO
1267.9671572024754,967.9399149653193,NO
1268.727275466159,967.4630978572804,NO
1270.9861257721484,966.8427587541511,NO
1271.9867400151456,966.7668071562463,NO
1273.0987928499476,966.0894534959815,NO
1273.3278237844916,964.8877212937797,NO
1273.0931569544348,963.966124744379,NO
1272.9222709775772,963.0047178807791,NO
1272.8960784313726,962.0,NO
1273.7889114097895,959.7692047723185,NO
1275.9100178720155,958.7196828000184,NO
1277.9610402678654,957.8922313877414,NO
1278.6502220732539,957.4541344669751,NO
1279.7537335721768,956.7280042386741,NO
1280.7260557899529,955.7528949226516,NO
1281.5702318256256,954.6686299233241,NO
1282.0231061857194,954.0177808160821,NO
1282.8592867594532,952.9254454890125,NO
1283.5915287065413,951.6958192424474,NO
1284.0361817292332,951.0306532795388,NO
1285.004670301648,950.0043852902777,NO
1285.9952124641688,948.9953839184989,NO
1286.9816577039282,947.9827572413601,NO
1287.6488665928684,946.8848947308759,NO
1287.720080758951,946.045929101377,NO
1287.4194077015095,945.2817580153295,NO
1287.1967450569155,944.9087664388485,NO
1286.9207457654127,944.0361733782728,NO
1286.5165844438004,943.2472011477257,NO
1286.571615678063,939.628833966527,NO
1287.7822071664757,938.6766986331749,NO
1288.9519482879814,937.91256514889,NO
1289.9960034230994,936.996495477854,NO
1290.9480129425326,935.957764635206,NO
1291.9315311608673,934.9315311608674,NO
1292.9478444702095,933.9420494097949,NO
1293.9445357375732,932.94980411015,NO
1294.8915072441423,930.9777759549742,NO
1295.853358277306,928.9272865320605,NO
1296.687342916185,927.7186086320879,NO
1297.6614508480268,926.6701475279361,NO
1298.6577694383266,925.645968368283,NO
1299.6350820942769,924.6513912777818,NO
1300.4078518261226,923.561410673551,NO
1300.9897761591205,922.9924510756489,NO
1301.689598923712,921.882590608039,NO
1302.0123347809642,921.0059340299883,NO
1302.979313932996,918.9900006256402,NO
1303.986634525618,916.9931147556757,NO
1304.9980072396131,914.9990551748479,NO
1305.8462983490183,912.9713542002415,NO
1306.9913760229883,910.9919699927515,NO
1307.993260502373,909.9927315302031,NO
1309.0040915730906,909.0040560456445,NO
1309.9734451248396,907.9788461160546,NO
1310.3075509003384,907.1105482520456,NO
1310.2516558556197,905.8956548936878,NO
1309.98552212007,905.0068736381158,NO
1309.7089648177416,904.0468299462416,NO
1309.571754288252,903.0293894109634,NO
1309.586313156004,901.965120520305,NO
1310.6842391145303,899.6405567865986,NO
1311.7472278541832,898.7333899464454,NO
1312.520971509762,897.7015398939428,NO
1312.9031268560127,896.9669921694223,NO
1313.61332896605,894.913885486286,NO
1313.7899250373355,893.9753590003405,NO
1314.017020040839,893.0068080163356,NO
1314.7453025159607,890.9607383324999,NO
1315.0032098559686,890.0014386739324,NO
1315.8093944977065,887.9667374701621,NO
1315.9777923743404,886.9951371799025,NO
1316.7635353031276,884.9334623127046,NO
1317.8692378627993,882.9191129047927,NO
1318.5457905606693,881.7260874361435,NO
1318.998398354436,880.999057213189,NO
1319.665758253108,878.9849263523419,NO
1319.7018207068675,877.9912300210843,NO
1319.730439691593,876.9926003051728,NO
1319.7760505164708,875.9868265009197,NO
1319.849698371348,874.9870328010531,NO
1319.9443036665532,873.9936267877587,NO
1320.123314968725,873.0433620744084,NO
1320.4205008257088,872.1398386895397,NO
1320.752456079671,870.982040930371,NO
1320.8270052051753,869.9833592186702,NO
1321.692731685314,867.882207812048,NO
1322.7452073746422,865.8891816377229,NO
1323.0376868125772,865.0163992822452,NO
1323.7006972307474,862.982980823411,NO
1323.7660320121286,861.9834846127648,NO
1323.8657236186345,860.9826481816634,NO
1324.0733385587919,860.0294436160334,NO
1324.8339024846803,857.9717068358061,NO
1325.0616822684526,857.0267400953827,NO
1325.991161570172,854.9960385703529,NO
1326.7283500480899,852.9728350031818,NO
1326.8313012379508,851.9802122723933,NO
1327.0429129398754,851.016457333078,NO
1327.307437300325,850.1042498004578,NO
1327.6359938347239,848.9850115118315,NO
1327.661802470711,847.9953580731138,NO
1327.661802470711,847.0046419268862,NO
1327.6359944258245,846.014988463829,NO
1327.5948677939634,845.0174762913712,NO
1327.5783831700357,843.9942131023168,NO
1327.6636179611276,842.9610852150812,NO
1328.735070648303,840.7144268096515,NO
1329.9002209900268,839.8564065903134,NO
1330.7936757519192,838.8883244978095,NO
1331.6823448305272,836.9044912032357,NO
1331.890167004569,835.9819677175889,NO
1332.7198757455142,833.902050087537,NO
1333.5657341385554,831.777393125448,NO
1333.9022688297528,830.9703371851965,NO
1334.0817540385303,830.0126088324264,NO
1334.1952805079445,829.013419275244,NO
1334.194109679183,827.9862630073148,NO
1334.082643168036,826.9875829671048,NO
1333.9341047106554,826.0122746125056,NO
1333.7191675386803,825.1027740611142,NO
1332.8243249293446,823.0402733358251,NO
1332.6483719083385,822.0261997410284,NO
1333.8709142885268,819.7102437813442,NO
1335.971918789325,818.7923630289048,NO
1336.9820687309773,818.6846569840427,NO
1337.990077217671,818.638527219391,NO
1339.936129071678,817.9222185357727,NO
1340.9614176274995,816.9589465589877,NO
1341.955655114887,815.959827346525,NO
1342.9083258376568,814.92706710692,NO
1343.9347323963598,812.9646980239377,NO
1344.925103652003,811.9161289110718,NO
1345.9913274109774,810.9827646019123,NO
1347.9286637293105,809.9242241327315,NO
1348.9155101079193,808.9246441532244,NO
1349.744505462044,806.9667418812469,NO
1350.9103984040257,804.9279412242058,NO
1351.6149193548388,803.0,NO
1351.6010641184596,802.0200846289019,NO
1351.5644341803088,801.0179350619792,NO
1351.5411764705882,800.0,NO
1351.5651955396527,798.9820962881093,NO
1351.6338565173849,797.9691290783048,NO
1351.7138112452278,796.9758703594134,NO
1351.7581054990744,795.9962055762104,NO
1351.6610152035298,795.0587770799909,NO
1350.8803791164735,793.057917262523,NO
1350.0295556494543,791.9748638872369,NO
1349.5806846796881,791.3660689183187,NO
1348.6991846054675,790.2293253293541,NO
1347.7660130706142,788.0128463413855,NO
1347.819592388524,786.973252999977,NO
1348.8888434331272,784.929189149003,NO
1349.7370945996176,783.7923996623322,NO
1350.7479427741928,781.9364329346732,NO
1350.8765675412733,780.9963696336886,NO
1350.8623734854232,780.0080956773583,NO
1350.7891292517038,779.0219140191388,NO
1350.7268225707614,778.0016069260034,NO
1350.7964710304543,776.9711001167176,NO
1351.9174873750887,774.9351686514086,NO
1352.934488756234,772.9682752649297,NO
1353.759370893671,770.9548820434753,NO
1354.7388443476439,768.8918821805801,NO
1355.6989335081212,766.8927942928152,NO
1355.9410676252537,765.9861440524517,NO
1356.7690740953312,763.9315219703763,NO
1356.9627321528767,762.9936425439646,NO
1357.1160844536387,762.0201430399047,NO
1357.681141426123,759.9368995633023,NO
1357.8011679074361,758.9792925124559,NO
1357.8461645987222,757.9990600688,NO
1357.8198670669492,757.0184613854965,NO
1357.7283450381128,756.0351553458,NO
1357.6174709811082,755.0337525611636,NO
1357.5871622701063,753.9830008004801,NO
1358.0564797607615,752.0370226183752,NO
1359.6332534933827,750.5655937705224,NO
1360.544574450322,749.6237086799111,NO
1361.0132156989982,749.00918212359,NO
1361.7970093497754,746.9824870816809,NO
1361.8744726197738,745.9906469792036,NO
1361.9387306370552,744.996516055932,NO
1361.9981410271473,743.9998787626388,NO
1362.1428794469039,743.042247720664,NO
1362.394614690684,742.1198329383228,NO
1362.725016178846,740.9719624339942,NO
1362.840102361021,739.9789938389537,NO
1362.9614909634256,738.9945538874271,NO
1363.1436043625124,738.0484857756123,NO
1363.4436106977494,737.1433041743012,NO
1363.7929164907457,735.9752311878894,NO
1364.810185918032,733.8554182123864,NO
1365.677453219723,732.7451981529222,NO
1366.5626052639934,731.2333884481241,NO
1366.7455941111632,730.9241540215152,NO
1366.9131785240618,729.9911970271329,NO
1367.089827686008,729.0292634544447,NO
1367.3373749286693,728.1049287051773,NO
1367.6452779987917,726.9805250663512,NO
1367.7086988298822,725.9800087436538,NO
1367.8021688571027,724.9781056443464,NO
1368.7140409398255,722.868963867168,NO
1369.9894666457958,720.9896439254693,NO
1370.9753092361013,719.9781757103162,NO
1371.7046701083534,718.8914126587055,NO
1371.9965441817997,717.9985749202849,NO
1372.2027933726135,716.9953234231558,NO
1371.9770130849763,716.0100655534508,NO
1371.669915636296,715.1150579770148,NO
1370.884543393652,713.0061607281548,NO
1370.9203461980296,711.9894705872016,NO
1371.9093412927703,709.9475708677321,NO
1372.7736786650737,708.8094889877009,NO
1373.7313576069193,707.7453494083378,NO
1374.6983401003567,706.7193251426197,NO
1375.553890020833,705.6418771186447,NO
1376.016051674868,705.0120644465019,NO
1376.690910533517,703.9019099708054,NO
1376.846073142423,702.9916545675683,NO
1376.8392831827011,702.0109726338092,NO
1376.676781874289,701.1136429097808,NO
1376.0162330723963,699.9891521228611,NO
1375.5982269666076,699.2319272966608,NO
1374.8453427862173,697.0115234790546,NO
1374.80936190792,695.9973833987285,NO
1374.8481787019984,694.9907716462676,NO
1374.8981662919407,693.9956071733451,NO
1374.9254700734214,692.999123177358,NO
1374.9405958059524,691.9989516906438,NO
1374.9990075064075,690.9998925958845,NO
1375.6686409013948,689.3657434770934,NO
1376.596062553004,687.751653274794,NO
1377.011565677628,687.0072840876044,NO
1377.6420525758213,685.88393088207,NO
1377.8706208540107,684.977365079967,NO
1378.6161976358965,682.8900365623979,NO
1378.8100523984006,681.9772807768624,NO
1378.8908614496625,680.993794082609,NO
1378.9196078431373,680.0,NO
1378.9058161578137,679.0025854388354,NO
1378.8701856410426,678.0058543731478,NO
1378.8198250513292,677.010598526432,NO
1378.7746876058197,676.0066268349007,NO
1378.7662076408349,674.996791085257,NO
1378.8141252772737,673.9865149704211,NO
1378.9203264909318,672.9885954418797,NO
1379.7408605550465,670.8968822221783,NO
1380.9402211157262,668.9506174422204,NO
1381.248497769974,668.0111780999722,NO
1381.0472378884617,666.9813724239685,NO
1380.8718498656121,666.009698546948,NO
1380.8198268706021,665.0105984194159,NO
1380.774695724903,664.0066265961041,NO
1380.7670406416014,662.996345735318,NO
1380.789888487275,661.993820249833,NO
1380.8178652066374,660.9950002213001,NO
1380.8313725490195,660.0,NO
1380.824562202736,659.0024079697735,NO
1380.8108456681143,658.0025962359355,NO
1380.7824385028312,657.0098115970934,NO
1380.7389286335604,656.0112619021656,NO
1380.6904038744467,655.0176044850679,NO
1380.054307513832,652.9786951792446,NO
1379.778343408004,652.0835078351241,NO
1378.9877761358584,651.012014012515,NO
1377.926664940604,650.1489784887591,NO
1376.6709482138795,649.4582956171381,NO
1375.020152345006,646.9997109294743,NO
1376.633293241696,644.4271347374656,NO
1377.934683335683,643.8503159782155,NO
1379.9016535680034,642.8047324375501,NO
1381.8105196817744,641.6379237669111,NO
1382.1322598446402,641.1192750075747,NO
1382.6895045313022,639.995738297476,NO
1381.9194634543767,638.0729542240067,NO
1380.9579597639902,637.0318855884913,NO
1379.835216737342,635.0640407661194,NO
1379.612193857002,634.7070538992951,NO
1379.044259755983,633.9624278437674,NO
1378.619652599569,633.464869017126,NO
1378.0038051305075,632.99400255573,NO
1375.9690461935058,632.2022047288037,NO
1373.7051578813873,630.0020659607296,NO
1375.8999788871417,627.6978601012198,NO
1377.8831943017037,626.7499627861492,NO
1378.9626000026717,625.9593193001692,NO
1380.8641226152574,624.6854973041612,NO
1381.9653482252875,623.9590479026124,NO
1382.9593886619,622.9648545212618,NO
1383.6773366637267,621.0096413350199,NO
1383.6395637316953,620.0292053100541,NO
1382.972696764818,618.0112912267703,NO
1382.74021064282,617.0020536706738,NO
1382.7607912379492,615.9905451080537,NO
1382.970924664562,614.9884463023618,NO
1383.1599104934917,614.0008268381348,NO
1382.9502697939158,613.0223913448096,NO
1382.6017467727418,612.179289291071,NO
1381.8280532755352,611.3413142439052,NO
1379.9296178505642,610.0886207135027,NO
1378.7222365906873,608.0479278034328,NO
1378.591722866414,607.006404347608,NO
1378.6725048528083,605.9582604231884,NO
1379.973306163922,603.9254632041046,NO
1382.0246794892735,603.0622128800826,NO
1382.9169378858223,602.7852357920299,NO
1383.9590060766623,601.961535856422,NO
1384.3335522244165,601.0056397718924,NO
1383.9846814106675,600.0117542640346,NO
1383.4749079179612,599.4692948358442,NO
1382.5800590401757,598.4871315348639,NO
1381.0732521444877,596.9553256617764,NO
1381.5446150091705,593.5669125806832,NO
1382.692194380714,592.6279895217848,NO
1383.7584736218307,591.7390455561085,NO
1384.7521045758606,590.7581193713386,NO
1385.7399751373935,589.7408988486947,NO
1386.7209946421706,588.7269626612608,NO
1387.8773884595519,587.8240190835731,NO
1388.6593155349021,586.8364039892414,NO
1388.816299547196,585.9866715766245,NO
1388.8099055862988,585.0165907841417,NO
1388.0137327869268,582.9929552587321,NO
1387.7456968517872,582.0412451867375,NO
1387.6314856817269,581.0108386560562,NO
1389.0486625297024,578.0860799316757,NO
1389.8960540036194,577.7925983131288,NO
1390.9651948231124,576.9637179410836,NO
1391.6488588188727,575.8907740633293,NO
1391.8347867992745,574.9892252259324,NO
1392.028940439947,574.0101730029501,NO
1392.6081498628505,571.9830966606244,NO
1392.641937077451,570.9901708216188,NO
1392.6618949605147,569.9953593425818,NO
1392.6686274509805,569.0,NO
1392.6619090981483,568.0046404633723,NO
1392.6482849165777,567.0048274619435,NO
1392.6411764705883,566.0,NO
1392.6483754013634,564.9951737800046,NO
1392.6709676920846,563.9903225795035,NO
1392.7166893957658,562.9838901817881,NO
1392.7889551656658,561.982206023419,NO
1392.8764518448863,560.9863824677396,NO
1393.0726789035766,560.0276798386919,NO
1393.7114326934395,557.9796305432438,NO
1393.790413558384,556.9819180330289,NO
1393.8836710917128,555.9881390133035,NO
1394.002025747426,555.0003250189922,NO
1394.6022606358545,552.9342117581173,NO
1394.4730020367372,551.8566484670945,NO
1394.0868336318222,550.9585388962073,NO
1393.8058968151552,550.1020735165357,NO
1392.8582206311526,547.9972596052199,NO
1393.9869595194891,545.9868515976925,NO
1395.0041765580966,545.004646807448,NO
1395.4643154770336,544.3998029470783,NO
1395.995121639411,543.9956599413576,NO
1396.4372800259644,543.0286280895906,NO
1396.0951288599738,541.9524919930425,NO
1395.8255403687072,541.1024330290767,NO
1394.9768644285534,540.0189186009709,NO
1393.947882611509,538.0038391212455,NO
1393.9694925873923,536.9971663075165,NO
1394.6801917104485,534.8999502072734,NO
1394.8923544154536,533.9806408139623,NO
1395.0998820704424,533.0366681866144,NO
1395.3959154168385,532.1233325620826,NO
1395.6965419065089,530.9875046675638,NO
1395.7299626980139,529.9925872112312,NO
1395.7512519894458,528.9960980701701,NO
1395.7744289869613,527.9933655586626,NO
1395.8122256323238,526.9915317440627,NO
1395.8568753619961,525.9935453593558,NO
1395.9004616143357,524.9957061872531,NO
1395.9362721433295,523.9981256513373,NO
1395.9587448580585,522.9993528604766,NO
1395.9666666666667,522.0,NO
1395.9586976355572,521.0006478802685,NO
1395.929525945774,520.0030400572638,NO
1395.8860644238823,519.0051382711648,NO
1395.840454063439,518.0075080442484,NO
1395.7956012527682,517.0088172009267,NO
1395.7596536652063,516.006597742601,NO
1395.7375028804715,515.0041176021415,NO
1395.7090979053924,514.0125487179002,NO
1395.4223480014487,512.8723357161899,NO
1395.1433504905435,511.95419307004295,NO
1394.9770041382963,511.0024995501402,NO
1394.8876364235348,510.00837218832686,NO
1394.8335583385622,509.0048953428193,NO
1394.8323347901096,507.995397425557,NO
1394.8752373929321,506.99290565587916,NO
1394.9307217513403,505.9960606487181,NO
1394.972244977833,504.99923809742177,NO
1394.986274509804,504.0,NO
1394.9803226691536,503.0002314980037,NO
1394.9606674804106,502.0010797162367,NO
1394.9245685199817,501.00340181190023,NO
1394.8663461897365,500.009958519525,NO
1394.7833852198385,499.02208621282193,NO
1394.0468005714417,496.9806189416864,NO
1393.8228643705513,496.0257075562155,NO
1393.001057034839,493.99950173070226,NO
1392.0607243604588,491.97517557595,NO
1391.8937415064509,490.99527740015463,NO
1392.9178126807476,488.9451066114442,NO
1393.8097299042765,487.84561916350975,NO
1394.5430029592742,486.72855063661467,NO
1395.5645365485038,484.7560893818688,NO
1396.0090280590007,484.00621496846026,NO
1396.7850346583111,482.8972573254402,NO
1397.9380992488298,480.95813232300713,NO
1398.2107141509587,480.08040695149975,NO
1398.268582963386,478.91417566173067,NO
1398.0498245190302,477.9832238986846,NO
1397.872691805165,477.0067931251842,NO
1397.8196902216412,476.0106064575901,NO
1397.7678182385519,475.0104709423561,NO
1397.743137254902,474.0,NO
1397.7763030253943,472.98684135438583,NO
1397.8552582453271,471.98598350615885,NO
1398.7071772852653,469.87676042977,NO
1399.7773305822943,467.9005094139043,NO
1400.0627005935828,467.02829007218355,NO
1400.3942967645366,466.13486634796004,NO
1400.36371692323,464.86858712752013,NO
1400.0074220715385,463.99503150582075,NO
1399.5512396154193,463.32643815953423,NO
1398.7153689224124,462.2355727268173,NO
1397.7828679376428,460.0157527190382,NO
1397.745676346706,458.9970079571009,NO
1397.8025201670046,457.9825753085058,NO
1397.916007804969,456.9866222115569,NO
1398.6382560757274,454.91127035819727,NO
1398.7940233019362,453.9882875998564,NO
1398.8205384267685,453.0003518854194,NO
1398.79873974307,452.00868181506956,NO
1398.7565694664534,451.0105009250548,NO
1398.7205093043297,450.0076722936965,NO
1398.6929671807347,449.0084283520001,NO
1398.6656794817661,448.00917742609823,NO
1398.6586578117783,446.99531491112833,NO
1398.736031467227,445.9704976345026,NO
1399.1347156500738,444.0686469714151,NO
1399.982293455536,442.9873464029712,NO
1400.7494213536636,441.8820806365327,NO
1401.7832860732349,439.9083992674901,NO
1402.0577724335371,439.0243092818664,NO
1402.3658596748046,438.11837849682115,NO
1402.6588235294118,437.0,NO
1402.4747698270978,435.89027304358103,NO
1402.1968822595222,434.94194762025313,NO
1402.0219496150069,433.99657105534595,NO
1401.8852085916049,433.0166560083515,NO
1401.755128424369,432.03168926073755,NO
1401.647357462336,431.0248924142064,NO
1401.6039215686274,430.0,NO
1401.638324706175,428.9794341505464,NO
1401.7433266843445,427.9667834553552,NO
1401.8932785205684,426.98080700677843,NO
1402.6698513541273,424.8946177292649,NO
1402.9872174406744,423.9942015912118,NO
1403.6019607843136,422.0,NO
1403.3706867880153,420.9007018289258,NO
1403.1400775155878,419.95987586049404,NO
1403.0040049455474,418.99980212719987,NO
1402.9803921568628,418.0,NO
1403.02368674903,417.0023662848202,NO
1403.7267272230158,414.9253629313078,NO
1403.8945971150888,413.9860511604617,NO
1403.9692523314968,412.9981393718056,NO
1403.977887699313,412.00097520916705,NO
1403.9140457680082,411.01034871847094,NO
1403.7371996678344,410.08798987441526,NO
1402.80184225019,408.074089955407,NO
1402.0610318425615,405.99528640711884,NO
1402.0707030560113,405.0069988884049,NO
1402.7849619568422,402.9365347200816,NO
1402.9313085999827,401.99284609294256,NO
1402.9443044999566,401.0038567148232,NO
1402.84983695841,400.0267454575704,NO
1402.645933745044,399.1083716577473,NO
1401.9488326411038,397.00556166934524,NO
1401.8590789452712,396.0102236848746,NO
1401.7870534653216,395.01544906309334,NO
1401.6618167143338,394.0612289749903,NO
1401.0593043027388,391.98792500145913,NO
1400.860784688716,391.0431329479509,NO
1400.4738092676187,390.2428004871099,NO
1399.801531946267,388.02879732557255,NO
1399.6916103090898,387.01390777060436,NO
1399.700520817721,385.98238357744725,NO
1399.8283797333145,384.9699749833502,NO
1400.7041341748886,382.8927153168359,NO
1400.9257526755007,381.9861696162674,NO
1401.070909977749,381.0095937029597,NO
1401.1645287900483,380.0067747144369,NO
1401.1333908525328,378.98770711702633,NO
1400.9937470821562,378.00123832288335,NO
1400.792037189425,377.06603770981326,NO
1399.9640644619383,375.0083039737025,NO
1399.7379350543242,374.09026681296956,NO
1398.853651235443,372.0303245183206,NO
1398.1188460370959,369.9594672481865,NO
1397.9708306156067,369.00067156739163,NO
1398.0990497311775,368.03046910410774,NO
1398.3292265430166,367.1041143830082,NO
1398.6499733208116,365.97597856174474,NO
1398.716782184119,364.9805634836386,NO
1398.766531912925,363.9882459309721,NO
1398.7780263446891,363.0026477970722,NO
1398.7491355391787,362.01609692998903,NO
1398.0083266916247,359.99597558199645,NO
1397.7479053911236,359.0375996961757,NO
1397.6369946907096,358.02420035286843,NO
1397.6035140402823,356.99455803583106,NO
1397.6412302107406,355.9803028348475,NO
1397.6923582224842,354.9802599055356,NO
1397.7195167714947,353.99665427561575,NO
1397.7034136789475,353.01903071176383,NO
1396.9886689331063,351.0051268042664,NO
1396.7361242497543,350.02255796643834,NO
1396.6798458528579,349.0087885453186,NO
1396.6719988227871,347.99549802304466,NO
1396.7047163516588,346.9851337952484,NO
1396.9665012681444,345.98492899605435,NO
1397.7614106936887,343.95863169151875,NO
1398.022356855324,343.01117842766195,NO
1399.0027406082513,341.0012441673499,NO
1399.730085443171,338.97777174361323,NO
1399.811997382789,337.9837801668435,NO
1399.8789659563183,336.9931176722225,NO
1399.8911099902073,336.00341615703786,NO
1399.7646983814793,335.0609285877892,NO
1399.1494172083897,333.92987952453365,NO
1398.8833834126372,333.0505074105871,NO
1397.9957387476704,331.0005802925019,NO
1397.9083172462815,330.0055728734612,NO
1397.8350112219566,329.0148813407647,NO
1397.7405249899032,328.0295089233807,NO
1397.082942626748,325.97036546792117,NO
1396.892708994834,325.0120861409808,NO
1396.7941368206575,324.01776074435315,NO
1396.7095966778363,323.02505440351564,NO
1396.0208880787927,320.99158049753316,NO
1395.7988259995625,320.0190836997772,NO
1395.6187295671912,319.0891612376559,NO
1394.9405005115634,317.0071447415271,NO
1394.8551400845445,316.010509445373,NO
1394.7889168248996,315.0124166574052,NO
1394.6424115053271,314.07685015617,NO
1393.8534708518803,312.06072378842975,NO
1393.662108641721,311.67885748318344,NO
1392.84708832453,310.0692528460862,NO
1391.9087340408555,308.01646079497664,NO
1391.7846320960398,307.01520244014705,NO
1391.7358989022705,306.0041427625855,NO
1391.7357524354481,304.99585493989554,NO
1391.7683891894778,303.98955480641155,NO
1391.8471769574173,302.98441804275745,NO
1391.9783713805512,301.9959623668611,NO
1392.7130670746653,299.9285773019636,NO
1392.8715774315694,298.98690593423316,NO
1392.9468865076276,297.99653607654994,NO
1392.9752409260523,296.9998011319412,NO
1392.9537792402386,296.002320319315,NO
1392.9063428460215,295.0062931683275,NO
1392.8616995972684,294.00433883599635,NO
1392.8450980392156,293.0,NO
1392.824503898472,292.00722630958563,NO
1392.6829888287266,291.0838635486544,NO
1392.019619605471,289.9836082995193,NO
1391.5807551622888,289.495946597008,NO
1390.9879051116823,289.0182293457427,NO
1389.901195757969,288.11095492892747,NO
1388.9735199590643,285.9981028426094,NO
1389.6465439634405,283.91975804172046,NO
1389.7782541631907,282.9973912255198,NO
1389.769721644307,282.0067728925873,NO
1389.723279774204,281.0195331922389,NO
1389.0458109082151,278.98150312741814,NO
1388.8278339856408,278.02224809288515,NO
1388.7176838217936,277.02823161951176,NO
1388.6337859482378,276.02082393568185,NO
1388.6,275.0,NO
1388.6231966675618,273.9844845696891,NO
1388.6744149500928,272.9814863408282,NO
1388.7610435509387,271.97516727075526,NO
1388.8914627162746,270.98061443108924,NO
1389.59508061313,268.91107121513636,NO
1389.619834614267,268.0625272005433,NO
1388.9236209957562,266.0165500793081,NO
1388.6903376703956,265.11382564836697,NO
1388.0008121314354,263.99943456708854,NO
1387.5076201053982,263.34958970825056,NO
1386.7100815256908,262.2786295963523,NO
1385.695911597102,261.35681340407024,NO
1384.552132516212,260.46211378266014,NO
1383.7679563674303,259.1113589997038,NO
1382.9066367989087,257.00885658830657,NO
1382.8178708504029,256.01607021940265,NO
1382.737741775477,255.01902657802592,NO
1382.672473713662,254.01798183555837,NO
1382.3711962451202,252.88720555346518,NO
1382.1077157314587,251.96409475730837,NO
1381.928752328721,251.0083570827359,NO
1381.821494466924,250.02030062970846,NO
1381.6466915457336,249.08485574368606,NO
1380.9859405221746,247.0016905183143,NO
1380.916547594894,246.00229085036307,NO
1380.8926430534173,244.9981583571129,NO
1381.0409202020655,244.0155122337611,NO
1381.1771438389808,242.98649943023966,NO
1380.9167532529207,242.0730487461761,NO
1379.7508330929031,240.0775369877924,NO
1378.8820770024558,238.05106486988257,NO
1378.3753537721263,237.37956971554004,NO
1377.727867096126,236.21609305484358,NO
1376.872238221813,235.0853869303336,NO
1375.9890437001582,234.0084527717628,NO
1375.1446842129324,232.92791473164965,NO
1374.7951695065065,231.01767164989045,NO
1374.0562738179838,228.97427482580116,NO
1373.7763465557402,228.0850295353915,NO
1372.8660536929656,226.0279786934773,NO
1372.0328790036222,223.9850487774043,NO
1371.7403528070356,223.10108851927865,NO
1370.764455777653,221.10407768178342,NO
1369.9984479257537,220.00109580180148,NO
1369.5179711421588,219.31702374030223,NO
1368.774377548105,218.18284387567627,NO
1367.900783880146,217.0594815098352,NO
1366.9338768775008,215.00639033237843,NO
1367.053210870732,214.01828270964603,NO
1367.7039010952658,211.97600779644043,NO
1367.9472383455395,210.97750967792692,NO
1368.1326662066708,209.99863230712353,NO
1367.8916079865742,209.08682282087818,NO
1366.9430872645014,208.0593800493321,NO
1365.9305885061162,207.0763526451173,NO
1364.9203842165196,206.0738330534685,NO
1363.743573478412,204.0183525948586,NO
1363.4310002932002,202.85876532195786,NO
1363.0870189829188,201.9624015976562,NO
1362.8151995136543,201.08455493762173,NO
1361.7257650361303,199.1164385081895,NO
1360.766134491161,197.09191457956155,NO
1359.9959860467382,196.00343585654747,NO
1359.0004252479966,194.99953800218847,NO
1357.995347833448,194.00420789440003,NO
1356.9303635515066,192.0125204924889,NO
1356.80138859714,191.02025057435677,NO
1356.7170526721795,190.01608916131846,NO
1356.6709353687263,189.0096783711834,NO
1356.6421436838598,188.00982350683262,NO
1356.4863529156862,186.90853982838968,NO
1356.2332500120738,185.9381776650434,NO
1356.0557226873395,184.99028482159264,NO
1355.8991501355815,184.01858801420218,NO
1355.6825900956783,183.10697628784092,NO
1354.84588187069,181.044999196111,NO
1354.455539096262,180.23291242740947,NO
1353.9443443999385,179.02528659069932,NO
1353.546410200044,178.3026283452584,NO
1352.7507123932985,177.21892565637788,NO
1351.8742696139254,176.06680821762708,NO
1350.8039883024815,174.1026727929962,NO
1349.985854819761,173.01088224256003,NO
1349.3907196994933,172.4175271273625,NO
1348.721311732728,171.18565734430595,NO
1347.7059925057952,169.11079022769624,NO
1346.7873894037093,167.0752603855097,NO
1345.8852558472706,165.02644404348496,NO
1345.0256017322677,162.98835800493327,NO
1344.7230560273078,162.11064967184012,NO
1343.9993006793839,161.00047883688174,NO
1343.5020698504472,160.31514567983504,NO
1342.8633132288242,159.06440822021577,NO
1341.7234109661492,157.21000279262717,NO
1340.827385004948,156.17603876537063,NO
1339.8268412361872,155.14584503609873,NO
1338.8247273382979,153.02268234303037,NO
1338.7205887088057,152.01643595836688,NO
1337.9755757589678,150.01767183469246,NO
1336.7666560127689,148.12790706984154,NO
1335.9875817504576,147.00794140650243,NO
1335.5353926506161,146.2094541244533,NO
1334.7881010986553,144.06476568769293,NO
1333.9480204702775,142.02000981770064,NO
1333.5729125790288,141.26010589264342,NO
1332.8684195550757,140.0811112365802,NO
1331.9759399786008,139.02255831035268,NO
1330.9950572383782,138.0044457991471,NO
1329.7866713816209,136.09531703766163,NO
1328.998619617111,135.00114293571042,NO
1328.4509508083925,134.5052919269849,NO
1327.5539381477136,133.4376772162996,NO
1326.5642920494465,132.38789574746963,NO
1325.7897447595242,131.0981191168319,NO
1324.759346228448,129.12874977331134,NO
1324.1879430931658,128.7818810601911,NO
1322.9803087944713,128.13384698313405,NO
1320.8917611698853,127.30784808191127,NO
1318.9586765761221,126.04199626273129,NO
1317.9803005229473,125.01567115421241,NO
1316.788291746323,123.1309035790793,NO
1315.8639502902502,122.25509320685777,NO
1313.9250615210708,121.12789087202107,NO
1312.7704240589374,120.27522775269924,NO
1311.667187103075,119.43510604434063,NO
1311.0109991025854,118.98503461013787,NO
1309.9126891240228,118.20590426313238,NO
1307.9049696197162,117.19503853728071,NO
1307.0528197092265,116.90751071549167,NO
1305.9880068141076,116.0159006430669,NO
1304.8856274407242,115.22630009264884,NO
1302.9203141306086,114.197824804218,NO
1300.916984356434,113.2837976734107,NO
1300.0054132112207,112.98703223327286,NO
1297.9628315166083,112.21868898944261,NO
1295.9233123256683,111.10207393799335,NO
1294.925384619289,110.04356369509925,NO
1294.0467262967684,108.96154947701842,NO
1293.6315156859698,108.32202043397689,NO
1292.6783758797346,107.36803081676501,NO
1291.5635366910751,106.53196951366918,NO
1291.0057057365746,105.99327128773413,NO
1289.9253223203693,105.15797906357724,NO
1289.0415541004888,104.89448186703802,NO
1288.1145252080385,104.57295686165513,NO
1286.9903742816393,104.32727443523869,NO
1285.98697502585,104.2888146394205,NO
1284.9861027829318,104.23625268927975,NO
1283.9895138769148,104.17826409178495,NO
1282.99308239064,104.12165451290882,NO
1281.9976594678496,104.07957809578234,NO
1281.0,104.06470588235294,NO
1279.9992071615152,104.0577639465735,NO
1278.9993941658875,104.04413934235298,NO
1278.0,104.03725490196078,NO
1277.0,104.03725490196078,NO
1276.0,104.03725490196078,NO
1274.9995843956685,104.03027974405643,NO
1273.9997336906501,104.00970126906164,NO
1273.0004235527124,103.98338370133516,NO
1272.0014877327874,103.95571807233547,NO
1271.0406385218032,103.83858835978687,NO
1270.102516059462,103.62249966662367,NO
1268.964366633628,103.31332786966996,NO
1267.9723216417797,103.17728163538332,NO
1267.0203289042927,102.95080405110403,NO
1266.1171347021436,102.65996818122059,NO
1264.9953577571791,102.33822054738843,NO
1264.0046415501815,102.33817008366648,NO
1263.0048274715984,102.35171578685544,NO
1262.0,102.35882352941177,NO
1261.0050173534205,102.36555003384423,NO
1259.8907815792018,102.66574765178521,NO
1258.9743478674698,102.92921775767314,NO
1258.012447787499,103.120408402721,NO
1257.0153054517757,103.20541526704773,NO
1256.019579230047,103.2773724280804,NO
1255.0237529448839,103.34611434712332,NO
1253.8958038742865,103.64558105854859,NO
1252.964620678686,103.88262671116985,NO
1252.0014655280922,104.02852143079325,NO
1251.0018198349483,104.06629398662211,NO
1250.0011956358578,104.08711061223624,NO
1249.0001864261294,104.09507733095177,NO
1247.9976261017202,104.08071254422161,NO
1246.9975714123652,104.03393276451409,NO
1246.0399638627373,103.87675660832966,NO
1245.1240587860507,103.61291906208528,NO
1243.990758877969,103.31419815959268,NO
1243.0,103.3,NO
1242.0,103.3,NO
1241.0,103.3,NO
1240.0,103.3,NO
1239.0,103.3,NO
1238.004826610471,103.30769639759701,NO
1237.0096936355822,103.32958362084798,NO
1236.0149781381924,103.36375480869971,NO
1233.989387970224,103.97300255671776,NO
1233.024961612192,104.19735275658317,NO
1230.9792701064262,104.95129235010965,NO
1230.0531776482626,105.2059266103094,NO
1227.9823129170961,105.86612238897997,NO
1226.9973687088277,105.97316083024265,NO
1226.023075054493,106.10875085328142,NO
1225.155176422734,106.35884546227994,NO
1223.1103916331654,107.32455141397041,NO
1220.984512249799,107.8855253256498,NO
1220.0020900875895,108.01480478777974,NO
1219.0206474674837,108.14625290146233,NO
1218.0843893868025,108.33392006381902,NO
1216.0154109597881,109.07254781947762,NO
1215.099280769812,109.3019084007264,NO
1213.0649607421012,110.19573137460131,NO
1210.992108134335,110.95854693527222,NO
1210.0195555155315,111.11596875298106,NO
1209.0679273800201,111.28788269656481,NO
1207.9245414065754,111.66798219096134,NO
1206.9740391864455,111.84238077518793,NO
1205.9980342146168,111.98714678828206,NO
1205.0203966109332,112.13002839151245,NO
1204.0981584706308,112.32815022209314,NO
1202.0376499849742,113.12063362309638,NO
1199.9931081718819,113.97338610358572,NO
1199.023294866434,114.14850476987742,NO
1198.0281067171982,114.2810671551463,NO
1196.8832064878197,114.62994896064134,NO
1195.9688889915185,114.9159744217155,NO
1195.0212962512944,115.12530120278038,NO
1194.1140748195778,115.3476938026844,NO
1192.0546841315943,116.18488444053624,NO
1190.9170466270532,116.79867495172715,NO
1189.0691787444653,117.23682357583576,NO
1186.996394994444,117.98145466196256,NO
1186.0217055456735,118.13666454362524,NO
1185.0985485684841,118.34939945434354,NO
1183.010259092583,119.08125852396499,NO
1182.0158778762275,119.17994926032287,NO
1181.0229136548671,119.2655900984511,NO
1178.986534770811,119.96741414502614,NO
1178.0215347357475,120.1911680037502,NO
1177.0251652642005,120.29168829832281,NO
1175.882265258005,120.62417057611425,NO
1174.964960615197,120.89805762400717,NO
1174.0133180793423,121.09052694810963,NO
1173.0630199420323,121.25805579455577,NO
1170.9870796998787,121.92639120854385,NO
1170.011406374304,122.07363608857182,NO
1169.0594700611057,122.24397973096127,NO
1166.9865989162881,122.94134087148866,NO
1166.0438048475498,123.1456549908003,NO
1165.2291566101653,123.52461008688023,NO
1163.0679065788136,124.22668095383882,NO
1161.0069486516493,125.03251444552778,NO
1160.0301133643434,125.19440273525124,NO
1157.9737481955758,125.95200427460266,NO
1157.1776766678079,126.28064398994998,NO
1155.0897441967722,127.32231086139016,NO
1153.0022076944947,128.01405658629992,NO
1152.024391349458,128.1554948489838,NO
1151.095565643689,128.3504073638013,NO
1149.0008652159297,129.00634491669058,NO
1148.01665472363,129.13067552628243,NO
1147.0319626525657,129.25078389399746,NO
1144.9657760053974,129.9016187898347,NO
1144.0137486765555,130.09473403287797,NO
1143.0830018297277,130.29050641755305,NO
1141.0791056021992,131.18763064453677,NO
1139.0679825783486,132.1866953612789,NO
1136.9958363253425,132.979828410198,NO
1136.0583478010633,133.1764930363471,NO
1133.9892203348245,133.95738272007873,NO
1133.0549600643901,134.17609652958782,NO
1130.9992269033232,134.9968210007216,NO
1130.0798995216003,135.22426626793063,NO
1128.0822109808028,136.18637358093747,NO
1126.0732995091653,137.20381399837527,NO
1124.068457321575,138.15649954835072,NO
1122.076101746911,139.1722507557973,NO
1120.0482947787568,140.13678521725308,NO
1118.917630143993,140.8206496870348,NO
1117.1076629888894,141.30562396534526,NO
1115.0832907368836,142.24595921127374,NO
1113.2494393841428,143.322622010462,NO
1111.0987854223215,144.36871759000485,NO
1109.0152313585265,145.08908573662313,NO
1108.096028138052,145.30604651288382,NO
1106.1028885255726,146.2321869395763,NO
1104.1093441721619,147.27336043479207,NO
1102.0381321780144,148.21379727032587,NO
1099.9864615201443,148.96715980877897,NO
1099.0766501250148,149.2454464323525,NO
1097.0840863509982,150.1843017945536,NO
1095.1090423865112,151.23116986214578,NO
1093.1137409108017,152.28485557179187,NO
1092.0238707145245,153.0282373081072,NO
1091.0028683083242,154.00297334501352,NO
1089.0943657576297,155.26238284193604,NO
1087.002054004725,156.01179585595168,NO
1086.0568751112125,156.20113306462392,NO
1084.9258105815572,156.83647655146092,NO
1084.0492160324002,157.10717603005452,NO
1082.9425591227885,157.89448085712755,NO
1082.084168143764,158.18189790207796,NO
1080.0974834211918,159.2328770700955,NO
1078.088060279001,160.22298305129812,NO
1076.0956699152373,161.22375258309395,NO
1074.1066041312015,162.2436259764077,NO
1072.0978128181687,163.26454604644334,NO
1070.0601598740122,164.18542426467957,NO
1068.9297673434808,164.85064667460497,NO
1068.0275073531204,165.09472603056508,NO
1065.9913349677915,165.97979547915654,NO
1065.073522779303,166.2660402659967,NO
1063.0567638642162,167.14142311323673,NO
1061.9387771442107,167.8813543326857,NO
1061.0786114004743,168.16341877190908,NO
1059.1029275496314,169.23577270252443,NO
1057.0916403651443,170.24149932589052,NO
1055.0212293606326,171.1046898883477,NO
1053.003822030684,172.005916667128,NO
1052.2690784201902,172.47071339260685,NO
1050.6462307528138,173.38877065264893,NO
1049.0299735418603,174.1315652808722,NO
1048.1730622706266,174.40315643822402,NO
1047.2326489972288,175.14941036345226,NO
1046.5624435778948,176.4305602529787,NO
1045.2655764174153,177.46410136003024,NO
1043.0107899075676,178.10382741150315,NO
1042.0241902134512,178.20910184492783,NO
1039.9811470031075,178.95667918916547,NO
1039.0893594549018,179.241992069268,NO
1037.0312503194073,180.16489530155346,NO
1035.004207064384,181.00900181141427,NO
1032.978532555758,181.95234021775263,NO
1032.090852546091,182.2388676318647,NO
1030.1085171262475,183.2402071710448,NO
1028.1121425833699,184.28035646292406,NO
1026.025324970959,185.16543454472065,NO
1025.0278536868723,185.28990570341426,NO
1023.0060855020809,186.01377094853072,NO
1022.026037745865,186.26728543461533,NO
1020.0743750339009,187.0836990158553,NO
1019.0555825071633,188.05887977007933,NO
1018.0360728884331,189.04059514466812,NO
1017.0038359323433,190.0046067320899,NO
1015.9506777057703,190.9139968406882,NO
1015.1105315272529,191.21577447242876,NO
1014.0270080042872,192.0305873779097,NO
1013.0101405826478,193.01061919434986,NO
1011.9921247830683,193.9909132111225,NO
1011.3978924588415,194.54291870353018,NO
1009.7106244570001,195.38042791480868,NO
1008.0182390369237,196.08084329973119,NO
1006.0039763201278,197.00758965662243,NO
1005.1691477480668,197.37138962868744,NO
1004.0592461344844,198.070990189913,NO
1003.0189028543822,199.023444079981,NO
1001.9458925720518,199.89554418757345,NO
1001.0495985209882,200.15061568736257,NO
998.9641568467046,200.84721097073876,NO
998.0061050408437,201.02993818127956,NO
997.0902529318948,201.25481505144072,NO
995.1175426076697,202.22948794977134,NO
994.0446317286654,203.04939244596653,NO
993.0208961771027,204.02371652017487,NO
991.9767601034637,204.9688657898228,NO
991.2522842276492,205.38518921120675,NO
990.0471722383536,206.09456490572597,NO
988.9387624169593,206.88546553340538,NO
988.0868516575952,207.17047162915912,NO
986.9943156588366,207.99253752866016,NO
986.3741953258799,208.50869869703962,NO
985.1113989510394,209.1876931871731,NO
984.0327630429031,210.0385703766316,NO
982.0805264351427,211.2050800681511,NO
980.0884607431162,212.18477053039268,NO
978.990067995694,212.98597232447005,NO
978.2935841819445,213.4417611085868,NO
977.0316603412449,214.1063743664744,NO
975.0448225249892,215.05685820407433,NO
974.0015344046315,216.00191495659672,NO
973.403865588452,216.56388777388318,NO
972.0925683471019,217.18298393952935,NO
970.1397796131523,218.26525619179915,NO
969.0730142385103,219.0730142385103,NO
968.2115748964447,220.13822163458352,NO
967.1775875809342,221.2696416026897,NO
965.1040292160988,222.26234772288038,NO
963.0764649432436,223.16453782510925,NO
961.9807614950006,223.97336968501486,NO
961.3008076906478,224.41520885587556,NO
960.0898753758589,225.16067436278786,NO
958.9956720765167,225.99409157225844,NO
958.3205393927844,226.48468034005703,NO
957.0856738797316,227.14889653669258,NO
955.1069852337811,228.2707573522761,NO
953.1426896631384,229.28679209654217,NO
952.0657072956664,230.06714943470197,NO
951.0650924030494,231.06544664934358,NO
950.0405638531763,232.05042398943843,NO
948.0769744547573,233.18940905111467,NO
946.9720288987495,233.96138718980404,NO
946.2770000755044,234.35548343202134,NO
945.2090914620554,235.23257637913255,NO
944.0860467750751,236.1281921376762,NO
943.0010162227787,237.0014254400393,NO
942.2937224775271,237.49504632910583,NO
941.0825054938019,238.13739892480373,NO
940.0198856203741,239.02155902444642,NO
939.0130973643992,240.01316864295984,NO
938.0090724137611,241.0093507863901,NO
937.0010448889941,242.00111705402068,NO
935.9845992337926,242.98399443520321,NO
935.5067055097987,243.4895290489924,NO
934.1449000248491,244.32000347078662,NO
932.0417545125458,245.12472993209045,NO
931.2685598313805,245.54735802177683,NO
929.6165457886291,246.3711350722788,NO
928.9588082792393,246.9477209003499,NO
928.2843456530958,247.35410196507866,NO
927.0860697488799,248.15154161064837,NO
925.1975058680564,249.3519465557902,NO
923.1924825062985,250.38917228035268,NO
921.100367400493,251.2555330940296,NO
919.0834082644087,252.22826148129442,NO
917.0797107187012,253.20647957722827,NO
915.059379881641,254.17538693649368,NO
913.9437732497815,254.9238941201352,NO
913.2262940487708,255.25263515690227,NO
912.1549012163063,256.1913485526877,NO
910.1436638459488,257.3443885484308,NO
909.0309697915969,258.0419903434514,NO
907.980130704504,258.975238768994,NO
907.3667816538865,259.4456594400135,NO
906.2200126134798,260.27382241198103,NO
905.0508570759127,261.0975719480017,NO
903.9389957295211,261.879814573057,NO
903.0856658818086,262.16554082948045,NO
902.0182958771669,263.01943428706136,NO
901.0277941172495,264.0246305606463,NO
900.1431118834231,265.0941816001086,NO
898.6900636326101,266.3662495252717,NO
897.0693888340681,267.1424805560048,NO
895.2250430073364,268.3466878761668,NO
894.0526452359522,269.09944100087057,NO
892.0514299011904,270.13809603260995,NO
891.2898464520696,270.59764799286404,NO
890.0635496138827,271.1150261233941,NO
888.2121330078576,272.3442158436238,NO
887.0353453132439,273.0732768705759,NO
886.3405903548195,273.55235638275,NO
885.0928489113024,274.1658162679711,NO
884.0194186974406,275.0221214515607,NO
882.1287642041266,276.25721664214296,NO
881.0132680896434,277.01944774735284,NO
880.2848041673476,277.5462108392902,NO
879.0393378971397,278.0936115745888,NO
878.2804962516598,278.53052077499,NO
877.0543033921159,279.1096362287946,NO
875.1253410174498,280.22913018243474,NO
874.0538863136866,281.05597319772306,NO
873.1339432279249,282.0968243222743,NO
872.0911590347088,283.13122894300574,NO
871.0228815450787,284.0267232196105,NO
870.0048752174838,285.00479474594334,NO
869.1170165438639,286.0633668502149,NO
868.3562757872359,287.2669310912528,NO
867.0791179151499,288.2170428817901,NO
864.9885265710611,288.93909317936885,NO
864.0288501558823,289.11646914749014,NO
861.9809129937139,289.9447719158878,NO
861.0929353749414,290.2039029952839,NO
859.1414962514069,291.27725160533896,NO
858.0599124052875,292.06624600190077,NO
857.047738668179,293.0497614909422,NO
856.0337021574842,294.0371664026372,NO
855.0081726967486,295.0092128578593,NO
853.9822834015739,295.9802476435612,NO
853.4630082973496,296.50747257690733,NO
852.4369449907148,297.44037200314455,NO
851.3595947248008,298.40445365113703,NO
850.0859276022034,299.17840207225913,NO
848.0391041624434,300.1170649962164,NO
847.2091600460813,300.490646453581,NO
845.1097031200131,301.2720885178382,NO
843.1063124498424,302.2668787447089,NO
842.0175496406715,303.02074549438703,NO
840.9965912482506,303.9963550999035,NO
839.2151084155595,305.3335879888853,NO
837.1221579865804,306.3053949713524,NO
835.168757519155,307.33297631884875,NO
834.0977572793223,308.0944304556566,NO
833.4300843937888,309.1935379828272,NO
833.0009868967811,310.00069198876713,NO
831.0547265248736,311.15830984850544,NO
829.9215440031732,311.8233211772617,NO
828.1168270280167,312.31888635753137,NO
826.1452550132282,313.3038497628394,NO
825.0591689402278,314.0630755539304,NO
824.1278364884929,315.0956283319754,NO
823.166959037411,316.18250349621013,NO
821.612634884197,317.3626553014447,NO
820.0861017927251,318.17492699430494,NO
819.0062260977717,319.0072331182502,NO
817.1235660001264,320.24034913848163,NO
816.0235850314954,321.02993916183203,NO
814.9703791885204,321.9614979935988,NO
814.2857628153962,322.3775496102645,NO
813.0921565295424,323.1477430134452,NO
812.0198228524885,324.0232519940672,NO
810.9935897647111,324.9930264406703,NO
809.1244173696218,326.23694403057044,NO
808.029017817058,327.0353203293479,NO
806.9888322229369,327.98657083448404,NO
806.3750271371985,328.48194274814267,NO
805.2307143106257,329.29279405355794,NO
804.081127595214,330.1294178321946,NO
803.0169875315706,331.01847766636513,NO
802.0279645901857,332.02457494161285,NO
800.0942596986041,333.30708298452214,NO
797.9997767547237,333.999043234526,NO
797.0904199400035,334.232397384829,NO
795.1111638888087,335.22339154503817,NO
794.0293066348149,336.03504249048814,NO
792.1520509916239,337.286086466803,NO
791.0704728374549,338.0721963594885,NO
790.0555609686181,339.0612112362792,NO
789.0270376402831,340.0318425220356,NO
787.996057548956,340.99553832870606,NO
786.9588281374732,341.9334791863806,NO
786.1368780931211,342.2478603385411,NO
785.0425172638835,343.0507668794802,NO
783.1221346654528,344.287217780807,NO
781.9985285185725,344.99771575083673,NO
781.2733190411037,345.4550727443157,NO
780.0684775391837,346.1246411371856,NO
778.9879972123773,346.98509931329755,NO
778.3688569637955,347.49097286284297,NO
777.0897583290806,348.1778069809036,NO
775.1277172910424,349.2598170524877,NO
774.0268454398686,350.03433719010667,NO
772.1136729262277,351.22333386533,NO
770.1827277250719,352.3555049348847,NO
769.4178052923952,353.18324793955475,NO
768.0141658165865,355.02031059040235,NO
767.2237618765696,355.5084252815698,NO
765.169476130374,356.34482744410786,NO
764.0158060499266,357.03072412022607,NO
763.29294555479,357.45311722503493,NO
762.0918616280369,358.1527315578771,NO
760.1112899564407,359.2892225768026,NO
758.1658258161988,360.31557668098986,NO
757.0211358414167,361.0398417482336,NO
756.2648800610115,361.45934897876623,NO
755.0628768983591,362.1178421368051,NO
753.9824850443484,362.97834357641347,NO
753.3800666631731,363.47928759637296,NO
752.1133412794773,364.19241657897743,NO
751.0157167807697,365.0211946164279,NO
749.9259120694527,365.8369301691937,NO
748.103137442561,366.28499348669857,NO
746.1176606529432,367.2458059186053,NO
745.0305214641668,368.0362957956074,NO
744.0066940217295,369.00714818815266,NO
742.9937957210271,369.99324883926573,NO
741.951997078599,370.9188848590259,NO
741.1286584324349,371.22162452407105,NO
740.0496106432506,372.05465579311334,NO
739.030041234449,373.03270965469255,NO
738.023575884202,374.02312250211634,NO
737.1067347656356,375.0692793732434,NO
736.2452618867553,376.1774602837448,NO
735.1278919437576,377.22754108456536,NO
733.0066656997747,378.03399506962495,NO
732.0502485574135,378.2195545083736,NO
729.9930033932877,378.9777543789793,NO
729.0991164635758,379.2346376425059,NO
727.1364528809219,380.2789257549489,NO
726.0373229711329,381.04726796472386,NO
724.1528897677346,382.2949916965425,NO
723.0664369886327,383.0703341302147,NO
722.0488246179824,384.05287008526324,NO
721.0367154745378,385.0389374458628,NO
720.0234107000864,386.0250680948371,NO
719.0073219179154,387.00800662252254,NO
717.1818679113503,388.33281827788403,NO
715.0970474732791,389.22078923283686,NO
713.9999154095447,389.9998907767977,NO
713.4554161514683,390.5537218424343,NO
712.4394036988167,391.4533807716016,NO
711.4348011735017,392.4503606536431,NO
710.1351696965297,393.23010687498527,NO
709.0441079547111,394.05228089785754,NO
707.9971121731468,394.99620913927777,NO
707.3517201701484,395.4999862923908,NO
706.2055427701533,396.2656815269413,NO
705.0640977530701,397.10552678895,NO
703.9925165595413,397.99117939320485,NO
703.4314669580612,398.52608689646667,NO
702.2571039081421,399.331472805745,NO
701.070643014075,400.1267329557135,NO
699.1286985170012,401.24467512030697,NO
698.0357657616437,402.0444160843625,NO
696.142533949719,403.29082685567613,NO
694.1677808584072,404.403953338347,NO
693.0548485614124,405.0678521758267,NO
692.0219817677324,406.02483907281174,NO
690.9977230405652,406.99743585651447,NO
690.4960672526466,407.5876489197399,NO
689.3099116663848,408.408274918604,NO
688.0297702416733,409.10856065476764,NO
686.0377612784272,410.0460875238435,NO
685.0045220609217,411.0051858496131,NO
683.9723220962436,411.9681244975455,NO
683.3727136772494,412.4378029504803,NO
682.124646391252,413.1996860432154,NO
681.0526329887414,414.0567495375118,NO
680.0449859717957,415.04523079474046,NO
679.0464938688465,416.04674689807825,NO
678.039488402174,417.0411291957507,NO
677.0297949863268,418.03113220790044,NO
676.0271282593351,419.02697691563975,NO
675.038387858472,420.03552538147176,NO
674.0757973373801,421.0685091322141,NO
672.1014879204129,422.2752898684408,NO
670.0473167293503,423.1073680842618,NO
668.942434076079,423.89270691638995,NO
668.1002016554346,424.1781598134409,NO
667.0239398469229,425.0286198167639,NO
665.145384914328,426.28278926946894,NO
664.0454979807652,427.0553650129442,NO
663.0037696103132,428.00477081861465,NO
662.3834866761172,428.5663659529312,NO
661.0776485451725,429.1651235907672,NO
659.089528362339,430.20989425976705,NO
658.0020238559734,431.0023730197296,NO
656.9748575449045,431.9718948991796,NO
656.3835036251967,432.464154605712,NO
655.0914090698956,433.17633374049433,NO
653.1042296070682,434.23513540589465,NO
651.1474562957977,435.30701158584856,NO
650.0641837169752,436.06782019073034,NO
649.0707814096188,437.06695020886843,NO
648.2197562431338,438.13660523888774,NO
647.296256801799,439.32182493201327,NO
646.2500425268704,440.25795248340734,NO
645.2295836986965,441.24759027671723,NO
644.0747161695913,442.13558408931925,NO
642.0487716537787,443.1547822581408,NO
641.2801790634588,443.57615456792945,NO
640.049379221375,444.10089558104863,NO
639.299693136326,444.59511715470495,NO
638.0579059530794,445.11581190615874,NO
636.9770090603052,445.97193266259575,NO
636.3916784597585,446.43607924238853,NO
635.4217611534273,447.4250369728544,NO
634.1284844741671,448.2294568207615,NO
633.0243256614624,449.0320603703525,NO
631.2128997086809,450.30782902808653,NO
630.0673654957181,451.10474750241406,NO
629.0130019892947,452.01378885226586,NO
628.0037371605251,453.0039210437958,NO
626.1081001701939,454.23257915752794,NO
625.0069592406124,455.0090753733998,NO
624.4093984780224,455.5434168306078,NO
623.212770123572,456.304149288939,NO
622.020801095019,457.0641202047841,NO
620.0314571695745,458.0414177600982,NO
619.010863915333,459.0105561554821,NO
618.0240533536246,460.0232036424002,NO
617.0005258729632,461.00067708242864,NO
616.3026362221786,461.5132335894382,NO
615.0690299286897,462.1281984427145,NO
614.0087828237786,463.00898186779716,NO
613.1015485670084,464.0613782516578,NO
612.174695117542,465.17412516220827,NO
611.0499015853253,466.0934108152248,NO
608.9961245969777,466.98627461418965,NO
608.0830503622564,467.22570157516554,NO
607.767105055414,467.43778862436375,NO
606.0155583175398,468.07262938094203,NO
605.1190651545744,468.3236034152286,NO
604.0255286031746,469.0298937981941,NO
603.1348081861923,470.0672447450824,NO
602.5728712303548,471.31692575925854,NO
602.0342399048754,472.0240177971826,NO
601.0608428422235,473.0650705942257,NO
600.0049999557948,474.00720452207605,NO
599.2991374895813,474.48083581383594,NO
598.058001723473,475.1319615939959,NO
596.9627411523282,475.95240565014944,NO
596.2778706713569,476.35444461511963,NO
595.0768841550716,477.13786690159367,NO
593.1191726784442,478.22667239412533,NO
592.0489912595726,479.05197687424703,NO
591.0528810016519,480.0500867607749,NO
590.0673352724,481.0638052456366,NO
589.1637272208231,482.1205274285529,NO
588.0920806268257,483.15272363293286,NO
586.9875258208805,483.98135532010303,NO
586.2549602858244,484.4112862781741,NO
585.0737080455016,485.1238599147013,NO
584.0070460519898,486.00798127479203,NO
582.9714291979403,486.9639055521358,NO
582.254498642228,487.37799686638164,NO
581.0558546508885,488.1036296990499,NO
579.9432010214324,488.89625025265934,NO
579.089475551742,489.1741577647281,NO
577.1024874322209,490.20735830239613,NO
576.01368275386,491.01766080649514,NO
574.9796915409161,491.9781293510716,NO
574.4947716282377,492.51716866657944,NO
573.3406262638383,493.42342240932084,NO
572.0803921503094,494.15724032273874,NO
570.1148401356573,495.23105067860627,NO
569.0221364708952,496.02750907113665,NO
567.9818364623347,496.97842356775266,NO
567.3846260702333,497.47325732514093,NO
566.2335070799223,498.303945160256,NO
565.0555524027155,499.10355162998854,NO
563.9491358704047,499.9233747451401,NO
563.1645896461397,500.2505536613869,NO
562.0380817974991,501.0639257329565,NO
561.4119971804902,501.6118770089991,NO
560.2012712278369,502.29005467489884,NO
559.0996132353424,503.12360384879725,NO
558.0976868667033,504.08398114009424,NO
557.2124053032089,505.1511401050957,NO
556.2609770209328,506.29545470419384,NO
555.0610543092313,507.12556452519254,NO
553.9764722364182,507.97173708842416,NO
553.4020404045257,508.4255515635766,NO
552.9639393107716,508.9685637369843,NO
552.0021476231956,510.00214762319564,NO
550.9309658510634,510.8372766496877,NO
549.1166201975593,511.35064328300217,NO
547.0738483406665,512.1594130105021,NO
545.9768828005002,512.9675400991579,NO
545.283980854007,513.378030428556,NO
544.2410385821048,514.2624642281834,NO
543.0880767656901,515.1459453748554,NO
542.0060483855697,516.0073988114917,NO
540.9612802599439,516.9525207109483,NO
540.2756216854864,517.3543707308371,NO
539.0810844241403,518.1427154741331,NO
537.9926778493455,518.9902698939658,NO
537.342483248172,519.4731779670883,NO
536.2278453990252,520.2529293093825,NO
535.1520043911921,521.1900054744868,NO
533.0882970247193,522.2666570168287,NO
531.0778582264958,523.1765750192476,NO
529.9975986295859,523.9972228282198,NO
529.5241743123396,524.570718326637,NO
528.4201529313074,525.4701916441985,NO
527.115860789103,526.2121539796133,NO
526.0175356357507,527.0231025032277,NO
524.9555541438168,527.9382436491672,NO
524.194597031519,528.2898075997794,NO
523.0440147022475,529.0784529798169,NO
521.9491935689969,529.9092216324033,NO
521.1050597423496,530.1994954740393,NO
520.0123735936704,531.0158139614007,NO
518.982846322909,531.9817331049971,NO
518.4484512994974,532.4979735171272,NO
517.1400222146027,533.2681204079564,NO
515.1458008159411,534.2466652345228,NO
514.0565896599488,535.0710074061552,NO
513.0913238878876,536.0684929176167,NO
512.1224564722418,537.1341961014689,NO
511.0247749942163,538.0427016166695,NO
510.30950275053556,538.5174130075147,NO
509.08369790499427,539.1486785561791,NO
508.0014220681109,540.0017934361329,NO
506.9512777228491,540.9216454615906,NO
506.1351950750476,541.2291441949959,NO
505.0448029789249,542.0542922645091,NO
504.00807385071244,543.009553221277,NO
502.9775987337625,543.9747171000829,NO
502.37891487787874,544.4409050665379,NO
501.227798653595,545.2898030055048,NO
500.0748451614727,546.1245435360404,NO
498.98173150303074,546.973661591467,NO
498.25354328393445,547.3829139034772,NO
497.08389064887865,548.1302639791415,NO
496.03779442124534,549.0373896617988,NO
495.0885143620132,550.0703987288434,NO
494.0702232504188,551.088733493846,NO
493.0405075792507,552.0400702500016,NO
492.086788419737,553.0696783856978,NO
491.0798244565501,554.0954061930192,NO
490.0060519695397,555.0100644476308,NO
487.9824114417869,555.9452739914948,NO
487.0892843613201,556.2010602063259,NO
486.00116415295145,557.0014406393257,NO
485.5097618139511,557.5678359256551,NO
484.5138373966888,558.5305136602808,NO
483.4093867813642,559.4830238005806,NO
482.2645778778683,560.3173878155875,NO
481.1721554116447,561.2034563926918,NO
480.06710981022746,562.0947643035577,NO
479.0229721496027,563.0239917165043,NO
478.0058234829569,564.0065976537318,NO
476.2117827813004,565.3244831734129,NO
475.0563337619339,566.091663537876,NO
473.97468024665625,566.9654578192485,NO
473.2442217415331,567.363090724543,NO
472.06231593213886,568.1195194700996,NO
470.21589537131064,569.2887275476128,NO
469.19095197092685,570.1756758107782,NO
468.3127127573268,571.234071970337,NO
467.2892310363193,572.370215753371,NO
466.0206692941293,573.0911987267621,NO
464.02289102053544,574.0264886846384,NO
463.0379096069085,575.0307349003101,NO
462.1587506928025,576.1099668723778,NO
461.0749125030589,577.137711495303,NO
459.0739315861415,578.1600654730613,NO
457.97146906469845,578.9586758352755,NO
457.26092251904737,579.3584848524862,NO
456.10371251224564,580.1509788526441,NO
455.05964949131373,581.057443170425,NO
454.05431571649,582.0577572038333,NO
453.0304484881217,583.0347481297508,NO
452.004990947109,584.0055600900675,NO
450.9978939237996,584.9979859926609,NO
450.0035024293131,586.0036538311001,NO
448.9754487818909,586.9696435669314,NO
448.2905068902481,587.401053754503,NO
447.1325780546249,588.1754564492607,NO
446.0716075059947,589.0833538525277,NO
445.01721412832796,590.0228953586302,NO
443.95602500130803,590.9270512236209,NO
443.12836832080137,591.2336815688778,NO
442.0441740163563,592.0507421669107,NO
441.03316644180353,593.0332574358904,NO
440.0280283460343,594.0298340941939,NO
438.9947441385053,594.993426001563,NO
438.37491844229623,595.5093719258581,NO
437.342879996964,596.3441666098813,NO
436.6007926190046,597.4132381651875,NO
436.01061684549865,598.0078483689232,NO
435.0646593041603,599.0610042702118,NO
433.22632534754916,600.4011879570166,NO
432.05338746828767,601.0959650791332,NO
430.12209796107123,602.2285852290016,NO
429.0090126307214,603.0170524120701,NO
427.08345766691303,604.0853252471077,NO
426.25507740608066,605.1525170939993,NO
425.3251889535743,606.390493300184,NO
424.1005365379909,607.1652683162724,NO
423.0117349153147,608.0156909314939,NO
421.9355533202973,608.87842685955,NO
421.0307050306864,609.1248502031124,NO
419.04011619472436,610.0496619125834,NO
417.99497823877664,610.9935319717551,NO
417.34285579934686,611.4806243154607,NO
416.2131269875124,612.264244473821,NO
415.0840217913926,613.1244651081045,NO
414.04108224955144,614.0396712338446,NO
413.1292560243177,615.090136923884,NO
412.1764952239872,616.1922917082773,NO
411.05989755871127,617.0939302579972,NO
409.1257259578984,618.2409747546637,NO
408.06257480790595,619.0625748079059,NO
407.2800427529896,620.1297922722289,NO
406.39528964933584,621.5131081726182,NO
404.6899698992391,622.3718048658588,NO
403.22412070708236,623.2707242469385,NO
402.3629771070382,624.267788794582,NO
401.9662553991791,624.9761237069237,NO
401.0849437271933,626.0574282141584,NO
400.106275741287,627.1170891718874,NO
399.040181468457,628.0552832274024,NO
397.981454435212,628.9769849244743,NO
397.3414475046966,629.4218710611049,NO
396.22597253581097,630.2806223358607,NO
395.0833330286449,631.1286737078167,NO
394.01316104783706,632.0160412763314,NO
392.98350285099605,632.9821462579156,NO
392.4413802968547,633.4918237379698,NO
391.3204807302397,634.3934680629886,NO
390.11122813349147,635.1778318027971,NO
389.0334808547034,636.0401366880344,NO
387.99160673290885,636.9898226565007,NO
387.4759952664938,637.5325891666255,NO
386.4395039935595,638.4261604179716,NO
385.3168841741948,639.3759855811229,NO
384.10092779136033,640.1698441411822,NO
383.0121862823418,641.0162219983102,NO
381.97114471243935,641.9686852050463,NO
381.4879522927722,642.4181201296083,NO
380.9844506272459,642.9875063497641,NO
380.03591712311976,644.0312628246802,NO
379.0743713561512,645.0636663892371,NO
378.12594883459536,646.1144989469975,NO
377.13182513928984,647.1417660488227,NO
376.06176589568867,648.0844991783437,NO
375.02220118587775,649.0226269621902,NO
374.0217233003602,650.021664903369,NO
373.01668081012184,651.0173625862146,NO
372.0057226798316,652.0060555780425,NO
370.9961691252115,652.9960207648785,NO
370.53634038788107,653.5711535537587,NO
369.45622944939214,654.4944000449291,NO
368.3636845637831,655.4122711243248,NO
367.3022938772651,656.3245213651304,NO
366.27347400197345,657.2870748518968,NO
365.24707467550064,658.2609943734169,NO
364.2281358778394,659.2343861758624,NO
363.22938278534394,660.2240835156616,NO
362.21657943019903,661.2246144044445,NO
361.18327894677384,662.2007340861048,NO
360.1616980071285,663.1691324022686,NO
359.1733288490466,664.1550837077713,NO
358.2234332980484,665.187374886893,NO
357.1311307137674,666.1899773546468,NO
356.0282702498616,667.0432090453689,NO
355.416225446633,667.6218428370855,NO
354.2031799019623,668.2764840317953,NO
353.13786433186584,669.16500859543,NO
352.08997905054235,670.106472759359,NO
351.0320876155547,671.0415342074517,NO
349.98790095576487,671.9861928548873,NO
349.4359186416446,672.4967861245299,NO
348.4304127016282,673.4287823456848,NO
347.53216574420355,674.4623735340544,NO
346.9920141099328,674.9928909919919,NO
346.0122940019529,676.0118717507363,NO
345.01813492896713,677.0175561539662,NO
344.01053250561966,678.0116411911605,NO
342.9865295319685,678.9848432723477,NO
342.40326517152056,679.4879847498086,NO
341.2871094596723,680.3408375391687,NO
340.23113431555873,681.2482553864537,NO
339.22871194571496,682.2241453238497,NO
338.1972072920524,683.2206105930742,NO
337.1341394076864,684.1571478826505,NO
336.070602769946,685.0877671357471,NO
335.11750295829995,686.0825336028641,NO
334.10766674935235,687.1346722637907,NO
333.0375329388459,688.0496097822002,NO
331.08510620646507,689.1702124129301,NO
330.0344094459359,690.0317106646594,NO
329.1786830492095,691.1017052733054,NO
328.5227857642834,692.3569831582087,NO
327.9999299641184,692.9999468340746,NO
327.1128461830574,694.0752764924689,NO
326.2239402613152,695.186167199125,NO
325.3209179004689,696.2704364475945,NO
324.3835475092929,697.3671097380991,NO
323.3785775166798,698.3772008939834,NO
322.43693930886116,699.3924788106597,NO
321.60708196184953,700.5119835141768,NO
321.03095171335553,701.0235202372915,NO
320.08915687667053,702.0775169487383,NO
319.11372835584035,703.1070580691838,NO
318.1326579681219,704.1240488957098,NO
317.1585467739283,705.1517170720562,NO
316.13598420274514,706.1547248771333,NO
315.0625593579074,707.0808143804219,NO
314.06077664209784,708.0521167588748,NO
313.09111243698595,709.0854420688706,NO
312.08413872662084,710.0927813755474,NO
310.15184684137864,711.3215124399441,NO
309.1939774773813,712.1341761307275,NO
308.52561473774847,713.3582968625434,NO
308.01919239645497,714.0133481829547,NO
307.07848131945553,715.0707978329298,NO
306.0999337695062,716.0935611848535,NO
305.12423872251367,717.1171712496958,NO
304.13979437790306,718.1371608886358,NO
303.1443682173549,719.1443682173549,NO
302.1158585015951,720.1291537310062,NO
301.0807223393776,721.0869222168623,NO
300.0977653475125,722.0861987445062,NO
299.15911684704133,723.1370563981875,NO
298.18393805522254,724.1797846141285,NO
297.1837633983611,725.1837633983611,NO
296.20138023196085,726.1910031364591,NO
295.25567734459986,727.2267639131277,NO
294.3188457601509,728.2886846691881,NO
293.41718644309685,729.3379210224285,NO
292.9803326161015,729.9850740764879,NO
292.063923301922,731.0436821633533,NO
291.2345527226827,732.1473175969621,NO
290.3189881007104,733.3116187422444,NO
289.2328874516918,734.2999308048818,NO
288.20195473455766,735.2177539153752,NO
287.2396572720329,736.2232370497014,NO
286.30988381436276,737.2684311519823,NO
285.4140013042217,738.3534500826861,NO
284.5098132482987,739.4599402095803,NO
283.98910911942073,739.9898728955143,NO
283.0271150966971,741.0218342543998,NO
282.06976250448116,742.0632282733706,NO
281.08705902010104,743.0833064752024,NO
280.0855632760909,744.0883770167255,NO
279.08414055180253,745.0821809449693,NO
278.124000037681,746.1047887669633,NO
277.2198238825195,747.1751468652161,NO
276.2667687000953,748.260438596176,NO
275.21930455957425,749.2458396344732,NO
274.1447758953917,750.1750426445681,NO
273.1428728584444,751.130877536914,NO
272.3133505526799,752.2061755830475,NO
271.04942353109544,754.036059310716,NO
270.1175704125857,755.097708375495,NO
269.24004969350364,756.1634932953135,NO
268.6186072539907,757.3997004227244,NO
268.05461745377164,758.035582214327,NO
267.1853230894469,759.1349823350793,NO
266.2906895131004,760.2454107653955,NO
265.4219723524117,761.3529351415764,NO
264.97837617433936,761.9818403154981,NO
264.0420621200236,763.0310277743305,NO
263.1146581814196,764.0966115771379,NO
262.13539726059224,765.129797382858,NO
261.15625229582906,766.1456667297667,NO
260.2111105248451,767.1805509511595,NO
259.3502828453541,768.2751055196616,NO
258.48111670464283,769.4562619849255,NO
257.37723685682687,770.4515997939021,NO
256.3200669423334,771.3281407112129,NO
255.47380533674541,772.3559355890982,NO
255.04034095406922,773.0215819547207,NO
254.3992221919347,774.1815584052705,NO
253.17230565417987,776.1322773672349,NO
252.15602535951945,777.1794037538128,NO
251.08931965400615,778.112199571525,NO
250.07406018925343,779.0736320979407,NO
249.11490806143283,780.0971803152657,NO
248.2343874422411,781.1641368664643,NO
247.5758274676774,782.3661069454422,NO
247.05853738533384,783.0325778856478,NO
246.3783377380163,784.1898899779513,NO
245.19497517293627,786.1158409947378,NO
244.3936035174318,787.3196034837604,NO
243.46969402698357,788.4696940269836,NO
242.5863513048109,789.5327420008331,NO
241.99928268714498,789.9993562093435,NO
241.01100687818965,791.0112179690761,NO
239.98891649878547,791.9869595945623,NO
239.40715305662306,792.4918685516951,NO
238.3633278291767,793.3714772374451,NO
237.44059214218154,794.3871870446325,NO
236.977621762101,794.9816852554021,NO
236.11138135717763,796.0609198489728,NO
235.40707813946298,797.2483057062102,NO
234.9812721190455,797.986616527054,NO
234.0978760378432,799.0641982621312,NO
233.31167364000393,800.1965941522936,NO
232.1234686415979,802.0721080056142,NO
231.28592875094424,803.229009814038,NO
230.3781627480182,804.3223266463185,NO
229.52965543503592,805.4257299449299,NO
229.01332035255217,806.010284095809,NO
228.0862795342238,807.069321540627,NO
227.13291016412256,808.119952897823,NO
226.15773371073922,809.1428003420504,NO
225.2218030520609,810.1780761558869,NO
224.39566752147144,811.2931317397946,NO
223.9852825396684,811.988988123812,NO
223.05080821082478,813.0419493432158,NO
222.04762054161066,814.0542916762804,NO
221.02452355685887,815.025465476244,NO
220.08170175168206,816.058094463665,NO
219.25416242020356,817.1718691546997,NO
218.3483913984513,818.6223160129101,NO
217.23743515072826,820.2046854818532,NO
216.21610211899252,821.2304085223914,NO
215.2130998408145,822.2067805767094,NO
214.33401275183894,823.2391571690179,NO
213.17306838037297,825.0990171184233,NO
212.46079461001483,826.302484822883,NO
212.00712563225613,827.0048406906427,NO
211.12088978406499,828.0855074022137,NO
210.30884776603455,829.2143766915137,NO
209.55753249638158,830.4470127781739,NO
208.99409746668144,830.9946432756922,NO
208.00115326782716,832.0011946834559,NO
206.99233330027158,832.9923543051211,NO
206.06673337137525,834.0402903694145,NO
205.32187847295782,835.178631900803,NO
204.1476175907277,837.085889808723,NO
203.51265933196296,838.2932680098904,NO
203.04122392905137,839.0243491719101,NO
202.32299395399525,840.1592791690302,NO
202.02246667053933,841.0078998656383,NO
201.10267613069666,843.0534448107051,NO
200.25463420979247,844.2036323613719,NO
199.32046919778853,845.3126255432953,NO
198.40728190253304,846.364107151522,NO
197.97056230570436,846.9761985006583,NO
197.10103607723556,848.0566613170737,NO
196.2839982080291,849.2143950137818,NO
195.3174837468733,850.3326297453485,NO
194.09299687708426,851.1814835194168,NO
192.99487150601658,851.9927535955717,NO
192.37625696554696,852.4265231402936,NO
191.97674868012624,852.9857219486084,NO
191.65602178451888,853.9380496954062,NO
191.34587266103492,855.0669653630264,NO
191.0961258134085,856.030911045609,NO
190.87059269676897,856.958640411595,NO
190.6222463341008,857.9437072989889,NO
190.50455328784085,858.9961141436603,NO
190.5000000004902,860.0,NO
190.5000000004902,861.0,NO
190.5000000004902,862.0,NO
190.43981140039995,863.0379445118407,NO
190.2428148384923,864.0566567954005,NO
190.02545264749492,865.00743616565,NO
189.81037551759937,865.950920723507,NO
189.5967368053086,866.9509758467893,NO
189.50445454276533,867.9961133691891,NO
189.5000000004902,869.0,NO
189.5000000004902,870.0,NO
189.5000000004902,871.0,NO
189.5000000004902,872.0,NO
189.46293834929762,873.0263239446003,NO
189.30459475464855,874.057335485021,NO
189.10184388955264,875.0261599001756,NO
188.90989065205162,875.9807413349054,NO
188.73629991785714,876.9627717548367,NO
188.60933909517695,877.9616999110051,NO
188.52704016051374,878.9786704382586,NO
188.5000000004902,880.0,NO
188.5000000004902,881.0,NO
188.5000000004902,882.0,NO
188.5000000004902,883.0,NO
188.5000000004902,884.0,NO
188.5000000004902,885.0,NO
188.5000000004902,886.0,NO
188.5000000004902,887.0,NO
188.5000000004902,888.0,NO
188.5052467587225,889.0048505220185,NO
188.53741307031635,890.0217687971984,NO
188.59784596428076,891.027598805784,NO
188.66423377699144,892.0223844138643,NO
188.73346213633653,893.0193370616654,NO
188.80586580422639,894.0144649013394,NO
188.881440298495,895.0092988001354,NO
188.9671474896397,896.0031564178482,NO
189.06076721857377,896.994042429507,NO
189.1564710728403,897.9843528917787,NO
189.2573242709262,898.9707356704912,NO
189.36575701135223,899.9576869339486,NO
189.46340583889892,900.9727408329043,NO
189.5000000004902,902.0,NO
189.5000000004902,903.0,NO
189.5000000004902,904.0,NO
189.5000000004902,905.0,NO
189.5000000004902,906.0,NO
189.5000000004902,907.0,NO
189.5000000004902,908.0,NO
189.5000000004902,909.0,NO
189.5000000004902,910.0,NO
189.5205894569701,911.0169203710348,NO
189.5897687665877,912.0353924975102,NO
189.68208983251233,913.0311676637125,NO
189.78950118768518,914.0239390811547,NO
189.94993593545038,915.0103073073177,NO
190.14342011023444,915.9569739687147,NO
190.37588295554636,916.9395639208891,NO
190.5000000004902,918.0,NO
190.73582267920634,919.0745912429408,NO
191.01621915407998,919.9918904229601,NO
191.31787195424863,920.9308161061284,NO
191.5000000004902,922.0,NO
191.74663088383713,923.0750171280938,NO
192.02309918843127,923.9884504057843,NO
192.32970002224968,924.9327670547779,NO
192.5000000004902,926.0,NO
192.73582267920634,927.0745912429408,NO
193.01621915407998,927.9918904229601,NO
193.31787195424863,928.9308161061284,NO
193.5000000004902,930.0,NO
193.700466253046,931.0716531717759,NO
193.99459346840155,932.0027032657993,NO
194.28161842596245,932.9265583340258,NO
194.5000000004902,934.0,NO
194.700466253046,935.0716531717759,NO
194.99459346840155,936.0027032657993,NO
195.28161842596245,936.9265583340258,NO
195.5000000004902,938.0,NO
195.6905128245874,939.0703931628018,NO
195.98869555148164,940.0056522242592,NO
196.27204122536838,940.9258554318204,NO
196.5000000004902,942.0,NO
196.66689200627417,943.0666215977328,NO
196.97493523226683,944.0125323838666,NO
197.25031867802628,944.9249043997075,NO
197.5000000004902,946.0,NO
197.64290333807546,947.0616166782427,NO
197.96117855524477,948.0194107223776,NO
198.22956484871793,948.9248287683574,NO
198.5000000004902,950.0,NO
198.6308367764863,951.0586318074636,NO
198.95430227613355,952.0228488619332,NO
199.21959006563497,952.9250810386269,NO
199.5000000004902,954.0,NO
199.6302998676774,955.0587170812175,NO
199.94896798682237,956.0247155047327,NO
200.20956054215077,956.9285028759506,NO
200.59300801545493,958.0535409843643,NO
200.91619394524383,959.0454095571866,NO
200.09994516339626,961.1011209847603,NO
199.15769993786296,962.1266203921127,NO
198.43367618774766,963.2709394241912,NO
198.0301305932976,964.0158207835882,NO
197.13464643433463,966.04347156482,NO
196.92361310476647,966.9812233329367,NO
196.72947224611562,967.9569271477714,NO
196.58983272567446,968.9633370044064,NO
