X,Y,is_wing_root
227.52793295963633,1002.0,NO
227.57201622887763,1003.0298871349263,NO
227.6821706541705,1004.0399506168825,NO
227.84891102620392,1005.0299645721564,NO
228.04549968206786,1005.9877989687528,NO
228.2695958291917,1006.918364632855,NO
229.1020228520945,1008.951114049757,NO
229.8965399134909,1010.0588239951044,NO
230.17882861621268,1010.8793370909536,NO
231.0650211162303,1011.9464730850028,NO
232.03684407944314,1012.9631559205569,NO
233.0535275970574,1013.934978055246,NO
234.12066501273833,1014.8211682660079,NO
234.9411695225275,1015.103471487747,NO
236.0485347466808,1015.8993353419445,NO
238.08090718896045,1016.731102596327,NO
239.01198145788402,1016.9557797730379,NO
239.9695728099121,1017.1534216107574,NO
240.95971822053386,1017.3204639281095,NO
241.96992107731845,1017.4307301717705,NO
243.0,1017.4748603364606,NO
244.03007892268155,1017.4307301717705,NO
245.0425624064472,1017.3386075824014,NO
247.07812512407938,1017.9383327076064,NO
248.25641629933267,1019.8849591779328,NO
249.25805449970338,1021.8809628686628,NO
250.2767620839673,1023.864112309048,NO
251.34128502602167,1025.837710617863,NO
252.03644179351377,1026.9811831774418,NO
252.45144949111943,1027.7705371409033,NO
253.2645508376315,1029.3719757392266,NO
254.18317808505648,1030.9274471074714,NO
255.05951046772708,1032.9680937851085,NO
255.5690603283748,1033.681738933632,NO
256.1546804746644,1034.9193247640992,NO
257.1848883980659,1036.899926433485,NO
258.25388142647097,1038.8430661348225,NO
259.0536407084804,1039.9731796457597,NO
260.0154789291452,1041.9922605354275,NO
260.37682435071343,1042.786229205936,NO
261.1082564365446,1043.9290006502129,NO
262.26526668609927,1045.8605610637946,NO
263.37805669106547,1047.794554809737,NO
264.0973377034893,1048.937545119569,NO
265.2326153327195,1050.918282834979,NO
266.1056363496292,1052.9193073013344,NO
267.0607602099136,1053.932358106263,NO
268.0983978320208,1054.8779751623513,NO
269.1456682646849,1055.8354953223427,NO
270.232399266439,1056.7091967319855,NO
272.05775496138125,1057.9119379778738,NO
273.12355315492533,1058.8587964023593,NO
274.1954696747969,1059.7469808671597,NO
276.0554873136906,1060.915856412019,NO
277.1153206636357,1061.8682049633007,NO
278.13729837568087,1062.8586955713533,NO
279.16159245005935,1063.820583121642,NO
280.2530483360159,1064.6967820964412,NO
282.0628973792607,1065.9038345823712,NO
283.1264842608877,1066.858820474725,NO
284.17685832021675,1067.789585352681,NO
285.39733899837404,1068.4206599207494,NO
286.0263187545728,1068.9557973985304,NO
287.12830483092404,1069.8108495736758,NO
287.94899864641746,1070.0878457512981,NO
289.065612816984,1070.8396679336631,NO
289.9762911249424,1071.073281979955,NO
290.97661036648265,1071.298217826789,NO
292.005376146439,1071.3427293133016,NO
293.0045072359501,1071.328384332546,NO
293.99483397800867,1071.3293338806288,NO
294.9903862452913,1071.3502153460001,NO
295.9842189306347,1071.3832545670411,NO
296.98340532599997,1071.423164183845,NO
297.98467084099684,1071.4598748009485,NO
298.9894680076809,1071.4883014719924,NO
300.0,1071.5000000004902,NO
301.0,1071.5000000004902,NO
302.0,1071.5000000004902,NO
303.0,1071.5000000004902,NO
304.0,1071.5000000004902,NO
305.0,1071.5000000004902,NO
306.0,1071.5000000004902,NO
307.0,1071.5000000004902,NO
308.0,1071.5000000004902,NO
309.0,1071.5000000004902,NO
310.01051209854734,1071.5126208756274,NO
311.0485764148031,1071.6067623580427,NO
312.0405229215566,1071.7448556850761,NO
313.01401513051275,1071.8570456698403,NO
314.0045877229953,1071.953205225798,NO
314.9924641242397,1072.0600515099509,NO
315.9793808691262,1072.175262618344,NO
316.96990570304786,1072.2842239215745,NO
317.96391098656585,1072.3834457645096,NO
318.97825708189237,1072.462036999018,NO
319.9951494690109,1072.4947541562788,NO
321.02807327925916,1072.53814929294,NO
322.0442082379672,1072.6421237894194,NO
323.02922191977365,1072.7556855909415,NO
324.01397150531477,1072.857490646856,NO
325.0046615105013,1072.9524525932427,NO
325.9959278387802,1073.044187279577,NO
326.99148306478236,1073.1241039158197,NO
327.9837171811055,1073.197719954699,NO
328.97348792083045,1073.2816908388047,NO
329.9696032780008,1073.369103073345,NO
330.97394307152405,1073.4429677824385,NO
331.9836999742765,1073.4983856363522,NO
333.03443900745873,1073.5716123279703,NO
334.02827733644875,1073.6482575072175,NO
335.00661037586167,1073.6935189310932,NO
336.0056000022242,1073.7143998940157,NO
337.0143192942616,1073.756571998461,NO
338.01367793100917,1073.825606379959,NO
339.007757602196,1073.9035029929573,NO
340.00102944606255,1073.9890621356774,NO
340.9912185490453,1074.0845007537057,NO
341.9781713168996,1074.1886886164866,NO
342.96027539887825,1074.3023812830315,NO
343.9623305150417,1074.417639941929,NO
344.98855189925496,1074.4865442662535,NO
346.0,1074.5000000004902,NO
347.0,1074.5000000004902,NO
348.0,1074.5000000004902,NO
349.0105396170253,1074.5113450188962,NO
350.0,1074.5215686265562,NO
350.9894603829747,1074.5113450188962,NO
352.0,1074.5000000004902,NO
353.0,1074.5000000004902,NO
354.0058096936122,1074.4938239703752,NO
355.01028875794117,1074.4770242415127,NO
355.99444103796014,1074.47251178615,NO
356.9894630898834,1074.4885294789726,NO
358.0,1074.5000000004902,NO
359.0,1074.5000000004902,NO
360.0,1074.5000000004902,NO
361.0,1074.5000000004902,NO
362.0,1074.5000000004902,NO
363.0058070531186,1074.4935995284127,NO
364.02736419752307,1074.4501851692307,NO
365.043181549657,1074.3441029737485,NO
366.03116146547165,1074.214761450262,NO
367.01079944815314,1074.1019947902357,NO
368.00132383056956,1074.0241126279234,NO
368.99916334919897,1073.9775425306723,NO
369.99586583236413,1073.9297191504522,NO
370.9896280814795,1073.8643672271435,NO
371.9880529950332,1073.7969009163223,NO
372.9834991518401,1073.7370177344146,NO
373.98697462590536,1073.6836694653805,NO
374.99246657919554,1073.6507232101496,NO
375.98592418498816,1073.6221754840785,NO
376.98455303386044,1073.5853709004248,NO
377.99039798967704,1073.5548158759773,NO
379.0,1073.543137254902,NO
380.00960540426036,1073.5546585206948,NO
381.00915045988023,1073.5757513969315,NO
381.99084930158085,1073.575740337398,NO
382.98040180237683,1073.5456781493963,NO
384.0162989886333,1073.4983539265324,NO
385.02684650562605,1073.4416683028371,NO
386.0303804625155,1073.3689056367464,NO
387.01348250363463,1073.3125489455624,NO
388.0,1073.292156862745,NO
388.9958974868145,1073.2988973883562,NO
389.99571021724336,1073.3125413142136,NO
390.99486773711226,1073.3271817379139,NO
391.9946223817837,1073.3428231390958,NO
393.0,1073.3509803921568,NO
394.01407281922843,1073.3262335342265,NO
395.02404279946245,1073.2502413674051,NO
396.01758788375116,1073.1423781059461,NO
397.0037807824928,1073.0350581643124,NO
397.9986245555542,1072.9630801746496,NO
399.0009164905718,1072.9532589820565,NO
400.0005394965697,1072.972485675665,NO
401.0,1072.9823529411765,NO
402.0,1072.9823529411765,NO
402.9994587853509,1072.9723980536153,NO
403.9977622661766,1072.9429377879283,NO
404.9912860782015,1072.886048721492,NO
405.970159066563,1072.7886267116799,NO
406.95056375460194,1072.6592907427007,NO
407.9590484916062,1072.5196628930435,NO
409.03541402165973,1072.4013589041388,NO
410.01482736580994,1072.343725295758,NO
411.0,1072.3235294117646,NO
411.99007061302694,1072.3375991684077,NO
412.9839403205216,1072.3722925669504,NO
413.9896084642366,1072.4076679402017,NO
415.0,1072.421568627451,NO
416.0163859054625,1072.397943444659,NO
417.02501928845135,1072.3357851760193,NO
418.02384158829915,1072.2481471288904,NO
419.01792843699485,1072.1287817238135,NO
419.9960180396531,1071.978623159868,NO
420.96692766218274,1071.8166642269468,NO
421.95130262502744,1071.65978547585,NO
422.971958721191,1071.5386757519407,NO
424.0,1071.5000000004902,NO
425.0,1071.5000000004902,NO
426.0,1071.5000000004902,NO
427.0,1071.5000000004902,NO
428.0,1071.5000000004902,NO
429.0,1071.5000000004902,NO
430.0,1071.5000000004902,NO
431.0,1071.5000000004902,NO
432.0,1071.5000000004902,NO
433.0,1071.5000000004902,NO
434.0,1071.5000000004902,NO
435.0,1071.5000000004902,NO
436.0,1071.5000000004902,NO
437.0,1071.5000000004902,NO
438.0,1071.5000000004902,NO
439.00485228771623,1071.494933342448,NO
440.0047549037442,1071.485000177389,NO
441.0170828763548,1071.4585403746682,NO
442.03597010939546,1071.3821824091092,NO
443.03610722605055,1071.2593617510686,NO
444.01917237045274,1071.1098641419671,NO
444.9923427068237,1070.9551124176269,NO
445.96838832588764,1070.8033907945398,NO
446.9511631110684,1070.6588107893251,NO
447.97195871580664,1070.5386756633588,NO
449.0169272462803,1070.4796053416678,NO
450.0312419994848,1070.419300505551,NO
451.0245654545062,1070.348010608537,NO
452.0255142817127,1070.260245671521,NO
453.0194109854632,1070.1434724999363,NO
454.0016561100967,1070.011261548522,NO
454.9798767894977,1069.8717145361923,NO
455.9568147462402,1069.7280928530793,NO
456.95822195574925,1069.5902537957093,NO
457.9894832474105,1069.5124050973027,NO
459.00485108161547,1069.494810320172,NO
460.0165951713813,1069.4701965522665,NO
461.0224566227474,1069.4241806564676,NO
462.02032082736747,1069.370129350887,NO
463.0224752824664,1069.3016419389276,NO
464.0269705743609,1069.176346057608,NO
464.9990770955521,1068.996173322895,NO
465.948669275316,1068.8001628209477,NO
466.95006410758856,1068.5892370151291,NO
468.0105369100814,1068.4885294773394,NO
469.00555896203986,1068.47251178615,NO
469.98971124205883,1068.4770242415127,NO
470.9941903063878,1068.4938239703752,NO
472.0,1068.5000000004902,NO
473.0,1068.5000000004902,NO
474.0,1068.5000000004902,NO
475.0,1068.5000000004902,NO
476.0,1068.5000000004902,NO
477.0,1068.5000000004902,NO
478.0,1068.5000000004902,NO
479.0,1068.5000000004902,NO
480.0114516880175,1068.4866967253274,NO
481.0327354746035,1068.4280792586708,NO
482.03720919353555,1068.3271842806246,NO
483.02707327772345,1068.209202613735,NO
484.0110731464972,1068.0910855596537,NO
484.9960047114225,1067.9700353363444,NO
485.9781869198592,1067.8433145029305,NO
486.96692017357003,1067.7188214658531,NO
487.9601703460933,1067.6093630087485,NO
488.97363380248606,1067.5163001101926,NO
490.026820811048,1067.4412455856004,NO
491.034832802077,1067.355294578526,NO
492.0305075273401,1067.2431068584344,NO
493.0154462287493,1067.1270576877607,NO
494.0017971660817,1067.0160799070086,NO
494.98921741559127,1066.9067946094192,NO
495.97014259682516,1066.7885100510316,NO
496.95102053245506,1066.6578146922022,NO
497.971958721191,1066.5386757519407,NO
499.0,1066.5000000004902,NO
500.0,1066.5000000004902,NO
501.0048498927611,1066.4946890570266,NO
502.02748177651387,1066.452119533205,NO
503.04352786281936,1066.3468626567603,NO
504.02866232335,1066.2284028891413,NO
505.0137202989555,1066.111069086306,NO
505.9999647899925,1065.9996849630916,NO
506.99027101640246,1065.8987391562816,NO
507.98043009089537,1065.8043009206765,NO
508.98247337005887,1065.7206693373985,NO
509.993633701881,1065.675318804399,NO
511.0,1065.664705882353,NO
512.0,1065.664705882353,NO
513.0,1065.664705882353,NO
514.0063760329875,1065.6748223261156,NO
515.0,1065.6843137254903,NO
515.9798573957173,1065.657575728473,NO
516.9665073417659,1065.593303413144,NO
517.9795296212296,1065.52545940477,NO
519.0,1065.5000000004902,NO
520.0,1065.5000000004902,NO
521.0280797405579,1065.4619570058424,NO
522.0432028656545,1065.3612042834204,NO
523.0279803882154,1065.2548213980645,NO
524.0138422151953,1065.1641751072011,NO
525.0063149278832,1065.0894614791248,NO
526.0013618867561,1065.0365559084078,NO
527.0001540133856,1065.008727424767,NO
527.9983547666242,1064.9710665846324,NO
528.9925880157392,1064.905497200851,NO
529.9865715737103,1064.8287875651258,NO
530.9686750698032,1064.738103044937,NO
531.9537224713157,1064.6253723884488,NO
532.9795648005731,1064.5262749259089,NO
534.0,1064.5000000004902,NO
535.0221751618578,1064.4712221784955,NO
536.0445086454621,1064.3721214587647,NO
537.036652296659,1064.2336583854742,NO
538.0142589241497,1064.0897784092053,NO
538.993855383958,1063.9545832731492,NO
539.9843499751005,1063.8403697472195,NO
540.9858001812629,1063.7586030823697,NO
541.9804249048384,1063.697475813958,NO
542.9785887448061,1063.6360086630611,NO
543.9845655006354,1063.5857055349175,NO
544.9804154854537,1063.5459953479954,NO
545.9894702037041,1063.5118003436287,NO
547.0,1063.5000000004902,NO
548.0,1063.5000000004902,NO
549.0,1063.5000000004902,NO
550.0,1063.5000000004902,NO
551.0,1063.5000000004902,NO
552.0,1063.5000000004902,NO
553.0,1063.5000000004902,NO
554.0,1063.5000000004902,NO
555.0,1063.5000000004902,NO
556.0,1063.5000000004902,NO
557.0,1063.5000000004902,NO
558.0,1063.5000000004902,NO
559.0,1063.5000000004902,NO
560.0,1063.5000000004902,NO
561.0048505220741,1063.4947532469548,NO
562.0217728190379,1063.4626723937715,NO
563.0262054026124,1063.404992569885,NO
564.019674271434,1063.3459958178603,NO
565.0174414174778,1063.2869394387405,NO
566.0176335894154,1063.2141221690774,NO
567.0116023369056,1063.1314931489742,NO
568.0034440548708,1063.0627309986307,NO
569.0006250828733,1063.0177106825308,NO
569.999314398976,1062.9815970247712,NO
570.9990785122558,1062.9530041262694,NO
571.9968194840159,1062.9227588924277,NO
572.9951570555502,1062.8823856270217,NO
574.0,1062.8607843137254,NO
574.9970784153304,1062.8509991857368,NO
575.9934171751315,1062.823303118346,NO
576.9963917457154,1062.7955322668568,NO
578.0036082542846,1062.7955322668568,NO
579.0065729796878,1062.8235673837282,NO
580.0056572965957,1062.8626085021724,NO
581.0039932688354,1062.903020607591,NO
582.0,1062.9235294117648,NO
582.9877723762488,1062.8752782386712,NO
583.9674682284277,1062.769566607337,NO
584.9559155218418,1062.6431256545363,NO
585.9719267217527,1062.5381493095863,NO
587.0,1062.5000000004902,NO
588.0,1062.5000000004902,NO
589.0048517239438,1062.4948758376574,NO
590.0103199212853,1062.4784690874967,NO
591.0166818570034,1062.447776170808,NO
592.0160581429293,1062.4094826416424,NO
593.015869851564,1062.367892010787,NO
594.0185653894898,1062.3156116201483,NO
595.0160333026712,1062.2555307594141,NO
596.0102070086308,1062.2002143924835,NO
597.0076259492878,1062.1495859226718,NO
598.0052026552371,1062.0982723777593,NO
599.0020176776003,1062.0541587156404,NO
600.0,1062.035294117647,NO
600.9992220587993,1062.044083332622,NO
602.0,1062.0529411764705,NO
603.0007750059303,1062.0439170006487,NO
604.0006205163818,1062.0175812985992,NO
604.9998456710517,1061.9912546933442,NO
605.9994587159546,1061.9723945144005,NO
606.9958998414487,1061.9325457810444,NO
607.9922827808074,1061.8730393016162,NO
608.9847605103181,1061.8056965069181,NO
609.9782099737831,1061.7289533208611,NO
610.9861841545992,1061.6644723038196,NO
611.9927852972098,1061.632050167296,NO
612.9931732398063,1061.6131502739509,NO
613.9743409190329,1061.5778667473166,NO
614.9795108000856,1061.525023096436,NO
616.0,1061.5000000004902,NO
617.0,1061.5000000004902,NO
618.0,1061.5000000004902,NO
619.0,1061.5000000004902,NO
620.0105289147805,1061.4881587861094,NO
621.0212493024613,1061.451547666778,NO
622.0160584868044,1061.409491410457,NO
623.0158820604155,1061.3681750341593,NO
624.0140439662342,1061.3255646693651,NO
625.0085327253415,1061.2901126713425,NO
626.0122274220449,1061.2494394022729,NO
627.012728901827,1061.1909335359594,NO
628.0085552832808,1061.124662701894,NO
629.0035376377372,1061.0644355436732,NO
630.0006961569716,1061.0186863190934,NO
630.999308770137,1060.9814459348775,NO
631.9977743983229,1060.943247157656,NO
632.993552362592,1060.8939259689523,NO
633.9860124861088,1060.826008966127,NO
634.979734403338,1060.7479157380849,NO
635.974122055009,1060.6700562019819,NO
636.9764426922101,1060.5995257690652,NO
637.9804340842522,1060.5464265019566,NO
638.9894702037041,1060.5118003436287,NO
640.0,1060.5000000004902,NO
641.0,1060.5000000004902,NO
642.0,1060.5000000004902,NO
643.0,1060.5000000004902,NO
644.0,1060.5000000004902,NO
645.0,1060.5000000004902,NO
646.0,1060.5000000004902,NO
647.0,1060.5000000004902,NO
648.0,1060.5000000004902,NO
649.0,1060.5000000004902,NO
650.0,1060.5000000004902,NO
651.0,1060.5000000004902,NO
652.0,1060.5000000004902,NO
653.0,1060.5000000004902,NO
654.0,1060.5000000004902,NO
655.0,1060.5000000004902,NO
656.0,1060.5000000004902,NO
657.0,1060.5000000004902,NO
658.0,1060.5000000004902,NO
659.0,1060.5000000004902,NO
660.0,1060.5000000004902,NO
661.0,1060.5000000004902,NO
662.0,1060.5000000004902,NO
663.0,1060.5000000004902,NO
664.0,1060.5000000004902,NO
665.0,1060.5000000004902,NO
666.0,1060.5000000004902,NO
667.0,1060.5000000004902,NO
668.0,1060.5000000004902,NO
669.0,1060.5000000004902,NO
670.0,1060.5000000004902,NO
671.0048517239438,1060.4948758376574,NO
672.0103256502211,1060.4787347018,NO
673.0054414362107,1060.462522090405,NO
674.0053012973692,1060.4506102885525,NO
675.0165736427707,1060.4226278875008,NO
676.0256926977545,1060.3639798880263,NO
677.0217952361884,1060.2925150023405,NO
678.0149577229412,1060.224365854169,NO
679.008539649842,1060.1675085097875,NO
680.0041955661837,1060.1258669939582,NO
681.0044299597328,1060.0806885512422,NO
682.0006332367378,1060.0067281402833,NO
682.9916897023769,1059.9152349648787,NO
683.9903772137405,1059.8364126342005,NO
684.9963940225064,1059.7956612850046,NO
686.0036082542846,1059.7955322668568,NO
687.0065828248685,1059.823303118346,NO
688.0029215846696,1059.8509991857368,NO
689.0,1059.8607843137254,NO
689.9944652933259,1059.8431833009615,NO
690.9835003918909,1059.7896299970014,NO
691.9757156149154,1059.7119759035436,NO
692.9703491622803,1059.6311724906798,NO
693.973150264229,1059.5582785560716,NO
694.9868955904859,1059.5073712775136,NO
696.015720925169,1059.4716277867126,NO
697.0162533211803,1059.4362733669007,NO
698.01111738019,1059.4049902736058,NO
699.0052837052401,1059.3849556663683,NO
700.0106539734182,1059.3622351083695,NO
701.0186068900302,1059.316317129334,NO
702.0080904061617,1059.2750738187253,NO
703.0,1059.2607843137255,NO
703.9919095938383,1059.2750738187253,NO
704.9813860455935,1059.3164372237297,NO
705.9787835839759,1059.3731162924612,NO
706.9834164631004,1059.4228801877875,NO
707.9892751871997,1059.4558045295744,NO
708.9896770040201,1059.4786116415205,NO
709.9951482760562,1059.4948758376574,NO
711.0,1059.5000000004902,NO
712.0105297962959,1059.5118003436287,NO
713.0195828116256,1059.5460348247927,NO
714.0162006293202,1059.586883955415,NO
715.0213031702176,1059.6378461076529,NO
716.0184154523067,1059.6970361178617,NO
717.0143099006153,1059.7567316904467,NO
718.0161427929869,1059.8385720798008,NO
719.0066151515772,1059.932525454418,NO
719.9996158404444,1060.0069971918156,NO
720.9980027577215,1060.0536101885693,NO
721.9947884005028,1060.098441324898,NO
722.9891903448251,1060.1575121216238,NO
723.9850840327133,1060.2237395193245,NO
724.9873321573837,1060.280895635978,NO
725.9906058405127,1060.3194014332828,NO
726.9946232811257,1060.3427658060502,NO
727.9900101139916,1060.3639172717556,NO
728.9795681335926,1060.4007789028128,NO
729.9788543431589,1060.4493451973985,NO
730.9885404974751,1060.4870288418826,NO
732.0,1060.5000000004902,NO
733.0,1060.5000000004902,NO
734.0,1060.5000000004902,NO
735.0,1060.5000000004902,NO
736.0,1060.5000000004902,NO
737.0,1060.5000000004902,NO
738.0,1060.5000000004902,NO
739.0,1060.5000000004902,NO
740.0,1060.5000000004902,NO
741.0,1060.5000000004902,NO
742.0,1060.5000000004902,NO
743.0,1060.5000000004902,NO
744.0,1060.5000000004902,NO
745.0,1060.5000000004902,NO
746.0,1060.5000000004902,NO
747.0,1060.5000000004902,NO
748.0,1060.5000000004902,NO
749.0,1060.5000000004902,NO
750.0,1060.5000000004902,NO
751.0,1060.5000000004902,NO
752.0,1060.5000000004902,NO
753.0,1060.5000000004902,NO
754.0,1060.5000000004902,NO
755.0,1060.5000000004902,NO
756.0,1060.5000000004902,NO
757.0,1060.5000000004902,NO
758.0,1060.5000000004902,NO
759.0,1060.5000000004902,NO
760.0,1060.5000000004902,NO
761.0,1060.5000000004902,NO
762.0,1060.5000000004902,NO
763.0204720782967,1060.5254200066606,NO
764.0328022280746,1060.5919722675192,NO
765.0201948387634,1060.6566877423043,NO
766.0126805467862,1060.7060418721474,NO
767.0142408364678,1060.7579057809503,NO
768.0105251272626,1060.8149029290619,NO
769.0077042503992,1060.8732526591775,NO
770.0040823843486,1060.9328381953353,NO
771.0006986517876,1060.981246714792,NO
771.9993799129434,1061.0175691343852,NO
772.9980001550392,1061.053680050041,NO
773.9966160281625,1061.090832930123,NO
774.9931411003731,1061.1345399491233,NO
775.9836906117472,1061.1980425826391,NO
776.9783443306679,1061.2761097834677,NO
777.9803525583303,1061.34552398406,NO
778.9836795323373,1061.3963542408444,NO
779.9890088096226,1061.4311928519057,NO
780.9846636505563,1061.4600905141797,NO
781.9894679913128,1061.4883022308775,NO
783.0,1061.5000000004902,NO
784.0,1061.5000000004902,NO
785.0,1061.5000000004902,NO
786.0,1061.5000000004902,NO
787.0105297962959,1061.5118003436287,NO
788.0195828116256,1061.5460348247927,NO
789.0162288184175,1061.5861651334383,NO
790.0068235930959,1061.6133297428146,NO
791.0146300826384,1061.6446979696013,NO
792.0189297347904,1061.6983073540305,NO
793.014272299599,1061.7573709077215,NO
794.0073276341948,1061.8033108676007,NO
795.0,1061.821568627451,NO
796.0032932734083,1061.8320430605581,NO
797.0091649430811,1061.8859970446151,NO
798.0013264490383,1061.9900516324374,NO
798.9864970805064,1062.1093093478123,NO
799.9862007407363,1062.2069888982292,NO
800.9918610971763,1062.2594275375366,NO
801.9955455542826,1062.283970896107,NO
802.9958979311538,1062.298865015067,NO
803.9811475428,1062.331543222297,NO
804.9780125444047,1062.3866759542736,NO
805.9941542210581,1062.4259067502355,NO
807.0058506617302,1062.426262496238,NO
808.0,1062.4196078431373,NO
808.9837290027738,1062.4367478291958,NO
809.9842790754388,1062.4716277684781,NO
810.9951488331853,1062.4948190104865,NO
812.0,1062.5000000004902,NO
813.0,1062.5000000004902,NO
814.0,1062.5000000004902,NO
815.0105262835015,1062.5119632095573,NO
816.0261277330663,1062.5558285395305,NO
817.0148764482893,1062.600684800928,NO
818.0079977045061,1062.629197328996,NO
819.0139215958272,1062.6619040790085,NO
820.0127466647912,1062.70450913659,NO
821.01846612234,1062.7702994440203,NO
822.0154006739681,1062.8690942668522,NO
823.002994985046,1062.9688277085017,NO
823.9986753364383,1063.0355567594866,NO
824.9972653476572,1063.0734038275418,NO
825.991420193037,1063.1250200469863,NO
826.987271098173,1063.1909335359594,NO
827.9877764485547,1063.2493604420445,NO
828.995547567111,1063.2838425782998,NO
830.0,1063.292156862745,NO
830.9958972075432,1063.2989177352647,NO
831.9905939613901,1063.3198053234632,NO
832.989737116726,1063.348938043018,NO
833.9896396948384,1063.377411112183,NO
834.9888872409407,1063.40482193242,NO
835.9837466788197,1063.4362733669007,NO
836.9842790754388,1063.4716277684781,NO
837.9951488331853,1063.4948190104865,NO
839.0,1063.5000000004902,NO
840.0,1063.5000000004902,NO
841.0,1063.5000000004902,NO
842.0,1063.5000000004902,NO
843.0,1063.5000000004902,NO
844.0,1063.5000000004902,NO
845.0,1063.5000000004902,NO
846.0,1063.5000000004902,NO
847.0,1063.5000000004902,NO
848.0105262835015,1063.5119632095573,NO
849.0260935968489,1063.5564088552246,NO
850.0227020033237,1063.6140659449363,NO
851.0139270881887,1063.661770693078,NO
852.0122398052752,1063.7027475665432,NO
853.0105434917896,1063.7439437539117,NO
854.0120714147774,1063.7947859495503,NO
855.008642313035,1063.8530806789524,NO
856.0060028241411,1063.9215015349748,NO
856.9973601235349,1064.0207128772627,NO
857.9832565768463,1064.1377281578325,NO
858.9680730002551,1064.2544182791573,NO
859.9547654468246,1064.3720906783549,NO
860.9778268020226,1064.4711804460378,NO
862.0,1064.5000000004902,NO
863.0,1064.5000000004902,NO
864.0359065690808,1064.5533572923798,NO
865.0501715581094,1064.6917169389403,NO
866.0260154442295,1064.8381966168104,NO
867.002961256038,1064.9803864853754,NO
867.9838768837764,1065.1158139274007,NO
868.9695800419703,1065.2424090404922,NO
869.9651674401949,1065.3552921073515,NO
870.9731791975516,1065.4412454441224,NO
871.9894741539275,1065.4880165096413,NO
873.0,1065.5000000004902,NO
874.0,1065.5000000004902,NO
875.0,1065.5000000004902,NO
876.0,1065.5000000004902,NO
877.0,1065.5000000004902,NO
878.0105297962959,1065.5118003436287,NO
879.0195642365256,1065.5464654293792,NO
880.0242625883844,1065.6008413019013,NO
881.0263184735554,1065.6726238515644,NO
882.0158367743893,1065.7394595272715,NO
883.0115200536155,1065.7974059478709,NO
884.0085436040944,1065.854758730937,NO
885.0052207887888,1065.9141096068165,NO
886.0014191286615,1065.9809538001714,NO
886.9961476308418,1066.0531002208727,NO
887.9887507861388,1066.1303886191095,NO
888.9790769222077,1066.2177707968342,NO
889.9681727061871,1066.3121523055122,NO
890.9632623885949,1066.4073083003614,NO
891.9830819097555,1066.4793459206367,NO
893.0,1066.5000000004902,NO
894.0,1066.5000000004902,NO
895.0280732782473,1066.5381493095863,NO
896.0442079046122,1066.6421264880075,NO
897.0291308441912,1066.7564470425264,NO
898.0154025283844,1066.869078504313,NO
899.0023068103447,1066.9800597750016,NO
899.9908271311402,1067.0866326521457,NO
900.9782331683546,1067.1913979980943,NO
901.9684957819472,1067.2975398433578,NO
902.9643068445301,1067.395728462818,NO
903.9777950763971,1067.4718546155625,NO
905.0105210752887,1067.5122046812464,NO
906.0350407123605,1067.5745056119927,NO
907.0390493816512,1067.6838859594172,NO
908.0263292204058,1067.810874623845,NO
909.0079972623788,1067.9470311176713,NO
909.9858298448221,1068.0892194934709,NO
910.963347703341,1068.2336583854742,NO
911.9554913545379,1068.3721214587647,NO
912.9778248381422,1068.4712221784955,NO
914.0,1068.5000000004902,NO
915.0,1068.5000000004902,NO
916.0,1068.5000000004902,NO
917.0204720782967,1068.5254200066606,NO
918.0328022280746,1068.5919722675192,NO
919.020197594378,1068.6566408968542,NO
920.0121633480657,1068.704604384611,NO
921.0100193697637,1068.7445060729326,NO
922.0084894229796,1068.7835197156357,NO
923.006949076208,1068.8227985580168,NO
924.007676372121,1068.8737113018053,NO
925.0044404090239,1068.9419331161023,NO
925.997749968682,1069.024415232487,NO
926.9870742170939,1069.1198572575518,NO
927.9789705879265,1069.2188775413294,NO
928.9726658793842,1069.3097866941332,NO
929.9683577013309,1069.3935993416997,NO
930.9782432009156,1069.4623319697662,NO
932.013097704029,1069.5076233540813,NO
933.0342764591043,1069.5736342710024,NO
934.042447701762,1069.695093989153,NO
935.0270955229688,1069.8481459757318,NO
935.999596484504,1070.0023929406925,NO
936.9799822750587,1070.1458434273925,NO
937.9628270220027,1070.2747567913782,NO
938.9588441344622,1070.3960281364991,NO
940.0380723296581,1070.5231440669336,NO
941.0435622195763,1070.6416656141173,NO
942.0324414188711,1070.7702066056672,NO
943.014318444507,1070.907564470547,NO
943.996496719112,1071.0313451447134,NO
944.9885229501284,1071.1300732292837,NO
945.9823664105846,1071.2141221690774,NO
946.9825550763412,1071.286997121071,NO
947.9759602538138,1071.350293451901,NO
948.9687531123235,1071.4193661102274,NO
949.9830727544106,1071.4796053220914,NO
951.0,1071.5000000004902,NO
952.0,1071.5000000004902,NO
953.0,1071.5000000004902,NO
954.0,1071.5000000004902,NO
955.0,1071.5000000004902,NO
956.0,1071.5000000004902,NO
957.0,1071.5000000004902,NO
958.0,1071.5000000004902,NO
959.0,1071.5000000004902,NO
960.0,1071.5000000004902,NO
961.0280765074707,1071.5380961836554,NO
962.0435619802004,1071.641667583177,NO
963.0325465660413,1071.7694618131768,NO
964.0139961971789,1071.898027704296,NO
964.998295914017,1072.0152470850744,NO
965.9872530761312,1072.1203876168217,NO
966.9789648356385,1072.2189374120774,NO
967.9726623597439,1072.3098265833892,NO
968.964247547518,1072.3963858862144,NO
969.9777950767658,1072.4718546077288,NO
971.0,1072.5000000004902,NO
972.0280765074707,1072.5380961836554,NO
973.0435619802004,1072.641667583177,NO
974.0324414188711,1072.7702066056672,NO
975.0141324057837,1072.9087654800478,NO
975.9932492476103,1073.046525455451,NO
976.9792790979975,1073.1732403266828,NO
977.9742130221205,1073.2798161319006,NO
978.9705236134046,1073.366657507439,NO
979.973267934205,1073.439785583103,NO
980.988544145706,1073.4868737920742,NO
982.0,1073.5000000004902,NO
983.0105258460824,1073.511983489901,NO
984.0268497336928,1073.5582785902614,NO
985.029560032982,1073.6323020130742,NO
986.031286515751,1073.73842421489,NO
987.0201459590979,1073.8845568670888,NO
987.9899528495753,1074.0502357528871,NO
988.9579005817089,1074.221347455333,NO
989.9541098926685,1074.3836713857672,NO
990.9839962364946,1074.4801129373755,NO
992.0,1074.5000000004902,NO
993.043638934664,1074.5720027550694,NO
994.0535749680762,1074.7582014640032,NO
995.0121064396908,1074.9467734127143,NO
995.9732866258765,1075.1309982779092,NO
996.9511308301977,1075.3039424173544,NO
997.9671101634731,1075.4414162124922,NO
998.9951507525426,1075.494623236043,NO
1000.0506284747801,1075.5901504440144,NO
1001.050421464597,1075.7909353838174,NO
1002.003101252698,1075.987141146927,NO
1002.9620078227068,1076.1794075037328,NO
1003.9516230820856,1076.3575685204426,NO
1004.9778404567437,1076.4708902832197,NO
1006.0,1076.5000000004902,NO
1007.0,1076.5000000004902,NO
1008.0280732782473,1076.5381493095863,NO
1009.0442079046122,1076.6421264880075,NO
1010.0292219197736,1076.7556855909415,NO
1011.0139714341286,1076.8574913729544,NO
1012.0045503241977,1076.9535866935307,NO
1012.9902338563467,1077.06822922011,NO
1013.9704323583417,1077.2010599608543,NO
1014.9546861614637,1077.3349283687248,NO
1015.9663335339844,1077.451839397389,NO
1017.0,1077.5000000004902,NO
1018.0,1077.5000000004902,NO
1019.0280129004378,1077.5391426219007,NO
1020.0523701144084,1077.6742834135548,NO
1021.0312194874206,1077.842357035799,NO
1021.9995409218004,1078.002722440441,NO
1022.9740479778352,1078.1557121329886,NO
1023.9508235638455,1078.3058534643037,NO
1024.955004442306,1078.4582200702778,NO
1026.0484772818886,1078.6243935775365,NO
1027.0369340395603,1078.7674523489673,NO
1028.0139057113515,1078.9102289504585,NO
1028.9929435450756,1079.0486323242606,NO
1029.9764086657958,1079.1795758221274,NO
1030.9601264687474,1079.3035149302627,NO
1031.9621586668347,1079.4195452155277,NO
1032.989480715079,1079.487712310799,NO
1034.0,1079.5000000004902,NO
1035.0,1079.5000000004902,NO
1036.0365535217356,1079.5561357828453,NO
1037.0553341631885,1079.726015303793,NO
1038.0201402981822,1079.9057655799213,NO
1038.98639173333,1080.0762661071176,NO
1039.9671749434299,1080.229325728697,NO
1040.9569777732788,1080.359694023499,NO
1041.9719202533918,1080.4619571053809,NO
1043.0204042610897,1080.5269921328131,NO
1044.054830435193,1080.6589814174338,NO
1045.0344024360163,1080.8390344781405,NO
1045.9950577348582,1081.0227077053798,NO
1046.9540416913405,1081.207422461456,NO
1047.9523570183485,1081.3919019448,NO
1049.0558224997555,1081.5827785179488,NO
1050.0511205691078,1081.8009809839052,NO
1050.9988865940402,1082.0043346340326,NO
1051.9573107179824,1082.2034722684682,NO
1052.953648201026,1082.3812809260282,NO
1053.9839972345133,1082.4800829968153,NO
1055.0,1082.5000000004902,NO
1056.0,1082.5000000004902,NO
1057.0,1082.5000000004902,NO
1058.0,1082.5000000004902,NO
1059.0,1082.5000000004902,NO
1060.035912447516,1082.5532841703778,NO
1061.0495102887553,1082.6920701352387,NO
1062.0273341270602,1082.8605959488182,NO
1062.9912163272213,1083.0399970833428,NO
1063.9580830833954,1083.2203879103906,NO
1064.9541098926684,1083.3836713857672,NO
1065.9839962364945,1083.4801129373755,NO
1067.0,1083.5000000004902,NO
1068.0366134432802,1083.5554081640494,NO
1069.0525676616762,1083.7085923304169,NO
1070.0239426209182,1083.876659229998,NO
1070.9921126862062,1084.042792872766,NO
1071.967152531283,1084.2018338394444,NO
1072.9530467570826,1084.347045705344,NO
1073.9719459748737,1084.4615339455293,NO
1075.0204352007925,1084.5262748942516,NO
1076.0459397928328,1084.6281064405684,NO
1077.0389857654823,1084.781508355292,NO
1078.0107919152936,1084.9374559447706,NO
1078.9859068809026,1085.0887344514942,NO
1079.9595958417874,1085.2368519708252,NO
1080.9540052935438,1085.3845459030317,NO
1081.9839962364945,1085.4801129373755,NO
1083.0,1085.5000000004902,NO
1084.0204351994269,1085.5262749259089,NO
1085.0459397928328,1085.6281064405684,NO
1086.0387035752844,1085.783089860739,NO
1087.0090426454803,1085.956078578714,NO
1087.970457701231,1086.135734890264,NO
1088.9459151428196,1086.317049174681,NO
1089.9720026865307,1086.4606009473364,NO
1091.0105078751642,1086.5128166870336,NO
1092.053526145245,1086.6260502328018,NO
1093.0423543468883,1086.819994020903,NO
1093.9982983035825,1087.0076802230083,NO
1094.965820610526,1087.1874353742703,NO
1095.953172913087,1087.3461132479285,NO
1096.9719459809826,1087.4615338450285,NO
1098.0,1087.5000000004902,NO
1099.0280732782473,1087.5381493095863,NO
1100.044085203435,1087.643119783246,NO
1101.0320944342432,1087.772664413562,NO
1102.0137111833367,1087.919624094665,NO
1102.9886487446026,1088.069748676195,NO
1103.9723857835843,1088.210197760429,NO
1104.9581349603766,1088.3336120344209,NO
1105.9670271827933,1088.4425299005247,NO
1106.9951507279995,1088.4946257394424,NO
1108.0,1088.5000000004902,NO
1109.0,1088.5000000004902,NO
1110.0,1088.5000000004902,NO
1111.050629543852,1088.5901417896227,NO
1112.0506511494814,1088.7899830318265,NO
1113.0045931058496,1088.9794518952797,NO
1113.965012135242,1089.1652204723282,NO
1114.947428196554,1089.3437387040779,NO
1115.9656730185861,1089.4894046712923,NO
1117.039987741828,1089.607812531053,NO
1118.02488726413,1089.6904267012749,NO
1119.0056929459333,1089.7360543195414,NO
1119.9887568634979,1089.7269523812026,NO
1120.9736315151545,1089.6720017598789,NO
1121.9757374116157,1089.6008413019013,NO
1122.9804357634744,1089.5464654293792,NO
1123.9894702454071,1089.5118022771376,NO
1125.0,1089.5000000004902,NO
1126.0,1089.5000000004902,NO
1127.0105227404247,1089.4878725205183,NO
1128.0322170560726,1089.432386790901,NO
1129.0292285962998,1089.3549186890664,NO
1130.0175190730968,1089.2882169988786,NO
1131.0076832980012,1089.244905133259,NO
1131.9962777753983,1089.2372918029978,NO
1133.0,1089.2450980392157,NO
1134.0037177780134,1089.2370083330109,NO
1135.0038828589,1089.2200286606128,NO
1136.011915863971,1089.1736311644229,NO
1137.0085061874595,1089.0964034559513,NO
1138.001300806315,1089.0174581894387,NO
1138.9955236292337,1088.9429262728363,NO
1139.9951753985733,1088.882831100473,NO
1141.0,1088.8607843137254,NO
1141.9970784117681,1088.8509990040561,NO
1142.9934086265293,1088.8230736558644,NO
1143.9868678119917,1088.776752804692,NO
1144.9822785185263,1088.717563891121,NO
1145.9798357721745,1088.6572081282447,NO
1146.9764136461251,1088.5990319856248,NO
1147.9804340842522,1088.5464265019566,NO
1148.9894702454071,1088.5118022771376,NO
1150.0,1088.5000000004902,NO
1151.0,1088.5000000004902,NO
1152.0,1088.5000000004902,NO
1153.0,1088.5000000004902,NO
1154.0,1088.5000000004902,NO
1155.0,1088.5000000004902,NO
1156.0,1088.5000000004902,NO
1157.0,1088.5000000004902,NO
1158.0,1088.5000000004902,NO
1159.0,1088.5000000004902,NO
1160.0,1088.5000000004902,NO
1161.0,1088.5000000004902,NO
1162.0,1088.5000000004902,NO
1163.0,1088.5000000004902,NO
1164.0,1088.5000000004902,NO
1165.0,1088.5000000004902,NO
1166.0,1088.5000000004902,NO
1167.005808903576,1088.4937568173082,NO
1168.0156630680729,1088.4698920737126,NO
1169.0104122143237,1088.4425190947395,NO
1170.0008439220207,1088.4304002529846,NO
1170.9948804420487,1088.4351624376202,NO
1171.989360250067,1088.452189357829,NO
1172.994467229379,1088.4702855154706,NO
1174.0160886371714,1088.4558447487398,NO
1175.0357834283411,1088.3801989229235,NO
1176.036396063284,1088.2578054602243,NO
1177.0179823789222,1088.131014477538,NO
1178.002445650249,1088.033710312554,NO
1178.999821003536,1087.9885889761645,NO
1180.0001877152963,1087.9893628003767,NO
1180.9999111648472,1088.0056632406288,NO
1181.999787479593,1087.9942955047475,NO
1182.9953104616977,1087.9386752718804,NO
1183.989327839701,1087.8639299564404,NO
1184.9879509390792,1087.7951659651117,NO
1185.989460217796,1087.7440338438523,NO
1186.9937767262236,1087.7114663917716,NO
1188.0,1087.7,NO
1189.0,1087.7,NO
1190.0,1087.7,NO
1190.9939298408897,1087.6904218934442,NO
1191.9860623317406,1087.6615137484864,NO
1192.992747926806,1087.6301442767503,NO
1194.0079580964311,1087.6310337034183,NO
1195.0068437007073,1087.6509712730342,NO
1195.986696890078,1087.6429165158604,NO
1196.9641434591497,1087.5868348585568,NO
1198.0656661137104,1087.3996023514317,NO
1199.045059438491,1087.208911934568,NO
1200.0089489548152,1087.0625200928346,NO
1200.9990937163643,1086.9743219620254,NO
1202.000895888193,1086.9836820366922,NO
1202.9981214117374,1087.0354844453416,NO
1203.9987438050946,1087.0711843746171,NO
1205.0012592375688,1087.0713567921905,NO
1206.0009505187477,1087.0538627264957,NO
1207.0006392790601,1087.0362258116938,NO
1208.0003471150994,1087.017702869615,NO
1209.0000134745426,1087.006872017037,NO
1210.0,1087.0058823529412,NO
1210.9999660127355,1086.99783331203,NO
1211.9979309257187,1086.9623132903598,NO
1212.991962111184,1086.8975169177875,NO
1213.9817199585918,1086.8135435790327,NO
1214.9719010903887,1086.719010920719,NO
1215.9785239021298,1086.6349063375715,NO
1217.100257372542,1086.343216831309,NO
1218.0323734141687,1086.1019085916382,NO
1218.996261516218,1085.9427898673916,NO
1219.9931079408466,1085.88283499483,NO
1220.9173909186509,1085.7274503141637,NO
1221.227740980867,1085.541159437583,NO
1222.9336630264627,1084.851707469198,NO
1223.318824870969,1084.5908416811128,NO
1224.034154923923,1084.046606634248,NO
1224.7540552406467,1083.6592973028435,NO
1225.7986995074095,1082.769074154101,NO
1226.927836892445,1081.8898124813027,NO
1227.9824361047774,1080.9823881814516,NO
1228.9758231305934,1079.975890757278,NO
1230.0035798812214,1079.0045168970908,NO
1231.0827871106478,1078.178551656394,NO
1232.8718423588607,1077.689314822714,NO
1234.9476151393353,1076.8756359373922,NO
1235.7118499975636,1076.4364359032936,NO
1236.9134154772455,1075.862935700443,NO
1237.9722967756302,1074.9657216452342,NO
1238.4846482378555,1074.4256884994325,NO
1239.553703569887,1073.515988352633,NO
1240.6871692737718,1072.6120898733382,NO
1241.7929815268865,1071.7082725191697,NO
1243.773507974493,1070.5622718836573,NO
1244.9368531772236,1069.900096071849,NO
1246.004325193389,1069.0056931618597,NO
1246.6584550571024,1068.5840328159811,NO
1247.782256701929,1067.728803466487,NO
1248.8357429666137,1066.8072493994437,NO
1249.8890159694224,1065.8553844403955,NO
1250.98731555526,1064.9783940785087,NO
1251.725388695475,1064.5796766009682,NO
1252.870695568196,1063.810027890178,NO
1253.9793856166184,1062.9644161459048,NO
1254.73093008716,1062.524596674566,NO
1256.9413352948268,1061.8319604207752,NO
1257.4123991836525,1060.5848421300848,NO
1256.9308930865143,1060.0691069134857,NO
1255.7223795178786,1058.0330699060517,NO
1255.706762558658,1056.967418060852,NO
1257.9685108986157,1054.760198382874,NO
1258.9801213606067,1054.6729643311555,NO
1259.9927132501246,1054.6283757660426,NO
1261.0147875537375,1054.6408736712297,NO
1262.0187310143958,1054.691844612708,NO
1263.0,1054.7196078431373,NO
1264.0818068223225,1054.0818068223225,NO
1264.220358706263,1052.8999350350557,NO
1263.9746155515302,1052.0144287574349,NO
1266.0072151277852,1049.6654804322486,NO
1267.0060716022365,1049.6903482940133,NO
1268.0,1049.7,NO
1269.0,1049.7,NO
1270.0,1049.7,NO
1271.0056813920396,1049.7102490135371,NO
1272.0058089859303,1049.7306742832147,NO
1273.0005055514705,1049.7421687365938,NO
1274.0048344424754,1049.7534434401807,NO
1275.0081205144168,1049.7820282927842,NO
1276.0,1049.8,NO
1276.991872162796,1049.781831733756,NO
1277.9838957012266,1049.7350583198147,NO
1279.1345674640843,1049.4142379224172,NO
1280.0401573963095,1049.1101164096428,NO
1280.985014862732,1048.9094610529105,NO
1282.1598978676332,1048.1598978676332,NO
1282.1546947592622,1046.9072641337054,NO
1281.9644114464863,1046.0212117201957,NO
1281.6395010382728,1045.029951364355,NO
1283.9899719720502,1042.8295235254889,NO
1284.9865388701476,1042.7711607933638,NO
1285.9466071014012,1042.6650809262474,NO
1287.0785836219895,1042.3452465340363,NO
1288.0250972377971,1042.177816598972,NO
1289.0068054650485,1042.0559804381528,NO
1289.9933547696578,1041.9425581784412,NO
1290.9596231408825,1041.801804969281,NO
1293.0259958588708,1041.1056014369485,NO
1293.9514799518558,1040.8779000999602,NO
1294.6202392858352,1040.4054251517105,NO
1295.6480767362762,1039.6583895235776,NO
1296.0206899884479,1039.0147402762066,NO
1296.3453955221105,1037.9702750527879,NO
1295.954525586011,1037.0466354604448,NO
1294.8930932484373,1036.2610933884469,NO
1296.8647032310075,1032.38541779295,NO
1298.0115053320174,1032.7205847754115,NO
1299.9746589624087,1031.9732130776317,NO
1300.7990050773365,1030.912966314079,NO
1301.813131792452,1028.9168735751505,NO
1302.102385934385,1028.0582890243452,NO
1303.012744829175,1027.0113168377168,NO
1303.9188867436942,1025.9300747821283,NO
1304.006704490808,1024.9972956674774,NO
1303.8857641487812,1024.2226631003389,NO
1301.9064869411523,1023.1639462996342,NO
1300.6696297727694,1022.4115629080613,NO
1299.5557892700106,1021.4097885017501,NO
1298.6404755653516,1019.021853446796,NO
1298.6811609407002,1017.9404878082178,NO
1300.972566244005,1015.9698733601301,NO
1301.3970988060587,1015.1804024236653,NO
1301.8049462148542,1013.9984550195397,NO
1301.8088640720605,1013.0033729871228,NO
1301.8,1012.0,NO
1301.8188889494108,1010.9875600490859,NO
1302.9295480982842,1008.9421161532331,NO
1303.9057270964468,1007.9111351898704,NO
1304.9065629201614,1006.9037197475291,NO
1305.9157030067913,1005.9081503924125,NO
1307.8445332675856,1004.624831785584,NO
1308.6900095834183,1003.8380050119422,NO
1309.936255984073,1001.945985334842,NO
1310.9277127300852,1000.9256793325791,NO
1311.987002665216,999.9749801314023,NO
1313.99361242757,998.9863855085206,NO
1315.978208277104,997.9701236582025,NO
1317.9007609139312,996.7910081260951,NO
1318.9914034236563,995.9900181932967,NO
1320.860291993551,994.7398879107525,NO
1321.9486837052298,993.9456608651743,NO
1322.9332817045777,992.9404425701973,NO
1323.2310513448663,992.1011999646373,NO
1323.208396843365,990.902123726569,NO
1322.9723992499685,990.0128803497122,NO
1322.7351761020502,988.9863437632333,NO
1323.8292966420934,986.8936963536503,NO
1324.5850002189202,985.6690141138437,NO
1325.0395061451256,985.0309671950849,NO
1325.974776850051,983.9794587930206,NO
1326.9299541546313,982.9408139736696,NO
1327.8955320990751,981.9091062713793,NO
1328.6227181834734,979.9813226819322,NO
1329.7760720407289,977.8359095392594,NO
1330.900149173721,976.8095437963373,NO
1331.9962742796133,975.9952538595472,NO
1332.6194224512428,975.4181093819406,NO
1333.9240202349317,974.8326039489594,NO
1335.0014261198637,974.0015177054327,NO
1335.9787213372038,972.9834499298288,NO
1336.728302892583,971.8835583875696,NO
1337.6836875585109,969.8830077251929,NO
1337.8998352665085,968.981685916115,NO
1338.7992965357757,966.9233848610407,NO
1339.7982786984928,964.9166540756396,NO
1340.9544240253742,962.9687416580305,NO
1341.740111856584,960.9735016011322,NO
1341.8286227091917,959.9826735671044,NO
1342.039238268131,959.0155628573968,NO
1342.6618197563346,956.9860749320629,NO
1342.7024339472264,955.9877472809892,NO
1342.7323866017603,954.9942279464298,NO
1342.7323401299145,954.0057730559041,NO
1341.9911264075388,952.0044807250675,NO
1341.6443653710521,951.1701254769148,NO
1340.8339941047595,950.2683821402222,NO
1340.0401688208792,949.9408118477421,NO
1338.5182430566115,948.5244442685608,NO
1338.0190380327083,947.9791262623008,NO
1336.9843610784717,947.0195924405058,NO
1336.8942690994843,943.6490377183995,NO
1338.9937641906756,942.9370750181688,NO
1339.9950570950111,942.8739559237215,NO
1341.0002863717782,942.8539503854572,NO
1342.0028880668356,942.8660987167182,NO
1343.004057197894,942.8965414544722,NO
1344.0023342273976,942.9240246600931,NO
1344.9994419661518,942.9213172253868,NO
1345.9915113927873,942.881996404491,NO
1346.9789176223853,942.8117511564642,NO
1348.9393305141487,941.9342674494186,NO
1349.9199895162183,940.9306575815639,NO
1350.634416589534,938.9734121152053,NO
1351.9988795716743,936.9976694066085,NO
1353.937071160023,935.9387673542253,NO
1354.9286686790158,934.9326420427469,NO
1355.9174333122842,933.9174333122842,NO
1356.986349722427,932.9722347549299,NO
1358.9664349561583,931.957120256301,NO
1359.9852119059126,930.9856436761501,NO
1360.9425258588606,929.9546651170374,NO
1361.976419502258,927.986963205237,NO
1362.9373080236994,926.9388496318562,NO
1363.6680070379753,925.8544179975324,NO
1364.947907920165,923.9520476861707,NO
1365.9724136486236,922.9638917520024,NO
1367.9804121925865,921.9134288843153,NO
1368.9035550677331,921.6917808874606,NO
1370.9374312210612,920.8515459262218,NO
1372.01779486505,920.0208237787363,NO
1372.4937747210279,919.5286161194629,NO
1372.6033700398064,918.9955807246312,NO
1372.5419188267754,918.3212717164664,NO
1371.7535306088926,917.2473449418668,NO
1370.7255978893143,916.3437127728446,NO
1372.989457854017,912.8902756299116,NO
1373.9801414393298,912.7974426826796,NO
1374.9827022873562,912.7154247374788,NO
1375.986088348771,912.6621455906989,NO
1377.1078898851783,912.4212396532456,NO
1378.0462064297437,912.1386192935861,NO
1378.9691426535803,911.9086540774406,NO
1379.6964642580485,911.512966584775,NO
1380.9106323627889,910.8472591299121,NO
1381.9762295106482,909.975560861053,NO
1382.962809720525,908.9666636376405,NO
1383.7069698376272,907.8647013808152,NO
1383.8624544353797,906.9930302659483,NO
1383.7420935432492,906.0908638421716,NO
1382.9927911751677,905.0080884726721,NO
1381.912674915744,904.1779768323116,NO
1382.9288796863448,900.663697413239,NO
1385.0070136175455,900.0366837892103,NO
1385.942931459679,899.8338351283986,NO
1386.6431093874298,899.3712858827173,NO
1387.7059118651378,898.7132640630009,NO
1387.945398119083,897.9789886425688,NO
1388.0300903441605,896.9959170456411,NO
1387.8528356313934,896.0749040204505,NO
1386.828560888346,894.0256292820113,NO
1388.8564361288059,891.640872151261,NO
1390.9057154769016,890.80709340093,NO
1392.00733771479,890.0104732714733,NO
1392.57336778856,889.5717517449,NO
1393.0158513331342,889.0119518663122,NO
1393.7361979545751,887.905007737586,NO
1393.9417094566722,886.9906504278676,NO
1394.833445958432,884.9164334891857,NO
1395.8053932983876,883.7508585922407,NO
1396.9457847120937,882.9153515900566,NO
1398.0161861104266,882.019772106343,NO
1398.607226683732,881.575684677773,NO
1399.5874134367857,880.5497567270844,NO
1400.6044196560276,879.5693984588539,NO
1401.586673277697,878.6007373369375,NO
1402.3743436945272,877.5512308242683,NO
1402.9179393820546,876.955339129369,NO
1403.5877075508297,875.7680103803328,NO
1403.8222911718246,874.9664549642368,NO
1403.7695529943037,874.0634960861834,NO
1403.4137005734867,873.460282433482,NO
1402.5576033170987,872.5923259146352,NO
1401.7915605905557,868.5955822238462,NO
1403.917031988232,867.7714045625598,NO
1404.2333175530764,867.5627947563768,NO
1405.9540857524141,866.8849621084381,NO
1406.657952340679,866.4068748078595,NO
1407.909556131151,865.8469126236162,NO
1408.860475993838,864.9117792255329,NO
1409.1470000474758,864.0729787482572,NO
1409.880498465511,862.9516908691999,NO
1410.1443577907387,862.0695179192535,NO
1410.874185560282,860.9478330394672,NO
1411.753056546777,858.9258902091799,NO
1411.9542783478062,857.9911122240071,NO
1412.661881628977,856.3092634796853,NO
1413.1146841135476,855.0589130739754,NO
1413.9128048674274,853.952815614096,NO
1414.5656928257697,852.7702888722497,NO
1414.9178130970238,851.9729578578302,NO
1415.6730668540417,849.9087134693422,NO
1415.8459761372749,848.9815775378246,NO
1415.9458966525387,847.9934235972852,NO
1416.8259400863974,845.9233133390177,NO
1417.6576779565296,844.656376347954,NO
1418.6725702445583,843.6983428819057,NO
1419.0598649065196,843.0437841736866,NO
1419.6799553104902,841.9314694596144,NO
1419.789119774769,841.004134906485,NO
1419.7631475258618,840.0088239155232,NO
1419.77624699987,838.9872767905521,NO
1419.8728600014133,837.9832972938012,NO
1419.96477599984,836.9970007288192,NO
1419.9522156564346,836.0045872971197,NO
1419.7654767162715,835.1183837650493,NO
1418.892564406525,834.1983426372104,NO
1416.9803971813114,833.0224916555575,NO
1415.7733517130625,831.0107709504679,NO
1416.6663420350897,828.8329584971005,NO
1417.8430235291712,827.6509163408592,NO
1418.9355172720439,826.9336616494506,NO
1419.9763861847127,824.9901347802165,NO
1420.6691222163981,822.9665478915718,NO
1421.9316402749662,820.9316402749662,NO
1422.9228688125484,819.9254186007508,NO
1423.6457854056953,818.0069453843832,NO
1423.6279792618593,817.0072945244675,NO
1423.6119074875219,815.9961574999838,NO
1424.8959017812456,813.8930691742938,NO
1425.8971936176952,812.8971936176952,NO
1426.9504797295717,810.9754951233856,NO
1427.6921483057195,808.9812874453761,NO
1427.7295459143663,807.9946969785748,NO
1427.7392156862745,807.0,NO
1427.7195060793313,806.0115497489118,NO
1427.6649994021031,805.0262745567469,NO
1426.9872603057686,803.0053223031533,NO
1426.0353299998978,800.9826766445,NO
1425.7331288390294,800.0994845155778,NO
1424.8220542753172,798.0574533283736,NO
1424.1801166820098,796.9194772446531,NO
1423.808403134413,795.0225408069551,NO
1423.719949328055,794.011531497495,NO
1423.7317572054164,792.9842210120245,NO
1424.1123937582445,791.0602109402881,NO
1424.8908720609627,789.9485100547046,NO
1425.167385187893,789.0808624055152,NO
1425.810575020825,787.9523838419562,NO
1426.0540902703756,787.0201162162838,NO
1426.3214825468594,786.1125897022215,NO
1426.6506954093115,784.9924659795696,NO
1426.6839197188724,783.9869849304603,NO
1426.7501668724071,782.9747415955759,NO
1427.679210656624,780.8647652794567,NO
1428.0142317914306,780.0071000473055,NO
1428.980983023738,777.9916549974084,NO
1429.6078475766144,776.0069203372099,NO
1429.5934181426844,774.9955674922033,NO
1430.7797238701821,772.8309083709154,NO
1431.9000066818148,771.8094815500309,NO
1432.982707606932,770.9796498045735,NO
1434.008432242653,770.0087038527603,NO
1434.98940837894,768.9908585070427,NO
1435.9586333481384,767.9628140210359,NO
1436.9868787411851,766.9778347092087,NO
1437.7939969804609,766.5513712169317,NO
1438.9064222351938,765.8984468550796,NO
1439.9071716509604,764.9101580901792,NO
1440.7089086410974,762.9798253522026,NO
1440.9725148790355,761.9874758522395,NO
1441.7433919259734,759.9708171203365,NO
1441.8592919599398,758.9789648581052,NO
1442.0719056742118,758.0293412710835,NO
1442.3597482072155,757.118256332927,NO
1442.2809841743147,755.8877346313677,NO
1442.0006501949242,754.9996870459885,NO
1441.737064378102,754.0371110338758,NO
1441.6486426613324,753.0068893597614,NO
1441.7201654257037,751.9537416312854,NO
1443.0292936955057,750.0391957884876,NO
1443.7626978320952,749.6348769868911,NO
1445.865970196943,748.6860397764008,NO
1446.9577328381454,747.9515534292123,NO
1447.834312676936,746.9068524026083,NO
1448.1271027938903,746.0668144272107,NO
1448.9038867909303,744.9535606850561,NO
1449.6614589727026,743.764975414073,NO
1450.0492762048875,743.0342790978077,NO
1450.7386900871304,741.9073157087033,NO
1450.8675213675215,741.0,NO
1450.7330175076859,740.1127961523922,NO
1449.9258696925485,739.1108424668284,NO
1448.7449508472848,738.4956887619205,NO
1446.9283357011263,734.7650434680085,NO
1448.992728279902,733.9728762057989,NO
1449.9137313270933,733.7456465580493,NO
1451.9826268450145,732.9543404134153,NO
1452.7404247492918,732.5969592647914,NO
1453.5716296886999,731.7144198026955,NO
1453.8727447733856,730.9744943987326,NO
1453.9683358783861,729.9993791348542,NO
1453.9900196955803,728.999693370243,NO
1454.6686866877474,726.8873460904592,NO
1455.1637563917584,725.0789044069867,NO
1455.7691847480748,723.9441452603704,NO
1455.8548086336093,723.0055283286277,NO
1455.6908111498524,722.111972599203,NO
1454.7408757298863,720.0455430541529,NO
1454.6648959805311,718.9862016001097,NO
1455.5581931528907,716.5599223534043,NO
1456.3462148720848,715.5797913283931,NO
1456.65883433829,714.8277819141902,NO
1455.9477867601984,714.0974163700156,NO
1453.934713319731,713.3215193505624,NO
1452.8663711328775,709.7025210302651,NO
1453.989260505133,708.983558810583,NO
1454.551147184824,708.5173720978551,NO
1455.0120758207643,708.0097298333403,NO
1455.643851179754,706.8983557536837,NO
1455.4283156150448,705.808277766586,NO
1454.9672094848831,705.0426491001664,NO
1452.9922311742198,704.3601910207714,NO
1453.9276000693105,700.8476254498745,NO
1454.9935113781887,699.993310887254,NO
1455.860481015777,698.9293215187139,NO
1456.1188397821268,698.053098623498,NO
1456.1721725954949,697.6140271152334,NO
1456.3790747198734,696.9487475499313,NO
1455.9622101842128,696.0377898157872,NO
1454.7119918506928,694.0067662794906,NO
1455.8308698474427,691.8463626795032,NO
1456.8021040079725,690.8202042600859,NO
1457.7846647935507,689.7986216990594,NO
1458.6792457646868,688.7522317431616,NO
1459.6654497107222,686.8785590309664,NO
1459.8501867398659,685.9828828127257,NO
1459.8818727848447,685.0048640614792,NO
1459.81631436694,684.0187287311654,NO
1459.6489149087633,683.0866214304543,NO
1458.925589212439,681.0148225692068,NO
1458.7110575269267,680.0946151223292,NO
1458.0282580336243,677.9991318146602,NO
1458.0362783816038,677.0014226816421,NO
1458.113398080886,676.0146429955577,NO
1458.6766939867964,673.9411861823163,NO
1458.7744290066496,672.9951347433796,NO
1458.6792382766466,672.0588296584629,NO
1457.7173058337612,670.2951659687652,NO
1457.0533937625498,669.9271903233064,NO
1455.9418490895766,669.1172641293247,NO
1454.6723083078098,667.0070678598839,NO
1454.7433419595313,665.9656602212069,NO
1455.0107407209175,665.0055675445032,NO
1455.8092370064142,662.993884537362,NO
1455.7972749861683,662.0163922994979,NO
1455.7603489513253,661.0121131840642,NO
1455.7239508659513,660.0113667282983,NO
1454.9619474217616,658.0286095562112,NO
1454.009418351885,656.9913854899635,NO
1452.7729024900673,655.0546065210731,NO
1452.6194944053454,654.022382682122,NO
1452.5918587879512,652.9927975076828,NO
1452.617972254494,651.9850185196724,NO
1451.9499079264424,650.0380407606178,NO
1450.7767354979853,648.0949395792435,NO
1449.9103783558216,646.0072666200698,NO
1449.8485420329105,645.008909292215,NO
1449.7740618099049,644.0225938203629,NO
1449.416902702934,642.8577968646115,NO
1449.1363594821648,641.9562513317029,NO
1448.9761123240028,641.0020813024154,NO
1448.9049395735865,640.0057781829852,NO
1448.8644240694018,639.0023925165352,NO
1448.8918220861542,637.9899471032697,NO
1449.8292173493264,635.917574358853,NO
1450.473392989424,634.6158654243532,NO
1451.0090532186894,634.0071785025054,NO
1451.95068012972,632.9603844121644,NO
1452.984585118551,630.9928779346933,NO
1453.6618199645936,628.9860749406382,NO
1453.7038251821127,627.9844427499226,NO
1453.9655462838246,626.9844104051957,NO
1454.9221260795746,624.9605701675647,NO
1455.1332626262304,624.0031936577379,NO
1454.9463032362778,623.0248092636489,NO
1454.7065453003222,622.0126311838839,NO
1454.6897210099726,621.0066922918057,NO
1454.668408148229,620.0071519809712,NO
1454.6908956536652,618.9712751525509,NO
1456.008278873787,617.0160346822194,NO
1457.9952181357357,615.9937037415534,NO
1459.0240028711564,615.0224359187708,NO
1459.7959931905368,613.9346706490144,NO
1460.0585886328251,613.0221252420479,NO
1460.3313526551935,612.1124166385554,NO
1460.637254901961,611.0,NO
1460.6277875504825,610.0072982835143,NO
1460.6092477471177,609.0068956283175,NO
1459.8852073510573,607.105489193654,NO
1458.9301325075853,606.035375944906,NO
1457.952277836103,604.0241631205369,NO
1456.9398028506478,602.0298498264395,NO
1455.9427058769102,600.0283517316224,NO
1455.6379143909878,599.0250950411646,NO
1455.591957557353,598.0072007493277,NO
1455.5823529411764,597.0,NO
1455.6036377382636,595.9852335630993,NO
1455.6692652069787,594.9665623480771,NO
1456.6303445936867,592.8309615998224,NO
1457.9803528910766,590.978606481856,NO
1459.0187478765067,590.0236440157047,NO
1459.6412569153024,589.5673980331007,NO
1460.7135839233447,588.7032252840028,NO
1461.7180581836349,587.7286975027404,NO
1462.6705023430154,586.702784212883,NO
1463.4534623592583,585.5983498287114,NO
1463.9238994535335,584.96311058268,NO
1464.1973572571073,584.0827192113375,NO
1464.7769955872818,582.9427101183192,NO
1464.906101317821,581.9944765480865,NO
1464.8515327797734,581.0280543158913,NO
1464.5803715251964,580.2498081397935,NO
1463.8009539393713,579.2271721242377,NO
1463.0652340384165,578.9028349636155,NO
1461.9434049238928,578.2668053495012,NO
1461.0,578.1627450980392,NO
1460.010827890377,578.1904215258623,NO
1459.047292524886,578.292849882472,NO
1456.9761918812878,578.8645400160609,NO
1454.6469345666371,576.9854620125276,NO
1454.7761528322178,575.9609364734602,NO
1455.6123062372728,573.7259508352408,NO
1456.8574571542947,572.7187858364526,NO
1458.9460174645587,571.8429303349674,NO
1460.9811353099587,570.9586024843871,NO
1461.7627686828823,570.5867030158419,NO
1462.911940147027,569.8728735919602,NO
1463.910067579056,568.9276967208508,NO
1464.6771547173992,566.960938056895,NO
1464.731810815656,566.005784472486,NO
1464.6933611425109,565.0192400853194,NO
1464.4134809350835,563.8848883825829,NO
1464.1224939661092,562.9574814330279,NO
1463.921466825536,562.0145547104947,NO
1463.6818853198781,561.1280625041571,NO
1462.9679292885864,560.0255999512082,NO
1461.793201486594,558.0433030596489,NO
1461.663535314487,557.0145141630127,NO
1461.701813230783,555.9701813212921,NO
1461.8519779991714,554.9702177954534,NO
1462.0767805728667,554.0318758204212,NO
1462.8220641982457,551.9717396072934,NO
1463.723660748836,549.8404238124402,NO
1464.4161724220053,548.5652759817631,NO
1464.9470521631035,547.9676918518999,NO
1465.8479856397626,545.9572749866926,NO
1466.0067404283802,545.0008714896901,NO
1466.1400325960456,544.0391489003354,NO
1466.126897249123,542.9440736346893,NO
1465.8610392061933,542.2400795779783,NO
1463.6890200968014,540.0389113991425,NO
1463.6881996693216,538.9682085938172,NO
1464.1339207637761,537.0647431484686,NO
1464.8568812849169,535.9410326328081,NO
1465.0591291063156,535.0111865881419,NO
1465.1075341424123,533.9896644076606,NO
1464.8939010422926,533.0568474761749,NO
1464.0060586050452,531.9940922312893,NO
1462.8301408636635,530.0188732380781,NO
1462.773109507553,529.0044488333012,NO
1462.0284206583406,526.9858213198489,NO
1461.7142651494974,526.1177760114361,NO
1460.8344712831447,524.0134212478142,NO
1460.801043274748,522.9996098887943,NO
1460.8343100593822,521.9902535328685,NO
1460.9038210078922,520.9922679637094,NO
1460.990073938045,519.9990463194814,NO
1461.086016744198,519.0091076550785,NO
1461.1688393737722,518.010542002683,NO
1461.1724690315173,516.9910136378646,NO
1461.0741631082583,515.9896362754153,NO
1460.934108958148,515.0113694345474,NO
1460.7283014231487,514.0947646219529,NO
1459.821743033923,512.0744772255528,NO
1458.7495426181856,510.1393522274757,NO
1457.9258291987392,509.07619456272516,NO
1456.8376153907977,508.3676460726641,NO
1455.9961012567796,508.0078655869486,NO
1453.9783294096537,507.1578857327182,NO
1452.995971835158,507.0240233922392,NO
1451.3075956280504,506.369895003054,NO
1449.7068156600694,505.29318433993063,NO
1448.7260865156525,503.02739135007556,NO
1448.6446132424285,502.0153304092645,NO
1448.6186677684336,501.000747710219,NO
1448.6176470588234,500.0,NO
1448.6100309398291,499.00611716212416,NO
1448.5944780930108,498.0063611283646,NO
1447.9547750415163,496.0222806402515,NO
1447.658439877483,495.0301175256693,NO
1447.6186857507316,494.0007476749596,NO
1447.6176470588234,493.0,NO
1447.6303595220877,491.9913025767148,NO
1447.6645438000874,490.985529340288,NO
1447.692996568598,489.9945822921313,NO
1447.6814128053852,489.0137429771251,NO
1447.640514202125,488.01480235540544,NO
1447.6176470588234,487.0,NO
1447.64143758479,485.9852356662312,NO
1447.7247113258484,484.97001806449686,NO
1447.9853680397732,483.9933929908436,NO
1448.6481857276458,481.9924118491819,NO
1448.6491231059115,481.0068799392792,NO
1448.0254871977345,478.9892996788525,NO
1447.7929469033825,478.0292237104551,NO
1446.9787112598494,476.00993474517026,NO
1446.7166021105743,475.02020262165695,NO
1446.678431372549,474.0,NO
1446.7276791769484,472.97246806479177,NO
1446.9932445941383,471.9966550901576,NO
1447.8153882295328,469.97800920933963,NO
1448.734706520489,467.8783144868306,NO
1449.5838394909397,466.5350772537567,NO
1450.8275523035475,465.7352872815065,NO
1451.9717653715852,464.9478883078309,NO
1452.6810133867973,464.49244988885306,NO
1453.8187192415764,463.7700065796939,NO
1454.8589533344605,462.8455658600887,NO
1455.877777934755,461.8734128666148,NO
1456.8367017191954,460.8646117657896,NO
1457.468747870082,459.73050183051754,NO
1457.7910335576469,458.95793823322117,NO
1457.8843137254903,458.0,NO
1457.8552062442604,457.0085172797812,NO
1457.7818143355319,456.02181856775377,NO
1457.6127967728655,455.08707845839365,NO
1457.0227102916033,452.9977699313008,NO
1456.9326925206085,452.0065987725388,NO
1456.8301302667562,451.0203177525875,NO
1455.9900578619097,449.00667932000033,NO
1455.4657478746506,448.3192072377065,NO
1454.8635054471833,447.06962029714833,NO
1453.6834000461174,445.1926736873561,NO
1452.7505921850793,443.04450218036925,NO
1452.6254901960785,442.0,NO
1452.6880664954547,440.9688066476769,NO
1452.7949066354422,439.975067081105,NO
1452.8765550270514,438.99249648177266,NO
1452.8859488527207,438.0046962234013,NO
1452.71661869005,437.09685184112635,NO
1451.9713286988915,436.03110605174186,NO
1450.88698678967,435.33518250350033,NO
1449.9837397688348,435.12018431620794,NO
1448.9992010466055,435.0073958162393,NO
1448.0432218281999,434.8491136911849,NO
1447.1128589004745,434.6025785624108,NO
1445.9749317965939,434.3043996296926,NO
1443.6597246083472,432.6996066495319,NO
1442.9554277773882,431.00976259758505,NO
1442.707257208804,430.1251680656944,NO
1441.9447323162417,429.05879377553856,NO
1439.9747055263497,428.2150030332858,NO
1438.9880244378576,428.1035175709832,NO
1436.7593990808227,427.5341643181273,NO
1435.987622160897,427.01757192317245,NO
1434.9490691294066,426.050654071546,NO
1433.6520166031567,424.1545633377069,NO
1432.848966446589,423.2950164139395,NO
1432.0083498369586,422.98161467808814,NO
1430.0069388571583,422.3538817058469,NO
1429.0,422.3627450980392,NO
1427.9795668593063,422.32565317737516,NO
1426.9758769327598,422.2412306579524,NO
1425.97990870397,422.14150632163125,NO
1423.8573378809338,420.01180350573077,NO
1423.7134646910465,419.0720340160206,NO
1422.8717538573912,417.0286883610383,NO
1422.7120347758212,416.03952463784844,NO
1422.5990726623095,415.0235839611286,NO
1422.5539179554116,414.00874670698477,NO
1422.5526593319676,412.99122861412354,NO
1422.078475568241,411.92977388060837,NO
1420.98607287019,411.3382303177252,NO
1419.0171818046383,408.01774346949475,NO
1419.612619180391,407.28127685973277,NO
1419.7709278801274,406.9371074295095,NO
1419.888261856425,406.00219094404883,NO
1419.8107439835787,405.03042939673605,NO
1419.675482916711,404.0451778708129,NO
1419.6240645900975,402.97641189567315,NO
1420.8559362421588,400.8076525792941,NO
1422.9498483975735,399.7857558775843,NO
1425.0331744354958,399.16004641854505,NO
1425.9830919841058,398.95034270535206,NO
1426.7595031399755,398.615665287448,NO
1427.5938623752652,397.7180318459712,NO
1427.8305569655654,396.97032794724913,NO
1427.8725232368613,396.0107895693656,NO
1427.8201850407538,395.01817949046995,NO
1427.7723380511975,394.004017563992,NO
1427.7837714786424,392.9894993085883,NO
1428.0029677771854,392.0012140906755,NO
1428.6755336221051,389.9796413251566,NO
1428.751264605947,388.9740796798016,NO
1428.9995514447605,387.99979515177847,NO
1429.9551491783172,385.9793208301607,NO
1430.6100152725996,383.99388259211537,NO
1430.6176470588234,383.0,NO
1430.6176470588234,382.0,NO
1430.6176470588234,381.0,NO
1430.6176470588234,380.0,NO
1430.6100152696833,379.0061174079304,NO
1429.9496240318365,377.0243621490302,NO
1428.9398465248537,375.02982816980824,NO
1427.9105229355093,373.07557107989237,NO
1426.6900369322232,371.03569271643056,NO
1426.6151284810185,370.02263950120107,NO
1426.5642873177699,369.01623243292835,NO
1426.543137254902,368.0,NO
1426.5537121582913,366.9912492577775,NO
1426.5834541207703,365.9844816244238,NO
1426.6213556891444,364.98515120338516,NO
1426.6505268903115,363.9924623448462,NO
1426.6710278821972,362.99354956614934,NO
1426.690627782971,361.99393387793924,NO
1426.7098663861914,360.9905109918437,NO
1426.961371589141,359.983601515442,NO
1427.1841629879893,359.07283495257997,NO
1427.167146537973,357.93012726549676,NO
1426.9346523285126,357.03052206209037,NO
1425.9264247902972,355.03769969481834,NO
1424.9268599390127,353.03522113563866,NO
1423.8899348617056,351.1103618150349,NO
1422.8942090961614,350.09997517454485,NO
1421.6599905693804,348.0245992946035,NO
1421.6044948306196,347.015510006758,NO
1421.5732986824105,346.00836669271996,NO
1421.5535634949158,345.00875365719077,NO
1421.5550425396063,343.9904028785003,NO
1421.5987906382961,342.9674695099974,NO
1421.9294069824246,341.96306525527467,NO
1422.7403237525227,339.9735232062082,NO
1422.8299127353155,338.982275476399,NO
1423.0471293069045,338.0203002854243,NO
1423.8290627102372,335.97955455927865,NO
1423.9083847181887,334.99443122777257,NO
1423.830656835393,334.0399993789968,NO
1423.4756071190282,333.3991918057082,NO
1423.0310221163438,332.962555944752,NO
1421.9324613414385,332.31219401248165,NO
1419.6736049707022,329.9432929841507,NO
1419.9843575827117,328.99076783790747,NO
1420.80164083075,326.992221208991,NO
1420.8017425642108,326.0077748014615,NO
1420.7465981747691,325.0203715184142,NO
1420.0440830706348,322.9804228791052,NO
1419.7460158467093,322.12636956530537,NO
1419.1826245239074,321.7914668175877,NO
1417.9893154452634,321.18790079556345,NO
1416.9947259540934,321.1415664982763,NO
1415.9959382323443,321.1035750744483,NO
1414.9985328842806,321.0748228997371,NO
1414.0033256297713,321.0848035585372,NO
1413.0107182217703,321.14016135355445,NO
1412.0168770553757,321.2151824556386,NO
1411.0795861721567,321.3668922581737,NO
1409.0041347602623,322.02360357507877,NO
1408.022134130856,322.163600096135,NO
1407.027535141857,322.2808584448401,NO
1406.0147643443115,322.3585626712446,NO
1405.0,322.38235294117646,NO
1402.5617802237368,319.98281491060663,NO
1402.601362962008,318.9723716915858,NO
1402.105311082282,317.900847455046,NO
1400.9876228531034,317.3005878730557,NO
1398.6181335764225,314.97004969221246,NO
1400.8924659057159,312.7051058731859,NO
1402.0133916195186,312.02100215698954,NO
1402.7370373826443,311.6230093227244,NO
1403.7892331916214,310.7797028621065,NO
1404.7060974194355,309.75832566011684,NO
1405.4022833028555,308.60317977591166,NO
1405.9059925505865,307.953664573542,NO
1406.6528744176876,306.76893464368345,NO
1407.0489188022257,306.0374832390232,NO
1407.926847763706,304.956494593928,NO
1408.6398512183318,303.80568948253296,NO
1408.9570978275651,302.9855438337585,NO
1409.6050241681737,300.9377690816765,NO
1409.7028503643764,300.00058264631394,NO
1408.9858218217416,298.01153951336346,NO
1407.974345160282,297.03642899074435,NO
1405.9920023251193,296.3708012974599,NO
1404.9860770551459,296.3381286830736,NO
1403.98776147517,296.2972213369338,NO
1402.9890167196968,296.254612405132,NO
1401.9807804405687,296.18641107546216,NO
1399.834261449996,294.01642454181865,NO
1399.8206817325122,292.9858196766067,NO
1400.9267826422292,290.93971406700007,NO
1401.6607843137256,289.0,NO
1401.6718363745022,287.9935654189401,NO
1401.761069547886,286.96331572871713,NO
1402.973955269837,284.97719399235257,NO
1403.7205518477226,283.88557774531205,NO
1403.9179292955425,282.9896699904968,NO
1403.9754098360656,282.0,NO
1403.8676745803834,281.03539101113034,NO
1403.570110009891,280.24698454672694,NO
1402.821446654571,279.17855334542895,NO
1401.7452084275783,278.4645408280824,NO
1400.963754379256,278.1434595579939,NO
1399.9995478887142,278.0060678091612,NO
1399.0013875248135,277.95483830348485,NO
1398.0384579926217,277.84117975391223,NO
1397.088629473241,277.6421445856071,NO
1395.9908579873459,277.4238569589481,NO
1394.9928678342546,277.40415603982774,NO
1393.9793929739053,277.3623994347761,NO
1392.9695135295735,277.27221990356753,NO
1391.9957417966043,277.0090759477851,NO
1389.9858968351336,276.02817625999563,NO
1388.6005357493439,274.02439171121296,NO
1388.588496031743,272.9881728294577,NO
1389.5677045489685,270.78696029194083,NO
1389.9617173914385,269.97974264645245,NO
1390.2296669434038,269.0187095860589,NO
1389.9532243057952,268.0391180085012,NO
1388.9331406720348,267.17822123936696,NO
1386.8923109165266,266.3745890689885,NO
1385.973796810046,266.17796333031964,NO
1383.6356324888843,264.15746535495754,NO
1382.981890777805,263.0089762159799,NO
1381.928725052723,261.0675748781892,NO
1380.9368619878521,260.06313801214793,NO
1379.9303245218537,259.08045859020075,NO
1377.9924501868802,258.0077425739053,NO
1376.990613233202,256.00371819740457,NO
1376.7797809854956,255.00196429254564,NO
1376.7852960426496,253.99957901187028,NO
1376.7830244977552,252.9976345584829,NO
1376.9923863639035,251.99699974438013,NO
1377.5916203692932,249.99279330029447,NO
1377.606120327283,248.98867937511736,NO
1377.9198529206737,247.96025764619645,NO
1378.1439295539153,247.0734526199385,NO
1378.1570897805166,245.92359180442924,NO
1377.8977051539393,245.0993101128288,NO
1376.9055686615038,244.09443133849615,NO
1375.604913980193,242.01996965882515,NO
1375.5823529411764,241.0,NO
1375.6041657908627,239.98447708972202,NO
1375.6436302726909,238.98198725970246,NO
1375.9327192267654,237.96907976743555,NO
1376.5823529411764,236.0,NO
1376.5823529411764,235.0,NO
1375.941296232619,233.0269784970143,NO
1375.132379930328,231.8718841346354,NO
1374.8137534053656,231.4338385074577,NO
1372.9185518490524,230.09134922963457,NO
1370.9705114150313,229.05627455317264,NO
1369.6005065989982,227.024393491164,NO
1369.591863855349,225.99279759710743,NO
1369.6213941101648,224.98515271009182,NO
1369.6503483573656,223.99245849413566,NO
1369.6607843137256,223.0,NO
1369.6598038760555,222.00066705118863,NO
1369.6484111727127,221.00758328827757,NO
1369.6202199640195,220.01414866771842,NO
1368.9530815612254,218.02161411139687,NO
1367.953736939956,216.02416727054373,NO
1367.534943927907,215.2090949781503,NO
1366.7894541342607,214.49683688892557,NO
1365.9700254728564,214.05737980822155,NO
1363.9791736802797,213.0415640170332,NO
1361.9852516797623,212.02851341887094,NO
1359.9888013669718,211.02208147043817,NO
1358.951243257151,210.02947317635957,NO
1358.4572227200888,209.2290169893855,NO
1357.6259223606712,207.0111112170857,NO
1357.609264828979,206.00689532687286,NO
1357.5916351648862,205.00720643860683,NO
1357.5823529411764,204.0,NO
1357.5823529411764,203.0,NO
1357.5823529411764,202.0,NO
1356.9371568090075,200.03029595006043,NO
1355.9009571407246,198.08805229789706,NO
1354.9293607160926,197.06331233403435,NO
1353.6065142030766,195.1713168960128,NO
1352.9256240473221,194.06845744195059,NO
1351.9666882938868,193.0182509563535,NO
1351.5336333715695,192.21885702928884,NO
1350.8884966467406,191.11733962290882,NO
1348.9564964070034,190.08473590915582,NO
1347.8929818854103,189.1036207122943,NO
1346.8977051070708,188.10229489292928,NO
1344.9700818127058,187.06033501040773,NO
1342.9740694351078,186.30476038596723,NO
1341.9846888192176,186.03195228623792,NO
1339.9690368954396,185.20166758975307,NO
1337.8910234141345,184.28991884059764,NO
1337.0098297017037,183.9784299038388,NO
1334.98221621551,183.28342906319182,NO
1333.9760906871156,183.19419028232468,NO
1331.9531355923702,182.0523536513739,NO
1330.935947765863,181.06603137433936,NO
1329.9283905352977,180.07382211461805,NO
1327.9861553672586,179.25398608684137,NO
1326.9929960203103,179.0168129928583,NO
1324.9797218482652,178.34472857820387,NO
1323.9729642494908,178.28473821533214,NO
1321.9359212193742,177.06951236491577,NO
1320.8396593555515,176.3704101222316,NO
1319.9962543521044,176.00765851208814,NO
1318.0,175.33529411764707,NO
1316.877184815717,175.64538133242476,NO
1315.9717896501768,175.92800965516508,NO
1315.0100882309018,176.11985779494196,NO
1314.0107195952062,176.1822331178245,NO
1313.0200072336618,176.24887047811717,NO
1312.0359114687408,176.34098794626206,NO
1310.912778643176,176.6193236110882,NO
1309.9636087148053,176.87893832664557,NO
1309.0219419353577,177.08742489785155,NO
1308.039774815428,177.28173828902135,NO
1307.0154584408867,177.39419023967437,NO
1305.9163335460282,177.57447062686953,NO
1304.9487640133982,177.783300613408,NO
1303.9926394973581,177.91262650564056,NO
1302.9997853290188,177.99771912084327,NO
1302.00387673284,178.07061191868252,NO
1301.0,178.1,NO
1299.9945969436167,178.0764146555441,NO
1297.896699456111,177.27363310291585,NO
1296.7002481833692,176.17810186796703,NO
1295.8330015048118,175.36122501865873,NO
1294.9948331061698,175.0110257824087,NO
1292.982874929938,174.28173501369812,NO
1291.9864755005672,174.2224998215578,NO
1290.9963833869149,174.18444726253298,NO
1290.0036187050355,174.18455395199018,NO
1289.0819418835208,174.3237967830925,NO
1287.0417974702523,175.16469201614117,NO
1286.0426563313235,175.35088272446976,NO
1284.9924985983587,175.42507940627817,NO
1283.959077653773,175.33661929871346,NO
1282.960520554959,175.18562932210497,NO
1280.91977415602,174.2024747599104,NO
1278.9215190375148,173.20071678677672,NO
1276.8939791321359,172.34524742660318,NO
1275.9792502242228,172.14183751363268,NO
1275.0244371258664,171.934949056134,NO
1274.1047477912205,171.67423797042682,NO
1272.89574014628,171.68376813211208,NO
1271.9762838964102,171.93539867258045,NO
1271.011752648674,172.12750991777108,NO
1270.021747458475,172.21747457172137,NO
1269.087079954551,172.38720987995006,NO
1266.9976788635613,172.9758698516594,NO
1266.0042189019296,173.05517025283157,NO
1265.0139867213786,173.13986720540717,NO
1264.0235447838372,173.235447824269,NO
1263.0439018554691,173.35674869346735,NO
1261.9199663967458,173.6598571770574,NO
1260.9729103724706,173.8422427505939,NO
1259.9969160160535,173.97580258704917,NO
1259.0082644355602,174.08429724208298,NO
1258.0134749238446,174.17180527869778,NO
1257.0086644332416,174.23257163386086,NO
1256.0056762054146,174.2631695291196,NO
1255.0061423338689,174.28478093971074,NO
1254.0,174.29607843137254,NO
1253.0,174.29607843137254,NO
1252.005993922795,174.30569005456346,NO
1250.873708058734,174.54258971489165,NO
1249.9464541900204,174.83656278646743,NO
1249.002078754297,175.01481854895363,NO
1248.023652512472,175.14710709934909,NO
1247.1008225376695,175.34719341173763,NO
1244.997940491192,175.96898441049595,NO
1244.0006772388892,176.0181785179252,NO
1242.9995149942465,176.04801557084195,NO
1240.9462547538692,175.07137230818304,NO
1238.9924162663995,174.35160947407923,NO
1237.0635252816003,175.07290099786945,NO
1236.0156553632007,176.02280119026207,NO
1233.9861627921002,176.94145796857705,NO
1233.0237744524395,177.12124971020296,NO
1232.0699988919164,177.31305060779317,NO
1230.9285329306842,177.6894430958563,NO
1229.979192003126,177.84447949603938,NO
1228.9953108480217,177.95651877333583,NO
1228.0033310077533,178.0447056288962,NO
1227.0018333731664,178.09350202904326,NO
1225.9960763381507,178.09323367482958,NO
1225.0291211286622,177.92198207894626,NO
1224.1257062213235,177.65845858198617,NO
1222.8719089411968,177.58529905986865,NO
1221.9642169479894,177.91836429292255,NO
1221.0676986728056,178.18066572843486,NO
1220.7185608666653,178.36286583965364,NO
1218.9982852492603,178.98664654754518,NO
1218.0370222786732,179.14211778351753,NO
1215.9833874883238,179.92936070996993,NO
1215.0431801118543,180.13483338882753,NO
1212.9861370100373,180.94719365175246,NO
1212.0505504226319,181.16176135444204,NO
1210.014569414655,182.03301443743513,NO
1209.2237909249877,182.4003496083255,NO
1207.0840311572924,183.3021273106277,NO
1204.9950409751816,183.82746013645956,NO
1204.0108373353537,183.81352309649697,NO
1201.9322189785044,183.3084198777471,NO
1200.9857177299891,183.17765751259188,NO
1200.0094980150898,183.16703406324643,NO
1199.0834928838099,183.31089218746354,NO
1197.0116116255917,184.06510338472245,NO
1196.0247743231128,184.20378878635256,NO
1193.969605588802,184.92483862853948,NO
1193.064117139368,185.18189971578212,NO
1192.7143809286542,185.36058180947725,NO
1191.0334201925407,186.09960528107996,NO
1190.1861289916803,186.4362398299932,NO
1188.0396305215165,187.14403032989227,NO
1185.9696681136847,187.79432486586666,NO
1184.9924615826444,187.89320575320014,NO
1183.9975416632976,187.9552231534947,NO
1183.0005962826565,188.01048635046575,NO
1182.0024332349133,188.0590928517968,NO
1181.0017606933445,188.08979535823366,NO
1179.9982347153802,188.09002951325473,NO
1179.0,188.08039215686276,NO
1178.0142493047424,188.13190411372597,NO
1177.094938464708,188.29721284878548,NO
1175.0576475172147,189.13460695293628,NO
1173.9335012200568,189.8620536986661,NO
1172.6663635671277,190.37852033716482,NO
1171.0797107435926,191.1659363141162,NO
1169.0497814874977,192.13697102325978,NO
1166.9846523925357,192.9099005170131,NO
1166.0082157843194,193.05371858809966,NO
1165.022042437184,193.18428922728324,NO
1164.0561244456749,193.3302045814181,NO
1162.922156405264,193.68173681168312,NO
1161.9777425977097,193.86455555553107,NO
1161.007276770716,194.03322290419388,NO
1160.0820452823673,194.24196846045245,NO
1158.0045358409307,195.0167322138312,NO
1157.1067083905202,195.26463679488413,NO
1155.1289558802143,196.23567799184323,NO
1153.16754810611,197.34846442565987,NO
1151.047756544164,198.2093612873189,NO
1148.9730212772515,198.91097021742542,NO
1148.0394355925735,199.13005910357523,NO
1147.1141829757526,199.419610699871,NO
1145.0027530400382,200.01363155770468,NO
1144.0530152599897,200.20645780636605,NO
1141.9818890418637,200.9066153701169,NO
1141.011480958307,201.0665373727377,NO
1140.0860702425316,201.2650963652716,NO
1138.0244884996105,202.08679012512133,NO
1137.1381170164802,202.36786508563335,NO
1135.0177101298434,203.09123399895006,NO
1134.0768262604245,203.2896227889415,NO
1132.0078810398002,204.0257308119777,NO
1131.0995291271568,204.27633242326377,NO
1129.0070339656002,205.02685942992935,NO
1128.106797937278,205.2702833438223,NO
1126.108958459013,206.19188259764857,NO
1125.0071704631027,207.01178304230777,NO
1124.2708424715129,207.4416917396571,NO
1123.0478382847084,208.11307231064154,NO
1121.9126645328886,208.79361506493726,NO
1120.0584437229086,209.21310849375834,NO
1117.9838812273126,209.92145047027665,NO
1117.0379248057739,210.12083019979218,NO
1116.2141097259603,210.46585831262894,NO
1115.0302947134728,211.0590845054613,NO
1114.3044374588856,211.51608668740923,NO
1113.0527459141665,212.12480916488312,NO
1110.995219385377,212.97041994816445,NO
1110.0059804671625,213.0782061045528,NO
1109.0054178935632,213.13815628482942,NO
1108.0109719013533,213.18652232231085,NO
1107.0786602952726,213.34213410267088,NO
1105.0623023556082,214.16087025980744,NO
1104.6978290387585,214.3690518230636,NO
1103.083637629186,215.16825923173178,NO
1101.1289994313593,216.27233213686094,NO
1099.0505750871043,217.1437072590899,NO
1097.9221050053732,217.83011845124267,NO
1097.0490586234966,218.1028118507155,NO
1095.9542417679033,218.93864417989778,NO
1095.2317583050979,219.3072589577126,NO
1094.0706031305829,220.1212188076874,NO
1092.0464707931526,221.16488036654465,NO
1091.0750387715682,221.41100782619517,NO
1089.9501146872494,221.69120072317702,NO
1088.9804807644314,221.94650674394353,NO
1088.102152787384,222.2038495415151,NO
1086.9973142863914,222.99598026447566,NO
1086.263950474373,223.39820112606296,NO
1085.0862126126679,224.1497190235002,NO
1083.1971605085007,225.32195661028808,NO
1082.0673753171645,226.10314547986243,NO
1080.9907704716022,226.98674304123864,NO
1080.2346280485945,227.37909566076115,NO
1079.0531104927793,228.1047232973267,NO
1077.937215903726,228.87100722170388,NO
1077.072590380592,229.14178566352905,NO
1075.0532767628451,230.14177036020604,NO
1072.9980709369138,230.99162954373807,NO
1072.0593859096368,231.19837419460586,NO
1070.0011797907632,232.0049075328078,NO
1069.0675237530124,232.21799190392505,NO
1067.0362922277345,233.0833890074107,NO
1066.3362349273998,233.51117338743944,NO
1065.1755781380677,234.23581547352282,NO
1063.6191767386506,235.3646316736515,NO
1062.074489107154,236.17066490739896,NO
1060.1257922349464,237.22826828575637,NO
1058.11313986303,238.28236339891137,NO
1056.028765416309,239.0905373090313,NO
1053.9790545776061,239.9350626287911,NO
1053.0831825887726,240.1854019897499,NO
1051.980053264892,240.9705715403818,NO
1051.2670110956988,241.36785649074022,NO
1050.129036575125,242.18462156856188,NO
1048.085418795157,243.28583604033145,NO
1046.953802777056,243.66371138086927,NO
1045.9688237981763,243.8717753019958,NO
1045.0569732474398,244.1129684112101,NO
1044.6142499405123,244.33389052062702,NO
1043.974597957553,244.9679713388437,NO
1043.3117179205358,245.35649508397853,NO
1042.2180258868177,246.27465599841926,NO
1041.100492805074,247.15630047107095,NO
1039.1049718544957,248.23104630437882,NO
1037.0988938067405,249.2141870902781,NO
1035.0343119751503,250.12514512723297,NO
1034.0929183284236,250.37989616945936,NO
1031.996728354771,250.98609550740466,NO
1031.0653328832914,251.20021367520997,NO
1029.0318758092167,252.07682887489494,NO
1028.2485470749389,252.4869355242913,NO
1027.0464533651473,253.0925010240485,NO
1025.927017718903,253.84181352500158,NO
1024.1206031942884,254.40507942004416,NO
1022.103248924008,255.16435950241066,NO
1021.0591221205341,256.06059607912,NO
1020.0509750920862,257.0563638870953,NO
1018.1319333646811,258.3526367071548,NO
1016.0197435025256,259.0550617914958,NO
1015.2311589963647,259.3911497113257,NO
1014.0714122119724,260.11580359268066,NO
1012.0978374939679,261.219393166556,NO
1010.1006615356649,262.19923080669264,NO
1008.1437057514526,263.2766248724934,NO
1007.014301018743,264.02586844335383,NO
1006.2429481002656,264.42799458030123,NO
1005.0460783331282,265.0953099253812,NO
1002.9970595629602,265.9876064226232,NO
1002.0606617793939,266.19843598340765,NO
1000.0370887841183,267.06970264166466,NO
999.3277622644371,267.55562722777364,NO
998.0804606544453,268.1542455341582,NO
996.0947193362214,269.2163639673458,NO
994.1300872908784,270.2379645519507,NO
992.2269021110986,271.4086467811133,NO
991.0472670290676,272.09115783871295,NO
989.9244458739146,272.8084310589631,NO
988.1670452576753,273.3859321522291,NO
986.1294881648946,274.29037808428336,NO
984.0974405063163,275.20522654817205,NO
982.118597045108,276.2293622029094,NO
980.1807533535293,277.34539995487097,NO
979.0351791311432,278.06029743743875,NO
978.3870749812181,278.5579218647347,NO
977.191698918531,279.25632468777917,NO
976.1136080601885,280.1468496588003,NO
975.0253867243782,281.04144009633546,NO
974.2739932919021,281.51256266249516,NO
973.0803387665893,282.13305116673286,NO
972.0040774767385,283.00563766843976,NO
971.3042766466162,283.4467606579808,NO
970.100688347865,284.17402924189184,NO
969.0066991998297,285.0106735033475,NO
968.2341533116737,285.4207889369814,NO
966.6053383722158,286.340175101073,NO
965.1076536269358,287.2208930524366,NO
963.0656748391456,288.1788945545305,NO
961.0475254046205,289.09030794809973,NO
959.9535420253278,289.92760436009854,NO
959.1494866287339,290.2377082522768,NO
958.0359237114317,291.060417151806,NO
957.2555923969484,291.552898673915,NO
956.035781140012,292.07716068861646,NO
955.3198994307052,292.50632100812345,NO
954.1240408400537,293.18748156655346,NO
953.032414672714,294.0505760854921,NO
952.272311183483,294.56923360033124,NO
950.2544899715178,295.4586053198169,NO
949.0778803679715,296.1268872560995,NO
947.1916212518005,297.3164980399817,NO
946.0487568083337,298.0856850402476,NO
944.9355446150394,298.8680475186759,NO
943.6780232170736,299.40429909417253,NO
942.0838687207425,300.17723581968545,NO
940.1066976535121,301.1970542203822,NO
938.2373369468088,302.39146633120697,NO
936.6618257245237,303.3927606246606,NO
935.0807926490111,304.1756793567032,NO
933.0677818150144,305.145658794986,NO
932.6788055830605,305.353854527904,NO
931.0749883398338,306.15937237955075,NO
930.7093041067857,306.39990849936567,NO
929.1084980743635,307.17840897460246,NO
928.0517434201331,308.0591583634251,NO
927.0238860730649,309.0279029499868,NO
925.968421230398,309.95032864851095,NO
925.1172700923361,310.25799421665266,NO
923.1387467629942,311.2707954075212,NO
922.0162722556989,312.0266038464418,NO
921.3179542008696,312.48122799456104,NO
920.1078812590796,313.18023276165,NO
919.0132544470423,314.0209074500038,NO
918.2608756851553,314.4549571194031,NO
917.0661846981997,315.11972434607026,NO
915.1425168709586,316.27054620720617,NO
913.0871355230386,317.2294485650375,NO
911.1564877307443,318.23751496923177,NO
910.0681371191515,319.0912992440907,NO
909.0038602736518,320.00560688942016,NO
908.1864113092718,320.41488199559853,NO
906.0138472455567,321.0802820038551,NO
905.1026159154598,321.2854005103531,NO
903.1208021975104,322.2159472780731,NO
902.0209788176825,323.0310137466205,NO
901.3817668052513,323.5414945366907,NO
900.1373938156551,324.23423527105297,NO
899.0294632789696,325.0456970708887,NO
898.3106400830495,325.54045034913963,NO
897.0709707476334,326.140674161913,NO
895.1676641252199,327.2514961788217,NO
894.0812997451791,328.1061261822716,NO
893.0261207223118,329.0327315223723,NO
891.9761748289183,329.968419530106,NO
891.2155646496051,330.3422030538145,NO
890.040011974686,331.0865877134854,NO
889.2770902460818,331.54021575022887,NO
887.6458018334712,332.3369641838491,NO
886.0693823428677,333.1514821023626,NO
885.7038737849682,333.36164409815643,NO
884.1304618996755,334.20434724506157,NO
883.0353895409021,335.0546243568285,NO
882.3504629345427,335.5992371451801,NO
881.0828396413632,336.16624281487736,NO
879.0655382687386,337.14269679842283,NO
878.674676147594,337.34554735975837,NO
877.2008942968563,338.253074643957,NO
876.1574088158947,339.18373315490464,NO
875.0607322895368,340.0933645696642,NO
873.1095916937895,341.20678614339914,NO
871.264189773275,342.3948642537292,NO
870.1554999263927,343.1864948313428,NO
869.1013464241381,344.12909402857105,NO
868.0178818927201,345.0287444268319,NO
867.2598519712392,345.4685015806247,NO
865.645825552173,346.39284380971054,NO
864.0956398097965,347.2120094283296,NO
862.0625649684168,348.1378200025654,NO
861.6634417994909,348.3219487598285,NO
860.1312685078918,349.21341197514124,NO
859.0286191302542,350.0461913773988,NO
858.2754774763164,350.53606427920823,NO
857.0410903480948,351.09574640895926,NO
856.214338035658,351.51362714903803,NO
855.0242838474685,352.05095888364684,NO
854.2206635733072,352.4533197592316,NO
853.026137621028,353.05787176627814,NO
852.2458599811982,353.45750234596096,NO
851.0506262786927,354.097506424037,NO
849.9375803585889,354.88032922159516,NO
849.0788589125485,355.15351201135303,NO
847.0785688854763,356.1767305212254,NO
846.7227449764891,356.37289636650974,NO
845.0055560426852,357.02485597995434,NO
844.0838032181784,357.2450448531547,NO
842.043363039571,358.11970276108894,NO
841.2890331689661,358.5689039003311,NO
840.0694300962934,359.1203644666835,NO
839.0057243794824,360.00620609439795,NO
838.010022933453,361.00933352476613,NO
837.0004082447866,362.00047346730884,NO
836.4534983248171,362.5101856154193,NO
835.3147712177845,363.40544608137844,NO
834.1345018499142,364.2123128280585,NO
833.0260916518275,365.0416987650789,NO
832.3224713536686,365.5253034840945,NO
831.1059962579435,366.1840021641125,NO
829.1703412706637,367.30211469163834,NO
828.028966508493,368.053462498306,NO
827.3235565773695,368.51529382452173,NO
826.144210233752,369.21235030106845,NO
825.032123383191,370.05181587909317,NO
824.3836263824661,370.56577995439983,NO
823.1587242433699,371.2514851696541,NO
821.1741472827049,372.4111524612956,NO
819.0507800935292,373.1652091974629,NO
818.2538038485598,373.5820674927939,NO
817.0441616308083,374.08441262523263,NO
815.9581472437696,374.94377779932984,NO
815.2131078860689,375.2959352178688,NO
814.0686496269125,376.11495766455664,NO
812.061571014014,377.1557957900962,NO
810.0478969964553,378.09025219569423,NO
808.9618529288967,378.9462356753177,NO
808.2354018823777,379.29763456184605,NO
807.1808499773259,380.2042251358357,NO
806.1348077657137,381.15041251654014,NO
805.0958261578768,382.10923883806356,NO
804.0442384558711,383.05811163536765,NO
802.1304205808724,384.26084116174474,NO
800.2456250367416,385.40494937879447,NO
799.0632602499302,386.11371930786817,NO
797.1308220888964,387.2755339308451,NO
795.1167774932088,388.23355498641763,NO
794.0057025059149,389.0089295837284,NO
793.258858961216,389.42696499306066,NO
791.6453580192724,390.33416220155124,NO
790.0464224836575,391.1181891364004,NO
789.2827281601263,391.5711597863704,NO
788.0703909858569,392.12406410927815,NO
786.1769161098051,393.289675823696,NO
785.0463778292506,394.0781951783589,NO
783.9433765501316,394.8898105177519,NO
783.085400633046,395.1660462212578,NO
781.1569668472805,396.2955103458466,NO
780.0252332198295,397.0434729620146,NO
779.2944628273152,397.50520585373073,NO
778.0679443184287,398.1307499971253,NO
776.223290912699,399.3265519347457,NO
775.0690187311826,400.120684922634,NO
773.1412939063193,401.2444415153795,NO
772.026854962487,402.04362719297296,NO
771.3191121788977,402.5323763364953,NO
770.0761347391099,403.1512498109931,NO
768.0775496411308,404.1721410534168,NO
767.7256897259891,404.41101550831047,NO
766.114721985426,405.19584339642194,NO
765.0201939987312,406.03091770753707,NO
764.2830256734485,406.49954033844745,NO
763.0737479281283,407.13286816451455,NO
761.9894510364313,407.98472708906377,NO
761.3006812503513,408.3777790002104,NO
760.2851131252152,409.26847766576066,NO
759.4091117969629,410.334009168319,NO
758.9828316540023,410.9860559528233,NO
758.0253662107598,412.02266837600456,NO
757.020676241103,413.0240091274072,NO
756.4297911500796,413.60861675307734,NO
755.1678342954511,414.26095974724245,NO
753.6096356850283,415.36864548349155,NO
752.0805989912278,416.1752582580614,NO
750.1133550310637,417.1928004414382,NO
749.015459077723,418.0243744790072,NO
748.34267567803,418.47852483574025,NO
747.1569045762695,419.23503924932834,NO
746.034899821982,420.05976179307487,NO
745.2923755579441,420.54695059644683,NO
744.0550932402572,421.11532851840485,NO
742.949672006811,421.9170417698501,NO
742.1471858369888,422.21533259456055,NO
741.0803953622359,423.0978058258276,NO
740.0471593894781,424.05399821579573,NO
739.0111218950905,425.0136495981385,NO
738.379412250811,425.531862319722,NO
737.1597716091908,426.2516487296648,NO
736.0560212237364,427.08377485806517,NO
734.2422903110651,428.31839740014976,NO
733.1734587483694,429.2029196807931,NO
732.1100962088507,430.1354313765184,NO
731.0278895765431,431.04414579806826,NO
730.2656805953299,431.52545721174585,NO
729.0648255573824,432.11500433545086,NO
727.98555227322,432.9800829507697,NO
727.2989071520947,433.3860628289078,NO
726.1882098575259,434.2441350855626,NO
725.100794007136,435.13101443210405,NO
724.0218418128702,436.03278197829144,NO
723.3296728435208,436.51491757028276,NO
722.1242127935443,437.1972195099573,NO
721.0407196477266,438.0546806685272,NO
719.1614902208667,439.29310286677696,NO
718.032241335537,440.0531677903727,NO
717.4059090320187,440.57127939696164,NO
716.2087550735419,441.29208528165464,NO
715.1135046516257,442.1505080069177,NO
713.114969443144,443.3441341256655,NO
711.0125047313205,444.0389036099058,NO
710.0992395566383,444.29204783836974,NO
708.0387331929556,445.08666203788954,NO
707.3359160348095,445.54975731387117,NO
706.198774165125,446.2357048871404,NO
705.1732462616254,447.1848346358853,NO
704.1174643797285,448.1447437930645,NO
703.0280430736797,449.04328387639686,NO
702.34360934834,449.545732507989,NO
701.1117442632234,450.1959216574388,NO
699.2191045127254,451.362088226351,NO
698.0844269487898,452.1262353092543,NO
696.2278184389238,453.3626284296716,NO
695.1063031274942,454.1468558005761,NO
694.0323245249403,455.0424490091445,NO
692.9952228604519,455.99482872952836,NO
692.4854091180795,456.56373414428487,NO
691.3187062990062,457.4142499508527,NO
690.1636030178043,458.22772218877867,NO
689.0862859596531,459.1019216713174,NO
688.0596914503551,460.06462764701814,NO
686.1374104648786,461.3235034923021,NO
684.0671521064901,462.15668825525086,NO
682.980152283388,462.97519829365183,NO
682.3487635045782,463.4189458919885,NO
681.2135934047291,464.26831905687095,NO
679.667903612109,465.2959556493193,NO
678.0334753862592,466.0822292836234,NO
677.2204764889779,466.47844032944187,NO
676.0236580181493,467.0523692059553,NO
675.2402782372299,467.4602605018018,NO
674.0392555591851,468.0816889522973,NO
673.3507997912069,468.5404212999674,NO
672.1535666410042,469.23696919673284,NO
671.0205226394481,470.03783724329486,NO
670.2676768073222,470.44919718268943,NO
668.6499445274536,471.3733339574023,NO
667.200020551304,472.26828154671205,NO
666.21379853222,473.18864575672575,NO
665.2557461065398,474.2463998985288,NO
664.139980043703,475.20927156824325,NO
662.146766615471,476.28469188386015,NO
661.0514491869931,477.06347002562177,NO
660.0335088131031,478.03350881310314,NO
659.0377927250389,479.0378962646713,NO
658.0194691494357,480.02260933448434,NO
656.9626189070145,480.94168012422307,NO
656.1438827104948,481.25989624075515,NO
655.0291553590051,482.04575627269026,NO
654.3589331577466,482.5618084260038,NO
653.088420199238,483.17991766832586,NO
651.1250634520884,484.2194822289078,NO
650.0171189429014,485.02773783715026,NO
649.316600151624,485.4815889683558,NO
648.1085140217425,486.18960141616594,NO
646.0621746891961,487.1812486484472,NO
644.0227962641669,488.0500504664773,NO
641.9827774284729,488.94221374145303,NO
641.0591762241219,489.1718249480115,NO
639.0203109162226,490.0443366544595,NO
638.268499565937,490.4470550985183,NO
637.1349852963965,491.17989435881066,NO
636.0522746416174,492.07121861489105,NO
634.9961255363283,492.9953215123732,NO
634.3580250345366,493.4980168350313,NO
633.1335321719712,494.2153206361758,NO
632.0276343843946,495.0425404959393,NO
631.3280803406756,495.54518041440366,NO
630.0905215364746,496.1660534746921,NO
628.1958120023841,497.34517557222495,NO
627.041881264549,498.07551949693607,NO
626.3260701384378,498.5992640492002,NO
625.0629872544921,499.13659705538333,NO
623.9381607073566,499.85110383510954,NO
623.069608780441,500.1229802146418,NO
622.0048786303379,501.00587864250906,NO
621.4745739935782,501.50959111200456,NO
620.417149831146,502.43562139871113,NO
619.237708100517,503.35530576498144,NO
618.0705257355305,504.12624977502355,NO
616.2119453787968,505.3128717721771,NO
615.0969808433191,506.13618955566517,NO
614.0320527485583,507.0409506736314,NO
612.211011334053,508.34852435736735,NO
611.0515186418179,509.0934814057548,NO
609.9449136824117,509.88538093821813,NO
609.0537980119068,510.14073559753166,NO
607.0147143455902,511.03118659838293,NO
606.2245509955455,511.40287090377296,NO
605.0846173028083,512.1243810709698,NO
604.0051183036405,513.0077993198596,NO
603.3018366479622,513.4381060269421,NO
602.091840085103,514.179368425907,NO
600.0917933667702,515.1511995997012,NO
599.0488777216402,516.0495364518698,NO
597.5163459590868,517.3376285261708,NO
596.1976340150397,518.2777663263801,NO
595.1219647067844,519.1444995127262,NO
594.0908472595189,520.1010486161277,NO
593.0466679368716,521.0594355826975,NO
591.9925534793516,521.9903806347712,NO
591.2942141726285,522.417373614256,NO
590.106667221933,523.1829856230494,NO
588.2201771207094,524.3724878834976,NO
586.62995070241,525.3318554330101,NO
585.0402594910393,526.1029569378904,NO
584.2399171412978,526.4999390601705,NO
583.0445966176425,527.083687479532,NO
582.389758379379,527.6155095089468,NO
581.1236248186486,528.217353437229,NO
579.2643915739525,529.3946058403453,NO
578.117717808964,530.1625039848626,NO
577.0614716819084,531.071121309326,NO
576.0233210459731,532.031913012139,NO
575.236130828143,532.5633089599772,NO
574.03766269252,533.0754843000017,NO
573.3166908844718,533.5480267764173,NO
572.1301238061918,534.1882325279192,NO
571.0709130750705,535.089485548085,NO
569.2098335479898,536.3883248714892,NO
567.1389780171709,537.3036367529587,NO
566.0073046346797,538.0125489872061,NO
565.2990981234294,538.4120622245445,NO
564.1859894543504,539.2342984130265,NO
563.093248870848,540.1278601666802,NO
562.0065584491697,541.0103095914499,NO
561.2754611193113,541.4437619523286,NO
559.6740775739167,542.398023089452,NO
558.061955992573,543.1541302955628,NO
557.6866191953718,543.3343091118629,NO
556.1220993283567,544.1899885845401,NO
555.0546470879714,545.0661140181578,NO
554.0038941589246,546.0050175951649,NO
553.3886392694167,546.4920540233065,NO
552.196125451421,547.2935582385961,NO
551.0835960485541,548.114624494696,NO
550.0219479268019,549.0277127311341,NO
549.4700989551374,549.5687492928656,NO
548.2326051935709,550.3356642050902,NO
547.1102097518274,551.1551025284535,NO
546.0555886959839,552.065039634108,NO
545.0216640635016,553.0259385878651,NO
543.9731886464582,553.9620030184581,NO
543.1295369997059,554.2915402406782,NO
541.1235292598443,555.2251334151166,NO
540.0475451147917,556.0538564124575,NO
539.0967750266024,557.0745974154289,NO
538.1933245467999,558.1611516561726,NO
537.1506024820635,559.1935520803161,NO
536.0271787403321,560.0480176106889,NO
535.280044623159,560.4916979040707,NO
534.0985076802912,561.1556019307798,NO
533.0131785071021,562.0194985726303,NO
532.3305598077218,562.4796505770324,NO
531.1238047961244,563.2091874071467,NO
529.1876584132124,564.342465351515,NO
528.0585160380256,565.0849359707075,NO
527.0057791057649,566.0071080382081,NO
526.3916690912024,566.5294947562222,NO
525.1733800053727,567.2790154947021,NO
523.220843296911,568.433284926492,NO
522.0274341261057,569.0611780979588,NO
521.2518806786591,569.4624475950438,NO
520.0458664916611,570.0947335924342,NO
519.3235035531437,570.5847611722921,NO
518.0560963281506,571.1255620545842,NO
516.9333435636136,571.855524566382,NO
516.0532093089884,572.1190752067865,NO
514.9309775067177,572.8654906946881,NO
514.0798174334037,573.1447124762276,NO
512.216913708905,574.3258360576386,NO
511.10404134827644,575.1408701467129,NO
510.01830264396386,576.0303717790579,NO
507.9764781488333,576.9155201108289,NO
507.0470853863845,577.1378828820831,NO
505.01942135838385,578.0364645893416,NO
504.318839104988,578.4738710021047,NO
503.1616185249995,579.2208994592833,NO
502.08318414742706,580.1110604814971,NO
500.2029036641979,581.3180773583347,NO
499.08917162595964,582.1249692724031,NO
498.0190238891637,583.0245962405825,NO
497.4480843592149,583.5601054490186,NO
496.2454637243997,584.3340895806754,NO
495.16225168352076,585.1953875927442,NO
494.1227966327366,586.1380210182444,NO
493.0818366761029,587.0938254860205,NO
492.04488406067827,588.0542883411381,NO
490.14936483482154,589.2597064359318,NO
489.0438138495418,590.0632182224692,NO
487.98605143986725,590.9827416128462,NO
487.3752045708718,591.4202000614977,NO
486.3249720197201,592.3587981098857,NO
485.2316451250001,593.2810050343459,NO
484.1483266290749,594.1827968958038,NO
483.0951852684311,595.1091296042047,NO
482.0845163609316,596.0830422317055,NO
481.11878518414466,597.1036211116867,NO
480.1568920391811,598.1487355808636,NO
479.1191664194003,599.1418262410535,NO
478.07816521699135,600.0836799415385,NO
477.1660903762775,601.1065445285805,NO
476.87951559096416,601.9361171623667,NO
476.1300001002769,603.0623767280335,NO
475.3100848797428,604.2682642358491,NO
474.2034367959201,605.2748037398757,NO
473.04498385602164,606.0834035466117,NO
472.37102027284755,606.5999273365564,NO
471.22838700745143,607.2691239805096,NO
470.36384670640723,608.245308414929,NO
469.1575958034074,610.1111252501184,NO
468.16547058906815,611.1803922534109,NO
467.11022084574086,612.1302609976626,NO
466.1009453910452,613.0991795817669,NO
465.12721206574537,614.1186317866574,NO
464.0641966989429,615.096352882644,NO
462.0088487606281,616.0703023572337,NO
461.0542459504872,616.2325543926207,NO
459.92336846254074,616.8302163681109,NO
458.62706180595,617.38504873261,NO
457.9641253873308,617.9559016396546,NO
457.3229817697227,618.3920470576227,NO
456.11406264222137,619.180292571305,NO
455.040598889434,620.0453412085294,NO
453.99228880257334,620.988972723801,NO
453.25096924001946,621.4142211007041,NO
452.1316889102417,622.1632565596115,NO
451.1274794372847,623.1200610266176,NO
450.17665743874835,624.1616346073486,NO
449.1396260321004,625.1690744369685,NO
448.0237958078409,626.0431394975437,NO
447.2685222524711,626.4816351517793,NO
446.0396227768629,627.0951382072329,NO
445.33490799531046,627.5398131188042,NO
444.2058988927528,628.2531674897965,NO
443.06219917704163,629.1050248380145,NO
441.0674985124172,630.1922749476182,NO
439.0298368405716,631.0787865536012,NO
438.2229149715236,631.43734946182,NO
437.02935735982277,632.0639037927132,NO
436.24790058551804,632.463750711797,NO
435.04680403588867,633.0928718250824,NO
434.4006099549761,633.6205922088177,NO
433.2193329184985,634.2877079413684,NO
432.16501441504096,635.1880396753203,NO
431.0609702713683,636.094078409239,NO
429.9780372489264,636.9693887023445,NO
429.2353148467072,637.3710312898826,NO
428.05277978770545,638.0988217296035,NO
426.9394695705197,638.9020592059917,NO
426.1388857584181,639.2100362405534,NO
425.0472931764292,640.0653638946033,NO
424.01460814818984,641.0146081481898,NO
423.0292197013601,642.026742800458,NO
422.0194444533189,643.0226273253271,NO
420.99100172298563,643.9901317238752,NO
420.39983466948513,644.4827272466073,NO
419.2311996834926,645.340293923424,NO
417.6478115958088,646.3882038831201,NO
416.0535669443719,647.1471854794603,NO
414.9233184940806,647.8368355939605,NO
414.0411021715345,648.1008871491973,NO
413.2783260132893,648.5155875482724,NO
412.11725251184515,649.1569178570708,NO
411.11265836991305,650.0974471074843,NO
410.24566245682,651.1646674788291,NO
409.5093598419332,652.3795230231915,NO
407.97841959200304,653.9746807360613,NO
407.3365287909606,654.4366171131554,NO
406.2569953790757,655.296533133301,NO
405.2348340970405,656.2432360381938,NO
404.2432359781188,657.2348340390406,NO
403.28793566926686,658.2595820701882,NO
402.24375405624306,659.2886684273996,NO
401.0565032631577,660.1108672033997,NO
399.93445870764134,660.8574437527325,NO
399.06514511196036,661.1289785804926,NO
397.9888009764241,661.9864792280168,NO
397.4347805340683,662.4690827395882,NO
396.4830471227017,663.4343949148517,NO
395.5349875555573,664.4933774345182,NO
394.99839948972306,664.9985525100741,NO
394.01741662472955,666.0167105459512,NO
393.03332281606515,667.0301663917459,NO
392.08313130891224,668.0685548614404,NO
391.1275943483753,669.1201806114278,NO
390.0768469866935,670.1015139202254,NO
388.22296043942504,671.3306933993911,NO
387.1172992863343,672.1511588762584,NO
386.0791504816006,673.0858561170223,NO
385.0662811229261,674.0716311667143,NO
384.03137676385944,675.0375271842,NO
382.2222718802398,676.3453762983096,NO
381.0916805886092,677.1369979839949,NO
380.0033786761054,678.0052826817259,NO
379.3047370780468,678.420827399392,NO
378.28631896654707,679.2699853316298,NO
377.45073697400034,680.3376904141562,NO
376.99794196910784,680.9984999132879,NO
376.08109844260287,682.065066145048,NO
374.59277481745437,683.3311378736703,NO
373.06844268549816,684.1376793744522,NO
372.00530373141,685.0057373211888,NO
371.0187578627537,686.0161774161897,NO
370.01112465879703,687.0138714875146,NO
369.33203327163,687.5201854601131,NO
367.70744900797564,688.3995901098825,NO
366.2560925362221,689.276250070274,NO
365.46875644211286,690.3211166148919,NO
365.0360228958427,691.0214926509649,NO
364.1316293753948,692.1197929316869,NO
363.05150910825455,693.0784854168573,NO
361.9872964169248,693.9858682032017,NO
361.4960247091667,694.4979585477232,NO
360.5761479768549,695.4936900876596,NO
360.0457047163747,696.0300440466167,NO
359.2333250468052,697.1426399997918,NO
358.47785271635615,698.3387020254622,NO
357.55158213536,699.5515821353599,NO
356.3706813006296,700.4283749058816,NO
355.2735253668116,701.3208759659968,NO
354.177751706877,702.2291890020902,NO
353.07804085227355,703.1154084799873,NO
351.19775210705143,704.3081455930023,NO
350.12975795538557,705.1471751396314,NO
349.15143338130065,706.1350128983968,NO
348.2321205095842,707.1914726773383,NO
347.2859478912802,708.2658645832822,NO
346.1741313937471,709.2457110994469,NO
345.03199989852266,710.0582924017605,NO
344.30283008568745,710.4979711995626,NO
343.16202399419774,711.1935440301288,NO
342.26354283643025,712.1867827899754,NO
341.56680680753095,713.4167976538114,NO
341.0454387739499,714.031773812801,NO
340.185189016061,715.1234593396186,NO
339.4410039399689,716.2853554868847,NO
339.03275749897847,717.0179395256642,NO
338.3008589735738,718.1547499134103,NO
337.1546186768178,720.1104419168665,NO
336.19501848180647,721.1950184818065,NO
335.11137656415,722.1472536209188,NO
334.05909122568636,723.0671859115065,NO
333.0579632780364,724.0538680473588,NO
332.1080127243389,725.0873569021699,NO
331.1519815967184,726.1543637484282,NO
330.027975669782,727.059565419373,NO
329.2133351015444,727.462015655982,NO
328.0517382302353,728.0793319582964,NO
327.19005574443787,729.0753374148444,NO
326.0491001617424,731.0506455191443,NO
325.01692004402105,732.0193127769779,NO
324.0057898606801,733.005623137054,NO
323.03593795295603,734.0298437366544,NO
322.13284024724425,735.0904515236174,NO
321.28864132813936,736.2226906324082,NO
320.32058422450564,737.3205842245056,NO
319.3549855681461,738.332951984959,NO
318.5715621739953,739.4382303442585,NO
318.059679437853,740.0346458823502,NO
317.3293163729929,741.1760441203071,NO
316.12844625991227,743.097142800988,NO
315.1790738207429,744.1627943785594,NO
314.2059966316019,745.2006891475488,NO
313.1921332225942,746.2066090234737,NO
312.134522568357,747.1611468292843,NO
311.0957060862664,748.1007199656625,NO
310.13741630990137,749.1123965265344,NO
309.3311843483923,750.2122244514521,NO
308.152389275964,752.0825219076338,NO
307.3789169175234,753.2713232293515,NO
306.9749574813897,753.9824428526398,NO
306.0892188346226,755.0592972177009,NO
305.3405305202849,756.1887773134637,NO
304.1136679095755,758.0863395617829,NO
303.1970308315044,759.1573411752809,NO
302.33107387512484,760.2535884995667,NO
301.52975497025454,761.4247095618397,NO
301.03175883245,762.021650321139,NO
300.16519076094187,763.1116387175047,NO
299.31723342647444,764.2491158198577,NO
298.31997254256197,765.3434999321055,NO
297.2906152929148,766.3019916942375,NO
296.30221290245277,767.2908281679425,NO
295.4243560959328,768.3427221065152,NO
294.97971331857434,768.983567787874,NO
294.05018820850734,770.0380931618918,NO
293.07760038248875,771.0818719621276,NO
292.01576250430713,772.0227618397436,NO
291.4035985584327,772.528478839296,NO
290.3512518977731,773.3631140554364,NO
289.50638859393786,774.3751649782027,NO
289.0327589625559,775.0177608833669,NO
288.41139006827416,776.1787350002646,NO
288.0403409448117,777.0195382338059,NO
287.2644112751164,779.0692442028123,NO
286.39326976769706,781.2099246851918,NO
285.14098580653666,783.1002692549257,NO
284.33854200120436,784.2149089706259,NO
283.2312748402594,786.1145413314226,NO
282.221805244304,788.1036449275041,NO
281.2689566835674,790.1201195763448,NO
280.21320042199204,792.1091143672861,NO
279.9209365909946,792.9537755698516,NO
279.0605611835971,794.0402319610635,NO
278.23615683547433,795.1427854535611,NO
277.15839114315014,797.0769734727943,NO
276.3743096061855,798.2821372561299,NO
275.41072380590373,799.3950091630271,NO
274.9894930034658,799.9918306257979,NO
274.1769259058635,801.0823823483952,NO
273.2959738618557,803.1165957603139,NO
272.439729823235,805.2062858639304,NO
271.40583854013244,807.1944643015978,NO
270.40668468795394,809.1940874851246,NO
269.36203786424477,811.1932466994921,NO
268.1054559246981,813.0797894061789,NO
267.22382532407556,814.1574837567799,NO
266.58628199828814,815.3589849641751,NO
266.09332079887207,816.0438567705623,NO
265.28382166708104,818.0910955997938,NO
264.4011566213537,820.210077948436,NO
263.16191406444466,822.1067679200053,NO
262.3948513046027,823.2587758910362,NO
261.9943535387514,823.9963961526665,NO
261.1391209404561,825.0836694401016,NO
260.4887153362231,826.2778969512922,NO
260.0624332001556,827.0303693857816,NO
259.54103950907444,828.2294681154998,NO
259.11934684764685,829.0480102638368,NO
258.1913081774299,831.0879801401945,NO
257.1496380251081,833.0763741417521,NO
256.8752154179202,833.9346366438836,NO
256.1139800794365,835.0511871957771,NO
255.37800434949287,836.7254879504114,NO
255.17495237681322,837.0778870734135,NO
254.38328112010288,838.6295838140524,NO
253.35489145958053,840.2056155397569,NO
252.1219661106417,842.084182305431,NO
251.26726202152255,843.1876675841897,NO
250.1724136946946,845.0775954187839,NO
249.930556770182,845.9780777254973,NO
249.70060234207835,846.9577320973135,NO
249.57972680981152,847.9777502431122,NO
249.53175625410083,848.983473751192,NO
249.44881674311978,850.03983580447,NO
249.28783279490986,851.0524871531798,NO
249.0967262643679,852.0225694615872,NO
248.89832862168413,852.9736850557238,NO
248.05447750825567,855.0255328921751,NO
247.13412656102537,857.0557267196087,NO
246.89087777586946,857.9587047264966,NO
246.59692274931749,858.9350396065236,NO
246.2384541671214,860.0663931201159,NO
245.97891431106066,860.9908215238478,NO
245.70242733044384,861.9340672340877,NO
245.4498396583449,863.0419493336996,NO
245.1834367687258,864.0579084701047,NO
244.9380841600357,864.9740196279914,NO
244.6500146087156,865.9354928887484,NO
244.33569515704804,867.067797256047,NO
244.06059832755236,868.0241205121581,NO
243.81989750420817,868.9463223923128,NO
243.5748920347224,869.9566556585546,NO
243.5000000004902,871.0,NO
243.5000000004902,872.0,NO
243.5000000004902,873.0,NO
243.486809918322,874.0104998215543,NO
243.33694363809624,875.0614426592746,NO
243.09242964512094,876.0302661766505,NO
242.86866482880492,876.9611144897611,NO
242.63537073848934,877.9449481328077,NO
242.39579403186698,879.0615853938024,NO
242.1432202143332,880.0449318320354,NO
241.9199772663541,880.9750517360692,NO
241.68625388785716,881.9415570977834,NO
241.47662367526044,883.0406349169269,NO
241.25411747633018,884.0617854270846,NO
241.01900725488335,885.0064102898963,NO
240.78921579733614,885.9458573928736,NO
240.5733667050515,886.9565001347455,NO
240.4722033264481,888.0203695554104,NO
240.3006461407575,889.0613082321768,NO
240.06560328514104,890.0210959581739,NO
239.84534886973094,890.9593661749237,NO
239.63193866710446,891.9502034662701,NO
239.52012500004508,892.9840041677413,NO
239.44139674502574,894.0363503181599,NO
239.20928600435712,895.0582717886359,NO
238.96994651728434,895.98880360371,NO
238.71769305881588,896.937449640465,NO
238.5206690322082,897.9729218388106,NO
238.35755274173724,899.0574888684552,NO
238.13979764807954,900.0383758253018,NO
237.9351381854158,900.9837209561833,NO
237.73463143621467,901.9458856266041,NO
237.56067989162344,902.9612364602524,NO
237.5000000004902,904.0,NO
237.5000000004902,905.0,NO
237.44085708163834,906.0363058752952,NO
237.19647335064772,907.0581715196223,NO
236.95596543958678,907.9830769135356,NO
236.69387977644567,908.9375754842806,NO
236.3609877432554,910.0730613303485,NO
236.08800371864177,911.0320954732335,NO
235.85543768690349,911.9540802053646,NO
235.60332379891017,912.9463320428907,NO
235.5000000004902,914.0,NO
235.38733679417476,915.0554423276129,NO
235.10459735884376,916.0397880138603,NO
234.867948936293,916.9528758963871,NO
234.5916835032682,917.951162144076,NO
234.5000000004902,919.0,NO
234.44085708163834,920.0363058752952,NO
234.19603105496063,921.0580405654132,NO
233.95320923303817,921.9814671854133,NO
233.68434806676262,922.9356317631045,NO
233.3362827946226,924.0729890330477,NO
233.04762604557735,925.0203578008246,NO
232.7977899303501,925.9401299616682,NO
232.55149055321257,926.9674610777215,NO
232.5000000004902,928.0,NO
232.5000000004902,929.0,NO
232.47260193814955,930.0203867504251,NO
232.31893294714232,931.058158357028,NO
232.08743543597322,932.0267449583285,NO
231.8660025980918,932.9587498203466,NO
231.6251469104699,933.9434045352916,NO
231.47935368940745,935.0231412132703,NO
231.4232287785143,936.0257256717553,NO
231.40703797074582,936.991220749829,NO
231.44335060785767,937.9730512366142,NO
231.49262871154107,938.9868955907771,NO
231.56858666211483,940.0380658835138,NO
231.70534709340708,941.0467978156748,NO
231.8561553798787,942.0242561520289,NO
232.00867974454886,942.9985363567774,NO
232.1587037362062,943.974482930351,NO
232.29751594122686,944.9644147596557,NO
232.40458532197124,945.9666812106292,NO
232.47454064690172,946.9795296190006,NO
232.5000000004902,948.0,NO
232.5000000004902,949.0,NO
232.5000000004902,950.0,NO
232.5000000004902,951.0,NO
232.52811773060304,952.0212809654424,NO
232.65292205733527,953.0524019622721,NO
232.83151870578345,954.0356783917466,NO
233.01807232122124,954.9959248687929,NO
233.2085527315068,955.9492930601551,NO
233.40976220918435,956.9493823151189,NO
233.51985712078258,958.0160047615668,NO
233.61548670296068,959.0452368569481,NO
233.78965682590157,960.043305947232,NO
233.98144949000735,961.0044375730366,NO
234.1765653324579,961.9577628022721,NO
234.3737671831639,962.9464999893333,NO
234.4871881854509,963.989492019743,NO
234.51985713841384,965.0160047609791,NO
234.6130662145738,966.0455216202781,NO
234.74520306520293,967.0384693399465,NO
234.85669067142746,968.0146119315028,NO
234.94168221624014,969.0042308982494,NO
235.0357092901022,969.9957989071886,NO
235.16142106181337,970.9740460270466,NO
235.30649276848473,971.9501198032377,NO
235.44519144714536,972.963337176977,NO
235.52776313046306,974.0212969572136,NO
235.63740334988,975.0483462211062,NO
235.79124853832374,976.036838493237,NO
235.9540985642556,977.0084602646165,NO
236.12679567568284,977.972403294935,NO
236.30787234358326,978.9438585764262,NO
236.47381608304417,979.962680489296,NO
236.6311405728634,981.049904511187,NO
236.83493797709534,982.0404563783616,NO
237.0591929625614,982.9796886893903,NO
237.3034733564388,983.9327598270347,NO
237.48644313236184,984.9895080895152,NO
237.50780532797273,986.0434730328426,NO
236.04806063111468,988.1003004469673,NO
234.94117628129044,988.8965403996162,NO
234.1206649782219,989.178831682837,NO
233.0535275970574,990.065021944754,NO
232.03716538305977,991.0370261870441,NO
231.06625075965314,992.0545391864374,NO
230.17896266671457,993.1212727943904,NO
229.89656325692656,993.9411892772036,NO
229.10339559918077,995.0492359991223,NO
228.27245371768367,997.0822197600545,NO
228.04756872877667,998.0127558593779,NO
227.85064460195102,998.9699620429266,NO
227.68228591677592,999.960063871434,NO
227.57201622887763,1000.9701128650737,NO
