X,Y,is_wing_root
191.5781755934441,987.967008147801,NO
191.52793295963633,989.0,NO
191.5781755934441,990.032991852199,NO
191.6966188740268,991.0406768003892,NO
191.87060896689482,992.0271070587314,NO
192.0716612369989,992.9795253618094,NO
192.31682843784452,993.9008105463957,NO
193.16362052398347,995.9190776040072,NO
194.28873727773973,997.7939186581197,NO
195.14050708940897,998.8788551514356,NO
196.11100904204383,999.8836303658109,NO
197.145105651293,1000.8183642538031,NO
198.29039294227738,1001.5736784693396,NO
199.00941920826202,1001.9839290817062,NO
200.13752712804023,1002.7017780757047,NO
200.9985345781632,1003.0033872864688,NO
203.05477931280737,1003.8063357684973,NO
203.99886573030008,1004.0049520556706,NO
204.96654072088884,1004.1871628396063,NO
205.9620790527441,1004.3393924773044,NO
206.9731527036257,1004.4368787332432,NO
208.0,1004.4748603364606,NO
209.02685188579468,1004.4369534156299,NO
210.03719387032237,1004.3414206410829,NO
211.03387905332855,1004.1895109515982,NO
212.0036771433195,1004.0158604497207,NO
213.00058314199876,1003.894742865913,NO
215.04037929518782,1004.9550473575034,NO
216.07357225683168,1005.9183094273424,NO
217.08581039742637,1006.9093454691551,NO
218.10157854863965,1007.8901293243947,NO
219.1151020594331,1008.8755018534638,NO
220.13363642372218,1009.8588195876063,NO
221.1411104320142,1010.8588895679858,NO
222.1411911883769,1011.8588088116231,NO
223.1578926150708,1012.8276920851238,NO
224.22054071591825,1013.751048232931,NO
225.30921813525188,1014.6717530663495,NO
226.41797835147202,1015.5233580295321,NO
226.99560550958878,1016.0050620081646,NO
228.01624974630428,1016.9825155379253,NO
229.02587749646855,1017.9741225035315,NO
230.01748401918044,1018.9837506653137,NO
230.99624358414013,1020.0033215598941,NO
231.4939787000665,1020.5561977568259,NO
232.35578153350633,1021.6653191851993,NO
233.31038317358767,1022.6896168264124,NO
234.36074296351214,1023.5922327840225,NO
235.53961935862534,1024.4192874144724,NO
236.0010718701881,1024.9989026090714,NO
236.9982956493364,1026.0016999006755,NO
238.0097069387755,1026.9889644577038,NO
239.05333223248016,1027.9221068725376,NO
241.0486410985543,1028.825136113115,NO
241.99698141832909,1029.0149463755197,NO
244.09318416364232,1029.7698099290542,NO
246.14253507055716,1030.6901250485378,NO
246.99783958669443,1031.004617354166,NO
249.02391597407947,1031.9443450672527,NO
249.94659268050717,1032.1904736688882,NO
250.95591916663238,1032.4241740530967,NO
252.06841771052552,1032.6644900709314,NO
253.0270347570618,1032.9262688482067,NO
255.09131169171303,1033.7312662239165,NO
256.0065119244154,1033.9792727716035,NO
258.09305669999424,1034.7166000568868,NO
259.00956439044205,1034.9713635900368,NO
261.08544595457886,1035.7397655840832,NO
262.0129533563757,1035.9372260412242,NO
262.9941133176138,1036.0677652942895,NO
264.7390617379314,1036.622104465859,NO
265.07063670010365,1036.7784136445282,NO
267.22318928370373,1037.483918786636,NO
268.0448771892761,1037.836146079661,NO
269.0007879653122,1037.9929497840653,NO
270.0001017058343,1038.051869978192,NO
271.00090873548135,1038.0121961863208,NO
271.9953891559971,1037.9397043511199,NO
272.9925323553885,1037.873050042078,NO
274.0,1037.8411764705882,NO
275.00898463919265,1037.885445850508,NO
276.00062192876646,1037.9957708844388,NO
276.97955954924055,1038.131957342663,NO
277.9745694421264,1038.2593916883689,NO
278.9847239267291,1038.3387303147538,NO
279.98964473469545,1038.3772275173899,NO
280.9888872699491,1038.404820875684,NO
281.9846302772524,1038.4354755054449,NO
282.9786083351584,1038.4796486611917,NO
284.02261120413243,1038.5414447801945,NO
285.02433117524816,1038.5997129374086,NO
286.0132316488522,1038.6448346814566,NO
286.9917887803428,1038.6510231756233,NO
287.9851525036802,1038.621388846667,NO
288.9844816244238,1038.5834541207703,NO
289.9912492577775,1038.5537121582913,NO
291.0,1038.543137254902,NO
292.0,1038.543137254902,NO
293.01623243292835,1038.5642873177699,NO
294.02269980331266,1038.6141033451245,NO
295.0139420482951,1038.6614073761841,NO
296.0060701628563,1038.6904217024025,NO
297.0,1038.7,NO
298.0005863680624,1038.7009522725803,NO
298.9875802874771,1038.6832973330274,NO
299.97022926041205,1038.629681028352,NO
300.96686679460487,1038.5486719867517,NO
302.0383576493023,1038.4348636826119,NO
303.04458098510014,1038.2991618850845,NO
304.0261311646482,1038.1402830968893,NO
304.99742893540935,1037.9847529893073,NO
305.9857653733996,1037.854806809763,NO
306.9913922236491,1037.7805017046885,NO
307.99508819518553,1037.7494979609946,NO
308.9946998572197,1037.7296927252544,NO
309.9812928607434,1037.6922373972432,NO
310.9784728701995,1037.6340387947566,NO
311.99279896532124,1037.5919413874603,NO
312.99077352846064,1037.572227219935,NO
313.99031012955953,1037.5507423613574,NO
315.0,1037.5392156862745,NO
316.00090152821326,1037.5402205872501,NO
317.0096442599482,1037.552857029678,NO
318.01551846495727,1037.583451721595,NO
319.01484879661484,1037.6213556891444,NO
320.0075493405608,1037.6499851123415,NO
320.9859614407107,1037.6420167407919,NO
321.9669881257817,1037.5893644739135,NO
322.9804072448998,1037.5241759161408,NO
324.01145947801456,1037.4870278001931,NO
325.0211436623465,1037.4493028143904,NO
326.0211327918445,1037.3991749613647,NO
327.0158358413221,1037.3511425626393,NO
328.01803120562334,1037.2966424046658,NO
329.01780745281053,1037.2270450229103,NO
330.00844330133293,1037.1656185967963,NO
331.0043313493548,1037.1227215728297,NO
332.0048574573999,1037.0688139804315,NO
332.9998689002496,1036.9982405034082,NO
333.99582523062867,1036.9313183127574,NO
334.98961182435,1036.864154633924,NO
335.98297427893766,1036.7882166314096,NO
336.982188405094,1036.7161277083048,NO
337.97971868525843,1036.6552176506798,NO
338.9670434788806,1036.5900530124902,NO
339.9804072457972,1036.5241759379342,NO
341.00580783964824,1036.4936663834328,NO
342.0225061189959,1036.459124813817,NO
343.03128736148767,1036.389184269254,NO
344.0310230399595,1036.292995383493,NO
345.02324751362977,1036.1743563482917,NO
346.00627733902365,1036.043262741726,NO
346.98555562975986,1035.9055560436946,NO
347.96248177895785,1035.7637741693527,NO
348.9483078995226,1035.6168703181752,NO
350.03235944876,1035.4685085377002,NO
351.00981075999186,1035.4169572864482,NO
352.00547206302303,1035.3986788762256,NO
353.0103509429958,1035.377070061859,NO
354.0188531227109,1035.3315549261104,NO
355.0237403708091,1035.2522414377231,NO
356.016166662995,1035.1555660009974,NO
357.00575933275354,1035.0534047209503,NO
357.9937903059173,1034.9463229833939,NO
358.979822893087,1034.834027024222,NO
359.96644343808083,1034.7194451405376,NO
360.9601785237872,1034.609443213054,NO
361.97363380287686,1034.5163001173617,NO
363.01007489565126,1034.467108807871,NO
364.0,1034.456862745098,NO
365.0,1034.456862745098,NO
365.989222186664,1034.4728179779977,NO
367.0260023204416,1034.5277033151542,NO
368.0266613504921,1034.5961004413914,NO
369.0138714121445,1034.6462789929521,NO
369.99934058103275,1034.663696309156,NO
371.0,1034.6627450980393,NO
372.0070183093205,1034.6746056521652,NO
373.02156925991903,1034.731699438342,NO
374.0182297666637,1034.821208057258,NO
375.00629193150235,1034.8964875821487,NO
375.9981840164343,1034.9158043966072,NO
376.9775489585455,1034.8409717823183,NO
377.9257588558432,1034.6866445179262,NO
380.0219812908036,1034.1047706331021,NO
380.9764365306214,1033.9126449330968,NO
381.8846502713281,1033.6539508031133,NO
384.00764147278164,1033.0721694666622,NO
385.0001172510566,1033.0033221134806,NO
385.9992605402207,1033.0134687315224,NO
386.99073871607493,1033.0891180143221,NO
387.9809250425519,1033.1870813139183,NO
388.9733790071348,1033.282848046812,NO
389.97483932641717,1033.366626965744,NO
390.9842093249939,1033.4238549693378,NO
391.994698648138,1033.4506149204399,NO
393.0053022386697,1033.4506902990966,NO
394.0101756577831,1033.4324654420857,NO
395.0103921772768,1033.4076931072657,NO
396.0160229356027,1033.3714407771108,NO
397.02352327630535,1033.3076120570813,NO
398.0212648813444,1033.2213283437995,NO
399.01161289939995,1033.1346040652531,NO
400.00374397035654,1033.0658422391857,NO
401.00054272395045,1033.02767892075,NO
402.0,1033.0176470588235,NO
402.99953180629853,1033.0265309751637,NO
403.9991184044708,1033.0449613708165,NO
405.0,1033.0549019607843,NO
406.00132020632293,1033.0354371178123,NO
406.9985106808908,1032.9800117705097,NO
407.9923605433441,1032.904972608275,NO
408.98607068025456,1032.8267328445554,NO
409.9856830495378,1032.7566118430505,NO
410.9944016853499,1032.7144859602909,NO
412.00560088458036,1032.7143548938527,NO
413.01047116481897,1032.7457002661718,NO
414.0084344772133,1032.784920832665,NO
415.0,1032.8039215686274,NO
415.99156951990835,1032.785022759266,NO
416.9947077046858,1032.754629939537,NO
418.0092315584329,1032.7645952617177,NO
419.0109281117527,1032.8142221008966,NO
420.0076865704386,1032.8735435230367,NO
421.0045597450466,1032.9418632507643,NO
422.0000683995337,1032.99816401248,NO
423.000148324925,1033.008405078687,NO
423.99835344089274,1032.971043270045,NO
424.9923539903386,1032.904891095276,NO
425.9903469858954,1032.8358987608349,NO
426.9916009866868,1032.7858251621103,NO
427.99470660111285,1032.7545787738795,NO
429.0052901212819,1032.7547307355812,NO
430.01190394345514,1032.7976329620178,NO
431.0120264923213,1032.8773297792409,NO
432.00288547059006,1032.9705682002016,NO
432.9974881231476,1033.0457520420834,NO
433.99677274483736,1033.0914389020688,NO
434.9979106253438,1033.1183978915965,NO
435.99787895456916,1033.1352166374613,NO
436.9946871951357,1033.1593841566214,NO
437.99318093447096,1033.193206868899,NO
438.99611419835236,1033.2201954163068,NO
440.0,1033.229411764706,NO
441.00388580164764,1033.2201954163068,NO
442.00681906552904,1033.193206868899,NO
443.00530648822513,1033.1591946574342,NO
444.00419214964046,1033.1257644976515,NO
445.0044614002836,1033.081261218412,NO
446.0015045369667,1033.0274040658283,NO
446.99931477616235,1032.9816071492453,NO
447.9977876434961,1032.9435849095712,NO
448.9983127619184,1032.913950860082,NO
449.9979266653676,1032.894259936503,NO
450.997542714847,1032.874678460464,NO
451.99715761386807,1032.8550383110535,NO
452.99355803483803,1032.827084089492,NO
453.9917343530881,1032.7892260053177,NO
454.9836992265691,1032.7402064253843,NO
455.97368645998483,1032.6726852199947,NO
456.97573741161557,1032.6008413019013,NO
457.98043576347436,1032.5464654293792,NO
458.98947022391593,1032.5118012807245,NO
460.0,1032.5000000004902,NO
461.0,1032.5000000004902,NO
462.0,1032.5000000004902,NO
463.0,1032.5000000004902,NO
464.0222049232342,1032.4718546077288,NO
465.0359078058229,1032.3981082819494,NO
466.01465947813875,1032.3398333543182,NO
467.0,1032.3196078431372,NO
468.0,1032.3196078431372,NO
469.0,1032.3196078431372,NO
470.0,1032.3196078431372,NO
471.0,1032.3196078431372,NO
472.00428832764834,1032.312435299177,NO
473.00852453341855,1032.2898341459515,NO
474.01588486087053,1032.2382729237327,NO
475.0156107881611,1032.1502170167953,NO
476.00405144254853,1032.0271873128736,NO
476.9794455877645,1031.8822162930003,NO
477.9571776181087,1031.7264277057552,NO
478.92266740865045,1031.540437535386,NO
480.04317900721674,1031.299254500152,NO
481.02071817161504,1031.176104464673,NO
482.0076061843907,1031.071836187407,NO
483.00007061932405,1031.001895571368,NO
484.0,1030.9823529411765,NO
484.99998925661004,1031.0003043960676,NO
485.99878603322145,1031.0343957275727,NO
487.00128006841345,1031.023315531518,NO
487.9934067621428,1030.9420249787665,NO
488.9800017508499,1030.83280152498,NO
489.9664337250482,1030.7193639332165,NO
490.95467810887976,1030.6023496555617,NO
492.03874455410505,1030.4603222176677,NO
493.02586393074995,1030.3768744275405,NO
494.0227367732621,1030.3051514205438,NO
495.0209707556013,1030.2182670352256,NO
496.0136562314798,1030.1105504448385,NO
496.99990978678954,1029.9991928291718,NO
497.98689801885433,1029.8886331565022,NO
498.95507485255865,1029.758735310222,NO
499.9283575912283,1029.5753876775013,NO
501.04710827184556,1029.3371081348396,NO
502.0294941590182,1029.1979213377867,NO
503.00916427002255,1029.0640243497037,NO
503.99325621850625,1028.941706295607,NO
504.98001140169896,1028.8300969087054,NO
505.97234863484687,1028.7234863650322,NO
506.97875595861956,1028.6388512978804,NO
507.9928686399327,1028.5958896152554,NO
509.00713702457966,1028.595568626239,NO
510.0068288898907,1028.613029591122,NO
511.0,1028.6215686274509,NO
512.0,1028.6215686274509,NO
512.9911438682007,1028.6091750731496,NO
513.964612053291,1028.555186951107,NO
515.0438666553385,1028.4209511965093,NO
516.0392179980037,1028.2857311338375,NO
517.0236001239557,1028.1253756545934,NO
517.9850182786728,1027.9393596980601,NO
518.9238558091231,1027.72733662128,NO
521.0203143850779,1027.0885498838813,NO
521.9763607774906,1026.8978304799648,NO
522.942485143193,1026.7042093155476,NO
524.0508808684125,1026.4744035313413,NO
525.0256301107547,1026.3734673361098,NO
526.018320322876,1026.3114454877293,NO
527.0193585615223,1026.2408016292077,NO
528.0113816752611,1026.1707251365656,NO
529.0040684171204,1026.1220525217989,NO
530.0042170157096,1026.076809928014,NO
531.0002455457549,1026.0026089236233,NO
531.9890498958616,1025.903714603708,NO
532.9753116763608,1025.79358942714,NO
533.9311319994176,1025.6430031894163,NO
535.0692224503902,1025.286778712997,NO
536.0176216095249,1025.1317052098038,NO
537.0023622480824,1025.025098885664,NO
537.9930426913685,1024.9304269178529,NO
538.97970126511,1024.8274607476098,NO
539.9665995248864,1024.7160959519504,NO
540.9599775507705,1024.607472131539,NO
541.9739685047094,1024.5140787352386,NO
543.0382887284957,1024.4154734204653,NO
544.0428837227299,1024.284035055436,NO
545.0228217547269,1024.133782705144,NO
545.9969401281419,1023.9816407688514,NO
546.9738281007731,1023.8331541465176,NO
547.9527960389313,1023.6869631931303,NO
548.9392612880564,1023.5196119655245,NO
550.0456173123372,1023.3174335722492,NO
551.0287873137077,1023.1561864894664,NO
551.9986684513979,1022.9928516863262,NO
552.9658205702752,1022.8248525569376,NO
553.9134486449213,1022.6205055795626,NO
555.039502131766,1022.3305349234105,NO
556.0209711673267,1022.2182713205311,NO
557.0134367044893,1022.1087733215899,NO
557.9949405620408,1021.9703412246438,NO
558.9626959418769,1021.8116329643714,NO
559.9490784684064,1021.6442468480097,NO
560.9795811896762,1021.5266548551135,NO
562.0394197990016,1021.437045597627,NO
563.0556299683695,1021.2467068191969,NO
564.0107418100574,1021.0402817864729,NO
564.9611495707012,1020.8363768241394,NO
565.9277683752915,1020.6184285762437,NO
567.0484109223723,1020.3605529865034,NO
568.020541450118,1020.2619034885146,NO
569.0105640075986,1020.1995423679019,NO
570.0052382824947,1020.1571484853838,NO
571.0058201739353,1020.1141649459453,NO
572.0038154883292,1020.0525918635259,NO
572.9985349601359,1019.9803376235251,NO
573.9895495491838,1019.8954954980986,NO
574.9598520090394,1019.773106490541,NO
575.907123406048,1019.5733334137028,NO
577.0374685961067,1019.2964515178986,NO
578.0207140162029,1019.1731827568832,NO
579.0066950628517,1019.0455264268429,NO
579.9855981019034,1018.907025719516,NO
580.967300508262,1018.7683785894417,NO
581.9562118237596,1018.6398069383368,NO
582.9727499394768,1018.5367489728335,NO
584.0222029258751,1018.4718121638501,NO
585.0363275319679,1018.3941923525996,NO
586.0320144927059,1018.2915605647378,NO
587.0244508880693,1018.1598711862172,NO
588.0022564876843,1018.0137001037684,NO
588.975739175897,1017.8609773042898,NO
589.9394648523029,1017.6967189086085,NO
591.0685659382752,1017.4068245777554,NO
592.039705602273,1017.2301120157039,NO
593.0123211765607,1017.0622158451646,NO
593.9792410448242,1016.8919687085114,NO
594.9473392903718,1016.7180103938799,NO
596.0688689577718,1016.4560762542444,NO
597.0314820431793,1016.3145087262492,NO
598.0256390604555,1016.1922929490801,NO
599.0063648762113,1016.0312123739565,NO
599.9651179864958,1015.8505056557568,NO
600.9453344391701,1015.6600068556131,NO
601.9795957405272,1015.5269921702952,NO
603.0048510748375,1015.4948096288108,NO
604.0165963231337,1015.4702291852531,NO
605.0216719714059,1015.4251040384006,NO
606.0249025320742,1015.3628654751084,NO
607.0257797528808,1015.2797377329817,NO
608.0206370242641,1015.1725390537955,NO
609.0057372166036,1015.0344232996216,NO
609.9718298564791,1014.8705207169662,NO
610.9136229825068,1014.6606877417681,NO
612.0510745801246,1014.3105715355296,NO
613.0188426417507,1014.184802833034,NO
614.0091635935846,1014.0730223863599,NO
614.9912057269828,1013.9424989859183,NO
615.9636482083531,1013.7962701861375,NO
616.9470297271514,1013.6391622594022,NO
618.045072037612,1013.4589989167972,NO
619.0456627639572,1013.3190138178871,NO
620.0283343079673,1013.1700058478038,NO
621.0002342706897,1013.001137886217,NO
621.9618382468784,1012.8230682419023,NO
622.9377621623277,1012.6310185318082,NO
624.0513657800652,1012.4004925568569,NO
625.0301608770883,1012.2848527339843,NO
626.0188896101345,1012.1852634844913,NO
627.0089574702063,1012.0845983314864,NO
627.9975717502463,1011.9786481491973,NO
628.9805577407988,1011.860344342595,NO
629.9495987079032,1011.7194328077528,NO
631.0799363216317,1011.4345963173749,NO
632.0450074345333,1011.2259328517667,NO
633.0102119591216,1011.0510597963844,NO
633.9758081886625,1010.8778433227534,NO
634.947155496801,1010.7070576655594,NO
635.961458123494,1010.5503447662513,NO
637.011231774215,1010.4773503890187,NO
638.016601661615,1010.4456235577063,NO
639.0203630168694,1010.3994283926951,NO
640.0285670981353,1010.3237604390758,NO
641.0276578280149,1010.2105297293072,NO
642.0115677380313,1010.080815700888,NO
642.9915832570639,1009.9442527398684,NO
643.968250333163,1009.8025325470505,NO
644.9484037545938,1009.6557987210673,NO
646.0501740599328,1009.4637583910137,NO
647.0483808707141,1009.3046202899396,NO
648.026454732743,1009.1435309969823,NO
648.9940320189204,1008.9710126630754,NO
649.9508728296026,1008.7890667475975,NO
650.9261267827239,1008.5675714276488,NO
652.0424041463532,1008.3368959304486,NO
653.0274450658377,1008.2120755220716,NO
654.0117276535233,1008.081932918665,NO
654.9891130014239,1007.936904893922,NO
655.9610142370017,1007.7815083692138,NO
656.9540610708319,1007.6281134321398,NO
657.9795648000953,1007.5262749148325,NO
659.0,1007.5000000004902,NO
660.0279973105603,1007.460600899478,NO
661.0539119114339,1007.3160353547495,NO
662.0290377299314,1007.1223904296804,NO
662.9813206764218,1006.9249885444352,NO
663.9427381911635,1006.7245462859562,NO
665.0670939439606,1006.446836532487,NO
666.0492003863538,1006.2534565266683,NO
667.0162178124629,1006.0835463036293,NO
667.9830847205907,1005.9128606849572,NO
668.9384287377654,1005.7333696625665,NO
670.0772600393603,1005.3895193673272,NO
671.0344825052379,1005.2171120649202,NO
672.0114536583167,1005.0811300835077,NO
672.9936714962469,1004.952536222922,NO
673.9794753027454,1004.831167813355,NO
674.9721576369293,1004.7215763859708,NO
675.9710085844437,1004.630359452347,NO
676.973147029374,1004.5582253374901,NO
677.9894741539176,1004.5119834899009,NO
679.0,1004.5000000004902,NO
680.0280254637477,1004.4610640648013,NO
681.0508667712613,1004.332590417065,NO
682.0316261136586,1004.1734335382092,NO
683.00181725525,1004.0097557915133,NO
683.9731195307847,1003.8476773411136,NO
684.9439896703839,1003.6798022094055,NO
686.0687492737577,1003.4036383484327,NO
687.0344631047221,1003.2466189588052,NO
688.015148489599,1003.1246085431438,NO
689.0005551719603,1003.0042259356903,NO
689.9833292555734,1002.8785417168285,NO
690.9657368811081,1002.7503687003884,NO
691.9543790622694,1002.6247309970857,NO
692.9795631482777,1002.5262366226983,NO
694.0221751642056,1002.4712222283838,NO
695.0446040755961,1002.3729193172552,NO
696.0341849244339,1002.2455536697532,NO
697.0163583503481,1002.1029970182933,NO
697.9867320985995,1001.9373460212178,NO
698.946221139992,1001.7572812437509,NO
699.9342630680536,1001.5453966969502,NO
701.0490423996332,1001.3206618337161,NO
702.0286145981491,1001.1696912187795,NO
703.001858175092,1001.0099754664587,NO
703.9771020527512,1000.8540255898669,NO
704.9599370029467,1000.7091078091407,NO
705.9378411458614,1000.5546060833901,NO
707.0303926171068,1000.3888696368588,NO
708.0140454723548,1000.3255995839802,NO
709.0085327254932,1000.2901126764998,NO
710.0122274220449,1000.249439402273,NO
711.0127261036832,1000.1908915638003,NO
712.0087222010133,1000.1235645154319,NO
713.0034651301518,1000.060938497513,NO
713.999581845234,999.9945318226058,NO
714.9914342023851,999.9108457851839,NO
715.9772237632124,999.8095757269045,NO
716.9571673998972,999.6923292265672,NO
717.9657235488016,999.5736343693432,NO
718.989478493882,999.5121847064318,NO
720.0,999.5000000004902,NO
721.0,999.5000000004902,NO
722.0,999.5000000004902,NO
723.004851167266,999.4948190565193,NO
724.0156983782957,999.4709513804697,NO
725.0326304949152,999.4058915394319,NO
726.0363642145779,999.2991249900863,NO
727.0236287105643,999.1772153252358,NO
728.0072073562646,999.0583452647494,NO
728.9972622979539,998.9632571579629,NO
729.9983163658497,998.9141346605782,NO
730.9976936288316,998.8930682436577,NO
731.9874590374149,998.8440026538719,NO
732.9759793087508,998.7597931018968,NO
733.9663994584166,998.6639946042941,NO
734.952520524192,998.5538721045718,NO
736.0540748739546,998.366184879739,NO
737.0346641603713,998.2209840169511,NO
738.011784299289,998.0953967081209,NO
738.9991496176775,997.9909646879003,NO
739.9896301108465,997.8963011146774,NO
740.9747694953559,997.7924587526737,NO
741.9615447936018,997.6784892608292,NO
742.9599009134599,997.564946475534,NO
744.0378461964932,997.4389288521603,NO
745.041599098596,997.3166498454658,NO
746.0284407351031,997.1706444106189,NO
747.0021736623141,997.0116691347333,NO
747.9774367954271,996.8561595743734,NO
748.9724504201128,996.7245042176299,NO
749.9618319557167,996.6256595647119,NO
750.9718909665181,996.5375610783287,NO
752.0,996.5000000004902,NO
753.0,996.5000000004902,NO
754.0114595008599,996.4870287711207,NO
755.02115970088,996.4496436332198,NO
756.0152262337008,996.4087041760973,NO
757.0158696702904,996.3678878085348,NO
758.0185865075642,996.3159706274133,NO
759.0124644707249,996.2648699967315,NO
760.0079265737295,996.2245862699012,NO
761.006348880218,996.1904664193169,NO
762.0049652691466,996.1582679601681,NO
763.004198291437,996.1259487515603,NO
764.003231091655,996.0915476026956,NO
765.0025425888255,996.0463114387283,NO
765.9995154869505,995.9914792530243,NO
766.9977955975888,995.9437877389341,NO
767.9983143002088,995.9140293128895,NO
769.0,995.9039215686274,NO
770.0,995.9039215686274,NO
770.9976958545701,995.89317143699,NO
771.9972381357396,995.871949927141,NO
773.0027542044495,995.8723050638353,NO
774.0058678327168,995.9232668073447,NO
774.9997274793275,996.0030214248477,NO
775.9975276335454,996.066363521978,NO
777.0013582460225,996.0769672709769,NO
778.0022030358915,996.0387430460944,NO
778.9967006874376,995.9649448043199,NO
779.9882378316071,995.8750269618777,NO
780.9880917191863,995.7975592269221,NO
781.9947074252719,995.7546169848939,NO
782.9947776591083,995.7336606214687,NO
783.9878293179524,995.7044262736094,NO
784.9929313942162,995.6722737251779,NO
785.992462774793,995.6505468242077,NO
786.9859271495883,995.622255060188,NO
788.0007784679332,995.6029813333711,NO
789.0139772574299,995.6248209771214,NO
790.0196733802961,995.6763411742477,NO
791.0203036379429,995.747442541644,NO
792.010971712063,995.8134808956249,NO
793.0054342347737,995.8614270143042,NO
794.004052569659,995.9015804446376,NO
795.0023615709878,995.9426475579388,NO
796.0005231510163,995.9904711780399,NO
796.997561216245,996.0444207035408,NO
797.9966276128033,996.0905219739686,NO
798.9958055033284,996.1258349085925,NO
799.9976357682808,996.1507197623387,NO
801.0,996.1588235294117,NO
802.0,996.1588235294117,NO
802.9970420518853,996.1676170519264,NO
803.9931714737858,996.1934749216649,NO
804.9924143025057,996.2275709400961,NO
805.9880096009277,996.2658740619887,NO
806.9910670911263,996.3037189118937,NO
808.0,996.3196078431373,NO
809.0,996.3196078431373,NO
810.0089382217556,996.3038995498825,NO
811.0080879045648,996.2749887644283,NO
812.0,996.2607843137255,NO
812.9957880186945,996.2685137908412,NO
813.9914561501993,996.2904909029669,NO
814.9859579236069,996.3255208594143,NO
815.9893411611407,996.3624005333726,NO
817.0,996.378431372549,NO
818.0050951670248,996.3712193107248,NO
819.0102670296739,996.3490790206215,NO
820.0051355257048,996.3273897424881,NO
820.9948642209987,996.3274058901375,NO
821.9846861868041,996.3550020305306,NO
822.9892694585909,996.3908982896104,NO
824.0,996.4058823529411,NO
824.9943374315083,996.412558560331,NO
825.9941504314016,996.4261828537747,NO
827.0,996.4333333333333,NO
828.0,996.4333333333333,NO
829.0,996.4333333333333,NO
830.0,996.4333333333333,NO
831.0,996.4333333333333,NO
832.0,996.4333333333333,NO
833.0,996.4333333333333,NO
834.0,996.4333333333333,NO
834.9948344581206,996.4390710716038,NO
835.9892680340785,996.4561085372186,NO
836.9896770040201,996.4786116415205,NO
837.9951482762169,996.4948758212698,NO
839.0204891995394,996.5250231051282,NO
840.025626403923,996.5784043373793,NO
841.0139927750101,996.6244044525909,NO
842.0138432022184,996.6638079239219,NO
843.0126902813965,996.7058162061828,NO
844.0103845839296,996.7478029450507,NO
845.0115117710442,996.797551606888,NO
846.0085853932907,996.8540483146026,NO
847.0023073486299,996.8930229249868,NO
848.0,996.9039215686274,NO
849.0016856997912,996.9140293128895,NO
850.0022044024112,996.9437877389341,NO
851.0004596998857,996.9919156224695,NO
851.9944461659287,997.062943451553,NO
852.9843289737953,997.1536966035599,NO
853.9720972772957,997.2541140871454,NO
854.933335537932,997.3934829140378,NO
856.0643323690331,997.707063308943,NO
857.0212550925432,997.8833842241886,NO
857.9896980573059,998.0515097142534,NO
858.9616387708036,998.2198227673969,NO
859.9445561175091,998.384256897293,NO
861.0523922708018,998.5923226571789,NO
862.0295945813878,998.7040542038499,NO
863.0131226103565,998.7769156247714,NO
864.0093878811148,998.8349027756798,NO
865.0083839427064,998.9127385606505,NO
865.9986088277784,999.012447330374,NO
866.9876492546819,999.1166459304319,NO
867.9788510446591,999.2157193428624,NO
868.9767688624994,999.3037917806223,NO
869.9788059085477,999.372723687911,NO
870.9790883565022,999.4265975146255,NO
871.9843504107233,999.4694877098001,NO
872.9941911123448,999.4937554640283,NO
874.0,999.5000000004902,NO
875.0,999.5000000004902,NO
876.0,999.5000000004902,NO
877.0,999.5000000004902,NO
878.0272199811188,999.5372603227069,NO
879.0486228962084,999.6555878025432,NO
880.0322610718708,999.801769321819,NO
881.0072585030557,999.9610332987011,NO
881.9788160000255,1000.1213914568557,NO
882.966291993156,1000.2686106794749,NO
883.9742397445838,1000.3753637297885,NO
884.9848371064563,1000.4371245498593,NO
886.0312604857384,1000.5068910328212,NO
887.0291898212737,1000.5913424960636,NO
888.0309489985433,1000.6843202172222,NO
889.0249407428721,1000.7914790368509,NO
890.0105562532384,1000.8944374739398,NO
891.0009767778838,1000.9896217350719,NO
891.9838533406783,1001.1055743076446,NO
892.9577385428661,1001.2477395855999,NO
893.9583754770615,1001.3931205026006,NO
895.0459509203339,1001.539571783012,NO
896.0494471539945,1001.6886660747488,NO
897.0265543806769,1001.8328057552177,NO
898.0045426730252,1001.9664237214258,NO
898.9913338162397,1002.0818472927726,NO
899.985177955065,1002.1757963434194,NO
900.9920491072701,1002.2385267979016,NO
902.0,1002.256862745098,NO
903.003902351569,1002.2487748964164,NO
904.0036598088474,1002.2333127989172,NO
904.9963388366896,1002.2333991459334,NO
905.9836347306428,1002.2692350670555,NO
906.9575098677971,1002.356485022154,NO
908.075928974573,1002.6079077618639,NO
909.0389710093349,1002.8066883638834,NO
910.0054229295444,1002.9682104118226,NO
910.9818091720688,1003.1174344608584,NO
911.9637009974363,1003.2571179467573,NO
912.9482781513339,1003.3970646593892,NO
914.0522678968609,1003.5932904418719,NO
915.0330895524571,1003.7187387946194,NO
916.0216660416261,1003.8421474079576,NO
917.0042280377716,1003.9682897174283,NO
917.9889102680282,1004.0897740203386,NO
918.9763537270628,1004.2043999862503,NO
919.9722382663616,1004.307793133817,NO
920.9740524507012,1004.3892132569206,NO
921.9896507159344,1004.4398445588565,NO
923.0,1004.4529411764706,NO
924.0103566989877,1004.440159693038,NO
925.0152435046008,1004.4091677634239,NO
926.0052873709711,1004.3852227410572,NO
926.9947127149962,1004.3852164777174,NO
927.9888824077732,1004.4049979978037,NO
928.9792882854223,1004.4401239245168,NO
929.983958438263,1004.4812468843983,NO
931.0,1004.5000000004902,NO
932.0,1004.5000000004902,NO
933.0,1004.5000000004902,NO
934.0,1004.5000000004902,NO
935.0,1004.5000000004902,NO
936.0,1004.5000000004902,NO
937.0,1004.5000000004902,NO
938.0,1004.5000000004902,NO
939.0,1004.5000000004902,NO
940.0,1004.5000000004902,NO
941.0,1004.5000000004902,NO
942.0,1004.5000000004902,NO
943.0,1004.5000000004902,NO
944.0,1004.5000000004902,NO
945.0,1004.5000000004902,NO
946.0,1004.5000000004902,NO
947.0,1004.5000000004902,NO
948.0,1004.5000000004902,NO
949.0,1004.5000000004902,NO
950.0,1004.5000000004902,NO
951.010521075287,1004.5122046813252,NO
952.0351663051464,1004.572980556651,NO
953.0281285100092,1004.650108763008,NO
954.0059945219934,1004.6942793863104,NO
955.0,1004.7039215686275,NO
956.0,1004.7039215686275,NO
956.9940073545293,1004.6943750889704,NO
957.9936270535638,1004.6749797402342,NO
959.0,1004.6647058823529,NO
960.0,1004.6647058823529,NO
961.0063695968498,1004.6751505691321,NO
962.0120758824612,1004.7067285494297,NO
963.0103962355691,1004.7475199766445,NO
964.0079703146747,1004.7860599701567,NO
965.0033016018469,1004.812909237503,NO
966.0032991570539,1004.8317429946376,NO
967.0056624057328,1004.8624844231218,NO
968.0023058557767,1004.8930921390881,NO
969.0,1004.9039215686274,NO
970.0,1004.9039215686274,NO
971.0,1004.9039215686274,NO
972.0,1004.9039215686274,NO
972.9976958545701,1004.89317143699,NO
973.99723457897,1004.8717850223713,NO
974.9970822138371,1004.8511929095749,NO
975.9967005169541,1004.8317263690449,NO
977.0032967830235,1004.8318640701826,NO
978.0056521439974,1004.8627336367108,NO
979.0039834844195,1004.9032582291368,NO
980.0013071583907,1004.9333349238171,NO
981.0009214824723,1004.9530043951341,NO
982.0005394970415,1004.9724856516002,NO
983.0,1004.9823529411765,NO
984.0,1004.9823529411765,NO
985.0,1004.9823529411765,NO
986.0,1004.9823529411765,NO
986.9994605029585,1004.9724856516002,NO
987.9990785175277,1004.9530043951341,NO
988.9986961780525,1004.933505082409,NO
990.0,1004.9235294117647,NO
991.0013021604453,1004.9335898190209,NO
992.001361980072,1004.9614105621788,NO
992.9989240517399,1005.0148306374379,NO
993.9955841906316,1005.0776573393873,NO
994.9997867297193,1005.1087678488448,NO
996.0044398006356,1005.0808677962567,NO
997.0015180143146,1005.0276495460907,NO
997.9998129794562,1004.9904619525196,NO
998.9999596525015,1004.9794227747203,NO
1000.000040364906,1004.9794138968945,NO
1001.0000365258505,1004.9813718152515,NO
1002.0,1004.9823529411765,NO
1003.0,1004.9823529411765,NO
1004.0001528463505,1004.9913387072161,NO
1004.999374359151,1005.0177264918449,NO
1005.9981390877764,1005.0527258496778,NO
1006.9966828573833,1005.0890390931065,NO
1007.9900113812214,1005.1415054339304,NO
1008.9823272372324,1005.214597845524,NO
1009.9825629790588,1005.2868671086255,NO
1010.9853110708478,1005.3405160823519,NO
1011.9949061062988,1005.3711265399998,NO
1013.0050949960084,1005.3712068509578,NO
1014.0102620662583,1005.3489102644838,NO
1015.0094060400816,1005.3198053734999,NO
1016.0041027924568,1005.2989177352646,NO
1017.0,1005.2921568627451,NO
1017.990990754321,1005.3063143633603,NO
1018.9852855088221,1005.3411086565804,NO
1019.9896441289851,1005.3772495825516,NO
1020.9888872409407,1005.4048219324201,NO
1021.9837466796064,1005.4362733457826,NO
1022.9842790756862,1005.4716277610552,NO
1024.013104409514,1005.5073712775137,NO
1025.026885588287,1005.5576887243741,NO
1026.0226499449966,1005.6149509364931,NO
1027.0,1005.6411764705882,NO
1027.9859853141954,1005.6238163207289,NO
1028.9928654421449,1005.5957084072937,NO
1030.0,1005.586274509804,NO
1030.9908542104413,1005.575967930018,NO
1031.990394608775,1005.5546591250588,NO
1033.0,1005.5431372549019,NO
1034.0,1005.5431372549019,NO
1035.0,1005.5431372549019,NO
1036.0170400623658,1005.5654784129108,NO
1037.0225571797303,1005.6165279460156,NO
1038.0197040440087,1005.6758367067383,NO
1039.0165622379852,1005.7360393340815,NO
1040.004843820076,1005.7754228828185,NO
1040.9956172333666,1005.7764789075297,NO
1041.9952389275295,1005.7571853103384,NO
1042.9943207220465,1005.7366880168079,NO
1043.9938587745646,1005.7152704512949,NO
1045.0061412254354,1005.7152704512949,NO
1046.005686599781,1005.7363485502453,NO
1046.9943145569434,1005.7364021802063,NO
1048.0,1005.7254901960785,NO
1049.0056781200813,1005.7367416999732,NO
1050.0047556242337,1005.7574631704143,NO
1051.0117890315798,1005.7995864638918,NO
1052.0118973975295,1005.8786465461069,NO
1053.002946782142,1005.9614651588196,NO
1053.999322555228,1006.0181840442498,NO
1054.9979339985987,1006.0554558282192,NO
1055.9985327566876,1006.0831437837747,NO
1056.9982189946877,1006.1009236295977,NO
1057.9957953424127,1006.1261397360788,NO
1058.994693511352,1006.1591946701268,NO
1059.993180934471,1006.193206868899,NO
1060.9961135413569,1006.2202326460497,NO
1061.996281244873,1006.2370706239961,NO
1062.9918426365543,1006.2600159698844,NO
1063.9955458964323,1006.2839490840623,NO
1065.0,1006.2921568627451,NO
1066.0,1006.2921568627451,NO
1067.0,1006.2921568627451,NO
1068.0,1006.2921568627451,NO
1068.99589697568,1006.298934628157,NO
1069.985942474298,1006.3258790024757,NO
1070.9787607586857,1006.3735177027476,NO
1071.97821546929,1006.4273119323573,NO
1072.9842863162253,1006.4714105448718,NO
1073.9951488198735,1006.4948203683034,NO
1075.0,1006.5000000004902,NO
1076.0,1006.5000000004902,NO
1077.0,1006.5000000004902,NO
1078.0,1006.5000000004902,NO
1079.0,1006.5000000004902,NO
1080.0,1006.5000000004902,NO
1081.0,1006.5000000004902,NO
1082.0105297545929,1006.5118022771376,NO
1083.0196172316207,1006.5452369067286,NO
1084.0,1006.564705882353,NO
1084.9803827683793,1006.5452369067286,NO
1085.9894702454071,1006.5118022771376,NO
1087.0,1006.5000000004902,NO
1088.0,1006.5000000004902,NO
1089.0105297545929,1006.5118022771376,NO
1090.0195828127896,1006.5460347978052,NO
1091.0162006282178,1006.5868839835235,NO
1092.0213031702176,1006.6378461076528,NO
1093.018471532635,1006.6961135060446,NO
1094.0052262498552,1006.733461264337,NO
1095.0,1006.743137254902,NO
1095.994774511066,1006.7335000713166,NO
1096.987826274391,1006.7043523585389,NO
1097.9861554503739,1006.6637752011587,NO
1098.9860084259071,1006.6244366877407,NO
1099.983785590595,1006.5865325632584,NO
1100.9903987314938,1006.5548502692953,NO
1102.0096012685062,1006.5548502692953,NO
1103.016214409405,1006.5865325632584,NO
1104.0140174038158,1006.6237433635816,NO
1104.999294433251,1006.6401609392221,NO
1105.9772390779249,1006.6130643261673,NO
1106.9739064031512,1006.5564088552246,NO
1107.9894737671377,1006.511965557374,NO
1109.0,1006.5000000004902,NO
1110.00580956637,1006.4938131548013,NO
1111.0111924909163,1006.4756808488748,NO
1112.00539611222,1006.4586695510923,NO
1113.0,1006.4529411764706,NO
1114.005256173828,1006.4467747874405,NO
1115.010079580053,1006.4283821386792,NO
1116.0162486857937,1006.3946109667694,NO
1117.0158607680676,1006.3516952861187,NO
1118.0092805976633,1006.315540331135,NO
1119.0129801468395,1006.2758281139097,NO
1120.0149076472976,1006.2172257223995,NO
1121.008158856599,1006.1600391041496,NO
1122.001998896627,1006.1274296517104,NO
1123.0019527683837,1006.11065686985,NO
1124.0016434262457,1006.0931274828566,NO
1125.0,1006.0843137254902,NO
1126.0,1006.0843137254902,NO
1127.0,1006.0843137254902,NO
1128.0,1006.0843137254902,NO
1129.0013295697872,1006.0753422843841,NO
1130.0010211712713,1006.0578663693058,NO
1131.0,1006.0490196078431,NO
1132.0,1006.0490196078431,NO
1133.0,1006.0490196078431,NO
1134.0007057074279,1006.0399900856961,NO
1135.0004588868592,1006.0123174896318,NO
1135.997930061416,1005.9648110442026,NO
1136.9945313344035,1005.9070326852085,NO
1137.9914579746678,1005.8497781709007,NO
1138.988257382905,1005.7934919003611,NO
1139.9839280454398,1005.735590434273,NO
1140.9733732447362,1005.6687891277098,NO
1141.9645221714159,1005.5793343164194,NO
1143.043975230443,1005.4429257911811,NO
1144.028851189042,1005.3424805785272,NO
1145.0204934510446,1005.2612915003307,NO
1146.0127155110333,1005.1907326740439,NO
1147.0101038325352,1005.1120207520196,NO
1148.0021365302887,1005.0227006341261,NO
1148.993269695531,1004.9299498963911,NO
1149.9750996553473,1004.8211383787193,NO
1150.942452732407,1004.6811054730312,NO
1152.0642090061328,1004.4276232393153,NO
1153.0348190126072,1004.2911097749575,NO
1154.010702448855,1004.2183299501278,NO
1154.9964138379828,1004.2032158380484,NO
1155.9884890052365,1004.2348242861667,NO
1156.9873187950216,1004.2811919318286,NO
1157.9906048524888,1004.3194350260954,NO
1158.9897370044341,1004.3489418609461,NO
1159.9888746588265,1004.3782616125893,NO
1160.9888345788765,1004.4067403361581,NO
1161.9898246810164,1004.4324510430998,NO
1162.989271216102,1004.4559733012189,NO
1163.994421077995,1004.4742083832286,NO
1165.010994127265,1004.4672503939598,NO
1166.026966554773,1004.416755830087,NO
1167.0373744701687,1004.3124750756926,NO
1168.0292382789812,1004.1433800229755,NO
1168.983309801329,1003.9416986189516,NO
1169.9324669282475,1003.721252377854,NO
1171.069339035891,1003.3706827288263,NO
1172.0375429745814,1003.1418290199431,NO
1172.9772091866093,1002.9254915756266,NO
1173.938798142419,1002.6969616708677,NO
1174.9732184594282,1002.5179322697077,NO
1176.0616022208046,1002.3307066648609,NO
1177.026576805163,1002.0753009455818,NO
1177.9510573268285,1001.8439952295704,NO
1178.9187287939078,1001.5609538641689,NO
1180.969338884391,1000.9241698269163,NO
1183.0320972330398,1000.0880085439171,NO
1183.950444224594,999.8530714652172,NO
1184.9258312511251,999.5613189604114,NO
1186.0480750630857,999.3026948345462,NO
1187.0260614501688,999.1165906958752,NO
1187.9719013162633,998.9087240189162,NO
1188.9236851002447,998.6695233013829,NO
1190.063266400545,998.3144620426636,NO
1191.024090569904,998.0772716395879,NO
1191.954493910055,997.8540370694719,NO
1192.9141033125907,997.5783650097644,NO
1194.9902197230845,996.9722892162816,NO
1195.9352123299811,996.729166301,NO
1197.045925264118,996.4676878969891,NO
1198.0522423773668,996.3027683267056,NO
1199.0263712693443,996.1169508480552,NO
1199.9836614622793,995.9281667751765,NO
1200.9481325709942,995.7406628510296,NO
1201.9569609587531,995.5696096133125,NO
1203.044665262969,995.421838603485,NO
1204.0528151113913,995.1760503786077,NO
1204.9749478935896,994.9364349576529,NO
1205.924308985526,994.6564792440194,NO
1207.057540966649,994.3373091274984,NO
1208.0313843708846,994.1026027454346,NO
1208.9599044880908,993.8782814860691,NO
1209.9266356476708,993.6137696741432,NO
1211.06364000921,993.2596512363027,NO
1212.0017677696112,993.0044150699422,NO
1212.9002782105408,992.7289088105559,NO
1214.953156159007,991.8786486300379,NO
1217.0314358786927,991.1931602141867,NO
1218.0066091721446,991.0366377995737,NO
1218.9789695777206,990.878119142267,NO
1219.950347823305,990.7217295693646,NO
1221.0764307262223,990.454364245103,NO
1222.0530068930148,990.2002482693593,NO
1222.9907315653359,989.9731134314148,NO
1223.881697912399,989.6947946121583,NO
1225.8838355298506,988.7751210339235,NO
1227.9315401609977,987.8296807828102,NO
1228.3056530338868,987.645472715964,NO
1229.9595188364674,986.8985670885523,NO
1230.5492154440851,986.4024977883635,NO
1231.020201259486,986.0179566765307,NO
1231.6582113124764,984.9360820704003,NO
1231.789331012277,983.9958692354271,NO
1232.788538201053,981.748028278484,NO
1234.9827101799478,980.8236438367871,NO
1236.0,980.7647058823529,NO
1237.008394398208,980.7859428472889,NO
1238.0096530141045,980.8358987608349,NO
1239.0076116037453,980.9053190713238,NO
1240.001455144471,980.9809711887814,NO
1240.998613463648,981.037217555468,NO
1242.0008398397247,981.0475909154825,NO
1243.0005832065617,981.0106226908109,NO
1243.9936896365969,980.9356342937689,NO
1244.9547838520239,980.7969539089107,NO
1246.9774551487337,979.9568950607015,NO
1247.559134386267,979.4788030934295,NO
1248.0219738961036,979.018366690693,NO
1248.9479514400723,977.9622095915547,NO
1249.6428123069466,976.8472893261802,NO
1249.9962287581147,975.9981004409397,NO
1250.814933800918,973.9814933789833,NO
1250.8794638051058,972.995273090361,NO
1250.8703444844832,972.0073725683188,NO
1250.697354132087,971.1126284864972,NO
1249.967837587095,970.0323357955585,NO
1248.8971392314893,969.2502174959151,NO
1246.6143609755027,967.0038182080566,NO
1248.7861770472036,964.5359722823307,NO
1250.8493875773393,963.6600462444111,NO
1252.948165109437,962.8438433163685,NO
1255.0121992355869,962.054650385171,NO
1255.9794261129027,961.8834146397825,NO
1256.9274638905658,961.6911471546324,NO
1259.0112472493863,961.0871007909982,NO
1259.9954744166446,960.9655515307187,NO
1260.9067706219407,960.7630082245905,NO
1261.9692178246978,959.9716384403299,NO
1262.7212339965267,958.0002790450477,NO
1263.98368015905,955.967040322637,NO
1266.0103964427317,955.0226331753789,NO
1266.8786990487758,954.7122075536658,NO
1267.9661924935053,953.9613914281821,NO
1268.9555342011045,952.9625339814976,NO
1269.9313255076709,950.9684392557937,NO
1270.5037712028748,949.7684265656935,NO
1271.0129103285617,949.0136664238861,NO
1272.7181007659426,947.8315974565278,NO
1273.919965954017,945.943189261384,NO
1274.1303324379178,944.9915474776517,NO
1273.9260987596892,944.0356269032571,NO
1273.632795609388,943.01545349211,NO
1275.9919312646725,940.7532923040135,NO
1277.1604251719264,940.4729262708521,NO
1278.0447287999507,940.1009856458088,NO
1278.9140922767024,939.8273381703088,NO
1279.7936817397153,938.9109363732566,NO
1280.062870463121,938.0251071394536,NO
1280.358720533753,937.1285031566086,NO
1281.962599653561,934.6902484013812,NO
1283.9479281332374,933.9343943976706,NO
1284.974724488041,932.9715301102232,NO
1286.0014992079457,932.0015989967279,NO
1286.9657618190233,930.976167541619,NO
1287.687669688442,928.9601212549028,NO
1290.0346029346053,927.0934378967452,NO
1290.9930525744408,926.9143150879727,NO
1291.9913183353383,926.8524117013031,NO
1292.9778014715616,926.7780147289144,NO
1295.0130438873516,926.0300297843294,NO
1296.9945954084735,924.9902492160143,NO
1297.823391193285,924.5864899296943,NO
1298.921798393138,923.9193193775795,NO
1299.9808861040617,922.963727490982,NO
1300.8050275123826,922.5466024162773,NO
1301.9223543172611,921.9131667988261,NO
1302.9443396017218,920.9396267513381,NO
1303.943269184147,919.9432691841471,NO
1304.726838709091,918.0058917139979,NO
1304.6977663725404,917.0130375291249,NO
1304.6579340080852,916.0040641503056,NO
1304.935260750684,914.9692638581173,NO
1305.6432452586755,912.9930048088112,NO
1305.6432664370693,912.0069947759262,NO
1305.616367642724,911.0142921855677,NO
1305.590021810191,909.9959408101153,NO
1306.9666061227645,907.9347576353207,NO
1307.7796834964947,907.4690508776076,NO
1308.497216879835,906.7675876678762,NO
1308.997182578402,905.9971825784022,NO
1310.9732597190903,904.9419540220904,NO
1311.9588855196796,903.9574766127265,NO
1311.9593699247516,903.0395433883792,NO
1311.8199602901132,902.3975034181486,NO
1313.9706845063206,898.7465948853378,NO
1315.9888452814218,897.9764780931631,NO
1316.856715253682,897.6945357971994,NO
1316.9737534178357,896.9923603095369,NO
1316.9073362356219,896.0426877998934,NO
1316.6705235979186,895.0287068541761,NO
1316.6038545582962,894.0147583592917,NO
1316.6514067785292,892.9627246854772,NO
1317.9985439022034,890.9973024482669,NO
1320.0056518297836,890.0126606250067,NO
1320.8591956155744,889.6992241400966,NO
1321.1814179666542,889.1665971389887,NO
1321.7650850633709,887.9928813654639,NO
1321.8145353095188,886.9923883359072,NO
1322.0205440962588,886.0077592340532,NO
1322.6,884.0,NO
1322.5915749165713,883.0072075018124,NO
1322.616844825643,881.9689333630802,NO
1324.9830276369137,879.8575177197225,NO
1325.976379367217,879.7590695474177,NO
1327.9383355458579,878.9309430226742,NO
1328.983503226217,877.9707017287511,NO
1330.932602179036,876.9220583504474,NO
1331.6886895226523,875.027650354449,NO
1330.9793090651244,873.0096557693818,NO
1330.7173572146453,872.0113057120465,NO
1331.9238571235699,869.9175118860976,NO
1332.9292670890436,868.9290661413062,NO
1333.9692250484372,867.9475426984244,NO
1334.7615219160823,867.478932282624,NO
1335.0955381709452,867.0900714092693,NO
1335.9151489534836,865.9564372952418,NO
1337.9886045482526,864.5889497934339,NO
1339.0,864.5823529411765,NO
1340.9983332359545,863.9957835607803,NO
1342.9923602785495,862.9908098274598,NO
1344.0013558415799,862.0012025725636,NO
1344.9426387210974,860.9575021474573,NO
1345.7029567771203,858.9530984401437,NO
1348.0206083568437,857.0490158649071,NO
1348.937012801339,856.7862181759466,NO
1350.8545415021347,855.7902899037418,NO
1351.944416196856,854.9290380121255,NO
1352.971709177695,853.9701017447487,NO
1354.8614793834467,852.7505360925263,NO
1355.2051498858648,852.1800419843352,NO
1355.856330379422,850.9810623785423,NO
1356.0558792152763,850.0189660963614,NO
1356.2987860325215,849.0913387384663,NO
1356.5747525006996,847.9908279952996,NO
1356.2881280065478,846.9037536351116,NO
1355.9900003433377,846.0058484234121,NO
1355.5001341683953,845.2964775454291,NO
1354.7128030437277,843.0467398978423,NO
1354.5849283113575,842.0162773212446,NO
1354.612175977378,840.9688219916683,NO
1354.7368213752375,839.9575858300358,NO
1355.9489047982966,837.9514867373059,NO
1356.9565794022599,836.9530021398789,NO
1357.8430569120958,835.90503444025,NO
1358.137635356696,835.0715566900305,NO
1358.7806160891214,833.9516611714985,NO
1359.013209495492,833.0047896498426,NO
1359.1609258930844,831.9879348066653,NO
1358.8950437416147,831.099193952417,NO
1356.9793943654543,830.0435507736759,NO
1355.5985481213254,827.991150359298,NO
1356.9523274823564,825.9404833791585,NO
1358.8605441608856,824.7113083019598,NO
1359.13614092958,824.1200271274867,NO
1359.2295558694605,822.8918053410312,NO
1358.9526067484176,822.0449363018421,NO
1357.72988772946,820.0327163010911,NO
1358.8828147474221,817.7461998223079,NO
1360.9691463739007,816.7965274053784,NO
1361.973028155994,816.6724847331658,NO
1363.894843921587,815.8892473781707,NO
1364.9352923119718,813.9698379742313,NO
1365.5732975069473,811.9916332842317,NO
1365.6048227610836,810.9845028532603,NO
1365.6695039636666,809.973430711938,NO
1365.751220116526,808.9743500232273,NO
1366.715262616074,806.860104219245,NO
1367.9911065368563,804.991867081664,NO
1368.9676060288757,803.9708798881568,NO
1369.772949083807,802.8910045757432,NO
1370.9996580788466,800.9996492360776,NO
1372.8383287731797,799.7413983680829,NO
1373.8414114566222,798.869135087822,NO
1374.1293435491234,798.0631246005614,NO
1374.3437412708124,796.9523335097837,NO
1373.9946771009788,796.0036634821821,NO
1373.4706692351276,795.4171051607286,NO
1372.7310430020084,792.9914785905835,NO
1373.7113746981543,790.851574348166,NO
1374.970685588141,788.9743787421168,NO
1375.9407506762423,787.9470196407274,NO
1376.7076438766064,786.8561767315524,NO
1377.0277135785193,786.0138259276389,NO
1377.9881497807896,783.9952599123159,NO
1378.2235149350638,783.0823476035451,NO
1378.2498234007867,781.9149870310683,NO
1378.014286966834,780.994352342961,NO
1377.798183038959,780.0139873135496,NO
1377.7537670284169,779.004828097608,NO
1377.7793565372144,777.9847078794531,NO
1378.7859772199365,775.8752429996081,NO
1379.6301007151897,774.6315071956366,NO
1380.580749361304,773.6414888480172,NO
1381.0347296088657,773.0299980564323,NO
1381.992032893073,771.9932300235105,NO
1382.7035957677922,770.8829798876384,NO
1382.8265281912463,769.9964899207489,NO
1382.6582548353028,769.1464622166076,NO
1381.717274104649,767.054831687625,NO
1381.5849999488241,766.0162745119321,NO
1381.664758415595,764.9526717785154,NO
1382.955251358694,762.9244408201516,NO
1384.045682239318,762.0610682727627,NO
1384.762652729784,761.696349220696,NO
1385.76878663773,760.7834301452607,NO
1386.463368409615,759.6810115811496,NO
1386.8099801957108,758.9497068299087,NO
1386.9047508687277,757.9979098936617,NO
1386.7693860730417,757.0714538871823,NO
1386.5674755615444,756.7197869144998,NO
1386.0268646741713,755.9731353258286,NO
1385.0559309513449,754.9628764465232,NO
1384.7216345282939,754.15942423568,NO
1383.795394299051,751.9813618290716,NO
1384.9717514533431,749.9725118446652,NO
1385.9806779603507,748.9789954232427,NO
1386.9957176579367,747.9955991976143,NO
1387.5478375704408,747.3108004344473,NO
1387.8010578088386,746.9072229440627,NO
1387.867299849066,746.0184174583437,NO
1387.6930154035083,745.2671028292358,NO
1386.750998166533,744.4060738789876,NO
1384.8001648886573,743.292335214568,NO
1384.5630385977283,739.5646629722011,NO
1385.843394266087,738.7286673735413,NO
1387.822438185256,737.6326631357686,NO
1389.8353906899913,736.666538884275,NO
1390.9439605586674,735.9277361594659,NO
1391.9111527636421,734.934380800496,NO
1392.6080931205713,733.8061649757798,NO
1393.588560025713,731.7622921731634,NO
1394.0119274968063,731.0088313606017,NO
1394.9305816633516,729.9501903740867,NO
1395.217231650636,729.0496672811828,NO
1395.1353528249379,727.9449554028972,NO
1394.8452537011115,727.1542380996223,NO
1393.7217125671593,726.5132156325063,NO
1392.9986466350285,723.9992524411643,NO
1393.630431539761,722.0854756064161,NO
1392.9995717063728,721.0004164622854,NO
1391.94246297626,720.1153379835742,NO
1389.9279341893862,719.3210204299892,NO
1389.9173013775292,715.6125338643768,NO
1391.9959855138356,714.9773419684716,NO
1392.875324941097,714.7386253899977,NO
1393.237392151091,714.1692767940984,NO
1393.6511764858749,713.034882353502,NO
1393.5972913790465,711.9992103752942,NO
1394.902926393873,709.8111061902132,NO
1396.8648566904417,708.8028937548764,NO
1397.6555613995358,707.8142458428821,NO
1397.861087582062,706.9890710726207,NO
1397.7825803134863,706.0560020376271,NO
1397.385318120279,705.3497492153377,NO
1396.7827643505734,704.1576760893934,NO
1395.8420098343563,702.0123913855639,NO
1395.7787910393495,701.0082411179737,NO
1395.649631046185,700.074780805787,NO
1394.7244170332633,698.3078209854107,NO
1394.0025121180618,697.9923977540308,NO
1393.0158112083666,697.8167337157223,NO
1392.0,697.7647058823529,NO
1390.9868396003399,697.8025939962534,NO
1389.9883044260755,697.8895417995247,NO
1388.9991808862571,697.9926710875804,NO
1388.0061717690094,698.0828316339686,NO
1385.7705113665104,694.7171031005847,NO
1386.9491871635569,693.8960893780051,NO
1388.989856883944,692.9678696323566,NO
1389.9271215662445,692.7274012842247,NO
1392.0251131512096,692.1348179720172,NO
1392.9837492430427,691.9431808080034,NO
1393.8465040312753,691.6653284598344,NO
1394.988175963701,690.979804547346,NO
1395.6641796339616,690.5211450574981,NO
1397.9797145376806,689.7971453889564,NO
1398.886737383677,689.6668260245995,NO
1398.8442310836795,688.1692359693677,NO
1397.7838765775525,687.5153712253323,NO
1396.7816037186712,684.9712123823608,NO
1397.006846517435,684.0028521316498,NO
1397.235755728519,683.0049321281529,NO
1397.0134494270123,681.9943972191967,NO
1396.7241227537047,681.143593254345,NO
1395.8479517509033,680.3371150262207,NO
1396.0,676.5607843137254,NO
1397.987907173658,675.9730236943376,NO
1400.0019383595975,675.0041217993327,NO
1400.9796751408478,674.7585213082233,NO
1401.9872368887197,674.7041278770745,NO
1402.9796942950197,674.6548030166241,NO
1404.950130676413,673.9336705426856,NO
1405.9657412791198,672.9667299888592,NO
1406.2774209869604,672.1167176980408,NO
1406.085480357466,670.910974998628,NO
1405.0060974801293,670.3109714784863,NO
1404.013940002877,670.3385429493742,NO
1403.0148358519361,670.3783142215532,NO
1402.0155183757965,670.4165458851448,NO
1401.0087502685599,670.4462636849156,NO
1399.983806988678,670.4346545233012,NO
1398.9589226457965,670.337894364322,NO
1397.9658292756988,670.1778991383229,NO
1397.0250216670083,669.9427817769047,NO
1394.979358146802,669.1784295783539,NO
1398.0069594242218,665.645069373943,NO
1398.9872221927847,665.6379621059564,NO
1400.0984640535994,665.4269843040242,NO
1401.0493595886958,665.2021884399073,NO
1402.0062264434205,665.0628870793009,NO
1402.9939410789755,664.9538798562742,NO
1403.9816131780442,664.8383227760938,NO
1404.9862254419845,664.7491062679272,NO
1405.9942850783789,664.708539004925,NO
1406.9994060193728,664.6970698643642,NO
1408.9549571871232,663.9508311302343,NO
1409.766004484022,661.9949530379932,NO
1409.786690325996,660.9958174572633,NO
1409.8165590573165,659.9928062374881,NO
1409.845849793184,658.9966751916853,NO
1409.8378620538995,658.0060404331629,NO
1409.702932484045,657.07451090837,NO
1408.726974993475,655.2275208281791,NO
1407.7321744598905,654.3580774696302,NO
1407.0253206746534,653.9623559557796,NO
1405.9516198774986,653.0662986847601,NO
1404.5566677354486,651.0270703387113,NO
1404.5392156862745,650.0,NO
1403.8913064209696,648.0920135594426,NO
1402.925093788226,647.0690588907053,NO
1401.933553561389,646.0662605769816,NO
1400.6688948482715,644.0334750955963,NO
1400.6720408149893,642.9729915980284,NO
1401.607489556587,640.6348572661992,NO
1402.5755780098004,639.5722228934078,NO
1403.8352386711535,638.7636593841883,NO
1404.125257076842,638.0887775624673,NO
1404.19126600526,636.9159126712351,NO
1403.9183343467612,636.0862991651277,NO
1401.9663438716655,635.1735394154296,NO
1399.722368321779,633.0482349992003,NO
1399.647792824752,631.9854973525653,NO
1400.5140306593455,629.5666168860035,NO
1401.026312683428,629.0235000755291,NO
1401.9909582479395,627.9921961791953,NO
1402.9544624834257,626.9615225622475,NO
1403.9144770934374,625.9257931024437,NO
1404.679328448141,623.9900618319915,NO
1404.6785212265966,623.0206876024429,NO
1404.6568440558376,622.0176674344829,NO
1404.6779727125572,620.9797943661273,NO
1404.8121354593977,619.9606616639858,NO
1405.0567981645383,619.0276210257622,NO
1405.7627450980392,617.0,NO
1404.9671979141422,615.0261837595884,NO
1403.793250737889,613.0432927465584,NO
1403.6642820422958,612.0138236796984,NO
1403.7100588295928,610.9669541788653,NO
1404.7103178493044,608.863491271451,NO
1405.0277644821062,608.0138513227465,NO
1405.7849591709578,605.9915670262492,NO
1405.8126788126501,604.9966943318319,NO
1405.8127831815787,604.0033038263633,NO
1405.8039215686274,603.0,NO
1405.8642211655483,601.9824447575614,NO
1406.9807801677382,599.983676642818,NO
1407.76681922912,598.8943021420779,NO
1407.949006804864,597.9960005337074,NO
1407.8803960939395,597.03028930079,NO
1407.5803512560292,596.2887976490672,NO
1406.7159639221552,595.3401561318275,NO
1405.6294843161818,592.9847434728504,NO
1406.5267414586092,590.6249958508503,NO
1406.9912051352753,589.9939835858396,NO
1407.30735950142,588.996188326419,NO
1407.0355593620095,587.9842517298142,NO
1406.8078932544988,587.0376451589862,NO
1405.9449353052044,585.0260533368654,NO
1405.028663547236,582.9887731888167,NO
1404.857141535447,581.9972829720306,NO
1404.9328773198133,580.9935509577979,NO
1405.0543024320993,580.0092950106263,NO
1405.6631801057508,577.9284883420436,NO
1405.7794460025168,576.99048590592,NO
1405.6651521353206,576.0852068201343,NO
1404.8137885538004,574.0507849362122,NO
1404.613239823394,573.0386760199774,NO
1404.6151543561211,571.9615154333068,NO
1405.5807963852924,569.6996257486454,NO
1405.9837145543224,568.9912510033193,NO
1406.7264058869594,566.9832132781644,NO
1406.6099856592455,566.125046315117,NO
1406.0000658532158,564.9999530076543,NO
1405.5885891475268,564.4416499570591,NO
1404.9851508015436,564.0241159901583,NO
1402.9708848177584,563.2625758135702,NO
1403.9764574880587,559.9520549756229,NO
1404.689286466236,559.5547364223517,NO
1405.522284888428,558.6545988748326,NO
1405.8262381401023,557.9610758512679,NO
1405.8353610180889,557.0329983792211,NO
1405.558467517187,556.2401987697815,NO
1404.7277329955327,554.0485809770847,NO
1404.5808072387754,553.0246583978111,NO
1404.5528716092363,551.991232776423,NO
1404.313749790961,550.9084620061845,NO
1404.0766882892178,549.973796164098,NO
1403.9264559239798,548.9984960312045,NO
1404.8485550120001,546.916669024731,NO
1405.6154614282964,545.7139032916824,NO
1406.0307694288772,545.0225386074993,NO
1406.5045718163149,544.216633131432,NO
1406.6870488282025,543.9020480522297,NO
1406.6879044361217,543.0748299307443,NO
1406.4863043858427,542.6691207645355,NO
1405.947017782787,542.107130305378,NO
1403.9269702865859,541.281164408332,NO
1402.982518773417,541.0956096091278,NO
1400.910061333467,538.993781330599,NO
1401.0918584655335,538.0327462761364,NO
1401.3385945621171,537.0239554747861,NO
1401.2026894577118,535.9472626162163,NO
1401.033572912791,534.9941188593154,NO
1400.8886073276635,534.0172549430589,NO
1400.7687099109562,533.0181403991746,NO
1400.7314028684,531.9952600503951,NO
1400.7954245915714,530.9803447145018,NO
1400.902094720607,529.9877860735654,NO
1401.623251811016,527.8879026566326,NO
1401.8040947894954,526.982543100794,NO
1402.0176630973424,526.0066935741181,NO
1402.267264632416,525.0956734049458,NO
1402.5706813959396,524.0092598128406,NO
1402.5507547721809,523.009689602756,NO
1402.550932257764,521.9903142253643,NO
1402.5833435463353,520.983660531107,NO
1402.6476950510935,519.9723682392498,NO
1402.737143721555,518.973714370581,NO
1402.8203278394421,517.9859080658123,NO
1402.875917978123,516.9951340383215,NO
1402.875917978123,516.0048659616785,NO
1402.8201593433303,515.0141051495691,NO
1402.0081964661053,512.9958079142295,NO
1401.7404272081694,512.0371560644952,NO
1401.6501000401574,511.0075468617256,NO
1402.8760246387449,508.7708161889046,NO
1403.9416092963525,507.94300324010544,NO
1404.8194717863512,505.9889767556274,NO
1405.622063318455,503.8357209890719,NO
1407.0484671373706,502.0664718181432,NO
1407.7299119278343,501.68517006302704,NO
1408.425053756539,500.67777739644276,NO
1408.740282730683,499.97019637976103,NO
1408.6784249083814,499.0954676093856,NO
1408.4841098890568,498.7970682571429,NO
1407.8074885469298,497.08314005045986,NO
1407.0170106458052,495.98686134322577,NO
1406.5410609878245,495.3636575332941,NO
1405.631207798837,494.43051477780676,NO
1405.0135567747134,493.98043986363797,NO
1404.1515841170196,493.5965986364107,NO
1404.9240229529232,489.7669178715364,NO
1406.9362201440754,488.85637360449203,NO
1407.322716170971,488.60113799743016,NO
1408.0155121323442,488.01741254650517,NO
1408.4359889927564,487.5572816889198,NO
1408.6747198797086,486.9729595978568,NO
1408.512347940757,486.3235532624157,NO
1407.7286798305186,485.4200061427798,NO
1405.803107704335,484.3781582009103,NO
1405.0146714438777,483.9789966686437,NO
1403.815362250731,482.01497062887864,NO
1403.7394291647158,481.02656800666597,NO
1403.6435889459456,480.0356411075404,NO
1403.5803921568627,479.0,NO
1403.7489527552461,477.9420277404348,NO
1404.8908189018423,475.9372789449688,NO
1405.173557888256,475.0786687614254,NO
1405.782213971346,473.9462545212991,NO
1406.489581560403,471.68464592561776,NO
1407.0101838509456,471.0080995913544,NO
1407.9079506706007,469.9362915579218,NO
1408.8504926960352,468.8553389566,NO
1409.801683506812,467.8303707973989,NO
1410.7061281914882,466.7437913535452,NO
1411.7163473239764,465.68452554029494,NO
1412.8952562531708,464.8442889939738,NO
1413.8980562678141,463.9087187473437,NO
1414.0820561521423,462.98345988649027,NO
1413.8863049509073,462.21300862007354,NO
1411.9145081151923,461.1759638792965,NO
1411.0568798107186,460.891065008586,NO
1409.950953301029,460.0886245154437,NO
1408.7952207262674,459.23310389088573,NO
1407.85694412618,458.07838196791425,NO
1406.811822874266,456.058898376656,NO
1406.157018575413,454.9271253473038,NO
1405.6236164642796,453.6437902693708,NO
1404.8383723768206,452.0401179896672,NO
1404.6631499418245,451.0409503993382,NO
1404.5803921568627,450.0,NO
1404.694115368589,448.9514183221063,NO
1405.1284385151941,447.0544040873127,NO
1405.49586177985,445.9716911639843,NO
1405.0483434738003,444.9607656597354,NO
1404.6947701289698,444.4198576596195,NO
1403.9792625142154,444.0568451096195,NO
1403.0257855034856,443.8488435945838,NO
1402.031263877841,443.70473003646794,NO
1401.031683029678,443.5993500406819,NO
1399.9428495237014,443.4363393257032,NO
1398.9520615778342,443.24161928697265,NO
1396.7138875021792,441.0050490443175,NO
1398.306165225041,438.67745131556006,NO
1400.00921607576,438.05595474556515,NO
1400.985912313839,437.9090541763503,NO
1401.9311905774534,437.72992302315004,NO
1403.9724086804626,436.93978840162464,NO
1404.609268945217,436.5073391309115,NO
1405.0334433193518,436.0305392767912,NO
1405.7407680125855,434.9385503021343,NO
1405.8397428805624,434.00597036315133,NO
1405.7868206341439,433.0171379482887,NO
1405.7024570898466,432.0303377084076,NO
1405.611410601232,431.0304775999603,NO
1405.5627450980392,430.0,NO
1405.597185927044,428.97630505444357,NO
1405.6556850410536,427.97974617880993,NO
1405.7291226551959,426.9782235869349,NO
1405.8576988725406,425.97739923216716,NO
1406.6073456691554,423.82675554376766,NO
1407.6824460203497,421.82946176002434,NO
1407.8876226572206,420.9770029483212,NO
1407.801882938548,420.0905271784233,NO
1406.926507163149,419.18613998671316,NO
1405.9984904148228,419.01603934237414,NO
1404.9995188897233,418.9754633765271,NO
1404.0032547719973,419.0338761963403,NO
1403.019661216917,419.1412284521834,NO
1402.0257617448124,419.2576174326909,NO
1400.987836806119,419.29539187090444,NO
1398.6803921568628,417.0,NO
1398.7452962169834,415.96279607749995,NO
1400.0285582989331,414.03543165241956,NO
1400.6171354108128,413.5896241558047,NO
1401.0463069493546,413.0382480065341,NO
1401.6712027617568,411.93540186712215,NO
1401.6534626666287,411.08769673847746,NO
1401.013298759056,409.98851306024824,NO
1399.9484548625812,409.1622315330712,NO
1397.8060181757257,408.1946393993303,NO
1397.941612430504,404.9498182525453,NO
1398.9822833511685,403.9762963451051,NO
1399.5831505422052,403.4234663718496,NO
1399.8597885166614,402.9447364626748,NO
1400.0576922263735,402.0080620453869,NO
1400.6830021542107,399.91471976190786,NO
1400.8698911613947,398.97809791155476,NO
1401.0653726259463,398.0245579693933,NO
1401.24508707943,396.98065799301276,NO
1401.0103822584733,395.9957590566581,NO
1400.8019152771835,395.0139385678469,NO
1400.7575148385647,394.00475461113257,NO
1400.7470588235294,393.0,NO
1400.4366803671621,391.83951995778875,NO
1400.0811977093683,390.9630754552743,NO
1399.8541930393242,390.0258000176081,NO
1399.7203790264105,389.0334448618432,NO
1399.6151594308133,388.03093816208536,NO
1398.9546962812847,386.0287030647488,NO
1398.0267022448575,384.9757687091506,NO
1397.4990954681234,384.57198628788154,NO
1397.0115160005823,383.9864682328627,NO
1395.9213736109925,383.172484062501,NO
1393.9260367097008,382.3217044109656,NO
1392.9945935647086,382.1881066624142,NO
1390.8327550629663,381.3960553837499,NO
1389.6601288921927,378.97134420014623,NO
1390.5866509997788,376.71677939592735,NO
1391.0036427909395,376.0023680354409,NO
1391.941471494395,374.94164491424016,NO
1393.8709904394934,373.71069518928914,NO
1395.9011266184802,372.7875690729092,NO
1397.8775727800764,371.7631107012307,NO
1399.7987773537338,370.69771485059505,NO
1400.6638439123706,369.75266106732266,NO
1400.742713056298,369.0348446071795,NO
1400.6696701159328,368.3465093082415,NO
1399.995525689241,368.00868909064354,NO
1397.9550737362133,367.1724588885371,NO
1395.7759602736173,366.54076038453434,NO
1393.7980460945414,365.1337335575675,NO
1392.983782255673,364.00832133198554,NO
1391.9743927667466,362.01295233847867,NO
1390.9918831837576,360.0038082033197,NO
1390.7332652239816,359.0245850688831,NO
1390.7071273663485,357.98736627845415,NO
1391.946823858645,355.8826267541576,NO
1392.7545797127011,355.4348138642632,NO
1394.6608157924684,354.58992070422744,NO
1395.0307155523947,354.02355389615246,NO
1395.4726477598078,352.99597011669096,NO
1395.0928032963739,351.9548208467895,NO
1394.6877348605149,350.0140825457391,NO
1394.7895859923544,348.95682194952116,NO
1395.772083453533,346.9134071288155,NO
1395.9780772177276,345.9966471037828,NO
1396.1109327829056,345.01506223072613,NO
1396.212285038378,344.013119946678,NO
1396.181148318454,342.9810959700184,NO
1395.9566642337313,342.01993159764896,NO
1395.5970528708806,341.36536656163895,NO
1395.0263506284407,340.9670207978791,NO
1394.2583161235784,340.4043921170359,NO
1393.9239545606208,340.209921840165,NO
1392.9999233724852,340.0003509110343,NO
1390.9779814106118,339.0332210296866,NO
1389.642086694683,337.0184272194021,NO
1389.6291377230089,335.9920010098745,NO
1389.6489508274371,334.98887765052746,NO
1390.9177416178009,332.9077565023941,NO
1391.959549500277,331.94732027878604,NO
1392.9841055827553,330.98419963265644,NO
1393.6759664314457,329.9046960051039,NO
1393.8141105604434,329.00728978199777,NO
1393.7423611058646,328.035362200472,NO
1393.6265162506481,327.0373483771724,NO
1393.6151026562186,325.9698119729803,NO
1394.5483671482505,323.6660565137359,NO
1394.9500903055243,322.9776952249487,NO
1395.1800557244185,322.02997863330245,NO
1395.2709861380888,320.99104178097645,NO
1395.1275897176426,319.97407335974896,NO
1394.888654009843,319.05739090273374,NO
1393.9827060042978,318.01931964720444,NO
1392.891725471949,317.2490612477849,NO
1390.6600740934718,315.0561918339053,NO
1389.8827477909097,313.09928139149065,NO
1388.9613182654846,312.01777488737054,NO
1388.084478499363,309.96764847118163,NO
1387.9053442707414,309.00596928007076,NO
1387.8547671794945,308.00854310712043,NO
1387.8145452856193,307.0036363670435,NO
1387.8472783536647,305.9880218316376,NO
1387.91074173079,304.994574497171,NO
1387.881505104707,304.0163226399718,NO
1387.6558973772037,303.17817916733713,NO
1386.8814777947655,302.12675019724156,NO
1385.8268783862275,301.2799579068574,NO
1383.9201095211376,300.1429799550619,NO
1384.9374410821113,296.81191833709215,NO
1386.997515340485,295.9926547255995,NO
1387.8524016655558,295.70853055120654,NO
1388.9664312664179,294.95286341506954,NO
1389.5564975477316,294.3627012699056,NO
1389.7654981810922,293.9170793074752,NO
1389.8056743033378,293.0390348575297,NO
1389.4991655508522,292.3847978557865,NO
1389.037173291546,291.9550007527053,NO
1387.930566943876,291.25440272518273,NO
1386.9953387766902,291.11886119351203,NO
1386.0075340152982,291.12807825959226,NO
1385.0200931041434,291.2009310293984,NO
1384.0245307395858,291.2909459753659,NO
1383.0147684404326,291.3586621484822,NO
1380.9398139682353,287.8422241851297,NO
1382.9721936996934,286.94463456577853,NO
1383.5515442179315,286.4764888173757,NO
1384.0124067733443,286.01022013909756,NO
1384.610852763369,284.9158136245597,NO
1384.7208220702903,284.01149556105236,NO
1384.674736061379,283.02040871786977,NO
1384.629441003391,282.007992448784,NO
1384.6176470588234,281.0,NO
1384.641177477263,279.985224955922,NO
1384.706067932495,278.97579383107916,NO
1384.7627664782992,277.9897663970268,NO
1384.7635048247312,277.00973803598555,NO
1384.0449153127404,274.98026376696413,NO
1383.8125009791693,274.02821767311843,NO
1383.6899320212956,273.0255350085929,NO
1383.6296480094447,272.00798798394766,NO
1383.628387538217,270.9919848294186,NO
1383.3831451254894,269.8861158585254,NO
1383.0662132442956,268.9712020253883,NO
1382.7777540488314,268.1284903435136,NO
1381.9326130111087,267.0728457145943,NO
1380.6170197378678,265.0348853316194,NO
1380.5513272353323,264.00967725551186,NO
1380.2362326309412,262.9151490965885,NO
1380.0015985850714,261.99941869633307,NO
1379.8030998777097,261.00506871583775,NO
1379.7772406934803,260.00873565914435,NO
1379.7294091880406,259.0164476773836,NO
1379.0267348625728,256.98434955612043,NO
1378.6387640800606,256.2247569872222,NO
1377.8990049946533,255.06335711895127,NO
1376.9869556407439,254.0134102600632,NO
1375.975072736415,253.0256264858069,NO
1375.0087283694722,251.99363602446942,NO
1374.5376046521071,251.23663761757675,NO
1373.7831743246463,249.08842611446502,NO
1373.0009585045254,247.99916748447586,NO
1371.9533702178965,247.08519883953778,NO
1370.7726898882627,246.37997272725943,NO
1370.0216842510733,245.96955058597766,NO
1368.976834722569,245.02441567481742,NO
1367.8448767037767,243.00667697904115,NO
1367.9206803032869,241.9857548294389,NO
1368.7710019431515,239.93754598513894,NO
1368.8823493758807,239.0023068750429,NO
1368.7244646936854,238.11072914054935,NO
1367.9141301795669,237.13636127162064,NO
1366.7175766003143,236.4843634677353,NO
1365.966837766086,236.07654874829495,NO
1364.734999250822,235.41531901680656,NO
1364.029086798435,234.96532699493952,NO
1362.7639047597995,233.11465869361905,NO
1361.76136341893,231.08062410922764,NO
1360.7881351364929,229.10745299304264,NO
1359.976811679619,228.01915810805215,NO
1359.025241808802,226.97919483499427,NO
1358.5607749493229,226.32905155840808,NO
1357.7737257390086,225.1704712933726,NO
1356.8747250627448,224.11864043898836,NO
1355.863797235468,223.18684566630876,NO
1354.693382545571,222.5572584244737,NO
1353.9483744270208,222.11421002542136,NO
1352.6413556928328,220.02250317238241,NO
1352.6357204978417,218.97785751967862,NO
1352.6954765112814,217.98029553818958,NO
1352.7152713046723,217.00558291574026,NO
1352.4409550032462,215.86597424033116,NO
1352.1083442940942,214.95806758341507,NO
1351.8414391829842,214.0753813718523,NO
1350.6773491264332,212.17120250078713,NO
1349.6684097137977,210.00262645768498,NO
1349.6935610346945,208.9873819257914,NO
1348.9497945586368,207.05006117246506,NO
1347.9457312895406,206.0602722381557,NO
1346.8572444307101,205.2272192904497,NO
1345.830858872021,204.0393310443256,NO
1345.0485543049454,201.98098246496608,NO
1344.7867652409602,201.05988099307274,NO
1344.6021225691388,200.7381692554699,NO
1343.8164742339964,199.08810124646493,NO
1342.8368482248452,197.025379166719,NO
1342.6289051704318,196.10614649057152,NO
1342.0154253713565,194.9892559595914,NO
1341.533750065421,194.4160783564735,NO
1341.0275372559413,193.9658463467772,NO
1339.9262260328132,193.3228060909778,NO
1339.0,193.19607843137254,NO
1338.0,193.19607843137254,NO
1336.993448328835,193.17586065064634,NO
1335.9885749384466,193.11081200997364,NO
1333.8277867168317,190.99982761433168,NO
1333.951777162605,189.99101731476054,NO
1334.764867557541,187.9003859115161,NO
1335.0089338658468,187.00282717276815,NO
1335.2326514806912,186.0731789895416,NO
1335.3294097316546,184.89845263695125,NO
1334.9315346532399,184.0811118157121,NO
1333.8268007489025,183.3068821555635,NO
1331.8011151964254,182.29486834732404,NO
1330.745949202745,180.01095905408096,NO
1330.6390794384847,179.06209790520825,NO
1330.0370650367947,176.989944732547,NO
1329.80655564589,176.08065364755402,NO
1329.5810239288428,175.74653317488054,NO
1328.6855871355706,174.33480719241518,NO
1327.9917248152599,174.0202506552387,NO
1326.4804476687782,173.29190876762414,NO
1324.8848425241297,171.00726218297712,NO
1324.7508644024854,170.0596057607544,NO
1323.8576426003513,168.0632699559153,NO
1322.9166443690208,166.01353783947394,NO
1322.8112699848975,165.01480235415335,NO
1322.7471305588278,164.0109080936221,NO
1322.4186636010477,162.85575456006202,NO
1322.0261354750148,161.98181596738777,NO
1321.5795546654706,161.43865358549903,NO
1321.0106070142017,160.9828964402969,NO
1320.0937504009362,160.65600533129464,NO
1319.009164953556,160.42492058258955,NO
1318.009604817996,160.4453142979563,NO
1316.9830166158924,160.43307629151494,NO
1315.940294095681,160.31393747770096,NO
1314.0928903762917,157.9657876984529,NO
1313.8464634728562,157.05047776314044,NO
1313.3803957480523,156.4444281740537,NO
1312.5086383278122,155.55291454053565,NO
1311.6868166936817,152.9871042176504,NO
1311.8421620113984,151.96029842105676,NO
1312.6031836758914,150.29482969341964,NO
1312.794767776483,149.9314348316836,NO
1312.9485120983484,148.9962962096922,NO
1312.9702038719468,148.00093584596317,NO
1312.9317730284843,147.00493614359215,NO
1312.8654923092772,146.0105496228215,NO
1312.7967847458276,145.01195383852533,NO
1312.728474769251,144.02289330422283,NO
1311.9421862578504,142.04591091210696,NO
1310.9596179078458,141.0452981729697,NO
1310.03768236825,140.69214215796467,NO
1308.9760700341712,140.96415089286316,NO
1308.3015623279875,141.31167055897936,NO
1307.3950349034576,142.32897103950347,NO
1306.2986003800302,143.4044499684864,NO
1304.0064015077373,144.15546519817502,NO
1303.0,144.17843137254903,NO
1301.9945267945013,144.1673474049411,NO
1299.8556329653907,143.29346146169385,NO
1297.7949214163218,141.10635588897998,NO
1296.9643209227495,140.03567907725056,NO
1295.9615683910085,139.0384316089915,NO
1294.7470537957206,137.03114352514766,NO
1294.7070406222495,135.9873625365518,NO
1295.5719288889904,133.6322205857646,NO
1296.5639259196428,132.56392591964266,NO
1297.0093785707406,132.00783861754957,NO
1297.4448217738059,130.99392169004994,NO
1296.9886299133923,130.01074277091863,NO
1295.9370311671546,129.14290336173164,NO
1293.9171844005198,128.3083702670662,NO
1292.9848121390316,128.1380590175988,NO
1292.0223954594685,127.93910448003952,NO
1289.9802689378487,127.30493458487926,NO
1288.9889411119168,127.25636513092572,NO
1288.0734515555723,127.37059648288533,NO
1286.9827560354393,127.97816925648445,NO
1286.3576908549708,128.43548290458992,NO
1285.1759385063574,129.25488526800726,NO
1283.0919653417461,130.23773174161903,NO
1281.2005519730346,131.32201301661632,NO
1280.0307808668545,132.07072549949257,NO
1277.979459947518,132.9288998168051,NO
1277.0500857813533,133.15025734877997,NO
1274.9870547802443,133.95416937976756,NO
1274.0589923710425,134.17962421981056,NO
1271.796147196368,130.71625335978072,NO
1272.9258093013316,129.8853416460325,NO
1274.8289733930399,128.74217280037047,NO
1275.6333167296727,127.78063522681482,NO
1275.7114821335338,127.06780169888455,NO
1275.5290435960478,126.4709564039522,NO
1274.9635730555958,126.07651401494643,NO
1274.0289407861308,125.8604284297761,NO
1271.9570194115008,125.24980839664936,NO
1270.9895604462392,125.13310431020231,NO
1269.9949049269055,125.06132503810939,NO
1269.037647266932,124.89146003237487,NO
1268.1296423619826,124.61726742923096,NO
1266.9872924978624,124.29458300189955,NO
1265.994311953813,124.26371851039772,NO
1265.0062258470823,124.26459849261803,NO
1264.0067689446778,124.28768013969133,NO
1261.676295159787,121.97968910791344,NO
1261.7430706521359,120.97984867856125,NO
1261.705242575566,120.03161536838219,NO
1261.3612599774742,119.33065343478935,NO
1260.7235070563129,118.40263486910199,NO
1259.97836768574,118.11280579729896,NO
1259.0006935584931,118.0393016460947,NO
1258.006526712086,118.08534930698735,NO
1257.0389926529433,118.20391238788446,NO
1254.9853464697092,118.95757712450107,NO
1254.095856392241,119.21000598495925,NO
1252.0927228124083,120.1971485003331,NO
1250.040480288145,121.12118785630375,NO
1247.9847454710339,121.92215472074541,NO
1247.0047446908684,122.05041234005108,NO
1246.001117793942,122.1128971913038,NO
1243.634828927438,119.98043067033996,NO
1244.9858466776334,117.98062083621097,NO
1246.057180409108,117.07753453898928,NO
1246.788951502514,116.72092760628543,NO
1248.4769362496697,115.77121603799661,NO
1249.906499934836,114.82816203924985,NO
1250.9265095895553,113.91778668821391,NO
1251.4541599858321,113.45415998583212,NO
1251.512655768338,112.53903221816901,NO
1250.9562896052796,112.1580298886049,NO
1250.003005044617,112.08066172557788,NO
1249.0551966221299,112.25601248281247,NO
1246.992524770592,112.92607828788675,NO
1246.0000820086766,113.00144222159555,NO
1245.00710002075,113.07543771983394,NO
1244.0356664679439,113.19801040350762,NO
1241.9681452297295,113.86520841694285,NO
1241.0101553174102,114.04932582784991,NO
1240.0903527273335,114.26639481532021,NO
1238.0113945615547,115.06254623560947,NO
1237.1203282550082,115.29890235712224,NO
1236.0271040329117,116.03207030116403,NO
1234.1050212528887,117.27511702723812,NO
1232.0081075288012,118.06806236616092,NO
1231.0163893786264,118.16717166073714,NO
1230.0669178961157,118.31451411365983,NO
1227.9935311965448,118.96616578807449,NO
1227.0494397324221,119.16111130071185,NO
1226.2671215218743,119.57711442157319,NO
1224.1262746446916,120.30717372473262,NO
1222.1113387993041,121.30044346307706,NO
1220.0130760545605,122.12006195272923,NO
1219.017149155445,122.21331877195252,NO
1218.0241218467352,122.29290815519389,NO
1217.0215007291017,122.36551239336481,NO
1214.9833136414518,122.95292234684317,NO
1214.006976652228,123.13550805493503,NO
1213.0065729736841,123.1764324551205,NO
1212.0036082336223,123.20446656228394,NO
1210.9963940514058,123.204337077364,NO
1209.9868761681837,123.16186058635034,NO
1209.0205740090914,122.95195942998625,NO
1206.9944498797445,122.0118542659374,NO
1204.9838709441678,121.26534897371576,NO
1203.995538717358,121.2275254088136,NO
1203.0044603704032,121.22747888463071,NO
1202.0105716010203,121.25673889887958,NO
1201.019210286458,121.30616393814081,NO
1200.0300122443552,121.37332305546705,NO
1199.0171770577922,121.43801497043692,NO
1197.990319156547,121.44883911466663,NO
1196.975470258342,121.40355380018664,NO
1195.9796606612183,121.34576875800018,NO
1194.993926230196,121.30976225192755,NO
1194.006074306126,121.309789604346,NO
1192.0007599908615,122.00170330500875,NO
1191.022791069928,122.2472708521337,NO
1190.026578425318,122.33060969488855,NO
1188.0024421668365,123.00587440106354,NO
1187.0171872120984,123.2410983938862,NO
1186.0062207397948,123.28841612362227,NO
1185.0060668226,123.30940794453065,NO
1184.0139420829805,123.33859346617797,NO
1182.0193711903332,124.04094172999925,NO
1181.029950027365,124.32494169037801,NO
1179.1198965054225,125.11957464083862,NO
1178.3835961307598,127.03110239014299,NO
1176.0087812339473,128.44784291962642,NO
1174.9895060057386,128.44599474198682,NO
1173.9836928783193,128.415831599757,NO
1172.898538951737,128.69292914359986,NO
1172.0156609304793,129.0217844087578,NO
1170.9873473539799,129.98771894432718,NO
1170.0032416975712,131.00305074191832,NO
1168.9948953199864,131.99394373671038,NO
1168.3284940575688,132.53012724714662,NO
1167.0425247845103,133.1055952567611,NO
1166.2792141070333,133.53035082241882,NO
1165.0565636398394,134.10975421641015,NO
1163.9810908080224,134.97861284784295,NO
1163.4541362652167,135.51818114682536,NO
1161.0358975936033,136.35207255356067,NO
1160.0075395625206,136.4272418560091,NO
1158.976397246138,136.40124681415776,NO
1157.957741879202,136.29521582928712,NO
1155.9656094451395,135.03345220379788,NO
1154.8838436692574,134.28687600052228,NO
1154.0376395868977,134.21028582981504,NO
1153.240795907549,134.46065304591687,NO
1152.037584125359,135.07647023745062,NO
1151.2635024585013,135.50409166563776,NO
1149.177817401435,136.40336749927846,NO
1147.0549103487028,137.15922279398205,NO
1145.9227058568522,137.82156564666244,NO
1144.207400874985,138.42965853663895,NO
1142.0553502576345,139.18489340058332,NO
1139.995854885179,139.98134698273535,NO
1139.0558270972788,140.18642621987914,NO
1137.919685912889,140.81216159327215,NO
1136.0771469595225,141.24962552086146,NO
1135.7643844330848,141.44467457993332,NO
1134.003299060578,142.02551617282577,NO
1133.04395640578,142.1790887580698,NO
1132.2219548837986,142.52271458959694,NO
1130.1421535847521,143.28881997958652,NO
1128.006031728475,144.06408711450615,NO
1127.0055565139464,144.13494391904047,NO
1126.0108648519347,144.1847024822005,NO
1125.046858604071,144.28861319815613,NO
1122.977047012098,144.90910616857818,NO
1122.0552144602389,145.13692594005823,NO
1120.935183544555,145.89003643839618,NO
1120.1172907357254,146.18870665226888,NO
1118.2231467460247,147.39919720772846,NO
1116.0936075211257,148.29772390766453,NO
1113.9990109199937,148.98510474956765,NO
1113.0003972938318,148.9932729399818,NO
1110.9035091522076,148.37241363757184,NO
1110.0242229088174,148.30693412432603,NO
1109.2793959620715,148.62818437647252,NO
1108.9104086294474,148.8007448786727,NO
1108.042627102493,149.08456824866036,NO
1107.3119892000004,149.53713605452214,NO
1105.0260110245943,150.25510812648946,NO
1103.8764308422262,150.55037442323933,NO
1102.9510836191168,150.86714594520444,NO
1102.0145540593098,151.07380459812796,NO
1101.1344173883656,151.31891183570448,NO
1100.0367555082762,152.04449941803517,NO
1098.9874033129806,152.98313981978094,NO
1098.2913322130032,153.44290840140482,NO
1097.0390593687773,154.10133116671892,NO
1094.9924324596482,154.97382112510562,NO
1094.0776975694746,155.21162671587663,NO
1092.0147264946502,156.09185651209623,NO
1091.0117297272673,156.19940536280032,NO
1089.9960524141993,156.22369651814566,NO
1088.9865104424377,156.17199185859667,NO
1087.9923316054987,156.095387350303,NO
1086.9983218696711,156.02951194800693,NO
1086.0002111405172,156.0107681661008,NO
1085.037019976636,156.13496258870381,NO
1084.2787971920768,156.46232701632846,NO
1083.1752433487798,157.2072841042736,NO
1082.1562664420476,158.16162721381383,NO
1081.1064893108714,159.13190809874098,NO
1079.2012468980506,160.34506360816798,NO
1078.0515914976895,161.0872365259765,NO
1076.9848309906672,161.9825509854191,NO
1076.387337079169,162.51002303322866,NO
1074.0,163.19411764705882,NO
1072.9834634905517,163.1447310444167,NO
1072.0318260770816,162.93001390873155,NO
1071.1575501692512,162.5985982929368,NO
1070.0721718440932,162.3951848607861,NO
1068.1530963517278,163.24795332741098,NO
1067.0240026182635,164.03879493030914,NO
1066.3503559726416,164.49527595530634,NO
1065.1320313706979,165.22751834974875,NO
1063.2027435100738,166.36115244132336,NO
1061.0663115244527,167.24577368234364,NO
1058.9924488404374,167.95919072691623,NO
1058.043271248578,168.1462537140925,NO
1057.2334097876658,168.51749876791013,NO
1055.191896290445,169.40250113725077,NO
1053.136932507725,170.3226301525171,NO
1051.0894998025033,171.20378416733257,NO
1049.0714992161581,172.14763263724052,NO
1048.6912746600108,172.4076278612525,NO
1047.1742188026858,173.265647680588,NO
1046.0616292844984,174.0954965941536,NO
1044.1361559259713,175.25509672763465,NO
1042.173177655452,176.3694456519937,NO
1040.1871836734297,177.4317560286459,NO
1038.0063816837023,178.06509317327578,NO
1037.0356469050403,178.1923365874031,NO
1036.1159880299579,178.4150645852398,NO
1034.0016347995127,179.00676492359003,NO
1033.0945151482704,179.23588165832527,NO
1031.048497659336,180.12042108149893,NO
1030.2638298925892,180.57071806318734,NO
1029.034640866223,181.07999195258213,NO
1028.2247778417338,181.48112561812937,NO
1027.0407586649324,182.07485953754662,NO
1026.404380381778,182.60849621095173,NO
1025.1156239848096,183.21759970204212,NO
1023.0961412349005,184.22571163194638,NO
1021.0859490996536,185.1720976147909,NO
1019.0882421105899,186.18350105862015,NO
1017.0155004715946,187.08149732426696,NO
1015.9996177081167,187.19496887064892,NO
1014.9862223422707,187.1405321077862,NO
1013.996936504927,187.0781191237797,NO
1013.0147311567929,187.11490302056797,NO
1012.1310984470126,187.31463626876683,NO
1011.0027733917188,188.0043567279495,NO
1010.323214043183,188.40418081034468,NO
1009.1924780820569,189.2655132287168,NO
1007.642903378158,190.38128712054888,NO
1006.0733857150378,191.16718701459118,NO
1005.7108116061029,191.34542434653497,NO
1004.0285770667831,192.08049070882777,NO
1001.9818330222104,192.95268708363773,NO
1001.1067937862823,193.22147873459858,NO
999.1020352391006,194.21901504007832,NO
997.0463652677087,195.1431150761226,NO
996.0947575783948,195.4368324417955,NO
994.9619335322477,195.7196418458902,NO
993.9794558021136,195.85242900879032,NO
993.0009990744429,196.00536345236668,NO
992.0655472815932,196.2004355766847,NO
990.0205851416723,197.0527809735204,NO
989.201843393175,197.40642178577696,NO
987.1619178553492,198.3828881134561,NO
985.0462203115703,199.15563982813194,NO
982.9687270650103,199.90303423215994,NO
982.0787225874018,200.15495170129398,NO
980.1515832206046,201.26823944412467,NO
978.1523856783427,202.34679415458962,NO
976.0842749850677,203.22178885602418,NO
974.0782301356219,204.1429836587318,NO
972.0729372857371,205.1854236755068,NO
971.7282139008507,205.36640946094957,NO
970.0153412564277,206.04784049563906,NO
969.1559232788348,206.33956624030156,NO
967.0994759713863,207.22401882008108,NO
965.045929974605,208.12660696680993,NO
962.997477879194,208.9912179386174,NO
962.0884705396604,209.22816087964227,NO
960.0209472103697,210.05637792166883,NO
959.227110742067,210.40628857777858,NO
957.1894985413651,211.45479649340274,NO
955.1161204867684,212.24367253246717,NO
953.1102115563674,213.21697069236427,NO
951.2194983927849,214.38875018236612,NO
949.1052485302353,215.26650651897484,NO
947.0839217548247,216.16922574682013,NO
945.0849495764179,217.18782820206445,NO
943.1224903959718,218.21604818416125,NO
942.0122409406041,219.0208760234065,NO
941.2713946986207,219.43170695213573,NO
940.0869322054573,220.15041796034618,NO
938.0929338159119,221.2147750790296,NO
936.1166830468359,222.20394167480933,NO
934.2131309507728,223.36514723796765,NO
933.0752911368046,224.11775534216108,NO
931.1250090394993,225.23790134991557,NO
929.2096228065907,226.37591011673118,NO
927.2030538410331,227.44228394968653,NO
926.0482132321724,228.07625470145868,NO
924.9834267695363,228.97849675787103,NO
924.2832483233002,229.3891689034551,NO
923.1228418424408,230.194541360647,NO
921.2150035670303,231.41892447061338,NO
919.1617770430876,232.38988745604487,NO
917.136153919729,233.2699661322272,NO
915.2590358446513,234.4016243738446,NO
914.1071865800031,235.16600848179613,NO
912.1550760182059,236.31135417769497,NO
910.1062049786544,237.23860905564484,NO
908.273725203301,238.37264846268508,NO
907.106369344706,239.17872649480358,NO
905.1123105652213,240.24719903408155,NO
903.0724341400576,241.16716988332604,NO
901.2165114773692,242.31458933795975,NO
900.0833324830286,243.13256684502278,NO
898.0130014734908,244.0683582621705,NO
897.0602942093903,244.25698730752697,NO
894.9891181899494,244.95562886345158,NO
894.0768401074607,245.18515195947344,NO
892.2189751063851,246.3110762189343,NO
891.1552238785965,247.18283176805733,NO
890.0364553701572,248.06700544109353,NO
889.2600017094531,248.52372834040727,NO
887.0220699868,249.18451956013664,NO
886.0177626007948,249.28309144805334,NO
883.9962220794935,249.99378051717494,NO
883.2524590749217,250.43204335149312,NO
882.0526379469924,251.10236503733867,NO
880.9430087938331,251.8908516664165,NO
880.0778061512128,252.17101555128903,NO
878.0666243470116,253.18159196461963,NO
877.72217783887,253.37914337772935,NO
876.0713355034756,254.15544751275382,NO
874.2130352084156,255.31086683139438,NO
873.0957055693165,256.1323511937685,NO
872.0157941463723,257.02310065749253,NO
871.3367832876602,257.4826224649411,NO
870.1495968386243,258.22439526597395,NO
869.0616333637302,259.0833487480428,NO
868.0000599678989,260.0000816119458,NO
867.3341862953611,260.4474940975046,NO
866.1858055273979,261.2567293191816,NO
865.0952423820503,262.1239501956788,NO
864.0433586170943,263.0525601257738,NO
862.1815564036467,264.30509824298883,NO
860.2167284440906,265.4472650808725,NO
858.5997596430435,266.3868239016831,NO
857.1564028363617,267.2757350269242,NO
856.0285755428474,268.049538294728,NO
855.3137094558127,268.5233667941984,NO
854.0981411936232,269.1672260764162,NO
853.0044836952778,270.0068326753364,NO
852.3261467447852,270.433486194103,NO
851.226796496435,271.2681827333873,NO
850.1225492527556,272.1762374864624,NO
848.2323058240701,273.4019611186764,NO
847.0780556145826,274.1228293830599,NO
845.1586797835613,275.29972847893714,NO
843.2221653980697,276.4079369479406,NO
842.0608406554305,277.097706927698,NO
840.9933631188871,277.9909073668806,NO
840.2585897225509,278.4058583198698,NO
839.0828802926974,279.1438066651935,NO
837.1098012076012,280.230961161342,NO
835.091850262779,281.22237432871475,NO
833.082532122927,282.16109981991076,NO
831.1882741683971,283.30107977908216,NO
830.0584731025766,284.0933856092716,NO
828.1743131230915,285.29871279838335,NO
827.0367998160704,286.0645946682062,NO
826.3396116648789,286.57811757516816,NO
825.0956527455536,287.172746001056,NO
823.1848817679,288.3281000426025,NO
822.0368861958316,289.064954971548,NO
821.4095088807122,289.57712180223945,NO
820.3104730713643,290.3622185643012,NO
819.2284495538527,291.305239316989,NO
817.1314519291451,292.3394817832012,NO
815.0896357162318,293.18339511730306,NO
813.0430322225653,294.1267351445031,NO
810.9830009761241,294.9295351647025,NO
810.0459895607845,295.1412430248712,NO
809.2522616434504,295.543563772111,NO
808.039353818237,296.08106523682983,NO
807.3408249270734,296.5709924494127,NO
806.1230990835402,297.19511970273226,NO
805.0126652978859,298.02146743492517,NO
804.242750533258,298.4281019461661,NO
802.640956236359,299.3813837355455,NO
801.2206260889715,300.3002106619165,NO
800.1183646832902,301.1637708702271,NO
799.0410533836653,302.05421761029004,NO
797.9906225320467,302.9884661393616,NO
797.3950255953833,303.42308349271815,NO
796.4445028375745,304.4003569912081,NO
795.3328865958684,305.46174591564005,NO
794.0717620712302,306.16374637930363,NO
792.1895505435998,307.26490936867026,NO
791.1498394901068,308.15366314980463,NO
790.1047539255296,309.12868777229124,NO
789.012394922932,310.02200157332567,NO
786.9998504567095,310.9997021292195,NO
786.1866163809846,311.3383230162574,NO
785.0470603156962,312.0751764969362,NO
783.1966272133701,313.32274887149487,NO
782.0387097891243,314.0765853111755,NO
781.2668533111395,314.54197532621487,NO
780.0436167622341,315.0920798327328,NO
778.9339523251758,315.8657642181378,NO
778.0581829413793,316.13407373429345,NO
776.9398665454647,316.8914045575295,NO
776.1062153884326,317.18095116400934,NO
775.0150473813447,318.02129821966236,NO
774.3478578767521,318.5077925373687,NO
773.1620596744721,319.25345993580225,NO
771.1726274876273,320.33429448347556,NO
769.2428541793445,321.4055486721646,NO
768.065694622206,322.1148968734752,NO
766.9843908440054,322.9803741557962,NO
766.3640277365674,323.45940621196934,NO
765.277951558317,324.3229951096539,NO
764.0846450759735,325.14701512636606,NO
762.9912934584748,325.98848581131494,NO
762.3192019992074,326.4683618466517,NO
761.0797311410038,327.15319129263753,NO
759.2248682889553,328.34658600223526,NO
758.0650091747119,329.1104888442635,NO
756.9753253960716,329.9660239741582,NO
756.2568494044305,330.3843802182577,NO
755.0666769492923,331.1187243602553,NO
753.2123613445847,332.3180863046631,NO
752.0992695589252,333.1370865318323,NO
751.0126156898348,334.0197715498525,NO
750.3056936985213,334.4564467373842,NO
749.1442672857174,335.2030839451581,NO
748.0847239776043,336.09653968199467,NO
747.065577419865,337.07154804894145,NO
745.2036330151087,338.3967694779771,NO
743.1899222343978,339.413173415377,NO
741.2518999972732,340.42708225006965,NO
740.0746243199633,341.12728261206837,NO
738.1162665105006,342.236175109151,NO
736.1422663239197,343.2919094082906,NO
734.1719328737188,344.34126071424936,NO
733.0209674551979,345.03949885804076,NO
732.2824956739488,345.46400252808866,NO
731.094763245774,346.155627441277,NO
730.0038699322658,347.0059203176014,NO
729.2137376443783,347.40893681237475,NO
727.183152900993,348.3455454054006,NO
726.0484918947072,349.07599475964025,NO
724.9559636643133,349.92477839915017,NO
724.1109972697548,350.21886784411146,NO
722.1153317336057,351.2303920945058,NO
721.0100524610494,352.01473580401006,NO
720.3635786081428,352.4617225234669,NO
719.2550950434669,353.292448237834,NO
718.1039201422569,354.1869701974098,NO
716.0796826678328,355.2004648116225,NO
714.0969270295142,356.1601485882071,NO
712.210814375189,357.3843025129386,NO
711.0436125142311,358.08219281176196,NO
710.2686733767855,358.5520579813623,NO
709.039773332405,359.08512407328976,NO
708.3983453807417,359.5523125987697,NO
707.2487260208457,360.294280238632,NO
706.160026585241,361.21336877502233,NO
705.0547808404842,362.0834323295463,NO
703.1787392999976,363.29446407964247,NO
702.0488972572217,364.08162227213205,NO
700.9452572792472,364.89314412204703,NO
700.090206554536,365.17141245541734,NO
698.1714250134445,366.30211138067847,NO
697.0304152391924,367.05600776564984,NO
696.3187088184599,367.5215235608581,NO
695.1513127171488,368.21691249577407,NO
694.0341428857147,369.05787635417386,NO
693.3628013176046,369.55857036979125,NO
692.1395193379906,370.2254705066104,NO
691.0175123443167,371.02993145774406,NO
690.2921585734258,371.4649254226064,NO
688.7138937806336,372.39484197219025,NO
687.0997970777898,373.15939534074914,NO
686.0627529380362,374.06310948457065,NO
685.0863586696562,375.0768149884207,NO
684.0692222504019,376.0860302100174,NO
682.0607919584143,377.16842948770255,NO
680.9307911009627,377.87582685415254,NO
680.1080469534987,378.1670605587819,NO
679.0092790014797,379.01603079471425,NO
678.2572720000757,379.4287866866629,NO
677.0638814334927,380.11832428802546,NO
675.0716477615837,381.1722595075156,NO
674.715123144948,381.41013735471427,NO
673.0690546860569,382.1607679449687,NO
671.0683167552745,383.1584593887437,NO
670.6989045697858,383.39339427903457,NO
669.1548988909101,384.2549663301739,NO
668.0303674883883,385.05193804615726,NO
667.3497569915845,385.53260357268124,NO
666.1587631653543,386.2329817281006,NO
665.0431112280733,387.0692540079974,NO
663.959501261898,387.9451197998078,NO
663.2350674371603,388.3102509416542,NO
662.1239066661378,389.18128461137155,NO
660.1111578171484,390.2363898860545,NO
658.1518356944051,391.25976305646975,NO
657.0600657375932,392.075516731815,NO
656.0480367189197,393.04583260489704,NO
655.0502183101786,394.05277901816044,NO
654.0146267834629,395.0187803432625,NO
653.4087777755304,395.54592761397555,NO
652.2151156435075,396.27378354439566,NO
651.1598811598551,397.1716877720249,NO
650.1243056947948,398.14357496580647,NO
649.0422317441648,399.0688496401023,NO
647.9401723628004,399.8866423692091,NO
647.0952620495066,400.1614989411213,NO
646.005834110887,401.0087851422072,NO
645.283097416488,401.43820199991137,NO
644.0996162243213,402.158325401589,NO
643.0242966154811,403.0332439418874,NO
642.4946975191597,403.5951012223295,NO
641.5292454369031,404.4622758849539,NO
641.0141331259595,405.01130650076755,NO
640.0320580869732,406.0361407359726,NO
638.1411584962106,407.2452667045572,NO
637.031529085866,408.04834459809854,NO
636.436269371713,408.5918688132995,NO
635.1553718906216,409.26005041665377,NO
634.030390389708,410.05350095199356,NO
633.3003411928894,410.52559710559757,NO
632.1095460441184,411.1633009772156,NO
631.0507431116094,412.06344925122437,NO
629.1489860101528,413.29494691045574,NO
627.0659854969535,414.1903350682353,NO
625.0406114673305,415.0814907017483,NO
624.4390451395237,415.5699884342736,NO
623.2868365182871,416.32535902432693,NO
622.200884134149,417.2393141365909,NO
621.1405582246992,418.1607986073247,NO
620.1274912522779,419.12279610509705,NO
619.1624164445169,420.13680544466604,NO
618.1352499584665,421.17407978385324,NO
617.0226924126399,422.04136502453287,NO
616.3049636135471,422.4920841348786,NO
615.1359737420166,423.18907296766537,NO
614.0686705629053,424.0907473907271,NO
612.9988878281387,424.99831405750757,NO
612.2427906204925,425.39383550070477,NO
611.115407103652,426.156639107471,NO
610.0857777935806,427.09116415836786,NO
609.0636346036458,428.07255155586745,NO
607.9970378782989,428.99557297437656,NO
607.298575124177,429.41563762854713,NO
606.2112040488283,430.24796920389326,NO
605.1972836979762,431.19084704018286,NO
604.2475107962812,432.2162791534001,NO
603.2611952629696,433.2684506875611,NO
602.1592290904664,434.2179738036103,NO
601.0306390398513,435.0558711902054,NO
600.3521563093641,435.5278161960548,NO
599.1605557515359,436.2240384453032,NO
598.0813960953526,437.09910239088214,NO
597.0541862566994,438.05782503738703,NO
595.5225422083307,439.33881736592394,NO
594.0977037907098,440.1775059982337,NO
593.0486313748072,441.04919521571054,NO
592.1059303834754,442.08347774448345,NO
590.6745853083213,443.35942724635936,NO
589.1528760947441,444.21999244109514,NO
588.1209302899906,445.1220004664673,NO
587.1590559628411,446.14635031567485,NO
586.1750579057378,447.1773094638677,NO
585.1339357292649,448.1540932784978,NO
584.1076809072315,449.1112866609029,NO
583.1206988697177,450.1115762831767,NO
582.172498190634,451.14882690921206,NO
581.2358966030926,452.2086636124011,NO
580.2074355341846,453.2431874495939,NO
579.0719091419473,454.12129253121867,NO
577.0267187468771,455.0892752685187,NO
576.1349350359499,455.37781810544215,NO
574.0747859116162,456.16431065551365,NO
572.1487494737888,457.26463980493196,NO
571.0181872584201,458.0328295431868,NO
570.3132430421532,458.4579280506871,NO
569.1802969760538,459.2336926257962,NO
568.0949537311624,460.1221794065232,NO
567.0243193007982,461.03280277561333,NO
566.4786814539053,461.57750601126565,NO
565.5303171690639,462.4943634678137,NO
564.9954539739742,462.9961274592059,NO
564.0463554019983,464.03820629909376,NO
563.0350847926891,465.0446383971614,NO
561.9820032621457,465.9776228242702,NO
561.30303674063,466.3786505082474,NO
560.2237607276531,467.2545711611623,NO
559.1899617127092,468.215719225817,NO
558.1248058630533,469.15805864668,NO
557.05059956447,470.0678856521587,NO
556.0091991620204,471.01002258281846,NO
555.0020440513888,472.0020657103051,NO
554.003563972343,473.0034090169854,NO
553.0267933924464,474.02259683660026,NO
552.1032833988947,475.07164916533435,NO
551.2484763189904,476.18118063742605,NO
550.245429685154,477.27538041655504,NO
549.2039458900849,478.2223075873629,NO
548.1810996378925,479.1935892593744,NO
547.1559037866431,480.17005467394364,NO
546.1253919170695,481.1405791376059,NO
545.1000417552455,482.10533808764103,NO
544.1100234113395,483.10479153183155,NO
543.1092294105214,484.1111263000708,NO
542.1276232521482,485.1149314397322,NO
541.1805889930869,486.15702277127156,NO
540.1014428793028,487.1603817582027,NO
538.06666170032,488.22664978108776,NO
536.9385946163354,488.5826940464645,NO
535.9527622123487,488.86154441144583,NO
535.043235020492,489.10268317698905,NO
533.0205234849361,490.03858737727774,NO
532.2737232950839,490.4600881121046,NO
531.0783544207956,491.13645288908344,NO
530.0010254340059,492.0013608563311,NO
529.3663460647521,492.45367705848327,NO
528.149430181512,493.2685611515765,NO
526.0793244499223,494.1917361001164,NO
524.1754524657277,495.29404533456903,NO
523.0373638945592,496.06464787698616,NO
522.3864467764373,496.57268619024154,NO
521.1654973972142,497.2531549037099,NO
520.0359462913609,498.0631057128952,NO
519.3174075584056,498.55860382221044,NO
518.0936147810029,499.1625311918257,NO
516.1758549906955,500.31087163148686,NO
515.0396169238551,501.06644413605596,NO
513.9650162189585,501.95525063301545,NO
513.25812141786,502.35238231558935,NO
512.0782793422393,503.1367016616093,NO
510.9900879029064,503.9863500075571,NO
510.284260879124,504.41833400492425,NO
509.1463569473433,505.1799132019591,NO
508.2053144674121,506.1485977679637,NO
507.90126112354585,506.9411719290838,NO
507.066222662274,508.0407001316127,NO
506.11148497702806,509.1214023465593,NO
505.02194165326375,510.0363822276371,NO
504.29650025333365,510.47853760677816,NO
503.1494346872968,511.18794878491184,NO
502.14104350443927,512.1418970200084,NO
501.133226586933,513.1406624905874,NO
500.0985983616531,514.1121134028778,NO
499.059470159435,515.0691869199794,NO
498.0260272032101,516.0298747017882,NO
497.0001400422117,517.0001568629251,NO
496.482690536887,517.5184454164914,NO
495.4751060905001,518.4595853931658,NO
494.5426496499618,519.5243237819926,NO
493.5244993491667,520.5428313534603,NO
492.41251610027456,521.458351234779,NO
491.2292632466478,522.326861246564,NO
490.08617092658625,523.1366680710257,NO
489.01944042649507,524.0239088233508,NO
487.99885470284033,524.998827433837,NO
487.56915180560776,525.5691518056077,NO
487.0025497472123,526.0023871357548,NO
486.0263404690921,527.0237097941633,NO
485.02698380675434,528.0297922476099,NO
483.9995065610007,528.9994535468898,NO
483.5120351348225,529.531843094493,NO
482.9914160973656,529.9918107597995,NO
482.01376786226234,531.0124321740499,NO
481.0080498627173,532.0101157570164,NO
480.29604422229767,532.512272625242,NO
479.07569413656955,533.139708011673,NO
477.20095157733385,534.3101204377191,NO
476.062847996514,535.1009376894381,NO
474.99497729282984,535.9932362928696,NO
474.35046428747575,536.4129759618309,NO
473.3251328935699,537.3073317459457,NO
472.4342662450027,538.3943167127845,NO
471.4219807843182,539.4520656833608,NO
470.2877477742746,540.3350206174528,NO
469.1464379019283,541.2118119803636,NO
468.0516585022817,542.0748624893444,NO
466.9981764676565,542.9976655525153,NO
466.36243233053074,543.4592765893644,NO
465.1426655794158,544.223799814503,NO
464.05904956096225,545.0734819459877,NO
463.0395716515579,546.0415873636758,NO
462.02560859522566,547.0282856968176,NO
460.99589072221954,547.9950105877867,NO
460.35345754358445,548.4632269698621,NO
459.1700877438553,549.2395242942289,NO
458.0797368793749,550.107941326374,NO
457.02883425450403,551.0340085659842,NO
456.0097039170059,552.010198217909,NO
455.0000352275473,553.0000370219782,NO
454.540669174664,553.5640379853454,NO
453.2725586688044,554.3846907694391,NO
452.12485943885815,555.1716280965197,NO
451.1005205677277,556.0991225098828,NO
450.15242543485004,557.1302924185447,NO
449.1732446986603,558.1737745030322,NO
448.12102239688375,559.1502278112354,NO
447.05077802807887,560.0670077157592,NO
446.01164996042036,561.0128678377507,NO
444.9976404170648,561.9974677646901,NO
444.49250140861614,562.5291257799329,NO
443.3364922661428,563.3976726725233,NO
442.18751315430546,564.2500175328647,NO
441.1133044678785,565.1347025358037,NO
440.09159295455686,566.0990051023301,NO
439.0478930795445,567.062524977781,NO
437.9961254469741,567.9952759154042,NO
437.4438079577425,568.4781451412438,NO
436.47045431249893,569.4400479446031,NO
435.49845446867823,570.4984544686782,NO
434.306176114453,571.4143880508823,NO
433.1557771036582,572.2155111894621,NO
432.1293094036272,573.1269829961559,NO
431.2198611970409,574.1621628188061,NO
430.4081306085737,575.3018791439603,NO
429.375394931486,576.409961680813,NO
428.1849022975837,577.2632218573397,NO
427.08022342207136,578.1110083480656,NO
426.03521722668495,579.0415927574778,NO
425.0110408280793,580.012195027213,NO
423.9940232659957,580.9937188214076,NO
423.5215857192403,581.5215857192403,NO
422.4237781958673,582.4729593956412,NO
421.2283105934037,583.3210758402965,NO
420.10708402511875,584.1463910276912,NO
419.070610430091,585.0743631539594,NO
418.07994308004453,586.0756737551885,NO
417.0704332031536,587.0797827422725,NO
416.02281639127034,588.0293054558651,NO
414.98183209714716,588.978627516855,NO
414.33843620682245,589.3986880925204,NO
413.2219390940446,590.2767189815517,NO
412.15497162745316,591.1834781120497,NO
411.1362264418411,592.135423929075,NO
410.1721155286112,593.1504506385178,NO
409.1836561636557,594.1893509214729,NO
408.1361892750743,595.161031617878,NO
407.11552789536444,596.1162035032602,NO
406.15361837616956,597.1294396388932,NO
405.20083544231875,598.1796345538568,NO
404.1847832360008,599.2004477407796,NO
403.1852567691235,600.1818986434637,NO
402.25567493287093,601.2266566237012,NO
401.25837214187004,602.2889871491462,NO
400.1057145714348,603.1821889385202,NO
398.29049091854574,604.3342992480495,NO
397.33384592462124,605.2867388356299,NO
396.9667046658125,605.9738532550903,NO
396.0279942843413,607.0224752210356,NO
395.0444112831925,608.046324018076,NO
394.01882553314607,609.0214022125913,NO
393.00220860191075,610.0022611877154,NO
392.0085427695724,611.0081074695607,NO
391.0251424610988,612.023031261315,NO
390.0418515250454,613.039651707878,NO
389.069484807502,614.0585783301947,NO
388.1540225865691,615.1151240211302,NO
387.20588560451273,616.1930749407883,NO
386.2102622013139,617.2057542986795,NO
385.2540944237195,618.2252286928131,NO
384.4338614619767,619.3328067915437,NO
384.0035597592315,620.0025672916863,NO
383.07262909230917,621.0626772791483,NO
382.05345740379585,622.0634963556992,NO
381.0060267258395,623.0075570230233,NO
380.46334513219796,623.532702401142,NO
379.5524034579718,624.5124960075594,NO
378.99355730111625,624.9940242884586,NO
378.0015507311199,626.0015507311199,NO
376.9954105864312,626.9950570690843,NO
376.46830656781424,627.5027275637536,NO
375.3970218493888,628.3984272477404,NO
374.4986909269042,629.4511965605485,NO
373.9966139648461,629.9969901910043,NO
373.0120502014725,631.0120502014726,NO
371.99683412193,631.9964290304807,NO
371.4470010240637,632.4957964623761,NO
370.4658382114624,633.4314529617009,NO
369.98959021908007,633.9906001232615,NO
369.004303466193,635.004303466193,NO
367.98926957444684,635.9878647557123,NO
367.36710821096557,636.4542687018117,NO
366.2759311203758,637.3043070120002,NO
365.39562256566046,638.3128615639084,NO
364.9885209125531,638.9918740496627,NO
364.1054341364417,640.0690951853359,NO
363.27968721471456,641.1906248003752,NO
362.448558979274,642.3643156212864,NO
361.50357405932516,643.4850262119129,NO
360.5413907828156,644.5190444526031,NO
360.0218094360279,645.01693936675,NO
359.11962953056775,646.0866389142357,NO
358.16654708410687,647.1629432805527,NO
357.1068774592834,648.1336874060725,NO
356.04785617932004,649.0598772862436,NO
355.0079911008507,650.0091227885058,NO
354.5198397242457,650.5382230355369,NO
353.5534091612815,651.5342894651326,NO
353.01107024331134,652.0098196899796,NO
352.0431102338348,653.0391290759911,NO
351.02998603319037,654.035804216782,NO
349.1950339305782,655.2866714824314,NO
348.19671139573967,656.1739563521321,NO
347.37503756978793,657.2576636542428,NO
346.97534757574346,657.9814353371468,NO
346.02717451531714,659.0240873171736,NO
345.04789487502734,660.045230347872,NO
344.0920237918945,661.0721398638356,NO
343.314552405145,662.1728996649873,NO
342.0941855004972,664.0796375378512,NO
341.06530769232387,665.08089131727,NO
340.0154827434656,666.0185566888102,NO
339.55976404654194,666.5959508479406,NO
339.0051212124138,667.004653284353,NO
338.0842770206962,668.0573735923108,NO
337.2008221813185,669.1572635661432,NO
336.2357032466782,670.2215759287667,NO
335.25841917842035,671.2359129997158,NO
334.3275692004453,672.2807735893607,NO
333.4971355175336,673.4180649047037,NO
332.99643626536226,673.9968322359091,NO
332.0229278373989,675.0187839245131,NO
331.1224277045966,676.0805554884295,NO
330.3255852892299,677.2186507337395,NO
329.10890247356105,679.0676768132618,NO
328.21548999818054,680.170596244464,NO
327.3167876513044,681.2764080311587,NO
326.51884292793744,682.4520700771222,NO
326.0079254543537,683.0063068754436,NO
325.0703736152945,684.0523990541496,NO
324.14156666860106,685.1128478937342,NO
323.1780412892119,686.1638358597594,NO
322.24685444508754,687.2194651880166,NO
321.28132201175225,688.5571329115485,NO
320.23765121979784,690.1571888975603,NO
319.2844951195324,691.5249232626904,NO
318.17983281597446,693.1321921502432,NO
317.32613240753517,694.2636513154882,NO
316.2188824631969,696.1132645019273,NO
315.12779583439556,698.0764084564391,NO
314.27317301132155,699.2016617452438,NO
313.0872661304729,701.0570767646033,NO
312.19073166209944,702.1449747440174,NO
311.4536456137818,703.3242251903287,NO
311.02289384601255,704.0130687663748,NO
310.23566162888056,705.132593212241,NO
309.9371038829646,705.9591988573086,NO
309.0478469116192,707.0299488098108,NO
308.14514606947694,708.1119504683269,NO
307.29363687714766,709.2164255801589,NO
306.1092795108544,711.0734501663784,NO
305.37952057188653,712.214345578417,NO
304.22207857025063,714.1299045755933,NO
303.9319162901342,714.9582017713693,NO
303.06552244779164,716.0400031808674,NO
302.22480201933075,717.1485251069556,NO
301.27490769877164,718.551781746932,NO
300.19226350026787,720.1416434049067,NO
299.26728907309393,721.6393607101741,NO
298.19989454382966,723.1581555589628,NO
297.47143410575563,724.3426660711082,NO
297.0226814777053,725.0136183766558,NO
296.1685221305795,726.1104905600268,NO
295.4135621641219,727.2879530317316,NO
295.01367889028614,728.0076551587882,NO
294.2002853593052,729.1207137494765,NO
293.2279573055783,730.5749689538137,NO
292.2032378070664,732.1504358246027,NO
291.9172807711575,732.9479371013482,NO
291.05464543475233,734.0319944772051,NO
290.2021894934054,735.1371829371353,NO
289.57133502752873,736.3811807851542,NO
289.0458285933413,737.0268322851058,NO
288.3259528137691,738.1614532587412,NO
287.1446703062222,740.0968240374995,NO
286.41065593723295,741.2586022601835,NO
285.17148882582677,743.1155004620697,NO
284.43435953821927,744.2955627611046,NO
284.0222240662552,745.012191744509,NO
283.2255007138455,746.1312846628094,NO
282.3380007587958,747.6016022957792,NO
281.22835568652306,749.1595131544682,NO
280.0657718062887,751.0403788953646,NO
279.2149691783401,752.1451106082428,NO
278.50158138844324,753.3755954878508,NO
278.0281011769557,754.0168724638328,NO
277.23572380650177,755.1334691866532,NO
276.5887649616852,756.4452110824527,NO
276.0389433514805,757.0243758058235,NO
275.20016919895687,758.1281359895688,NO
274.91851355921165,758.9513463040917,NO
274.0727968343433,760.0425025016766,NO
273.2714497562937,761.1670712442793,NO
272.08907426462133,763.0585786347735,NO
271.30844137797493,764.1829480717063,NO
270.0903695839749,766.0624099374095,NO
269.28878980331797,767.1777983840155,NO
268.18635293299445,769.1061091608947,NO
267.36408693882413,770.2913780858819,NO
266.1947642426483,772.111355272992,NO
265.3223431263405,773.28027710359,NO
264.09328759203294,775.0599705911011,NO
263.29467053861714,776.1847188426282,NO
262.16766763468996,778.1013335548333,NO
261.5040569528389,779.3147667236974,NO
261.04019922481467,780.0219896675992,NO
260.1804138337042,781.1252581446834,NO
259.3516366266166,782.2748600759305,NO
258.10955673963093,784.0754563008549,NO
257.24051129920423,785.1745597668944,NO
256.09590346085577,787.0600288380622,NO
255.31036817973907,788.1902256522504,NO
254.16065485953962,790.102428572335,NO
253.45135706203155,791.2889440518098,NO
253.02955809512096,792.0158474125768,NO
252.22509143835157,793.1352625631076,NO
251.10994229538818,795.0659190409222,NO
250.2953824518596,796.1980533746024,NO
249.14673805219044,798.0947783545747,NO
248.20752395591333,799.1845590794543,NO
247.92111598201848,799.9513020472555,NO
247.07281099145195,801.0423915077785,NO
246.30842505054505,802.1764027286523,NO
245.1320678714923,804.0894559169237,NO
244.29659099637362,805.210408787913,NO
243.11721063868194,807.0789953523853,NO
242.33180208048472,808.2093814618582,NO
241.19739028324153,810.1163192796619,NO
240.16809485846917,812.0818745364193,NO
239.54052830823758,813.3382253356837,NO
239.04285389535983,814.02446279871,NO
238.23592416431003,815.1423253219717,NO
237.93803431930434,815.9608915955412,NO
237.06251486999284,817.038225652405,NO
236.05422519164875,819.026310448816,NO
235.387365386924,820.1868579041119,NO
234.24985282390637,822.1364646535922,NO
233.22576744006213,824.0984859062698,NO
232.32540717865606,825.483315310261,NO
231.12829828907957,827.0956623175384,NO
230.21058888321764,828.1740609786586,NO
229.42813861174542,829.3254892882037,NO
229.01060016101783,830.0065438621605,NO
228.17452018570805,831.1053410055515,NO
227.61462857269984,832.3597384649173,NO
227.0762352841229,833.0394972873231,NO
226.48838286693947,834.2221053387063,NO
226.06157380135912,835.0298218926921,NO
225.48257321474136,836.2106325912582,NO
225.05575406729145,837.0277924729284,NO
224.28809839563314,838.1720043438702,NO
223.3193741847573,839.5263744316369,NO
222.29313234885814,841.1684876894288,NO
221.10911936861845,843.0746071990033,NO
220.18343665988644,844.1481328600248,NO
219.4225029008166,845.2899768085151,NO
219.03217487490514,846.0163186735521,NO
218.35976077344318,847.1722490965072,NO
217.21423615883475,849.1121708160889,NO
216.17425370931267,851.0827849815184,NO
215.29143936880465,853.107988699157,NO
215.04363341974587,854.0125413418378,NO
214.33174058406863,856.1162050817765,NO
213.39947575488736,858.2102788538523,NO
212.31810665845398,860.164451999427,NO
211.42519582850056,862.1805024866273,NO
211.09762235603833,863.0304370011363,NO
210.1343699574881,865.0762805553849,NO
209.3725996366506,866.2446152745117,NO
208.25515101664712,868.1234218899904,NO
207.1113168095275,870.0641144439473,NO
206.3973678161773,871.23434510826,NO
205.26435675579748,873.1301872806066,NO
204.32761660360333,875.128261540769,NO
203.2872495599205,877.1535299422196,NO
202.53800344215983,878.4595047219838,NO
201.46507170149823,879.4994544461647,NO
200.59495660558883,880.5137776242478,NO
200.0397304671995,881.0256773316883,NO
199.27124051076038,882.1470275663225,NO
198.07857511158923,884.0512520170532,NO
197.45580455756132,885.1970749123951,NO
197.0485436840212,886.02379592275,NO
196.14924242100034,888.062490672526,NO
195.17062043528466,890.0838227529166,NO
194.27823736062226,892.0912346524508,NO
194.00183428994026,893.0008056488917,NO
193.7335029003819,893.9409526052523,NO
193.54069843800323,894.9720816687795,NO
193.5000000004902,896.0,NO
193.40480041190267,897.0492110305977,NO
193.1036034139796,898.0422539398186,NO
192.2264478466371,900.0802924007354,NO
191.97166773610184,900.9888893076528,NO
191.7108431579484,901.9399007369293,NO
191.5319660294362,902.9770571576212,NO
191.47582409078717,904.0195927553855,NO
191.4092010292919,905.0328965519319,NO
191.3318460487573,906.0266778184679,NO
191.27549656427436,907.0118841656064,NO
191.25394646997918,908.0004979342289,NO
191.26455980700567,908.9937750631674,NO
191.31212905159816,909.9742952560018,NO
191.39540009964662,910.9604599876668,NO
191.47544949068623,911.9804226693236,NO
191.50641260858342,913.0058069103304,NO
191.5507312470933,914.0281894121575,NO
191.64484254079915,915.0389976809699,NO
191.7484151302402,916.0276250047227,NO
191.83047592595938,917.011634004833,NO
191.88882562612247,918.0056677133928,NO
191.93025096522,919.00232496767,NO
191.94803586704276,920.0001018904514,NO
191.95903791324795,921.0008031781925,NO
191.9866490432216,922.0004712102094,NO
192.0330020251994,922.998123414307,NO
192.11654617656905,923.9862886855724,NO
192.23791289084133,924.9622138340972,NO
192.37613653323112,925.9542735977991,NO
192.47504327281987,926.9804393959405,NO
192.52116476929666,928.016900065895,NO
192.6197017161795,929.0462323405092,NO
192.78388030269724,930.0411051192073,NO
192.97329646209798,931.006335545384,NO
193.16972107123152,931.9567377657985,NO
193.37642971049215,932.946856984514,NO
193.48841398155685,933.9904232550139,NO
193.5000000004902,935.0,NO
193.5000000004902,936.0,NO
193.5000000004902,937.0,NO
193.5000000004902,938.0,NO
193.5000000004902,939.0,NO
193.5000000004902,940.0,NO
193.5000000004902,941.0,NO
193.5000000004902,942.0,NO
193.5000000004902,943.0,NO
193.5000000004902,944.0,NO
193.51283731135982,945.0114626518605,NO
193.54346940017925,946.0161128436785,NO
193.58977518799267,947.0217177839311,NO
193.6534351016097,948.024463404379,NO
193.72763876538974,949.0213616654995,NO
193.8072258498318,950.0158755173675,NO
193.90167105429484,951.0104112999168,NO
194.02402248000362,951.9963259735315,NO
194.15154859665518,952.9821707539365,NO
194.25242346491422,953.9802020811462,NO
194.33682794404723,954.9663172035777,NO
194.42770305154085,955.9656160306566,NO
194.48781534903094,956.9894784926857,NO
194.5000000004902,958.0,NO
194.51330180357283,959.0114517226316,NO
194.57088357772582,960.0328147871189,NO
194.6489115240295,961.0289131670037,NO
194.71645752361417,962.017234935445,NO
194.77999872661388,963.0146667509019,NO
194.84671664944605,964.0105194454018,NO
194.91567276138014,965.0059525109095,NO
194.99710094194285,966.0002728525253,NO
195.09773211165842,966.9886937360936,NO
195.22011023815858,967.9650413142955,NO
195.3610825050242,968.9490236487148,NO
195.47467941663936,969.9804543782528,NO
195.5209108068783,971.016909029274,NO
195.6048415854602,972.0418403018452,NO
195.71620821646633,973.034500177698,NO
195.81908209806735,974.0184465311296,NO
195.89856397330405,975.0069612958011,NO
195.9089093022751,976.0007215104695,NO
195.83126543114224,977.0021772201825,NO
195.11599493489754,979.0547335425128,NO
194.29451936927904,980.2108621124943,NO
193.16559781549628,982.0822846265932,NO
192.3168302996801,984.0991900364891,NO
192.0716612525314,985.0204746426285,NO
191.87060897400346,985.9728929427578,NO
191.6966188740268,986.9593231996108,NO
