X,Y,is_wing_root
275.5279329596363,1087.0,NO
275.58264985304,1088.034973477885,NO
275.7126402201653,1089.0425420915683,NO
275.8954835006695,1090.023355640989,NO
276.1010775971566,1090.9690636969265,NO
276.97114530933305,1093.0138868395593,NO
277.2744669139599,1093.8461465800547,NO
278.06193862978665,1094.9561603226198,NO
278.99819496635814,1096.001583751032,NO
279.5170583122758,1096.4884865420083,NO
279.99662326652276,1097.003805524794,NO
281.0436877064997,1097.9359589609362,NO
282.1661478339462,1098.688811045884,NO
282.99417019894406,1099.0116596021119,NO
285.0308275066632,1099.8992778712945,NO
285.97523561476453,1100.1068150607045,NO
286.95637236124435,1100.2946923436386,NO
287.9680698009547,1100.4233707880444,NO
289.0,1100.4720670403638,NO
290.0319301990453,1100.4233707880444,NO
291.0455841250905,1100.3079078547173,NO
293.1637283690358,1100.855234521568,NO
294.0643297525207,1101.9678351237396,NO
294.54978688130456,1102.7261845879866,NO
295.1269689850029,1103.9365155074986,NO
296.1274761346941,1105.936261932653,NO
297.1274761346941,1107.936261932653,NO
298.13643681256576,1109.9117346375172,NO
299.24754965104,1111.892930175987,NO
300.236190608455,1113.870441720618,NO
301.35579701389685,1115.79170677889,NO
302.0957158178236,1116.9521420910883,NO
303.0653887199439,1118.9673056400281,NO
303.54978688130456,1119.7261845879866,NO
304.1269689850029,1120.9365155074986,NO
305.13036514898585,1122.928891739733,NO
306.16775964521923,1124.8985383774752,NO
307.2873065473099,1126.7908107877092,NO
308.1264903876753,1127.9367548061623,NO
309.13398201822923,1129.9191052007652,NO
310.20387932495856,1131.9159770055114,NO
311.17482027056514,1133.8388911293173,NO
312.1462217388775,1134.8537782611224,NO
314.06734798808765,1135.854459853497,NO
316.0692866761908,1136.8441439093467,NO
318.06373290427024,1137.541685428878,NO
319.0524119733176,1137.8593152391709,NO
321.09542356932724,1138.5876492659136,NO
322.03872079734737,1138.8960652353057,NO
322.9604487309096,1139.1276654829876,NO
323.93676372878195,1139.3856631964627,NO
325.0346808753185,1139.5817402660632,NO
325.9838798561405,1139.6025008484464,NO
327.07420775536343,1139.4379173719742,NO
328.05152917119733,1139.2210909725832,NO
329.01039572188347,1139.077967912368,NO
329.99782005314455,1139.0397061743593,NO
332.1137868968714,1139.7286620218981,NO
333.4375415245214,1140.5884207758636,NO
334.2343257746595,1141.9248565691712,NO
334.9285376704642,1144.0323173595145,NO
335.2449783367223,1144.7550216632778,NO
335.9625175677201,1145.07609580006,NO
336.94204934686746,1145.378908104773,NO
338.0279787878673,1145.5397038286865,NO
339.05572119866514,1145.6944321157487,NO
340.0255357596571,1145.9020809189853,NO
340.96574586265666,1146.114180462548,NO
341.9384245577098,1146.3450931254815,NO
342.9913650072209,1146.4893162343897,NO
344.02797570243223,1146.5397545890687,NO
345.05628309713074,1146.6946342598544,NO
346.0270361428398,1146.8850963898526,NO
346.98795483077726,1147.0639899594948,NO
347.96208100175016,1147.227513989499,NO
348.9522083935572,1147.3749803036376,NO
349.9822115437336,1147.4774796253141,NO
351.0150726903145,1147.5195579776466,NO
352.0610622107743,1147.668705026223,NO
353.0328015680637,1147.8628786926722,NO
353.9920194730941,1148.0423965478617,NO
354.95467202760864,1148.2140487583338,NO
355.95011944809954,1148.3913704913778,NO
356.99135783384054,1148.4897227259235,NO
358.0,1148.5000000004902,NO
359.0,1148.5000000004902,NO
360.0,1148.5000000004902,NO
361.04027616806246,1148.5629607467895,NO
362.0517337524558,1148.7193168746119,NO
363.02154683295566,1148.8779012799178,NO
363.99472320326385,1149.0320376944005,NO
364.9677832700025,1149.1846127168726,NO
365.94895012055014,1149.33812258863,NO
366.9736241606624,1149.4638509809113,NO
368.0405266391082,1149.569404463101,NO
369.0546567960671,1149.8310608063834,NO
369.9706287785908,1150.0723638793738,NO
370.93693383379,1150.3573749418567,NO
372.028786799725,1150.541210382807,NO
373.0562916294444,1150.6978028260999,NO
374.0268598356646,1150.8848864180773,NO
374.99396728794756,1151.043333563188,NO
375.9960410306208,1151.1346049634085,NO
377.0039867374557,1151.1355490780402,NO
378.0031411260075,1151.1067982878371,NO
379.0,1151.092156862745,NO
379.9970849568155,1151.1061908576198,NO
380.9829254026695,1151.1674623973297,NO
381.9557942304551,1151.278332616528,NO
382.9578366571471,1151.4135250944373,NO
383.9913541502104,1151.4899314649554,NO
385.06548657181975,1151.6484405030083,NO
386.0332349352433,1151.904776312748,NO
386.9675620946951,1152.1262849790335,NO
387.9495614014084,1152.334073845158,NO
388.97362416888217,1152.463850836356,NO
390.0,1152.5000000004902,NO
391.0,1152.5000000004902,NO
392.0,1152.5000000004902,NO
393.0,1152.5000000004902,NO
394.0178046485495,1152.4779142602913,NO
395.04073141496565,1152.3994811862756,NO
396.01464657940187,1152.3395343381471,NO
396.96275393070425,1152.3666181844503,NO
398.0882848593259,1152.7043841550692,NO
399.00385987803094,1152.9913088265869,NO
399.9335731916338,1153.2566490391473,NO
401.0610236553929,1153.5787263283378,NO
402.0509791050459,1153.7886232160263,NO
403.0068006451238,1153.9659967738642,NO
403.98428055760013,1154.1196554534768,NO
404.9830680488031,1154.2272446006627,NO
405.9862822825561,1154.291501488889,NO
406.97030515713266,1154.35219464098,NO
407.9652633853573,1154.4320896152085,NO
408.9913509857653,1154.4901107835033,NO
410.0,1154.5000000004902,NO
411.0,1154.5000000004902,NO
412.0507952521369,1154.5888003416085,NO
413.0494473096685,1154.7664988156519,NO
414.0124113240883,1154.928070734606,NO
414.98712980493485,1155.0800463403766,NO
415.96707589806863,1155.2238838904357,NO
416.9544505936845,1155.35738765616,NO
417.9647862951097,1155.4777643319796,NO
419.0543730346816,1155.6444840151355,NO
420.03821747529815,1155.8556228661505,NO
420.9861427915348,1156.0565374102605,NO
421.9531857738928,1156.2513184814075,NO
422.95794947040434,1156.4124186567187,NO
423.9913541501449,1156.4899314686672,NO
425.0,1156.5000000004902,NO
426.0,1156.5000000004902,NO
427.0,1156.5000000004902,NO
428.0,1156.5000000004902,NO
429.0288937991622,1156.5395050792906,NO
430.0438003051753,1156.6454261024833,NO
431.0327435538032,1156.7831271044674,NO
432.00915939389114,1156.9590237649616,NO
432.96652023524877,1157.1459374364383,NO
433.9489421608815,1157.3338397068615,NO
434.97362693811465,1157.463802136059,NO
436.0,1157.5000000004902,NO
437.0,1157.5000000004902,NO
438.0,1157.5000000004902,NO
439.0,1157.5000000004902,NO
440.0,1157.5000000004902,NO
441.0409921789636,1157.5644581021782,NO
442.05088999586775,1157.7238947029145,NO
443.0200593772418,1157.9125616887404,NO
443.9716775719474,1158.10942756584,NO
444.94462208409743,1158.3138081901145,NO
445.9736598452345,1158.4632234246244,NO
447.0,1158.5000000004902,NO
448.0409921789636,1158.5644581021782,NO
449.0523444655217,1158.7160034313779,NO
450.01586633775906,1158.824090603106,NO
450.9953493248006,1158.8517597222876,NO
451.97372924448564,1158.7839018503767,NO
452.94891599693347,1158.665989221176,NO
453.97115704609087,1158.5403154255046,NO
455.0,1158.5000000004902,NO
456.0,1158.5000000004902,NO
457.0178185721667,1158.4782879994962,NO
458.0331778142427,1158.4126996581856,NO
459.0296916702694,1158.3291902573349,NO
460.01306324555696,1158.26649020141,NO
461.0,1158.243137254902,NO
461.9934882447934,1158.2554611649907,NO
463.00052467742466,1158.2675855005452,NO
464.0163140494091,1158.2248693184338,NO
465.014084845404,1158.1381398302822,NO
466.00418480951424,1158.049633786278,NO
466.9989285955659,1157.9811580594144,NO
468.0009767163259,1157.9667916438052,NO
468.9980965025204,1158.022576365008,NO
469.9950497120916,1158.0901659571787,NO
471.0,1158.1196078431371,NO
472.0060981935276,1158.074049496947,NO
472.9950465577048,1157.9653937606636,NO
473.96864261602457,1157.8242608215137,NO
474.95978898869697,1157.6744822908483,NO
475.97292518030235,1157.5684950642897,NO
476.9857833859857,1157.5166351073015,NO
478.0,1157.5000000004902,NO
479.0,1157.5000000004902,NO
480.0632988204835,1157.3586933160734,NO
481.032341419265,1157.0859068972309,NO
481.9517871412085,1156.8509784313705,NO
482.94983602767263,1156.593910701949,NO
484.01511125128854,1156.5183288465519,NO
485.0382452843937,1156.5936438567376,NO
486.0416205939195,1156.7278653559697,NO
487.02074493565584,1156.8972823556735,NO
487.9808087213651,1157.0815629363833,NO
488.9495521217614,1157.2708254563497,NO
489.96554298458904,1157.4286116733967,NO
491.0,1157.4823529420785,NO
492.0345345792831,1157.4295764923354,NO
493.0463660009671,1157.2955832489204,NO
494.0251664447559,1157.141042707207,NO
494.9999517369663,1156.9996533218884,NO
495.9904478146473,1156.8892814846456,NO
496.9945713107156,1156.82696052237,NO
498.0054286892844,1156.82696052237,NO
499.0096090258609,1156.888622651462,NO
500.00180675618225,1156.9835456129922,NO
500.9906221372585,1157.0869583620627,NO
501.9863628146175,1157.178332413982,NO
502.9945360770343,1157.2322167186878,NO
504.0102843400495,1157.2185422209575,NO
505.0143506427845,1157.1407466892128,NO
506.00435199541795,1157.038938906279,NO
506.99518437176266,1156.9441824892156,NO
507.9965980673792,1156.8843342870123,NO
509.0,1156.8686274509803,NO
510.0,1156.8686274509803,NO
511.0,1156.8686274509803,NO
512.0,1156.8686274509803,NO
513.0,1156.8686274509803,NO
514.0,1156.8686274509803,NO
514.9953832933242,1156.8528424690157,NO
515.9815950288236,1156.7959448847826,NO
516.9636308977064,1156.7008348045108,NO
517.9616421205418,1156.5924475341883,NO
518.9848871898779,1156.5182791587304,NO
520.026446482455,1156.4650933254243,NO
521.0386775970914,1156.379337972456,NO
522.0213139046971,1156.3019469858393,NO
523.0065668581766,1156.2576228968837,NO
524.0,1156.2450980392157,NO
524.9995174858227,1156.2460822432301,NO
525.9933854467162,1156.2594940126241,NO
526.9867749690446,1156.2932506815532,NO
527.9929329586024,1156.3276537441864,NO
529.0,1156.3392156862744,NO
530.0070666764124,1156.3276368221389,NO
531.0137060452298,1156.2912534543452,NO
532.0170318227637,1156.2285849821722,NO
533.0118635862731,1156.1551391961923,NO
534.0049959249604,1156.0909972034724,NO
535.0018499457531,1156.0224636282496,NO
535.9950695606384,1155.9415226971028,NO
536.9870920320714,1155.8568899207917,NO
537.9792224318904,1155.7696400057418,NO
538.981304479473,1155.6924285440782,NO
540.0096020447869,1155.6735304662966,NO
541.0239030230854,1155.7406267810156,NO
542.0155530240313,1155.8275642987837,NO
543.0060034486023,1155.8979413741422,NO
544.0,1155.9274509803922,NO
545.0016004929776,1155.9416963279307,NO
546.0009586957763,1155.9825380414425,NO
546.9992872027423,1156.0242351075765,NO
547.998555810028,1156.0526097769339,NO
549.0001286577645,1156.0656154633186,NO
550.0004881680679,1156.0043678195443,NO
550.9780578037546,1155.8756608879426,NO
551.9403891095552,1155.7117366977395,NO
553.0670550490667,1155.4320832036542,NO
554.0278052780235,1155.3082759085212,NO
555.0119719566355,1155.2442279080783,NO
556.0095759045939,1155.1953484478872,NO
557.0076548371719,1155.1445913703615,NO
558.0050288386778,1155.0915967033184,NO
559.0014057911195,1155.0512109616113,NO
560.0,1155.0372549019608,NO
561.0,1155.0372549019608,NO
562.0006432302487,1155.0218698291865,NO
562.9969295114596,1154.9644102453988,NO
563.9898127936274,1154.881921013512,NO
564.988762986164,1154.808970765502,NO
565.993026541963,1154.7629024187909,NO
567.0,1154.7470588235294,NO
568.0,1154.7470588235294,NO
569.0,1154.7470588235294,NO
569.9921419943106,1154.7328277975994,NO
570.9906839277629,1154.7030501859615,NO
571.9993829740391,1154.6853167435256,NO
572.9903003427911,1154.670211643836,NO
573.9774206916089,1154.6285339717858,NO
574.9729385108081,1154.5687075192247,NO
575.9848726409441,1154.5178154114467,NO
577.0,1154.5000000004902,NO
578.0,1154.5000000004902,NO
579.0,1154.5000000004902,NO
580.0,1154.5000000004902,NO
581.0,1154.5000000004902,NO
582.0,1154.5000000004902,NO
583.0,1154.5000000004902,NO
584.0,1154.5000000004902,NO
585.0,1154.5000000004902,NO
586.0,1154.5000000004902,NO
587.0,1154.5000000004902,NO
588.0086525152482,1154.4903091742592,NO
589.0255081598399,1154.4485917893078,NO
590.0250980836704,1154.3878794596362,NO
591.0157524709985,1154.3347400009159,NO
592.0130556362608,1154.2894945383857,NO
593.0060432996463,1154.2568402268334,NO
593.9939580277419,1154.2567838128355,NO
594.9934181509983,1154.27972857371,NO
596.006576494374,1154.2795010020411,NO
597.0118796684595,1154.2423452293428,NO
598.0052688565603,1154.2067012951736,NO
599.0,1154.1941176470589,NO
600.0,1154.1941176470589,NO
601.0,1154.1941176470589,NO
602.0084526734083,1154.1658024336525,NO
603.009115633858,1154.0845267851857,NO
603.9978488938441,1153.9807532607558,NO
604.9900267627651,1153.8844011104102,NO
605.9884270342565,1153.8096060541377,NO
606.9763632644803,1153.737940540977,NO
607.9678144569339,1153.650752631581,NO
608.9729930460268,1153.5695766742642,NO
609.9848726409441,1153.5178154114467,NO
611.0,1153.5000000004902,NO
612.0086554701888,1153.490476620887,NO
613.0171895440677,1153.4614035607076,NO
614.0174078486938,1153.4227620676295,NO
615.0,1153.4039215686275,NO
615.9910662085304,1153.4142030674664,NO
617.0089292379116,1153.4139919479524,NO
618.0084652418282,1153.392479401828,NO
619.0087027939629,1153.3698687317085,NO
620.0081557568782,1153.346619656345,NO
621.0,1153.335294117647,NO
621.9918442431218,1153.346619656345,NO
622.9912987487521,1153.369803166324,NO
624.0079951825381,1153.3706857433924,NO
625.0151391073003,1153.3356932432825,NO
626.0141319942992,1153.288292675102,NO
627.0163932589412,1153.225961125443,NO
628.0115392607776,1153.1548690211093,NO
629.003090196457,1153.1050666830633,NO
630.0001749253514,1153.0892119338537,NO
631.0019114452735,1153.0749874681867,NO
632.0018965744828,1153.0345447490656,NO
632.9988422970607,1152.9796403960027,NO
633.9958635272599,1152.9246571046256,NO
634.9967889971125,1152.8830277533261,NO
636.0,1152.8686274509803,NO
637.0032110028875,1152.8830277533261,NO
638.0041607128959,1152.9242155875095,NO
639.0009763212071,1152.9644340135853,NO
640.0,1152.978431372549,NO
640.9990236787929,1152.9644340135853,NO
641.9958392871041,1152.9242155875095,NO
642.9967889971125,1152.8830277533261,NO
644.0,1152.8686274509803,NO
645.0,1152.8686274509803,NO
646.0,1152.8686274509803,NO
646.9997404653209,1152.8676373067506,NO
647.9953226417465,1152.8509091999053,NO
648.9814229608962,1152.7940371751538,NO
649.963404808559,1152.6989750389482,NO
650.9577104099526,1152.5849050881218,NO
652.0165434934996,1152.4885196656378,NO
653.0,1152.464705882353,NO
654.0097743499937,1152.453174418007,NO
655.0093147302593,1152.4318647753455,NO
656.0,1152.421568627451,NO
657.0080586123757,1152.4109892204428,NO
658.0162989092389,1152.3778383477215,NO
659.0150770096867,1152.3343162962192,NO
660.0065283585211,1152.3026784466783,NO
661.0,1152.292156862745,NO
662.0070985510021,1152.2784816153546,NO
663.011764595852,1152.2399977482194,NO
664.0093868469509,1152.1914916720843,NO
665.0072492685911,1152.1421971862078,NO
666.0028542630449,1152.1039767239884,NO
667.000174954482,1152.0892267904449,NO
667.999825045518,1152.0892267904449,NO
668.997149329523,1152.1038458518715,NO
669.9966872067617,1152.1299634266293,NO
671.0,1152.143137254902,NO
672.0033127932383,1152.1299634266293,NO
673.0028449545027,1152.1036376270995,NO
674.0020999687226,1152.0764988597161,NO
674.9998749967709,1152.0637516501342,NO
675.9978514584375,1152.0782682988618,NO
677.0,1152.092156862745,NO
678.0,1152.092156862745,NO
679.0021313733074,1152.0776428838612,NO
680.0017670621811,1152.020958178942,NO
680.9949966483555,1151.9406579235326,NO
681.9965401395483,1151.8823647406957,NO
683.0,1151.8666666666666,NO
684.0002595130902,1151.867648317072,NO
685.0,1151.8686274509803,NO
685.9997404653209,1151.8676373067506,NO
686.9953270255884,1151.851048934869,NO
687.9882720339978,1151.8070560499723,NO
688.992473873028,1151.760104693488,NO
690.0,1151.743137254902,NO
691.0,1151.743137254902,NO
692.0,1151.743137254902,NO
693.0,1151.743137254902,NO
693.9920221979156,1151.728754720032,NO
694.9707697440047,1151.6759254226597,NO
695.9756362538634,1151.599177093779,NO
696.9858524783265,1151.5490477292185,NO
697.9848578040198,1151.5173424844697,NO
699.0,1151.5000000004902,NO
700.0,1151.5000000004902,NO
701.0,1151.5000000004902,NO
702.0,1151.5000000004902,NO
703.0,1151.5000000004902,NO
704.0,1151.5000000004902,NO
705.0,1151.5000000004902,NO
706.0,1151.5000000004902,NO
707.0,1151.5000000004902,NO
708.0,1151.5000000004902,NO
709.0,1151.5000000004902,NO
710.0,1151.5000000004902,NO
711.0,1151.5000000004902,NO
712.0,1151.5000000004902,NO
713.0,1151.5000000004902,NO
714.0,1151.5000000004902,NO
715.0,1151.5000000004902,NO
716.0,1151.5000000004902,NO
717.0,1151.5000000004902,NO
718.0,1151.5000000004902,NO
719.0,1151.5000000004902,NO
720.0,1151.5000000004902,NO
721.0,1151.5000000004902,NO
722.0086584576029,1151.4906459076733,NO
723.0083526415503,1151.4733163321819,NO
723.9916473584497,1151.4733163321819,NO
724.9913415423971,1151.4906459076733,NO
726.0,1151.5000000004902,NO
727.0,1151.5000000004902,NO
728.0,1151.5000000004902,NO
729.0,1151.5000000004902,NO
730.0,1151.5000000004902,NO
731.0280223171632,1151.4610122984134,NO
732.0511294040781,1151.330075905541,NO
733.0318742946125,1151.1578241799095,NO
733.9943837623338,1150.9748747267145,NO
734.9464273144522,1150.7808390109176,NO
736.0820457878262,1150.4478734553636,NO
737.0268231427789,1150.302890557667,NO
738.0115638971255,1150.23590349432,NO
739.0131233395284,1150.1716128916607,NO
740.0076148161105,1150.0970889052273,NO
741.0011738406239,1150.0460506704842,NO
742.0002302313885,1150.004048896949,NO
742.9943368516726,1149.9343589606058,NO
743.9867165913674,1149.8494547051673,NO
744.9614244525965,1149.7444996131928,NO
745.9424035861462,1149.600024899444,NO
747.0491263912498,1149.4013985563308,NO
748.0329843250739,1149.285118741947,NO
749.014878610385,1149.199686606466,NO
750.0036049762437,1149.1532114855022,NO
750.996075039537,1149.15397921768,NO
751.9954422180253,1149.178805292288,NO
753.0042170099836,1149.1792229186237,NO
754.011626046629,1149.1078051577408,NO
754.9987045862551,1148.9906949158392,NO
755.9791525719354,1148.8582374908688,NO
756.948247572759,1148.7161963476067,NO
757.9597173509025,1148.5628904206665,NO
759.0186900580674,1148.4765964771636,NO
760.0415744335093,1148.3926474357595,NO
761.0277689970978,1148.3013231481011,NO
762.0116338529043,1148.2373305921656,NO
763.0,1148.213725490196,NO
763.9825811463479,1148.2467670955555,NO
764.9634223564802,1148.3272736517704,NO
765.9640468718788,1148.4264208134487,NO
766.9904131153099,1148.488931106444,NO
768.0,1148.5000000004902,NO
769.0,1148.5000000004902,NO
770.018723860601,1148.4774584417644,NO
771.0250586701486,1148.4259973909361,NO
772.0235534397763,1148.364007691304,NO
773.0214313433922,1148.295404988724,NO
774.0165711522502,1148.2224022991693,NO
775.0135459241342,1148.1328542562758,NO
776.0023912388367,1148.0171765034243,NO
776.9884639075049,1147.8985619475839,NO
777.9883549340694,1147.8084198898134,NO
778.9846464144838,1147.7474087632904,NO
779.9816555458016,1147.6881442797903,NO
780.977466308533,1147.6292844437376,NO
781.972938507096,1147.5687074600621,NO
782.9801128224916,1147.5096113126967,NO
784.0361026228394,1147.4281938903048,NO
785.0377578992121,1147.3263818403982,NO
786.0176350808636,1147.243078129462,NO
787.0050210960317,1147.1969814590834,NO
788.0003594582756,1147.1833237301503,NO
789.0040041567936,1147.1701766583392,NO
790.0034528307839,1147.1467453036691,NO
791.0033156546452,1147.1207845606637,NO
792.005243263049,1147.063668197702,NO
792.9968196904769,1146.97103646623,NO
793.984624863254,1146.8648048351026,NO
794.97062968603,1146.7544449181626,NO
795.9563181276367,1146.6406813734523,NO
796.9719234925293,1146.5380961836554,NO
798.0,1146.5000000004902,NO
799.0,1146.5000000004902,NO
800.0,1146.5000000004902,NO
801.0,1146.5000000004902,NO
802.0,1146.5000000004902,NO
803.0,1146.5000000004902,NO
804.0,1146.5000000004902,NO
805.0,1146.5000000004902,NO
806.0,1146.5000000004902,NO
807.0,1146.5000000004902,NO
808.0095948242375,1146.4893360233536,NO
809.0188191737024,1146.457037105813,NO
810.0178796610762,1146.4144830491316,NO
811.0237527836455,1146.3562917706458,NO
812.0261391287593,1146.2720603036983,NO
813.0179081484562,1146.175637610314,NO
814.0081604842114,1146.0756699431652,NO
814.9997850634792,1145.9962200817674,NO
815.9988295902273,1145.9540839244469,NO
816.9955208019037,1145.9153929239358,NO
817.9965735468372,1145.8751792076753,NO
818.9997251204918,1145.8598114435017,NO
819.9950778194881,1145.8431054901139,NO
820.9812470600602,1145.7874666849218,NO
821.9738513524161,1145.7036486666261,NO
822.989357255127,1145.638146662179,NO
824.0,1145.6215686274509,NO
824.9876634701315,1145.606773095236,NO
825.973539389366,1145.5646802919694,NO
826.9857826192754,1145.516609039149,NO
828.0,1145.5000000004902,NO
829.0,1145.5000000004902,NO
830.0,1145.5000000004902,NO
831.0,1145.5000000004902,NO
832.0280572180787,1145.461586474746,NO
833.0467369503946,1145.3505271200547,NO
834.0282683520905,1145.2325299923841,NO
835.0146345506038,1145.1113973221427,NO
835.9980353416823,1144.9856860605519,NO
836.9843693652914,1144.8648877339779,NO
837.9704443349275,1144.7528952614186,NO
838.9590356561929,1144.6342469248098,NO
839.9582229078726,1144.5109023467744,NO
841.0147397004889,1144.423239943459,NO
842.016298912374,1144.377838420398,NO
843.0150559831526,1144.3338500556883,NO
844.0135473361509,1144.2878808864962,NO
845.0121848165737,1144.2390098545086,NO
846.0092906435968,1144.189529123721,NO
847.007321993997,1144.1383043325459,NO
848.0057499792215,1144.0681974266238,NO
848.9945173860856,1143.9606178457661,NO
849.9753541079933,1143.8301431774712,NO
850.9532627626286,1143.6944103806004,NO
851.9596141599283,1143.5617706888631,NO
853.0,1143.5000000004902,NO
854.0,1143.5000000004902,NO
855.0272379730426,1143.4630455399968,NO
856.0459783702456,1143.355287428768,NO
857.0289338447533,1143.2380042062077,NO
858.0153192303661,1143.1148942251548,NO
858.9960505465182,1142.9763032791088,NO
859.981764494872,1142.842371057488,NO
860.9847283704667,1142.7487570713479,NO
861.991187328827,1142.7003691700688,NO
863.0,1142.6843137254903,NO
864.0,1142.6843137254903,NO
865.008812671173,1142.7003691700688,NO
866.0153419371252,1142.7476003981044,NO
867.0117117311636,1142.8073231392439,NO
868.0076659599833,1142.865184837821,NO
869.0043914437864,1142.9200129891994,NO
870.0010836898906,1142.9605227258749,NO
871.0,1142.9745098039216,NO
872.0,1142.9745098039216,NO
873.0,1142.9745098039216,NO
873.9989208309125,1142.9606874122753,NO
874.9981747528857,1142.9335088559021,NO
875.9974189543628,1142.9059761957496,NO
876.9923240891267,1142.8650098394066,NO
877.9947508697566,1142.8215295657367,NO
879.0,1142.8058823529411,NO
879.9934297423667,1142.790573029841,NO
880.9924635437516,1142.7597754477931,NO
882.0,1142.743137254902,NO
883.0,1142.743137254902,NO
884.0,1142.743137254902,NO
885.0,1142.743137254902,NO
886.0075364562484,1142.7597754477931,NO
887.0065601287877,1142.7908958868068,NO
888.0052611275709,1142.8211216565905,NO
889.0043984334732,1142.8504532568977,NO
890.0035359945724,1142.8797761805042,NO
891.0026814636394,1142.9088302332007,NO
891.9998480804835,1142.9225210425711,NO
892.9972574888212,1142.9067546167948,NO
893.9923090970092,1142.8647461849193,NO
894.9883031712732,1142.8075683083562,NO
895.99247024268,1142.7599889761468,NO
896.9920349127493,1142.7291870243914,NO
897.9816132146344,1142.6874246499508,NO
898.9774709322819,1142.6293605118608,NO
899.9868351688351,1142.5803709903928,NO
901.0131648311649,1142.5803709903928,NO
902.022574707717,1142.6286096602928,NO
903.0097003600305,1142.6701877479002,NO
904.0,1142.6843137254903,NO
904.9902996399695,1142.6701877479002,NO
905.9774206916089,1142.6285339717858,NO
906.9729385108081,1142.5687075192247,NO
907.9848726409441,1142.5178154114467,NO
909.0,1142.5000000004902,NO
910.0,1142.5000000004902,NO
911.0,1142.5000000004902,NO
912.0,1142.5000000004902,NO
913.0,1142.5000000004902,NO
914.0,1142.5000000004902,NO
915.0,1142.5000000004902,NO
916.0,1142.5000000004902,NO
917.0,1142.5000000004902,NO
918.0095915519655,1142.4891691374808,NO
919.026164812659,1142.444801813543,NO
920.031774083005,1142.3682905185735,NO
921.026789511195,1142.2788295898752,NO
922.014911597475,1142.2001293279234,NO
923.0,1142.164705882353,NO
923.9793783606003,1142.2103407203022,NO
924.9510959341824,1142.3157097975316,NO
925.9633147284859,1142.445464035981,NO
927.0151421969605,1142.5173424532215,NO
928.0141754902048,1142.5481562322495,NO
929.0,1142.5627450980392,NO
930.0,1142.5627450980392,NO
930.9858245097952,1142.5481562322495,NO
931.9848578040198,1142.5173424844697,NO
933.0,1142.5000000004902,NO
934.018723860601,1142.4774584417644,NO
935.0250556695179,1142.425946380215,NO
936.0240969411908,1142.3614541340562,NO
937.0317412216749,1142.2610971453403,NO
938.0160892596481,1142.1577985084962,NO
939.0057015701947,1142.0692333562083,NO
939.9991366772416,1141.989516794495,NO
940.9981858128202,1141.9339117535098,NO
941.9974231819738,1141.9061302015723,NO
942.9966754455942,1141.8788912337789,NO
944.0,1141.8647058823528,NO
945.0033065235446,1141.8795480722874,NO
946.0052529148901,1141.9521609526682,NO
946.9880011556365,1142.0755482775521,NO
947.9741616978853,1142.2091672066977,NO
948.977944252572,1142.3124564246195,NO
949.9914028736862,1142.3653778567643,NO
951.016538672622,1142.3514467850257,NO
952.0210047869639,1142.2895254274374,NO
953.0160899443626,1142.215943982997,NO
954.014386274673,1142.1095074606376,NO
954.9951059829324,1141.970977341125,NO
955.9748550286456,1141.8267035765764,NO
956.9739888306158,1141.7052067528582,NO
957.9772802773487,1141.6262239308116,NO
958.9867112004171,1141.5764194969129,NO
960.0,1141.5588235294117,NO
961.0132887995829,1141.5764194969129,NO
962.022761566613,1141.6255355301766,NO
963.0190803631091,1141.686097263111,NO
964.0208770163863,1141.7633938190083,NO
965.0156180583983,1141.8626687999315,NO
966.0036724251629,1141.9574332525203,NO
966.9966997029888,1142.0400750373603,NO
967.9907040080888,1142.1185238966473,NO
968.9910245039009,1142.1831001149578,NO
969.9948034084802,1142.220855132598,NO
971.0,1142.2333333333333,NO
972.0,1142.2333333333333,NO
973.0052011459945,1142.2210486977676,NO
974.0050114885054,1142.1966045484364,NO
975.0043638149547,1142.1711958169146,NO
976.0034530145219,1142.1467531125325,NO
977.0033221041618,1142.1210195073331,NO
978.0042505145219,1142.0802874973908,NO
979.0014886083198,1142.027113936907,NO
979.9984209505808,1141.9722305094206,NO
980.9980734406676,1141.9298181965703,NO
981.9973113575087,1141.9020565961057,NO
982.9917454088774,1141.8596719514392,NO
983.9809828679432,1141.789157883719,NO
984.963406877058,1141.6940574994244,NO
986.0943067593397,1141.4539429064944,NO
987.0486624169407,1141.2680556923865,NO
988.0071432624829,1141.1750970509859,NO
989.0067557890975,1141.1276093509957,NO
990.0039232058252,1141.0285833572796,NO
990.9569918548585,1140.8563914797612,NO
993.0084253084376,1140.2780351748158,NO
993.9717537306188,1140.300116609648,NO
994.9222073052977,1140.4362760009801,NO
996.0579264233364,1140.7754789788876,NO
997.0069979665387,1140.9686933081935,NO
997.973220176837,1141.146857104667,NO
998.9647458180547,1141.299660556652,NO
999.9822013782617,1141.3946650841917,NO
1001.0088345016558,1141.4095996305473,NO
1002.0245761437703,1141.3581095311524,NO
1003.0310263426954,1141.2552166892342,NO
1004.0186140238553,1141.118664399169,NO
1004.9919240467782,1140.958812637631,NO
1005.91197086419,1140.7464649877006,NO
1007.9491718442796,1139.8605722987918,NO
1009.9965560592927,1138.9787696326994,NO
1010.98466854479,1138.8628238221302,NO
1011.9872517391941,1138.7758064414934,NO
1013.0066404270211,1138.7580987327776,NO
1014.0113168160541,1138.800980125777,NO
1015.0046321765211,1138.8425059929984,NO
1016.0037664968276,1138.8719391035693,NO
1017.0027442744141,1138.9000300046564,NO
1018.0,1138.9137254901962,NO
1019.0001672728812,1138.9146908261669,NO
1019.9973011170295,1138.9016835500797,NO
1020.9868118972696,1138.8471378955974,NO
1021.936885997488,1138.7080588765712,NO
1024.01168119607,1138.068359191141,NO
1024.9898926081692,1137.9293867173726,NO
1025.9674926203381,1137.7921996540374,NO
1026.9309437146214,1137.6303008690566,NO
1028.0312424511471,1137.4232710217723,NO
1029.0,1137.3784313725491,NO
1030.0007400895568,1137.3774456936733,NO
1031.0007362849888,1137.3755053638306,NO
1031.9916979871348,1137.3849115133924,NO
1032.9820830885058,1137.4153465815407,NO
1033.9811808240263,1137.4570371609773,NO
1035.0447862727926,1137.55652809928,NO
1036.0562219567762,1137.7610566772996,NO
1037.008107973632,1137.9706732855511,NO
1037.964805191621,1138.1725899269659,NO
1038.9464683600731,1138.3601550468911,NO
1040.074809974511,1138.6659407140496,NO
1041.0296269806977,1138.8639852212075,NO
1041.9928743238786,1139.0378551532108,NO
1044.0755002412238,1139.7970375910033,NO
1044.9982651215182,1140.0078858112809,NO
1045.978788532798,1140.166428438047,NO
1046.980807773557,1140.271889876979,NO
1047.9930231349715,1140.3234728397135,NO
1049.0075851211075,1140.3223676368605,NO
1050.0191012387922,1140.270600885247,NO
1051.0186351902203,1140.1827682122491,NO
1052.0088992754106,1140.079625095591,NO
1052.9969522902582,1139.9727310181645,NO
1053.9846831056564,1139.8653169665592,NO
1054.9787958064824,1139.7649100283916,NO
1055.9905301432498,1139.6981483044158,NO
1057.020712554968,1139.7148477065584,NO
1058.0063638466443,1139.987657591449,NO
1060.0159407713188,1140.8598311519024,NO
1061.00383298019,1140.9545390730652,NO
1061.9959370511974,1141.0412450843373,NO
1064.081537399098,1141.6905588771808,NO
1065.0159939633866,1141.8568961174055,NO
1066.004149056891,1141.950790256453,NO
1066.9950048878277,1142.042223640053,NO
1069.0653933438784,1142.775725042879,NO
1071.2849658616897,1143.451358826329,NO
1072.0459049705712,1143.8529430200247,NO
1072.995248384443,1144.0328625698644,NO
1075.0643041498959,1144.7566940954453,NO
1076.009133921224,1144.919684487595,NO
1076.9987658123027,1145.0153520915228,NO
1078.0022526376074,1145.0765896812238,NO
1078.947417202745,1144.8929246179594,NO
1079.6823392172691,1144.146428997709,NO
1083.0186888301198,1140.788193262867,NO
1084.008147666125,1140.8567134537068,NO
1085.0028013914641,1140.8979493121487,NO
1086.0001711389625,1140.9127191245361,NO
1086.9972508655492,1140.8998529604626,NO
1087.9913156116902,1140.857127810247,NO
1088.9881389558282,1140.79836224983,NO
1090.9274447490109,1139.9361703470922,NO
1091.850296760088,1137.9583203692491,NO
1092.7436095603234,1136.6865185812107,NO
1094.966596984866,1135.7697900318637,NO
1095.9796260842159,1135.6536434329632,NO
1097.0107637331446,1135.6340330608061,NO
1098.0192690308247,1135.6829933749973,NO
1099.0257020108868,1135.7778300755551,NO
1100.0139129630513,1135.9014498404802,NO
1100.99585656807,1136.0306253661597,NO
1101.9670659195594,1136.174180784941,NO
1104.0440127423337,1136.7762685682974,NO
1105.0098507618054,1136.9148493471698,NO
1105.9952663709416,1137.0349876927203,NO
1108.1093424438384,1137.7083058902915,NO
1109.918955903348,1138.1999384599196,NO
1111.0561219213967,1138.8472507764482,NO
1111.9844435957395,1139.0639978662496,NO
1114.0336146830314,1139.8692457457587,NO
1114.99152651769,1140.045145602706,NO
1117.0445520750507,1140.8173170415691,NO
1118.0021005605163,1140.9863802373145,NO
1120.0850867051495,1141.6352301534323,NO
1121.0226666142255,1141.8073337725784,NO
1122.009407768767,1141.9172765178753,NO
1122.9964829071084,1142.0282774276886,NO
1125.0756420769103,1142.7695902605572,NO
1126.0068527139877,1142.940764675744,NO
1126.99924608367,1143.0168374650175,NO
1127.9623463809203,1143.143969724185,NO
1128.9139342042863,1143.344263182855,NO
1130.0131327313236,1143.5813941728768,NO
1131.0153866909127,1143.754774615411,NO
1131.9461607609135,1143.7234468971587,NO
1134.023102856588,1144.9299461786416,NO
1134.984634141329,1145.0451372086911,NO
1137.2263537347146,1145.3849083210876,NO
1138.1627954236822,1145.7313306251265,NO
1139.0117576753078,1145.952857322122,NO
1140.0,1146.0431041355598,NO
1140.9987751141346,1146.039043238469,NO
1141.9977423673004,1146.0383797557513,NO
1142.996112937343,1146.052086641862,NO
1144.0041514823752,1146.0401309968947,NO
1144.9309413697042,1145.867551732079,NO
1144.670940012527,1145.1280442672228,NO
1144.8956856275663,1144.1839486938845,NO
1143.9968763368859,1144.0206534734891,NO
1142.9992868347833,1143.9882672823317,NO
1141.9998140574257,1143.9940730802196,NO
1141.0006652137433,1143.9787963111091,NO
1140.0022761658963,1143.9625534010863,NO
1139.0053697070728,1144.0305492807763,NO
1138.1204491432452,1144.2560900700191,NO
1135.9484344747577,1143.3231439503834,NO
1134.9865630852582,1143.0274580426528,NO
1131.8455397380305,1142.1366538522586,NO
1130.8766491200827,1140.002026297797,NO
1131.9879721573907,1137.9854799009859,NO
1134.0044914264129,1137.0249385834757,NO
1134.987536441634,1136.8904066444181,NO
1135.994084417716,1136.8114408074077,NO
1137.0,1136.7941176470588,NO
1138.005914986885,1136.8114597857507,NO
1139.0126252365378,1136.890866599503,NO
1139.9985411396283,1137.0104791373349,NO
1140.9822995999016,1137.136775827536,NO
1141.9630229284526,1137.2619209356137,NO
1142.958239960169,1137.387229453391,NO
1143.9804287778009,1137.4753011419423,NO
1145.0392204199704,1137.5651649090228,NO
1146.056797704662,1137.8042781761055,NO
1148.0608262410096,1138.9116171190635,NO
1149.2009504939313,1139.590284257938,NO
1150.0273849180955,1139.8567558157133,NO
1151.0013010702896,1139.9526038685742,NO
1152.0007143046466,1139.9840471959294,NO
1152.9552103810272,1140.1335211025937,NO
1155.0230105363316,1140.8044104345774,NO
1156.008558543764,1140.898491692253,NO
1157.0018599378302,1140.96729074757,NO
1157.9993963530853,1141.013481448014,NO
1158.964728833076,1141.1338108449052,NO
1160.0086172780357,1141.2757528971438,NO
1161.0193320691028,1141.0549526753427,NO
1161.9184009975136,1140.7901383550552,NO
1162.960855829437,1139.967127258047,NO
1164.0169046847195,1138.0104044073457,NO
1165.9715888719873,1136.8114187592705,NO
1166.983726409118,1136.7138092556252,NO
1168.0089052546887,1136.697221330431,NO
1169.025265843262,1136.7778348314857,NO
1170.013102021369,1136.8827713880294,NO
1171.0027221015994,1136.9614688457275,NO
1171.9999767339696,1136.9884833148867,NO
1172.9970525150502,1136.9594216119353,NO
1173.9947819801616,1136.9049574970168,NO
1174.9917966993403,1136.850582739894,NO
1175.9883663017783,1136.795407370259,NO
1176.984624063544,1136.738609081223,NO
1177.990956695503,1136.6925276367908,NO
1179.0,1136.6764705882354,NO
1180.0,1136.6764705882354,NO
1181.009043304497,1136.6925276367908,NO
1182.0153734896533,1136.7386506768696,NO
1183.0119364802456,1136.7970798365811,NO
1184.0109690632707,1136.8699018102977,NO
1185.0039400214912,1136.9641176606597,NO
1185.9953214047077,1137.0568115174185,NO
1186.9896521455282,1137.135318089161,NO
1187.9839304232103,1137.2101406074796,NO
1188.9859539695433,1137.2755182792928,NO
1189.9771306399518,1137.3332392535256,NO
1190.9650094633323,1137.4055721416896,NO
1191.9804118911602,1137.4757112460989,NO
1193.0142061479667,1137.516990952929,NO
1194.0365096329838,1137.5862241677703,NO
1195.0366925485362,1137.693226236267,NO
1196.0228843216034,1137.8054832598045,NO
1197.0097044465076,1137.9146677998694,NO
1197.9992985214556,1138.008517954226,NO
1198.9957476414627,1138.077453672367,NO
1199.9888216549357,1138.1425238993031,NO
1200.9796975364236,1138.2242195096442,NO
1201.9398174737753,1138.3455990791297,NO
1203.0601409895125,1138.6104962760946,NO
1204.0294731681008,1138.7535849901928,NO
1205.0130047971336,1138.8492625741708,NO
1206.0058661172168,1138.9465764313602,NO
1206.985715574294,1139.0761055471908,NO
1209.0438593751164,1139.841431489964,NO
1209.9953842781915,1140.0240659290725,NO
1212.0562403968408,1140.784334344242,NO
1213.0060435554744,1140.9662312067705,NO
1215.072167812469,1141.7443357404431,NO
1216.0085387718823,1141.903227253931,NO
1217.0010889377584,1141.9603315535492,NO
1218.0,1141.9745098039216,NO
1219.000304753988,1141.989638364058,NO
1219.9982958483643,1142.031039904397,NO
1220.9969962191026,1142.073629266488,NO
1222.0,1142.0895833333334,NO
1223.0011419151006,1142.0882788238212,NO
1223.999828915752,1142.0872529709884,NO
1225.0001711168395,1142.0872695927092,NO
1225.9957612962016,1142.1038999388388,NO
1226.9502144624096,1142.2126803191525,NO
1227.9111059425225,1142.418690992414,NO
1229.0225991935986,1142.6282068280614,NO
1230.0265514442674,1142.705625291818,NO
1231.0132636026772,1142.7745187553303,NO
1232.0056956647343,1142.8184506795737,NO
1233.0081049427442,1142.8666606240583,NO
1234.0050396734061,1142.9549081854202,NO
1234.9833661293155,1143.0902475963837,NO
1237.0523461583516,1143.8696154776828,NO
1237.9842606453224,1144.0799622525892,NO
1238.9789885232296,1144.2292991562565,NO
1239.9390876408931,1144.355074478729,NO
1241.058350303035,1144.6161582086393,NO
1242.02803117895,1144.765640964953,NO
1243.0059448560623,1144.9021975327332,NO
1243.9835197437135,1144.9021274551799,NO
1244.7616967319343,1144.591254654368,NO
1244.6812604893043,1143.2523592893072,NO
1243.7026008791408,1142.2823951932762,NO
1242.7123933867663,1141.4327794875405,NO
1241.9744603866375,1141.0781824900857,NO
1241.0409753887034,1140.8588303679985,NO
1240.083181891565,1140.623327289987,NO
1238.9754983089028,1140.4030923232353,NO
1237.958266550193,1140.276416364412,NO
1236.97987861235,1140.0789377508966,NO
1234.891894071887,1139.4180405003622,NO
1233.9675144614193,1139.2287713914727,NO
1232.992085373736,1139.1391882589628,NO
1231.9954421650655,1139.083017706673,NO
1230.9990908047487,1139.0090469430627,NO
1229.0000353196879,1137.9999632086608,NO
1227.9591071276418,1136.0018310241012,NO
1229.9670448985348,1133.7759053127363,NO
1230.979856528981,1133.6575609939532,NO
1232.0106096271254,1133.6392726656372,NO
1233.0398472816141,1133.771661651591,NO
1234.004623907632,1133.9846870588617,NO
1236.0974895667089,1134.6476500642552,NO
1237.026859989543,1134.9267454868693,NO
1237.9648536972436,1135.1519035104561,NO
1238.938554581752,1135.3675416030221,NO
1240.0707892139537,1135.7147870331692,NO
1241.0185746145037,1135.9227204345104,NO
1243.102695558439,1136.755284689701,NO
1243.9968246713358,1137.0101631064572,NO
1244.9461901412374,1137.228181046254,NO
1245.9339619540124,1137.4556150142962,NO
1247.0267378399178,1137.6192682027547,NO
1248.0191615812232,1137.6847610941857,NO
1249.0085357927207,1137.727921596505,NO
1250.0,1137.743137254902,NO
1251.0,1137.743137254902,NO
1252.0066384593013,1137.758170413997,NO
1253.0155384919399,1137.8198947471274,NO
1254.0094244502918,1137.9171298355054,NO
1254.999227064938,1138.0093856405606,NO
1256.0,1138.0529411764705,NO
1256.9830983989655,1137.9366358256661,NO
1257.7304629407668,1137.6492175518601,NO
1258.3657162207573,1136.6691105538605,NO
1258.8146473191462,1135.9358634034404,NO
1259.7218326515385,1134.6354232212846,NO
1260.9764365908313,1133.9353588852653,NO
1263.0228805877236,1133.083608763425,NO
1263.9784261345903,1132.8931779461425,NO
1264.9584657892217,1132.7249032707532,NO
1265.9757334536348,1132.6007761867377,NO
1267.0,1132.5627450980392,NO
1268.0,1132.5627450980392,NO
1269.0131791332842,1132.5799151103179,NO
1270.0122129140748,1132.6107133488133,NO
1271.0,1132.6254901960785,NO
1272.0205486720095,1132.6619412143114,NO
1273.0288474448316,1132.7588164469873,NO
1274.014973464809,1132.8705683551398,NO
1276.2198926194685,1133.5909649239609,NO
1278.1588546799335,1134.722004317273,NO
1280.0664891261658,1135.8617851317529,NO
1282.068074464045,1136.624360204997,NO
1282.9319260891941,1136.62436325781,NO
1284.9249213838827,1135.8610172605177,NO
1285.3353667262336,1135.2039859574973,NO
1285.3219450435745,1133.8577639602815,NO
1285.0569544217492,1132.9753176246566,NO
1284.8731125903248,1132.0007705713447,NO
1284.9057277271081,1130.997412133655,NO
1284.9053735674042,1130.0025975883761,NO
1284.849765353707,1129.0132559984668,NO
1284.64532159186,1128.149676870882,NO
1283.854998784628,1127.3053464578554,NO
1286.002672846855,1123.8951421621737,NO
1287.0,1123.907843137255,NO
1288.0001787428328,1123.9088411505963,NO
1289.0021962316528,1123.9253281212978,NO
1290.0013216610266,1123.986583138712,NO
1292.0945546176617,1124.6250703962414,NO
1293.025484990981,1124.8243601980782,NO
1294.0050395602445,1124.9701142362533,NO
1294.9714562382985,1125.1336616536455,NO
1297.035696762129,1125.8286200214075,NO
1298.003584229132,1125.9673579125724,NO
1298.9920120570118,1126.0727473394659,NO
1299.9869650678365,1126.1661953847733,NO
1300.9720490127788,1126.2583507270156,NO
1301.9062243362769,1126.4243585527909,NO
1303.0448625293154,1126.7356894515074,NO
1304.0153916459828,1126.8669535687245,NO
1305.00373209193,1126.9687516369577,NO
1307.0099430712664,1127.992942844595,NO
1308.0512416696633,1128.9511678167278,NO
1308.9774199928193,1128.976385793467,NO
1309.6637113582317,1128.7984100632214,NO
1310.9323958744628,1127.7537670947752,NO
1313.0091425785763,1127.0627282464832,NO
1313.990789533103,1126.9347591897854,NO
1314.9368164984721,1126.759695541,NO
1316.977530522548,1125.9495657949267,NO
1317.5344836735908,1125.4584339680625,NO
1317.4088479966692,1124.4843173039337,NO
1317.729865498373,1120.6499507078693,NO
1319.902472364521,1119.6911624940844,NO
1322.0008044689764,1119.0538994214633,NO
1322.9924551201857,1119.0877868973987,NO
1325.0658360094546,1119.60920419143,NO
1326.0156343724584,1119.7427893653712,NO
1327.005923219059,1119.7842255939488,NO
1327.9940800148538,1119.7843434007698,NO
1328.9933458015237,1119.7575970583423,NO
1330.0,1119.743137254902,NO
1330.9914670720727,1119.7280129118042,NO
1331.9905040324193,1119.6973160216585,NO
1333.0094854691347,1119.697650659643,NO
1334.0150714436872,1119.7437854582713,NO
1335.0059072299362,1119.7848080548495,NO
1336.005823250452,1119.81438388466,NO
1337.0048441989904,1119.8455911512106,NO
1338.0034426693717,1119.8745884743605,NO
1339.0,1119.8882352941177,NO
1339.9917479490332,1119.8597151340896,NO
1340.9963023907883,1119.8821387018181,NO
1341.999429034563,1119.9792005450367,NO
1342.9783076280278,1119.9166351424922,NO
1343.8357393764352,1119.679178487055,NO
1343.8040097765481,1118.2832228586653,NO
1342.9718324761618,1118.0590280662125,NO
1343.0639657713432,1113.1374192908147,NO
1343.9449473457464,1112.8746556820001,NO
1344.6569734906218,1112.3738103190315,NO
1345.7425344288667,1111.754056114646,NO
1345.9150997680485,1110.991224254479,NO
1345.769221308324,1110.191013751341,NO
1343.961670854738,1109.380895883714,NO
1342.9830389700292,1109.2790362897092,NO
1341.974316549051,1109.1471748268277,NO
1341.005452930244,1108.974945995432,NO
1338.9063989369965,1108.3033736580367,NO
1337.9813624143037,1108.0728030694065,NO
1337.0203422306872,1107.8896325780443,NO
1336.0308477064877,1107.7377944860018,NO
1335.016046166366,1107.6441937082018,NO
1334.0,1107.6176470588234,NO
1333.007682703441,1107.608182134726,NO
1332.042366270866,1107.5368271660125,NO
1330.934488909313,1107.2725927630254,NO
1329.9831426043252,1107.0701350874754,NO
1327.8995690706365,1106.1829769051797,NO
1326.7165676026127,1105.2189757937424,NO
1326.9065763266665,1101.9385804025706,NO
1327.9634481609598,1100.9304499747261,NO
1328.6894262274075,1100.4647558497106,NO
1330.3421172856831,1099.6390871272004,NO
1331.9886202148577,1098.9328937551652,NO
1332.9843832537954,1098.8230102132109,NO
1333.9929141220273,1098.759080140846,NO
1334.9226411972354,1098.6174564643493,NO
1336.9960754746462,1097.966249081401,NO
1337.9897818711445,1097.8788082415574,NO
1338.9882033714766,1097.8059264407939,NO
1339.984539486723,1097.7456496292232,NO
1340.9905186440262,1097.6977817666468,NO
1342.0176826082352,1097.7181834333553,NO
1343.0248574095442,1097.830969617136,NO
1344.0052197375128,1097.963026857569,NO
1344.987710946588,1098.0921678985108,NO
1345.967970117149,1098.2207464889307,NO
1346.954171002405,1098.3570398720938,NO
1348.0571138893997,1098.5416728386977,NO
1349.0151743674621,1098.6258223100162,NO
1349.9550149513516,1098.5951345500246,NO
1351.058889802668,1098.4072867914542,NO
1352.032855275452,1098.274691644789,NO
1353.0199494505086,1098.1541548545256,NO
1354.0025723831427,1098.0158062093217,NO
1354.9722099501714,1097.8590748178299,NO
1355.9121838281262,1097.6569215675595,NO
1357.0552013625572,1097.2817870607344,NO
1358.0155189082022,1097.1493328888973,NO
1359.0049009847307,1097.0581279572816,NO
1359.9960654678723,1096.9641676530794,NO
1360.9890331902905,1096.8699285385803,NO
1361.9885085417754,1096.7979088323477,NO
1362.9852917445485,1096.7413375691526,NO
1363.9910710327981,1096.6964151049492,NO
1365.0,1096.6803921568628,NO
1366.0,1096.6803921568628,NO
1366.990186476863,1096.6663402021506,NO
1367.9893344329005,1096.6373707064556,NO
1369.0912433203641,1096.478240862571,NO
1370.0577904299485,1096.2577722019662,NO
1371.0136314979566,1096.109597246829,NO
1371.9954250197482,1095.972869303606,NO
1372.9163203325256,1095.7628630475117,NO
1374.0111967502876,1095.012922092941,NO
1374.9510421080017,1093.9690669826189,NO
1375.2066666666667,1093.0,NO
1374.9395023443908,1092.042480197628,NO
1373.9828411607725,1091.0205369849627,NO
1371.9813260974383,1090.1642015533134,NO
1370.9942228822406,1090.036515744328,NO
1368.911875719139,1089.3082661736082,NO
1367.982466436953,1089.1039781047236,NO
1365.8241896688585,1088.3943029463471,NO
1363.779005849187,1086.012566333707,NO
1365.9641669139987,1083.7946643448558,NO
1366.9677819176445,1083.650399545689,NO
1368.0115558933494,1083.6070996129438,NO
1369.029224588193,1083.6828821406373,NO
1370.0101569041794,1083.8273326295935,NO
1371.0,1083.9632208844782,NO
1371.963564232163,1083.8860874379031,NO
1372.6495364852433,1083.5588993954113,NO
1372.5875896297534,1082.924824686407,NO
1372.652196090474,1082.4030109004452,NO
1370.7081510650396,1081.3476086810392,NO
1369.7056549413737,1080.3487903803136,NO
1368.6008435576302,1079.5264735668359,NO
1367.963847121403,1079.068338674171,NO
1365.9325396517843,1078.258191599417,NO
1363.637068194954,1075.9830270695916,NO
1366.004773689785,1074.0475005777005,NO
1366.9995862689552,1073.9859331440039,NO
1368.0,1073.9705882352941,NO
1368.9988134235632,1073.9567747160247,NO
1369.9980673873647,1073.9295976833946,NO
1370.9973113575086,1073.9020565961057,NO
1371.9917620953718,1073.8599556218442,NO
1372.9883636831726,1073.8021826146703,NO
1373.907149256003,1073.6327421515014,NO
1374.9919463711246,1072.9898393973929,NO
1375.3030390570577,1072.1886659429517,NO
1375.478739175443,1071.5593438179937,NO
1374.9752107612082,1071.0283359472087,NO
1373.8963404349693,1070.2524892243048,NO
1372.9939371228438,1070.037845911831,NO
1372.04601575401,1069.8533916618117,NO
1371.102504567042,1069.5899817318325,NO
1369.989323568448,1069.3629986849403,NO
1369.0,1069.349019607843,NO
1368.0106747077707,1069.3629400763805,NO
1367.0,1069.3784313725491,NO
1365.9797700909862,1069.3439084519523,NO
1364.9762857400663,1069.2687616072208,NO
1363.987925165986,1069.1986504880856,NO
1362.9918181537157,1069.1390913863152,NO
1361.994304337517,1069.0691616197068,NO
1360.9998348837476,1069.0030074745607,NO
1360.0,1068.9745098039216,NO
1359.0009807289841,1068.961525247663,NO
1358.0040815875745,1068.9229033449824,NO
1357.006822726947,1068.8711262673899,NO
1356.0138027941039,1068.810454585777,NO
1353.9503254525196,1068.232061689797,NO
1352.9898845363841,1068.0647518564422,NO
1350.9106436799927,1067.3134344592977,NO
1349.983031203665,1067.1185491204365,NO
1347.9660329315777,1066.0293659512643,NO
1349.953888466929,1062.6144773498686,NO
1350.9858064483774,1062.517419228648,NO
1352.0,1062.5000000004902,NO
1353.0142061477386,1062.5169909606848,NO
1354.0364156247892,1062.587289593953,NO
1355.0422371951424,1062.7165661797044,NO
1356.0228035349637,1062.8693280620269,NO
1356.9944290331118,1063.029907296451,NO
1357.9720615320211,1063.1850470014263,NO
1358.9777535474177,1063.3066402769966,NO
1359.9907625696703,1063.3623914964035,NO
1360.9916618906361,1063.3865850783595,NO
1361.9920148777728,1063.407241222969,NO
1363.0079892125354,1063.407449828685,NO
1363.9992175728948,1063.3990378444146,NO
1364.9740787487428,1063.4264463766592,NO
1365.9812775673308,1063.477422029504,NO
1367.0,1063.5000000004902,NO
1368.0,1063.5000000004902,NO
1369.0086624465218,1063.490871946407,NO
1370.0418348684054,1063.5443637239962,NO
1371.0507152482458,1063.685440989065,NO
1372.0226038177195,1063.8078675428972,NO
1373.0084089878924,1063.9002654944175,NO
1373.9980226978855,1063.9279697095333,NO
1374.9718340243608,1063.8385994703215,NO
1375.9397442380748,1063.6843597164648,NO
1377.0527578727188,1063.4537177128686,NO
1378.0372294251645,1063.327362179427,NO
1379.02651588733,1063.2112984771131,NO
1380.0117159578679,1063.0891811691502,NO
1380.994336020797,1062.9598801454508,NO
1381.9428093954991,1062.7923078094382,NO
1383.8952248745088,1061.8787356683245,NO
1384.6258076238219,1060.0427160227302,NO
1384.1501826128078,1058.931642191878,NO
1383.7337912038747,1057.0323626380466,NO
1383.6704364356567,1055.990306954315,NO
1383.778550280637,1054.9669996509197,NO
1384.4396910639873,1052.7287779925396,NO
1384.8384824130833,1051.953231185117,NO
1385.014231618796,1051.0023378430126,NO
1385.1711021549888,1050.0553508683038,NO
1385.3118369225087,1048.894060888542,NO
1384.9065923383034,1048.1624752441242,NO
1384.0026359485228,1047.975389115097,NO
1382.9991991976106,1047.9911727647343,NO
1382.0148118344437,1048.0913245017855,NO
1381.1062339105047,1048.2941351336515,NO
1379.0150641833318,1049.1441857558277,NO
1377.9880086438923,1049.1650864753713,NO
1375.9662995842136,1048.0363159689898,NO
1374.7603137824003,1046.1139971054217,NO
1374.6617823322765,1043.3011534471086,NO
1375.6117604092465,1041.6881142004743,NO
1376.4956289348438,1040.5478374167906,NO
1377.66298903253,1039.5241744437626,NO
1379.9676478644062,1038.7338775950172,NO
1380.9894836902822,1038.642445457603,NO
1382.0,1038.6254901960785,NO
1383.0,1038.6254901960785,NO
1384.0,1038.6254901960785,NO
1385.5534035140445,1037.6732390917066,NO
1386.1239448851074,1035.745616695766,NO
1384.9138230030312,1036.2796747911373,NO
1383.9921030437654,1036.1342482554874,NO
1382.9956441082759,1036.0766036152693,NO
1381.9988408984684,1036.020384199931,NO
1381.0019308773237,1035.9648304491973,NO
1380.007891534073,1035.8993829407577,NO
1379.031859894047,1035.7931230818735,NO
1377.873116084639,1035.401799056939,NO
1376.9653127775339,1035.1439594144013,NO
1376.0019178690004,1034.986026954155,NO
1375.0095056251475,1034.878803279595,NO
1374.0125313441697,1034.806246129575,NO
1373.0602521959913,1034.6942758918353,NO
1371.9325617172613,1034.399184359588,NO
1369.926401669165,1030.7782429511003,NO
1372.0174310008472,1030.1160142800793,NO
1372.994865035285,1029.9695484655658,NO
1373.9429677724302,1029.7913138964786,NO
1376.018440460489,1029.203655629915,NO
1377.0069408922443,1029.1361482657885,NO
1378.0045783060173,1029.0833905728186,NO
1379.0015964168672,1029.0290775925669,NO
1379.9985101461073,1028.973799120447,NO
1380.995314591412,1028.9176014328214,NO
1381.992131137327,1028.861616549042,NO
1382.9942460205682,1028.8165918985198,NO
1383.9937017176803,1028.785858393945,NO
1384.9854913229137,1028.7448473956783,NO
1386.0,1028.713725490196,NO
1387.0145086770863,1028.7448473956783,NO
1388.0063072384776,1028.7855538845665,NO
1389.0003904524765,1028.8008692265735,NO
1389.9367412872828,1028.6851044143086,NO
1391.026667043914,1028.0306823763963,NO
1391.464282851852,1027.549443068338,NO
1391.6898218061492,1026.9179280032017,NO
1391.6538111064958,1026.1686799478164,NO
1390.9053114649064,1025.2441053007694,NO
1390.0116344455269,1024.969588245711,NO
1389.089806151403,1024.7106915953404,NO
1389.994017665071,1020.7820720872775,NO
1390.9120340578006,1020.6473645805103,NO
1392.9872026319645,1019.9319505000279,NO
1393.9371949899719,1019.7427725375946,NO
1396.012061937694,1019.0601878529507,NO
1396.948999907699,1018.8551098282584,NO
1397.6531952054636,1018.4104318574421,NO
1398.7279990350976,1017.7270412770529,NO
1399.0758973950647,1017.0580993506245,NO
1399.7351114443873,1015.9516542195406,NO
1399.8194537329837,1015.0053101841459,NO
1399.7918075568737,1014.0061233069454,NO
1399.7627109395985,1013.0069790897777,NO
1399.7627110796723,1011.9930209143421,NO
1399.7829016017624,1010.9902791763795,NO
1399.2517425950216,1009.7731413514687,NO
1398.893304895165,1009.2733859514019,NO
1397.9903365972739,1009.0487175683212,NO
1395.9411762345926,1008.2121361094096,NO
1393.7608171136148,1007.5286016781084,NO
1392.967976741291,1007.0552032762098,NO
1391.9382109423625,1006.0431908584397,NO
1390.868751137286,1004.0171080601704,NO
1391.9264571486265,1001.8892531161605,NO
1392.2407704562938,1001.0866489511506,NO
1391.9788862138055,1000.0213031472892,NO
1391.492798369771,999.26080247182,NO
1389.802697525634,998.3750802116812,NO
1388.0860134069735,997.8025921748253,NO
1389.929109066941,993.6125728210773,NO
1392.0101993913208,993.0833364887492,NO
1392.9946046248244,992.9612444901965,NO
1393.933730835823,992.775282748832,NO
1394.2639774667268,992.5926719668588,NO
1395.9256363072395,991.870650234512,NO
1396.2903197334035,991.0678939976572,NO
1395.949838795793,990.0501612042068,NO
1394.912178015666,989.1908482932355,NO
1392.9353697973186,988.1238495080815,NO
1391.690587386702,986.0188074340185,NO
1391.7582648506984,984.9595502948046,NO
1393.6115591318662,982.6449636304982,NO
1393.9668214007788,981.96830479456,NO
1394.1998789433833,980.9218683600755,NO
1393.9291859273317,980.1570060037272,NO
1391.9281036383513,979.1508957391762,NO
1389.919690708853,978.3247906798399,NO
1389.0063784308231,978.2168666552642,NO
1387.005718599323,979.0110559585924,NO
1386.0211303844073,979.2831471633274,NO
1384.9736390031246,979.2864947823034,NO
1382.8962931136675,978.171380021393,NO
1381.718708052069,977.3933053261773,NO
1381.0065015053042,976.9887701273426,NO
1379.8979713472988,976.1677991939902,NO
1378.6943191926496,975.5363236818112,NO
1377.9634180784185,975.0634674294771,NO
1376.8533786533649,974.1524570315318,NO
1375.8651540995954,972.0014759252688,NO
1376.0358108837522,971.0134804269273,NO
1376.660419880509,968.9906781926891,NO
1375.956779941719,967.022547606168,NO
1375.6504840275613,966.0365165938618,NO
1375.5901960784313,965.0,NO
1375.6699933010016,963.9605286101623,NO
1375.8273945115316,962.9608760906871,NO
1376.49894467901,961.2260176758048,NO
1376.6606559455854,960.9017156067476,NO
1376.645861865562,960.1103193944192,NO
1376.4360283295778,959.7850914516625,NO
1375.9832248975986,959.0183024255924,NO
1374.907129927615,958.2342298214049,NO
1374.0251808138041,957.9442424824173,NO
1371.984082426549,957.1887898209088,NO
1370.988201189561,957.1024633551453,NO
1368.6407349465994,955.0158445101862,NO
1370.987273405869,952.8294636312552,NO
1372.0055771061463,952.8103783846668,NO
1373.0126406465743,952.8742193058566,NO
1373.9712824260876,953.0723682838461,NO
1374.8733185841213,953.3625422075818,NO
1376.0170531475483,953.7100964927621,NO
1377.0193099456292,953.7859114723731,NO
1378.0084554003763,953.8562581941407,NO
1379.0047003308525,953.9112159718279,NO
1380.0013513933445,953.9507706716008,NO
1381.000067303268,953.965675331557,NO
1382.0000634087462,953.9676615376936,NO
1383.000483508065,953.9835607252423,NO
1383.9993716111449,954.0146867620623,NO
1384.9625097727624,954.1415328761777,NO
1385.9022475390234,954.3569101410358,NO
1387.0122606440652,954.6091919553085,NO
1388.0112685431632,954.6408151727848,NO
1389.0182979730412,954.688934459459,NO
1390.024650178481,954.7708446311069,NO
1390.993299981335,955.0145605493434,NO
1391.8696951429365,955.2986446530415,NO
1393.1472850888426,955.4963136142965,NO
1394.0558547514752,955.1355576046826,NO
1394.9517127600973,954.8768602046982,NO
1395.5870134444494,954.3983393967859,NO
1396.6372760419483,953.6168408907108,NO
1397.5473372077117,952.6440532449466,NO
1398.0182802356367,952.0133803787593,NO
1398.6627483702011,950.8989034942056,NO
1400.9823626354819,948.7231213792812,NO
1402.0,948.7117647058824,NO
1403.014985894388,948.7452397963546,NO
1404.0156289551146,948.8188461966628,NO
1405.0086265366112,948.9022325870236,NO
1406.0018631779622,948.9583890247357,NO
1406.9987983238213,948.9575121621581,NO
1407.9626983069058,948.8486380128555,NO
1408.753836977094,948.532154259683,NO
1409.9438086423586,947.9039767906303,NO
1410.8888579712607,946.9383154881887,NO
1411.1770180363521,946.0859675590706,NO
1411.813431789971,944.9568820129593,NO
1412.7996533965586,942.8767501210903,NO
1414.9951773608343,941.9180151344872,NO
1415.9468856510937,941.8276251788847,NO
1416.6823830032374,941.5480065701323,NO
1416.5961845382503,940.3819875720886,NO
1415.725626820368,939.330140083773,NO
1414.712519930192,938.2768147090675,NO
1413.7710880801371,937.2534664947478,NO
1411.9253420566417,936.2197743130656,NO
1410.9941359631446,936.0421219526816,NO
1410.0030096567411,935.9451812529142,NO
1409.0026884263443,935.9020644700341,NO
1408.0162606518004,935.8405205300057,NO
1405.9058000361179,935.3201382319422,NO
1408.021955382247,931.3617239347226,NO
1409.0143530439304,931.3050021764126,NO
1410.017646526687,931.2432358962104,NO
1411.0129471841021,931.169309320835,NO
1412.0081605150294,931.0770715324384,NO
1412.9873107272745,930.938419704403,NO
1413.875597333215,930.7113308303179,NO
1414.9830099908847,929.9778941416728,NO
1415.486461245842,929.484470815646,NO
1415.9820757431862,928.9855937968357,NO
1416.7354689662639,927.8858207272222,NO
1416.93555835113,926.9903662987037,NO
1416.9895690157337,926.0003067936447,NO
1416.9361408568952,925.0053842023685,NO
1416.8921568627452,924.0,NO
1417.5265980797017,921.6259131829656,NO
1418.8988926147144,920.7715721983752,NO
1420.9866150889095,919.9164482221994,NO
1421.9226928696528,919.7247625595435,NO
1423.9947720018806,918.9707881911165,NO
1424.9155287823853,918.76213977868,NO
1425.9902065763551,917.9902065763551,NO
1426.6744915231984,916.9056869475787,NO
1426.6983046220196,916.0547609426225,NO
1425.9973393081798,915.0033606377795,NO
1425.1180057358615,914.6167031802136,NO
1424.0,914.3470588235294,NO
1422.9738243948566,914.290207796156,NO
1421.973906122765,914.1495267077222,NO
1421.0055132813557,913.974894878324,NO
1418.9282594935555,913.1880231902547,NO
1418.017086852034,912.9492525606319,NO
1415.9732730360554,912.0662487526621,NO
1418.0005094797432,908.7401653174207,NO
1418.9851252288997,908.7139467151915,NO
1419.9212801913936,908.5932077019239,NO
1421.0555387311813,908.283509230416,NO
1422.02787018772,908.086255864901,NO
1422.8452356439589,907.7767751718367,NO
1423.0384402678817,907.00016174026,NO
1422.8474412954188,906.1026757468961,NO
1421.964709328784,905.029301392897,NO
1421.043826607324,903.9690918308432,NO
1420.6830848032105,903.1882231138119,NO
1422.2507852805609,899.586251290893,NO
1423.9767482017805,898.9275443989305,NO
1424.8396537156511,898.6158471355988,NO
1426.7686225628884,897.6593753289724,NO
1427.5516182356275,896.715677300537,NO
1427.7057174701927,896.0271425638564,NO
1427.4899557403164,895.3592338203634,NO
1426.70419787961,894.2815955089353,NO
1425.730418276979,893.2207200287146,NO
1424.8224287652874,891.0153198707718,NO
1424.6636963919277,890.0728535183506,NO
1423.7503098187203,888.1755175054479,NO
1423.7084941353182,884.6774001791832,NO
1424.8299405542232,883.7917249518521,NO
1425.7986465745573,882.8239781354579,NO
1426.1226536660872,882.0800494074516,NO
1426.6716579007689,880.973804400129,NO
1426.6937097284035,880.0378358572419,NO
1426.5980049222671,879.025223220752,NO
1426.6495802254246,877.9567128511903,NO
1427.9553069865271,875.9281179939367,NO
1429.002532858882,875.002440754831,NO
1429.501151526331,874.2317914418761,NO
1429.624715126342,873.8700587482314,NO
1429.554026642888,873.231178039008,NO
1429.1451165102983,872.8220469077788,NO
1427.977864252449,872.1881538605343,NO
1426.9921351775567,872.0932804503861,NO
1425.9990508928447,872.0115248732387,NO
1425.0056372789643,871.9315473230614,NO
1424.0069091109676,871.864475136154,NO
1423.0091158410858,871.8140368473987,NO
1422.0407873784156,871.7219042258909,NO
1420.898709610324,871.3624487383754,NO
1419.9704396671154,871.1398811971732,NO
1419.007340736965,870.9643601900739,NO
1416.931707277101,870.2621559438427,NO
1414.6892367086202,869.3622506807393,NO
1416.990061107199,865.6379403379153,NO
1418.009982360845,865.636356859189,NO
1419.0092323790504,865.6636776242432,NO
1420.0096137431817,865.6935619242361,NO
1421.0152972457224,865.7399468236907,NO
1422.006431021547,865.7813452600615,NO
1422.9944718402305,865.7831260404951,NO
1423.9763194928635,865.7316209244719,NO
1424.9335836843431,865.6114446811208,NO
1426.0587018061522,865.3435271493626,NO
1427.0259626546388,865.2037069863156,NO
1428.0105546677112,865.0664553136584,NO
1428.9864001172798,864.9184007036781,NO
1429.9246486276218,864.7302305957312,NO
1431.972760831262,863.9328986324241,NO
1432.705148756067,863.5421300469602,NO
1433.6426979158052,862.7249295057297,NO
1433.9701442780247,861.9893687810693,NO
1434.7014346938452,859.9398991902036,NO
1434.882005689904,858.981097429745,NO
1435.9222191984686,856.9504858815958,NO
1436.7481789413876,855.8109405046374,NO
1437.0910592815833,855.0665578934525,NO
1437.7446024408766,853.9499386855969,NO
1437.719764323632,853.071321240367,NO
1437.5754964964508,852.741732439998,NO
1436.7874007088747,851.0811829286102,NO
1436.116676417166,848.9923300367765,NO
1436.0872851079139,848.0001711472615,NO
1436.0882352941176,847.0,NO
1436.0882352941176,846.0,NO
1436.1047465345794,845.0043818272511,NO
1436.1252128892345,844.0020611174031,NO
1436.0271301360383,842.9937574059875,NO
1435.7918524340646,842.1368641570119,NO
1434.8657653519035,841.2201919374515,NO
1434.0084809155614,840.9658607227586,NO
1431.9145751784874,840.2468749595103,NO
1431.8779063518973,836.762678610453,NO
1433.9835664397472,835.9296415976788,NO
1434.8926293693064,835.6927711601651,NO
1436.9925001588294,834.9461279042592,NO
1437.9953592058357,834.8520746802939,NO
1438.9305494498303,834.7209793639558,NO
1440.8084074457681,833.7486802266758,NO
1441.6013402375468,832.7634458702538,NO
1441.8449573117643,831.9849958691425,NO
1441.7511052823415,831.0801620347762,NO
1441.543232695777,830.7319213479915,NO
1441.0165421103839,829.9854547426272,NO
1440.499207398032,829.5360451115104,NO
1440.0060303258808,828.9924814209701,NO
1438.9049815463325,828.2658718071763,NO
1436.6654811727478,827.4842558130873,NO
1436.019027411566,826.978114009716,NO
1434.942396982023,826.1309979820767,NO
1434.0418909367215,825.877892372747,NO
1433.1022846778199,825.5944190281344,NO
1432.0,825.378431372549,NO
1430.9893572550814,825.3618533393716,NO
1429.9738569112144,825.2962883336602,NO
1428.9810856432214,825.2097026512413,NO
1427.9891865753507,825.12255214358,NO
1426.9972133459014,825.0249332208239,NO
1426.0086098701786,824.9201630233948,NO
1425.0221941673005,824.8125618718168,NO
1424.0727615933476,824.6632993003723,NO
1422.934104212749,824.3060352472443,NO
1421.9778230987313,824.1270811157849,NO
1419.8255149279444,823.3712654652585,NO
1418.9804415499223,823.0573513913956,NO
1416.8817222746106,822.3467319603059,NO
1415.977115474254,822.0810908191087,NO
1413.9340123843758,821.098031963444,NO
1412.8810525343708,820.0855748192109,NO
1412.9362774513054,816.9577450708845,NO
1414.9172022961575,815.6065059562408,NO
1416.0,815.4215686274509,NO
1417.0,815.4215686274509,NO
1418.0178209297949,815.3951597410911,NO
1419.029846490003,815.3171189536101,NO
1420.0285340463754,815.1865687589203,NO
1421.0034862838045,815.0160180611988,NO
1421.9422728411937,814.8102673835366,NO
1424.0079821558904,814.0467121446268,NO
1424.9944824685833,813.9330014005066,NO
1425.9983463715957,813.8721618003777,NO
1426.9853862373222,814.0392565794461,NO
1429.0115396893057,814.979663847969,NO
1430.0847360151222,815.8995530573636,NO
1431.0,816.1459330143541,NO
1431.9730380306848,815.9426684513211,NO
1432.9764435418595,815.6843434472372,NO
1434.9816115318188,814.9608990223843,NO
1435.9764567485865,814.6845204173891,NO
1437.0381801924834,814.0440737820418,NO
1437.0645187833231,812.9635806386184,NO
1436.9485672964174,812.0281800273035,NO
1436.6291666666666,811.0,NO
1438.9849753722447,808.8038993402921,NO
1439.925867042725,808.6564295021836,NO
1441.9473941660112,807.8785800490172,NO
1442.3688540976336,807.6088075624506,NO
1442.9797147276922,806.9829381401378,NO
1443.301586486716,805.9790564944786,NO
1442.966327758055,805.0260387367704,NO
1441.788850256765,803.0167934574546,NO
1443.8311335347764,800.6813186734032,NO
1445.8282152068928,799.6973315673491,NO
1446.944509824963,798.9227794055777,NO
1447.8079844406345,797.914121482339,NO
1448.0093075695972,797.0013754100487,NO
1448.189205402249,796.059321825222,NO
1448.4799724994355,795.1275015420978,NO
1448.6999290593703,793.9911743843952,NO
1448.7292738841707,792.9920374674485,NO
1448.7596598698524,791.9924599177772,NO
1448.7912111318371,790.9934497612521,NO
1448.8380139352396,789.9904714079197,NO
1448.914959073973,788.991190979533,NO
1449.0977342095407,788.0354169658631,NO
1449.3798082436806,787.1307103705374,NO
1449.6843137254903,786.0,NO
1449.4303020796804,784.8714682170921,NO
1449.0842536059595,783.9628320186396,NO
1448.8122125603797,783.0889519437795,NO
1448.0027197221348,781.9977822746662,NO
1447.476180762535,781.4677647759944,NO
1447.0184221500904,780.9799925616356,NO
1446.2860020563605,780.4053249733813,NO
1445.9307986320857,780.2085298710692,NO
1444.9965894432987,780.0414139051024,NO
1444.0,779.9980392156863,NO
1443.0015562887138,780.0273692160916,NO
1442.0085696205392,780.0971223641733,NO
1441.0160809716992,780.1822510089562,NO
1440.0236580809194,780.2681249117392,NO
1439.0319598270444,780.3543372128834,NO
1438.0132747422685,780.4231324261713,NO
1436.986712499802,780.4235390851853,NO
1435.9772773202453,780.3738247183081,NO
1434.9745245366207,780.2952837889108,NO
1433.9730992078119,780.1559023200775,NO
1431.702837279135,777.9955647355137,NO
1433.9981498950826,775.9912475809837,NO
1434.9306053257899,775.7918159708295,NO
1437.017206695633,775.2371733603608,NO
1438.0048836359272,775.1915887934649,NO
1438.9896143939688,775.2037176490502,NO
1439.9618731041512,775.2878434970737,NO
1441.0898586045967,775.5456587400282,NO
1442.0445445110902,775.7555001428287,NO
1443.013046082781,775.885284447091,NO
1444.0019274028505,775.9661042937284,NO
1444.999481758523,775.9811212035593,NO
1445.9752524699702,775.8799931350807,NO
1446.8305327490257,775.6209027427267,NO
1447.9691876751926,774.9533636233028,NO
1448.480778230178,774.4491825575916,NO
1448.9922257869355,773.9934049096177,NO
1449.9048727688162,772.9349382653282,NO
1450.5666340342796,771.7859702810352,NO
1450.8352737823316,770.9590381992444,NO
1450.8380903772654,770.0358985140517,NO
1450.5969437940491,769.3835776839455,NO
1450.0002839746103,768.9994519225853,NO
1447.9586773205056,768.1395724133948,NO
1447.0093672452028,767.9497126827658,NO
1446.030021167208,767.791922247091,NO
1445.0825787240387,767.614494312738,NO
1443.941727939084,767.2268199462643,NO
1441.7980936050255,766.4378551675422,NO
1442.8858724352888,762.6576173166222,NO
1444.9449607764864,761.8532287310682,NO
1447.0021884473356,761.0062527067859,NO
1447.9072945516828,760.7483709294211,NO
1450.0114443017662,760.072957421972,NO
1450.9910747701344,759.9358891972655,NO
1451.9778727531514,759.8119183954369,NO
1452.9075530698215,759.6306159742268,NO
1454.9428629214879,758.8839360044776,NO
1455.5373931233528,758.2535526414064,NO
1455.5263886217776,757.2600921709238,NO
1454.856438278036,756.1152244276564,NO
1453.928716085217,755.0634416779156,NO
1452.9841087716127,754.0115167854241,NO
1452.5113114778906,753.2617477067831,NO
1451.93442966573,751.0017999699814,NO
1451.9340396521686,749.9981893237638,NO
1451.975139386007,748.998635103528,NO
1452.0306357715933,748.0017420340213,NO
1452.1258648691419,747.0197917007627,NO
1452.9193504226348,744.9728302053618,NO
1453.4442615241153,743.7084386660111,NO
1453.9373214613563,742.963780911267,NO
1454.808450305675,741.8482528405066,NO
1455.725196196243,740.7866277523549,NO
1456.4491135958208,739.6096009766443,NO
1456.9259761358635,738.9608695401612,NO
1457.494589722776,737.770268052799,NO
1457.9427390010314,736.9668014896391,NO
1458.8475571144268,735.8535715532563,NO
1459.9648983901714,734.937140211476,NO
1460.676309303679,734.5287444519704,NO
1460.7294974783338,733.2001884108978,NO
1459.91989209158,732.1507175627717,NO
1458.7156670659522,731.2443776373489,NO
1457.7906177081659,729.0377148203701,NO
1456.98020033474,727.0127917835742,NO
1456.5483171429587,726.5325812798193,NO
1455.9457630418062,726.174551346454,NO
1455.001899461103,726.0691946536524,NO
1454.0155547189481,726.1344560450417,NO
1453.0210268367466,726.2331236248006,NO
1452.0094185615162,726.3002166599374,NO
1451.0104214203816,726.3321827875058,NO
1450.010664844342,726.3626047197956,NO
1449.0123227859654,726.3927888178362,NO
1448.0133017999149,726.4239948886806,NO
1447.0,726.4411764705883,NO
1446.0,726.4411764705883,NO
1444.976210596135,726.4044198641974,NO
1443.9574678186782,726.2817066642199,NO
1442.9774551015073,726.1277544247922,NO
1442.0093917285883,725.9579709497012,NO
1439.946703189241,725.2079449321035,NO
1437.7899625706657,724.4054733329162,NO
1435.8241355924217,723.4032752647527,NO
1434.9732041503987,723.0790922836685,NO
1432.8827911388764,722.3898082720723,NO
1431.9677735498794,722.1087780095763,NO
1429.9133564530105,721.1765877945013,NO
1429.05669033174,720.8979574077388,NO
1427.577681470946,718.0132492082423,NO
1427.5764609148148,716.9867124998021,NO
1427.627651982103,715.9773670804694,NO
1428.4970235744288,713.4367095209006,NO
1429.7537515457043,712.6649575493825,NO
1430.9588283699363,711.9067462598351,NO
1431.783036347217,711.4896578132428,NO
1433.8847506800507,710.7157183526575,NO
1435.8160786890483,709.6969524026581,NO
1436.953530997148,708.9176569247484,NO
1437.7031089742618,708.4045018100394,NO
1438.8677581167797,707.8326169253118,NO
1439.626603508666,706.8004173020647,NO
1439.8231873605355,705.9880323318943,NO
1439.6897898103762,705.1390597352852,NO
1438.9367155547818,704.0671669250015,NO
1437.8969331283904,703.1274593628636,NO
1436.8907191624367,702.078324606226,NO
1435.8425464734285,700.0225374664511,NO
1436.7947583529426,697.7105566635162,NO
1438.9843812028566,696.8626623040694,NO
1439.903185847855,696.6656886253638,NO
1441.990745486454,695.8923210109195,NO
1443.0,695.8607843137255,NO
1444.0093561655221,695.8936408258052,NO
1446.0879246170784,696.7269709322132,NO
1447.0095063918184,696.9178261046842,NO
1447.9972625904093,697.0249299807275,NO
1448.9943966438573,697.1058411727245,NO
1450.0056243138804,697.106237041109,NO
1451.003313396917,697.0402341076564,NO
1451.9984226569793,696.9722605184998,NO
1452.9954199373283,696.9165774309749,NO
1453.9921145787769,696.8613253469409,NO
1454.9884745442375,696.8040672527677,NO
1455.9271998642719,696.661867375241,NO
1457.0391064016414,696.0539446431096,NO
1457.652149656853,695.66844532698,NO
1458.3852604905546,694.5784049825289,NO
1458.9104685726272,693.9522997052,NO
1459.6763039647979,692.7784720771344,NO
1460.6057555359164,691.311505461059,NO
1460.8109917653098,690.9309836744228,NO
1460.969497787097,689.9983253686819,NO
1460.8596641257611,689.0462594402755,NO
1460.4842150959953,688.458686950528,NO
1460.0142653027183,687.9822764407623,NO
1458.9165453690016,687.1852181814801,NO
1456.9772050150784,686.029318191462,NO
1454.984882906498,685.2025690617052,NO
1453.9918756760185,685.1685365106555,NO
1453.002345116428,685.1524325634208,NO
1452.0074090488552,685.1584275319585,NO
1451.011655060012,685.1981360194632,NO
1450.0150528588133,685.2558985988696,NO
1447.9709842230793,685.9267623144913,NO
1447.017325960678,686.1329205422331,NO
1446.0209899751512,686.237886380302,NO
1445.0,686.2901960784313,NO
1443.9793696060326,686.2391250281395,NO
1442.9842297030552,686.1386698493266,NO
1441.9991482691319,686.0051712231166,NO
1441.0345796501479,685.8423996620727,NO
1440.0959972528328,685.6160109886689,NO
1440.9503839219733,681.6461685765614,NO
1442.0723994637103,681.3779972183169,NO
1443.026887935291,681.2309604799789,NO
1444.013110262248,681.1261553525644,NO
1445.003022121382,681.0366971902465,NO
1445.996206432809,680.9550065295575,NO
1446.98930328328,680.8731319669972,NO
1447.9882787242138,680.8007383123778,NO
1448.9762600778313,680.7309475541218,NO
1450.12464095843,680.426098172522,NO
1451.0468026411265,680.1501128207447,NO
1451.9973568708192,679.9794081792271,NO
1452.9844958569886,679.865981136784,NO
1453.9706642362814,679.7547337809178,NO
1454.9156104235683,679.5789595213582,NO
1456.995507811124,678.9843617779842,NO
1457.8165341823271,678.7040873700977,NO
1458.693631393103,677.7753938304529,NO
1458.849549218529,676.9779387071761,NO
1458.7830895008792,676.0967919583729,NO
1458.538101497646,675.7054429210262,NO
1457.992653391263,675.0083508998803,NO
1456.9088776915612,674.2198546600006,NO
1456.021637333241,673.9463819074109,NO
1453.970527324163,673.2464108941608,NO
1452.9822821039809,673.1472520899431,NO
1450.8891616649553,672.3082920701551,NO
1449.6254907134096,669.9647832519759,NO
1451.9894126736103,667.9408425657359,NO
1452.9289991937371,667.7477675542933,NO
1454.9741313625477,666.9116633981813,NO
1457.0214408616691,666.063341628676,NO
1457.894692844977,665.8006955211125,NO
1459.001452397935,665.0023594289574,NO
1459.7192443527347,664.6056942649213,NO
1460.6750063525512,663.7080179575846,NO
1461.0521148258463,663.0328465640893,NO
1461.427433087961,662.1270202144896,NO
1461.36993321996,660.8724072891662,NO
1461.0747667507499,659.9705848728076,NO
1460.804149379668,659.0788430162067,NO
1459.9757332576623,658.0275889741243,NO
1458.8830788755959,657.3376000580848,NO
1457.9845577195795,657.1334841187885,NO
1456.9968089728163,657.0378470658464,NO
1456.006163789908,656.9469914059163,NO
1453.9287690909305,656.2530498926731,NO
1451.9751763368324,655.0155569106298,NO
1450.9276033925612,653.0556617148161,NO
1449.9715801527182,652.0272070524804,NO
1448.9174175097262,651.1435276467222,NO
1447.7135111988769,650.3599166011331,NO
1446.7817713570644,646.7093229832557,NO
1448.7960226171986,645.5417899168217,NO
1450.8309724476048,644.6178099018847,NO
1452.8390206374218,643.6899951901224,NO
1453.9787731890017,642.9624315713164,NO
1454.6775154623188,642.5128097581327,NO
1455.7612518609164,641.717074043317,NO
1456.1043822190709,641.0823102098748,NO
1456.707930820749,639.9760599040202,NO
1456.6377407616965,639.0796398510696,NO
1456.0399781864892,637.9712908328363,NO
1455.6094706225326,637.3683821510705,NO
1455.0506001719255,636.9391230299075,NO
1454.3331712306258,636.3377455238865,NO
1453.9455775113431,636.1647284721696,NO
1451.844075605809,635.3335049527182,NO
1449.7561950606255,634.4653230083538,NO
1448.9996284080107,634.0005466124388,NO
1447.9449062724489,633.059782557696,NO
1446.7094873305264,631.0170199339916,NO
1446.8988698565572,629.9503464920587,NO
1446.834151645058,629.0427294895857,NO
1446.9056260469715,628.2838209116701,NO
1445.991043468826,628.1575114147983,NO
1444.9844354975976,628.180406737788,NO
1443.0735922818108,627.8499008874073,NO
1441.9630943970558,627.0631773903824,NO
1440.8741611055127,626.114930263948,NO
1439.8647184692238,624.0076924789813,NO
1440.4896075064114,621.7062275710588,NO
1440.984443033423,620.9878747166736,NO
1441.9269373998793,619.9403809194706,NO
1442.7861296872677,618.8603415161804,NO
1443.5185740867134,617.6377229524915,NO
1444.7990309264378,616.6207352899648,NO
1446.9835156796173,615.8863918465192,NO
1447.9217149245017,615.7031557828637,NO
1449.9865584594925,614.9666450667034,NO
1450.6999447921785,614.6588237157379,NO
1450.7738751281684,613.9684907948191,NO
1450.7096589876826,613.2221369257327,NO
1449.7709187702383,612.3833141342928,NO
1448.9839158170792,612.0412674186182,NO
1446.942470444522,611.3203272999299,NO
1445.994081803399,611.2155914450855,NO
1445.0,611.2019607843138,NO
1444.1048619313133,607.3585352793665,NO
1445.0358764847308,607.1218800491445,NO
1445.9980251344903,606.9720459193594,NO
1446.9915983973144,606.9003530864031,NO
1447.950299527148,606.7664077761722,NO
1450.0050347101094,606.020432531335,NO
1450.924349350888,605.7993613230318,NO
1451.2726448410342,605.5899043128434,NO
1452.9824826612846,604.907827617431,NO
1454.9748044465996,603.9711038485586,NO
1455.943499982962,602.9568274653002,NO
1456.2306867509678,602.0074575455618,NO
1455.9420783103985,601.048910033041,NO
1454.9226881950237,600.1530166728586,NO
1454.0624018450283,599.8724454175939,NO
1452.955835433128,599.0767922644296,NO
1451.8069062306083,598.246751917832,NO
1450.7008356546382,597.3329879844028,NO
1449.6011253492059,596.5787592914802,NO
1448.956863008712,596.1124099288737,NO
1446.9130047414615,595.2754348290657,NO
1444.6573549127736,594.5524278039715,NO
1444.7495022867358,590.5924205769077,NO
1445.9645569584575,589.9219238021805,NO
1446.7644965989582,589.5165982812289,NO
1447.9659028438714,588.9282409857992,NO
1448.741940699203,588.4902795706282,NO
1449.9617302691936,587.9162907865574,NO
1450.6426204692796,587.4243734088132,NO
1451.913746142246,586.8604510674782,NO
1452.1857747118902,586.0501540539599,NO
1451.9533884268717,585.0407525772071,NO
1450.9892769618757,584.0133267152756,NO
1449.8932670288673,583.2439204185998,NO
1447.8962815973143,582.2920578501698,NO
1446.0712640763868,581.8415336033123,NO
1444.9471433567,581.1168131796676,NO
1443.7209245046695,580.4679026871038,NO
1442.9838345003259,580.0271122175889,NO
1441.8817879151413,579.1709035213446,NO
1440.7341694424601,578.4320539624322,NO
1439.983781202113,578.0296668851274,NO
1438.842852413326,577.3265130947967,NO
1437.9914303884138,577.0238214782497,NO
1435.950052325238,576.3714858320906,NO
1437.9907562600824,572.6632637640901,NO
1440.023766760548,572.0692775804293,NO
1440.995846224214,571.9029175706438,NO
1441.991762146817,571.8599564964117,NO
1442.988363719499,571.8021832322215,NO
1443.926934394444,571.6592757029516,NO
1445.9975449285955,570.9830205212136,NO
1446.9846527462478,570.867337298175,NO
1447.8941001001856,570.6727065814456,NO
1449.6041466732752,569.5990716495689,NO
1448.9498040788403,568.1704280491082,NO
1447.9943104460917,568.0674807543194,NO
1446.9968043868928,568.0379014570328,NO
1446.0016980453402,567.9690713174141,NO
1443.819039909153,567.427518211513,NO
1441.7948801692046,566.2372654748041,NO
1440.8641966792525,563.9925441313146,NO
1442.8996077451977,561.7263936410709,NO
1445.0120643777007,561.0918333200365,NO
1445.9991658748181,560.9898713365149,NO
1446.995635898431,560.9205110081506,NO
1447.9868709969169,560.8512046346914,NO
1448.9788280459304,560.7652674657493,NO
1449.9395484138904,560.6438454958795,NO
1451.073053462147,560.3103974528055,NO
1452.0229895833036,560.097705731658,NO
1452.949849823394,559.8736859222813,NO
1453.7298993072036,559.4184318440468,NO
1455.8452649841754,558.628728901544,NO
1457.6721151726017,557.6116634530449,NO
1457.9714514634124,556.9835500993962,NO
1458.18014777478,555.9879121614248,NO
1457.959748615551,555.0196326358514,NO
1457.6024933993108,554.2424100882236,NO
1456.8203398379571,552.0052841222358,NO
1457.695373889423,549.741197997231,NO
1458.0550009116882,549.0415785304251,NO
1458.474376374961,548.052767951147,NO
1457.987896098029,547.0111448499666,NO
1456.9466731037166,546.0955247001478,NO
1455.7564125215647,545.4371583300733,NO
1454.64986635027,542.9458337255606,NO
1456.8450196737535,540.8128964654309,NO
1457.694066302091,539.8164397897607,NO
1457.948729678545,538.9859675475118,NO
1458.0645833333333,538.0,NO
1458.0017631997505,536.9997736788425,NO
1457.873867879648,536.0220112922567,NO
1457.7313334535818,535.032661423377,NO
1457.6529411764707,534.0,NO
1457.7517046643939,532.962999127867,NO
1457.9141149182922,531.9826545818344,NO
1458.0659970952788,531.0101786569809,NO
1458.161293526699,530.0042359915933,NO
1458.0700214574267,528.9872498236192,NO
1457.8550202142924,528.0667775966052,NO
1457.0119000128298,526.9890532598927,NO
1455.9909019342795,526.0112487751105,NO
1454.6838135619,524.0330344037332,NO
1454.734188299194,522.945635631047,NO
1455.9896024717552,520.9916338655505,NO
1456.3919605010747,520.0418781320416,NO
1456.0711474559293,518.954806845032,NO
1455.7606014093014,518.2203735459956,NO
1454.755272611087,517.3973906939962,NO
1452.7823521819676,516.5146891778643,NO
1451.9541194547955,516.1589969383131,NO
1451.0061030527663,515.9693608166008,NO
1448.9417496169785,515.1790086549756,NO
1446.9261674418483,514.1381064369207,NO
1446.8241766544168,510.6444677019382,NO
1448.958627020501,509.86243118546486,NO
1449.7366225323035,509.46715541954717,NO
1450.9203319242251,508.8834945733736,NO
1451.6854469059233,507.8826841593413,NO
1451.8372549019607,507.0,NO
1451.7944395732775,506.0189438047792,NO
1451.6223190810974,505.0887675770712,NO
1450.8936883684396,503.0194564266123,NO
1450.033669768596,500.9848340918508,NO
1449.819139054285,500.00845817369145,NO
1449.8373743925897,498.9878637611669,NO
1450.0470513378286,498.0201078365673,NO
1450.7477974398134,495.98467003992033,NO
1450.7764705882353,495.0,NO
1450.6588162419011,494.07465727612816,NO
1449.8642178559114,492.05735757398116,NO
1449.0259709259776,489.9988267754188,NO
1449.8875246689722,487.9355749903648,NO
1450.5869536462246,486.7519277875558,NO
1450.869424023803,485.9703428079757,NO
1450.8986880239268,485.0163543435593,NO
1450.6858008890927,484.1483150546709,NO
1449.6781929727676,482.1892982539312,NO
1448.926460296528,481.0395319064784,NO
1448.4208254559096,480.3385252765922,NO
1447.8557855226804,479.06953494285756,NO
1446.8783691962597,477.0233579557051,NO
1446.6438053312415,476.1168511886505,NO
1445.9402365717183,473.9997585315961,NO
1446.738022556696,471.8982841502159,NO
1447.5452587102493,469.78235141109303,NO
1447.9153978873032,468.9678902876252,NO
1448.6722589332212,466.93431052070355,NO
1448.7881895867474,465.9933549676843,NO
1448.6772086939873,465.07586669249184,NO
1447.705527986296,463.20242158799545,NO
1446.91833375713,462.04365928019115,NO
1446.4180207868867,461.36097444192274,NO
1445.836422220173,460.07896858523145,NO
1444.8341627153618,458.0703779012723,NO
1443.7127869700819,456.18826080492676,NO
1442.9004837544212,455.07170272917676,NO
1441.9088266347903,454.16468062375435,NO
1441.0640196342008,453.8784812503892,NO
1439.9964629605126,453.00458890432833,NO
1438.6484526982783,451.0479223658684,NO
1438.5994326607743,449.9756517883284,NO
1439.9129868312502,447.8169722997996,NO
1441.809885515635,446.6942398558164,NO
1442.8868772838473,445.8699874357565,NO
1443.7675349281965,444.85961942705046,NO
1444.060238451713,444.02849846152407,NO
1444.3253588516745,443.0,NO
1444.1234140560584,441.9615215825869,NO
1443.965846366304,441.0034323551457,NO
1443.8552935551386,440.0209966215053,NO
1443.0303891460767,437.98604612861334,NO
1442.7888265327804,437.0283665871392,NO
1442.6867647946242,436.0190397876628,NO
1442.6255355301766,435.022761566613,NO
1442.5764194969129,434.013288799583,NO
1442.5588235294117,433.0,NO
1442.2930706270588,431.9090259920503,NO
1442.0646502751379,430.9792456040603,NO
1441.9024718174426,430.0041728478145,NO
1441.7945295981915,429.04371710650133,NO
1441.0171266834354,426.995709537341,NO
1440.8078303996188,426.0620358228725,NO
1439.992153369282,424.0026541289635,NO
1439.7045433127078,423.16154746528264,NO
1438.9204969386187,422.0614436184111,NO
1437.977250673871,421.0194994216309,NO
1437.1062073309581,419.9484338571451,NO
1436.6035775365199,418.08550288736075,NO
1436.369564210778,416.97944789589496,NO
1436.3229032094325,415.99240227718445,NO
1436.2996387658893,414.99294967587343,NO
1436.2882352941176,414.0,NO
1436.7635914693294,411.9026234906382,NO
1437.4964874389048,410.5536628686545,NO
1438.5097643004217,409.51355721387074,NO
1439.0161258301628,409.01426352860324,NO
1439.5606852785706,408.276303121222,NO
1439.7814374841714,407.91464714333165,NO
1439.918410041841,407.0,NO
1439.780945997994,406.08731522827605,NO
1438.9472743646743,405.081336445685,NO
1437.8132859239859,404.3014832816104,NO
1436.6234598998458,403.3416633238426,NO
1435.8002951184103,402.11651539961696,NO
1434.978061108941,401.0152127160834,NO
1434.5267907338737,400.47502580404233,NO
1433.966602960443,400.0650285961364,NO
1433.0562455733975,399.8038563451537,NO
1432.1024648439677,399.52076341653003,NO
1430.973899240106,399.2958086062315,NO
1429.9728123064963,399.15579464345376,NO
1427.8364332129956,396.99101986255937,NO
1429.009088177243,395.0122440046058,NO
1429.6838728507316,394.58863789595887,NO
1430.7278380106352,393.71333559757994,NO
1431.6771347883712,392.70871349944224,NO
1432.5771041651633,391.6190938307032,NO
1433.027172210713,391.02404394905307,NO
1433.6432669547867,390.38762288940194,NO
1433.8730725609826,389.9428539373474,NO
1434.0721795227178,389.00940184581026,NO
1434.0896868615375,387.9908933341378,NO
1433.9061178698666,387.03715513507717,NO
1433.5028161112818,386.31229362343,NO
1432.7254965627976,384.0322945209336,NO
1432.6373193028414,383.0099559408229,NO
1432.6215686274509,382.0,NO
1432.635521922449,380.99070938230767,NO
1432.6780195928638,379.9816913107054,NO
1432.7047249245757,378.99942102929407,NO
1432.0305870727404,376.9861144403309,NO
1431.7911283096118,376.02722606027316,NO
1431.0050596298167,373.99608003918604,NO
1430.5328134963445,373.5249827751717,NO
1429.963795359535,373.0801932768338,NO
1429.0527552718147,372.82961473524836,NO
1428.0969898248486,372.5506797917068,NO
1426.8967567149793,372.58149598169155,NO
1425.949727679389,372.820670384764,NO
1424.9969779650414,372.95899833551533,NO
1424.0001717019707,373.00583786719756,NO
1423.0020781501128,372.9803685426097,NO
1420.9467386699032,372.11606819982654,NO
1419.7359924450489,371.3121060863027,NO
1418.8008927359317,370.1221157198,NO
1417.7878482535698,368.0099215245898,NO
1417.824884682647,366.97892950120155,NO
1418.7827992580937,364.90127238810345,NO
1419.9977799772903,362.99805230000004,NO
1420.989306684186,361.98878877430593,NO
1422.0038420403216,361.00421744592774,NO
1423.0312314780815,360.0342249119149,NO
1423.533934749157,359.53393474915697,NO
1424.4557660119583,358.5476367093999,NO
1425.0027500617875,358.0021250476884,NO
1425.401104238868,357.1540437136501,NO
1425.6157297070326,356.0701345785887,NO
1424.9717898882295,354.00502528298716,NO
1424.7639234275139,353.0838377910251,NO
1423.788455392875,351.09377239975476,NO
1423.013156856347,349.9902058138087,NO
1422.549142129641,349.3188994700812,NO
1421.7630374867945,348.1757649963029,NO
1420.9221616856673,347.0490863734473,NO
1419.7781688571195,345.10469600593507,NO
1418.833861915515,343.01239836397656,NO
1418.8338584260503,341.98760137561567,NO
1419.0251161981735,341.0096085558469,NO
1419.2355555555555,340.0,NO
1419.0182292403542,338.9930261469996,NO
1418.7507971560412,338.0950980949476,NO
1418.0022852403076,336.99820809937495,NO
1417.50133652167,336.3763023627376,NO
1416.700021825538,335.2174153782032,NO
1415.9152970009745,334.0397666652403,NO
1415.4636727316258,333.27614470617874,NO
1414.8805252569805,331.01030762457964,NO
1414.8070499063558,330.0113500055508,NO
1414.7617080083628,329.0065413488667,NO
1414.7321503159158,328.0084031270189,NO
1414.6012835488852,327.0736427078829,NO
1414.025392804886,324.9969959977724,NO
1413.9203335602595,324.00921631362405,NO
1413.7447529100793,323.0806190221264,NO
1413.053681910754,321.9621499303725,NO
1412.673277130883,321.3094967002764,NO
1412.048075088505,320.9374365258233,NO
1410.937168201373,320.1514944527971,NO
1410.0631880987487,319.8796347412806,NO
1408.7046541286593,317.02605993034393,NO
1408.6382079414116,316.01064094254275,NO
1408.6382313198567,314.98935974505855,NO
1408.7058719796842,313.9734708060107,NO
1408.8095744341558,312.9775969930099,NO
1408.91842292263,311.9907226066786,NO
1409.0118351141577,311.0009746564059,NO
1409.0680542205882,310.0018681550969,NO
1409.1069551967348,309.006596831899,NO
1409.2403479449702,308.0679931716793,NO
1409.584711377046,306.9445088490866,NO
1409.6823529411765,306.0,NO
1409.6813813745484,305.00062474237023,NO
1409.6975795713795,303.99051230064543,NO
1409.7456071414413,302.98453690413226,NO
1409.8011028793042,301.98830016932715,NO
1409.7417900766623,301.0387456312101,NO
1409.38181516517,300.3578964698774,NO
1408.7397883085907,299.30752290366337,NO
1407.2642061885747,298.4286143240671,NO
1406.9225341316594,298.20463528057894,NO
1406.0013767809298,297.9929074924342,NO
1403.8804976904823,297.3895227763291,NO
1402.9675795516673,297.144633688484,NO
1400.7687975793942,296.4887093321541,NO
1400.5080164548185,292.5892931750647,NO
1401.0138596105728,292.0117246252239,NO
1401.5330133377806,291.2461767533097,NO
1401.721674938864,290.90701835286427,NO
1401.7716328056956,290.0415876334597,NO
1401.4961801154323,289.2678352770127,NO
1400.6640043134987,287.64385222899267,NO
1400.0672213540208,285.99630941581046,NO
1400.0095286390476,284.99945817544216,NO
1399.877167477708,284.03143455842405,NO
1399.5560717322742,283.2644821358679,NO
1398.774665182631,282.312002049525,NO
1398.0061214577076,281.9850852876649,NO
1395.9628172995604,281.1461295465414,NO
1395.0021265042892,280.9854957744136,NO
1392.905138878031,280.24652530268895,NO
1391.3663585965337,277.9392000640923,NO
1391.2972670588958,277.01006681204956,NO
1391.3324910226295,276.0156466367237,NO
1391.3588235294117,275.0,NO
1391.2974257128787,273.9714238023718,NO
1391.1498483835849,272.97296852501415,NO
1390.9264479398512,272.03117167296216,NO
1390.4678469689047,271.39570352884806,NO
1389.779957239631,270.134846715753,NO
1389.555427024219,266.5867117729672,NO
1390.532129512641,265.62034749861147,NO
1391.0048282350303,265.003939455322,NO
1391.837742531247,263.91608696820896,NO
1392.0160207481651,263.0007944172777,NO
1391.9182996628622,262.0225907380058,NO
1391.6729804670495,261.1541313969749,NO
1390.9415292129834,260.04594672436804,NO
1389.936569714087,259.09346357045587,NO
1388.7877854119827,258.38569594511455,NO
1388.0180599469804,257.97602952507947,NO
1387.0202573995323,256.98447539487034,NO
1386.568715893759,256.2275872457955,NO
1385.6015202952635,254.25313757798745,NO
1384.7634035549447,253.32857778975446,NO
1383.9971818744264,253.007924321533,NO
1381.94336547103,252.37490463189488,NO
1380.9845253338117,252.25458320898588,NO
1379.9884873393758,252.19571522988326,NO
1378.992166492084,252.13776169487318,NO
1376.6868941089522,251.3661318810833,NO
1375.7725490196078,249.0,NO
1376.7965635921755,246.75291439727766,NO
1377.9743389930522,245.94092001029566,NO
1380.016370875331,245.06699677614452,NO
1380.9309460692357,244.83438285563165,NO
1381.9820957058087,243.9835143515703,NO
1382.4095185918147,243.04484499678807,NO
1382.1809533844646,241.9337382364785,NO
1381.9279118931518,241.0329009153829,NO
1381.5150192920976,240.4135098539419,NO
1381.023758193765,239.97291353434323,NO
1380.3298830658798,239.35749515991927,NO
1379.9359895776952,239.15702288165554,NO
1379.0124327551669,238.93904917677074,NO
1376.9333743229902,238.287304398016,NO
1375.9830186898134,238.13027646776962,NO
1373.612931284281,236.0065474307187,NO
1373.7514530504968,234.95127985259072,NO
1374.6535969927393,232.87869929565488,NO
1374.833946432163,231.98990654748252,NO
1374.8495732384936,231.00442431636648,NO
1374.8203600709405,230.00563576226236,NO
1374.8039215686274,229.0,NO
1374.8589992410557,227.982749148231,NO
1375.8085590117084,225.9214038158262,NO
1376.0718166625313,225.03053921699242,NO
1376.3751486714386,224.01875743329208,NO
1376.0224682765227,222.98353837491865,NO
1375.6536712249801,222.4075274276586,NO
1374.9860375911264,222.03284216967975,NO
1374.0291110640817,221.80718645271742,NO
1373.0365140253703,221.66672655006118,NO
1371.931496050854,221.4705271558248,NO
1370.9479901864167,221.2564621713126,NO
1368.7976039303323,220.3446982862162,NO
1366.8292109132392,219.35195763463216,NO
1364.76661079542,218.47145956781137,NO
1363.9673522498967,218.068941030333,NO
1362.8201045359665,217.20998949341555,NO
1361.794539816699,216.1966884958701,NO
1360.826012390484,215.15765074260446,NO
1360.0094227296645,212.99915010673615,NO
1360.040868577728,212.00248416853745,NO
1360.0143056287568,210.99753936387134,NO
1359.759072466749,210.2061208459637,NO
1358.6950999372896,209.56454151847828,NO
1358.0378430097846,209.30080340323107,NO
1357.304628866165,210.0226014965513,NO
1357.9354656783116,212.00102843534168,NO
1357.0763293754728,214.13458074229982,NO
1355.0019941425116,215.01006943298995,NO
1354.0184380714693,215.1593799396981,NO
1353.0,215.22941176470587,NO
1351.9846143609982,215.1783335483108,NO
1350.9918657738506,215.04768339645892,NO
1348.9175960026325,214.12861485808898,NO
1349.625991201539,210.5849235634121,NO
1350.631258083331,209.62850628543316,NO
1351.0423371528018,209.0359400562471,NO
1351.9749872297657,207.9815562400928,NO
1352.75852129238,205.9711172523622,NO
1353.7777159476875,203.81726342195756,NO
1354.8283531015782,202.77959353355766,NO
1356.7998973086674,201.6120024546126,NO
1358.7542431004197,200.58919152930497,NO
1359.8118695817675,199.80125198952302,NO
1360.5426883213051,198.74533750291377,NO
1360.8021847477548,197.9674211688898,NO
1360.7588241140108,197.0645098655474,NO
1360.6645513767598,196.7064979969174,NO
1359.8266888377107,195.07216301227837,NO
1359.6050174096229,194.7253081821223,NO
1358.99978165198,193.0000251940022,NO
1358.924660752911,192.0041362724421,NO
1358.8678870841466,191.00777134802038,NO
1358.7535111664442,190.04500645561163,NO
1358.4373313179165,189.23778049403236,NO
1357.8501458492196,188.14264962441908,NO
1356.795760798726,187.40341461457302,NO
1355.971556384476,187.11751704706907,NO
1355.0034278177448,186.97129928861943,NO
1352.9196279940497,186.22483813476117,NO
1351.083609147677,184.95228062878772,NO
1350.7895579464953,184.09279141033554,NO
1349.756320485178,182.1066275581619,NO
1348.7148638808587,180.14615017944166,NO
1348.1590605370757,179.81626228198743,NO
1346.9814904930467,179.2052140988285,NO
1345.992292367789,179.13554801861446,NO
1344.9960170659401,179.0930895008342,NO
1342.8561180428715,178.3184272919007,NO
1341.703834746887,177.12549374498255,NO
1340.7996514967135,175.05759737397693,NO
1340.6251131272575,174.7265705496578,NO
1340.0473910083783,173.95870212464249,NO
1339.6190609734276,173.45761625192364,NO
1339.0093005814683,172.9860237159572,NO
1336.975256342813,172.16825686684373,NO
1335.9952302250272,172.03014857765837,NO
1333.9053040501665,171.33198005046603,NO
1331.6131219716376,170.45946922003534,NO
1330.6063312071217,169.29672539272693,NO
1329.8686585109892,168.06917743416614,NO
1329.025009095487,166.97915908644737,NO
1328.5125839684015,166.4571299826629,NO
1328.0320087526627,165.9648108880849,NO
1326.986200831151,165.0196519181014,NO
1324.9810769407254,164.3113148351848,NO
1323.9748998590237,164.21335120550083,NO
1321.7327668449104,163.39102937156815,NO
1320.6081054863023,162.28323840359045,NO
1319.6465855035249,160.64624502802383,NO
1318.9915916513512,159.00084501810286,NO
1318.9296974420752,158.0019298741617,NO
1318.8211797474733,157.04132734794348,NO
1318.4509782865737,156.48836787435891,NO
1317.9906664942066,156.0163336345776,NO
1315.9565370392716,155.22001717547846,NO
1314.9916833978739,155.09639698207388,NO
1313.998945569728,155.0125060332106,NO
1313.0056339131881,154.9315881932006,NO
1312.006898740184,154.8646785630567,NO
1311.0044577025624,154.82512090002638,NO
1310.0051135124647,154.79939297316676,NO
1309.0115939653972,154.76348311295345,NO
1308.0070003095068,154.72537247405828,NO
1307.0064382236603,154.70150053332057,NO
1306.006902516326,154.67997423656442,NO
1305.0,154.66862745098038,NO
1303.9856738644955,154.6955696276261,NO
1302.9784083265781,154.77058847182437,NO
1301.9864174955633,154.8641749637691,NO
1300.9959438764693,154.9507470686784,NO
1300.0001842239783,155.00626361547526,NO
1299.0,155.021568627451,NO
1298.0,155.021568627451,NO
1297.0,155.021568627451,NO
1296.0,155.021568627451,NO
1294.9997952816288,155.00745759771738,NO
1294.0018318022487,154.96663503089718,NO
1293.0047924927944,154.91270816807588,NO
1292.0074605614384,154.85907828242202,NO
1291.0150828159094,154.79757274053372,NO
1290.0192967274115,154.7266296926223,NO
1289.0150340986436,154.66663520950212,NO
1288.0086976191385,154.6303511983221,NO
1287.007678367471,154.60840326919305,NO
1286.008888257025,154.58790807500148,NO
1285.0093522659001,154.56639493581383,NO
1284.008906941156,154.5457460128912,NO
1282.9911004529945,154.54612311455747,NO
1281.9744071391547,154.5921137833227,NO
1280.9771022039772,154.65653304427084,NO
1279.9800553522982,154.72508730219974,NO
1278.9893245849162,154.7822215387873,NO
1278.0,154.80588235294118,NO
1276.9953957420955,154.8193714212363,NO
1275.9925601101368,154.859468745514,NO
1274.9953258253925,154.91171003423898,NO
1273.9980950206054,154.9664986372757,NO
1273.0030307051525,155.03594557202553,NO
1272.0099590032728,155.1181184085687,NO
1271.039568898113,155.23312277134445,NO
1270.1147039895611,155.4469854999176,NO
1268.9642854613905,155.7766711083068,NO
1267.989067499052,155.94130973072245,NO
1267.0567898459083,156.15088930144876,NO
1265.9362253377428,156.8677096354521,NO
1265.0674966783026,157.14391436723452,NO
1263.0872941395132,158.2097953067348,NO
1261.0167564701323,159.07385259062502,NO
1260.1466959093257,159.3230560858266,NO
1258.1191062966475,160.27725846404363,NO
1255.9965921341045,160.9356291990598,NO
1254.9993341826726,160.9773622101081,NO
1254.00020083063,161.0068282416554,NO
1253.0009704850959,161.03535338522303,NO
1252.0041607117657,161.0757843919064,NO
1251.0032112850652,161.11698252600073,NO
1250.0002594816037,161.13233562484535,NO
1249.0002633343518,161.13430052644605,NO
1247.9964690466745,161.12005241709087,NO
1246.997319037397,161.09115273156127,NO
1246.0,161.07647058823528,NO
1245.0024800189653,161.09034354696269,NO
1244.0077827734215,161.13230714766985,NO
1243.011575652444,161.1904381464177,NO
1242.0069762966323,161.23719409344963,NO
1241.0084022105489,161.26782047159801,NO
1240.0189266313125,161.31137360097125,NO
1239.0572891241222,161.424117166565,NO
1237.9366250697058,161.71361706555234,NO
1236.981030875614,161.87374853981885,NO
1236.0010845378338,162.00768214334542,NO
1235.0251276593194,162.1478097591249,NO
1234.0857391629124,162.33255316996915,NO
1232.948086049152,162.69010876634906,NO
1231.9766011724255,162.8508324778684,NO
1231.0023396889385,163.0119324138581,NO
1230.0557281356866,163.2018318595179,NO
1227.9822234592496,163.92266050547966,NO
1227.0269817398207,164.11223496360867,NO
1226.0986071542338,164.34706613069616,NO
1223.9876760528493,164.92240477902055,NO
1223.0122600260108,165.071869120692,NO
1222.0476491506215,165.23775952755068,NO
1220.9068507299523,165.56803833948769,NO
1219.971988213665,165.73103245473072,NO
1218.994735134716,165.79345528565682,NO
1217.9953872812387,165.81903949532017,NO
1216.9960412059281,165.84469346382184,NO
1215.9939851529105,165.88638622041816,NO
1215.0000227605979,166.00013497563617,NO
1214.0702810636024,166.19489884083646,NO
1213.713508477694,166.32900668802927,NO
1212.0179805419225,167.0535902106671,NO
1211.205016303223,167.38447356526532,NO
1209.1689920751028,168.3491880427712,NO
1207.0125675503912,169.08661419825464,NO
1206.067419178361,169.25651520582727,NO
1203.9851402449829,169.83941877437317,NO
1202.9936881421138,169.92513843120608,NO
1202.0022878066084,170.02046984855204,NO
1201.014913364575,170.1289121343638,NO
1200.0549474084028,170.26869284057597,NO
1197.9724577765066,170.85949271511225,NO
1197.0037887398964,171.02195747009574,NO
1196.0449013772418,171.19188623274908,NO
1195.0946848373897,171.42402338814884,NO
1193.957419103128,171.72742800269867,NO
1192.9798703974102,171.89193581577948,NO
1192.0174886978232,172.0727616160477,NO
1191.0697758417043,172.27795950700047,NO
1189.936907772686,172.61870347776966,NO
1188.9712055807775,172.76314268122002,NO
1187.9843366900275,172.90258184626208,NO
1187.0256195325258,173.08692662294425,NO
1184.9801903786524,173.94287317124505,NO
1184.0942523528097,174.1982549494647,NO
1182.1120603816773,175.23022307043288,NO
1180.0636525396117,176.1823710654517,NO
1177.98297392613,176.9276391841137,NO
1177.0493622637591,177.14142795699587,NO
1174.9816810709108,177.91186175313013,NO
1174.028188229867,178.1042208479193,NO
1171.9883455343809,178.9729652172843,NO
1171.1879081793497,179.27889529566193,NO
1170.1246184020376,180.14382257202521,NO
1169.0447655225971,181.0682754701629,NO
1167.9301342829376,181.8244836925833,NO
1166.1011797471456,182.30764112320804,NO
1164.0482357755125,183.1034264744395,NO
1163.292560690017,183.58345909399176,NO
1162.033788493395,184.0863075704748,NO
1161.233034468334,184.4868875797392,NO
1159.1871970386715,185.37639618564629,NO
1157.1724674439597,186.36494491175463,NO
1155.1647826027079,187.30474611277717,NO
1153.1366252838654,188.33520377345968,NO
1150.9989308034571,188.99331752148055,NO
1150.0740591890876,189.1904379252359,NO
1148.9479298655651,189.9038872116548,NO
1148.115991302921,190.1915650093372,NO
1147.0229635218075,191.03487053154802,NO
1146.2738791414454,191.50945855171256,NO
1144.0999896917965,192.30887224465917,NO
1142.0297114062885,193.07917508670317,NO
1141.2151464452409,193.437385626763,NO
1140.0632805246673,194.09880643043053,NO
1138.133108229803,195.23247935677708,NO
1136.2095420615901,196.38336068206453,NO
1135.0400456645966,197.07645081002116,NO
1134.331092612007,197.55856080720739,NO
1133.0602851230792,198.13725107810563,NO
1131.9300475770453,198.83608162957964,NO
1130.1070847070291,199.4101211063667,NO
1128.963860870743,199.74752116165797,NO
1127.9954604846507,199.98894926059666,NO
1127.2159540251007,200.28427846843175,NO
1126.250034337252,201.21035823964,NO
1125.5002962459469,202.3605666409856,NO
1123.9401874782834,203.84793426962858,NO
1122.2076062761803,204.44981357870486,NO
1121.0237400394324,205.04850755046243,NO
1120.3116534371527,205.46067395745598,NO
1119.186585136704,206.23897249366874,NO
1118.1162598693447,207.14644068214358,NO
1116.199760562313,208.40165760222905,NO
1114.0910750328692,209.25563429309892,NO
1112.0186185067619,210.05426127431062,NO
1111.2023051167128,210.38328758480117,NO
1110.04579279392,211.0763809534225,NO
1108.197001861971,212.31592925820792,NO
1107.0500265509527,213.08377699712022,NO
1105.122049694434,214.22898847557104,NO
1104.0289457464241,215.03750847391697,NO
1102.9934440877287,215.9926826362778,NO
1102.3433095881012,216.47732079649515,NO
1101.0982194002722,217.194165200794,NO
1099.1942676357057,218.2916059693297,NO
1098.1189920437437,219.1424268170493,NO
1097.0816213082294,220.0922619294616,NO
1096.0380701483825,221.04843022156092,NO
1094.9431770549393,221.8805894642491,NO
1093.6954074354855,222.41357178331518,NO
1092.0966432570099,223.1732613412442,NO
1090.1570964920577,224.2914197663703,NO
1088.1941942608353,225.3680254449245,NO
1087.0339041324285,226.06394576605442,NO
1086.2452875690608,226.50804578176297,NO
1084.1154748557324,227.29163470281063,NO
1082.1729440706129,228.25287042513426,NO
1081.1267540919127,229.13388400621744,NO
1080.1327667388298,230.140800390409,NO
1079.0215527182365,231.04510105900107,NO
1076.9904646210132,231.97650919642487,NO
1076.1415558928838,232.26158485266672,NO
1075.0221457805492,233.03586653777367,NO
1074.3186554242902,233.49007009347517,NO
1073.115854747664,234.19070740186538,NO
1072.0183550219713,235.02909287900897,NO
1071.331500666562,235.49153544064552,NO
1070.1230248253041,236.20297806517803,NO
1068.2117124648262,237.4006251305262,NO
1067.0354194554677,238.0706835610929,NO
1066.2834062012034,238.525466665369,NO
1064.6265212556568,239.35069057743533,NO
1063.166433533223,240.25126790592088,NO
1062.0326304788234,241.0619313161844,NO
1061.336613773996,241.5432309329456,NO
1060.0747762016165,242.15527690387006,NO
1058.057033379765,243.1526715324907,NO
1055.9774963689893,243.89172780920654,NO
1055.0412604788842,244.1085082211326,NO
1054.2549130271168,244.49011275120392,NO
1053.101322799725,245.1408725948613,NO
1052.0938610271132,246.0904270887074,NO
1051.1157981138458,247.11112302731803,NO
1050.073921699291,248.09504218992893,NO
1048.129470541072,249.24503613941553,NO
1046.1733838859705,250.32322179322455,NO
1045.0212747247185,251.04165317482395,NO
1044.2652542397304,251.44296149969168,NO
1043.09876257909,252.15719711150618,NO
1041.1617488989443,253.30662321352509,NO
1039.0533697049973,254.16509029145692,NO
1038.3344490708519,254.60200833984788,NO
1037.1456440417048,255.20183740932274,NO
1036.078024650729,256.0970882649845,NO
1034.0268539124734,257.1538819656972,NO
1033.0793391037655,257.3676984755374,NO
1031.0289300650288,258.0929237775119,NO
1030.2177708810818,258.4307024373783,NO
1028.1805533642537,259.4112304884562,NO
1026.0714239987421,260.19921273055365,NO
1025.729331559264,260.36608921510094,NO
1024.0551765536125,261.129225505086,NO
1023.64795814599,261.3406846112226,NO
1022.2143942352649,262.2792824676227,NO
1021.0776375741043,263.11938467364934,NO
1020.0058858843005,264.0071958804236,NO
1018.9329615192798,264.8679357397361,NO
1017.109281434117,265.3785509027173,NO
1015.0222722101531,266.0560037372407,NO
1014.2247851848174,266.4032746708481,NO
1013.0965169974,267.13284441995756,NO
1012.028941304735,268.03831461768186,NO
1011.0023309469273,269.0022499247012,NO
1010.0262134690776,270.02421896571815,NO
1008.094037608141,271.2035070292425,NO
1006.0316268259306,272.09467903114586,NO
1005.2194471730678,272.45655100777157,NO
1004.0290513053836,273.0601484781007,NO
1003.2967689383123,273.467571232039,NO
1002.1450567930286,274.2036539926773,NO
1001.0358354221837,275.05917011560274,NO
1000.3553586303816,275.56141421978975,NO
999.1320112556089,276.2074462609077,NO
998.0367845618886,277.0535278797138,NO
996.9448927776792,277.90215656342633,NO
996.1070416810212,278.1945993714835,NO
994.2069555419018,279.34589070936573,NO
993.1123151324857,280.1263320618421,NO
992.187149730976,281.1275268052052,NO
991.3350640234628,282.2966490239107,NO
990.0983804006693,283.22368331783315,NO
988.1097641272371,284.19624495556957,NO
987.0417426181829,285.04743479356085,NO
986.0893618156266,286.0680680990067,NO
985.0611004875718,287.09648686681356,NO
982.9813156199444,287.82353640691423,NO
981.992258440389,287.9435972074577,NO
981.0186634319163,288.0942410965883,NO
980.054592288476,288.26516254633134,NO
978.9263583954231,288.55170674923136,NO
977.9478731489958,288.8087432057406,NO
977.0198396478718,289.0490770238487,NO
976.1622443306878,289.3782662902483,NO
974.1094639852051,290.26862889683986,NO
972.0303439033444,291.1152155727156,NO
970.0160885030458,292.0193766646028,NO
969.0978537967712,293.0594354516174,NO
968.2761548422469,294.21730906573134,NO
967.1938068922803,295.2765743210982,NO
965.2117703309532,296.3884284702477,NO
964.0481357115945,297.08465930779397,NO
962.9513675029801,297.9260714749672,NO
962.1519969268892,298.2456349392315,NO
961.058793241836,299.0781556788464,NO
959.9988930558212,299.9985228763603,NO
959.3171627148291,300.44100064530534,NO
958.1356314834159,301.21804048018555,NO
956.1807411662213,302.3759803068977,NO
954.2577541325147,303.4328555089921,NO
953.1075508323064,304.15247965316206,NO
951.5624002170351,305.3430519934563,NO
950.0815381414121,306.15773856617193,NO
949.0131547358874,307.0145316109387,NO
948.0393190278683,308.0287331340753,NO
947.1691018513285,309.11756605124015,NO
946.1201309439629,310.1761775677793,NO
945.0169835197747,311.02805564827827,NO
944.3545247571162,311.4928758915535,NO
943.2244332220685,312.2740270976826,NO
942.1890668094588,313.2094886499948,NO
941.1093251510937,314.14729915786444,NO
940.015381187923,315.02409068046404,NO
939.3015013126221,315.4644373676041,NO
938.1443737314688,316.2001544997124,NO
937.063197509964,317.0866522537551,NO
935.9924302465217,317.9891192688341,NO
935.219240787015,318.38563356947265,NO
934.0385616218094,319.0787194776047,NO
933.2961675681416,319.5340105478317,NO
932.0799304520015,320.13572504662824,NO
931.0189905884836,321.0222476956348,NO
929.997225546767,321.9969933748535,NO
929.4340965037485,322.5146504755175,NO
928.1861978001346,323.302520947896,NO
927.048550989682,324.0829528377606,NO
925.9776419430414,324.9739735769276,NO
925.4024363141185,325.3844271304557,NO
924.4437861178379,326.47433353385577,NO
923.1473957551702,327.31629486557244,NO
921.0592549041723,328.1509828417251,NO
920.6622217404062,328.3797856931901,NO
919.9727915541888,328.96915247911755,NO
919.4941969528902,329.4113903415311,NO
919.0059333670324,330.00416979718506,NO
918.0527699692514,331.05276996925136,NO
916.1898843056116,332.39336776414495,NO
914.250251366158,333.42382236085535,NO
913.1018632418001,334.14500972703763,NO
912.0622954135592,335.06803692954765,NO
911.0476844482972,336.05140197479614,NO
910.0227156112835,337.0253366445249,NO
908.9965890713856,337.99611927360115,NO
908.4299087430167,338.47851439529404,NO
907.3082829872769,339.3823194478848,NO
906.2071186913628,340.266749799207,NO
905.1050848771569,341.14877184258194,NO
904.0203946918137,342.0290863907882,NO
903.3742175042968,342.5199305550295,NO
902.134854084435,343.232929779289,NO
900.1878564179876,344.3757128359752,NO
899.0282188488903,345.05350197704536,NO
898.2924560520116,345.47620541834317,NO
897.0930698801122,346.15806496719006,NO
895.2276396602745,347.3613651949073,NO
894.0870614922158,348.13331806726154,NO
893.0027846809093,349.00402547397954,NO
892.3167436591277,349.43688782898477,NO
891.1890304576029,350.23939129218854,NO
890.1898108995849,351.1825685040837,NO
889.200833501171,352.2014985058018,NO
888.1299592085309,353.1680186922953,NO
887.0308826295014,354.0479062707523,NO
886.3391271174575,354.5585130693068,NO
885.1169241743447,355.1926235390025,NO
884.0221775417987,356.03352236110925,NO
883.4054560240376,356.53910300115024,NO
882.2645685021156,357.32966075183623,NO
881.2015342848148,358.23225820409107,NO
880.0898252352696,359.1365551271823,NO
878.12250669773,360.2382564267407,NO
877.0105598972292,361.01669892302095,NO
876.3371724116479,361.440158118075,NO
875.2268653618343,362.27803799485656,NO
874.1460380945246,363.18424877815227,NO
873.0679935328986,364.09058042708693,NO
871.2241124989412,365.36486913678755,NO
870.0925577771352,366.1303029656144,NO
869.033353218469,367.043290469697,NO
867.1847636626187,368.30256055945335,NO
866.0587999074064,369.0922437190948,NO
864.2145494498848,370.316673201383,NO
863.0960700209589,371.14228552210903,NO
861.2289701767621,372.36245056651234,NO
860.111800604123,373.14650413329775,NO
859.0687327290791,374.0778265960976,NO
858.0258697145667,375.0329069156141,NO
856.9601930665315,375.93446945614767,NO
856.0648067146319,376.21067393052994,NO
854.0182837922745,377.0298783928646,NO
853.39025940118,377.5008329007039,NO
852.3238926436527,378.32499807966997,NO
851.4441070829685,379.38217376078234,NO
850.4959289726497,380.55870482522766,NO
849.2531168246189,381.34563179121113,NO
848.1461186588016,382.19302760406765,NO
847.0752236965493,383.0977519607512,NO
845.999945209768,383.9999196214592,NO
845.3237509240804,384.429579192512,NO
844.2052273984027,385.26501807476984,NO
843.1494703981626,386.1635856454644,NO
842.1141767047301,387.12967752037713,NO
841.043260563716,388.06180080980494,NO
839.9389391283031,388.8605438398802,NO
838.657286264823,389.36898671515974,NO
837.3081962895558,390.3209273007435,NO
836.3864006813625,391.3352960754129,NO
835.4024383952158,392.4486957134054,NO
834.1192424202826,393.2635563295072,NO
832.1067350958907,394.1768365316586,NO
831.147783825079,395.1036692526769,NO
830.3260903263104,396.6815152740495,NO
829.2213221910229,398.2425126266833,NO
828.0856138066812,399.13355753653144,NO
826.2337661370464,400.318858933249,NO
825.1892643237475,401.20970749856906,NO
824.1643872506172,402.18154070031676,NO
823.0811746932037,403.1132877557258,NO
822.0033413791494,404.00457014405197,NO
821.3033478478822,404.4370043655027,NO
820.1232500081245,405.19276301958007,NO
819.0646233526566,406.07671417316755,NO
818.0284391220015,407.03434158148536,NO
816.9753533302028,407.9637598027872,NO
816.2049653116075,408.3031863153547,NO
815.14209378041,409.14050614286754,NO
814.4779861389563,410.2442764006059,NO
814.0802544688287,411.033820952363,NO
813.1183687672457,413.074840511444,NO
811.2795596723123,414.42959859989276,NO
810.1413139808086,415.1875527569313,NO
809.0648061315642,416.0865561325487,NO
807.1782880302578,417.3232787609315,NO
806.0403440095779,418.0672910535813,NO
805.4010029231619,418.60005495533716,NO
804.2654694173694,419.29528664277,NO
803.1641993054556,420.23264185437915,NO
801.1196448137065,421.36127278946685,NO
799.1785488930443,422.2729456570213,NO
798.1154597734062,423.13370048191734,NO
797.1773525411311,424.14051373376765,NO
796.263894057167,425.2387199421453,NO
795.1542924179055,426.2153983334924,NO
794.0500768889214,427.06985591229414,NO
793.0475281363783,428.0354060606824,NO
792.3411489964019,429.1511101712369,NO
791.102148542222,431.1018380642244,NO
790.0163782996523,432.02738297255553,NO
789.3131396350176,432.4635623881804,NO
788.1993389140412,433.2426410089301,NO
787.1567249600096,434.1705146299567,NO
786.1381400908708,435.14580202469796,NO
785.0874792191785,436.10741495963157,NO
784.0268271251438,437.03447973672974,NO
783.4981339000881,437.5894761357117,NO
782.3806749718698,438.42623839653874,NO
781.4416260293083,439.39621057491536,NO
781.0137630682907,440.00894097132846,NO
780.1398499831796,441.10242804832313,NO
779.12086692527,442.15589454452936,NO
777.1076562233925,443.26187450655635,NO
775.1492871470937,444.2460707539738,NO
774.0534572528752,445.07324279466746,NO
772.9955454136546,445.9941924862179,NO
772.3539297067178,446.46675444239673,NO
771.2354543173408,447.2895080089356,NO
770.1774810166573,448.19571538095084,NO
769.1050243481008,449.13566413541673,NO
768.0214329921461,450.03119898046907,NO
767.3619652164201,450.54208188062347,NO
766.1537485926957,451.23979444342706,NO
765.0757034547753,452.09356170914015,NO
764.0402128847622,453.0433573494285,NO
763.0180870216209,454.0207129885341,NO
762.4759041883416,454.6001446499668,NO
761.2553551644701,455.3474504646328,NO
760.1576319422785,456.1965464544419,NO
759.1256788580281,457.1319825018192,NO
758.1171102412992,458.12297491262706,NO
757.0691842979904,459.0881896957211,NO
755.1960888147049,460.33861634921317,NO
754.079817304938,461.1073405154619,NO
753.0490488887042,462.0507233882694,NO
752.0347472978601,463.0396398777795,NO
750.2085146398853,464.3712812585227,NO
749.0350330730331,465.0730604264731,NO
748.2721546757537,465.53134960843187,NO
747.0656080447372,466.11703056909784,NO
745.2371694017803,467.3276075343589,NO
744.1842020850721,468.19428721896537,NO
743.3336922131033,469.2380727995795,NO
742.4626283036707,470.41452139378896,NO
741.4331043055345,471.45752749519914,NO
740.2762441338234,472.3774199660918,NO
739.1464832995588,473.20263060437946,NO
738.0931987323565,474.1060640520282,NO
737.079948877511,475.07925767500376,NO
736.0722734698625,476.07730848580684,NO
735.0246802972049,477.03288127348276,NO
734.414825843289,477.6143373158811,NO
733.1461034993911,478.2412406613942,NO
732.0551219381709,479.07264414505005,NO
731.0483021526456,480.0413748579692,NO
730.1415165936054,481.1016477065608,NO
729.1615196172538,482.1736335871343,NO
728.0699350983348,483.10075395931693,NO
727.0218497427835,484.02363339537305,NO
726.048639690915,485.035831053025,NO
725.2373421702583,486.1372647033501,NO
724.3006451752632,487.3169513336943,NO
723.1766721105905,488.2526744487603,NO
722.1138884234246,489.13265517012707,NO
721.1986994985233,490.1430305730415,NO
720.4840816927943,491.3259834846545,NO
719.3316568050604,492.48907916278245,NO
718.0996926265248,493.18150317205743,NO
716.1525321469926,494.2510282436388,NO
715.0493612709365,495.07173364549635,NO
714.0034241061798,496.00356677702496,NO
712.9887693515051,496.98726971001173,NO
712.3724789173725,497.4952559348386,NO
711.2034907881231,498.27477472924,NO
710.107254827624,499.1403168724507,NO
709.0304438721712,500.0405577777984,NO
707.9972386790075,500.99712362416426,NO
707.5127274515743,501.5769521979947,NO
706.4386262056283,502.46804097095577,NO
705.3884817297139,503.40920076650906,NO
704.3191771595403,504.33533800951597,NO
703.3862726449867,505.33312775383644,NO
702.4770045586085,506.4506991483637,NO
701.3566895721524,507.44697198988786,NO
700.1471496525633,508.2376546045326,NO
699.0222589774161,509.04282682246276,NO
697.0027383844385,510.0057620172958,NO
696.1520775122718,510.324056521171,NO
695.0292453972543,511.0418404782246,NO
694.0332334139929,512.0266542100142,NO
693.184435789454,513.1126579404374,NO
692.4149297225825,514.2859823142198,NO
691.5570161066034,515.5570161066034,NO
690.2512567022254,516.3816628560268,NO
689.1472237966759,517.1868088184871,NO
688.1033243534181,518.1181589030296,NO
687.0662668369436,519.0749471576472,NO
685.201510724839,520.4008777201273,NO
683.1934608619753,521.3580469590187,NO
682.1413599485744,522.1285466190367,NO
681.4590140564881,523.2307409282726,NO
680.5161071462531,525.2545378555163,NO
680.0066172987057,526.0056129597172,NO
678.0880340285898,527.2192315628662,NO
676.9885745920686,527.9853101890103,NO
676.5166094260454,528.4869759739729,NO
675.9959779642443,528.9970046551591,NO
675.1511665411881,530.0863049290742,NO
674.1918707708339,531.2171938150648,NO
673.0671014804755,532.107512034598,NO
671.9813690025709,532.9734422464778,NO
671.2967267075177,533.3672360238769,NO
670.2811351528818,534.2811351528818,NO
669.405074074261,535.3104487702703,NO
668.9829035736976,535.9867459525219,NO
667.2145887915418,537.3573176023831,NO
666.0706392019192,538.1109277236112,NO
665.0000076736892,539.000009890265,NO
664.3805147712199,539.4762417716298,NO
663.2015386612646,540.3058130320247,NO
662.0511920801782,541.0917593908894,NO
660.9326690248015,541.829998579293,NO
659.2509163384934,542.4679940953453,NO
658.063169295583,543.1101445015252,NO
656.2684382749326,544.311703057503,NO
655.3117914370014,545.2685143872436,NO
654.535363825231,546.4068060686539,NO
654.0164255825448,547.0128847390218,NO
653.0708723359423,548.0610838600353,NO
652.0763344529379,549.0790405474814,NO
651.0997554950211,550.0852704453309,NO
650.2314693240695,551.1512017324287,NO
649.3500895840137,552.6058607735522,NO
648.2461841988137,554.1764436378963,NO
647.2760905208072,555.2917275114803,NO
646.1666818415794,556.2225636034649,NO
645.117859008364,557.1300175020425,NO
644.1455555003278,558.1262650080429,NO
643.1866567962193,559.1672193330609,NO
642.1326922256712,560.1609058522001,NO
640.5666401559962,561.3546821156793,NO
639.1104851278443,562.2077519451099,NO
638.0151607925403,563.0210965020474,NO
637.470220054373,563.4992124076625,NO
636.9893840662,563.9904390655785,NO
636.0355184873989,565.0293303001663,NO
635.042039462728,566.0468008401328,NO
633.1788642822119,567.313548655774,NO
631.581150463386,568.3722532076087,NO
630.9658373272996,568.9563508338757,NO
630.2539685495391,569.3430431265806,NO
629.0983498050638,570.1498119073964,NO
627.1694862131801,571.3237945516462,NO
626.0236632862047,572.0437472532769,NO
625.3097288958635,572.4828785608096,NO
624.2143660857704,573.2517177601429,NO
623.2248907467917,574.2157115364276,NO
622.209445440184,575.2196268181353,NO
621.1173321480236,576.1513353775975,NO
620.0661169185248,577.0713025572614,NO
619.1378771459878,578.0941122744711,NO
618.3635017570664,579.2558788845944,NO
617.2541403873917,580.3647790722482,NO
616.0698183643686,581.1182183437603,NO
615.0035471065901,582.0040603049766,NO
614.5339129925225,582.5339129925225,NO
613.9977772212471,582.9979395904923,NO
613.028031845296,584.0243544000914,NO
612.043705634987,585.043705634987,NO
610.4813095806553,586.364294815595,NO
609.9812944238026,586.9768641553826,NO
609.3126937934221,587.3759352544372,NO
608.1928231906708,588.239206787761,NO
607.1498550537268,589.1637519666194,NO
606.1952239222321,590.1654018785515,NO
605.3170631773296,591.2502635150379,NO
604.4743165742802,592.4054124675405,NO
603.9934618437258,592.9943537725874,NO
603.0244153803259,594.0221957997599,NO
602.0391243436706,595.0366533305405,NO
601.0591360898411,596.0545871613293,NO
600.0516600949493,597.0587754001639,NO
598.1457604497568,598.3507861284941,NO
596.1223009345712,599.3108200620808,NO
594.1663406115242,600.2696104206699,NO
593.1352542053729,601.1195182602037,NO
592.6132613789568,602.2560692531645,NO
592.1397479357294,603.0559855269297,NO
591.464075676847,604.3123987593735,NO
590.4307282174669,605.5115996058369,NO
589.2967099927322,606.3672153372612,NO
588.2784415345906,607.2794033404773,NO
587.2621061139217,608.2729332263231,NO
586.1898135706925,609.2270319248042,NO
585.1356349776896,610.1546873719604,NO
584.1485614751796,611.1361072114335,NO
583.2636164720403,612.1983998870363,NO
582.518070415647,613.3666475169043,NO
582.0350878478113,614.0217569799219,NO
581.1394269133106,615.1169903934125,NO
580.1224679069056,616.1396707471142,NO
579.0594954585268,617.0756670435846,NO
578.0202980062624,618.0217752999945,NO
577.0230666176916,619.0222517640013,NO
576.0145354732408,620.0162110318728,NO
575.5060084882844,620.5989929644662,NO
574.238055139056,621.3525626611386,NO
573.1031337842838,622.1535197491728,NO
572.041920460439,623.0514016615199,NO
571.0211615595002,624.0212220216246,NO
570.0132947206843,625.0152701613099,NO
569.4039683007481,625.5644488772822,NO
568.1121955507917,626.210947181271,NO
567.0220136225586,627.0285039613921,NO
565.9998821818144,627.9998821818144,NO
565.0080598571714,629.0077905048552,NO
564.0045726286197,630.0049329716751,NO
563.5180869324643,630.5769365767693,NO
562.3567354792001,631.3918242164125,NO
561.3198206299471,632.3187598877686,NO
560.2803665787301,633.3071592905098,NO
559.2498098257056,634.2620554092052,NO
558.250319426989,635.2511179129365,NO
557.2827131358621,636.2590073739644,NO
556.3521325428828,637.3191911013085,NO
555.3706907616757,638.3706907616757,NO
554.36771950528,639.3689941161971,NO
553.3633532172747,640.3646083291022,NO
552.4520013452279,641.4099908940522,NO
551.2599827552881,642.3944182949891,NO
550.0507964574302,643.1208688927196,NO
548.9274140608765,643.8629566089551,NO
548.1345414051043,644.1431490546146,NO
547.3612571658022,645.210392537068,NO
546.1544946818411,647.1125633185269,NO
545.1752148039524,648.182119808539,NO
544.1750858352422,649.1659274951306,NO
543.3377630802195,650.225013390445,NO
542.3857922193698,652.1871768181953,NO
541.0332402965948,654.0329574022819,NO
540.0264500714625,655.0282954255002,NO
538.9917483324032,655.9897243379307,NO
538.3721434611759,656.4614578876179,NO
537.3569647120946,657.3582746690862,NO
536.3529250295454,658.374193575458,NO
535.1180564071085,659.2270750043873,NO
533.061345522043,660.1569531640272,NO
531.9242529137385,660.8424667630939,NO
531.0856845578314,661.1258589987061,NO
530.0747986205397,662.0691415810421,NO
529.1511673181915,663.1123130656139,NO
528.1924782950598,664.1918777341322,NO
527.09320690459,665.131067197801,NO
526.048075187847,666.0497827739505,NO
525.1097386779148,667.0841468970684,NO
524.2122440294343,668.17954177306,NO
523.1821181719009,669.2218408134434,NO
522.0780280244369,670.109013879776,NO
521.0007014543095,671.0010087127087,NO
520.2910430561215,671.4188489353612,NO
519.1730082418532,672.2196980908259,NO
518.110901427961,673.1371525313468,NO
517.0571656369088,674.0672802523941,NO
516.0264875403722,675.0292635269717,NO
515.0165720569495,676.0164833180376,NO
514.0264138771621,677.0244701509481,NO
513.0487784172954,678.0455928912513,NO
512.0411674907607,679.0461983900562,NO
510.9966189658211,679.995617966738,NO
510.3607112364776,680.4459301694334,NO
509.22936414509974,681.28788859078,NO
508.18020052432274,682.1971321270415,NO
507.23951555918035,683.2072802893093,NO
506.4746122877782,684.3219503570091,NO
506.02402304468563,685.0148825695001,NO
505.0648352814512,686.0667563250197,NO
504.06423798646466,687.0561373588728,NO
503.15901531751535,688.1087411484393,NO
502.56545772786006,689.3241528571798,NO
502.09707770056843,690.0438317454592,NO
501.3364115333463,691.2421180810868,NO
500.24548684524865,692.3336617218889,NO
499.11513806315315,693.1628412218083,NO
498.06596890967137,694.0711429398748,NO
497.1241583082459,695.0885929637725,NO
496.40865925378995,696.2296927182676,NO
495.06122781450824,698.0658383386416,NO
493.9994894461471,698.9992399206623,NO
493.2684665407726,699.4006526861849,NO
492.13814055355493,700.179704962997,NO
491.1487835458676,701.1319645398394,NO
490.3043245353839,702.205484095664,NO
489.4467009587171,703.4004106781757,NO
488.18237415044445,704.3181324786126,NO
486.5518699130323,705.370533564898,NO
485.990912482572,705.9901963466098,NO
485.5133642215084,706.4888734729388,NO
485.01003308481137,707.0077903953721,NO
484.1155066021198,708.0786427954137,NO
483.0854471014591,709.1280966137125,NO
481.22309081237535,710.29840954532,NO
480.16516618649223,711.1740540456544,NO
479.23627570892,712.2006631441377,NO
478.3249103298016,713.2964279190148,NO
477.266000826212,714.3058298410103,NO
476.15075586497824,715.201626031666,NO
475.07543824038476,716.0944740537418,NO
474.0730748522354,717.0661428508139,NO
473.13709762242615,718.1121039602205,NO
472.17092966373224,719.1627780312035,NO
471.1776242558671,720.1701900557434,NO
470.23109581069593,721.1921396581635,NO
469.47722801720585,722.3336244491909,NO
469.02694697863683,723.0174398431147,NO
468.14423452258603,724.1088418790976,NO
467.1485142243284,725.1620594989741,NO
466.0929823891099,726.1133746031527,NO
465.0498543867506,727.0557894299255,NO
464.07433349794667,728.0585744152835,NO
463.30251410512045,729.1609282146675,NO
462.1255249048216,731.1007546526387,NO
461.086353859171,732.1061377130529,NO
460.05724588304724,733.0550441201352,NO
459.1581314957569,734.1044334416881,NO
458.20455300020996,736.0925156732935,NO
457.2904285804073,737.2794517704441,NO
456.3748915970365,738.3417587885785,NO
455.9832042541777,738.9875940522722,NO
455.1690748618772,740.0801075202625,NO
454.1359782248762,742.068427752722,NO
453.3345404331943,743.248982696799,NO
452.3895280360714,744.3909044361677,NO
451.3916410575301,745.4134797755602,NO
450.397663422993,746.397663422993,NO
449.38001853870816,747.402663937861,NO
448.3171825668568,748.3514406595248,NO
447.22552113803584,749.2716130543743,NO
446.1681072276882,750.18609864827,NO
445.20506819700057,751.1778083718035,NO
444.38227641057955,752.2642120290345,NO
443.32554705256985,753.4419128080879,NO
442.04958666009486,754.1289253187166,NO
441.2618113633718,754.5799426389594,NO
440.08210976091624,755.114899914107,NO
439.07111798276674,756.0649903187895,NO
438.1452858650559,757.1135523756471,NO
437.2149608299741,758.1884847289612,NO
436.24660413263314,759.2371647253602,NO
435.2769473532739,760.277887740958,NO
434.2343451189928,761.2702666450997,NO
433.2164065854743,762.2156888344244,NO
432.28455198292977,763.2334559485261,NO
431.40484599093514,764.3277946595803,NO
430.50904149295314,765.4601300167657,NO
429.99566883920323,765.9961094785399,NO
429.0483645321412,767.0362445411267,NO
428.16414543274874,768.1118513102759,NO
427.31503643093754,769.2365056212933,NO
426.37350635241324,770.3533848060202,NO
425.4121536784898,771.3935817529998,NO
424.4865803211226,772.4636200969811,NO
424.00461746878597,773.0037728098574,NO
423.1063158015258,774.0678420537096,NO
422.2066448763342,775.1867273010924,NO
421.0613287110573,776.1235846390697,NO
419.03002603771057,777.068760320838,NO
418.20287722497267,777.4501514067475,NO
417.0438995122721,778.0692499286569,NO
416.01965418004346,779.0170725893037,NO
415.15617816520034,780.0882746151133,NO
414.38322533152524,781.2735725249144,NO
413.2536780398646,782.378103620881,NO
412.0760080732559,783.1370663163981,NO
410.99196635494064,783.9888055763681,NO
410.3722786419499,784.3926961208085,NO
409.4195703538483,785.3784637927663,NO
408.4450516368898,786.4450516368897,NO
407.3786262667516,787.4197504748237,NO
406.33778251336184,788.3546115321595,NO
405.3975542464215,789.3584726593006,NO
404.9868351286716,789.990177587457,NO
404.1311201620868,791.0724692230424,NO
403.41535221342383,792.2595201934342,NO
402.5667537985367,793.5345519172141,NO
401.4265573072334,794.5045860733414,NO
400.2687060849477,795.3453272450588,NO
399.228433072261,796.2408648059692,NO
398.1977894694433,797.2172661972493,NO
397.1152138823049,798.1439216534975,NO
396.08998511434936,799.0856133675436,NO
395.1639494447184,800.123747290754,NO
394.26795116690107,801.2253942166183,NO
393.2459031514161,802.2820780408841,NO
392.17313824006646,803.208362914712,NO
391.0900539111224,804.1288757402209,NO
389.16588699448926,805.2995513515976,NO
388.05364736039445,806.0756993038547,NO
387.00442054051746,807.0049151463724,NO
386.5471178793644,807.5492344312751,NO
386.00083939893733,808.0007897686606,NO
385.0193940266159,809.018165909011,NO
384.02451326588897,810.024581170091,NO
383.0371158721838,811.0331673768474,NO
382.12635510806354,812.0824054997858,NO
381.3882361822592,813.2338056651074,NO
380.0787540532416,815.0698744009608,NO
378.54790756258313,816.3251693068531,NO
377.2187181859172,817.2913427439725,NO
376.1710959301483,818.1882340895924,NO
375.1577308470272,819.1632389051306,NO
374.0843266758112,820.1178837816165,NO
372.2001885909936,821.3558408508208,NO
371.0898696821106,822.10369578013,NO
370.21271009750143,823.1334203152715,NO
369.2977079359762,825.1125946723499,NO
368.0429948855762,827.0363884856084,NO
367.07979656799,828.0686081597778,NO
366.16801597422545,829.1228575387001,NO
365.30933150231334,830.2309972068259,NO
364.4095773149713,831.3697191186761,NO
363.4330279853915,832.4330279853915,NO
362.4367094435055,833.4351300182661,NO
361.43894110391597,834.4389411039159,NO
360.49249802579317,835.4692585634257,NO
359.5293679366073,836.5293679366073,NO
358.5243605041538,837.5263580476504,NO
357.46265843128,838.4854840979374,NO
356.5609881589974,839.502150345862,NO
356.0426036282187,840.0269649209226,NO
355.2959963265357,841.1550114418194,NO
354.95845711872664,841.9706952955966,NO
353.44218929526056,843.5190140954636,NO
352.3302764421068,844.34391954302,NO
351.3871546472658,845.3525987012113,NO
350.9783143213809,845.9819025989078,NO
350.3466327037787,846.4880245630816,NO
349.19618289295954,848.1182763366088,NO
348.31569358492374,849.6898327977852,NO
348.1536256101773,850.0657929017353,NO
347.0939928729973,852.0713762199367,NO
346.0845218858882,853.0955757854223,NO
345.0572487683804,854.0615467247018,NO
344.08601207633,855.0672990941034,NO
343.2475013713579,856.1539575500667,NO
342.53195088540906,857.3821535452489,NO
342.0068339648919,858.0057518510688,NO
341.0284846685694,859.0274366113641,NO
340.03091112859636,860.0308283679294,NO
339.0483084513572,861.0415734326747,NO
338.19662390995586,862.1121871016776,NO
337.0640355639386,864.0467082970312,NO
336.0467625739896,865.0642890973602,NO
334.15061558434047,866.2388972086716,NO
333.0783966480301,867.0876463287946,NO
332.1253237544324,868.095543855086,NO
331.2617640565174,869.1922440557381,NO
330.3543143165879,870.3222081563316,NO
329.3706846478799,871.3706846478799,NO
328.3706906227247,872.3706906227247,NO
327.41612644596273,873.3959331388689,NO
326.9821239185477,873.984521929629,NO
326.34912979293716,874.5096183338175,NO
325.3017427418579,876.1570255764673,NO
324.1015044070678,878.0740639108191,NO
323.1719704427341,879.1435940912079,NO
322.2862805331599,880.2137836044309,NO
321.5226621055732,881.3979747219638,NO
321.02111117668585,882.0152117480072,NO
320.1523015552124,883.0962193924979,NO
319.4357052840754,884.27349465034,NO
319.01203253211474,885.0077469725678,NO
318.1023306633733,886.0797364748059,NO
317.1796945206085,887.1450903396243,NO
316.26066522358,888.2146654853461,NO
315.4903867096366,889.3581821514526,NO
315.0438799058208,890.0246409844749,NO
314.33912878608027,891.1716786684949,NO
313.23201261640276,893.112907417122,NO
312.179850953922,895.0916297523939,NO
311.90270714386054,895.945100547158,NO
311.06346499774287,897.0373928888532,NO
310.2412605006157,898.1560030420615,NO
309.5482914574368,899.3991562097956,NO
309.020113605615,900.014856639444,NO
308.1089106439328,901.0744784099696,NO
307.28739054763423,902.195215742327,NO
306.5124215526928,903.4385906844348,NO
304.99109913025603,904.9904478472369,NO
304.46336675269373,905.4862273650203,NO
303.9893239999389,905.9905102222625,NO
303.40822594865716,906.6912483236332,NO
303.1747812221359,907.0768731422615,NO
302.9956197992352,907.9996135116895,NO
303.01686954901834,908.9976845717481,NO
303.1131885951743,909.9904566476687,NO
302.36992573656886,912.2433721985839,NO
301.4653143928281,913.4670836543044,NO
300.23873563889896,914.3892183078932,NO
298.2653613601594,915.4081074937535,NO
297.1956618867687,916.1944036095422,NO
296.32083998496614,917.2257420914201,NO
295.139683266045,919.0702241149332,NO
294.36226384633676,920.7194657991786,NO
294.1671220276152,921.0722833823853,NO
293.1570632840897,923.0767213646731,NO
292.550312651336,924.3354365023907,NO
292.03352616133344,925.0223632594779,NO
291.19335879232335,926.1160152700178,NO
290.27599294141874,928.094341538158,NO
290.0053354392181,929.0020190976085,NO
289.050024125171,931.0253657682306,NO
288.369281683942,932.1821669582898,NO
287.30754010012873,934.1404213545424,NO
286.2327957458697,936.1216945635703,NO
285.384338643457,937.3501470601205,NO
284.3852905732919,938.4047989339809,NO
283.3617793037999,939.3617793038,NO
282.29969283590833,940.3254839598926,NO
281.296353209269,941.2850814629159,NO
280.4802688697957,942.3948173799201,NO
280.00236736638016,943.0018989122484,NO
279.0694520784679,944.0498172642842,NO
278.24782108628875,945.1520508214945,NO
277.17435918249083,947.083421850442,NO
276.3866814943254,949.1088954249551,NO
276.07369971644556,950.0291908696665,NO
275.8339267144695,950.9472473080801,NO
275.5674129157315,951.9474346374034,NO
275.32845341924855,953.0605384732736,NO
275.10378294104373,954.0303208984997,NO
274.89301048183194,954.9723085960339,NO
274.6861877585328,955.9446213691529,NO
274.53677634689666,956.9736598322426,NO
274.41110646661537,958.0507837402115,NO
274.2305748757461,959.0492797297097,NO
274.0547703913779,960.0109540781091,NO
273.8789956704627,960.9750873441353,NO
273.70449628461046,961.9478522855195,NO
273.5538195997645,962.9641305968054,NO
273.5000000004902,964.0,NO
273.4588412173985,965.0287900373851,NO
273.3051289523162,966.0562394538838,NO
273.1300198309404,967.0270237286057,NO
272.96768830843155,967.9946780743185,NO
272.82105323441834,968.9733334241831,NO
272.68580260733415,969.9581070133665,NO
272.56960549430477,970.9653996588613,NO
272.5098892216954,971.991350985857,NO
272.5000000004902,973.0,NO
272.5000000004902,974.0,NO
272.5000000004902,975.0,NO
272.5000000004902,976.0,NO
272.5000000004902,977.0,NO
272.5000000004902,978.0,NO
272.5000000004902,979.0,NO
272.5000000004902,980.0,NO
272.5000000004902,981.0,NO
272.5000000004902,982.0,NO
272.5000000004902,983.0,NO
272.5000000004902,984.0,NO
272.5000000004902,985.0,NO
272.5000000004902,986.0,NO
272.5000000004902,987.0,NO
272.5000000004902,988.0,NO
272.5000000004902,989.0,NO
272.5000000004902,990.0,NO
272.5000000004902,991.0,NO
272.5000000004902,992.0,NO
272.5000000004902,993.0,NO
272.5000000004902,994.0,NO
272.5000000004902,995.0,NO
272.5000000004902,996.0,NO
272.5000000004902,997.0,NO
272.48265751553015,998.0151421959802,NO
272.4513795344112,999.0141609260222,NO
272.4196780468169,1000.0131663695871,NO
272.3693522343498,1001.0231750423283,NO
272.30878763360323,1002.0187694450553,NO
272.2498749334602,1003.0146985255525,NO
272.1912356788228,1004.0116241299057,NO
272.1473181332679,1005.0046217451787,NO
272.1462233319685,1005.9956993139099,NO
272.17602077571223,1006.994477779799,NO
272.22031181421545,1007.9866084970965,NO
272.2793381492315,1008.9830206217047,NO
272.3137254901961,1010.0,NO
272.2962168496306,1011.0092930772761,NO
272.2292489367451,1012.020677355079,NO
272.12763955919456,1013.0150164182219,NO
272.0322873742689,1014.0027855773046,NO
271.9742220418961,1014.9992418247871,NO
271.95882352941175,1016.0,NO
271.97381046117033,1017.000770280528,NO
272.00272107953595,1017.9999199682517,NO
272.0176470588235,1019.0,NO
272.0176470588235,1020.0,NO
272.0176470588235,1021.0,NO
272.03183839040213,1021.9991260049591,NO
272.0886068427917,1022.9923554883015,NO
272.20294514825474,1023.9629923578136,NO
272.3581618342811,1024.944520030566,NO
272.48862127062154,1025.9801844981444,NO
272.7059276368595,1027.0674636596207,NO
272.9942005771603,1028.0027973686006,NO
273.28066860064877,1028.9136186413537,NO
274.0129172147615,1030.994681146912,NO
274.2760802256878,1031.93341594776,NO
274.4796809310581,1032.9849511870586,NO
274.55620100705124,1034.0365481503309,NO
274.73026555033425,1035.0550046716864,NO
274.93780897343476,1036.0164623299975,NO
275.1486931880453,1036.9559751555232,NO
275.3827531862266,1037.941461275568,NO
275.5000000004902,1039.0,NO
275.6938496377206,1040.0708347903833,NO
275.9906619395982,1041.0046690302008,NO
276.2754012689019,1041.9260196594714,NO
276.99164485850764,1044.0041775707462,NO
277.2768016213945,1044.9261862320182,NO
277.5000000004902,1046.0,NO
277.5000000004902,1047.0,NO
277.64478373796317,1048.0640782320909,NO
277.91745653094176,1049.0312370386312,NO
278.15274604287475,1049.951181167476,NO
278.4081207379307,1050.9503853219232,NO
278.56226201077544,1052.0369073213917,NO
278.8405440009288,1053.055653272376,NO
279.08354127627695,1053.965273036574,NO
279.9632855266002,1056.0183572367,NO
280.23392539318263,1056.9247769330489,NO
280.5000000004902,1058.0,NO
280.5000000004902,1059.0,NO
280.5000000004902,1060.0,NO
280.60191817648547,1061.0515164680414,NO
280.90080226470366,1062.0404571140693,NO
281.14174721983613,1062.947470146406,NO
281.4499377796058,1063.9436441588975,NO
281.78236175540894,1065.0627310200261,NO
282.0380189777003,1065.9832269218941,NO
282.32529522998374,1066.9311139512392,NO
282.60190804865704,1068.0515177787015,NO
282.90080226470366,1069.0404571140693,NO
283.141592320204,1069.947527550389,NO
283.43070741889164,1070.9603073539467,NO
283.5578629404966,1072.0364112852312,NO
283.758066012512,1073.0705539035353,NO
282.16626725491,1075.3103294265038,NO
281.04414522381074,1076.0650176685176,NO
279.9966345837229,1076.99620722951,NO
279.5170583122758,1077.5115134579917,NO
278.99819496635814,1077.998416248968,NO
278.06229951895625,1079.0439226745775,NO
277.2764148745772,1080.1549453563052,NO
276.9720889007198,1080.9864868447087,NO
276.1010776115183,1083.0309363074691,NO
275.8954834774928,1083.9766443538317,NO
275.7126402201653,1084.9574579084317,NO
275.58264985304,1085.965026522115,NO
