X,Y,is_wing_root
249.54586612444473,867.9860461651966,NO
249.5458660431071,869.0139538373026,NO
249.62767832415506,870.0384801722827,NO
249.77920522081547,871.0388549474176,NO
249.97063856760948,872.0072173353664,NO
250.17828607903246,872.9450050113057,NO
251.0298098131595,874.9856567272069,NO
251.40391299720693,875.7796154389852,NO
252.10392809018703,876.9298059488548,NO
253.0169239655614,877.9860218444519,NO
253.9958601063771,879.00421771111,NO
255.0210080388121,879.9735733988442,NO
256.0870926356228,880.8654828696923,NO
257.2811578959172,881.4787291613706,NO
258.0338002525092,881.9284106454386,NO
260.07330272118156,882.7542202963459,NO
261.0076923973245,882.9703884052924,NO
261.9688607484501,883.1639389997099,NO
262.96097617177264,883.3248960545229,NO
263.9699095486037,883.4308952629648,NO
265.0,883.4748603364606,NO
266.0300904513963,883.4308952629648,NO
267.49890601590505,883.6521086389843,NO
269.24895182006856,885.9199797749042,NO
269.9801372878383,888.009463997731,NO
270.2532592521369,888.9204329167475,NO
270.98902889892616,891.0052489189551,NO
271.27037920991853,891.9145884602499,NO
272.03973590420276,893.9818954758772,NO
272.3510045400107,894.908165303573,NO
273.1089549678043,896.9533981239844,NO
273.45995633783383,897.9215653417197,NO
274.1212622970363,899.9513284776608,NO
274.45340417155404,900.931500088059,NO
275.1229077942669,902.9493909087091,NO
275.90939534052535,905.040860926894,NO
276.15761348376384,905.9374204595043,NO
276.94212537252554,908.0285377845535,NO
277.2046186640481,908.9198422356756,NO
277.9763120375853,911.01229810284,NO
278.2663787208609,911.9006820710176,NO
279.02056221180766,913.9893965671898,NO
279.34997136335795,914.8798605728076,NO
280.1089180656214,916.9446200151839,NO
280.8792604967764,919.0355116179333,NO
281.11417258805096,919.9487086446651,NO
281.4771817698599,920.9098952853003,NO
281.7950860129119,922.0490982024862,NO
282.04476925050346,922.9800121129181,NO
282.39825742670575,923.7447901401858,NO
283.1538794421947,924.8469523463356,NO
284.15066145165997,925.8489313504843,NO
285.15191614747283,926.8476710293477,NO
286.15581213973735,927.840701162431,NO
287.1715612678538,928.8218206413011,NO
288.19193115176506,929.8008826572566,NO
289.2130516121537,930.7821219738044,NO
290.22198469974836,931.7794497722766,NO
291.2125871453033,932.7933639803467,NO
292.19305390095775,933.8126577435239,NO
293.1771041826018,934.8264379001635,NO
294.16867849716346,935.8322731342106,NO
295.1666717779193,936.8337970644083,NO
296.16506901452976,937.8353940149652,NO
297.16433507453513,938.8356649254648,NO
298.16300083467934,939.8379059899589,NO
299.16183688830034,940.8381631116996,NO
300.1594373429776,941.84230752412,NO
301.15558262459484,942.844841305049,NO
302.1539202870027,943.8469128448965,NO
303.15150592803104,944.8489019007943,NO
304.15021579685595,945.8501874604765,NO
305.1496527158984,946.8499439004269,NO
306.1511807694172,947.8484095302664,NO
307.1741631259878,948.8098633298703,NO
309.08996764480486,949.7845687928751,NO
311.1057862677814,950.7255353489546,NO
311.99263841965427,951.015154444875,NO
314.0564943050463,951.8719971368765,NO
316.0987763246446,952.734592308835,NO
316.9896248435942,953.0209254209072,NO
319.0225197982677,953.9559026544381,NO
321.05579102804796,954.888765918399,NO
323.0844233378895,955.8076255079225,NO
325.09648066347074,956.7544592629087,NO
327.1189238140387,957.6219042839517,NO
328.01788371500004,957.962653514707,NO
330.07417358469274,958.8258909055808,NO
330.9615303800448,959.0797540919532,NO
331.96831996207004,959.4142773952715,NO
333.061435702838,959.5898751602532,NO
334.04880580237887,959.8523922092477,NO
334.98121350126337,960.0687476982844,NO
335.9573456719493,960.271921334658,NO
336.9713504526705,960.4058685907047,NO
337.9937250597269,960.4571742185574,NO
339.0619083957325,960.5843293483067,NO
340.04881811196356,960.8583707151986,NO
340.9777079217165,961.0786824878294,NO
341.95681946816643,961.2897641062275,NO
342.9712458749086,961.4189886888436,NO
343.9981781965565,961.4645598917137,NO
345.0533257068756,961.5586065638041,NO
346.056928504666,961.820539680351,NO
346.9892790795513,962.0375046739409,NO
347.9635482034268,962.2414339847687,NO
348.97315478312555,962.3700286464987,NO
349.99588074608255,962.4201638956692,NO
350.9951826953026,962.4383747372617,NO
352.08202809001284,962.664876704212,NO
353.0269109505284,962.9191050327856,NO
353.9737395352455,963.1275508299163,NO
354.97078166369266,963.2921833455711,NO
355.9928338794707,963.3654721374625,NO
357.0057774322627,963.3683112829034,NO
357.9834029866899,963.4064140303547,NO
359.08081333226,963.7872074931588,NO
359.99534263294294,964.0159728012613,NO
360.9798013041029,964.1943648078175,NO
361.9947536781132,964.267562409248,NO
363.0062611771755,964.2661000215303,NO
363.99680253036064,964.2632583360119,NO
365.14188421928196,964.5845548532158,NO
366.0338815460199,964.9078693770826,NO
366.98092311099373,965.1118300431993,NO
367.9879335577197,965.2366878973022,NO
368.99841487652145,965.2694709998872,NO
369.9905208833036,965.2926677308645,NO
371.12425057312186,965.654223716648,NO
372.0200782557479,965.9454370565217,NO
372.97052926874954,966.1598943931609,NO
373.9745841762321,966.3086207343205,NO
375.0,966.3607843137255,NO
376.0036475978903,966.3625712299532,NO
377.10922375076797,966.6615602157547,NO
378.02243271625446,966.9373564805093,NO
378.97590667662615,967.1445599402431,NO
379.9781059749141,967.2791488193232,NO
381.0,967.3274509803922,NO
381.998653769481,967.3345382937107,NO
383.1155131254432,967.6665086204574,NO
384.01821611299704,967.9520837058242,NO
384.9710840479513,968.1695073114748,NO
385.9802388177741,968.3054000769237,NO
386.9857036015845,968.3717063560325,NO
388.0942632873381,968.7559927444261,NO
388.9906563633766,969.0224888501704,NO
389.95159858807614,969.2773563970155,NO
390.9748781753803,969.4270710169413,NO
392.0537213222213,969.5594851604307,NO
393.05480500460817,969.843774238263,NO
393.976459275365,970.072488208091,NO
394.9552981172514,970.303972799028,NO
395.9833280792933,970.4251339748508,NO
397.0212976521904,970.4177616232972,NO
398.0384177365682,970.3357376131772,NO
398.9667549998063,970.342352766425,NO
399.91546623031246,970.4600209607522,NO
401.0077811728298,970.6031601960289,NO
402.0317732633823,970.6759127159265,NO
404.3333198891788,971.591237350617,NO
405.01157820378774,971.9762620396255,NO
405.98175281441684,972.2115014755859,NO
406.99209344573313,972.2818121843011,NO
408.12739164114333,972.6972659317703,NO
409.0025763667231,972.9941545643777,NO
409.95628383391784,973.2450026800664,NO
410.97112175298645,973.3980514929586,NO
412.05053166935846,973.5234170066374,NO
413.0622672893765,973.8293350025782,NO
413.9770411962164,974.0652342210424,NO
414.95420765607145,974.3072907406901,NO
415.97605239119986,974.43618858328,NO
417.0663699577005,974.6138122257255,NO
418.0362886287971,974.9097712371262,NO
418.9515672800427,975.1479161419765,NO
419.955560458546,975.4047172610863,NO
420.99324458496045,975.4921802371542,NO
422.0663302459116,975.6540622771753,NO
423.0302295150063,975.9197572555499,NO
423.97044061642146,976.1385340746115,NO
425.0,976.278431372549,NO
426.01794529902986,976.2346692815169,NO
427.0121934938671,976.1594533721735,NO
428.0073693554624,976.0616126434843,NO
428.9939315648102,975.9492639029612,NO
429.9857682227266,975.8455700824919,NO
430.9774781531047,975.7556140114231,NO
431.9789748541532,975.6750659406138,NO
432.97156650985363,975.6080789392274,NO
433.97646194066897,975.5410078233554,NO
434.9915188394042,975.4986137187758,NO
435.9966267672977,975.4900825250811,NO
436.9980624336838,975.4940794251236,NO
438.0,975.4960784318364,NO
439.0019375663162,975.4940794251236,NO
440.00477530993516,975.4870816088483,NO
441.0056030853108,975.4762622642816,NO
442.00365946238475,975.4665814812117,NO
443.001806799272,975.4607338278787,NO
444.007933873994,975.4495861717736,NO
445.00342940762954,975.4372494982218,NO
445.99308282637844,975.4409697898283,NO
446.9928397116086,975.4564683554011,NO
447.99446660819035,975.470338316523,NO
448.99432800588505,975.4821195127905,NO
449.99516703140813,975.4929627917804,NO
450.99902155817483,975.4990053568552,NO
452.0009784530821,975.4990110979005,NO
453.001945300679,975.4960516876994,NO
454.00192993757315,975.4921340955927,NO
455.0009592409698,975.4892129201096,NO
455.9990407590694,975.4892129001261,NO
456.9990369218925,975.4911698604342,NO
458.0,975.4921568632052,NO
459.0009630632213,975.4911622684764,NO
460.00475599927034,975.4851119210564,NO
461.00649477507585,975.4731907541399,NO
462.00807105303727,975.4573596505259,NO
463.0069153699776,975.4408548075345,NO
464.00336733694235,975.429335485144,NO
465.00166084009186,975.4235142358547,NO
466.0,975.4215686274509,NO
467.0008246610813,975.4205771733973,NO
468.00325962239447,975.4156018794878,NO
469.0024047410775,975.4088059961178,NO
469.9975952473426,975.4088079647062,NO
470.9934223869502,975.4193228047775,NO
471.98791706043534,975.440164221843,NO
472.9847209178063,975.4708735223695,NO
474.0131438091454,975.5078373572559,NO
475.01135466550005,975.5371838441517,NO
476.0069390177027,975.5576376500889,NO
477.02775100077093,975.6068608189861,NO
478.0213026623102,975.6707770499853,NO
479.0,975.7,NO
480.0,975.7,NO
481.01783735074247,975.7400843122065,NO
482.01861529622335,975.8273854380773,NO
483.0028409013952,975.8885492533092,NO
483.99455288013945,975.8792160398721,NO
484.9907718994076,975.8319167413599,NO
486.00780985093684,975.8268250473078,NO
487.0080848946013,975.8821915332953,NO
488.0,975.9156862745098,NO
489.0011940953056,975.9238764291969,NO
490.0022556090217,975.9671325535539,NO
490.9973492079005,976.0355764191075,NO
491.9993865089804,976.0782201095524,NO
493.0015400201284,976.0714009346758,NO
494.0004469566934,976.0569869817283,NO
494.9967771598123,976.074711294703,NO
495.99387249798497,976.1201933042037,NO
496.9988171275072,976.1508162516072,NO
498.00146961632987,976.1499008642501,NO
499.00215060540216,976.1371010855145,NO
500.0023415915668,976.1194211667903,NO
501.0021361344507,976.0990389629108,NO
501.99927657786856,976.0922363271281,NO
502.99699266058957,976.1095530772403,NO
503.999508112465,976.125431325108,NO
505.00310265216825,976.113025184805,NO
506.00398248588056,976.0700368226585,NO
507.00073670993856,976.0092498029769,NO
507.968705418243,976.1021025281759,NO
510.0239450309778,976.7998038411388,NO
511.0107016984334,976.920900490564,NO
511.9970543318191,977.0300458152205,NO
512.9971769461163,977.0959838352677,NO
514.0008449406673,977.1077299413496,NO
515.0020043054502,977.0929268909426,NO
516.0015403776025,977.0714175084782,NO
517.000199194558,977.0494998491102,NO
519.0944560409218,977.7033748817104,NO
520.0144909566372,977.9087606455367,NO
520.9972998119844,978.0275419175538,NO
521.9978534781704,978.0912271748656,NO
523.0027352627322,978.0871865029633,NO
524.0025484245,978.0333255492382,NO
524.9984385500783,977.9705059456041,NO
525.9980676592262,977.9296075869224,NO
526.9959118816142,977.8837806363788,NO
527.9863931038582,978.0365196578157,NO
530.0242477297018,978.7526731588931,NO
531.0117047039464,978.8294457388566,NO
532.0,978.8627450980392,NO
532.996190097254,978.8505345850532,NO
534.0080872404332,978.871109606559,NO
535.0036256751256,978.922954405378,NO
535.9984763917462,978.9328949905719,NO
536.9757217662094,979.0722389123829,NO
539.0231975310866,979.7482821194237,NO
540.0098235376543,979.8144442867542,NO
540.991391410259,979.8170674722678,NO
541.9723105708313,979.747828407595,NO
542.9721705676602,979.6538289975906,NO
544.024939555851,979.6466896223651,NO
545.0244507496147,979.7228915098937,NO
545.9968540241294,979.753887876941,NO
547.0107327732208,979.9734083522014,NO
549.0288578151328,980.6729447683508,NO
550.0100943976419,980.7290451103986,NO
551.0,980.7470588235294,NO
551.9979861940667,980.7432397285583,NO
553.014181570522,980.7739812214919,NO
554.0084960442307,980.8266807028658,NO
554.9965494502645,980.8400199635573,NO
555.9996636229506,980.8284476958727,NO
557.0030199042457,980.8221809285582,NO
557.9911419582146,981.0213367221228,NO
559.9941127484359,981.6663890937763,NO
560.9866498336212,981.6416534214676,NO
561.9892722279981,981.6092025959363,NO
563.0337629902477,981.6556175020514,NO
564.0249199920858,981.7458160826285,NO
564.9970202945908,981.7829071779619,NO
565.996373765429,981.768827561062,NO
566.9976077279734,981.7559882555609,NO
567.9980165607537,981.7471114813874,NO
568.9958508139932,981.7354894091903,NO
569.9978323075693,981.7236191989911,NO
571.0,981.7196078431373,NO
571.9977707149136,981.7157661349432,NO
573.015658071553,981.6855337177174,NO
574.017705882507,981.9677798533389,NO
576.0161952538318,982.776415532211,NO
576.9948724288225,983.0110774887994,NO
578.9958276211457,983.696012398654,NO
579.983019347511,983.6669179830227,NO
580.9733283321573,983.6113556888569,NO
582.0285849315654,983.6163601416619,NO
583.0269974502578,983.6940289031814,NO
583.9951318782297,983.7241397793705,NO
585.0048534370119,983.7249719156374,NO
586.0078431298268,983.7500002271014,NO
587.0080233312681,983.7846368931451,NO
588.0095722217418,983.8350008545292,NO
588.9890703860393,984.0304141611439,NO
589.908489753476,984.2711725703956,NO
591.0025412076284,984.5679946894932,NO
592.0419978421382,984.6488705032652,NO
593.0289097037313,984.7582959217643,NO
594.0041933016315,984.8217846863047,NO
595.0104470324314,984.8596709398266,NO
595.9773328977329,985.0560904441899,NO
597.9943581381132,985.6802945081712,NO
598.9792049307225,985.6464838236018,NO
599.9833712532775,985.5961589814946,NO
601.035706735649,985.6357912991069,NO
602.0321663738724,985.7436742082641,NO
603.0055602568757,985.8109512598863,NO
604.0052293474484,985.8394748834858,NO
604.989943743783,986.0276406584884,NO
607.007756091083,986.6044393650816,NO
608.007354874449,986.6249014128857,NO
609.03596769891,986.7133823993787,NO
610.0222752155235,986.8304423943955,NO
611.0019670675731,986.899679556387,NO
612.0029680480666,986.9132282397259,NO
612.9666185290473,987.0849965139709,NO
615.0100125369974,987.7872335937667,NO
616.003866071318,987.8207548716131,NO
617.0025158734737,987.8396130764309,NO
618.0081356922093,987.884744359364,NO
619.0030494954624,987.9444556190741,NO
619.9999640867835,987.963907215213,NO
620.9675499120326,988.1005109809513,NO
623.0260117671922,988.7860322381822,NO
624.0045698574337,988.8543357886667,NO
624.9954436855982,988.8547674728239,NO
625.9944966543029,988.8245808491208,NO
627.0089000430773,988.8378920745926,NO
628.0064826804332,988.8933494546856,NO
628.9993686483556,988.9195026606529,NO
630.0026679464451,988.9195573689209,NO
632.0985041796536,989.7544411454533,NO
633.0057301180352,989.9599676700896,NO
633.997554465263,990.0542270737067,NO
634.9974803749477,990.0917863401143,NO
635.9964647276939,990.1201992624369,NO
636.9939089453959,990.1525809184598,NO
639.0752915685712,990.6968865303375,NO
640.0178523149681,990.8717650681812,NO
641.0009825992174,990.9917848262879,NO
641.9939695535235,991.0854313258283,NO
642.9941256056483,991.1426638722494,NO
643.99867858511,991.1684804082721,NO
645.0019592932674,991.1665399322269,NO
646.0021120344029,991.1538767917639,NO
647.0,991.1470588235294,NO
648.0,991.1470588235294,NO
649.0011223386751,991.1430981894111,NO
649.999025345364,991.1399325555595,NO
652.0905052649172,991.616390526792,NO
653.028772136292,991.8118744993652,NO
654.0076587467925,991.9464936888885,NO
654.9934242839225,992.0632757579094,NO
655.9920760212158,992.1443296117245,NO
656.9978813127736,992.1800884191088,NO
658.0024601223416,992.1792374843665,NO
659.0022720203219,992.1655329086836,NO
660.0034505384497,992.146647879466,NO
661.0041315308766,992.1170600489226,NO
662.0029008581618,992.0821909864565,NO
663.0008947965091,992.057043273764,NO
663.9973190432744,992.0634493098029,NO
666.0809012878517,992.7371427952086,NO
667.010966059506,992.9349687179571,NO
667.9945215001906,993.0582090599858,NO
668.9953342815735,993.1252377076888,NO
670.0116578247785,993.0510645559624,NO
670.8930105600753,992.8184347750024,NO
671.9614172654932,991.9485563552686,NO
672.6377582112912,991.5455805818806,NO
673.8645580815637,990.7651945743428,NO
675.6966179093421,989.6512300281826,NO
676.7899366766054,988.7293414800959,NO
677.9008083469838,987.8477523465333,NO
678.9638394373872,986.9523852632187,NO
679.5629499560164,986.4749533061446,NO
682.0849966884768,985.414628519295,NO
683.0452363675654,985.2391065044317,NO
683.9991936243746,985.1640168061606,NO
684.9965425820649,985.1763283100911,NO
685.9949369691761,985.1986265932333,NO
686.9938258491194,985.2249154937323,NO
687.9930760213749,985.2522306469576,NO
688.9962494239471,985.2732562544783,NO
690.0,985.2803921568627,NO
691.0016317664256,985.2774003011383,NO
692.0031586988856,985.2684894125271,NO
693.0030203484686,985.256729626758,NO
694.003347566261,985.2438941125854,NO
695.0057074562778,985.2239078994262,NO
696.0061256055708,985.195253685118,NO
697.0068033326628,985.1577136196443,NO
698.0049832527985,985.1155208594673,NO
698.9998134343643,985.0951484791286,NO
699.9911104583638,985.1295333237495,NO
700.9887554443517,985.1911574453079,NO
701.9979844482432,985.2277573603988,NO
704.051793771615,985.8777769781763,NO
704.9761650688537,986.1021497053596,NO
705.9742270934638,986.2796634428621,NO
706.9959467924639,986.3445226498725,NO
708.0946251462757,986.4633757916955,NO
709.0705487667319,986.8187626470843,NO
709.9906259119393,987.0363059914991,NO
710.98860605122,987.1874488281783,NO
712.0017211900689,987.2194517465572,NO
713.00042693077,987.2138923067856,NO
715.0381203729228,987.9058496827429,NO
715.9825535571891,988.1140728917301,NO
716.9930598669838,988.2212167484438,NO
718.0069886827305,988.2227642706463,NO
720.1227590497499,988.7573220867125,NO
720.9937297080819,989.019138734469,NO
721.9900410248457,989.1881139771634,NO
723.0037127390091,989.2103885339168,NO
725.1487724854281,989.6882669082261,NO
726.0056660251136,989.9853810293799,NO
726.9783227287113,990.1939545321244,NO
727.9935267830054,990.2751117135535,NO
730.1066666141801,990.73851439928,NO
731.0013394780258,990.9962165620635,NO
731.9793905870109,991.1983169911193,NO
733.0025431334002,991.2593996044068,NO
734.0127187832979,991.2236751609383,NO
735.001771249439,991.1907045212719,NO
736.1865953989175,991.5561565720471,NO
737.0386066148933,991.8789096327961,NO
737.9995926572167,992.0188858930638,NO
738.9949704331444,991.9628249409727,NO
739.9920709988569,991.8695551470693,NO
741.0069166219041,991.8338323808761,NO
743.1019897186883,992.7252124091953,NO
744.0,992.8960784313725,NO
745.0027486091064,992.9123880813459,NO
746.003696370029,992.955643562305,NO
747.6456527289841,993.5930852177852,NO
748.0650866188918,993.8349522654489,NO
748.9999076732171,994.0024782452756,NO
749.9989198055239,993.9855026535622,NO
750.999211714796,993.9425677924556,NO
752.0028052227826,993.9505078565651,NO
754.0772441448903,994.771378070704,NO
755.0036068266005,994.9386839480209,NO
756.0004170601965,994.9907521436228,NO
756.9979096952873,995.031161617646,NO
758.2771973491018,995.4933448241206,NO
759.043203509025,995.868339142083,NO
760.0,996.0058823529412,NO
760.9997857040795,995.9921935058438,NO
762.0005035916406,995.9791429123838,NO
764.0830236301149,996.7961308679108,NO
765.0015983804423,996.9846193581477,NO
766.0004657087469,997.0339302086053,NO
766.9996334207475,997.0261318626341,NO
768.6139910194713,997.6460786889302,NO
769.0595676141196,997.8630401950488,NO
769.9925375995095,998.0634304063099,NO
770.9978263316667,998.1385713472762,NO
771.9960735437148,998.156272962652,NO
773.2003875516601,998.5243966231072,NO
774.0378806343549,998.9082578371465,NO
774.9798637372784,999.1222558805458,NO
775.9849077983765,999.2482910502378,NO
776.9881942464856,999.3042251818326,NO
778.1204307870184,999.6205130326362,NO
779.0296477431152,999.9215301578282,NO
779.9733713513842,1000.1371778818869,NO
780.9778740767017,1000.289338980346,NO
782.0,1000.3372549019608,NO
782.9872155906257,1000.366987754023,NO
784.095903814992,1000.7430009538057,NO
785.0012234758109,1000.9965017920124,NO
785.9687804378958,1001.2094997010415,NO
786.9805326779492,1001.3309444736279,NO
787.9974488138471,1001.3706509043838,NO
789.100603947046,1001.5953875993895,NO
790.0384312709367,1001.8993855046291,NO
790.9727070108173,1002.118969440307,NO
791.9726440696272,1002.296840934879,NO
792.9964579483182,1002.3612892681856,NO
793.9954110350249,1002.3801192660918,NO
795.0996154798005,1002.6745414751258,NO
796.0209830184198,1002.9395195350307,NO
796.9744205326884,1003.1465789655533,NO
797.9781204130567,1003.2861176589674,NO
798.9946590278604,1003.3404869518597,NO
800.1013878651909,1003.5010800812017,NO
801.0583286752213,1003.8579891175443,NO
801.9733441938278,1004.0896108116162,NO
802.9682241897142,1004.2893868497946,NO
803.9927198758847,1004.3712863201923,NO
804.9867480051009,1004.409155346511,NO
806.0878150329821,1004.7431824609383,NO
807.0020070449739,1004.9944186110927,NO
807.9621629071364,1005.2192831542345,NO
808.9705847702697,1005.3658967756685,NO
809.9950240380638,1005.4229567760074,NO
811.0823692842729,1005.6071936953442,NO
812.0384124687217,1005.9009470448151,NO
812.9660869560558,1006.1277476229327,NO
813.9617433108958,1006.3251818683634,NO
814.9893804298314,1006.4166139053006,NO
815.9898394399868,1006.4563015004901,NO
817.0784874712728,1006.7548225347372,NO
818.0004608738269,1006.9986957141062,NO
818.9608031276013,1007.2246112844788,NO
819.9730704952017,1007.3711904529591,NO
821.0056340763281,1007.4104827027015,NO
822.0655756750213,1007.4855701284148,NO
823.069309510691,1007.8137683572002,NO
823.985560593556,1008.0457247861199,NO
824.9645186288021,1008.2548661741921,NO
825.984196253345,1008.3663595788157,NO
827.0019342386463,1008.3918767591568,NO
828.0979441844299,1008.6232603186202,NO
829.0335141867631,1008.9090329208175,NO
829.974667447636,1009.1230438268377,NO
830.9766898625325,1009.2830516849681,NO
832.0045003776507,1009.3278846564482,NO
833.0081972262308,1009.3133862634634,NO
834.1309948023925,1009.6041781519361,NO
835.0342931921614,1009.9026318287397,NO
835.9875116733327,1010.0923050223477,NO
836.9960738605945,1010.1820301034082,NO
838.0073753573687,1010.1709741922726,NO
839.0039072576138,1010.135406680358,NO
841.0882964183791,1010.7315906370062,NO
842.011335421976,1010.9082370605879,NO
842.9998762949979,1010.9684552235378,NO
843.9976612050134,1010.9457824802616,NO
845.0021734758352,1010.9445763666158,NO
847.2372398735481,1011.607686273485,NO
848.019720385865,1011.9496771123214,NO
848.988843069447,1012.1422508642863,NO
849.985087526812,1012.21893238151,NO
852.0374493307917,1012.9101961296789,NO
852.9685255801053,1013.1383789124291,NO
853.9673298799972,1013.3204184854729,NO
854.983506029156,1013.4075217790729,NO
856.0894704777427,1013.6911825408566,NO
857.0153179999081,1013.9607059980499,NO
857.9603753115516,1014.1943133774657,NO
858.9662705143201,1014.3660007876093,NO
859.9966198051575,1014.4309748675113,NO
861.0492235691931,1014.4998250292375,NO
862.0695089781882,1014.795750543786,NO
862.9916667049281,1015.0258825386463,NO
863.968491231269,1015.2363157601535,NO
864.9886864304625,1015.3394071088951,NO
865.9907701836045,1015.3799607590184,NO
867.0959294398625,1015.7333985570415,NO
868.0014052849157,1015.9963298142349,NO
868.9625247642213,1016.227528216737,NO
869.9808601393177,1016.3615307056731,NO
870.9934401311135,1016.4091718369407,NO
872.09166780597,1016.6999085555105,NO
873.0148286121333,1016.9587631306985,NO
873.9706860775867,1017.1738383742306,NO
874.9832093721009,1017.3058292899648,NO
876.0070739248506,1017.327972886103,NO
878.0699644763409,1017.8462220386261,NO
878.9766607176607,1018.0811398112096,NO
879.9827224668824,1018.2517583450865,NO
880.9994214879946,1018.2950411381205,NO
883.0696599614207,1018.8484497044536,NO
883.9728234524816,1019.0885073999457,NO
884.9778076241403,1019.2760515163728,NO
886.0019084726308,1019.3244403575147,NO
888.0790495899469,1019.8125022109717,NO
888.9859703164045,1020.04663660308,NO
889.9848759881921,1020.2203784624742,NO
891.0081454025874,1020.2443620940162,NO
892.0057270330884,1020.2167461723637,NO
894.0407393702637,1020.8852115611892,NO
894.9965362836975,1021.051955746865,NO
896.0029035958945,1021.0673106315986,NO
897.0009345049644,1021.0351996870392,NO
899.0859152615077,1021.8186682492767,NO
899.9944415518058,1022.0314978731001,NO
900.9941777787751,1022.1484666401273,NO
901.9917905325515,1022.1899632649585,NO
903.1694067693332,1022.6040432850295,NO
904.0253183122936,1022.9385313117209,NO
904.9790286629413,1023.1527911729537,NO
905.9904943678628,1023.2551511836274,NO
906.9874473903327,1023.3015687847512,NO
908.1166375224607,1023.7070339773089,NO
909.0092165055687,1023.974661174957,NO
909.9813080336885,1024.1765352410603,NO
910.9970768641782,1024.2484665515613,NO
912.0031999762205,1024.2493519934148,NO
914.050624991575,1024.8736368243226,NO
914.9871472368717,1025.07711657877,NO
915.9940406975081,1025.1899527742726,NO
917.0018030859184,1025.203748719401,NO
919.0612338464715,1025.8555863474087,NO
919.9850369626951,1026.0713191461582,NO
920.9861337021989,1026.2209941195545,NO
921.9943634452617,1026.2697494103609,NO
923.1389623377198,1026.5889846279929,NO
924.0322950420735,1026.9205045110323,NO
924.9724944792313,1027.1416951019066,NO
925.9823697220243,1027.2900464984375,NO
926.9939003017105,1027.3395498545833,NO
928.1120283043205,1027.6891214454165,NO
929.0111733419184,1027.972461662271,NO
929.9659622875954,1028.2042262744278,NO
930.9855646630892,1028.3346373531642,NO
932.0156460061668,1028.338552956536,NO
934.0549952071748,1028.8564759297776,NO
934.9861211977873,1029.0655387881716,NO
935.9855706771933,1029.2164398517978,NO
937.001983266324,1029.2528664710278,NO
938.7122907367558,1029.6667856465622,NO
939.0920886224922,1029.8111482062864,NO
939.9805261689778,1030.0604646497663,NO
940.9849595262718,1030.2397075482527,NO
942.0062585630283,1030.2659889202755,NO
944.1212072964538,1030.7201842909944,NO
945.0057703801912,1030.9826522211854,NO
945.9873960695087,1031.1607001134641,NO
947.0,1031.207843137255,NO
947.9958594858455,1031.216832183389,NO
950.0367941753965,1031.9045777434637,NO
950.9854293942838,1032.1046620919428,NO
951.9919459196766,1032.2053790467166,NO
954.1288429758007,1032.6929855983217,NO
955.0078188135549,1032.980350625905,NO
955.9729781606511,1033.202663790547,NO
956.9879751555139,1033.3066335321091,NO
957.9812635092686,1033.3657363139205,NO
959.0928942593686,1033.7557427328843,NO
959.9977279694047,1034.0064220980773,NO
960.9719611720793,1034.2199969615983,NO
961.9887473922868,1034.3188239054116,NO
962.9895281828415,1034.3592916459543,NO
964.1030323012094,1034.7071542530605,NO
965.0105726004903,1034.9714277648368,NO
965.9736653573967,1035.186537060429,NO
966.9859837380418,1035.29784555967,NO
967.9882032531327,1035.3462692397231,NO
969.1062024717512,1035.7019693238433,NO
970.0095225326934,1035.9754813535694,NO
970.9656524167052,1036.2036891533835,NO
971.9757182871758,1036.3439909346737,NO
972.9724330681277,1036.433956864695,NO
974.0741621856735,1036.7963755020248,NO
974.9858018945332,1037.0391428417947,NO
975.9564391460101,1037.2777004373793,NO
976.981618169685,1037.4075971002449,NO
977.9878365751812,1037.4622101637847,NO
979.0764372139257,1037.7663343374359,NO
979.9961185444957,1038.0106846664135,NO
980.9588440340111,1038.2440644454373,NO
981.9757879431486,1038.385879653188,NO
982.9833786385686,1038.456164011311,NO
984.0762877191357,1038.768258062385,NO
984.9944515707817,1039.0149449631772,NO
985.9541035405216,1039.2544260077823,NO
986.9719672805596,1039.408476777705,NO
988.0330966771775,1039.4973441801806,NO
989.071501942289,1039.7782763098737,NO
989.9930218391652,1040.0192520772682,NO
990.9551277588355,1040.257133059568,NO
991.9729235421332,1040.406146886198,NO
993.0017530954613,1040.4470393557344,NO
994.0553064036799,1040.5306297262675,NO
995.0634046225954,1040.7998727042698,NO
995.9976887868759,1041.0089070593406,NO
996.9769677568696,1041.186451491208,NO
997.9725037548341,1041.2983634995958,NO
998.989187150245,1041.3676369039988,NO
1000.0059006843087,1041.3761686003252,NO
1001.0021513403219,1041.365727866311,NO
1001.9698092158128,1041.4204832473727,NO
1003.0755026916745,1041.7859985078805,NO
1003.9957234386694,1042.0144352178918,NO
1004.9675399841124,1042.2122385587745,NO
1005.9645599952602,1042.347584662773,NO
1006.9866068170969,1042.4269077215456,NO
1008.0043139749614,1042.44002544197,NO
1008.9950085846971,1042.4514962176559,NO
1010.0765428075488,1042.6573457583813,NO
1011.0318811198397,1042.8879670515353,NO
1011.9872917000316,1043.0728228403125,NO
1012.9753449368853,1043.2167945156145,NO
1013.9777927824845,1043.3146022508786,NO
1014.9935610275659,1043.3648750873795,NO
1016.0,1043.3745098039215,NO
1016.9844583491054,1043.4040829202468,NO
1018.0861262907163,1043.6662606196223,NO
1019.0269417609634,1043.9088761579594,NO
1019.9801258353697,1044.1034267695122,NO
1020.9665076166019,1044.262786397674,NO
1021.9775779691724,1044.3688785587112,NO
1022.9959762819469,1044.4104192375949,NO
1023.9979394270804,1044.4191205419293,NO
1025.0742108584948,1044.5642957849395,NO
1026.0523788228438,1044.8328228608848,NO
1026.9920557743583,1045.034628675956,NO
1027.97006423581,1045.2120450061843,NO
1028.966908449317,1045.3375338144383,NO
1029.9861979050918,1045.4140628750283,NO
1031.0,1045.4333333333334,NO
1031.990407127144,1045.4545194655818,NO
1033.076358751137,1045.67539122721,NO
1034.0271879865436,1045.9083664169898,NO
1034.9821516791226,1046.1000290474105,NO
1035.972302522755,1046.247819532659,NO
1036.97920377547,1046.342131423786,NO
1037.998508737064,1046.3802720598349,NO
1039.0044272692899,1046.3763178998004,NO
1039.990453441615,1046.392999970368,NO
1041.091762913104,1046.656265153546,NO
1042.0294529910445,1046.8979516084933,NO
1042.9882053499562,1047.0771188632575,NO
1043.9831874791846,1047.1994043126956,NO
1044.9933595266982,1047.2605108748658,NO
1046.003158193794,1047.268446479748,NO
1047.0030206781905,1047.2567576531303,NO
1047.9946661456765,1047.2634924151585,NO
1050.050827116775,1047.8319881436607,NO
1050.9967771110958,1048.01846823923,NO
1051.9861353486358,1048.1504462109901,NO
1052.9913164740628,1048.2214299097493,NO
1053.999521391935,1048.2440901258005,NO
1054.997048113092,1048.2509103939547,NO
1055.981342505065,1048.2937050826895,NO
1057.1159201790317,1048.670848716502,NO
1058.0202645109023,1048.9353146066198,NO
1058.9806903689034,1049.124657114332,NO
1059.9799309016012,1049.2496400151235,NO
1060.992737798026,1049.3086435741204,NO
1061.9980916156114,1049.3244253563405,NO
1062.991323193205,1049.3453369159745,NO
1064.0991058509526,1049.5599700322553,NO
1065.0481361003701,1049.8164811162787,NO
1066.002426063753,1049.9841372759574,NO
1066.9907344259882,1050.102727016218,NO
1067.9917988440009,1050.1742745609185,NO
1068.9958950762282,1050.2093511068986,NO
1069.994089517997,1050.2318727547727,NO
1070.9866700803775,1050.2706789765027,NO
1073.0432359442784,1050.868932543171,NO
1073.986129528266,1051.0693523597238,NO
1074.9757271807591,1051.2250752289751,NO
1075.9872452724924,1051.3097576884984,NO
1076.9946554962542,1051.3407120917425,NO
1077.9909271186082,1051.3647298118358,NO
1079.0922410025707,1051.5663721853832,NO
1080.0482547513925,1051.8448278597866,NO
1080.991574107583,1052.0409257635245,NO
1081.975531371494,1052.20127420169,NO
1082.9810521932225,1052.301980668261,NO
1083.9973107483368,1052.3428796070323,NO
1085.0013532728167,1052.3450845783825,NO
1085.988405916138,1052.3683926634997,NO
1087.0982773255305,1052.6673405265926,NO
1088.0241227577833,1052.923074331521,NO
1088.9796955871207,1053.1176733032082,NO
1089.972921684046,1053.2605649247482,NO
1090.9858819467743,1053.342867029554,NO
1092.001430066772,1053.3646670375708,NO
1093.0028141231228,1053.3588007190426,NO
1093.977729053724,1053.4038184844728,NO
1095.0829418818812,1053.750068455692,NO
1096.0073744990234,1053.9724928364747,NO
1096.980209262115,1054.1462793656362,NO
1097.979116507355,1054.259770285446,NO
1098.9912128854996,1054.3201020244767,NO
1099.997340545564,1054.3390804603246,NO
1100.9899097448556,1054.3610869940558,NO
1102.0978000134967,1054.5977366135992,NO
1103.0404975014326,1054.8730906322512,NO
1103.9848825779532,1055.073427479151,NO
1104.966944172651,1055.2408353182007,NO
1105.9755875920296,1055.3557236665893,NO
1106.9952537847264,1055.4034283091578,NO
1107.998385380676,1055.4117279397285,NO
1109.0562928750255,1055.4856376524829,NO
1110.07192084134,1055.7584067494747,NO
1111.008192056834,1055.968555104348,NO
1111.9841999233386,1056.136576933749,NO
1112.9926536636958,1056.2203901039088,NO
1114.0096784324876,1056.2146087168262,NO
1115.007983418836,1056.1696476463105,NO
1116.002933687254,1056.1360164118114,NO
1117.004294511077,1056.1042952758992,NO
1118.0019343238637,1056.070464654211,NO
1119.0012287879424,1056.0417787914396,NO
1119.999835330388,1055.9972909193816,NO
1120.9993567716224,1055.958994193584,NO
1121.998122895266,1055.9361784369062,NO
1122.9937317917427,1055.8934404600232,NO
1123.998024378146,1055.8560618367694,NO
1124.9890599516368,1055.8200185655146,NO
1125.98548332186,1055.761177238999,NO
1126.992168299448,1055.7147023403772,NO
1127.9738436319055,1055.6665063074197,NO
1128.9771575460536,1055.5982878673994,NO
1130.050661333126,1055.4958669595117,NO
1131.0349998077907,1055.3928630188352,NO
1131.9936366689055,1055.3584676552123,NO
1132.9940883258485,1055.3746523313891,NO
1133.9981094302975,1055.3845418867152,NO
1135.0066492048052,1055.3767882545133,NO
1136.0161015229955,1055.3421573556782,NO
1137.016481075773,1055.2898396167,NO
1138.0128921218666,1055.234820788137,NO
1139.0096103789015,1055.181529381205,NO
1140.0070401716603,1055.1282316964591,NO
1141.0034527170108,1055.0800402573823,NO
1142.0014920323651,1055.0400492906172,NO
1143.000114986351,1055.0030864758023,NO
1143.9995036562832,1054.9746864711065,NO
1144.9996925747646,1054.9608032801964,NO
1145.9992004707096,1054.9490300110322,NO
1146.9989558671352,1054.933436534177,NO
1147.999851976643,1054.9245080840042,NO
1148.997517694597,1054.9095731613784,NO
1149.9889304433923,1054.8588631535147,NO
1150.9863432091242,1054.7889405129558,NO
1151.9907152974718,1054.7369334116943,NO
1152.997756346708,1054.7139341886127,NO
1154.016437420525,1054.7459671473396,NO
1155.0091075481778,1054.7980500220058,NO
1156.0039608205723,1054.8316651310079,NO
1157.0041923158308,1054.8574612569716,NO
1157.9907775972306,1054.843219153506,NO
1158.9836553634366,1054.7806377796846,NO
1159.9879174180178,1054.7199037834102,NO
1160.9792205292456,1054.668827187325,NO
1162.1114481652457,1054.341076264108,NO
1163.030872151682,1054.0964130302557,NO
1163.9968800950319,1053.940839535308,NO
1164.9969993011807,1053.9043527214378,NO
1165.9971005724233,1053.8767743318879,NO
1166.9968551785446,1053.8541946386492,NO
1167.997419305945,1053.8354807646422,NO
1168.9982612073363,1053.822643149964,NO
1170.0,1053.8176470588235,NO
1171.0027333262155,1053.8257504650414,NO
1172.0044761756042,1053.8478100243508,NO
1172.9920703102985,1053.8382343349167,NO
1173.9865212795498,1053.7851828944288,NO
1174.9884074958356,1053.7312646781916,NO
1176.9948597391015,1052.9885905426734,NO
1177.988983201463,1052.7481159360555,NO
1179.0020591261812,1052.7374613966065,NO
1180.0105567284318,1052.765916025604,NO
1181.0118207313965,1052.8257726963598,NO
1181.9895635865637,1053.0282463800193,NO
1184.0183463047706,1053.6257353938465,NO
1185.0165564346464,1053.6752391788527,NO
1186.010521903358,1053.7175699567326,NO
1187.0020454976557,1053.7391990337176,NO
1187.9979545023443,1053.7391990337176,NO
1188.9894756930717,1053.717505439844,NO
1190.9913403557562,1052.981925171649,NO
1191.9721042994918,1052.7159192928716,NO
1193.0936171997066,1052.0789856366916,NO
1195.0,1050.5551289737755,NO
1196.0112617593143,1050.589750201213,NO
1197.0226076194306,1050.6396910680137,NO
1198.029791146917,1050.73344763348,NO
1199.0193233968214,1050.8483856529053,NO
1200.9013267271414,1051.2070521157805,NO
1202.035922363366,1051.7940147963589,NO
1203.0035806128442,1051.8985492963216,NO
1204.0028205228969,1051.940063889839,NO
1204.9999500648148,1052.0006569395302,NO
1206.7490987168903,1052.574949321797,NO
1207.0830598811558,1052.754595815152,NO
1208.0060419339552,1052.9167192928942,NO
1209.0008817778016,1052.9871512374723,NO
1209.9972296789028,1053.0494283614828,NO
1210.955995515691,1053.1746097930509,NO
1211.8998845933118,1053.3945724880375,NO
1213.0243453064177,1053.6551081560785,NO
1214.0325777360408,1053.76924102567,NO
1215.013606088943,1053.886244175417,NO
1216.0017899825957,1053.9677163851081,NO
1217.7394629155174,1054.5345502238372,NO
1218.087758995697,1054.7553137048894,NO
1219.0020295905756,1054.9059007986734,NO
1219.9993849622115,1054.8808056799367,NO
1220.9843851863188,1055.0411578533592,NO
1221.8935854764802,1055.291974863668,NO
1222.9831153851976,1055.5899450420018,NO
1224.8677800751611,1054.866354527579,NO
1226.999149418571,1053.5704563524696,NO
1228.0024389354155,1053.585380966224,NO
1229.0078677184024,1053.5987463719437,NO
1230.0138436136917,1053.6284082564787,NO
1231.014285015304,1053.6688473749682,NO
1232.0235138851324,1053.7068205269943,NO
1233.011686062898,1053.97660196216,NO
1235.0135675732035,1054.7338668433933,NO
1236.0241912444274,1054.7836227521389,NO
1236.9861928930188,1055.0271646814335,NO
1239.0160468127212,1055.7800908524514,NO
1239.9945481844416,1056.0115917241242,NO
1242.0149557306747,1056.7539541169044,NO
1243.0287205097916,1056.8370197553718,NO
1244.6807981472864,1057.599102568152,NO
1245.0505088440689,1057.7991177952026,NO
1246.0014657862318,1057.9320408187752,NO
1246.9991246803777,1057.9362267134259,NO
1248.003256599262,1057.913519193079,NO
1248.9599750444822,1058.0915487939749,NO
1249.841936765707,1058.3959303834038,NO
1251.1296127440999,1058.2691956999695,NO
1251.9095083213697,1057.9106135662207,NO
1252.072710046049,1056.9935818217816,NO
1251.928971480024,1056.0401056073626,NO
1251.6135314949163,1055.03911624536,NO
1251.5668741564234,1054.0093419297696,NO
1251.571583143485,1052.9873995046428,NO
1251.6271279013472,1051.9538203445934,NO
1252.945925868833,1049.9420931867803,NO
1253.9487381029123,1048.9499496123144,NO
1254.9399247435804,1047.9418485505266,NO
1256.9795561214728,1046.7018855444842,NO
1257.997617278189,1046.6962029513973,NO
1259.00179325084,1046.6951473475517,NO
1260.0023370483675,1046.7020263157926,NO
1261.0022753236722,1046.7098962148996,NO
1262.0048888842878,1046.7229632367666,NO
1263.0079030334182,1046.748090800051,NO
1264.0088632634822,1046.7847493012173,NO
1265.0080568340595,1046.8287922802258,NO
1266.0056746899877,1046.8741699197462,NO
1267.002474169694,1046.9098695336293,NO
1268.0011937985587,1046.9323514181954,NO
1269.0005288887405,1046.9460533489712,NO
1270.0,1046.950980392157,NO
1271.0,1046.950980392157,NO
1272.0,1046.950980392157,NO
1273.0,1046.950980392157,NO
1274.0,1046.950980392157,NO
1275.0003533958952,1046.9549420207243,NO
1276.0008263917298,1046.9678978585814,NO
1278.1029487162764,1047.663902719776,NO
1279.004621904884,1047.818679116658,NO
1280.004241715796,1047.8454803549505,NO
1281.0030374760154,1047.8709072734318,NO
1282.0035105668555,1047.9005339327923,NO
1283.0023642489657,1047.9365385791,NO
1284.0009243177587,1047.9705373702984,NO
1284.999829029251,1048.002019987723,NO
1285.9995056285504,1047.9852677303293,NO
1286.961186288206,1047.8786347378807,NO
1287.7286108409508,1047.5418951223758,NO
1289.9055793394552,1046.7091843735411,NO
1290.9682028530983,1045.9692595571078,NO
1291.9292805960665,1044.9445153586253,NO
1292.5721112001572,1042.9782134009017,NO
1292.9990399770593,1041.9989842427378,NO
1295.0196190270403,1041.0494884432048,NO
1295.996847904294,1040.871552095613,NO
1297.0016590349057,1040.8942365316102,NO
1298.0012514491275,1040.9088229924046,NO
1299.0,1040.9156862745099,NO
1299.9985543221308,1040.907838041795,NO
1300.9978481536814,1040.8902558406135,NO
1301.994863261334,1040.8621191172062,NO
1302.9356858387446,1040.7165652199217,NO
1304.988534710413,1039.9023403012623,NO
1305.9929120890527,1039.84938189588,NO
1306.8845553262954,1039.6785873786205,NO
1308.9921470800382,1038.8875152217943,NO
1309.9116674588174,1038.699248717042,NO
1311.0196402089423,1038.036474674808,NO
1312.9977867652053,1036.9960009791678,NO
1313.8178432228258,1036.5887838182389,NO
1314.8997409172823,1035.9098350319096,NO
1316.988092382239,1033.6201085711157,NO
1318.0,1033.637254901961,NO
1319.0,1033.637254901961,NO
1320.0028133064063,1033.6413034123254,NO
1321.0074099660828,1033.656447020091,NO
1322.006336156622,1033.6768560207138,NO
1323.004209615465,1033.6932994455929,NO
1324.0023219112973,1033.70395629236,NO
1325.0,1033.707843137255,NO
1327.0267190341779,1033.0611224338195,NO
1327.987032041412,1032.857057731047,NO
1328.9932789966824,1032.8195941177944,NO
1329.9954650342395,1032.7897424922817,NO
1331.0,1032.778431372549,NO
1332.0033484592252,1032.7865357382143,NO
1333.0045565089279,1032.8063483766966,NO
1334.0143795164279,1032.8321234762493,NO
1334.9791423295276,1033.0457386488067,NO
1336.9982854854343,1033.708532514594,NO
1337.993430519101,1033.6954149703015,NO
1339.1158321062094,1033.1133787837084,NO
1339.6775931437921,1031.995574807843,NO
1339.6873439320739,1030.9981608467174,NO
1339.706216503316,1029.9913593092108,NO
1339.7491684109243,1028.9663454460613,NO
1342.0212933375537,1027.042000620177,NO
1342.9761984746463,1026.9331531628363,NO
1343.7842695776612,1026.7048910133199,NO
1343.8115317059912,1025.327863707679,NO
1342.9862722702171,1025.0348612063087,NO
1340.973068564422,1024.0331710858834,NO
1339.629701152888,1022.0390386704083,NO
1339.6165292565488,1020.9902252555282,NO
1339.6825291696427,1019.9501164465636,NO
1342.003441062371,1018.0068900350342,NO
1342.9779248602986,1017.7581656044141,NO
1343.9896465355066,1017.7220912105598,NO
1344.9939751684808,1017.6927336005396,NO
1345.9981146014557,1017.6794822372976,NO
1346.997432259653,1017.6726130866812,NO
1347.9973709585379,1017.6647971940783,NO
1349.0070674237872,1017.6723285268375,NO
1350.0121526681203,1017.7048637547263,NO
1351.0119111660472,1017.7468877273994,NO
1352.1852671741226,1017.4938212512795,NO
1353.003687221127,1017.0035782930801,NO
1353.9089178933941,1015.9427383898784,NO
1354.745865493326,1014.7873568385329,NO
1355.6993543327178,1013.697041666498,NO
1356.9206941148357,1012.8600078656452,NO
1358.944314615785,1011.8464025542103,NO
1361.001234970452,1011.0104867833868,NO
1361.948288896383,1010.8386197120527,NO
1362.7689810070053,1010.4706116616932,NO
1364.0079086016738,1010.0696376902429,NO
1364.9856304861469,1009.928152429643,NO
1365.8787563671633,1009.7074338295763,NO
1367.0068416857657,1009.010500892634,NO
1367.4966594456253,1008.4268448447267,NO
1367.5548707332734,1008.2138033922193,NO
1367.7859638844197,1007.0366728525776,NO
1367.703923615676,1006.0284465562496,NO
1367.6450980392158,1005.0,NO
1369.9993945174149,1002.8970679572623,NO
1370.9986856656105,1002.8882815738762,NO
1371.9992908440415,1002.8794434832424,NO
1373.0,1002.8764705882353,NO
1374.0002402898815,1002.8774521540902,NO
1375.0,1002.878431372549,NO
1375.9982368455615,1002.8715416055595,NO
1376.9653224082474,1002.7821290539906,NO
1377.7418957778907,1002.4404966561408,NO
1378.1020630665084,1002.2257051881985,NO
1379.7475307936459,1001.6234461612881,NO
1380.5846584157575,1000.6668139103513,NO
1381.0481774161267,1000.0386430549419,NO
1382.0061514944393,999.0060541606894,NO
1383.885423606786,997.7716917548408,NO
1385.9531962141891,996.8262434633368,NO
1386.4625976080767,996.4569903833694,NO
1386.2996093988515,994.7003906011486,NO
1386.8640479283883,991.8626073704105,NO
1387.8584214993464,990.8580503855255,NO
1388.8588953434094,989.8588953434094,NO
1389.8588954188667,988.8588954188666,NO
1390.8588954188667,987.8588954188666,NO
1391.8599673929496,986.8588647697042,NO
1392.8664726815075,985.861131593361,NO
1393.877797010728,984.8715721998691,NO
1394.8876747613167,983.8813338229367,NO
1395.902234951706,982.8950814130463,NO
1396.9155726276945,981.9101036468322,NO
1397.9288305131247,980.923622990757,NO
1398.94423700569,979.9401567874266,NO
1399.9585283495503,978.9550252920045,NO
1400.9771698280485,977.9751113699384,NO
1401.9928700748828,976.99226781918,NO
1403.0106105255848,976.0115672123102,NO
1403.5574623480245,975.5324602162418,NO
1404.647306014008,974.623415866213,NO
1405.7107102189752,973.6952556655514,NO
1406.7546421987176,972.7429770108056,NO
1407.7879343363888,971.7789512174876,NO
1408.7663701612273,970.779255396094,NO
1409.8290990244752,968.9125086371057,NO
1410.833556570481,966.9192334524752,NO
1411.840352055225,964.9220399356225,NO
1412.8471169666993,962.925415360901,NO
1413.8495047068627,960.926424523577,NO
1414.856030678423,958.9291763801223,NO
1415.8646207350089,956.9331947580946,NO
1416.870080763705,954.9359516394794,NO
1417.876378372247,952.9389309154791,NO
1418.8816908238855,950.9416719236631,NO
1419.8867133950012,948.9438649615004,NO
1420.8915171301464,946.9457045948308,NO
1421.8957471209255,944.9480285450554,NO
1422.9008832460086,942.9506867189233,NO
1423.9068920188056,940.9536300169767,NO
1424.912661293011,938.9562875361086,NO
1425.9177092354976,936.9588951546662,NO
1426.9216280043247,934.9608140021624,NO
1427.9265098615554,932.9632187981147,NO
1428.93137971973,930.9656224523213,NO
1429.9371994238843,928.968507266626,NO
1430.9413698456756,926.9706849228378,NO
1431.9483232516734,924.9741616258367,NO
1432.9513764223186,922.9756882111593,NO
1433.956354303121,920.9781771515605,NO
1434.9593935441237,918.9796967720619,NO
1435.9644150964587,916.9822075482293,NO
1436.6029884407428,915.8318375807179,NO
1437.6156696890205,913.8387145623914,NO
1438.6266283759558,911.8423160102702,NO
1439.6349275785005,909.845691037361,NO
1440.6449944294484,907.8484336909298,NO
1441.657261943464,905.8519994740695,NO
1442.6650668476486,903.8558084374332,NO
1443.6742674254667,901.8584090430294,NO
1444.6895102651292,899.862159268954,NO
1445.6988957432939,897.8670318218698,NO
1446.70736284201,895.870047066552,NO
1447.715578905295,893.8729982999407,NO
1448.7235675252098,891.875893657441,NO
1449.7298765706062,889.8786658752068,NO
1451.354418433445,887.6686258067222,NO
1453.0185868782485,887.0709216939739,NO
1453.905465848894,886.8230736909496,NO
1454.9959622215315,885.9944480548105,NO
1455.5582759610068,885.5647958794316,NO
1456.010473110293,885.008939825993,NO
1456.5441864073202,884.242192850244,NO
1456.7316503276402,883.9117388171995,NO
1456.8463670385313,883.0072297865905,NO
1456.7874482121188,882.0191713377304,NO
1456.711833634742,881.0175159953667,NO
1456.6945588475419,879.9904175328425,NO
1456.787316590956,878.9729159322168,NO
1458.0229985663652,877.0301414649989,NO
1458.6325000270235,876.5238626117643,NO
1459.0566517354173,876.0508637862333,NO
1459.6454490329563,875.3022736459591,NO
1459.7854742325271,874.950605804958,NO
1459.8980508691957,873.9928922039717,NO
1459.852392386238,872.9933855077077,NO
1459.6923265382377,872.097701327372,NO
1459.4069378987506,871.4363631113155,NO
1459.1437681047041,870.9235276029515,NO
1458.815048521506,869.017044548691,NO
1458.753285260415,868.0053212981966,NO
1458.8105617158678,866.979323844969,NO
1460.7713664035625,864.6573042153485,NO
1461.8457276513768,863.8151000599297,NO
1462.8678325895505,862.8562996525585,NO
1463.8630938234744,861.86681916316,NO
1464.6990478969635,860.8312376902027,NO
1464.8847875891206,860.0015704294,NO
1464.6710000677642,859.211056554148,NO
1463.749550654397,858.3091901288702,NO
1462.7627255150792,855.9892993857972,NO
1464.8856515752923,853.7790744108105,NO
1466.8279303558895,852.6902746342656,NO
1468.8314620868666,851.6733491979326,NO
1470.8542408500357,850.7166205312765,NO
1472.8276963261553,849.7042187422725,NO
1473.9052431202929,848.8846438075153,NO
1474.7606639115093,847.8700746911092,NO
1474.9642738153182,846.9962154466286,NO
1474.9592269685968,846.0031179378748,NO
1474.877932447491,845.0122067559821,NO
1474.8003640061636,844.0105689642656,NO
1474.779191540181,842.9965363376609,NO
1475.9476093526164,840.8408876683088,NO
1476.6886663236435,840.4356516553048,NO
1477.9228856998957,839.866379537582,NO
1478.9857717581817,838.9859982024244,NO
1479.7803772351372,837.8907216802961,NO
1479.8964218125857,837.0009186536001,NO
1479.7839045805931,836.1128145160453,NO
1478.9222744437614,835.119402272003,NO
1477.7124394310101,834.5456061355337,NO
1476.9644442150743,834.1830314830077,NO
1475.9977177556327,834.0775963110896,NO
1474.9996481737521,834.059810464038,NO
1473.9992335459901,834.0488614399657,NO
1472.9991836748436,834.0231292142275,NO
1470.7925667609431,833.3911763311082,NO
1470.0224021462645,832.9678194548846,NO
1468.8309690708656,831.0094737097288,NO
1468.8331301399942,829.9898569297216,NO
1469.7730684524129,827.7844966601136,NO
1470.7600697278872,826.7627455286083,NO
1471.7990563717944,825.7713126699377,NO
1473.8004114304838,824.6347152684592,NO
1475.9917448903223,823.9020905615772,NO
1476.947320946937,823.7510984429478,NO
1477.2552209997532,823.6152168975917,NO
1478.9987076353289,822.9877225355332,NO
1479.9988828900096,822.9482067175692,NO
1480.999045873247,822.9304850510642,NO
1481.9993698127341,822.9196511189109,NO
1483.0,822.9156862745098,NO
1483.99983274132,822.9146980688075,NO
1484.9773563961248,822.8632203955166,NO
1485.7586548843929,822.618560110232,NO
1485.82497387596,821.933773898409,NO
1485.924487025413,821.021385879628,NO
1485.7884632304333,820.0755668935919,NO
1485.5538340225564,819.0563678678606,NO
1485.8289086239877,817.9302460603726,NO
1486.7145694348994,815.9032838545435,NO
1487.0104677453703,815.0052338726852,NO
1487.9309142677546,812.9666762946111,NO
1488.8168195133185,810.9248072174958,NO
1489.7145694348994,808.9032838545435,NO
1490.0104677453703,808.0052338726852,NO
1490.9309440055185,805.9666906387087,NO
1491.8202968329758,803.9262346039245,NO
1492.7145746593894,801.9032856248253,NO
1493.010507787011,801.0052538935055,NO
1493.9349984131013,798.9686462940867,NO
1494.8203163295088,796.9262426069524,NO
1495.7145746593894,794.9032856248253,NO
1496.010507787011,794.0052538935055,NO
1496.935037997739,791.9686653878529,NO
1497.824955559321,789.9281469396933,NO
1498.714581737613,787.9032880232317,NO
1499.0105375606179,787.0052687803089,NO
1499.9381093201653,784.9701468492249,NO
1500.8284517513325,782.9295820729342,NO
1501.7214139693729,780.9033007161333,NO
1502.0144755554663,780.0072377777332,NO
1502.938144064939,777.9701636084683,NO
1503.8284517513325,775.9295820729342,NO
1504.7214139693729,773.9033007161333,NO
1505.0145151470233,773.0072575735117,NO
1505.9422006979646,770.9721203372952,NO
1506.8296550894465,768.9297390447673,NO
1507.728333863583,766.903837480098,NO
1508.018492687664,766.009246343832,NO
1508.945278580707,763.9736049630552,NO
1509.8320279876987,761.9300531962793,NO
1510.7465953161304,759.9052668362988,NO
1511.784308862654,757.8900489827387,NO
1512.4804541705805,756.6080619093103,NO
1512.9508304581461,755.9679177457408,NO
1513.8204528098333,754.8633702896573,NO
1514.4742914650317,753.7106949984031,NO
1514.8121704266005,752.9660949933505,NO
1514.9080602088068,751.9936298178394,NO
1515.6940533953025,749.917197937954,NO
1515.89842094055,748.9867243205291,NO
1516.564647786595,747.2988340632755,NO
1516.7998858248004,746.9213837155128,NO
1516.972741839019,745.9981827893494,NO
1517.0391565255234,745.0030302035627,NO
1517.8729664985744,742.9474889827621,NO
1518.510025028813,741.6635874529059,NO
1519.4954232688801,740.5012677590819,NO
1520.5238016374194,739.5292335336239,NO
1521.01702879974,739.0155891137865,NO
1521.6276729898839,738.3266171714524,NO
1521.8107357321928,737.9300499437039,NO
1521.9619512511852,736.9994031568427,NO
1521.9504682334166,736.0019424222335,NO
1521.9021935214982,735.0061368771283,NO
1521.8923592777721,733.9957787951753,NO
1522.9024521768165,731.9380840746545,NO
1523.170271750015,731.057424982484,NO
1523.4628693840891,730.050910959881,NO
1523.8149223652958,728.9375816603157,NO
1524.0644786580813,728.0285728953771,NO
1524.3678126110058,727.0598597007665,NO
1524.70762263992,725.9271923031654,NO
1524.992770038931,724.9965693125412,NO
1525.2705555965936,724.0679041503853,NO
1525.6133505209089,722.9366463102427,NO
1525.9167404405162,721.9652268905586,NO
1526.7122153857927,719.9076028966118,NO
1527.009104342516,719.0049574368954,NO
1527.3422489315958,718.0893149593144,NO
1527.5570441649925,717.0234532057754,NO
1527.7481603781002,715.933830375984,NO
1528.010965663212,715.0048592938658,NO
1528.2859893831082,714.0678523843051,NO
1528.6146195238614,712.9377432946802,NO
1528.9202582781681,711.9660706802056,NO
1529.7599292896273,709.9105235486593,NO
1530.0547916539142,709.036768084117,NO
1530.8480570820454,707.9379388082972,NO
1531.0288666793683,707.0024694208897,NO
1531.1047947382476,706.0067808362712,NO
1531.1616626292387,705.007607653318,NO
1531.2345441794566,704.0262137612955,NO
1531.3482161210966,703.0553049146487,NO
1531.4730451439584,702.0204058691072,NO
1531.630676708261,700.9391702812294,NO
1531.901789056688,699.9639893189151,NO
1532.1350024502713,699.0447361076161,NO
1532.3941039430383,698.05254719359,NO
1532.5270650334835,696.9786296575769,NO
1532.7385927752111,695.9349044742465,NO
1532.99127096496,694.9966110807076,NO
1533.2394743381662,694.0601033638816,NO
1533.4527262678725,693.031069449093,NO
1533.5955534416794,691.9492459220812,NO
1533.855135096329,690.9522797947265,NO
1534.0867722060523,690.0306254854569,NO
1534.7659519448723,687.8998385884256,NO
1535.8045730352037,686.7143085859889,NO
1536.7421212038298,685.7653535343619,NO
1537.7016653103226,683.9583331421194,NO
1537.6721880370699,683.0615346685549,NO
1536.8146717913928,681.0630157209978,NO
1536.5930193696063,680.0627722922341,NO
1536.490603408953,679.0086577076254,NO
1536.6306799498682,677.9391708151412,NO
1536.9017348927184,676.9639694587919,NO
1537.1347674823796,676.0443939957876,NO
1537.3923619129675,675.0523149229086,NO
1537.5262789315175,673.9781072868639,NO
1537.7385914005413,672.9349041319268,NO
1537.99127096496,671.9966110807076,NO
1538.2394743381662,671.0601033638816,NO
1538.4527262615452,670.0310694486587,NO
1538.597198770637,668.9486625893636,NO
1538.8564497689524,667.952712863371,NO
1539.0877366674092,667.0307938503794,NO
1539.3456918032498,666.0589709524588,NO
1539.4869222080467,665.0105022434896,NO
1539.5378634131396,663.9728154947891,NO
1539.676267284185,662.9466793172802,NO
1539.853643637143,661.9690068878393,NO
1540.0281988747472,661.005529191001,NO
1540.1953792762267,660.0340956002161,NO
1540.347606512978,659.0456659550384,NO
1540.4579246837982,658.0251409633537,NO
1540.49579264606,657.0038885695467,NO
1540.5000000004902,656.0,NO
1542.9266388501171,653.8121954615879,NO
1543.3043150940339,653.5723821301502,NO
1543.9947139227295,652.9944780032489,NO
1544.4605137788303,652.528077500269,NO
1544.611328957152,651.9186734528007,NO
1544.4800525130504,651.4342418532391,NO
1544.012129376915,650.9801452199927,NO
1542.010927546242,649.987223684693,NO
1541.4901415466813,648.0086495571144,NO
1541.5000000004902,647.0,NO
1541.5078694531662,645.9932452669844,NO
1541.597117503608,644.9526020608481,NO
1541.7750051024068,643.9523540216459,NO
1541.9515707103292,642.990124223355,NO
1542.1225860902464,642.0225942989574,NO
1542.2819614133364,641.0431235116251,NO
1542.4149394287256,640.0374259092576,NO
1542.48536760123,639.0123721153644,NO
1542.5000000004902,638.0,NO
1542.5000000004902,637.0,NO
1542.5664192274278,635.9583422370417,NO
1542.733052515739,634.9476573572194,NO
1542.9081289230292,633.9812655060095,NO
1543.0822125307482,633.016281304291,NO
1543.249249817086,632.0405641868181,NO
1543.3915564997717,631.0414589226424,NO
1543.4778469201183,630.017802139798,NO
1543.5000000004902,629.0,NO
1543.5000000004902,628.0,NO
1543.540792545198,626.971186983013,NO
1543.684609765691,625.9461981385194,NO
1543.8644295575061,624.9707593152713,NO
1544.040678974601,624.0080560318202,NO
1544.2075399708594,623.0345899951433,NO
1544.3553506236015,622.0466833186215,NO
1544.4656833004403,621.0255669266257,NO
1544.549077559186,619.9681701809258,NO
1544.7696775746647,618.9394839137228,NO
1545.008799211025,618.0031746171404,NO
1545.2510812360078,617.0595702551341,NO
1545.453099925317,616.0310950922504,NO
1545.5490775065803,614.9681701772124,NO
1545.7696775746647,613.9394839137228,NO
1546.008799211025,613.0031746171404,NO
1546.2510812360078,612.0595702551341,NO
1546.453099925317,611.0310950922504,NO
1546.5490775065803,609.9681701772124,NO
1546.7696775746647,608.9394839137228,NO
1547.008799211025,608.0031746171404,NO
1547.2510812360078,607.0595702551341,NO
1547.453099925317,606.0310950922504,NO
1547.5490775065803,604.9681701772124,NO
1547.7696775746647,603.9394839137228,NO
1548.008799211025,603.0031746171404,NO
1548.2510812360078,602.0595702551341,NO
1548.453099925317,601.0310950922504,NO
1548.5492915386606,599.9681852853591,NO
1548.775704853584,598.9393083735313,NO
1549.0156287942089,598.0057305581743,NO
1549.2616908454925,597.0600349585305,NO
1549.4576689861822,596.0287164856219,NO
1549.5492915565694,594.9681852866233,NO
1549.775704853584,593.9393083735313,NO
1550.0156287942089,593.0057305581743,NO
1550.2616908454925,592.0600349585305,NO
1550.4576690211973,591.0287164878189,NO
1550.5568328858901,589.964372841366,NO
1550.7829093824123,588.9412578342285,NO
1551.0192131823248,588.006856468772,NO
1551.2621380572234,587.0601375541628,NO
1551.4576691001935,586.0287164927755,NO
1551.5891622416755,584.9524717102752,NO
1551.8758446389959,583.9530157158139,NO
1552.1079539863983,583.0355613144418,NO
1552.3562000922022,582.0433027564222,NO
1552.465923726246,581.0255801264741,NO
1552.5568329352743,579.964372845336,NO
1552.7830816980163,578.9413044608027,NO
1553.020402616203,578.0073609434895,NO
1553.2652038420165,577.0608408812607,NO
1553.460538759943,576.0270905153918,NO
1553.6040806659985,574.9464344425566,NO
1553.8653433246936,573.9548504085691,NO
1554.0965508825034,573.0336981524271,NO
1554.356025686,572.0586395248795,NO
1554.5682857216375,570.9547809166708,NO
1554.869700180734,569.9496685011039,NO
1555.682637781883,567.9054525077853,NO
1555.8945568488416,566.9748846028311,NO
1556.061858282512,566.0096114464874,NO
1556.2107449709247,565.0361458296774,NO
1556.3524894825007,564.0348999483443,NO
1556.4383772748158,563.0257868986148,NO
1556.4857462509335,562.0123817672197,NO
1556.6038313619242,560.9464007131816,NO
1556.8617091865215,559.9544453774558,NO
1557.0916426985307,559.0314460238924,NO
1557.3460610244917,558.0590339372566,NO
1557.5216464643402,556.9739252291173,NO
1557.8004407623066,555.9342628369907,NO
1558.6247612027555,553.881951909143,NO
1558.8499172096458,552.9666154418702,NO
1559.0086854467552,552.0012602412995,NO
1559.1614578195674,551.0326081473152,NO
1559.3297903911878,550.0504385319961,NO
1559.459129409668,549.027907867059,NO
1559.498956555859,548.0009783461369,NO
1559.6038327541935,546.9464009015473,NO
1559.861571185777,545.9543999183854,NO
1560.0909002005767,545.0308347738089,NO
1560.3427289366084,544.058465522286,NO
1560.4844330026244,543.0123482922627,NO
1560.7011433555103,541.9279228116415,NO
1560.9895305142222,540.9950321262847,NO
1561.872825049436,538.9505811010669,NO
1562.4324335867402,537.6657052245839,NO
1562.8359550259677,536.9624519273077,NO
1562.9688279993957,535.9979218667195,NO
1563.0389868365837,535.0032683576155,NO
1563.8928807379548,532.9533069901252,NO
1564.464829558741,531.6973738521682,NO
1564.847458417559,530.9469348255434,NO
1564.9882352941177,530.0,NO
1564.9645452382942,529.0016684594133,NO
1564.9251038298446,528.0024965388377,NO
1564.904037757005,527.0007526449992,NO
1564.908138773422,525.9985590394898,NO
1564.9411843513105,524.997232204703,NO
1565.6624474855525,522.8435513490109,NO
1565.916126564473,521.9853133013739,NO
1566.4134454580226,520.0205742998611,NO
1566.2748526771666,518.9327199245015,NO
1566.2029048867369,518.0155459466456,NO
1566.2844011734198,517.0329013122442,NO
1566.394570150407,516.0471936850745,NO
1566.485019616479,515.0123632451649,NO
1566.612763316357,513.9400162794694,NO
1566.7700706490284,512.9585225455851,NO
1566.9090240480773,511.9880482569372,NO
1567.0757624126823,511.0186984917605,NO
1567.295174984046,510.07261493368253,NO
1567.525206427969,509.0,NO
1567.3370030840144,507.92760674251844,NO
1567.1810749403326,506.97692182175683,NO
1567.1342667997078,506.0031592189167,NO
1567.1594230678018,505.0046889136016,NO
1567.1932597036157,504.007578811963,NO
1567.236216763082,503.01157925343773,NO
1567.2702011180634,502.00423844918515,NO
1567.2976396790275,501.0122557506799,NO
1567.335658556676,500.01184677183784,NO
1567.3632139270512,499.0064096578387,NO
1567.387905277818,498.01293017505975,NO
1567.4132492551564,497.006482341677,NO
1567.4325802224553,496.0101783584978,NO
1567.456820044995,495.0116444325562,NO
1567.474341197134,494.00372032289823,NO
1567.4850139475323,493.0066570542013,NO
1567.4959498870926,492.0038898028096,NO
1567.5000000004902,491.0,NO
1567.5000000004902,490.0,NO
1567.5000000004902,489.0,NO
1567.5000000004902,488.0,NO
1567.5000000004902,487.0,NO
1567.5000000004902,486.0,NO
1567.5000000004902,485.0,NO
1567.5000000004902,484.0,NO
1567.5000000004902,483.0,NO
1567.5000000004902,482.0,NO
1567.5000000004902,481.0,NO
1567.5000000004902,480.0,NO
1567.5000000004902,479.0,NO
1567.5000000004902,478.0,NO
1567.5000000004902,477.0,NO
1567.5000000004902,476.0,NO
1567.529914404602,474.97603485109164,NO
1567.583022036578,473.9762894890317,NO
1567.6140987443775,472.9954599853506,NO
1567.6495371592655,471.9814460851022,NO
1567.6982567403743,470.9858003168631,NO
1567.7408893488312,469.9898387979176,NO
1567.7912748848737,468.9873127866738,NO
1567.8307713873714,467.99634997117437,NO
1567.8703166147664,466.99288012777845,NO
1567.9238571199714,465.9958196065332,NO
1567.9628795963692,464.99912657871045,NO
1568.0050473429706,464.0003067992894,NO
1568.0534156193194,463.0019899936203,NO
1568.0898907292913,462.0031726137739,NO
1568.1321127901074,461.0067351621037,NO
1568.1692178940943,460.0036497976416,NO
1568.2036083184921,459.0099808002239,NO
1568.2491354725616,458.01074702046515,NO
1568.2809361627012,457.00495769722284,NO
1568.309268819621,456.0127345976139,NO
1568.3423084716358,455.0080543172348,NO
1568.3677146342702,454.0100941273335,NO
1568.3983591619485,453.01405973423664,NO
1568.4267422547127,452.00836749540866,NO
1568.451552045669,451.01416633813983,NO
1568.4802083161467,450.01224060417564,NO
1568.5941038666933,448.94452353810397,NO
1568.777847839866,447.9383947791802,NO
1569.9997442352053,445.999774899113,NO
1570.9860355357316,444.9857741687151,NO
1571.887800620127,443.9367555378699,NO
1572.4458230922621,442.7078568209266,NO
1572.7683940167585,441.9383892871477,NO
1572.7454602128078,441.0882518066232,NO
1572.5958484487862,440.70468152730297,NO
1572.0095224450938,439.9912343051572,NO
1571.5182207390164,439.52504107096036,NO
1570.9620986897744,439.06192872393586,NO
1569.7665331785593,437.02472001587336,NO
1569.697391914143,436.0017800475075,NO
1569.7615594130789,434.9753822398511,NO
1571.0001075151379,433.0001265724729,NO
1571.4941058337097,432.4397535641914,NO
1572.0124057455087,432.01163975340404,NO
1572.6015283483646,431.3133710439939,NO
1572.808156564355,430.929500741071,NO
1572.9752915792333,429.9985465634789,NO
1573.0438552307205,429.0034201017786,NO
1573.721243287406,426.9012422039547,NO
1573.9218174574874,425.98543658547385,NO
1574.0432925338391,425.00347034334527,NO
1574.735901334199,422.9302272114018,NO
1574.8510505743031,422.0014602885008,NO
1574.7896523792078,421.02722145509796,NO
1574.6710833407715,420.04579036082856,NO
1574.5703575963546,419.0084243610755,NO
1574.636272802808,417.9572085664808,NO
1574.7318477262468,416.9684526747411,NO
1574.6407225727341,416.104872316305,NO
1573.945245910966,414.0101923190936,NO
1573.683180626901,413.1628593991122,NO
1572.7134379823917,411.16451546078036,NO
1571.9358952605505,410.0383355890567,NO
1571.4526668915407,409.33662272392274,NO
1570.847836292757,407.0071606452136,NO
1570.838830900331,405.9949437147157,NO
1571.6502756354737,403.7290531462004,NO
1572.513970658478,402.66339714662337,NO
1572.948316416311,401.9691174610127,NO
1573.5310949008444,400.79357623965126,NO
1573.6466689091958,400.06894265225674,NO
1573.3681789809839,399.2736375829604,NO
1573.1832307568557,398.0329157048742,NO
1573.3198636984641,397.06961739112916,NO
1573.4902687150059,396.00769049014497,NO
1573.5000000004902,395.0,NO
1573.5000000004902,394.0,NO
1573.5000000004902,393.0,NO
1573.5672394931346,391.9584210468888,NO
1573.7509768642615,390.9458008485359,NO
1573.945796576836,389.9870336907601,NO
1574.1422738033398,389.0348710304016,NO
1574.3407329951285,388.05344831427135,NO
1574.469192816085,387.0174797320073,NO
1574.6013898826154,385.9403654130503,NO
1574.742668743123,384.9586251731587,NO
1574.8231814488754,383.99410604869126,NO
1574.8829303178404,382.9908180641272,NO
1574.9911761255391,381.99875427660453,NO
1575.1269403375495,381.0201611129075,NO
1575.2720062973012,380.04032730315885,NO
1575.4237140819287,379.0551528630894,NO
1575.5386064578327,377.99720931319064,NO
1575.5322358615915,377.0202974565265,NO
1575.5043483750392,376.00536103038706,NO
1575.4897538367434,374.99135728482605,NO
1575.391265833083,373.9516671615883,NO
1575.159790251362,372.95425612579044,NO
1574.9297077106044,372.0250846985679,NO
1574.6742977466479,371.06386318547715,NO
1574.5120804111834,370.00956705101066,NO
1574.5611769806815,368.9621407602501,NO
1574.7831971401051,367.9426548989303,NO
1575.0232166962148,367.0105274088346,NO
1575.301679042069,365.97196040230426,NO
1574.934257436613,365.077752230966,NO
1573.5390140355967,363.05018798950886,NO
1573.3191840143934,361.94555096429406,NO
1573.1002253770118,360.9718975921312,NO
1572.8810698636744,360.0384773957317,NO
1572.63394408966,359.06029156183314,NO
1572.5034456533622,358.0029209078289,NO
1572.4645545264925,356.9744950452781,NO
1572.3129111508938,355.944166831817,NO
1572.0943533924583,354.97354405044194,NO
1571.8757292841308,354.0399615631835,NO
1571.6285351227289,353.06118245050607,NO
1571.5000000004902,352.0,NO
1571.5000000004902,351.0,NO
1571.4856971872427,349.9876194834234,NO
1571.435845460108,348.9726528336714,NO
1571.3436487685797,347.9636136605547,NO
1571.2213816499186,346.9696142839321,NO
1571.0855662524234,345.98708117405323,NO
1570.9431171094343,345.00903434165485,NO
1570.798048154818,344.03207470557584,NO
1570.6553953851976,343.0486500610088,NO
1570.537260322707,342.02721998111883,NO
1570.5000000004902,341.0,NO
1570.5000000004902,340.0,NO
1570.5000000004902,339.0,NO
1570.4856971872427,337.9876194834234,NO
1570.435845460108,336.9726528336714,NO
1570.3439562609456,335.96358110254016,NO
1570.2264893191152,334.97068961936793,NO
1570.0923999557963,333.98604941887,NO
1569.9471810590194,333.0088031568301,NO
1569.7994566944856,332.0310645507009,NO
1569.6588580189004,331.0481612186264,NO
1569.5399935914716,330.02886314741727,NO
1569.5000000004902,329.0,NO
1569.5000000004902,328.0,NO
1569.5000000004902,327.0,NO
1569.4989676780774,325.9990216320548,NO
1569.4681495042819,324.9770514942034,NO
1569.375434948774,323.958039623273,NO
1569.2563454638478,322.9668258832336,NO
1569.1253390184704,321.98181355410134,NO
1568.9890050160495,321.00166002693726,NO
1568.862269585251,320.01593351858116,NO
1568.7658310621605,319.01744788221924,NO
1568.7622964225768,317.9836870097406,NO
1568.855541447792,316.9827216239946,NO
1568.932196539499,315.9969421968288,NO
1568.9773449734662,314.99897830270805,NO
1569.0103292782571,314.00022278835,NO
1569.0009071664103,312.999966203605,NO
1568.8690244184415,312.03654512084137,NO
1568.5662798408418,311.2588139560491,NO
1567.5501120974589,309.05351489081625,NO
1567.2602252250203,307.9382602886092,NO
1567.0015033604611,306.99938391697066,NO
1566.7440356431814,306.06725337786173,NO
1566.5160998882852,305.0215385806187,NO
1566.3434251136166,303.9387221833672,NO
1566.1042388416556,302.9652537183566,NO
1565.9283315124812,302.00786948081605,NO
1565.911286215829,300.99153860642696,NO
1565.9587192086942,299.9963742797541,NO
1565.8735011323545,299.021032341297,NO
1565.7048630393858,298.23694095419177,NO
1564.5556149124914,296.03952041390613,NO
1564.3994238119399,294.95300896488754,NO
1564.1960394506918,293.95118233200515,NO
1564.0012779231051,292.9997018179434,NO
1563.8084839694832,292.043936030427,NO
1563.6058811639077,291.06732699150774,NO
1563.3513024281813,289.94507661108565,NO
1563.1335527722808,288.96412405937247,NO
1562.9107330024185,288.030455798282,NO
1562.657297804962,287.06935236716214,NO
1562.3879321855454,285.94697878756733,NO
1562.1479824507921,284.95589542552824,NO
1561.9174278425778,284.029790737548,NO
1561.6558749038163,283.06477649071917,NO
1561.5035077088369,282.0029205427967,NO
1561.4758991907763,280.9813372864971,NO
1561.3556480843467,279.9483961600795,NO
1561.1555597949787,278.96217761757765,NO
1560.9445324935755,278.01620521268154,NO
1560.7254968493346,277.05974480160717,NO
1560.5420299790785,276.02873537407623,NO
1560.4978877936458,274.99804749890575,NO
1560.450625858426,273.96907469665024,NO
1560.2902560292584,272.9453635692544,NO
1560.0812834660676,271.9783244083801,NO
1559.8705211000138,271.037320386788,NO
1559.6446107049412,270.0585347075477,NO
1559.5117941691256,269.0095726636001,NO
1559.4899800804453,267.99135329228994,NO
1559.4216746502925,266.95948615866155,NO
1559.346891412928,265.9768739068409,NO
1559.3276889697356,264.9922814158049,NO
1561.777596617351,262.8021942142288,NO
1562.823825989084,261.8432927300006,NO
1562.979726635183,260.99312619806915,NO
1562.90180601264,260.0994291307026,NO
1562.0028345820908,260.009032868816,NO
1561.0884014789008,260.2091035016822,NO
1557.8197668321907,261.11669772773945,NO
1556.7559471066604,259.08396203275964,NO
1555.9106445914297,257.0406479509898,NO
1555.0953698131405,254.9633480707261,NO
1555.571265779816,252.68923964110147,NO
1555.8571618545861,251.97950446116852,NO
1555.7843612050497,251.0774578422871,NO
1555.652705232919,250.67219692717708,NO
1554.853290630072,249.06042911135248,NO
1554.6495271453791,248.65798798990056,NO
1554.0076631598938,246.99952583243103,NO
1553.9068051016657,246.01761485974967,NO
1553.5854492321741,245.33120953674626,NO
1552.6720856817442,244.55459917644177,NO
1551.9519692730323,244.14667100811516,NO
1550.6928513948578,243.31131332571783,NO
1549.833045666577,242.12390827687946,NO
1548.9135733334242,241.0908290928651,NO
1547.8816546760434,240.14032374376384,NO
1546.8466977319815,239.163110194368,NO
1545.7676635931662,238.29358501446953,NO
1543.95018596868,237.07554035415095,NO
1542.8816569888088,236.14032100148464,NO
1541.8472420775574,235.1620801742357,NO
1540.7691702779584,234.2924924974264,NO
1538.9526787621714,233.0711754816386,NO
1537.8850927509409,232.13769058117344,NO
1536.8484010874636,231.16215593766051,NO
1535.7691702779584,230.2924924974264,NO
1533.9526787621714,229.0711754816386,NO
1532.8850927509409,228.13769058117344,NO
1531.8484010874636,227.16215593766051,NO
1530.7691702779584,226.2924924974264,NO
1528.9526787621714,225.0711754816386,NO
1527.8850951859736,224.13768766333249,NO
1526.8489629214914,223.16110621444332,NO
1525.7731469597713,222.2852430399974,NO
1523.9533400473656,221.07075735999004,NO
1522.887630208244,220.09476970220163,NO
1521.7185397560443,218.0760553312163,NO
1520.9963853308557,216.00176480915576,NO
1520.705472290433,215.0773536549317,NO
1519.981447033914,213.00887632104622,NO
1519.6837340760164,212.07709965397922,NO
1518.9676351818503,210.01523050278416,NO
1518.6626444053495,209.07691707413665,NO
1517.9558631459622,207.0203375688335,NO
1517.6449481973095,206.07874132511182,NO
1516.9371322910608,204.02798229364907,NO
1516.6213069071864,203.07573861741176,NO
1515.9224219922985,201.0342255910384,NO
1515.5947292004605,200.07511129266584,NO
1514.9020903365079,198.04165960061147,NO
1514.5663441503577,197.07390849017253,NO
1513.8806728100526,195.04906584343527,NO
1513.3786168833012,194.28748130627147,NO
1512.843100129112,193.1665015291268,NO
1511.7888114627065,192.2461013922677,NO
1510.5968177038935,191.521516732686,NO
1509.986628307,191.01879605817203,NO
1508.9308054871963,190.09096828424248,NO
1507.8821698889471,189.13501711052012,NO
1506.859457875995,188.14466469611736,NO
1505.8383418774686,187.17457233751537,NO
1504.765454370415,186.27820046581968,NO
1504.0351019793982,185.9514477319002,NO
1502.976366346143,185.03304266294597,NO
1501.9204427850118,184.10348419249365,NO
1500.873389785642,183.1409500506628,NO
1499.8549930698,182.14810454028904,NO
1498.833263226916,181.1508989812445,NO
1497.9017968716507,180.0504529850022,NO
1497.0317050373426,178.97423082529858,NO
1496.4808121226667,178.50832622166214,NO
1496.0388990058882,177.95804748793657,NO
1494.939697622241,177.14603347305834,NO
1494.0684722044311,176.86777781152088,NO
1493.0086143077692,175.98985492676078,NO
1491.915739605905,175.20857048056246,NO
1489.9419016556535,174.12493964974365,NO
1488.4612866849056,173.21079599102708,NO
1486.884458063584,172.12065582911978,NO
1485.831932877592,171.1951190237195,NO
1485.062775380058,170.89624443288545,NO
1483.9924641925795,170.00950730977408,NO
1482.9765439304147,169.02132682105395,NO
1481.8402444033525,167.02167873368214,NO
1481.0570272350285,164.9722000731856,NO
1480.8353282918745,164.01621120505285,NO
1480.6628216529082,163.08703906009825,NO
1479.997653058167,162.002037681494,NO
1478.7516865919945,160.1015396233803,NO
1477.997907729207,159.0018730209592,NO
1477.0382631176387,157.9671359720453,NO
1476.500102889299,157.41785292455674,NO
1475.834309156805,156.10299701566328,NO
1474.9803849604514,155.01562239201903,NO
1474.42519296537,154.42202201711876,NO
1473.7744555010363,153.14641552284192,NO
1472.9466700317046,152.0283465607462,NO
1472.4600304828937,151.3014644482477,NO
1471.850246820778,150.08330020479312,NO
1470.7949529390883,148.11092709875385,NO
1469.7176664465426,146.14310056896613,NO
1468.6227223137228,144.19069672321413,NO
1467.931265322266,143.0352851632417,NO
1467.4220931489624,142.26968985874927,NO
1466.8558678714978,141.1407407855736,NO
1465.0,140.5000000004902,NO
1464.0,140.5000000004902,NO
1462.9970790464847,140.49656211331202,NO
1461.9389101920096,140.37537110100826,NO
1460.9599017058943,140.22228400630723,NO
1459.9939992688335,140.1275155343144,NO
1458.9968226770452,140.085286038949,NO
1457.9996246134313,140.06381571870958,NO
1457.0022280082396,140.0757522826896,NO
1456.0402466016483,140.1905857548589,NO
1454.912111503173,140.8271601504749,NO
1453.0576343369898,141.21441739531897,NO
1450.9816290542153,141.92680326359172,NO
1450.0142623651584,142.0982946783551,NO
1449.0070494332488,142.19973395470586,NO
1448.0035623669787,142.22710088019375,NO
1446.9986336061747,142.23228695764442,NO
1445.9965275541028,142.22136841161063,NO
1444.9971626500621,142.20672120915552,NO
1443.9969884349482,142.19198725962556,NO
1442.9972322670585,142.17644296360373,NO
1442.0013548075,142.17273796631642,NO
1441.0934557535911,142.3066833170394,NO
1438.9987365101217,142.96705206959342,NO
1438.0001343013892,143.00380520626672,NO
1437.0007811095995,143.0331971569254,NO
1436.0013362858626,143.0567921473612,NO
1435.002637853836,143.08408159427216,NO
1434.0033555673824,143.11408929483017,NO
1432.998099682089,143.12114525898204,NO
1431.995426036022,143.08331148567694,NO
1431.0052540508525,142.9695503867703,NO
1430.048415144743,142.80403393364764,NO
1429.0471517222306,142.60578068648203,NO
1428.0095804646817,142.51139631398036,NO
1426.9427794996916,142.3839796877368,NO
1425.9581835951246,142.12256532822772,NO
1425.0344669316723,141.89410761760172,NO
1424.055889016621,141.64810619990396,NO
1422.973427246822,141.5518662768421,NO
1420.834991621996,140.0690379868742,NO
1420.0340221153926,138.97219748142632,NO
1419.5003651503741,138.59108585947035,NO
1418.965663168935,138.20625142871071,NO
1418.0447915216685,138.22148294591068,NO
1416.0046016566146,139.03290881718053,NO
1415.0057065215467,139.10394021255635,NO
1414.0943908876159,139.26704258241767,NO
1412.0002806470086,140.01353787650987,NO
1411.0,140.021568627451,NO
1409.9997996474854,140.01459711173513,NO
1409.0005038052127,139.98948306592132,NO
1407.2820310166378,139.4070552484377,NO
1406.9245290661452,139.2195960791985,NO
1405.9937630453226,139.04123320033347,NO
1404.276173055755,138.3352120203528,NO
1403.9502573347593,138.23025213219537,NO
1402.987578922077,138.09895458737822,NO
1401.9980253363772,138.08006363247918,NO
1401.007589039488,138.07112864298347,NO
1400.0893016639918,138.22810195229013,NO
1398.0056425239318,139.07263856803684,NO
1397.0300850505887,139.1826592353236,NO
1394.964639880621,139.87748465679928,NO
1394.0007285512831,140.01640049871534,NO
1393.002217492047,140.05654604677696,NO
1392.003331479136,140.09439191483386,NO
1391.0278352645119,140.1796960145613,NO
1388.9653149737833,140.88527260778886,NO
1388.0028745938266,141.04117551822566,NO
1387.0699582881987,141.20536143728478,NO
1386.6989099717082,141.35265644768347,NO
1385.0107940079504,142.04650120127,NO
1384.1578611424447,142.31616199992737,NO
1382.0476770035566,143.13771716655154,NO
1381.2163476065268,143.49988392202516,NO
1379.9914579486258,143.89603698631504,NO
1379.0081298162133,144.03361028004068,NO
1378.1404782289678,144.2795156496587,NO
1376.1006384916948,145.23990325090335,NO
1374.0004463554726,146.0047783528052,NO
1373.0353023953592,146.15032522088177,NO
1372.2655664219992,146.51394912206837,NO
1370.174824581031,147.33953534078506,NO
1368.0663274662538,148.178242831006,NO
1367.6733290815027,148.33782922283075,NO
1366.0015542701858,149.01459851957554,NO
1365.0571345651742,149.1816133184487,NO
1362.9931914580907,149.925554951455,NO
1361.9996374497612,149.9938366459645,NO
1361.0016702502303,150.0425913805572,NO
1360.001916087481,150.075169585561,NO
1359.0015102797126,150.09628032544202,NO
1358.0519895774694,150.21160671084843,NO
1357.235692803497,150.54792889759295,NO
1356.9076385886476,150.75815519213043,NO
1355.0946092625347,151.22189285567214,NO
1352.9999332869952,151.99904440672012,NO
1352.0032291357704,152.06099478743374,NO
1351.0062866558007,152.11450694347576,NO
1350.0092677884884,152.16880614530717,NO
1349.0704870385011,152.3245340755735,NO
1347.0155395968968,153.1048651161341,NO
1346.0771785291831,153.28868054978855,NO
1344.178882451792,154.3157020988905,NO
1341.99934676742,154.99145772829226,NO
1341.0446316154953,155.14642302637972,NO
1340.2100506134439,155.48020803203832,NO
1338.01179355234,156.06200733657923,NO
1337.093197158675,156.27012383316105,NO
1334.999666783915,156.99678959128607,NO
1334.0656936865723,157.17615209811922,NO
1332.0030032459704,158.0262457584433,NO
1331.0814612834026,158.21151763760838,NO
1330.7184280265758,158.43685605315179,NO
1329.0004398251754,159.00840646992893,NO
1328.0039193992961,159.06448043776572,NO
1327.0719069893312,159.22006434318814,NO
1326.715898914605,159.35963070489535,NO
1324.9982704918646,159.97778247163393,NO
1324.002395871756,160.04072981970177,NO
1323.0063135779205,160.10062264735765,NO
1322.0511638374237,160.24020075215176,NO
1321.7341609140722,160.3729161286451,NO
1320.0306207309484,161.09972588208143,NO
1319.2305612043224,161.43361227051872,NO
1317.087829000731,162.21606417377674,NO
1315.0294299860568,163.12622813563274,NO
1314.2406720658294,163.480625700648,NO
1312.0738109381853,164.1830106746159,NO
1311.6860799625954,164.39957265249015,NO
1310.9722362498048,164.96334106741077,NO
1310.20713886941,165.35843149242655,NO
1308.0053598390275,166.0719346793093,NO
1307.07502294457,166.23163648789708,NO
1306.734670339681,166.3703893433461,NO
1305.0115243818475,167.05150276981126,NO
1304.1099797062554,167.27913157990298,NO
1302.0023409615367,168.03161858684382,NO
1301.0073051098343,168.10348905688707,NO
1300.0971319394569,168.27142476708428,NO
1298.0018721816969,169.03340366348297,NO
1297.0047341163422,169.0894221985401,NO
1296.077469425833,169.24199212500875,NO
1295.7397215601359,169.40102589725626,NO
1293.9994937837096,169.99387051376,NO
1293.0045210619621,170.065878332853,NO
1292.0298442389574,170.1729609322227,NO
1291.1159642349492,170.37657642766632,NO
1288.9970967825705,170.95313377545406,NO
1288.0005462475126,171.01031800868236,NO
1287.0015107674822,171.05136609611975,NO
1285.9993960162205,171.06160634492372,NO
1284.9987676258618,171.04190072210673,NO
1283.9996245984264,171.01276365393295,NO
1283.0024542247518,170.97236831519132,NO
1280.9505677738705,170.34757034978193,NO
1280.051294671773,170.3512314377323,NO
1278.0015485167646,171.01359569318709,NO
1277.0039720841808,171.07502825755614,NO
1276.0411133860807,171.19853148265443,NO
1274.9080215722968,171.80763650938977,NO
1273.08899547479,172.22964924575038,NO
1271.0017540690314,173.03129628483973,NO
1270.0031672727578,173.08076545472315,NO
1269.0743195857553,173.22900508817642,NO
1268.72939581446,173.39329506714407,NO
1267.1882661329548,174.30053491813987,NO
1266.0881679764425,175.12032335263436,NO
1264.0775811190113,176.1860718613483,NO
1263.7079399620811,176.4208022611104,NO
1261.9990249394832,176.97581374217805,NO
1261.0008036598172,177.01863029562426,NO
1260.0180789349029,177.11383032819893,NO
1259.0824066297578,177.2924506143511,NO
1256.9925206011471,177.8166635083855,NO
1255.994592822598,177.8548599720383,NO
1254.9949001454977,177.8999643962416,NO
1253.9982633516324,177.98472947159513,NO
1253.0491540210091,178.15510086355695,NO
1252.2206514650293,178.52927505943822,NO
1250.0771386310942,179.20240650017564,NO
1249.7293807785368,179.39528295061663,NO
1248.0232457167954,180.0658747860754,NO
1247.182556764833,180.3845999194258,NO
1245.0173286988868,181.06032954565805,NO
1244.173668116807,181.34002388706256,NO
1242.0765377761156,182.2109344736032,NO
1241.7406610488301,182.38312579111405,NO
1239.9948510884599,182.95132821259074,NO
1239.037302688463,183.1190375949324,NO
1238.2011053779886,183.44006588425518,NO
1236.0000153406822,184.00020060890995,NO
1235.0179063595272,184.11136882870517,NO
1234.091297475239,184.30043990072926,NO
1231.9938648595173,184.92571306006502,NO
1231.000230770151,185.0030177633377,NO
1230.0539823428096,185.16444126191996,NO
1227.9956276692594,185.95899908890468,NO
1227.018249942417,186.093074708447,NO
1226.1167000444352,186.30612622247983,NO
1224.0264729746666,187.0941149526345,NO
1223.1864299823294,187.4002603417453,NO
1221.1565024837082,188.31504807629182,NO
1219.004095020995,189.02153052259524,NO
1218.0952056896347,189.23114108542754,NO
1216.0644361920833,190.14498143100565,NO
1215.6625122905114,190.3990192021894,NO
1214.0660890953093,191.1553522902807,NO
1213.6747655126394,191.38486289471956,NO
1212.0031369988399,192.0309740556513,NO
1211.0723099957281,192.2057710380288,NO
1210.7087153809675,192.33353325275948,NO
1208.9969527365524,192.96531597855184,NO
1208.0168347500583,193.08546165324165,NO
1207.1683145312288,193.34772143820084,NO
1205.0555244811285,194.15084969889105,NO
1202.9954226707623,194.94539900219854,NO
1202.0101926306486,195.0618838288039,NO
1201.0855364767017,195.25173709900318,NO
1198.9942463947157,195.9461931354081,NO
1198.0160945222387,196.08375720302945,NO
1197.1009164923842,196.29072808902478,NO
1195.0063718480462,197.02757164068268,NO
1194.1476936263828,197.29258548764045,NO
1192.057008360339,198.14751316020238,NO
1190.0076956639996,199.03886503730658,NO
1189.074842417737,199.23708472405204,NO
1186.9886715298799,199.85214139743093,NO
1185.9959441971268,199.97537548260848,NO
1185.0740997752876,200.17861945862808,NO
1184.7018999365453,200.39863053846915,NO
1183.0774559764475,201.17025163724247,NO
1181.1593813541056,202.286572395089,NO
1179.0366932409938,203.11247796944093,NO
1178.2185215413351,203.4461735086111,NO
1176.1786395805243,204.37440898587104,NO
1174.0342898994486,205.0978516594568,NO
1173.217602220415,205.44062942214757,NO
1171.2339384146774,206.3999592019302,NO
1170.043211184211,207.08723005264395,NO
1169.325119662365,207.55431628878628,NO
1168.0438022332226,208.11434419486216,NO
1165.9967350400493,208.97219154733804,NO
1165.0045847083343,209.05995387477202,NO
1164.0670344307039,209.2155343119782,NO
1161.994152685005,209.92164597567296,NO
1160.9992713812178,209.989382983234,NO
1160.0030555748917,210.05194477296544,NO
1159.0042046051299,210.1021118456128,NO
1158.0306790198917,210.1983333828326,NO
1157.2248744301996,210.50853954442533,NO
1155.2617285656559,211.44678918665153,NO
1154.0371335759876,212.0883176988711,NO
1153.2692892285331,212.4902074695905,NO
1151.2426716839116,213.44297212978836,NO
1149.239568135469,214.44600452212845,NO
1147.1974173936867,215.3786015498033,NO
1145.0580470784555,216.15367377083012,NO
1143.9272012260392,216.82897141041377,NO
1142.2031128754345,217.42281805093566,NO
1140.1607005533126,218.29548166448248,NO
1138.0667084558054,219.15750126113517,NO
1137.6557406658371,219.36230512539623,NO
1136.0758792610325,220.18456573042036,NO
1135.7303437694266,220.4182786644529,NO
1134.0458260558012,221.10816809894612,NO
1133.2630583985838,221.53274853816737,NO
1131.0645247626744,222.2265536133517,NO
1128.9854665198877,222.9054848889315,NO
1128.0432602627138,223.1105004504198,NO
1127.292569638714,223.5216718006049,NO
1126.0507548471098,224.10830170916293,NO
1124.937700216808,224.86827612497288,NO
1124.0524662805062,225.1350856038279,NO
1121.9989423246427,225.99084880857183,NO
1121.0251380304737,226.12356206418843,NO
1120.177443452267,226.4025748428199,NO
1118.0029160821061,227.03233047552385,NO
1117.0704098601407,227.20320820784426,NO
1116.7001722185687,227.35162242771102,NO
1114.9990621876475,227.98743331393288,NO
1114.0116058748981,228.08578255280918,NO
1113.1016926819696,228.27472201023414,NO
1111.186311185489,229.31990996179883,NO
1109.232742316482,230.4092237744399,NO
1107.1576331084354,231.30379427105441,NO
1105.0715972360274,232.17006692827192,NO
1104.671540336148,232.38922793229875,NO
1103.0181103789694,233.08729031163267,NO
1102.1077479438563,233.3109687553172,NO
1099.9993783112209,233.99269877102196,NO
1099.0261649242213,234.12148000809134,NO
1098.2322815011964,234.44140103442112,NO
1096.2203133696469,235.37252987770862,NO
1094.2391619713378,236.42787058681265,NO
1092.118237355556,237.31015887943784,NO
1090.0427911986199,238.11398583257724,NO
1089.390887026804,238.5129862359902,NO
1088.2311716084325,239.32656031081373,NO
1087.0394397153732,240.08859072042347,NO
1086.2383127821397,240.49879421280048,NO
1084.039235223754,241.14418148163617,NO
1083.3071762495551,241.55675698429764,NO
1082.0712855251406,242.12806706727375,NO
1080.1365381277492,243.2541709740229,NO
1078.193739544701,244.3404828502078,NO
1077.0324573960693,245.0624749439979,NO
1076.3217352426673,245.48844553867198,NO
1075.2349183791853,246.30508879221426,NO
1074.0774163596234,247.12554432046338,NO
1072.0085189589117,248.0948319295809,NO
1071.0351414263573,248.20839682728172,NO
1068.9656578023182,248.87524416813,NO
1068.0274699940085,249.08976111096513,NO
1067.1981380029447,249.40623827028432,NO
1065.0556348847138,250.16620262847954,NO
1062.9840716692142,250.88759794836326,NO
1062.0324030280728,251.08709484232097,NO
1061.2279664314613,251.44057122729401,NO
1059.1865124222509,252.360721929027,NO
1057.046244026079,253.13668328881514,NO
1056.2180490173646,253.49715178483012,NO
1054.990670614421,253.92199379321818,NO
1054.0254594724945,254.08822864156636,NO
1053.1522500663393,254.36130986258715,NO
1051.0405962752081,255.10337630768635,NO
1050.227360145668,255.49396696481958,NO
1048.0517371897204,256.16319783992054,NO
1045.9922777426643,256.97632012078384,NO
1045.1238843938975,257.23894165435985,NO
1043.1358222018434,258.256627205945,NO
1041.0027041356016,259.02758218292877,NO
1040.0687345697145,259.20219975572695,NO
1039.7001815831673,259.3583325702327,NO
1038.0527514362805,260.1217129472344,NO
1036.9374091988652,260.86830168260946,NO
1035.652832495046,261.34906092546265,NO
1034.0424906771987,262.10999015442303,NO
1033.2987013629531,262.52944421600426,NO
1032.0527133434578,263.11219135330316,NO
1031.3530607796606,263.59340297962774,NO
1030.1481039433872,264.2417168127858,NO
1028.2138561561123,265.42363331605657,NO
1026.01279920729,266.09460283562635,NO
1025.0462413591356,266.24441862210494,NO
1022.9784222926515,266.9445749075328,NO
1022.1285012465653,267.22206170511674,NO
1020.2319316493453,268.4046107037763,NO
1018.2174215124818,269.45438654857116,NO
1016.1821420339709,270.3465369021619,NO
1014.0406679398756,271.12385838080013,NO
1013.1984290928823,271.4613629822338,NO
1011.988333736518,271.88917049609097,NO
1011.0016658958777,272.01089239578283,NO
1010.0592256983871,272.19248351375603,NO
1007.9890849042583,272.92070503961884,NO
1007.0448211217071,273.11709677526954,NO
1006.2887399257845,273.5212718236226,NO
1005.041858203208,274.0973776958169,NO
1004.2911813130218,274.52693669313913,NO
1003.0401667269451,275.09644310906265,NO
1002.2534471301091,275.49839883053016,NO
1000.2652212430354,276.3788875176173,NO
999.1565643841894,277.21745052561096,NO
997.0784634089531,278.2030296143594,NO
996.7320836961112,278.41830786912647,NO
995.0396755344958,279.097463816682,NO
994.2736023944383,279.5066437919548,NO
992.2426612542876,280.4549089576976,NO
990.1829668382569,281.37545798528834,NO
988.025669695658,282.1006033596666,NO
987.2103285903653,282.4243257086458,NO
985.0693255582439,283.1886395761994,NO
984.6894204000366,283.33557120468674,NO
982.9987010868276,283.9860435924561,NO
982.0033983979301,284.05976493082414,NO
981.0554680417004,284.2013446196443,NO
979.9126735921008,284.78519710858575,NO
978.1556126637519,285.2852232023421,NO
976.1904023947452,286.3286132885041,NO
975.0412961645915,287.0760141808049,NO
974.2597340802679,287.5100100684782,NO
972.1698178374133,288.3474592614256,NO
970.074317364357,289.17468410669284,NO
969.7023996769134,289.4181746369916,NO
968.086290612131,290.18372880934044,NO
966.9832602652008,290.97606586230773,NO
966.231597380312,291.3909272548358,NO
965.0379867637761,292.081267523324,NO
964.2752980229435,292.50080810792286,NO
963.0456455987555,293.097120638453,NO
962.3985334357536,293.5546410102577,NO
961.1879132078114,294.3053042092286,NO
959.0973233875474,295.2552653455454,NO
957.0358089731551,296.09474031504124,NO
956.2509566249519,296.4782380899252,NO
955.033027371178,297.0738791803724,NO
954.2679059283336,297.47999809634155,NO
953.0410249689531,298.09148567589494,NO
952.2793918540008,298.52366886577903,NO
950.1631862916753,299.3520423519097,NO
948.0523315361334,300.1401037417113,NO
946.9189877880467,300.79998679804635,NO
946.0294743392279,301.06806445292784,NO
945.2647430840578,301.4605989375445,NO
943.6204311577183,302.3936507864511,NO
942.9779684748365,302.9724435410537,NO
942.2220415231908,303.393442009988,NO
940.2369893245949,304.4334571611259,NO
939.0331827904575,305.0729040601705,NO
938.2640002428222,305.47824126581065,NO
937.0378431780202,306.0864986910098,NO
936.2684868500731,306.5027761765688,NO
934.2401517544837,307.4483684209613,NO
932.2294654139206,308.4315410564465,NO
930.0699417711783,309.1790431373838,NO
929.6798455351369,309.3335757372752,NO
928.0281970835898,310.0828344225546,NO
927.1812516004361,310.4057085265416,NO
925.0788003337233,311.1742810297682,NO
923.2251120253604,312.3456525555595,NO
922.1511511310374,313.191578775434,NO
921.0530181298292,314.0777467384668,NO
919.1920120291734,315.3175039057499,NO
918.0551320930251,316.0879951455974,NO
916.9733672047503,316.96632104709073,NO
916.2255929298598,317.3807568298416,NO
915.0340647878065,318.07487423550833,NO
914.2591013150608,318.4780211437991,NO
912.3031072029951,319.44816077395836,NO
911.1938376596321,320.2195025686971,NO
910.1493178154803,321.1929939583099,NO
908.1512649624237,322.2897996927943,NO
906.201655841803,323.3457647946616,NO
905.0358979107153,324.0696371518457,NO
904.3625183388436,324.5091735251464,NO
903.1585792052832,325.26999317881655,NO
901.056897943633,326.1374534578296,NO
900.3776532721538,326.5921230295814,NO
899.1203887491432,327.22540254438906,NO
897.0532830967369,328.1466852327679,NO
895.9190442019817,328.7979545127755,NO
895.0360945417336,329.07383723686314,NO
894.3482583543888,329.5067759501796,NO
893.1482316623008,330.2443998649835,NO
891.2248787086467,331.40276782242927,NO
889.2785556219114,332.4443933783543,NO
888.1177984940264,333.18218227620383,NO
886.17224663634,334.32221262170384,NO
884.2010822580653,335.3647422723875,NO
882.2642219995502,336.435300989226,NO
881.0519669121077,337.10954526947467,NO
880.3622164165108,337.62231862889655,NO
879.1343007232219,338.2232336264047,NO
877.2086248326714,339.3714037117322,NO
875.2421042592562,340.4395123563152,NO
874.0458243025031,341.0876811358382,NO
873.4631081821473,341.57266064873505,NO
872.2764897044665,342.36922536620074,NO
871.149562048881,343.2243430652859,NO
869.1268817406491,344.2784539743927,NO
867.1470927928732,345.25178045642593,NO
866.0222326087292,346.0389967145856,NO
865.2644009621047,346.4623695211919,NO
864.0381206902615,347.0894709254725,NO
863.2469175533919,347.5008498071683,NO
861.1961593693541,348.37336860770813,NO
859.1914957868718,349.35260308015637,NO
857.2033525219185,350.38376270484474,NO
855.2528034979333,351.41574795942313,NO
854.0530410070593,352.1063188056724,NO
853.3686031363113,352.6318911281937,NO
852.1252320857232,353.21987753338016,NO
850.1280416018309,354.2715018357076,NO
848.0141437929611,355.0523644256666,NO
847.1138367708547,355.2995330157261,NO
845.0440889964729,356.0952037174747,NO
844.305787403218,356.5390685183789,NO
843.0907070975649,357.16516508360934,NO
841.0678838707414,358.16854543744546,NO
840.6942284783989,358.2911659971916,NO
839.0162591679689,359.04040817325483,NO
838.2420550693497,359.3898835636138,NO
837.060097314374,360.10953018191833,NO
835.1652742788008,361.306352069228,NO
833.1651066720897,362.3028993981538,NO
831.1801340905789,363.3477006704535,NO
829.1606407898811,364.31347550248597,NO
827.1513392064562,365.29767228438936,NO
825.0385028349094,366.12688734559333,NO
822.9770364557559,366.90122667288165,NO
822.0553602123421,367.1288942298024,NO
820.931504114378,367.84029548925287,NO
820.0465077299539,368.1055502917711,NO
819.3077547862226,368.5730020098924,NO
818.0416493425805,369.10105269257855,NO
817.3067544939657,369.52485615917794,NO
816.0534916209518,370.1202896153138,NO
814.9324888497111,370.85383508224453,NO
814.054476161063,371.12032356444473,NO
812.9390304522111,371.8744417093829,NO
811.6827781123427,372.3963117803109,NO
810.1230450970818,373.23381563017534,NO
808.0737369019898,374.17143365646245,NO
807.7056646987506,374.39421684964543,NO
806.1158889664141,375.2148319146373,NO
804.2115839507903,376.34711468558584,NO
802.1756749352223,377.3850953276798,NO
800.251028369163,378.37654256723147,NO
799.1031646649853,379.1695796880535,NO
797.1287712103865,380.2521103846238,NO
795.054427178548,381.1289505435314,NO
793.9323842274136,381.8534168973057,NO
793.0462752558938,382.11456252802924,NO
792.2344123903163,382.5444658334493,NO
790.0567424996207,383.17852207417656,NO
787.9847936548205,383.8625899316694,NO
786.9991003870989,383.9944722582005,NO
786.0701368991321,384.19060733970633,NO
785.7105930084907,384.3511384570742,NO
784.0672553848368,385.136345006577,NO
782.9752385641758,385.9669582134455,NO
782.2603370104267,386.36358368514516,NO
781.1367161222856,387.2050741760831,NO
779.2575502026865,388.3669814025072,NO
778.2093259370004,389.22391311247486,NO
777.2251727750819,390.222135021148,NO
776.1494723941757,391.2079486244147,NO
774.0767204429626,392.19221807260425,NO
773.7297189864241,392.4112609683501,NO
772.1592284390053,393.2507149594456,NO
771.0379980093563,394.0618657402197,NO
770.4162576646512,394.5458817424154,NO
769.1711186099777,395.30137912068176,NO
768.0245360996879,396.04579030029697,NO
767.33074647569,396.45244970465325,NO
766.1766657333263,397.2582037612235,NO
765.040666590737,398.0744563684942,NO
764.28247088416,398.5470441755636,NO
763.0435189827087,399.0969851592929,NO
762.2511100694178,399.5333374995941,NO
761.0313552587025,400.069339064746,NO
760.2754065089641,400.48898707581094,NO
759.0489480797767,401.1042306214177,NO
757.930582860598,401.83970951882543,NO
757.0450686760674,402.1046237143606,NO
756.3312924743449,402.556638584425,NO
754.6486647991674,403.30972966886316,NO
753.0044712047896,404.0189103244566,NO
752.1370760719155,404.2778973955329,NO
750.1511497589016,405.2930924251921,NO
748.1461296231321,406.2774658832856,NO
746.1779577170507,407.3225754407609,NO
744.2673959513802,408.4257142742326,NO
743.0918668594397,409.160869073891,NO
741.0985911022142,410.18894666464564,NO
739.1345475901982,411.2345324985978,NO
738.0150212207396,412.02648070889495,NO
737.2838729009807,412.4287192266312,NO
735.6742754597338,413.3778295406461,NO
734.0664809715607,414.14945967801896,NO
733.6867676834663,414.3762434508054,NO
732.145943436908,415.25489660848496,NO
730.1258133643892,416.2401310994612,NO
728.2374851717179,417.3871178124856,NO
727.1185823605417,418.168949302627,NO
726.0336760624235,419.0487111104876,NO
725.4322593112773,419.54929018449405,NO
724.1745864281687,420.3199317799123,NO
722.1154122976023,421.25889785495707,NO
720.0349317222791,422.0889518176684,NO
719.2413487342361,422.48269746847234,NO
718.0408195940622,423.0791954456571,NO
717.4057262839165,423.54676884871293,NO
716.205571520176,424.3328995082668,NO
714.0994733959049,425.26055247209234,NO
712.0289445048969,426.0720466511524,NO
711.3737696997587,426.4395531691172,NO
710.3809730834323,427.36743942598304,NO
709.2861611002234,428.40413979374216,NO
708.0489112520335,429.10992680212826,NO
707.3110575735187,429.5774328389073,NO
706.0467095133451,430.1070029178169,NO
705.3661957428484,430.56804995270255,NO
703.7093972321244,431.40877368524264,NO
702.0609052953614,432.14690804381354,NO
701.670274782629,432.3346616177142,NO
700.0703788114495,433.149534274784,NO
699.6946444277025,433.4063478337048,NO
698.0680050489948,434.16149002001066,NO
697.6956279090774,434.370605195896,NO
696.045315388391,435.102783023274,NO
695.3262922593883,435.5684354699129,NO
693.6503481259401,436.40072787606323,NO
692.9737867565874,436.9658891755592,NO
692.2207080268373,437.37321671147856,NO
691.0381722162829,438.07812818208004,NO
690.3568925215521,438.5019052442371,NO
689.195890410325,439.2668366276511,NO
688.102607517925,440.1449974922032,NO
686.1548049325155,441.2716388376948,NO
685.0725416457058,442.09284795947644,NO
684.0161703010313,443.02249294496704,NO
683.2765965248262,443.46726014339384,NO
682.0413752996665,444.10002585338395,NO
681.2508830791493,444.5264194095539,NO
680.0381731034628,445.0776387530869,NO
679.3832054749093,445.5396517180025,NO
678.2464022550815,446.31171368448844,NO
677.1736289138782,447.22838614000773,NO
675.2662785033858,448.4442401877223,NO
674.1255466890761,449.18643415265524,NO
673.032188529628,450.0472098427732,NO
672.4518244989836,450.5338010953179,NO
671.358873135048,451.43646733824335,NO
670.2350178469145,452.3321241301181,NO
668.2795304202546,453.4644829127817,NO
667.1300143672722,454.19460395564215,NO
665.1009021878775,455.25391868979705,NO
663.0366757386838,456.0990244906697,NO
662.2594798958118,456.49265636035955,NO
660.266594454851,457.4619613724335,NO
658.615338026832,458.37155222613853,NO
657.9757633395587,458.9704766936331,NO
657.2423007768062,459.386992241101,NO
656.117009885595,460.1698371295799,NO
655.0222002298021,461.0353005640284,NO
654.3263802677523,461.4724316855141,NO
653.0833505010238,462.16519239918745,NO
651.9869237602596,462.9824811920392,NO
651.3182141093923,463.4215657115092,NO
650.2010041749094,464.2841487721246,NO
649.0423955170938,465.0776333491754,NO
648.3559198788331,465.55481629788835,NO
646.6900173578034,466.38274592606984,NO
645.2626775966836,467.3305664340657,NO
644.1801748757148,468.2310559846535,NO
643.0902152658149,469.1263722732241,NO
641.1117061747067,470.21498682582296,NO
639.1794032560431,471.2803422367142,NO
638.0395530710732,472.0741620085753,NO
637.2930191006033,472.5368110013455,NO
636.0458992620001,473.1052437625369,NO
635.2956341871258,473.5777536614808,NO
634.0514009459739,474.1058954647526,NO
633.4126568163107,474.60417692022827,NO
632.1524554756861,475.2753079367327,NO
630.0497089007531,476.13517332239235,NO
629.2557404152486,476.5354097636173,NO
627.2281555675951,477.404194382505,NO
626.0397282809572,478.0794565619143,NO
625.3164108609392,478.51406800304864,NO
624.1393467378676,479.2238579501782,NO
623.0242965308394,480.04082819204916,NO
622.321787187085,480.45050204211987,NO
621.1470997818507,481.2425158529092,NO
619.1791661295603,482.31245881022164,NO
618.0282658756531,483.0539506796611,NO
617.3331094258017,483.46605443316844,NO
616.173857646448,484.26653068049734,NO
615.0280631932327,485.0520999277539,NO
614.3182510323113,485.4611392543079,NO
613.1383447224184,486.2299513428363,NO
611.2237886672085,487.3563286546285,NO
610.0426549106904,488.0900269579201,NO
609.2610811293968,488.5372536825744,NO
608.0357836645918,489.07820039904277,NO
607.3622153656692,489.5120975846569,NO
606.2449350490377,490.3271001099012,NO
605.0747950124434,491.1233435084828,NO
604.0095862485114,492.0106181957862,NO
602.0532703305115,493.14115846931037,NO
601.4325549066343,493.59313212704865,NO
600.2972590746208,494.3406212617221,NO
599.2170324222775,495.2610916406916,NO
598.1166744877198,496.1667772596344,NO
596.1418862822917,497.26831959042784,NO
594.1148179516812,498.23404069140975,NO
592.0358037258004,499.10307133391905,NO
591.1858014111414,499.44627068879066,NO
589.1965939062306,500.332271386599,NO
588.0431633649532,501.0757561100239,NO
587.4558148899969,501.580585416521,NO
586.2325615647379,502.3744076346296,NO
585.0461848843925,503.0915262075507,NO
584.4102455506182,503.5619802330278,NO
583.1993330146361,504.3136232540998,NO
582.0405734040658,505.0742989762216,NO
581.3494551909137,505.53460806346976,NO
580.1209883728949,506.2164316322149,NO
579.0087886618293,507.0147288248464,NO
578.3108427482679,507.404998464544,NO
577.2047721747515,508.2664843290476,NO
576.1098617564151,509.1566952548967,NO
574.0399254203493,510.11162332564703,NO
573.2414032592201,510.47747164912136,NO
571.2440740059467,511.4325915077591,NO
570.040836424095,512.0850840066564,NO
569.3179817900843,512.5166202681834,NO
568.1518838886961,513.2327972122587,NO
567.0388018202602,514.0619602185002,NO
566.3903991231562,514.5359114948636,NO
565.1818090450244,515.3035868065717,NO
563.1840039802353,516.3445380520852,NO
561.2294238032009,517.3929734415957,NO
560.043044406126,518.0855940460094,NO
559.3194014351204,518.527990113182,NO
558.1366049385477,519.2240321067255,NO
556.2599800934646,520.3675580511448,NO
555.2157875453161,521.2231523131961,NO
554.1994222825862,522.2266325191921,NO
553.1176355197201,523.1539708173932,NO
552.0255525713784,524.0407134290134,NO
551.3464130763859,524.4881275248339,NO
550.1530033933212,525.2557042945978,NO
548.1448150279249,526.2801220099946,NO
546.0593339305595,527.1410144097108,NO
544.9526710348842,527.9306848798457,NO
544.1457528643531,528.2604209935487,NO
542.2696291673969,529.3892038320631,NO
541.1217245245678,530.192452872066,NO
539.2114243781676,531.3748441780235,NO
537.1437176151295,532.3770897918458,NO
535.0454203643931,533.0963242861737,NO
534.3642923637632,533.5585816615358,NO
533.1726380080338,534.2506264223225,NO
532.1061197569662,535.1387410170896,NO
530.1802924468304,536.344446180327,NO
528.2733858643376,537.3872472293848,NO
527.1473930039083,538.2169698184431,NO
525.2772401003749,539.4062466893577,NO
524.1337687999671,540.2059073779506,NO
523.0141029843386,541.0242916688375,NO
522.3136470878767,541.4173101153021,NO
521.161077155274,542.2530209792786,NO
519.2084569688699,543.3764670610774,NO
518.0282489429296,544.0601883671233,NO
517.2840221973909,544.4513321736248,NO
516.1379214563486,545.2027587661694,NO
515.0268074575308,546.0442190355308,NO
514.3503951854276,546.4892906000987,NO
513.1362802163428,547.2467423687835,NO
511.1837952753625,548.2929237381445,NO
510.1094523450677,549.1361579051561,NO
509.0351031800268,550.0522330136607,NO
508.30652897877786,550.5675838756458,NO
507.04335700357086,551.1037099525684,NO
506.3074264302642,551.5235856537458,NO
505.1490555291082,552.2214445257549,NO
504.0413031121766,553.064329801535,NO
503.4142437379441,553.5598910469918,NO
502.1988733072032,554.3305016825323,NO
500.2263324042876,555.4025606941104,NO
499.03879303196163,556.0780340196687,NO
498.3470143555035,556.5087926191444,NO
497.1435395575854,557.2464039792588,NO
495.1400693385337,558.2747925226165,NO
493.0134179850308,559.0622106556286,NO
492.0957147915133,559.279828607209,NO
490.0385701989111,560.0896015390537,NO
489.3729528015853,560.4900519738176,NO
488.2082712709297,561.2922654510547,NO
487.09818023999435,562.1450076857622,NO
485.18552001436365,563.3233348675755,NO
484.0316014993686,564.0595566693368,NO
483.32199454199,564.4818815184256,NO
482.13062787163545,565.2107538270935,NO
481.05804250501245,566.0731662532608,NO
480.03801612121646,567.0377821752064,NO
479.0653336801786,568.0572392435299,NO
478.1051656803139,569.0948584768129,NO
477.12077818261,570.119599861892,NO
476.09463759840537,571.1102994562486,NO
474.225941163675,572.361402450209,NO
473.0949723644516,573.146562286708,NO
471.2454990727901,574.3447323633068,NO
470.1338123191004,575.1941221062239,NO
468.243375724395,576.4075531548708,NO
467.07692322302796,577.1312410978989,NO
465.99515498847694,577.9931844122319,NO
465.3061650894718,578.3770913759798,NO
464.1787974605159,579.2704499355668,NO
463.0308287766644,580.0623614051342,NO
462.2573847342602,580.475484425469,NO
461.0428150264382,581.0891069079589,NO
460.39395282359254,581.5454731311038,NO
459.17599700995333,582.2844237394776,NO
458.03799095000824,583.0646670407591,NO
457.4316160793755,583.5446142827246,NO
456.23718335661823,584.3370500408466,NO
455.1099924417358,585.1693748722438,NO
453.2433508777064,586.3695724332487,NO
452.10134658775934,587.1594962760927,NO
451.01240455507167,588.0181364670057,NO
450.3936569878658,588.4494509051175,NO
449.2917901392772,589.3661908093494,NO
448.14675312368956,590.2323326926207,NO
446.18658114155625,591.3416852707984,NO
445.05281577376337,592.0807530796731,NO
444.0289449505419,593.0268039302089,NO
443.0605226493686,594.0585412573068,NO
442.0038298400308,595.0056787283779,NO
441.26517332675877,595.4135220631431,NO
440.15412893306205,596.2032536818215,NO
439.1797651453923,597.1497579807108,NO
438.1690126157857,598.2036040711614,NO
436.18643476558464,599.3648049240451,NO
435.0470066725754,600.0746253765756,NO
433.98029170648914,600.972888591576,NO
433.27810377928864,601.3422815906856,NO
432.19112371286224,602.2485334836206,NO
431.08880767760905,603.1332115211849,NO
429.25823715760345,604.3406643830758,NO
428.17831056724805,605.2247386063849,NO
427.13541458929313,606.1554760181219,NO
426.04870510965026,607.0726584437182,NO
424.1619668990395,608.3018291337038,NO
422.345122622862,609.3936759847442,NO
421.272865610818,610.3237733783621,NO
420.1807308744155,611.2346391145581,NO
419.13245437056366,612.1537955216827,NO
418.1130224538496,613.1178398028737,NO
417.11277701306506,614.1161158089761,NO
416.0323274848046,615.0514984321037,NO
415.3319993573131,615.5235686699787,NO
414.119198018914,616.2113557521918,NO
412.1359722769477,617.2396906621184,NO
411.01869285787114,618.0312781481041,NO
410.36604521982105,618.4417786923517,NO
409.2942215543219,619.3453411412996,NO
408.1837563225931,620.2618527668454,NO
406.1720136744947,621.3832755182765,NO
405.0179732289954,622.0308360794311,NO
404.40030380143037,622.4032310685311,NO
404.0067994179754,623.0052289943616,NO
403.07976733169676,624.066374877425,NO
402.10097757829703,625.1057056199628,NO
401.02290618752806,626.0330227434879,NO
400.45147977114993,626.4777285649866,NO
399.4846421017428,627.4528622807744,NO
399.02227493422424,628.0170404659938,NO
398.074441839332,629.069124568554,NO
397.08503871189896,630.0842077122048,NO
396.0813748763032,631.0829809620315,NO
395.070025541593,632.0739739092853,NO
394.01491477275846,633.0204329785917,NO
393.4148412266949,633.4659747415831,NO
392.42063384182916,634.4129580561574,NO
391.51104001222683,635.4422983383093,NO
391.04333020136016,636.0284831565062,NO
390.1587725698215,637.125346761841,NO
389.2067687876635,638.1864845088589,NO
388.22405733818954,639.2109630823344,NO
387.2851665763523,640.2363822528018,NO
386.39185096151056,641.3186549850369,NO
385.52307060515784,642.4847725765792,NO
384.48559292266185,643.5114117657412,NO
383.39673029667296,644.4113428057159,NO
382.4515392502489,645.420899055565,NO
382.02673568548863,646.0178561969803,NO
381.15381802297,647.1148157243574,NO
380.1770524658795,648.1854835436891,NO
379.0829169361263,649.1190642808156,NO
377.26679294534637,650.3519962759308,NO
376.1574445602265,651.2139323194035,NO
375.08864591448764,652.1135234474602,NO
374.0685996146692,653.0658889957674,NO
373.16397253431757,654.1132406990519,NO
372.3279148751733,655.2431614812704,NO
371.4100529496277,656.3781196335807,NO
370.3873086805721,657.4078089700105,NO
369.3322248879621,658.3636261086034,NO
368.29354757239145,659.3150923551759,NO
367.24710799510166,660.2751678845159,NO
366.1846145311182,661.217750466929,NO
365.1234657772019,662.150852734333,NO
364.0966472579554,663.0969605354775,NO
363.120306549644,664.1135708790968,NO
362.0892191146498,665.104775264524,NO
361.04084276272863,666.0479936852747,NO
359.99945810796294,666.9993208755499,NO
359.4098380049432,667.4299812436832,NO
358.4298565021761,668.4444553944619,NO
357.33660751796583,669.4037946244723,NO
356.26476430876176,670.2971243930523,NO
355.266710211846,671.259452788098,NO
354.2630617620222,672.2741966572918,NO
353.1931740705146,673.243339432137,NO
352.1586665170417,674.163599165857,NO
351.2077646059774,675.1813398532256,NO
350.1774467202768,676.2078846721672,NO
349.0421314231958,677.0744060094285,NO
348.35777731307326,677.5632335713913,NO
347.14658597051294,678.2423155773637,NO
345.20990121425524,679.3681026173158,NO
344.03657950581237,680.0720107766747,NO
343.34118158999945,680.5042521481245,NO
342.1340982208713,681.2277253507502,NO
340.27106657164194,682.3914082035845,NO
339.14185239564927,683.2085376523818,NO
338.0380677347394,684.0538291129072,NO
337.0752738262429,685.0496249649799,NO
336.18965620953685,686.1682088191695,NO
335.1789298217333,687.1813725437664,NO
334.19057199080646,688.169031676886,NO
333.31860814078317,689.2200024127543,NO
332.20408208524657,691.1397266626618,NO
331.2440541341902,692.2449089658656,NO
330.1803203908244,693.2285951556084,NO
329.04078424780215,694.069192014819,NO
328.41253014902554,694.537924747876,NO
327.2460290151998,695.3392059612755,NO
326.1696569595576,696.206080486969,NO
325.13748506482773,697.1489620796706,NO
324.103600222181,698.1226746312844,NO
322.29459700151597,699.3925918352078,NO
321.2112191894517,700.2546474266398,NO
320.1925129935846,701.2024363470309,NO
319.1897681474754,702.1942941407134,NO
318.15783260276567,703.1829488135512,NO
317.04631282998184,704.0731532230171,NO
316.4632328316584,704.6089689941925,NO
315.29566336353537,705.364749054598,NO
314.23050225875096,706.2728835362566,NO
313.16452519485335,707.1990663992996,NO
312.1281124471407,708.130172132296,NO
311.1909466865922,709.1396788097916,NO
310.2880093544002,710.250732345035,NO
309.23455158169935,711.2884410214812,NO
308.15917660610876,712.2115086338613,NO
307.1144459912644,713.1295692152555,NO
306.1453762098083,714.1206600095109,NO
305.2416637596615,715.1910223568094,NO
304.3104828799768,716.2712204736116,NO
303.3273971824496,717.3321334921036,NO
302.2167659308477,718.2846685033728,NO
301.0936656982843,719.1416408093243,NO
299.29434640129847,720.3543477880651,NO
298.2307404447676,721.2738458056305,NO
297.13744597566836,722.1859563127251,NO
296.06330198190295,723.0838384500112,NO
294.99574223473854,723.9940362125253,NO
294.3225566092293,724.3893359172398,NO
293.2558390936797,725.2899509835928,NO
292.20858559922436,726.2370788913994,NO
291.10844238496213,727.1623477290451,NO
289.2942126091276,728.3757765117512,NO
288.20378565569035,729.2413631607635,NO
287.19316719822655,730.1950275518012,NO
286.1690208758722,731.2013292852595,NO
285.0399991499262,732.0739528789976,NO
284.2924206152746,732.5266593783477,NO
283.1129246784093,733.1692752097288,NO
282.07178584959274,734.0823144386096,NO
281.0453434440484,735.0508713102669,NO
280.00722077692205,736.0089140914065,NO
279.3449271301495,736.4212634390894,NO
278.24175268976666,737.2544348019233,NO
277.2862235055557,738.2533142923475,NO
276.35214672653797,739.3351465323457,NO
275.371421920784,740.3660292121015,NO
274.39540646680325,741.386668194148,NO
273.45419577667866,742.4351990131073,NO
273.0273040198588,743.0207911349884,NO
272.15745951754377,744.1013556073824,NO
271.3047059390677,745.227177197481,NO
270.3599702697586,746.3392262195154,NO
269.3148850236234,747.3420205389208,NO
268.2817913501025,748.2964172193898,NO
267.30021829012077,749.2806281827906,NO
266.34927621043204,750.3106570628064,NO
265.4168371934724,751.4313219036089,NO
264.2398990139352,752.3275729589191,NO
263.1240422190301,753.1785347663172,NO
262.06040960542975,754.0722740103573,NO
261.07450610420057,755.060667821354,NO
260.2271170428843,756.1379134434702,NO
259.2503634640928,758.133978285504,NO
258.4467118953816,759.4183226960841,NO
257.08049846335433,760.202284092699,NO
255.11988984795087,761.199816422511,NO
254.04720344761714,762.0577864247446,NO
253.02441732655106,763.0250364665039,NO
252.4758116813687,763.4758116813687,NO
251.45769218691305,764.4651800208562,NO
250.4034606189988,765.4194076835628,NO
249.33687649133734,766.3544417346087,NO
248.30438850710647,767.3086382771985,NO
247.29263945537744,768.2956460362481,NO
246.30186791866834,769.2987980641853,NO
245.29119519346514,771.1202905657126,NO
245.00814764473222,772.0035435268011,NO
244.7544550455554,772.958594379547,NO
244.61391162858027,773.9803170626723,NO
244.3368606356032,775.0925832648487,NO
244.0407334131849,776.0178992823242,NO
243.79236797851544,776.9500527316803,NO
243.6056114827209,777.9721608107876,NO
243.40977087237974,779.073417284403,NO
243.105813176819,780.0421514482578,NO
242.87376498931573,780.9620289111132,NO
242.6553485031963,781.9682379980602,NO
242.49465389319462,783.0653516954313,NO
242.18334380328776,784.0649462378371,NO
241.95947684981795,784.9879525772112,NO
241.75753468571853,785.9681467126566,NO
241.6460814501546,786.9777933457262,NO
241.6078431372549,788.0,NO
241.6107787479293,789.0022895367044,NO
241.52973684523295,790.0691470615726,NO
241.20836574957696,791.0725818551851,NO
240.98520893897665,791.9957761148526,NO
240.79374240255288,792.9704768525421,NO
240.6691218244928,793.9708048662847,NO
240.60179082982734,794.9890687677496,NO
240.5661921293926,795.9866188620622,NO
240.33458195033532,797.0801890665023,NO
240.06997349274954,798.024950708068,NO
239.84658299045986,798.9629994283282,NO
239.64742855717392,799.9522991572987,NO
239.53176826845154,800.9761293618012,NO
239.51116729313392,802.0095849552866,NO
239.58321618278785,803.0392267125385,NO
239.7410665162364,804.0462018585976,NO
239.96919825887485,805.0101253503302,NO
240.19862680746243,805.936845838413,NO
240.4683609119131,806.9567301107055,NO
240.54710556467634,808.0079922551182,NO
240.6079223316888,809.0322887473619,NO
240.73808272762085,810.0390308077317,NO
240.93421302307692,811.0172438650476,NO
241.14743478523417,811.9514471783052,NO
241.40704361483228,812.9402129105067,NO
241.52058157536334,813.9990599639223,NO
241.54969494734118,815.0220737777497,NO
241.6562998962915,816.0438049143687,NO
241.83103585276896,817.0344554336932,NO
242.04918942648848,817.9834100563186,NO
242.28901589656107,818.9292498274962,NO
242.49835848655238,819.9840843609418,NO
242.54296655275874,821.0170267359223,NO
242.70247215107105,822.0575103136111,NO
242.98610685374848,823.0064686928787,NO
243.26674973912256,823.8971431084896,NO
244.20124025845777,825.9137541721502,NO
245.14271532336417,827.9307647708617,NO
246.08756301298007,829.9559897506997,NO
247.01118520752732,831.9942951897725,NO
247.32810096385523,832.8758333541917,NO
248.2446453075637,834.9017191666021,NO
249.1295351440575,836.9429735720216,NO
249.98454764991746,839.0074837853304,NO
250.27212020388134,839.9004300291157,NO
251.19225977415744,841.920132324349,NO
252.12821984622968,843.940986155814,NO
253.02340738700326,845.9883422032011,NO
253.3581036795685,846.8860055845593,NO
254.2375438553886,848.9034054039957,NO
255.19090898784793,850.9171891224579,NO
256.14229337849696,852.9356794526803,NO
256.3473986949505,855.6527092358115,NO
255.02161786884275,857.027413295572,NO
253.99610408085704,857.996045605624,NO
253.0184097129002,859.0151480259066,NO
252.1055201785098,860.0715596626858,NO
251.40421557107817,861.2217152452738,NO
251.02981808447748,862.0143472526158,NO
250.1782860825692,864.0549949897852,NO
249.9706386073237,864.9927826743957,NO
249.77920522081547,865.9611450525824,NO
249.62767832415506,866.9615198277173,NO
