X,Y,is_wing_root
222.52793295963633,1198.0,NO
222.57404793187433,1199.030935065938,NO
222.68718835041383,1200.0401936781132,NO
222.85908895212137,1201.0291268648969,NO
223.0581455302433,1201.9839794830443,NO
223.29118750043997,1202.9110744709692,NO
224.13232521766847,1204.9354413339693,NO
224.3486423035746,1205.3250155632759,NO
225.2285055969127,1206.8407132406985,NO
226.10317691698597,1207.9127534452982,NO
227.07354440779517,1208.925607006721,NO
228.09391619364033,1209.8837916122966,NO
229.1884764256375,1210.7191228880788,NO
231.09024830765725,1211.8072104154235,NO
233.1146397422262,1212.6180655170872,NO
234.03336390890783,1212.8819813911202,NO
234.98301342462,1213.07897654346,NO
235.96156190929332,1213.2548303010728,NO
236.9643442196585,1213.3868111920942,NO
237.98587034966667,1213.4598558716323,NO
239.01412965033333,1213.4598558716323,NO
240.0356557803415,1213.3868111920942,NO
241.03843809070668,1213.2548303010728,NO
242.0170046938465,1213.0790607825618,NO
242.96714592235887,1212.882616833266,NO
243.8861043806687,1212.6205446415825,NO
245.9636315390938,1211.867246165157,NO
248.1391125275921,1212.8881194069543,NO
249.05087420600913,1213.9710408357473,NO
249.5816219931069,1214.6372402101358,NO
250.1894527801116,1215.8328357751675,NO
251.14126228441884,1216.8587377155811,NO
252.13803907371667,1217.896943435908,NO
253.4000819242571,1219.7431506366952,NO
254.15235155789395,1220.8520297978541,NO
255.14111215114912,1221.8588878488508,NO
256.1369317592181,1222.902323031683,NO
257.3608375339467,1224.7470672355505,NO
258.15863452455756,1225.8488306224708,NO
259.1412105051318,1226.86207346284,NO
260.12966189783805,1227.9052470801792,NO
261.0121891561207,1228.9931591472707,NO
261.4056357014689,1229.7155357005165,NO
262.172265670313,1230.8416957285772,NO
263.14125916350787,1231.862025936055,NO
264.12966189783805,1232.9052470801792,NO
265.0134527016708,1233.9922989162314,NO
265.4172428362912,1234.7014503230703,NO
266.18341050566045,1235.834810675297,NO
267.2776468950845,1236.3843481795343,NO
268.0415299707729,1236.9169400584542,NO
270.04587377868637,1237.9082524426274,NO
272.0558341946245,1238.8860982391857,NO
274.06706760045483,1239.8619196496209,NO
276.0673991300374,1240.8669163906598,NO
278.0671266182893,1241.8617981423176,NO
280.0698299652376,1242.855321483562,NO
282.07280567850404,1243.8475488575652,NO
284.0772971561495,1244.8326348547835,NO
286.0828027422351,1245.8218925714434,NO
288.08536921964264,1246.821000021042,NO
290.0838875391077,1247.8292476930249,NO
292.0817122678285,1248.829996935759,NO
294.08023315747783,1249.8378827877796,NO
295.71240980203294,1250.694026784607,NO
296.0713673228672,1250.8695336778778,NO
298.0637413069061,1251.8725173861878,NO
300.0649282552257,1252.8670144247656,NO
302.07004945922233,1253.847574771629,NO
304.07662338524415,1254.838131067046,NO
306.07719310181415,1255.8449862120663,NO
308.07374923789297,1256.8529449072507,NO
310.0744356375463,1257.8399473990314,NO
312.08250902647274,1258.8115440470035,NO
314.0916383472189,1259.799722524313,NO
316.09418011595903,1260.7988446935972,NO
318.10181740064866,1261.6690071503092,NO
319.0168360925176,1261.9585197717486,NO
319.944666526897,1262.20449327483,NO
320.9593048348578,1262.4323861259954,NO
322.0,1262.5000000004902,NO
323.0,1262.5000000004902,NO
324.0,1262.5000000004902,NO
325.0,1262.5000000004902,NO
326.0,1262.5000000004902,NO
327.0,1262.5000000004902,NO
328.0,1262.5000000004902,NO
329.0,1262.5000000004902,NO
330.0,1262.5000000004902,NO
331.0,1262.5000000004902,NO
332.0,1262.5000000004902,NO
333.0,1262.5000000004902,NO
334.0,1262.5000000004902,NO
335.0,1262.5000000004902,NO
336.0,1262.5000000004902,NO
337.0255721902109,1262.5342208271172,NO
338.0454985655534,1262.6430112482888,NO
339.03731792251705,1262.8096785908278,NO
340.00174024818153,1262.9922823775375,NO
340.96742939138676,1263.1730313528465,NO
341.95470084968764,1263.3348198035922,NO
342.97265158617057,1263.4499255020226,NO
343.9941929468814,1263.4935995284127,NO
345.0,1263.5000000004902,NO
346.0,1263.5000000004902,NO
347.0,1263.5000000004902,NO
348.0,1263.5000000004902,NO
349.0,1263.5000000004902,NO
350.0,1263.5000000004902,NO
351.0,1263.5000000004902,NO
352.0,1263.5000000004902,NO
353.0,1263.5000000004902,NO
354.0,1263.5000000004902,NO
355.0,1263.5000000004902,NO
356.00864527892196,1263.510100884211,NO
357.04354072652416,1263.5887820187136,NO
358.04050302756156,1263.7170336541496,NO
359.02259496211,1263.8577354270908,NO
360.0016651375664,1263.9865203149964,NO
360.99052766429566,1264.094723351369,NO
361.98522402999095,1264.1837986591727,NO
362.9962859347364,1264.2367716452247,NO
363.9840007036435,1264.271988037045,NO
364.990665413161,1264.3173759631713,NO
365.9811100976957,1264.356809269593,NO
366.9783688965269,1264.4085875144506,NO
368.0059310727328,1264.432121012122,NO
369.0,1264.4254901960785,NO
370.01049639846286,1264.4117817845517,NO
371.0098471216349,1264.386310155228,NO
372.0112362141987,1264.3581543414316,NO
372.9958929270531,1264.3491012099175,NO
373.97838636186447,1264.3801019228954,NO
374.97791827448424,1264.4331415225577,NO
375.98216212330226,1264.4788061737627,NO
377.0,1264.5000000004902,NO
378.0,1264.5000000004902,NO
379.0,1264.5000000004902,NO
380.0,1264.5000000004902,NO
381.0,1264.5000000004902,NO
382.0,1264.5000000004902,NO
383.0,1264.5000000004902,NO
384.0,1264.5000000004902,NO
385.0,1264.5000000004902,NO
386.0,1264.5000000004902,NO
387.0,1264.5000000004902,NO
388.0,1264.5000000004902,NO
389.0,1264.5000000004902,NO
390.0,1264.5000000004902,NO
391.0,1264.5000000004902,NO
392.0,1264.5000000004902,NO
393.0,1264.5000000004902,NO
394.0,1264.5000000004902,NO
395.0169505357156,1264.519734790958,NO
396.01569959868687,1264.5551780090175,NO
397.021077816088,1264.6018634696022,NO
398.02903544387095,1264.6780852962136,NO
399.0211034505974,1264.7660269607677,NO
400.01461463101487,1264.8619729264312,NO
401.0039259788683,1264.9544943344831,NO
401.993537950959,1265.0540269669134,NO
402.98094611356004,1265.1647030860504,NO
403.9849134011092,1265.2564721801862,NO
404.9820989494765,1265.3148115871643,NO
405.9951487000948,1265.3534518492017,NO
406.9904965283708,1265.3728285012019,NO
407.9841592968422,1265.403937927512,NO
408.98353609808106,1265.441925797368,NO
409.9821529939487,1265.4790512248364,NO
411.0,1265.5000000004902,NO
412.0,1265.5000000004902,NO
413.0,1265.5000000004902,NO
414.0,1265.5000000004902,NO
415.0,1265.5000000004902,NO
416.0,1265.5000000004902,NO
417.0,1265.5000000004902,NO
418.0,1265.5000000004902,NO
419.0,1265.5000000004902,NO
420.0,1265.5000000004902,NO
421.0,1265.5000000004902,NO
422.0,1265.5000000004902,NO
423.0,1265.5000000004902,NO
424.0,1265.5000000004902,NO
425.0,1265.5000000004902,NO
426.0,1265.5000000004902,NO
427.0,1265.5000000004902,NO
428.0255987606377,1265.5337368657772,NO
429.04074968122706,1265.6221393262235,NO
430.0162645302393,1265.692781092169,NO
431.0205988131393,1265.7665467890774,NO
432.0132111670822,1265.8502734427213,NO
433.001926865724,1265.9017298506408,NO
434.0,1265.9117647058824,NO
434.9960326129541,1265.89350697712,NO
436.0,1265.8745098039215,NO
436.9979053494469,1265.866466035886,NO
437.9794750488746,1265.8096777292988,NO
438.9736480349676,1265.714053156682,NO
439.96693557992677,1265.6252699133106,NO
440.96780347605124,1265.543882573418,NO
442.0,1265.5000000004902,NO
443.0,1265.5000000004902,NO
444.0,1265.5000000004902,NO
445.0,1265.5000000004902,NO
446.0,1265.5000000004902,NO
447.0,1265.5000000004902,NO
448.0,1265.5000000004902,NO
449.0,1265.5000000004902,NO
450.0,1265.5000000004902,NO
451.0,1265.5000000004902,NO
452.0,1265.5000000004902,NO
453.0,1265.5000000004902,NO
454.0,1265.5000000004902,NO
455.0,1265.5000000004902,NO
456.0,1265.5000000004902,NO
457.0,1265.5000000004902,NO
458.0,1265.5000000004902,NO
459.0,1265.5000000004902,NO
460.0,1265.5000000004902,NO
461.0,1265.5000000004902,NO
462.0,1265.5000000004902,NO
463.0,1265.5000000004902,NO
464.0,1265.5000000004902,NO
465.0230675789438,1265.4705785964127,NO
466.0356004142047,1265.3947002444434,NO
467.0257267253363,1265.3123959678612,NO
468.0177717126767,1265.2385150833086,NO
469.00039806221196,1265.2030117386957,NO
469.98240554485545,1265.2361361007192,NO
470.9955506719651,1265.2836446438648,NO
472.0076235097075,1265.277713564663,NO
473.0035301833794,1265.2571990740319,NO
474.0209290889311,1265.184031639909,NO
475.0090745489067,1265.0771336683108,NO
476.00007669232133,1265.0021729492423,NO
476.9947852927931,1264.9408999861673,NO
477.9904267236605,1264.8643785840086,NO
479.0,1264.8254901960784,NO
479.9800178782942,1264.7831727304758,NO
480.97850349013447,1264.7036967707438,NO
482.00646500605706,1264.6702846996905,NO
482.9676654706213,1264.6415084786277,NO
483.96012055067854,1264.5578582792618,NO
485.0,1264.5000000004902,NO
486.0,1264.5000000004902,NO
487.0,1264.5000000004902,NO
488.0,1264.5000000004902,NO
489.0,1264.5000000004902,NO
490.0,1264.5000000004902,NO
491.0,1264.5000000004902,NO
492.0,1264.5000000004902,NO
493.0,1264.5000000004902,NO
494.0,1264.5000000004902,NO
495.0,1264.5000000004902,NO
496.0,1264.5000000004902,NO
497.0,1264.5000000004902,NO
498.0,1264.5000000004902,NO
499.0,1264.5000000004902,NO
500.0,1264.5000000004902,NO
501.0,1264.5000000004902,NO
502.0,1264.5000000004902,NO
503.0,1264.5000000004902,NO
504.0,1264.5000000004902,NO
505.0,1264.5000000004902,NO
506.0,1264.5000000004902,NO
507.0,1264.5000000004902,NO
508.0,1264.5000000004902,NO
509.0105163286162,1264.4875752457503,NO
510.0424954706355,1264.4089186760013,NO
511.0408072771906,1264.2850919253674,NO
512.0145653358613,1264.1904697657003,NO
513.0063605515842,1264.129755248445,NO
514.0029822042402,1264.0894661332088,NO
514.9985633650821,1264.0814093081763,NO
516.0015657683134,1264.0798541818992,NO
517.0024200496913,1264.0342840375927,NO
517.9988098375889,1263.9757206875381,NO
518.99412010454,1263.916701480258,NO
519.9889385047168,1263.8475307483252,NO
520.996461309334,1263.7994742050546,NO
521.9870643929023,1263.7643871594478,NO
522.9779089266074,1263.7035145511027,NO
523.9874784910371,1263.6452238902375,NO
524.9789576047701,1263.6025325302635,NO
525.9752852760585,1263.549838962538,NO
526.9913471911899,1263.5096741905681,NO
528.0,1263.5000000004902,NO
529.0,1263.5000000004902,NO
530.0,1263.5000000004902,NO
531.0,1263.5000000004902,NO
532.0395085205245,1263.4380292492926,NO
533.0533207714186,1263.2692435127678,NO
534.0187825740119,1263.081872758706,NO
534.9807355244934,1262.9007587661026,NO
535.9515394947177,1262.7313602610263,NO
536.9541585378124,1262.5749246308808,NO
538.0,1262.5000000004902,NO
539.0,1262.5000000004902,NO
540.0,1262.5000000004902,NO
541.0,1262.5000000004902,NO
542.0443497405797,1262.4267616507743,NO
543.0526844674091,1262.2465052994032,NO
544.0138252909173,1262.0640990737616,NO
544.9772877331653,1261.8853142904202,NO
545.94841995864,1261.714067181791,NO
546.9611620571594,1261.559836656586,NO
548.0,1261.5000000004902,NO
549.0,1261.5000000004902,NO
550.0,1261.5000000004902,NO
551.0114481392121,1261.486545901103,NO
552.0375269849478,1261.416060050509,NO
553.0467004965274,1261.2676095787463,NO
554.0193539501595,1261.099702163911,NO
554.9835415247126,1260.9229924572085,NO
555.9442225480497,1260.7413954593662,NO
556.9612730274947,1260.5610943203615,NO
558.0,1260.5000000004902,NO
559.0,1260.5000000004902,NO
560.0,1260.5000000004902,NO
561.0230205241395,1260.4696186784327,NO
562.0478058121936,1260.358543583367,NO
563.0368374209231,1260.1998626031384,NO
564.0064734540354,1260.0343902234874,NO
564.9737138819917,1259.865940795104,NO
565.9458777126081,1259.6966773015406,NO
566.9680000565982,1259.5466674645234,NO
568.0,1259.5000000004902,NO
569.0,1259.5000000004902,NO
570.0,1259.5000000004902,NO
571.0,1259.5000000004902,NO
572.0105134063336,1259.4874397581007,NO
573.046531287239,1259.3955159548832,NO
574.0455523207037,1259.217118526935,NO
575.0046395494236,1259.0183424042652,NO
575.9503036678074,1258.814999054508,NO
576.9477467726268,1258.5962250358368,NO
578.0,1258.5000000004902,NO
579.0,1258.5000000004902,NO
580.0048473738321,1258.4944321262792,NO
581.0471698336341,1258.4077392395768,NO
582.0494420968655,1258.2231457538473,NO
583.00926319344,1258.045425275855,NO
583.9778017249258,1257.8755920893016,NO
584.9540540023606,1257.717681225589,NO
585.9619199182007,1257.5778077887471,NO
586.9913524297866,1257.5099710443708,NO
588.0,1257.5000000004902,NO
589.0,1257.5000000004902,NO
590.0,1257.5000000004902,NO
591.0169022946721,1257.4788983793933,NO
592.0452499499469,1257.3846245875327,NO
593.03884145355,1257.241574909771,NO
594.0145875152901,1257.072229445877,NO
594.9742369542963,1256.8895869465018,NO
595.9459178877049,1256.7001970069146,NO
596.9680041653552,1256.5467256719155,NO
598.0,1256.5000000004902,NO
599.0,1256.5000000004902,NO
600.0,1256.5000000004902,NO
601.0221634304559,1256.47097288621,NO
602.0476524658369,1256.362727714124,NO
603.0358477700498,1256.2150866202987,NO
604.0098732732774,1256.052451762646,NO
604.9738994328043,1255.8789882837254,NO
605.945748469075,1255.6992578384877,NO
606.9680041653552,1255.5467256719155,NO
608.0,1255.5000000004902,NO
609.0,1255.5000000004902,NO
610.0388379428406,1255.440163343414,NO
611.0516181534053,1255.2861440914892,NO
612.0228765749551,1255.117849018268,NO
612.9901860085662,1254.9489271902041,NO
613.9651835198376,1254.7860674157976,NO
614.9543077681761,1254.6414917129073,NO
615.9744278097892,1254.5342208271172,NO
617.0,1254.5000000004902,NO
618.0,1254.5000000004902,NO
619.0,1254.5000000004902,NO
620.0,1254.5000000004902,NO
621.0,1254.5000000004902,NO
622.033483549126,1254.4493844602682,NO
623.0573113723229,1254.2681541199602,NO
624.0150262312062,1254.0535900587145,NO
624.9541950285917,1253.8399963269082,NO
625.9434344619688,1253.6101564288267,NO
627.0,1253.5000000004902,NO
628.0,1253.5000000004902,NO
629.0,1253.5000000004902,NO
630.0,1253.5000000004902,NO
631.010516366676,1253.4875770103415,NO
632.042206029293,1253.4061334857495,NO
633.0481870209279,1253.2275498208558,NO
634.0073429503652,1253.0292570675804,NO
634.9573529256472,1252.8287400981424,NO
635.9455420483775,1252.624681686444,NO
636.9913603467019,1252.5104196695463,NO
638.0,1252.5000000004902,NO
639.0,1252.5000000004902,NO
640.0,1252.5000000004902,NO
641.0114405698467,1252.4862242030863,NO
642.0468992950113,1252.3921088564575,NO
643.0450072027984,1252.2145203015368,NO
644.0053373572539,1252.0224962987536,NO
644.9567891534565,1251.8264761311173,NO
645.9460472275434,1251.6230696866462,NO
646.9913600692756,1251.5104039487258,NO
648.0,1251.5000000004902,NO
649.0,1251.5000000004902,NO
650.0,1251.5000000004902,NO
651.0058031838373,1251.4932706394904,NO
652.0481616572225,1251.402663032229,NO
653.0478610179035,1251.214115075965,NO
654.0034729419549,1251.0136246183258,NO
654.953489279845,1250.8117423190542,NO
655.9508894915773,1250.6086506360984,NO
656.9913575531928,1250.5102613707052,NO
658.0,1250.5000000004902,NO
659.0,1250.5000000004902,NO
660.0114400715224,1250.4862030243046,NO
661.0474703193264,1250.3904816579354,NO
662.0449947931484,1250.2124754119097,NO
663.0062440108911,1250.0286886995405,NO
663.9637928243753,1249.84217384947,NO
664.9441517326925,1249.6526509977728,NO
665.9831219079448,1249.5217873614636,NO
667.0,1249.5000000004902,NO
668.0,1249.5000000004902,NO
669.0058059984475,1249.493509881365,NO
670.0335094619646,1249.4382006312726,NO
671.0476848896119,1249.3039911638245,NO
672.0267631429638,1249.1407134310216,NO
672.9950635457848,1248.9737750878016,NO
673.9615067743201,1248.8056282566047,NO
674.9480345733282,1248.6369538826812,NO
675.9831120983705,1248.521509423509,NO
677.0,1248.5000000004902,NO
678.0,1248.5000000004902,NO
679.0,1248.5000000004902,NO
680.0229709129535,1248.46860661027,NO
681.0575530972696,1248.319044321506,NO
682.0296880200016,1248.1272343719918,NO
682.9852485235923,1247.9356986924308,NO
683.9445917919704,1247.7454217393365,NO
684.9605551290878,1247.56267643119,NO
686.0,1247.5000000004902,NO
687.0,1247.5000000004902,NO
688.0,1247.5000000004902,NO
689.0,1247.5000000004902,NO
690.0,1247.5000000004902,NO
691.0394575015571,1247.4374636042194,NO
692.0548276194329,1247.2565328911633,NO
693.0145277003326,1247.0588025978734,NO
693.9682410127245,1246.8627365817363,NO
694.946647877133,1246.672173710141,NO
695.9744746487967,1246.5350739661726,NO
697.0,1246.5000000004902,NO
698.0,1246.5000000004902,NO
699.0,1246.5000000004902,NO
700.0,1246.5000000004902,NO
701.0280317754399,1246.4611679023144,NO
702.0498372325162,1246.3344340730353,NO
703.0328531058954,1246.1595722300217,NO
703.9923732697429,1245.9686319972682,NO
704.9469213460147,1245.7725200533546,NO
705.954397837573,1245.5771435922572,NO
707.0,1245.5000000004902,NO
708.0,1245.5000000004902,NO
709.0177921672661,1245.477579236361,NO
710.0462449737306,1245.3804022022546,NO
711.0367069639702,1245.2496073519897,NO
712.015075210216,1245.132557879951,NO
713.0032028191773,1245.0371235870298,NO
713.9973238563578,1244.9610047632382,NO
714.9949772098444,1244.9014760429855,NO
715.997635530069,1244.8660133769035,NO
716.9973186017628,1244.848054107065,NO
717.9862898324192,1244.805772624246,NO
718.9709112024418,1244.7252724617886,NO
719.9595000407667,1244.6244549301243,NO
720.9744012393622,1244.5337368657772,NO
722.0,1244.5000000004902,NO
723.0,1244.5000000004902,NO
724.0,1244.5000000004902,NO
725.0,1244.5000000004902,NO
726.0,1244.5000000004902,NO
727.0230654075491,1244.4705342999612,NO
728.0362343078626,1244.393180771923,NO
729.0265657734273,1244.3079214739362,NO
730.0175546975719,1244.2295614165905,NO
731.0122455556196,1244.1523227715227,NO
732.0060111456637,1244.072992487113,NO
732.9998770841481,1243.9982586920833,NO
733.9949670327993,1243.9286996307028,NO
734.9900555248076,1243.8591199335472,NO
735.9803232439915,1243.7818446616448,NO
736.9604608599109,1243.6849224774885,NO
737.9624993430151,1243.5749925626487,NO
738.9913521416302,1243.5099547155053,NO
740.0,1243.5000000004902,NO
741.0,1243.5000000004902,NO
742.0,1243.5000000004902,NO
743.0,1243.5000000004902,NO
744.0114589796855,1243.4870066212081,NO
745.0219492498335,1243.4477646832424,NO
746.0258335412407,1243.3875031359712,NO
747.0262195514499,1243.3109760691711,NO
748.0178089611416,1243.2328864015421,NO
749.0144060402303,1243.1440603936735,NO
750.0045554791573,1243.038721574144,NO
750.9906239377257,1242.9240985438191,NO
751.9710709682313,1242.8006242414056,NO
752.9586792909585,1242.6707255999024,NO
753.9691107139321,1242.5624017768912,NO
754.9913495331198,1242.5098068999232,NO
756.0,1242.5000000004902,NO
757.0,1242.5000000004902,NO
758.0,1242.5000000004902,NO
759.0,1242.5000000004902,NO
760.0,1242.5000000004902,NO
761.0,1242.5000000004902,NO
762.0,1242.5000000004902,NO
763.0,1242.5000000004902,NO
764.0,1242.5000000004902,NO
765.0394575015571,1242.4374636042194,NO
766.055223232571,1242.2583839250613,NO
767.0165834117083,1242.0775921076802,NO
767.983191451473,1241.905798247966,NO
768.9595547642796,1241.7484503468124,NO
769.9577208620206,1241.607957091135,NO
770.9830920974167,1241.5209427297832,NO
772.0,1241.5000000004902,NO
773.0,1241.5000000004902,NO
774.0,1241.5000000004902,NO
775.0,1241.5000000004902,NO
776.0,1241.5000000004902,NO
777.0,1241.5000000004902,NO
778.0,1241.5000000004902,NO
779.0,1241.5000000004902,NO
780.0230524490187,1241.4702699459483,NO
781.0398584338867,1241.3835434169498,NO
782.03224837169,1241.2741111686184,NO
783.0199793472292,1241.1543858746538,NO
784.0031838467518,1241.0205539477456,NO
784.9839406139085,1240.8846438523983,NO
785.9744128238368,1240.7627370979626,NO
786.9558670657548,1240.653726201828,NO
787.9678907630467,1240.545119139198,NO
789.0,1240.5000000004902,NO
790.0,1240.5000000004902,NO
791.0,1240.5000000004902,NO
792.0,1240.5000000004902,NO
793.0,1240.5000000004902,NO
794.0,1240.5000000004902,NO
795.0169011791141,1240.4788667719135,NO
796.0458998458703,1240.3837528063361,NO
797.0371337062652,1240.2525091995608,NO
798.0164387194252,1240.1270264762672,NO
799.0018590294965,1240.0182327893394,NO
799.9950655275659,1239.931984302287,NO
800.9870826001697,1239.8536028048431,NO
801.9795535176573,1239.7682732047388,NO
802.9773315501807,1239.6875430046218,NO
803.9648822998837,1239.6106515856666,NO
804.9743770036438,1239.5332954294809,NO
806.0,1239.5000000004902,NO
807.0,1239.5000000004902,NO
808.0,1239.5000000004902,NO
809.0,1239.5000000004902,NO
810.0,1239.5000000004902,NO
811.0,1239.5000000004902,NO
812.0,1239.5000000004902,NO
813.0,1239.5000000004902,NO
814.0,1239.5000000004902,NO
815.0169180902445,1239.4793459206367,NO
816.0366978253672,1239.4068671942891,NO
817.0343151039413,1239.3017362520065,NO
818.0261165127391,1239.1644372985722,NO
819.0013040592635,1239.0069278146207,NO
819.9756608794464,1238.8486225330357,NO
820.9512847016671,1238.7006650409824,NO
821.9603738826748,1238.5606669600907,NO
823.0,1238.5000000004902,NO
824.0,1238.5000000004902,NO
825.0,1238.5000000004902,NO
826.0,1238.5000000004902,NO
827.0058095540228,1238.4938121052746,NO
828.0111857207843,1238.4753931182756,NO
829.0165364673136,1238.4438736053698,NO
830.0159051992064,1238.405582576737,NO
831.0157139846485,1238.3642787323163,NO
832.0138773154334,1238.3217014008308,NO
833.0078824945069,1238.2871480108197,NO
834.0150290819277,1238.239525991434,NO
835.0114631128235,1238.1771571912075,NO
836.0057523205559,1238.1222368089632,NO
837.0046744801463,1238.0567615477848,NO
837.997713081163,1237.9740815870312,NO
838.9898300905348,1237.8872466559299,NO
839.9777212343711,1237.7934150860094,NO
840.9732009399225,1237.6962773251798,NO
841.9655772565225,1237.609875581702,NO
842.9743742885261,1237.5332459755518,NO
844.0,1237.5000000004902,NO
845.0,1237.5000000004902,NO
846.0,1237.5000000004902,NO
847.0,1237.5000000004902,NO
848.0,1237.5000000004902,NO
849.0,1237.5000000004902,NO
850.0,1237.5000000004902,NO
851.0,1237.5000000004902,NO
852.0178211269699,1237.4783565757962,NO
853.0318205581168,1237.4161149668407,NO
854.0238354541922,1237.34731662564,NO
855.0088858881347,1237.3021202067137,NO
856.008010535923,1237.272358230516,NO
857.0137308085532,1237.2258939392239,NO
858.0057003266446,1237.1816979188216,NO
859.0066650596567,1237.1416325144035,NO
860.0056634514476,1237.08495177552,NO
861.0013622251504,1237.0257309197839,NO
861.9946615629748,1236.9486301347504,NO
862.9840658217362,1236.8495105354878,NO
863.9819861850815,1236.7582356498697,NO
864.9641409592716,1236.6734265864604,NO
865.9624476792845,1236.5744070403803,NO
866.9913521416302,1236.5099547155053,NO
868.0,1236.5000000004902,NO
869.0,1236.5000000004902,NO
870.0,1236.5000000004902,NO
871.0,1236.5000000004902,NO
872.0,1236.5000000004902,NO
873.0,1236.5000000004902,NO
874.0,1236.5000000004902,NO
875.0,1236.5000000004902,NO
876.0058103582345,1236.4938804632739,NO
877.0056721228178,1236.4821304525387,NO
878.0046198605306,1236.47122576974,NO
879.0214869451265,1236.438333667502,NO
880.0205020248388,1236.387260473351,NO
881.0188635660672,1236.331738585141,NO
882.0229958872576,1236.2549544022042,NO
883.0157164902787,1236.1635797871338,NO
884.006966445712,1236.059214790551,NO
884.993237286473,1235.9452542240635,NO
885.9816258123404,1235.8326636445615,NO
886.9590685915234,1235.7179051590597,NO
887.955822428289,1235.5903534332083,NO
888.9913550060069,1235.5101170301773,NO
890.0,1235.5000000004902,NO
891.0169272455894,1235.4796053220914,NO
892.0312803086373,1235.4198146546862,NO
893.0197780604103,1235.3602432385796,NO
894.0,1235.335294117647,NO
894.9854024626177,1235.3545116455562,NO
895.9796827347841,1235.3985309564482,NO
896.9780335285109,1235.4481160050073,NO
897.9885410203145,1235.4870066212081,NO
899.0,1235.5000000004902,NO
900.0,1235.5000000004902,NO
901.0,1235.5000000004902,NO
902.0058087541277,1235.4937441141878,NO
903.0165125652354,1235.4678560446498,NO
904.0310121333799,1235.4055432593502,NO
905.0309919421055,1235.3161178071095,NO
906.023380599241,1235.2129304618768,NO
907.012918764758,1235.0866917141757,NO
907.9935657231114,1234.9537819571528,NO
908.9779397604156,1234.8269119631375,NO
909.9568167816602,1234.7023859289902,NO
910.961861195883,1234.577156736963,NO
911.9913524297866,1234.5099710443708,NO
913.0,1234.5000000004902,NO
914.0,1234.5000000004902,NO
915.0,1234.5000000004902,NO
916.0,1234.5000000004902,NO
917.0,1234.5000000004902,NO
918.0,1234.5000000004902,NO
919.0,1234.5000000004902,NO
920.0,1234.5000000004902,NO
921.0,1234.5000000004902,NO
922.0,1234.5000000004902,NO
923.0105369200932,1234.4885299415187,NO
924.0055589637011,1234.4725119273612,NO
924.9897112388438,1234.4770243905705,NO
925.9941903127676,1234.4938234280946,NO
927.0,1234.5000000004902,NO
928.0,1234.5000000004902,NO
929.0,1234.5000000004902,NO
930.0,1234.5000000004902,NO
931.0,1234.5000000004902,NO
932.0,1234.5000000004902,NO
933.0,1234.5000000004902,NO
934.0,1234.5000000004902,NO
935.0,1234.5000000004902,NO
936.0,1234.5000000004902,NO
937.0,1234.5000000004902,NO
938.0,1234.5000000004902,NO
939.0,1234.5000000004902,NO
940.0086528088101,1234.5096741905681,NO
941.024687733434,1234.5503305753468,NO
942.0278240086145,1234.616479900462,NO
943.0266797598819,1234.6976293940363,NO
944.0191066612596,1234.7834578433772,NO
945.0116928895659,1234.870361441769,NO
946.0037990556426,1234.956944036909,NO
946.9965173766758,1235.0413055316312,NO
947.9870150781309,1235.1298492109133,NO
948.982887354952,1235.2181862239543,NO
949.9787144494629,1235.2933954116306,NO
950.975060587591,1235.3634028742856,NO
951.9791961266848,1235.4243990029686,NO
952.983471451787,1235.4683088957136,NO
953.9941912458723,1235.4937441141878,NO
955.0,1235.5000000004902,NO
956.0,1235.5000000004902,NO
957.0,1235.5000000004902,NO
958.0,1235.5000000004902,NO
959.0,1235.5000000004902,NO
960.0,1235.5000000004902,NO
961.0,1235.5000000004902,NO
962.0,1235.5000000004902,NO
963.0,1235.5000000004902,NO
964.0,1235.5000000004902,NO
965.0,1235.5000000004902,NO
966.0,1235.5000000004902,NO
967.0,1235.5000000004902,NO
968.0,1235.5000000004902,NO
969.0,1235.5000000004902,NO
970.0086528088101,1235.5096741905681,NO
971.0246637538968,1235.5507673454827,NO
972.0335171854088,1235.6283964226425,NO
973.0251727693307,1235.7147086199427,NO
974.0175914988978,1235.8006296831352,NO
975.0101067459846,1235.8879469466929,NO
976.0018149631114,1235.9828586813683,NO
976.99367551189,1236.075011369119,NO
977.9878179801767,1236.1553207524562,NO
978.9817991746465,1236.2320605228238,NO
979.9822497915009,1236.3017535433594,NO
980.9802991729536,1236.3588364880418,NO
981.9798492051801,1236.4110762020605,NO
982.9876068556226,1236.4514645398885,NO
983.9944443341628,1236.472231608913,NO
984.9894630799068,1236.4885299415187,NO
986.0,1236.5000000004902,NO
987.0,1236.5000000004902,NO
988.0,1236.5000000004902,NO
989.0,1236.5000000004902,NO
990.0,1236.5000000004902,NO
991.0,1236.5000000004902,NO
992.0,1236.5000000004902,NO
993.0,1236.5000000004902,NO
994.0,1236.5000000004902,NO
995.0,1236.5000000004902,NO
996.0,1236.5000000004902,NO
997.0,1236.5000000004902,NO
998.0,1236.5000000004902,NO
999.0,1236.5000000004902,NO
1000.0256502812646,1236.5327984543721,NO
1001.0283458577967,1236.5984336777146,NO
1002.0332440539306,1236.6917369599219,NO
1003.0197655930447,1236.7855222967066,NO
1004.0110510856339,1236.8719078672307,NO
1005.0038232414822,1236.9556851542209,NO
1005.997851359338,1237.0313087645989,NO
1006.9951313898088,1237.0919626379375,NO
1007.9929920331795,1237.142962518874,NO
1008.9876145722026,1237.197392754048,NO
1009.9891726316004,1237.2509980837556,NO
1010.9873111192707,1237.2941513238059,NO
1011.9861561303212,1237.3362082858346,NO
1012.9836963605102,1237.377948003535,NO
1013.9844106858926,1237.4184500187896,NO
1014.9830261512504,1237.4556138441549,NO
1015.9943297227869,1237.4819735761332,NO
1016.9941896417655,1237.4938804632739,NO
1018.0,1237.5000000004902,NO
1019.0,1237.5000000004902,NO
1020.0,1237.5000000004902,NO
1021.0,1237.5000000004902,NO
1022.0,1237.5000000004902,NO
1023.0,1237.5000000004902,NO
1024.0,1237.5000000004902,NO
1025.0,1237.5000000004902,NO
1026.0,1237.5000000004902,NO
1027.0,1237.5000000004902,NO
1028.0,1237.5000000004902,NO
1029.0,1237.5000000004902,NO
1030.0,1237.5000000004902,NO
1031.0,1237.5000000004902,NO
1032.0256502812645,1237.5327984543721,NO
1033.0284240789952,1237.5973255440588,NO
1034.0235271243746,1237.6666990684557,NO
1035.019066902942,1237.7371859455804,NO
1036.0135757202597,1237.807677294645,NO
1037.0099640638634,1237.8870739451345,NO
1038.0020362204298,1237.9804061809477,NO
1038.9921368296616,1238.0786316986737,NO
1039.9807834204855,1238.178190097796,NO
1040.970276365921,1238.280723216587,NO
1041.969788695478,1238.3757991698424,NO
1042.9717588849808,1238.45009276726,NO
1043.9941930638495,1238.4935895861242,NO
1045.0,1238.5000000004902,NO
1046.0,1238.5000000004902,NO
1047.0,1238.5000000004902,NO
1048.0,1238.5000000004902,NO
1049.0,1238.5000000004902,NO
1050.0,1238.5000000004902,NO
1051.0,1238.5000000004902,NO
1052.0,1238.5000000004902,NO
1053.0,1238.5000000004902,NO
1054.0,1238.5000000004902,NO
1055.0,1238.5000000004902,NO
1056.0,1238.5000000004902,NO
1057.0,1238.5000000004902,NO
1058.0,1238.5000000004902,NO
1059.0,1238.5000000004902,NO
1060.0,1238.5000000004902,NO
1061.0,1238.5000000004902,NO
1062.0086527702874,1238.5096763735187,NO
1063.0246904168728,1238.550281698426,NO
1064.0272002794409,1238.6146627045632,NO
1065.0223033594732,1238.6840357380443,NO
1066.0177778672394,1238.7549537341058,NO
1067.0145491757373,1238.835109344932,NO
1068.0069611993313,1238.9211064091528,NO
1068.9986231451935,1239.0135037683299,NO
1069.9889597422628,1239.1104025707596,NO
1070.9844022869245,1239.1988708413403,NO
1071.9841899852079,1239.2687702504636,NO
1072.9861498878724,1239.3210707787466,NO
1073.994471511464,1239.3524411213536,NO
1075.0,1239.3607843137254,NO
1075.9949562357342,1239.367474252569,NO
1077.0,1239.3745098039215,NO
1078.0050436046922,1239.3674626265074,NO
1079.0007054914277,1239.3598006468121,NO
1080.0007016469292,1239.3578399525295,NO
1081.0,1239.356862745098,NO
1081.995009705199,1239.3635786201455,NO
1082.9894730318276,1239.3834824075013,NO
1083.9828553965185,1239.4163689691914,NO
1084.9938837891582,1239.4456096457359,NO
1085.9946047923245,1239.4585926648083,NO
1086.9888075094975,1239.4756808312898,NO
1087.9941904332234,1239.4938131893437,NO
1089.0,1239.5000000004902,NO
1090.0,1239.5000000004902,NO
1091.0,1239.5000000004902,NO
1092.0,1239.5000000004902,NO
1093.0086612521486,1239.5091957347445,NO
1094.0120957997567,1239.5049996325517,NO
1095.0179538183463,1239.473413868224,NO
1095.984179048758,1239.4760668129752,NO
1097.025371826893,1239.538232746414,NO
1098.0144598953682,1239.5903029386081,NO
1099.0192713535955,1239.6359855392725,NO
1100.0164815475212,1239.6886818767994,NO
1101.017134502318,1239.7503258180404,NO
1102.0125297665327,1239.8174233980567,NO
1103.0067197146486,1239.877605199035,NO
1104.0036666693734,1239.9307406888668,NO
1105.0008625090582,1239.9725075227057,NO
1105.9998403605143,1240.0047891848942,NO
1106.9993870469607,1240.0312606041925,NO
1107.9990007438773,1240.0509620609232,NO
1108.9976090817584,1240.0762105218996,NO
1109.9984353847874,1240.099744213346,NO
1111.0015657435295,1240.0998161435348,NO
1112.001321432818,1240.0842413366897,NO
1113.0010753162792,1240.0685514083546,NO
1114.0009979383126,1240.0508948526137,NO
1115.0006183308542,1240.0315348727386,NO
1115.9993804686862,1240.0315960961798,NO
1116.9980761655543,1240.0577150372449,NO
1117.9973845730424,1240.0889245195406,NO
1118.996256813802,1240.1193140646749,NO
1119.9922135257477,1240.1588440700052,NO
1120.986648771763,1240.2127851984383,NO
1121.991798416837,1240.2614254734297,NO
1122.9955144239248,1240.2859554562835,NO
1123.990937757564,1240.308116253157,NO
1124.9801735847232,1240.3486714510348,NO
1125.9719844255383,1240.4082269508672,NO
1126.9817424396651,1240.465567785069,NO
1127.9941914924855,1240.493723152071,NO
1129.0,1240.5000000004902,NO
1130.0,1240.5000000004902,NO
1131.0,1240.5000000004902,NO
1132.0,1240.5000000004902,NO
1133.0,1240.5000000004902,NO
1134.0,1240.5000000004902,NO
1135.0,1240.5000000004902,NO
1136.0,1240.5000000004902,NO
1137.0,1240.5000000004902,NO
1138.0,1240.5000000004902,NO
1139.0,1240.5000000004902,NO
1140.0,1240.5000000004902,NO
1141.0,1240.5000000004902,NO
1142.0,1240.5000000004902,NO
1143.0,1240.5000000004902,NO
1144.0,1240.5000000004902,NO
1145.0,1240.5000000004902,NO
1146.0,1240.5000000004902,NO
1147.0,1240.5000000004902,NO
1148.0,1240.5000000004902,NO
1149.0,1240.5000000004902,NO
1150.0,1240.5000000004902,NO
1151.0,1240.5000000004902,NO
1152.0,1240.5000000004902,NO
1153.0,1240.5000000004902,NO
1154.0,1240.5000000004902,NO
1155.0058069361505,1240.4935895861242,NO
1156.0281860044452,1240.449214442492,NO
1157.0395468977706,1240.3538406634261,NO
1158.0270239473627,1240.2505856892883,NO
1159.0128778857577,1240.1641930431028,NO
1160.0049048252474,1240.1042275340799,NO
1160.9987985386697,1240.0875350395202,NO
1161.9944835527485,1240.117224501359,NO
1162.9919452106717,1240.164317697395,NO
1163.9900305786766,1240.2118501981852,NO
1164.9961619067071,1240.2446784315857,NO
1166.0,1240.2529411764706,NO
1167.0,1240.2529411764706,NO
1168.0,1240.2529411764706,NO
1169.0,1240.2529411764706,NO
1170.0,1240.2529411764706,NO
1170.9964357401861,1240.259681785671,NO
1172.0,1240.2666666666667,NO
1173.0035632867493,1240.2596108909777,NO
1174.0033753260404,1240.2459166107978,NO
1175.0031878640862,1240.232258668458,NO
1176.0004401965325,1240.2245002432826,NO
1177.0033801088077,1240.2154819225466,NO
1178.0027576916768,1240.200917535868,NO
1179.0,1240.1941176470589,NO
1180.0032654742658,1240.1850435329998,NO
1181.0029570752833,1240.1675675914867,NO
1182.0,1240.1588235294118,NO
1182.9970414821073,1240.167649339337,NO
1183.9906393123995,1240.1989146068736,NO
1184.9889855622316,1240.2442331812615,NO
1185.9911177168344,1240.2831227868505,NO
1186.9951771246206,1240.3074582855306,NO
1188.0,1240.3156862745097,NO
1189.0,1240.3156862745097,NO
1190.0,1240.3156862745097,NO
1191.0,1240.3156862745097,NO
1192.0006170400777,1240.3146904560072,NO
1193.0047939072924,1240.3056115701052,NO
1194.003992801139,1240.2909040821298,NO
1195.007899125354,1240.2685702710426,NO
1196.0104090056857,1240.2308083831283,NO
1197.0064147921191,1240.1924437764849,NO
1198.0053124562312,1240.1593736976297,NO
1199.002121198515,1240.135226396576,NO
1200.0018745906339,1240.1195051451753,NO
1201.0016298946782,1240.1039057790108,NO
1202.0,1240.0960784313725,NO
1203.0,1240.0960784313725,NO
1204.0,1240.0960784313725,NO
1205.0,1240.0960784313725,NO
1206.0,1240.0960784313725,NO
1206.998147087115,1240.104998391852,NO
1207.992614440682,1240.1395050108445,NO
1208.9872960222967,1240.1963341931394,NO
1209.9848560712694,1240.2574467874579,NO
1210.9860091757178,1240.3102313159118,NO
1211.9863087271963,1240.3549199159272,NO
1212.9594742447066,1240.4242270632478,NO
1214.0231343086575,1240.5330646770715,NO
1215.0,1240.570588235294,NO
1216.0,1240.570588235294,NO
1216.9922723060201,1240.56209736181,NO
1218.0611531780203,1240.4551476832305,NO
1219.0462653069872,1240.31252688012,NO
1220.0130259501568,1240.2232073869363,NO
1221.0083414661779,1240.1701659049497,NO
1222.0057781790313,1240.1227863015533,NO
1223.0027743238206,1240.083229720202,NO
1224.0011166706724,1240.0569502028059,NO
1225.0,1240.0470588235294,NO
1225.9990146095267,1240.0558387908434,NO
1227.0,1240.0647058823529,NO
1228.0009810774548,1240.0555943864742,NO
1229.0010576503553,1240.0207462177198,NO
1229.9972533044165,1239.9610884788951,NO
1230.9921093712865,1239.8912372853417,NO
1231.9877492967719,1239.8214897491532,NO
1232.9776232418283,1239.7463967457786,NO
1234.9709240631753,1238.9406212937563,NO
1235.9845272680514,1238.6441271612007,NO
1236.993210848769,1238.615281448398,NO
1238.0007707864718,1238.6068988789405,NO
1239.0131396233107,1238.62771064927,NO
1240.027759676168,1238.6871577979207,NO
1242.0853636166976,1239.9056507334521,NO
1244.021325232437,1240.955285802383,NO
1246.0064837844045,1241.6325855677544,NO
1247.0,1241.6411764705883,NO
1248.0,1241.6411764705883,NO
1249.006164502449,1241.6506782110387,NO
1250.0197269654868,1241.6931697954446,NO
1251.0160008796997,1241.9661034000685,NO
1253.0196576135938,1242.7033754037611,NO
1254.0084123620697,1242.7305330353083,NO
1254.9971230887272,1242.740293362628,NO
1255.997255302649,1242.7477373737815,NO
1257.0004863423248,1242.7519654013427,NO
1258.0004825030649,1242.7539234240817,NO
1259.0,1242.7549019607843,NO
1260.0,1242.7549019607843,NO
1261.0,1242.7549019607843,NO
1262.0,1242.7549019607843,NO
1263.0,1242.7549019607843,NO
1264.0,1242.7549019607843,NO
1264.9944861899007,1242.7443597083832,NO
1265.9940265964392,1242.7230512838225,NO
1267.0,1242.7117647058824,NO
1267.9947613233023,1242.7031416678149,NO
1268.994452924712,1242.6856657485198,NO
1270.0,1242.6764705882354,NO
1270.9941386503003,1242.6678568660327,NO
1271.9873802691973,1242.6424409379333,NO
1273.9867622704623,1241.969914250071,NO
1274.9920006677162,1241.7211267386576,NO
1276.0,1241.7117647058824,NO
1277.0079993345087,1241.7211266610993,NO
1278.0139357193948,1241.967239418399,NO
1280.0209576478003,1242.618271419948,NO
1281.0260527019088,1242.6901260800996,NO
1282.016432111477,1242.9642748294846,NO
1284.0288275008622,1243.9417469149414,NO
1286.014658886657,1244.6553457235848,NO
1287.0,1244.6646341463415,NO
1288.9322325686378,1243.9285004529906,NO
1289.939701007786,1242.938484603571,NO
1290.985109336047,1241.9728030029883,NO
1291.8128485493098,1241.5572822203637,NO
1292.9740393695486,1240.9494224594428,NO
1294.9128307976112,1239.9107047231323,NO
1295.912681734609,1238.9124447844952,NO
1296.9152859977742,1237.9129295557657,NO
1297.9224076299324,1236.9202188469667,NO
1298.9033831811062,1235.9128403816424,NO
1299.63140375576,1233.9908853549198,NO
1300.482758466017,1231.7745014295804,NO
1300.953950825779,1230.973496141512,NO
1302.9681949876374,1229.684494275094,NO
1303.9791437484348,1229.6201182799227,NO
1305.9772654608196,1228.948756244387,NO
1306.9803651208545,1228.6745760251008,NO
1307.9868486942637,1228.627379647191,NO
1308.991325855963,1228.59783513193,NO
1310.9775955231569,1227.9495002064093,NO
1311.9857047350997,1227.678833048256,NO
1312.988118844146,1227.6435653004658,NO
1313.9854232502523,1227.6087293408925,NO
1314.990904711394,1227.5783093378793,NO
1316.0,1227.5666666666666,NO
1317.0,1227.5666666666666,NO
1318.0,1227.5666666666666,NO
1319.0082899621518,1227.5772119412818,NO
1320.0146481600664,1227.6068125375646,NO
1321.01260941762,1227.6427331447892,NO
1322.0142955598978,1227.6788264206446,NO
1323.0219073512797,1227.952215507345,NO
1325.0126104853082,1228.6427028936264,NO
1326.014295575357,1228.6788260733279,NO
1327.0227511143037,1228.9473383279396,NO
1327.9307511217798,1229.1695047060864,NO
1329.0695116823342,1229.1701479877577,NO
1329.9798734986464,1228.951373199051,NO
1330.9864774007963,1228.6961922709227,NO
1332.99145161554,1227.9814589836578,NO
1333.9747139490398,1227.721297693303,NO
1334.9823925572255,1227.6546232509672,NO
1335.9854329135176,1227.6089887232852,NO
1337.912665727507,1226.8986207419546,NO
1338.9266072731282,1225.9247775376766,NO
1339.6383829742074,1224.836541797693,NO
1342.0,1223.629411764706,NO
1343.0056847714168,1223.6375958456356,NO
1344.0060982674956,1223.654431524885,NO
1345.0112274863125,1223.6818878676552,NO
1346.0110230294952,1223.7189127499676,NO
1347.0077307821407,1223.747876745699,NO
1348.0100785889076,1223.9741394353623,NO
1348.925948207405,1224.1927697547897,NO
1350.0753963369934,1224.2049447338375,NO
1350.993786132986,1223.9840558920462,NO
1351.9887712111104,1223.7584615802234,NO
1352.9941129157307,1223.7270533601527,NO
1353.9948321440108,1223.7071548410966,NO
1354.9834219509078,1223.6748152031978,NO
1356.9786576949348,1222.9544029066617,NO
1357.9827322905176,1222.6795880644213,NO
1358.988249027555,1222.6474708029948,NO
1360.969305831565,1221.9369614381667,NO
1363.003623685238,1221.0086005767039,NO
1363.9840420884793,1220.7839212635417,NO
1364.9791832028234,1220.7206166786991,NO
1366.9868772064729,1219.9727184026694,NO
1367.8133660816177,1219.5847919708817,NO
1368.9042795279097,1218.9065585829724,NO
1369.8974451366064,1217.9020091026484,NO
1370.893164752744,1216.893164752744,NO
1371.906635378516,1215.8976299983547,NO
1372.9715043796061,1214.9447533874443,NO
1373.7839246184456,1214.4803585837792,NO
1374.9005828786885,1213.8936208949658,NO
1375.9106140518866,1212.9083855934944,NO
1376.9162217168434,1211.9116867125022,NO
1377.9718921565334,1210.948121596981,NO
1378.7861601535024,1210.4879614683266,NO
1379.9694538903352,1209.9361546986038,NO
1381.9903068267292,1208.9794186048102,NO
1383.9408943395053,1207.9390340733332,NO
1384.9308061620088,1206.9377529651292,NO
1385.9681245269226,1205.9433871934245,NO
1387.9658478354056,1204.9322625131244,NO
1389.9682539783632,1203.9348729700632,NO
1391.970201205772,1202.9402766777227,NO
1392.9809933112747,1202.6403073628856,NO
1394.9071084214127,1201.9000533632668,NO
1395.966712485227,1200.9373607662606,NO
1397.8825347616646,1199.8825347616646,NO
1398.9275202246768,1197.9614830602518,NO
1399.922063287778,1196.9111776263217,NO
1401.9766663840428,1195.7274084640505,NO
1402.993862037423,1195.6869639167337,NO
1403.9886964262855,1195.6608927658165,NO
1405.9236155546553,1194.9129308298027,NO
1406.9347814843272,1193.9347814843272,NO
1408.9623296863826,1192.6336377217492,NO
1410.9773041229312,1191.9490120022015,NO
1411.9803565442885,1191.6744338790695,NO
1413.9135591668512,1190.901898527928,NO
1414.9219961313634,1189.9219961313634,NO
1415.905398026318,1188.912733473024,NO
1416.9350599843108,1186.968930135852,NO
1417.919520532966,1184.9613960271647,NO
1418.922541852437,1182.9591059475063,NO
1419.8935227945888,1181.8957792634615,NO
1420.4842598294788,1180.7832969165165,NO
1420.9451846904228,1179.9716671916708,NO
1421.9639384978022,1177.9810471115036,NO
1422.9064265082973,1176.9180026134218,NO
1423.576492158261,1175.7953592666358,NO
1424.786431899288,1174.5734214302959,NO
1425.8933412557003,1173.8933412557003,NO
1426.4974152296102,1172.7901082760297,NO
1426.9493156259618,1171.9739291241633,NO
1427.7499395936036,1169.9834282426125,NO
1427.9846956913157,1168.9938098425637,NO
1428.6376254222162,1166.9801049248867,NO
1428.709310298829,1165.9755602145058,NO
1428.9782675152871,1164.989753077297,NO
1429.9653074382995,1162.9817845155953,NO
1430.9160846592963,1161.9206890709547,NO
1431.9143210272189,1160.9143210272189,NO
1432.9123909175526,1159.9147944584895,NO
1433.904754481415,1158.9092899770735,NO
1434.5110826676528,1157.7945673043441,NO
1434.9253286937496,1156.9628640034784,NO
1435.1178398028665,1155.9963979100146,NO
1434.8859417105236,1155.1062026127852,NO
1433.923450798235,1154.0686721037926,NO
1432.7292508942498,1152.023472199753,NO
1432.6898578618795,1151.0054730968134,NO
1432.6803921568628,1150.0,NO
1432.671798461065,1149.005791792137,NO
1432.6543017178726,1148.006100558208,NO
1432.6375795591937,1147.0056850268904,NO
1432.6218885946614,1146.0059311596833,NO
1432.6035519320997,1145.0085508405064,NO
1432.5912030166419,1144.0008015626706,NO
1432.6104712251292,1142.9854881439774,NO
1432.636650769318,1141.99358795445,NO
1432.6544290039637,1140.9939016880173,NO
1432.679658845603,1139.9827361050723,NO
1432.954043479135,1138.97856003333,NO
1433.6475477072154,1136.984312212503,NO
1433.9368638106948,1135.9708700917472,NO
1434.6526112941754,1133.957276792858,NO
1436.8409221737663,1131.6369762478464,NO
1437.9334916749642,1130.929495464783,NO
1438.9277206853758,1129.9316811958474,NO
1439.9458038142218,1127.9760043224037,NO
1440.6388024775747,1125.9767776087458,NO
1440.9369780593304,1124.9699433825265,NO
1441.6307967251846,1122.9901399721177,NO
1441.922850976167,1121.9652712854584,NO
1442.5717136827848,1119.9840442355667,NO
1442.6089894211368,1118.9854329395162,NO
1442.657287506121,1117.9793219955563,NO
1442.9481444029013,1116.9751902376358,NO
1443.9350504201664,1114.9664996913643,NO
1444.8966804652225,1113.9037034927312,NO
1445.8897534838707,1112.8920898321155,NO
1446.8944252304352,1111.8894535648312,NO
1447.9050169198908,1110.897626304461,NO
1448.9042079292963,1109.9065731662993,NO
1449.7691467485838,1107.9700489782979,NO
1450.0094984561317,1107.0040537341727,NO
1450.2688621532936,1106.1016357994263,NO
1450.3371022403412,1104.8946088369617,NO
1450.0629852915424,1103.9747527301631,NO
1449.8485603698637,1103.0220660547661,NO
1449.7286844519922,1102.0292595204014,NO
1449.629150690328,1101.0334491534213,NO
1449.5570521475472,1100.0165019784802,NO
1449.556724052154,1098.9834857983585,NO
1449.6141742047362,1097.9727652382187,NO
1449.6729986651806,1096.9765028984625,NO
1449.955171729383,1095.9784370345933,NO
1450.9357219590775,1093.9686678161145,NO
1451.8832293704895,1092.8940917557225,NO
1452.9166129310552,1090.9575295673872,NO
1453.9170870631956,1088.9585435315978,NO
1454.6073238942286,1086.9861408442039,NO
1454.6327360340613,1085.9935188708835,NO
1454.6503819473785,1084.9938302693683,NO
1454.6678805556348,1083.9941390683523,NO
1454.6764705882354,1083.0,NO
1454.6858044782286,1081.9944553728835,NO
1454.7139553715715,1080.9893434356288,NO
1454.738243440521,1079.9903439750638,NO
1454.9755793071893,1078.9895485550574,NO
1455.9324792001303,1076.9665862174593,NO
1456.9349634455132,1074.9664548307553,NO
1457.8895345585363,1073.899524974542,NO
1458.6089678674546,1071.9861988667847,NO
1458.6244789778932,1071.0007363156913,NO
1458.607078772787,1070.0138678071405,NO
1457.9665014256193,1068.0142981719123,NO
1457.7153184427193,1067.013234454007,NO
1457.6705500086432,1066.0174414699427,NO
1457.6177728965167,1065.0209850177146,NO
1456.9227477939055,1063.0369398863008,NO
1456.615731676899,1062.0095021841253,NO
1456.6180088061249,1060.9940079808846,NO
1456.6336614279537,1059.9942535122234,NO
1456.650384378314,1058.9938303122674,NO
1456.6678805556348,1057.9941390683523,NO
1456.672132572312,1056.9970812989413,NO
1456.940190464508,1055.9734652112882,NO
1457.60707269696,1053.9853615321463,NO
1457.6537344218468,1052.975118641478,NO
1458.9092539067813,1050.9136272076203,NO
1459.8994271854199,1049.9042163615477,NO
1460.8928661908542,1048.8951365744974,NO
1461.9194579084071,1046.9613659877414,NO
1462.9206651729867,1044.959110797134,NO
1463.5274875549856,1043.7742303373548,NO
1463.9676396964528,1042.9809796168015,NO
1464.9412309019929,1041.9414002632495,NO
1465.9254024761938,1040.9328824407019,NO
1466.6114962476972,1039.0097810609868,NO
1466.6024741539015,1038.0184804297724,NO
1465.916109619994,1036.0419877727716,NO
1464.914018101832,1034.041288770214,NO
1464.6025388536739,1033.0035382296949,NO
1464.6282120640042,1031.9834515755656,NO
1464.935564679035,1030.9681131176346,NO
1465.9471681558346,1028.9719839633192,NO
1466.9090543511973,1027.9134255690437,NO
1467.8890832721709,1026.8996467764275,NO
1468.5982009159272,1024.9921215863812,NO
1468.5973353190363,1024.0086849243148,NO
1468.5862745098038,1023.0,NO
1468.6071025709336,1021.9853626450981,NO
1468.6557145954755,1020.9795878216072,NO
1469.6246379540287,1018.8091626357233,NO
1470.9634566813252,1016.965252163647,NO
1471.9218200606501,1015.9410999455749,NO
1472.5666666666666,1014.0,NO
1472.587933217703,1012.9846484927375,NO
1472.6463619251556,1011.9743439030894,NO
1472.7069074972558,1010.9839086467023,NO
1472.7630932651284,1009.9852372660918,NO
1472.9936129291934,1008.99740362974,NO
1473.609815721503,1006.9862287910433,NO
1473.6587796427677,1005.97873701083,NO
1473.9464572382199,1004.9751875012819,NO
1474.611918920122,1002.9819586444177,NO
1474.9232785879533,1001.9631986714662,NO
1475.611919551012,999.9819586737468,NO
1476.9188951915396,997.915344776144,NO
1477.909953437843,996.9144146768001,NO
1478.6486002192958,994.9906154363413,NO
1478.9357892482483,993.970339195581,NO
1479.5666666666666,992.0,NO
1478.9292558540385,990.034386474636,NO
1477.9640495039987,988.0168119237364,NO
1477.6907567177468,987.0225072382362,NO
1477.643877258017,986.0118707572697,NO
1477.617200779802,985.0067552806753,NO
1477.5976635534173,984.00867784475,NO
1477.018425476708,981.9931861208365,NO
1476.8199475801107,981.0078283659946,NO
1476.783382109377,980.0076453368316,NO
1476.756345979478,979.0042997770356,NO
1476.755711252921,977.9937238071235,NO
1476.9880306199896,976.9948066740299,NO
1477.9548018971423,974.9780843398069,NO
1478.6325992317554,972.993516456725,NO
1478.6411764705883,972.0,NO
1478.6505338096072,970.9938329492902,NO
1478.6788991704693,969.985707678225,NO
1478.947398323203,968.9772748050993,NO
1479.5592320862897,966.9930859930629,NO
1479.5770424555446,965.9917067145983,NO
1479.5964662799413,964.9920875739101,NO
1479.6068662650302,963.9992291495795,NO
1479.6088253646194,962.999232990951,NO
1479.6088233958073,962.0007670129094,NO
1479.597513532783,961.008681080489,NO
1479.5703004154877,960.0151658667277,NO
1478.9531516401694,958.0193904093861,NO
1478.7012195121952,957.0,NO
1478.9552799577486,955.980976956767,NO
1479.63193895696,953.962563781032,NO
1480.8971208284408,951.9115554054436,NO
1481.5421338399824,950.0071822147397,NO
1481.535294117647,949.0,NO
1481.5436803442992,947.9928420441531,NO
1481.5705533146097,946.9848430591231,NO
1481.6067880943767,945.9853509293051,NO
1481.6436513258495,944.9841387830654,NO
1481.9378200568851,943.9703449505859,NO
1482.6539984816131,941.9755073696437,NO
1482.9451047153855,940.9741402381102,NO
1483.570588235294,939.0,NO
1483.569610819904,938.0008439003091,NO
1482.9251062612948,936.034595585246,NO
1482.6314194530319,935.0091142569181,NO
1482.6170864860985,934.006757297623,NO
1482.6078431372548,933.0,NO
1482.6170864332853,931.993242701445,NO
1482.6336602845115,930.994253494287,NO
1482.64866696966,929.9906172189919,NO
1482.9358719932584,928.9703774178957,NO
1483.5976649823363,926.9913221860699,NO
1483.6173346321805,925.9932470814257,NO
1483.6542630281717,924.9758467175506,NO
1483.9452722165356,923.9741657664422,NO
1484.60927057714,921.9862095506553,NO
1484.6335248713567,920.994251370159,NO
1484.6411764705883,920.0,NO
1484.6335410370707,919.0057483762612,NO
1484.6170672065896,918.0067576378497,NO
1484.5985502638678,917.0078715636589,NO
1483.9497614165032,915.0223622963126,NO
1483.678842235191,914.0142948559862,NO
1483.6436463925143,913.0118784527859,NO
1483.6254901960785,912.0,NO
1483.6546838687589,910.9762444521849,NO
1483.9504953881908,909.9752998044248,NO
1484.942267698211,907.9733317790977,NO
1485.608704498223,905.9854223247411,NO
1485.6408478081685,904.9817380232813,NO
1485.937951298242,903.9698176458,NO
1486.9222380814426,901.9607936762309,NO
1487.9198269555122,899.9615430103404,NO
1488.570588235294,898.0,NO
1488.570588235294,897.0,NO
1488.570588235294,896.0,NO
1487.936066165559,894.0296278737288,NO
1487.64866696966,893.0093827810081,NO
1487.6336441120666,892.0057467593984,NO
1487.6093063510523,891.0137891867361,NO
1487.5901960784313,890.0,NO
1487.6095792346828,888.9862204444503,NO
1487.6441721962537,887.984865879226,NO
1487.932947582644,886.9698162835251,NO
1488.1543103488448,886.067896551281,NO
1488.1592012685367,884.9307820555834,NO
1487.9352316331233,884.030014608262,NO
1487.6441723817509,883.0151341128843,NO
1487.609516760359,882.0137817605257,NO
1487.5736525595566,881.0158835317709,NO
1487.5529411764705,880.0,NO
1487.5622669064169,878.992275297984,NO
1487.5812513063795,877.9917892410874,NO
1487.624032915659,876.9765717845573,NO
1487.934701784685,875.9676861001197,NO
1488.6441296960197,873.9848640715999,NO
1488.9353086768253,872.970021094916,NO
1489.580957546005,870.9917834810799,NO
1489.6003659567896,869.992164038164,NO
1489.6098039215685,869.0,NO
1489.600365983709,868.0078359613082,NO
1489.5809705648037,867.0082162636495,NO
1489.570588235294,866.0,NO
1489.570588235294,865.0,NO
1489.562096935878,864.0077277014963,NO
1489.544620143267,863.008036115498,NO
1489.535294117647,862.0,NO
1489.535294117647,861.0,NO
1489.535294117647,860.0,NO
1489.535294117647,859.0,NO
1489.5447829019051,857.9919667567133,NO
1489.5736309116423,856.9841156617382,NO
1489.609516760359,855.9862182394743,NO
1489.6441723817509,854.9848658871157,NO
1489.9353086768253,853.970021094916,NO
1490.570588235294,852.0,NO
1490.5620968967978,851.0077277021859,NO
1489.919681133177,849.0374497847408,NO
1489.6104349313855,848.0173396914641,NO
1488.8892488115455,846.0975869658224,NO
1487.9102171555512,845.0925687727124,NO
1486.9037309884282,844.1030105394165,NO
1485.8942303870667,843.1007922240963,NO
1484.6788355420658,841.0142951538998,NO
1484.6427331447892,840.0126094176202,NO
1484.6067873790546,839.0146490973442,NO
1483.9358719932584,837.0296225821043,NO
1483.6486975477721,836.009381964382,NO
1483.6411764705883,835.0,NO
1483.648697599444,833.990618036998,NO
1483.939116534842,832.9708709495795,NO
1484.9440060644215,830.9711189182686,NO
1485.9472105184932,828.9736608273477,NO
1486.6787695174633,826.9857019073197,NO
1486.9495077797394,825.9775988831013,NO
1487.597208803398,823.9913123469165,NO
1486.9000401351336,822.0931563138972,NO
1485.5814781781085,820.0375917809531,NO
1485.5576649501452,818.979436451982,NO
1486.9167329587651,816.9055004559457,NO
1487.9174837892836,815.9172506912461,NO
1488.2042795994182,815.0964653652699,NO
1488.1770653747747,813.9106661097625,NO
1487.905160468313,813.097181249618,NO
1486.9027187166535,812.0999212075042,NO
1485.6105570266004,810.017334256959,NO
1485.598824229382,808.993707046328,NO
1485.6494703864191,807.9745694189179,NO
1485.7376572004125,806.9706762545586,NO
1485.9919354187675,805.9963894971073,NO
1486.6322526017866,803.9942314129879,NO
1485.9347075461985,802.0557582255881,NO
1484.9492332476038,801.0564244895082,NO
1483.5969274365798,799.034131144872,NO
1483.5677017594678,798.0008476435647,NO
1483.5768964086178,796.9917038509329,NO
1483.5870704420718,795.9991903342424,NO
1482.906555281426,794.0807183241524,NO
1481.9334394037985,793.0612357480741,NO
1480.729015444355,791.0180292140287,NO
1480.7447174778015,789.9840921873805,NO
1481.7164551488288,787.8564772946321,NO
1482.9429243273873,785.9557329238337,NO
1483.6865495766756,783.9914771792261,NO
1483.678468185049,783.0145709284851,NO
1483.6491283855134,782.0211702956066,NO
1483.6182443592088,781.0059883241647,NO
1483.6180051141337,779.994007922971,NO
1483.6335429321118,778.994251653465,NO
1483.6411764705883,778.0,NO
1483.6246017222823,777.0132493501387,NO
1483.583150482235,776.0220685036438,NO
1483.544918560442,775.0080308493124,NO
1483.543816148986,773.9928441744228,NO
1483.5820817931135,772.9778749186974,NO
1483.6463064984887,771.9743398819389,NO
1483.7101090891963,770.9813621087251,NO
1483.9655168337001,769.9852815754416,NO
1484.570588235294,768.0,NO
1484.5620968918845,767.0077277022726,NO
1483.9328610809673,765.0302226552959,NO
1483.6436561641715,764.015861001579,NO
1483.6076243757063,763.0138485505681,NO
1483.5800355512506,762.0074111376806,NO
1483.5799102682304,760.9925866514425,NO
1483.5967756325133,759.9884337218815,NO
1483.9132663220782,758.958219753968,NO
1484.581096467005,756.9917862050212,NO
1484.6104705673094,755.9826618947046,NO
1484.9007760901172,754.9537354769404,NO
1485.0817082608958,754.001494663335,NO
1484.9165156774823,753.036067243782,NO
1484.666364292551,752.0089101522178,NO
1484.65038361133,751.0061697012677,NO
1484.6336441120666,750.0057467593984,NO
1484.6092439838071,749.0137913879329,NO
1484.5736305351074,748.0158843522895,NO
1483.9204898008884,746.0370727322136,NO
1483.6156975311967,745.0095030284798,NO
1483.6098039215685,744.0,NO
1483.600365983709,743.0078359613082,NO
1483.580957546005,742.0082165189201,NO
1482.9324865161452,740.0312867356091,NO
1481.9655708103396,738.0165260109459,NO
1481.6869270237728,737.0277801536341,NO
1480.969220599887,735.0135884414913,NO
1480.7155804330876,734.0132222744352,NO
1480.6901110233462,732.9972413444951,NO
1480.9542795144837,731.9790389165767,NO
1481.9287047880584,729.9657638213865,NO
1482.5976650362934,727.9913221872337,NO
1482.6151061180972,726.989720935143,NO
1482.9226578868443,725.9630171226082,NO
1483.596454445186,723.9920873418561,NO
1483.6068662650302,722.9992291495795,NO
1483.6088253646194,721.999232990951,NO
1483.6088235963482,721.0007670125161,NO
1483.5984125919938,720.0078742631075,NO
1482.9344786075228,718.0303635713362,NO
1482.6387968427648,717.0232227535319,NO
1481.9351001144169,715.0299791352785,NO
1481.6436129973642,714.0158629229502,NO
1481.6006158989878,713.0211438639434,NO
1481.5551979924999,712.0156988933875,NO
1481.535294117647,711.0,NO
1481.5569743327303,709.9834951225365,NO
1481.6299529433672,708.956399290532,NO
1482.9245891917517,706.924376465191,NO
1483.9129586966171,705.919698877022,NO
1484.6727310236888,703.9854331316327,NO
1484.6870608611355,702.9914910812198,NO
1484.6957593743039,702.0027574678081,NO
1484.69828282666,701.008057728478,NO
1484.677676327952,700.0113761288808,NO
1484.6505367057168,699.0061669996019,NO
1484.6363454577925,697.9967627192952,NO
1484.9237208847726,696.9656628757357,NO
1485.5736307598272,694.9841156560824,NO
1485.610435786325,693.9826603465896,NO
1485.9196041631983,692.96251432694,NO
1486.5444721491808,690.9919612728414,NO
1486.5529411764705,690.0,NO
1485.9126817714657,688.0407133341381,NO
1485.611201257202,686.9973080206013,NO
1485.6433635021997,685.9881121175375,NO
1485.6677290489245,684.9941363947042,NO
1485.6677501214476,684.0058632334276,NO
1485.6504037920413,683.0061693451374,NO
1485.6411764705883,682.0,NO
1485.6411764705883,681.0,NO
1485.6411764705883,680.0,NO
1485.633524812496,679.0057486307644,NO
1484.9523526130392,677.0223284825138,NO
1484.6756257853858,676.017481245483,NO
1484.6435365016287,675.0118821158152,NO
1483.932148735202,673.0335773185661,NO
1482.9248708862372,671.0377998244479,NO
1482.6063009782808,670.0215886801687,NO
1482.5717141011753,669.0159557488463,NO
1481.9237130702622,667.0343406419744,NO
1481.6363480113919,666.0032372579724,NO
1481.6487019426859,664.9906181529896,NO
1481.9336753006678,663.970143866562,NO
1482.5592320912347,661.9930859931404,NO
1482.5770424555446,660.9917067145983,NO
1482.5962745224504,659.9920838139592,NO
1482.5962745224504,659.0079161860408,NO
1482.5770423816073,658.0082932868514,NO
1481.9503486183032,656.022028074817,NO
1481.6841574374416,655.0084349643831,NO
1481.6609043327958,654.0113031881484,NO
1481.6271565749305,653.0131591788744,NO
1481.6068988789405,652.0007707864717,NO
1481.6152800691063,650.9932108244285,NO
1481.6427757665556,649.9873920866773,NO
1481.6788355420658,648.9857048461002,NO
1481.9525551388979,647.9781773120916,NO
1482.9292816087889,645.9660781693284,NO
1483.6207897463294,643.9799241632574,NO
1483.6855152193984,642.9727216590587,NO
1483.9644817826907,641.9829512557855,NO
1484.687351825025,639.9870244828015,NO
1484.6902135486382,639.0049368355725,NO
1484.672084506639,638.0136091410868,NO
1484.6347911198873,637.0200506838705,NO
1484.5877794959151,636.0153572341526,NO
1484.6132040986781,634.9726967601446,NO
1485.483503393738,632.5170165540301,NO
1486.5583746811621,631.5264499518785,NO
1487.577113523452,630.5898080619746,NO
1488.3858400547974,629.5366863466697,NO
1488.915898175446,628.9546227464749,NO
1489.4639141872697,627.7513474296685,NO
1489.8313215939688,626.9550438607642,NO
1490.0710617447075,626.0278134137201,NO
1490.9455521053742,623.9735149069282,NO
1491.1635321653043,623.0732339709335,NO
1491.1279602661546,621.9345735970205,NO
1490.917515773433,621.0408614172752,NO
1490.6184953217123,619.9862932449637,NO
1491.8912504392697,617.8915443543788,NO
1492.1079907608585,617.0068776238489,NO
1491.901530748793,616.0884874342365,NO
1490.6979088712244,614.0392964076226,NO
1490.6334284138939,613.0064689106483,NO
1490.6699970751595,611.9700595561143,NO
1491.9087402918801,609.9133641187316,NO
1492.1734290472273,609.0868133958768,NO
1492.168288143211,607.9141617510204,NO
1491.9051979161566,607.0859946668235,NO
1490.6944685632832,605.00860651928,NO
1490.9526203535174,603.978979791461,NO
1491.6089887719452,601.9854329153305,NO
1491.654980259865,600.9824107576799,NO
1491.7346531901508,599.971163705179,NO
1491.9947252869763,598.9974943711735,NO
1492.7575313432983,596.9780013488864,NO
1492.9992398503703,595.9996655341738,NO
1493.7186904874052,593.9790396826829,NO
1493.7819521609447,592.9838966657248,NO
1493.9848198522502,591.9940285131526,NO
1494.1540992767568,590.9927539528369,NO
1493.9390834530227,590.0282296185989,NO
1493.5305626463287,589.2003406877387,NO
1492.8960241468326,588.1062270201037,NO
1491.9141630211575,587.0454953764112,NO
1490.940197872755,585.0265315020075,NO
1490.672145961186,584.00291858187,NO
1490.6764705882354,583.0,NO
1490.6678591530342,582.0058613093407,NO
1490.6433174120193,581.0118894188016,NO
1489.9340004975736,579.0333442159766,NO
1489.6158081919828,578.0340907975525,NO
1489.554744712933,577.0165879417287,NO
1489.5417500551393,575.9928117651054,NO
1489.5703526062302,574.983993528794,NO
1489.6305721028345,573.9731983669029,NO
1489.7297913671496,572.9627204590905,NO
1490.9251697208674,570.9372482539886,NO
1491.9579021367947,568.9793432845662,NO
1492.955562817456,566.9788068824422,NO
1493.670499694956,564.9825558663915,NO
1493.7138299029934,563.9893387613095,NO
1493.741340900673,562.9949282528221,NO
1493.7477408906843,561.9977543700066,NO
1493.9715910643959,560.9888138029312,NO
1494.544620127271,558.9919638842197,NO
1494.5622421489534,557.9922748610875,NO
1494.5798699007541,556.9925859390752,NO
1494.5974977363567,555.9928970185416,NO
1494.6153949549828,554.9932128518265,NO
1494.6539901450242,553.9816818314046,NO
1494.7244104005028,552.9768297580925,NO
1494.97735616993,551.9903349506336,NO
1495.570588235294,550.0,NO
1494.9938053324274,548.0025181575628,NO
1494.7590832042847,547.0197785289989,NO
1494.6842165277249,546.0222905978487,NO
1494.6285421935756,545.0123819260501,NO
1494.6180229810473,543.9940082032364,NO
1494.6335429321118,542.994251653465,NO
1494.6411764705883,542.0,NO
1494.6335106385823,541.0057488531003,NO
1493.8928706180131,539.104859092164,NO
1492.5887560351973,537.019118166241,NO
1492.577405089767,535.9917138250735,NO
1492.6185932167832,534.9722405826499,NO
1492.9160445761609,533.9565199279533,NO
1493.0969907174733,533.0010729061963,NO
1492.8836438080873,532.1190044056668,NO
1491.898412195835,531.1094923319198,NO
1490.6048899110494,529.000393928314,NO
1490.6334276018579,527.9942498443628,NO
1490.6324648319837,527.0064859150358,NO
1489.9477967618975,525.024896928623,NO
1489.6574588652754,524.0206676652659,NO
1489.6254901960785,523.0,NO
1489.644272283015,521.984870136131,NO
1489.9329396175056,520.9698126980097,NO
1490.5590882041365,518.9930837360878,NO
1490.5666666666666,518.0,NO
1490.5666666666666,517.0,NO
1490.577210397547,515.9917100075788,NO
1490.6070979148453,514.9853624716361,NO
1490.6540696736488,513.9755124091597,NO
1491.90298491028,511.9073480232461,NO
1492.9138078437347,510.90709468600045,NO
1493.7469594291917,509.8442063944927,NO
1494.6433640172245,507.92236495683346,NO
1494.7823529411764,507.0,NO
1494.778700067466,505.9958078777381,NO
1494.99899448459,504.99956082164175,NO
1495.9798070250545,502.9895049670583,NO
1496.9147246771079,501.9266893264733,NO
1497.7061434770997,499.9838667004971,NO
1497.7413040514352,498.994927530288,NO
1497.7509803921569,498.0,NO
1497.7413040514352,497.005072469712,NO
1497.7062982381872,496.0161248028156,NO
1497.654326789541,495.01762255649476,NO
1497.6173210802926,494.0067531577253,NO
1496.9850785004805,492.00625937798753,NO
1496.7470224217977,491.0162646306656,NO
1496.6969572871487,490.01128982632684,NO
1496.6764705882354,489.0,NO
1496.6764705882354,488.0,NO
1496.6856649623508,486.9944529108385,NO
1496.703278260827,485.99476373376746,NO
1496.7221943789011,484.99455283081676,NO
1496.7617941671365,483.9831379716475,NO
1496.9989031406844,482.99951738191686,NO
1497.6899315712062,480.9829766350642,NO
1497.7541809073252,479.9821660649326,NO
1497.8170996713015,478.9886026503815,NO
1498.0196116623408,478.00722744501206,NO
1498.6084162379154,475.98541158563177,NO
1498.6334027467353,474.9942494544785,NO
1498.6324787326423,474.00648566973007,NO
1498.6064992142437,473.0146598328957,NO
1498.0027129622922,470.9989506207042,NO
1497.7948216480959,470.00547954042827,NO
1497.7776480298446,469.00392385848204,NO
1497.7508705312746,468.0092812937435,NO
1497.706663186774,467.01610476642236,NO
1497.6535719962362,466.01834030588395,NO
1497.615450522546,465.00678616756943,NO
1497.626621613321,463.9868219401288,NO
1497.7239776985575,462.9648206877215,NO
1497.8799219498908,461.97603232544037,NO
1498.0965659422725,461.03815331715543,NO
1498.419243254381,460.1410676763201,NO
1498.7342647046746,458.98957900794875,NO
1498.6558377808947,458.0556296659911,NO
1497.8852773044844,456.0602734348148,NO
1496.990848542726,455.00988253026185,NO
1495.9327784961472,454.1109875492357,NO
1494.7561578077957,453.4291622759319,NO
1492.8180080218428,452.23701279385097,NO
1491.662326899893,450.03707782981587,NO
1491.618807967465,448.98056667995826,NO
1493.0568387915448,446.1036327951649,NO
1493.94037813702,445.83197475268196,NO
1495.994852242936,444.97610663793097,NO
1496.9742470674457,444.8200822590668,NO
1498.966535918723,443.9627456504208,NO
1499.7673008022784,442.9048781564632,NO
1499.9622008465462,441.9960718526448,NO
1500.0079056909217,440.9998604878007,NO
1499.9470208503094,440.0055056763902,NO
1499.8351528969513,439.0235957627334,NO
1499.6403883993696,438.09434376341744,NO
1498.8736853158825,436.0465369895188,NO
1498.113615335839,434.9365453567428,NO
1497.8209877394613,434.10981799003014,NO
1496.949713391828,433.04934288796073,NO
1495.9486980652941,432.0511598276483,NO
1494.7368310350446,429.9978428773726,NO
1495.7972400985586,427.8868604703978,NO
1496.092727350908,427.0517298418289,NO
1496.9815678896348,425.98562385487287,NO
1497.9465921798296,424.9501849461423,NO
1498.9319280198515,423.9370158724138,NO
1499.2382639598495,423.1082523506519,NO
1499.2834002336795,421.88461328475785,NO
1498.9998097892735,421.0000941938142,NO
1498.7269118380357,420.0457872356494,NO
1498.5958218644234,419.0285302210862,NO
1498.5509803921568,418.0,NO
1498.5590948314414,416.9930838400455,NO
1498.5666666666666,416.0,NO
1498.559088192593,415.0069162640933,NO
1497.9653972284339,413.0143219935338,NO
1497.716772390957,412.0137271545665,NO
1497.6779826499728,411.01136531751604,NO
1497.6505136145388,410.0061674070933,NO
1497.6336621809912,409.0057464759643,NO
1497.617990129757,408.005992312078,NO
1497.6098039215685,407.0,NO
1497.6098039215685,406.0,NO
1497.6088251022172,405.0007670095635,NO
1497.597526948142,404.00868079113815,NO
1497.5770709988838,403.0082927257284,NO
1497.5666666666666,402.0,NO
1496.9835563703361,400.0069948028279,NO
1495.9908380837603,398.00465960111194,NO
1495.7111282592437,397.04233713265296,NO
1494.9076458111992,395.07700059770417,NO
1493.927764582939,394.07620784199474,NO
1491.973636564432,393.0541977918637,NO
1489.966339603711,392.0671108491549,NO
1488.8966367856185,391.114243559987,NO
1487.5388317755987,389.01184819505386,NO
1487.5313725490196,388.0,NO
1487.5408656480424,386.9918976287007,NO
1487.5697600269427,385.9839714523112,NO
1487.6067851096666,384.98535081811,NO
1487.6424711065204,383.987381333971,NO
1487.6678566292912,382.9941386461226,NO
1487.6764705882354,382.0,NO
1487.6597133965859,381.01201011465355,NO
1486.9841789756035,379.0066555179307,NO
1486.7506970895358,378.00347633540486,NO
1486.9771758425504,376.99036521216357,NO
1487.9556003489527,374.97747843796054,NO
1488.7090533569199,372.97793219216334,NO
1488.969523896995,371.9862921292348,NO
1489.6098039215685,370.0,NO
1489.6003521641794,369.0078362322793,NO
1489.5733648844853,368.0158942490772,NO
1489.5447829002026,367.00803324331673,NO
1489.535294117647,366.0,NO
1489.5447829019051,364.99196675671334,NO
1489.5736309116423,363.98411566173826,NO
1489.6092439838071,362.9862086120671,NO
1489.63341783743,361.9942496911953,NO
1489.6334036033486,361.00575053208445,NO
1488.9042311276414,359.09150690108913,NO
1487.8230213073236,358.4078646854768,NO
1486.9882631672656,358.0237513099659,NO
1484.9894149555157,357.02081278818275,NO
1483.8450460511804,356.3585822058522,NO
1481.7165265146334,354.0368746003112,NO
1481.6811464335447,352.9881211418843,NO
1481.7927758826524,351.96632349875773,NO
1482.0368057610103,351.0172181460102,NO
1482.8435231292417,348.9828182263193,NO
1482.9202641802892,347.99577869194314,NO
1482.9556897129864,346.998904295565,NO
1483.0988263031306,346.0306422402185,NO
1483.7299592622646,343.9632875142481,NO
1484.99067308797,341.9841442497683,NO
1485.8007208609679,341.5748349898493,NO
1486.9005338685542,340.8983567753561,NO
1487.1761897853428,340.08409501265743,NO
1487.2047116337812,338.91034035130565,NO
1486.9704234356366,338.0132754933466,NO
1486.7143248831262,337.0162347774095,NO
1486.0198340135623,334.9912351317739,NO
1485.7210124865157,334.09473204503564,NO
1484.7594252877936,332.11162439546194,NO
1483.8882352113035,330.0029848162461,NO
1483.909757901098,328.99351553790433,NO
1484.0854274404735,328.03099898811837,NO
1484.344404508969,327.1163581317881,NO
1484.2655893149997,325.8902473390777,NO
1483.939864455294,325.0540336747684,NO
1482.0018031188713,323.995526266724,NO
1479.9435036964835,323.21486388092103,NO
1478.6101768780836,321.0343961585022,NO
1478.574121173511,319.9841339263957,NO
1478.7146781485167,318.9496490850324,NO
1479.6140417923068,316.75584571051485,NO
1480.0276927111604,316.0204357828996,NO
1480.897873335867,314.9383340226636,NO
1481.598139111759,313.7716699592549,NO
1481.9136075676208,312.97269365350866,NO
1482.062267898793,312.00476014956473,NO
1482.0206422836598,310.9969474183996,NO
1481.8157164385475,310.1033677390955,NO
1480.9104864569426,309.1409620991471,NO
1479.6901033687832,308.46779632961614,NO
1479.0054695829153,307.9925329928876,NO
1477.9565013017277,307.05082479238905,NO
1476.9357126769632,306.0677183893123,NO
1475.6585023816212,304.0180452371365,NO
1475.6511063932471,302.9938430537079,NO
1475.7259780295758,301.97098590961775,NO
1475.8771416200166,300.9732808000083,NO
1476.6582632720813,298.9197926043887,NO
1476.8007382899207,297.993357943443,NO
1476.8008117678567,297.00663960729264,NO
1476.7521656801503,296.0174941871311,NO
1475.9102189007135,294.09420260110466,NO
1475.0358168035661,293.80290286392267,NO
1473.9559724518133,293.803616653252,NO
1473.007042461119,293.86149827120164,NO
1472.0140197681521,293.8029443717422,NO
1471.056840445121,293.693187211618,NO
1469.937594646975,293.4395906636921,NO
1468.9831790932608,293.3299485427731,NO
1467.9807396593276,293.2654803581382,NO
1465.628009199757,291.0123996925095,NO
1465.6684422106377,289.9700947876261,NO
1466.1174669608567,288.0630841055176,NO
1466.9124250516013,286.956460473584,NO
1467.5847815226002,285.7650040112682,NO
1468.0172756502452,285.0131784919291,NO
1468.995580766856,283.99524130952256,NO
1470.0250883568428,283.0290392794866,NO
1470.6026253032417,282.54644757439695,NO
1471.0405980133673,282.0363921775169,NO
1471.6307724857113,281.289457613163,NO
1471.7892133139096,280.9411485426197,NO
1471.9417041270547,279.9958849972397,NO
1471.9689451740658,279.0005480263659,NO
1471.917188750252,278.0073068751235,NO
1471.8324463376916,277.01511268326703,NO
1471.7518953456645,276.0175132695652,NO
1471.682118341524,275.02243870510864,NO
1470.98701266141,273.0058639390502,NO
1470.7316228988648,272.0238141189676,NO
1470.6670114575527,271.0163229682541,NO
1470.6242299742066,270.0125256666861,NO
1469.9331664230624,268.03194604006444,NO
1468.9307429819328,266.03444644482585,NO
1468.632202491037,265.0062338558054,NO
1468.6335231814132,264.00574865634997,NO
1468.6084161310384,263.0145884183499,NO
1467.9160264837565,261.0420293830902,NO
1466.8743188504247,259.12534510841664,NO
1465.8776152537243,258.1162412607439,NO
1464.8881352934795,257.10387437553993,NO
1463.907565757473,256.0810911408743,NO
1462.9288033133726,255.07119668662756,NO
1461.8427422813234,254.33385729921116,NO
1459.9680836104324,253.0326532778273,NO
1458.976771723257,252.02101906593913,NO
1458.0239951957599,250.98172551292492,NO
1457.5628231409237,250.28657047759845,NO
1456.89751998437,249.04608000695737,NO
1456.4280409479634,248.31931456662605,NO
1455.7289872154886,246.02922686943558,NO
1455.669085058814,244.9941603242917,NO
1455.7754403289457,243.9658278749666,NO
1456.7672450010664,241.88815668812444,NO
1457.7682143391892,239.91432256381665,NO
1458.0299022212428,239.01234672340465,NO
1458.24064025182,237.98775503156102,NO
1457.9813296953123,237.00896174620075,NO
1456.9940244239804,235.00285125787315,NO
1456.7362879006255,234.02340017565263,NO
1456.700373621374,232.98834952332044,NO
1456.9680101722047,231.98464488274286,NO
1457.6735959500925,229.9941481349147,NO
1456.9632187588309,228.02764248272885,NO
1455.7552175317385,226.13431344169405,NO
1454.6017412883455,224.16804574485366,NO
1453.7211247215291,222.0079993901442,NO
1453.7117647058824,221.0,NO
1453.7228713700997,219.99402271594715,NO
1453.7333333333333,219.0,NO
1453.0157351439293,216.99246096406694,NO
1452.701203643409,216.0968030239505,NO
1451.862200915449,214.02296651339796,NO
1451.695247828073,213.0658574622212,NO
1450.9518465814429,211.02208622307487,NO
1450.5406660341162,210.37395002329256,NO
1450.0262675456172,209.96755185687778,NO
1448.9302565408962,209.34492688990485,NO
1447.992482831817,209.21298644535372,NO
1445.6709687107668,206.96424285912076,NO
1446.9461198180652,204.94743041700036,NO
1447.6332605044256,203.05379941108905,NO
1446.77964702201,201.17821652348064,NO
1445.8402098084268,200.18560907251893,NO
1444.7501896346632,199.4106638929093,NO
1443.9759595756054,199.0619476431098,NO
1441.6072076242538,197.06324964599165,NO
1441.5644171134852,195.97608564514033,NO
1441.6246484226153,194.972768609689,NO
1441.4151762849374,193.88110424653593,NO
1441.0948178507588,192.961309364064,NO
1440.8346044701918,192.0658923608822,NO
1440.0308690845966,190.97290380409203,NO
1439.549414401063,190.49939902545796,NO
1439.0038284808377,189.99473832717342,NO
1436.6593684802253,188.05700651497077,NO
1436.607535037786,186.98614829632905,NO
1436.7016720369088,185.96256276540723,NO
1436.8160387907992,184.97727537994243,NO
1436.8957589300264,183.99448135517852,NO
1436.8956163959165,183.00552619074486,NO
1436.7449518983906,182.0748141125515,NO
1436.5516830556473,181.7589284073811,NO
1436.0322006571869,180.97320975120235,NO
1435.5798790787933,180.44874642093586,NO
1435.020583960564,179.974722628378,NO
1433.9848777341128,179.01551562019517,NO
1432.7107209704252,177.14445939156664,NO
1431.5753344789275,175.18426883086545,NO
1430.9252430235915,174.05385718027262,NO
1429.798396529469,172.10314023735708,NO
1428.9291311732836,171.09941494285167,NO
1427.8050502143053,170.2974233774083,NO
1426.568697897997,169.44614611851753,NO
1425.6890649209074,168.16654305750836,NO
1424.7626221263824,166.1348071915041,NO
1423.8488320804086,165.3640192969123,NO
1422.9773466502322,165.12695832921776,NO
1422.006690425791,164.96408297670195,NO
1419.8942523858136,164.35327536978693,NO
1417.766987445832,162.01233595861711,NO
1417.7929619932931,160.97685802768393,NO
1418.0273199392027,160.01240756290002,NO
1418.313342698204,159.1264365287588,NO
1418.3305038578126,157.87111931080523,NO
1417.972151818763,157.02377106247457,NO
1416.9838173029343,156.01836569994074,NO
1415.9108143165254,155.17376176969523,NO
1414.3167253801375,154.3898115430471,NO
1412.6835820310134,153.3990197296592,NO
1411.8107529693782,152.0409549980844,NO
1410.9319736348302,150.06120529697435,NO
1408.9830301554966,149.1890089662268,NO
1407.9951419058766,149.12722954125258,NO
1406.9987442183112,149.07409112295517,NO
1405.999340462062,149.04805204961954,NO
1404.9994312398221,149.0322297418942,NO
1403.9997768228932,149.0066953136518,NO
1403.0009696319999,148.97252709159477,NO
1402.0043458807777,148.92669947847855,NO
1399.9081871496655,148.41427747813893,NO
1398.9746446489582,148.24398545121312,NO
1397.9820000943214,148.12804187753744,NO
1395.892419083238,147.3039422031248,NO
1393.8762047133212,146.29584975582625,NO
1391.8920074249763,145.27769519038105,NO
1391.0101972417767,144.97660917164617,NO
1388.971923874209,144.23473482010766,NO
1387.9864224908843,144.13316403205818,NO
1386.9985111420413,144.07593175392066,NO
1386.0337085786043,144.15891186503,NO
1385.210356765455,144.43528117330825,NO
1384.0222256653253,145.04859870326294,NO
1381.9799765643618,145.8551245594238,NO
1381.0014745517938,145.91300144027616,NO
1380.0472372987108,145.80848141632433,NO
1379.0843985905167,145.6061398909153,NO
1378.0,145.43333333333334,NO
1376.9917100379662,145.4227880526925,NO
1375.9853612817103,145.39293402526573,NO
1374.982309704667,145.34700193377498,NO
1373.9759617472987,145.272433525182,NO
1372.979398693463,145.16416666142814,NO
1371.9948929422517,145.0340022519049,NO
1369.901903791945,144.33854255774503,NO
1368.9765990389515,144.12055040107592,NO
1368.016652750293,143.93582438058746,NO
1365.9970281334167,143.00492718815295,NO
1364.6782572721768,140.99028945527587,NO
1365.0031606811613,140.00162232632704,NO
1365.180079215585,139.08464553072616,NO
1365.1074939601333,137.89895245322606,NO
1362.9877827947873,137.9804388721823,NO
1360.9841463179278,138.92154460032097,NO
1360.0378290797591,139.1182003727209,NO
1359.2206556267768,139.47119834180162,NO
1358.0292401748347,140.06016858210825,NO
1357.289120287264,140.50652664119247,NO
1356.051358401355,141.11568609872484,NO
1353.9997480895654,141.99837730416678,NO
1353.0050152759832,142.09473299181408,NO
1352.0020546722303,142.13098534619883,NO
1350.997708401632,142.1298572347221,NO
1349.9929099277006,142.079902727165,NO
1347.8988258329496,141.2961521946265,NO
1347.0044427000855,140.9902017162541,NO
1344.9768105782116,140.2516298860663,NO
1343.9899526122606,140.1830059886259,NO
1342.9951037829337,140.13872615900215,NO
1341.9963409412637,140.10367333743406,NO
1340.9987671350689,140.0785951342703,NO
1340.0010670890213,140.0829866962141,NO
1339.0034150442762,140.11693582348153,NO
1338.009904104604,140.16122583563074,NO
1337.0124660095944,140.2066087783521,NO
1336.0140653571361,140.25619043027473,NO
1335.017039117362,140.31035534797834,NO
1334.012597777119,140.35693704099202,NO
1333.0067895206248,140.3847394839131,NO
1332.0079097014575,140.40339476380964,NO
1331.0082930482117,140.4229454477617,NO
1330.0,140.43333333333334,NO
1328.9917069517883,140.4229454477617,NO
1327.9920838124194,140.4037255560821,NO
1327.00791641956,140.40373738703195,NO
1325.9025435464193,140.70134312521793,NO
1324.979859674134,140.93970145515934,NO
1324.0071508282667,141.11475377032738,NO
1323.00861796584,141.16904470814922,NO
1322.0121539668617,141.22137582214907,NO
1321.0204950178234,141.28249888017774,NO
1319.8771537047999,141.55296184192449,NO
1318.9476728178677,141.81988832107456,NO
1317.9973109099296,141.9743127878108,NO
1317.00741404775,142.0713427229862,NO
1316.018546047349,142.17197243600734,NO
1315.0191292629463,142.26367361119136,NO
1314.017404885046,142.32875894330024,NO
1313.0607393636044,142.4379627720456,NO
1311.9428144255126,142.68851431667656,NO
1310.9854294839788,142.798208336857,NO
1309.9927497495548,142.85778355434854,NO
1308.996637633285,142.89912899178177,NO
1307.9988008768232,142.9235559024232,NO
1306.9988501188682,142.94135606380308,NO
1305.9989123377434,142.96918290077306,NO
1305.0014644229389,143.02133873470592,NO
1304.0111273399418,143.10509154608147,NO
1303.0416435484713,143.23310813415563,NO
1301.89340467719,143.5891149242168,NO
1300.9684406434083,143.79017292644377,NO
1299.9898926877927,143.92529378002178,NO
1299.0151940134665,144.07447311801118,NO
1298.1095907116662,144.2972648207379,NO
1296.1374639152414,145.24631543328047,NO
1294.1827139022596,146.3895219688667,NO
1292.0045778919823,147.06310067010887,NO
1291.0129936193339,147.14405969261415,NO
1290.0637031919543,147.2823681033955,NO
1287.986418997745,147.9208827685891,NO
1287.0087013977186,148.06163490336732,NO
1286.0241237157652,148.18927838873375,NO
1285.0611594650743,148.34135513948132,NO
1283.9268898646785,148.67954527686024,NO
1282.9802443588674,148.8293521397381,NO
1281.9930329206775,148.9407798237585,NO
1281.0067628189367,149.05474662925388,NO
1280.0183268416533,149.16690516858577,NO
1279.0293226881593,149.27190128538788,NO
1278.0656567052745,149.41467393990294,NO
1276.9400550785006,149.702110435021,NO
1275.9806463580287,149.84593282453244,NO
1274.998023840137,149.98854725521338,NO
1274.0367806931697,150.15749681650493,NO
1273.0846276015034,150.376612884168,NO
1271.9542562634306,150.68043812253597,NO
1270.973193117944,150.83327425927612,NO
1269.998633819672,150.99281699008253,NO
1269.042783690194,151.17456468070975,NO
1266.9844191636728,151.94749471629615,NO
1266.0679681219274,152.18124832129348,NO
1265.7118534865351,152.34612909836054,NO
1264.0410809358991,153.1112018380008,NO
1261.9967360381258,153.98875746504373,NO
1261.0492214913716,154.1998995330688,NO
1258.963339289089,154.8494506832619,NO
1258.0054421152936,155.02861318328738,NO
1257.0473358720647,155.21050284160955,NO
1254.9747106268005,155.87801596347563,NO
1254.0135931018165,156.05772654803272,NO
1253.1187490251739,156.2986502334313,NO
1251.0387267813967,157.12645479784513,NO
1248.9810283078762,157.9007013611178,NO
1248.00495890147,158.04014348791853,NO
1247.0583278146182,158.20979927651746,NO
1245.9249793783476,158.8340336656509,NO
1244.2302713645302,159.48779377431225,NO
1242.0726736644178,160.2378410848966,NO
1239.9990008422817,160.99483940169708,NO
1239.043523237229,161.17706890047629,NO
1236.990300832706,161.962621785715,NO
1236.060119192099,162.18113834945765,NO
1234.9252321245615,162.82245148547946,NO
1233.096688795392,163.28141689368897,NO
1231.0229966617947,164.09824012367105,NO
1230.138443449068,164.3582224243208,NO
1228.0557883352662,165.19265035589433,NO
1225.9809352377692,165.9132465832917,NO
1225.0200079005308,166.09361494484622,NO
1224.1089865399379,166.32623546438597,NO
1222.0201844810892,167.11795670391191,NO
1221.0925842839522,167.32655698001759,NO
1219.003831915805,168.0307472926222,NO
1218.0145525450857,168.1374407064479,NO
1217.0210746204375,168.23365340050162,NO
1216.0170032066937,168.30970126081752,NO
1214.8804703145813,168.62710105429292,NO
1213.966580667924,168.9082417184066,NO
1213.0150534874208,169.10558495399874,NO
1212.0328743034358,169.2328596601419,NO
1210.8758364652094,169.56953420085767,NO
1209.953902619326,169.8324669802063,NO
1209.0077909529086,170.0306828877595,NO
1208.19236302761,170.30085411924733,NO
1207.1319473813594,171.13556788849982,NO
1205.645647206884,172.33153946158785,NO
1204.0169163731923,173.0643832134764,NO
1203.1009581408368,173.3160579512047,NO
1201.0589938981348,174.15928351888903,NO
1199.9361028116934,174.86740584110152,NO
1199.055383706979,175.12988966961333,NO
1196.9973770620777,175.98748483865327,NO
1196.0245958414573,176.15113107066097,NO
1195.0311307691015,176.28866712655486,NO
1194.0549302861514,176.42494068518724,NO
1192.9360322875364,176.70611060600365,NO
1191.978559833553,176.88768907735675,NO
1191.0275276538353,177.0865803716873,NO
1190.1965602804796,177.41410170750976,NO
1188.2085403506437,178.40237941276035,NO
1186.181856336815,179.3974276151119,NO
1184.1763862601883,180.38031777254952,NO
1182.0733741403164,181.21095065590572,NO
1181.7446214477593,181.4019199230683,NO
1180.0640784339894,182.1474457825239,NO
1179.685847363864,182.36516930737574,NO
1178.1301263880948,183.2168773235416,NO
1176.2070917378821,184.40168187807748,NO
1175.0290378082227,185.0610331722921,NO
1174.261177272753,185.47882498650154,NO
1172.6372967448594,186.39237860481487,NO
1171.0814682024734,187.1807702404316,NO
1169.0294582425704,188.14249896063401,NO
1168.093250385582,188.37098315730452,NO
1165.9978235186481,188.98253591351718,NO
1165.0257013545872,189.12336650502283,NO
1164.1655379865747,189.3913176233162,NO
1162.1802065103604,190.3405903110119,NO
1160.1319543871382,191.3545483710403,NO
1158.038169023565,192.10612574152958,NO
1157.2788106894525,192.50780721104496,NO
1156.1007337496735,193.15278946381997,NO
1154.1115909840378,194.27785835878785,NO
1152.0558911937915,195.1376902854894,NO
1150.9254999702657,195.8246383927716,NO
1149.1729962920515,196.41414264503274,NO
1147.159467313376,197.31376485756365,NO
1145.0776661375014,198.30122278806974,NO
1143.939604316698,198.67464262219244,NO
1142.972847380218,198.90768109274057,NO
1142.064001866523,199.14504020033183,NO
1141.6745671053504,199.28931946389076,NO
1140.0884502928463,200.1627560922242,NO
1138.1439253062158,201.2783956702849,NO
1136.0507539642085,202.17013300693228,NO
1134.0148937346335,203.03731440929255,NO
1133.1870644515666,203.3702113195008,NO
1132.0222081022034,204.04563308531044,NO
1131.245711051366,204.45121483560519,NO
1130.0482664470574,205.0968525367899,NO
1129.2932706842157,205.59752847424886,NO
1128.0422402129204,206.0996869010727,NO
1127.2380802955386,206.538584080739,NO
1126.0314468100805,207.06732377187407,NO
1125.2879313230978,207.49226965291564,NO
1124.083728954884,208.14314951212074,NO
1122.2093257257823,209.36351436027317,NO
1121.0371760876044,210.0758132436485,NO
1120.2912243241044,210.53735088811,NO
1119.0837892838945,211.1393202101196,NO
1117.9978840722845,211.9967339513391,NO
1117.2233470116212,212.39285621300314,NO
1116.0372630814286,213.08115262018876,NO
1113.9938949716488,213.98016379645287,NO
1113.1184951681137,214.242632960981,NO
1111.1904251480803,215.35758140167175,NO
1109.1750543702358,216.39437535041426,NO
1107.2523474793622,217.4000919117551,NO
1106.0776078413369,218.12903843089984,NO
1104.9958417578518,218.99450038935078,NO
1104.3380857191967,219.48264649518217,NO
1103.1118463362811,220.193145391132,NO
1101.151722674977,221.2952642216372,NO
1100.018276539538,222.0326366770296,NO
1099.268339665234,222.45683194669277,NO
1097.6597507389372,223.36997801953476,NO
1096.1523632412027,224.23619360859843,NO
1095.0564249167583,225.08099086435004,NO
1093.1396969588254,226.26372697814125,NO
1092.0204324814963,227.03340429710303,NO
1091.3211402176848,227.49671688666325,NO
1090.0999376592583,228.17478637072006,NO
1089.0020406807075,229.0032380746823,NO
1088.2436605895732,229.4053419161551,NO
1087.0714029891983,230.122140440244,NO
1085.2447773745232,231.3333350537644,NO
1084.148016775559,232.18932378036,NO
1083.0616158970163,233.08743382944468,NO
1081.1337084740085,234.25624797401977,NO
1079.1510079761406,235.31459995202638,NO
1077.1918558151854,236.36207375243782,NO
1075.237281203925,237.43945448828507,NO
1074.0715708281166,238.11111271709848,NO
1072.1880643222444,239.36121816942648,NO
1070.1198825864205,240.27716852936453,NO
1069.0176314250937,241.02345205622845,NO
1067.1911053221236,242.31028013136088,NO
1065.1480803174554,243.35217930221742,NO
1063.1666646160231,244.30288089348952,NO
1062.027878264349,245.05059818153305,NO
1061.3204059518055,245.52075906421535,NO
1060.0782975608365,246.15073142338588,NO
1058.1858822248957,247.30640862195094,NO
1056.596493164509,248.36678901281545,NO
1055.094438714882,249.21138613908226,NO
1053.1115203374952,250.18372113550902,NO
1052.0439770568898,251.05300500588143,NO
1051.017206779236,252.01882221046807,NO
1049.1613327856867,253.32802957848426,NO
1047.125860290638,254.25172058127586,NO
1046.0060408265663,255.01033173125862,NO
1045.277623418058,255.41113222766714,NO
1044.1308199694852,256.1869572763785,NO
1043.0204104490767,257.0356372907954,NO
1042.259432017024,257.47811555054756,NO
1040.6288602277443,258.35150306611905,NO
1039.125221982111,259.22258559508674,NO
1037.2030111136826,260.36046851369014,NO
1036.0578971079262,261.09038927323843,NO
1035.0102950970675,262.01088254903993,NO
1034.0068318710717,263.00679407398735,NO
1032.988456204234,263.98513216901813,NO
1032.2056359226028,264.40017066525536,NO
1031.0221074376382,265.04653937087414,NO
1030.2845782786808,265.43968623620106,NO
1029.1610892387134,266.1888264549993,NO
1028.1136410226618,267.1358237539166,NO
1026.5579988493944,268.33861146543006,NO
1025.119790817767,269.1974794365076,NO
1024.0569743250164,270.0670442018631,NO
1023.0080033330486,271.0109065026112,NO
1022.3032574565946,271.4975201380485,NO
1021.0730406001189,272.1406589782012,NO
1019.2147610941116,273.3374817227245,NO
1017.6318029938615,274.3493504999695,NO
1016.096111050809,275.1892822325738,NO
1014.099505807142,276.19784643210335,NO
1013.0035741705989,277.0050252482305,NO
1012.3887681566728,277.4593107687836,NO
1011.3170328076479,278.349910285039,NO
1010.2148078554221,279.27225177527833,NO
1009.0903425624316,280.13585093913247,NO
1008.0119014754645,281.0159384569285,NO
1007.4688795800921,281.5195185600592,NO
1006.398589886929,282.4416806797655,NO
1005.2963406761197,283.37359443642754,NO
1004.2435331414338,284.2686027225309,NO
1003.2115784153452,285.2239599467384,NO
1002.0992424988823,286.14465235424194,NO
1000.0983910658443,287.26237617001755,NO
998.1816147638989,288.24835905954575,NO
997.1830907545627,289.1690715453584,NO
996.2444768071975,290.2248243454392,NO
995.1545588840794,291.21918705733475,NO
993.2169451597921,292.4040050200277,NO
991.5935968958804,293.36165973754305,NO
990.9704462745061,293.96210940486316,NO
990.294797156799,294.357224811439,NO
989.2419799023878,295.2652306508492,NO
988.1899716013601,296.22118121798366,NO
987.0754669967888,297.11934316143135,NO
985.2254367937566,298.30250162115163,NO
984.1502375752319,299.1816766437907,NO
983.0577382426642,300.0874853177078,NO
981.0655793260506,301.17834378267463,NO
979.9666415756627,301.95650881175544,NO
979.3091103992579,302.3541382920631,NO
978.2273238111379,303.2656368027125,NO
976.6634363356543,304.3668039763389,NO
975.0177793362626,305.08171970122874,NO
972.9934784076772,305.986441952673,NO
972.1447816318292,306.3243741395995,NO
971.073194522347,307.0731945223469,NO
970.2010392200852,308.13428894761046,NO
969.1338024077307,309.2181875102413,NO
967.1146072499417,310.250215834333,NO
965.0838087918133,311.19144140382065,NO
963.1892174777073,312.3200129576709,NO
962.0433303434485,313.0752310289453,NO
960.9385593025298,313.87532370329956,NO
960.075184388693,314.14985963142186,NO
958.9885238280261,314.9845613703271,NO
958.318360565243,315.42676785294725,NO
957.1705399172606,316.23357996811905,NO
956.0456891948926,317.0751043348274,NO
954.9504617555052,317.9073850215701,NO
954.0836122357194,318.18534731859006,NO
952.1526041368411,319.25253959535576,NO
951.0798840793965,320.093720209308,NO
950.0197338938773,321.0292118225548,NO
949.3179074379239,321.53363033429576,NO
948.0749036404263,322.14499086013745,NO
946.1741990552795,323.2979828763441,NO
945.0367303081858,324.0633616465982,NO
944.392151774658,324.58153241715223,NO
943.1971327127352,325.275658591937,NO
942.1024103511896,326.12996145080047,NO
941.0551650575522,327.06144538331944,NO
940.0354752125263,328.0382799870648,NO
938.9906142902344,328.98698726908395,NO
938.297048837345,329.4137929118149,NO
937.1770726605123,330.2225592235935,NO
936.0891730951962,331.1166341823419,NO
935.023411704361,332.03097096968844,NO
934.4727464594214,332.5984001746208,NO
933.3153547997205,333.3692104650913,NO
932.2065083609415,334.2702309379931,NO
931.0951165100644,335.13684952292493,NO
930.0168965494363,336.02366635730846,NO
929.4049391701866,336.53021444545936,NO
928.2650378512494,337.31824620971383,NO
927.199685346041,338.230568149614,NO
926.1520801366221,339.1697638724908,NO
925.115046895843,340.13031201811276,NO
924.0696723395366,341.0832290028045,NO
923.0249137280477,342.0298358927058,NO
921.9823776901272,342.9774611208188,NO
921.278579843481,343.3965099786563,NO
920.1194699040949,344.18381804497335,NO
919.020931713709,345.03169447586964,NO
918.3811681443136,345.5367826333258,NO
917.171611182927,346.2597455431615,NO
916.0413438652931,347.07106495900155,NO
914.9572985669671,347.9433552409459,NO
914.2431136502554,348.3104824735574,NO
913.1572544318201,349.19290259971723,NO
912.0606456653454,350.0846044499336,NO
911.0298408663624,351.0284236221145,NO
910.0689211434482,352.0576869063116,NO
909.0456317887026,353.06232084409373,NO
907.180999226517,354.27669145386284,NO
906.0954241519344,355.11581783531693,NO
905.0658327477578,356.07233946852216,NO
904.0354189792387,357.04143450072127,NO
902.9934686516609,357.99141248657406,NO
902.262049413528,358.4199970104981,NO
901.0991648344286,359.15052809474753,NO
900.0332541443717,360.0428456725525,NO
898.2088832983893,361.32191537566746,NO
897.0958589827036,362.13254148252065,NO
896.0280107730745,363.0370611049781,NO
894.9741112153604,363.9675375740032,NO
894.2716853978882,364.3794227046094,NO
893.1549154317566,365.2019485819332,NO
892.0880298724791,366.1084949378752,NO
891.0114214965329,367.0174240348205,NO
890.2976146625028,367.4662629723534,NO
889.0938098394486,368.168857702948,NO
887.052739828927,369.1368264284777,NO
885.9422798780798,369.91374167759346,NO
885.1808676793341,370.2358236185845,NO
884.1224586486748,371.1394893207168,NO
883.0722345660054,372.0858943097978,NO
882.033512788646,373.0384219865075,NO
881.0120988308325,374.0126749661811,NO
880.0021176630084,375.0022896860622,NO
879.457280511784,375.54302061832203,NO
878.1722689647112,376.31008412168,NO
876.1836456247785,377.3795999328278,NO
875.0254958578038,378.04670669682304,NO
874.3892641388726,378.5306520147762,NO
873.3884221800764,379.3740627572523,NO
872.4198417978469,380.43959904954426,NO
871.1062060434317,381.2109162319537,NO
869.9949681818836,381.9924874602196,NO
869.2768962732729,382.4267459958345,NO
868.1649666093228,383.19772171508293,NO
867.1275803201872,384.1384738765775,NO
866.101966717064,385.11012405371343,NO
865.0572311731642,386.0710713906934,NO
863.9883210609242,386.98293078154046,NO
863.2662969348083,387.3806717734719,NO
862.171020961342,388.208956524078,NO
861.1276114430236,389.1420500004154,NO
860.1155048735061,390.11586470423316,NO
859.1354679716425,391.12561575892664,NO
858.1433932577652,392.1424942461787,NO
857.1100759131049,393.12341845161114,NO
856.0810236232164,394.0843598931715,NO
855.0800069536155,395.0793308424871,NO
854.065620131208,396.07232584140326,NO
853.0284373251372,397.03386588915555,NO
852.0031672647925,398.0033990158276,NO
851.558208202165,398.57802626893516,NO
850.5688600908732,399.55152341516305,NO
849.4481719394083,400.5672938664212,NO
848.2288589667615,401.34505667664524,NO
847.0664969705175,402.1176062080608,NO
845.9812402591155,402.97532882873975,NO
845.3178071423297,403.39693464579597,NO
844.2528872976295,404.27546651705,NO
843.1813392809117,405.2147185495657,NO
842.1033227457103,406.12932678910545,NO
841.0465518711909,407.0572005218151,NO
840.0027253050658,408.00334543426993,NO
839.4150562651381,408.5084439120798,NO
838.277068175369,409.34137800705855,NO
837.1591031074944,410.21543339838763,NO
836.0680132286484,411.0928932865655,NO
835.0032966811115,412.00444335257305,NO
834.3535346000027,412.47623642165814,NO
833.2163345190068,413.2660113471986,NO
832.1751290372312,414.19211479519225,NO
831.1168755851694,415.1446360478245,NO
830.055408434287,416.06848729920046,NO
829.017531926937,417.01943539368233,NO
828.0121930077792,418.0119346131076,NO
826.9941900095803,418.9927579063582,NO
826.301686782532,419.4903346073074,NO
825.0792411182838,420.1399926440593,NO
823.999875732232,420.99984461727246,NO
823.4268305866123,421.5239208307784,NO
822.2792723397866,422.3341582211517,NO
821.1352729844881,423.1990859615625,NO
819.2149015739565,424.39434440694794,NO
818.0578057362408,425.0935482140241,NO
817.0009607307862,426.00106497428663,NO
815.9883430297632,426.98783324967974,NO
815.5219291210334,427.5565082812285,NO
814.4821787571409,428.49957199468184,NO
813.3768926688123,429.4289835440174,NO
812.2556594126025,430.29859456664394,NO
811.1439853412561,431.1900178304368,NO
810.0344521332873,432.05499581308135,NO
809.3975651395377,432.5763298012406,NO
808.2530396287931,433.285807365894,NO
807.3841318498914,434.282951635146,NO
806.9892309069971,434.9931403185929,NO
806.1732011580326,436.1028381864563,NO
805.1837147711195,437.24187929297045,NO
803.0712723051329,438.22184758739735,NO
801.9953556976144,438.9952582160283,NO
801.1441881345697,440.06582128232526,NO
800.4035073153067,441.30693016747375,NO
799.2406392680927,442.3376954226624,NO
797.6225661543687,443.3864280983528,NO
796.9717087335035,443.9643440235662,NO
796.3150400228261,444.37209453025105,NO
795.2554053823153,445.2888229167052,NO
794.2017782766837,446.2361553346551,NO
793.0678595043029,447.10931452374854,NO
791.9831983005322,447.97731076377426,NO
791.2806177825186,448.4042157206534,NO
790.1801192070299,449.2161430417278,NO
789.1568670533873,450.1615574269653,NO
788.0730890674922,451.10510653829937,NO
786.9913256592814,451.98794339523016,NO
786.3143992050958,452.4398769052148,NO
785.213490959591,453.2409397972528,NO
784.1731192646032,454.1840470573134,NO
783.1607644291673,455.16595875326095,NO
782.1328636202416,456.1478465944359,NO
781.099169364803,457.1066538508979,NO
780.113389702413,458.1032305088147,NO
779.1324841789764,459.1292479229933,NO
778.1167723695804,460.1264414141941,NO
777.085219025229,461.09462806634826,NO
776.0442464144719,462.0526872665023,NO
775.0637484828135,463.04958215062504,NO
774.086150212431,464.093177576679,NO
773.0251483725206,465.03565078969774,NO
772.3304970595249,465.569329510047,NO
771.1066961510277,466.17596260742414,NO
770.0220902478779,467.0308967451332,NO
769.4728963405911,467.60254435164757,NO
768.3358854676825,468.42755571423254,NO
767.1099616127553,469.18479025518553,NO
766.0284122863985,470.03472612574035,NO
764.9789333059869,470.9721694173854,NO
764.2790332871925,471.3872422730191,NO
763.1311927967374,472.18126637808604,NO
762.0270502023651,473.04368863154554,NO
761.2902717478879,473.5302296989993,NO
759.2185256195253,474.45909273084646,NO
758.0429666127174,475.0750600392412,NO
756.9719220521727,475.9659833258582,NO
756.2940350560426,476.3804801486025,NO
755.1708694628668,477.2223911852363,NO
754.1051585543725,478.12366362057355,NO
753.0794375851809,479.08334835723264,NO
752.086090335251,480.08010144071835,NO
751.1094848696903,481.1033394873479,NO
750.092346072582,482.104797226939,NO
749.0144738852787,483.0228305070214,NO
748.318522028424,483.5012037446238,NO
747.093499374386,484.1618942719705,NO
746.0434298681009,485.0415891307969,NO
745.1124470463473,486.0851261582373,NO
744.059453475987,487.1026923663279,NO
742.9295779866196,487.83925786814825,NO
742.0690747577981,488.11423388788,NO
741.024293558612,489.02560672343066,NO
740.0472936182243,490.0402311047767,NO
739.0446034457116,491.05374576608074,NO
737.2149015722711,492.3481505693816,NO
736.0640315766258,493.1031481348947,NO
734.9971738625883,493.99670929197345,NO
734.475370726265,494.5694001118655,NO
733.3858188236005,495.44357132395635,NO
732.1248292961203,496.20665893722594,NO
731.043430250579,497.04907054387655,NO
730.0157589015631,498.01831439802413,NO
728.9718512887531,498.9635389180336,NO
728.2758856400887,499.3826018701744,NO
727.0735542324448,500.1360427841472,NO
725.1402267141576,501.25581901483946,NO
724.0631367727683,502.06642334447145,NO
723.1375466343239,503.103070195324,NO
722.1670768164112,504.18625432966644,NO
721.067139392207,505.09584563501664,NO
720.0182143406535,506.0186628469918,NO
719.0885192758515,507.0540783272661,NO
718.3853112614124,508.2108495035717,NO
717.307763106135,509.453545616338,NO
716.1008422308088,510.17266949969854,NO
714.4545521960348,511.3763023394911,NO
713.9895860821947,511.98838334807283,NO
713.4150255599329,512.4779835589276,NO
712.2628090164919,513.3504120132867,NO
711.1526508552417,514.1969869440393,NO
710.0999787406778,515.1159884080342,NO
709.0598328286492,516.0691963398386,NO
708.0171229798734,517.0211332930232,NO
707.4958571445046,517.5939621827137,NO
706.2973250182663,518.4004144547806,NO
705.1467654131901,519.2058122309238,NO
704.0830363668308,520.0960356653808,NO
703.0716763636729,521.0716763636729,NO
702.0875027637924,522.0809178961313,NO
701.1475560595011,523.1193900913815,NO
700.2442995602318,524.1975897876491,NO
699.3078518639377,525.2890357778973,NO
698.2130389732458,526.2801378776533,NO
697.0585620206576,527.1028142239845,NO
695.1189735407391,528.2226389759221,NO
694.0398029822974,529.0462575172146,NO
692.1485831106751,530.3243265753716,NO
691.0581486126844,531.0597265927653,NO
690.233914397677,532.1206209219679,NO
689.0942724046165,534.0600124312493,NO
688.1574636908804,535.162156312701,NO
687.0510643509343,536.0822592982407,NO
685.9755532638335,536.9694415797919,NO
685.309318947207,537.3861761954261,NO
684.20223830033,538.2493765461784,NO
683.1179290364446,539.1510170306843,NO
682.0237987982885,540.038829619546,NO
681.3427239223922,540.5432174120148,NO
680.0945702672667,541.1686167728585,NO
679.0088885222367,542.0113962554915,NO
678.4237979449682,542.5798820355902,NO
677.2352865639727,543.3172951729526,NO
676.065015201073,544.1175328805322,NO
674.9895640670649,544.9881004912138,NO
674.5114058244608,545.5154646372553,NO
673.9855112281978,545.9871124133495,NO
673.0277790892223,547.0234188266396,NO
672.0291326531525,548.0333006631218,NO
670.1268636549921,549.2601345756548,NO
669.0579481739312,550.0548902248088,NO
668.3284277403105,551.1381021238674,NO
667.1652797409214,553.1877002971071,NO
665.1539030411707,554.362416834722,NO
664.0020657902829,555.0039503709223,NO
663.2898716804585,555.3919569402381,NO
662.3793213151241,556.3213694516513,NO
661.9610488898076,556.9702320675648,NO
661.0208233916991,558.0183670126321,NO
660.0202590982218,559.0224492707102,NO
658.9795083861297,559.9732839708718,NO
658.2956882685039,560.4142299482052,NO
657.0985561873534,561.1430889873396,NO
656.1530119225525,562.1002887094036,NO
655.3766035111763,563.2791855539423,NO
654.4966010640093,564.4814665665428,NO
653.33177699157,565.4187544717665,NO
652.2871686186975,566.2965328344479,NO
651.3185182860573,567.2995189415577,NO
650.3781521108667,568.3642749628668,NO
649.122158389113,569.2216147687674,NO
648.0050025107474,570.0077675344049,NO
647.2704090063402,570.4962450902933,NO
646.0616651346979,571.1118608296507,NO
645.0000337633413,572.0000336671486,NO
644.0378351335982,573.028607051888,NO
643.2758796049019,574.1367750504307,NO
642.4452972609157,575.4922657187133,NO
641.2398011759075,576.3058881367696,NO
640.1823246491215,577.1991834300993,NO
639.1946188786405,578.187622768104,NO
638.2248943973954,579.2195669563664,NO
637.1992426816521,580.2170322039773,NO
636.1576121632625,581.1705444450286,NO
635.14558612481,582.145120240585,NO
634.1555139275567,583.1520192283318,NO
633.1307513453354,584.1491417590646,NO
632.0372673486809,585.058164926072,NO
631.4131644577934,585.6067729372621,NO
630.2119941375682,586.2691158978287,NO
629.1987389191667,587.1854291572528,NO
628.2485625120441,588.2311472928538,NO
627.2306200955234,589.2614249444026,NO
626.1694144585855,590.1955238584603,NO
625.1575038596569,591.1580094994167,NO
624.1446805344555,592.157240457651,NO
623.0572781696774,593.0838716060315,NO
621.9831049510225,593.9780747093316,NO
621.3242443845577,594.4309037105869,NO
620.3692434975545,595.333510254899,NO
619.9524291311963,595.9621111248069,NO
619.0266923669598,597.0208970891248,NO
618.0106387148737,598.0156771517721,NO
617.2244500219363,598.4489000438726,NO
616.0426411126022,599.079394540077,NO
614.9732184223022,599.9680567302125,NO
614.3686923823936,600.4190359114666,NO
613.138531401734,601.2146415337279,NO
612.070465365867,602.0743801053617,NO
611.2014875164963,603.1259296995805,NO
610.3916954049416,604.3633629940274,NO
609.3342972470177,605.3740945191057,NO
608.278863295374,606.2976279410113,NO
607.2496782308554,607.2567991629375,NO
606.2340268437795,608.2422817606036,NO
605.0959812011014,609.1469998844566,NO
604.0208455641675,610.0248433427496,NO
603.0030867919306,611.0030867919306,NO
602.020890419966,612.0183549071519,NO
601.1343574162167,613.0856528463089,NO
600.2061562021943,614.2177096030588,NO
598.6487471403823,615.3812175949732,NO
597.0843970915465,616.1749998536328,NO
595.1697767820277,617.3045079000424,NO
594.3925606709039,618.1837304301199,NO
593.0331514975951,620.0375253109318,NO
591.1442610043284,621.2733188683047,NO
590.0158167786622,622.0304464961516,NO
589.1911956095411,622.4420707919253,NO
588.1010508795348,623.1010508795348,NO
587.4699663430256,624.1993796639048,NO
587.0395297985968,625.0208229774963,NO
586.0757184574314,626.0757184574314,NO
585.0592331570912,627.0642387742397,NO
584.0602316612222,628.0574938559579,NO
583.0823423649632,629.0746924957067,NO
582.3240167432076,630.1783347895572,NO
580.9932854640184,631.9929390384583,NO
579.9836441183851,632.9832529455401,NO
579.5601060491299,633.5601060491299,NO
578.9832266975569,633.9836184834946,NO
577.9965204431786,634.9967843421343,NO
577.0118038943448,636.0114350233505,NO
576.013912174595,637.013912174595,NO
575.0249981525944,638.0225283755381,NO
574.1923198934327,639.0992993917212,NO
573.02331086929,641.0191261106474,NO
572.0192158558191,642.0234202505438,NO
570.1002722381261,643.2037472677465,NO
569.0210656814537,644.0231690624291,NO
568.0289018554503,645.0255293189653,NO
567.063817719898,646.053529724438,NO
566.3275777627205,647.1631754432067,NO
564.9943342312798,648.9936676702838,NO
563.9526552659611,649.9208349709623,NO
563.1279460027216,650.2260191545469,NO
562.0383896300671,651.0456525335333,NO
560.9984026393905,651.9980379686424,NO
560.4502319676357,652.5572377727517,NO
559.3521260096113,653.3655403401257,NO
558.4769735487852,654.3737112422912,NO
557.9872878832715,654.9899436631755,NO
557.1064430514148,656.0675933085818,NO
556.2142400552132,657.1901294466859,NO
555.2260474306661,658.2323926230583,NO
554.0862601402457,659.135842745378,NO
553.0240486979718,660.0258480259197,NO
552.0230608035954,661.0219219969576,NO
551.04821847211,662.0413833796385,NO
550.0777827161963,663.0707481026326,NO
549.0522195288771,664.0686313852159,NO
547.0233480680672,665.1226700147963,NO
545.0218260922938,666.0275015783983,NO
543.1629611446704,667.2830763268173,NO
542.317630685592,668.1580212655006,NO
541.1575709062458,670.0964123625467,NO
540.2963883043841,671.2637311579892,NO
539.3912814864048,672.3576228683349,NO
538.1362999356832,673.2334467544034,NO
537.1739555080419,674.1233335434773,NO
536.366337157456,675.3071692996264,NO
535.6003601834133,676.4306031654269,NO
535.0092024333251,677.0073229825949,NO
534.1317162115355,678.0863308469173,NO
533.1002992513268,679.1406369910223,NO
532.0237710603488,680.0298719265124,NO
530.1167513251548,681.2190426169791,NO
529.0318802803689,682.0369467112434,NO
527.1843142920742,683.335235173458,NO
526.102020846229,684.0974806453809,NO
525.4770914206372,685.212311793525,NO
525.0253072311707,686.0162001303207,NO
524.0193166032909,687.0224715504504,NO
523.0726737289622,688.0469067620139,NO
522.2642741499837,689.178584112606,NO
521.3645784033295,690.3526899771339,NO
520.242371064884,691.3017663362144,NO
519.1667018799968,692.1881930666827,NO
518.2054168744478,693.1722750419585,NO
517.4132389706572,694.3059041901976,NO
516.9740783180474,694.9788913623203,NO
515.9988780022984,695.9988480823251,NO
514.9755908131167,696.9721374236663,NO
514.4115855655284,697.4576013535223,NO
513.3783789030382,698.3670840160381,NO
512.4607931406885,699.3858939042981,NO
511.9782828675252,699.9819118400712,NO
511.08235728586703,701.0527931327136,NO
510.18489846191636,702.1598660543164,NO
509.18116370354375,703.1916391576073,NO
508.1100929621191,704.140422686354,NO
507.02522244304237,705.0356717386794,NO
506.0080735587299,706.0069186656857,NO
505.1947138412511,707.092599312774,NO
504.48443334431585,708.391759143837,NO
503.97777632867553,708.9800017029212,NO
503.0067786897489,710.0060829821839,NO
502.01331718268597,711.0140474172905,NO
500.038752668094,712.2095199238521,NO
498.8755031763253,712.8585889062877,NO
498.3271835144071,713.1851901409076,NO
497.1531979774598,715.0838896216833,NO
496.4437180912765,716.305545831205,NO
495.9795670842659,716.9845393515604,NO
495.01604307842837,718.0165947041314,NO
493.1204015049313,719.2468839037899,NO
492.0414521997988,720.0438242864832,NO
491.0505870334832,721.0443288421208,NO
490.2775880579669,722.1369344172114,NO
489.1738082866476,724.0855446321536,NO
488.5314670065144,725.3988305021163,NO
487.98594065687,725.9876811532272,NO
487.0127820391799,727.0114986325445,NO
486.0459352577499,728.0391870353736,NO
485.304093905042,729.1359347947574,NO
483.99631291338034,730.9954014983985,NO
483.27295351667294,731.4881391135925,NO
481.1214671297013,732.309221635391,NO
479.15615727981555,733.3138839806838,NO
478.30640005849165,734.1629954225356,NO
477.1814504915718,736.0954295155267,NO
476.42498742953546,737.3457151603485,NO
475.5691774745746,738.49442619708,NO
474.9911053516327,738.9917406839173,NO
474.0488460293068,740.0348027976238,NO
473.1174841905095,741.105821525558,NO
472.07209199630023,742.0905831233619,NO
471.0433460372012,743.0422008323583,NO
470.1546620814412,744.0982132854874,NO
469.41149182884885,745.2847804858226,NO
468.97491679365385,745.9809938127045,NO
468.0198980709891,747.0189616920644,NO
467.0044220704044,748.0051391625966,NO
465.1225825693034,749.2328207678063,NO
464.0527711383072,750.0541089967937,NO
463.0756070947369,752.0188436143163,NO
462.2489799502282,753.2333673434033,NO
461.20320491171736,754.2225577621631,NO
460.2154187740803,755.2088909308155,NO
459.26731761537997,756.2413470551074,NO
458.3267631253101,757.2962350693621,NO
457.347683358149,758.347683358149,NO
456.29988152054005,759.3284416704028,NO
455.27165167203674,760.2887873822376,NO
454.2320184719137,761.2453961205738,NO
453.2633300574772,762.2207632436684,NO
452.4510046904832,763.3174788875413,NO
452.01326194942243,764.0082868104886,NO
451.2328112713016,765.12589054251,NO
450.51583444007605,766.4354920948492,NO
449.3600975311357,767.4809356076822,NO
448.2319245911276,768.2818496697657,NO
447.1711281005406,769.1923298138773,NO
446.1507221460206,770.1507221460206,NO
445.1986808759632,771.1703857565018,NO
444.33108014768146,772.2543536420854,NO
443.5862981850765,773.4242157289881,NO
443.0340606966395,774.024195426973,NO
442.05901046763654,775.0640633501438,NO
441.0234662443481,776.0269273425732,NO
440.03203185977253,777.02560963025,NO
439.22573433542516,778.117139303698,NO
438.1100244353407,780.0626688896299,NO
437.307111893052,781.2249664516564,NO
436.4725771712935,782.3863582824038,NO
435.9826023815338,782.9846089216328,NO
435.0122179254548,784.0108135659835,NO
434.08528705718663,785.0627015792271,NO
433.1357274146191,786.131898115192,NO
432.1237728494229,787.1297522110829,NO
431.1142699458954,788.1139150678678,NO
430.14560830553086,789.1263366080645,NO
429.2780621441358,790.2004824046282,NO
428.483083834487,791.438682728884,NO
427.0992739970469,792.2537654815574,NO
425.08387770168275,793.1993273470401,NO
424.0149891144206,794.0149028469591,NO
423.2381404826058,795.0858639549642,NO
422.20743946085366,797.1068475888893,NO
421.4217936620691,798.3907794297711,NO
420.45782960318866,799.42856980612,NO
419.53350307145354,800.4756653620647,NO
418.9867944370253,800.988065560354,NO
418.0129165298135,802.0118122665127,NO
417.0622199432387,803.0493468494122,NO
416.12178421428297,804.1068282610228,NO
415.2432767206424,805.1747882648305,NO
414.6239972467402,806.3816681947525,NO
414.0923949908992,807.047888314764,NO
413.28497158085406,808.2153803758681,NO
412.36222443434144,809.3364433228087,NO
411.35988425345187,810.3598842534518,NO
410.33024312225996,811.3475592568703,NO
409.28235751676283,812.2999080798801,NO
408.2799028523126,813.266574160419,NO
407.42384066103193,814.3209666932585,NO
406.984528396706,814.9886938278789,NO
406.05796090184964,816.0464945744073,NO
405.34371492127286,817.1530409454369,NO
404.11868955185264,819.0870803227757,NO
403.0698298921504,820.1075540837733,NO
401.2466415074333,821.3230656354735,NO
400.2788300119291,822.2536934089901,NO
399.500836737368,823.3788054512958,NO
398.99199150720756,823.9932670112066,NO
398.02004879238706,825.0186904721323,NO
397.0325943695842,826.0310947638599,NO
396.04095625416994,827.0390946045658,NO
395.18534089261817,828.1061705877744,NO
394.49627440860917,829.374737799078,NO
393.9863341817977,829.9888708428248,NO
393.03502089341225,831.0294493873322,NO
392.2007893661466,832.1136403387285,NO
391.904197219907,832.9447067793957,NO
390.99879190237414,833.9990132815095,NO
390.04928156314736,835.0403101060887,NO
389.2610647916473,836.1417767608352,NO
388.4571380645665,837.4889227097246,NO
387.4469219255728,838.4056167611064,NO
386.9755322651249,838.9806563980733,NO
386.1544024796525,840.0685463906866,NO
385.3832928870646,841.6379577459809,NO
384.1972429687265,843.1664055785614,NO
383.2899135150194,844.2495695612464,NO
382.45061008705477,845.3821428298867,NO
381.9770442985947,845.9808095194884,NO
381.0240590904229,847.0201805467608,NO
380.11166352675104,848.0820006727971,NO
379.15878737622853,849.1635509888197,NO
378.0800562596062,850.1036261271987,NO
377.0488779108883,851.047714153044,NO
376.05247357914766,852.0513615571189,NO
375.168068399558,853.1094250659406,NO
374.4017322187059,854.3180098580559,NO
373.9642792975437,854.9711652142104,NO
373.0149504235174,856.0128514229916,NO
372.0374223481003,857.0357751471005,NO
371.03723834215333,858.0383022952411,NO
370.02669455670025,859.0280214803302,NO
369.02742531423115,860.0261119891462,NO
368.06230800121506,861.0497063796289,NO
367.17292066320726,863.0424685995521,NO
366.2538354383808,864.3324288188319,NO
365.04554817081413,865.0922752363342,NO
364.37363421422975,865.593982630227,NO
363.2531479660787,866.2865826211691,NO
362.3957335473023,867.3033957215799,NO
361.9728042482319,867.9806941593823,NO
361.05023362014526,869.0399715180555,NO
360.07929632494125,870.073706247575,NO
359.28683166158686,871.1608162230287,NO
358.03540093100423,873.0288105689923,NO
357.18966141753435,874.1162593713279,NO
356.4219532907264,875.3539678202654,NO
355.96444545809936,875.9696223543743,NO
355.0023344000909,877.0020531471482,NO
354.0360986993916,878.0311195695185,NO
353.178137360795,879.1087505209756,NO
352.4592821785447,880.3595070833862,NO
351.97501909889485,880.9792841310268,NO
351.0130520673973,882.0117289807865,NO
350.0360840734711,883.0334743780295,NO
349.0515273777544,884.0477105349578,NO
348.07089130271703,885.064042795339,NO
347.2834955998613,886.1576582669738,NO
346.02555937765095,888.0203379155695,NO
345.2356172285446,889.1172449419835,NO
344.10880483445123,891.06437841241,NO
343.10125719375213,892.1279849758496,NO
342.1816793566158,893.1167938730297,NO
341.54059178726834,894.3666700510747,NO
341.0053103211746,895.0036100034838,NO
340.285691998424,896.1208183414561,NO
339.0527474049025,898.0444604044661,NO
338.27333829475856,899.1390082253705,NO
337.1287694481216,901.0712275466068,NO
336.40019495732446,902.2678275342439,NO
335.97413229732376,902.9814774490584,NO
335.15283365202265,904.0804863578041,NO
334.4739382689402,905.324594364459,NO
333.9910015302934,905.993362514959,NO
333.17251037750333,907.0929222609385,NO
332.307969411776,908.2970291309397,NO
331.2177164390709,909.2530652289073,NO
330.1716573582671,910.1820783753877,NO
329.20516823683914,911.1879605810476,NO
328.30128579789795,912.2662645608243,NO
327.34169543020056,913.3562921442445,NO
326.1127822355318,914.1847013489778,NO
325.03423902171,915.0379057196277,NO
324.03794145894386,916.0343232006237,NO
323.29351544778683,917.1195296253951,NO
322.48208841038524,919.2925365969219,NO
321.98347855697426,919.9859146956537,NO
320.9946095456182,920.9943926881914,NO
319.9884460536266,921.9884785088573,NO
319.04724453623083,923.0307917851867,NO
318.25576378488535,924.1463425282436,NO
317.9315087683195,924.955346001417,NO
317.0061405793146,926.0058327404658,NO
315.99356603479697,926.9928725535622,NO
314.99413351763883,927.9948479741419,NO
314.1210459238331,929.067023045433,NO
313.33469608349486,930.2455121230081,NO
312.4747877248169,931.4281722265786,NO
311.9792839599814,931.9803742770714,NO
310.99973703885274,932.9997740659893,NO
310.03907183692735,934.0337572814844,NO
309.18269440819284,935.1115325386075,NO
308.44076342595247,936.3473366320186,NO
307.97155096597163,936.9768945690346,NO
307.02853043105847,938.0228313816058,NO
306.2186054784199,939.1140095545005,NO
305.92082411919785,939.9545984465062,NO
305.00633926006554,941.0055788794672,NO
304.02977855118536,942.0270854001832,NO
303.12691466482937,943.0859334610984,NO
302.28761528160385,944.2254038336285,NO
301.6138702309548,945.3941268758471,NO
301.0912163639676,946.0461949551346,NO
300.35374770478865,947.2328264367542,NO
299.559264979859,948.5001728438694,NO
298.9883325528484,948.9886283477018,NO
297.99930110089775,949.9993492344453,NO
297.0243775407155,951.0208545920545,NO
296.202294022365,952.0985534979033,NO
295.01322527580794,954.0122119782219,NO
294.0157343766576,955.0160060493307,NO
293.01939135629954,956.0184627560128,NO
292.18822289899316,957.0915803358162,NO
291.8943391479045,957.9431643771582,NO
291.02035649319896,959.0146458444326,NO
290.27132338734526,960.1209055122131,NO
289.3340091448722,962.1211824566697,NO
288.5081695616833,964.2791564750003,NO
288.0632797517303,965.0322257996883,NO
287.302114855915,966.193126808739,NO
286.5741110573574,967.4313269641826,NO
286.00211716627007,968.0017852716572,NO
285.0869625003353,969.0623955902266,NO
284.14803322920113,970.1410395323737,NO
283.1833766996973,971.1680461727971,NO
282.35464020388434,972.2526669913585,NO
281.9609938241659,972.9735635881048,NO
281.1908497239831,974.0866671544338,NO
280.89856422846304,974.9415601463207,NO
279.9978350379944,975.9982476808983,NO
279.0470173896525,977.0394282010944,NO
278.2538988790739,978.1329050949131,NO
277.020683796289,980.0177174118926,NO
276.14431794368664,981.0886601028698,NO
275.3783723418118,982.25590678364,NO
274.98844048667445,982.9935160431601,NO
274.26115897075636,984.1229167375877,NO
273.35833318623156,986.1602952583097,NO
272.0284374575739,988.0269187677211,NO
271.0389530735759,989.0363018172759,NO
270.1700216599642,990.1047265515671,NO
269.45374382155813,991.327953461463,NO
268.9809410142519,991.9857538887961,NO
268.14518195547583,993.0787339579512,NO
267.5068095228171,994.3068970009656,NO
267.07512274355787,995.0339572175528,NO
266.4003334318328,996.2296803541046,NO
265.97256129335176,996.9793523730885,NO
265.01223286799416,998.011877824627,NO
264.01576953260263,999.0156433758758,NO
263.02898373075027,1000.0256211802532,NO
262.3171039160403,1001.1180512840303,NO
261.8596786282278,1002.9319854040639,NO
261.01346190997407,1004.0106813645486,NO
260.04684371630657,1005.0428389412212,NO
259.0601609885486,1006.0574836634593,NO
258.1859644028723,1007.1240562503137,NO
257.3915513198907,1008.338789082669,NO
256.9557239892874,1008.9636961217884,NO
256.02851590366026,1010.0199304695197,NO
255.21020694986095,1012.0341612486941,NO
254.24992157597114,1014.1100599142254,NO
253.1788216442035,1016.0800045955095,NO
252.2711410621147,1018.0931674119082,NO
251.5304085254059,1020.2401849995122,NO
251.05893215476002,1021.0344546902982,NO
250.24881357430573,1022.160756098385,NO
249.38430172484925,1023.6638211837246,NO
248.44951833686628,1025.2787287000867,NO
247.9891942907148,1025.9922256384914,NO
247.1438287612356,1027.08307054581,NO
246.45194703560858,1028.3005907711283,NO
245.98549228819587,1028.989006016288,NO
245.0351885870376,1030.0312338020665,NO
244.15135771824654,1031.0982296313082,NO
243.3539722899968,1032.2801304119616,NO
242.60606842738352,1033.4380078404984,NO
242.01346989521414,1034.0102423894389,NO
241.22133844151222,1035.1045209294982,NO
240.15766789912934,1037.0782018313282,NO
239.41861092058585,1038.7540587130313,NO
239.20295443546803,1039.0747966937504,NO
238.21026413602675,1041.0866366080265,NO
237.21166720926973,1043.0816295069262,NO
236.33090234334955,1045.1514154671615,NO
235.34114009321397,1047.1956890584509,NO
234.10152197087115,1049.061866908796,NO
233.49561962860756,1050.2347671890575,NO
233.0744714745896,1051.0362850377032,NO
232.16310447107878,1053.0692063740578,NO
231.36612768411706,1055.1422427023035,NO
231.05424234604152,1056.0221800697132,NO
230.23736055350457,1058.0881327839877,NO
229.98820056401834,1058.9961454391969,NO
229.28090309343796,1061.07130839419,NO
229.11605879964472,1062.0168399043375,NO
228.39847679823612,1064.1974341755504,NO
227.99758952592768,1064.9983126680968,NO
227.09965550707278,1066.0681853477022,NO
226.28614474335748,1067.1817352704995,NO
225.18793953644237,1069.1023300678169,NO
224.36995736463467,1070.6460642822237,NO
224.10828593895104,1071.0630883286753,NO
223.0764888983419,1073.0411271978835,NO
222.14821537281117,1075.0650985148127,NO
221.29747339476637,1077.0863244344523,NO
220.99964989045944,1077.9998249452296,NO
220.18021423630125,1080.0660785567427,NO
219.38032421323902,1082.0998750485132,NO
219.04340686999294,1083.0207672084282,NO
218.16355990032824,1085.0672719119714,NO
217.15597709915141,1087.0830694990088,NO
216.15420823860995,1089.0749365311797,NO
215.29598131554846,1091.0835886937427,NO
214.99978778958788,1091.999893894794,NO
214.12639150193138,1094.0631957509656,NO
213.27556901411245,1096.0740254014968,NO
212.9906619121053,1096.9953309560526,NO
212.13188319176058,1099.0643900326747,NO
211.23695465686365,1101.0775827878367,NO
210.96517571886838,1101.9825878594343,NO
210.64977419016736,1102.9368220064082,NO
210.5000000004902,1104.0,NO
210.5000000004902,1105.0,NO
210.5000000004902,1106.0,NO
210.48957557944095,1107.0086395694566,NO
210.37523172295295,1108.0544453874957,NO
210.16934618940158,1109.0425025734344,NO
209.96397116467367,1109.9904629556816,NO
209.75755601265553,1110.9439051161155,NO
209.5631621948368,1111.9605989430638,NO
209.5000000004902,1113.0,NO
209.5000000004902,1114.0,NO
209.5000000004902,1115.0,NO
209.5000000004902,1116.0,NO
209.5000000004902,1117.0,NO
209.47790814761677,1118.0168673453177,NO
209.32939900047867,1119.0594210002723,NO
209.11738301132007,1120.0315322989773,NO
208.91456099853357,1120.9790590681653,NO
208.71639772654197,1121.9443917123533,NO
208.55008539551372,1122.966476949931,NO
208.5000000004902,1124.0,NO
208.5000000004902,1125.0,NO
208.5000000004902,1126.0,NO
208.5000000004902,1127.0,NO
208.5000000004902,1128.0,NO
208.4781819273756,1129.016877008132,NO
208.34465193847197,1130.0560904147608,NO
208.14162798371729,1131.035545847235,NO
207.9418485383946,1131.9856331686242,NO
207.74346709043965,1132.9451723766351,NO
207.562536368042,1133.9605424959411,NO
207.5000000004902,1135.0,NO
207.5000000004902,1136.0,NO
208.0614051387349,1137.9692974306327,NO
208.39670535736266,1138.9494395142121,NO
208.69378928864907,1140.0708487535019,NO
208.9906619121053,1141.0046690439474,NO
209.27532649475506,1141.9260397458597,NO
209.60843767322467,1143.052208311414,NO
209.9415395313866,1144.0292302343066,NO
210.2019233337917,1144.9259614404307,NO
210.54458042324498,1146.0276823674033,NO
210.8515961216042,1147.0581976026313,NO
211.096724730321,1147.9575169824147,NO
211.41871386260152,1148.9520997941481,NO
211.75925955510235,1150.0726941722348,NO
212.02959860852533,1150.985548913818,NO
212.3352997268742,1151.9335975084057,NO
212.66342890867745,1153.0659943301287,NO
212.97297090631622,1154.0135145468419,NO
213.24744328688027,1154.924796646896,NO
213.5919072215519,1156.0480109134908,NO
213.89484887749802,1157.0430913435407,NO
214.136143460376,1157.9479451454592,NO
214.435596056911,1158.9579009737554,NO
214.74419212957332,1160.0722281040319,NO
215.01956027051162,1160.9904499850165,NO
215.3183483204521,1161.9307124264283,NO
215.593693123862,1163.0478008073437,NO
215.91986772400045,1164.0372379394967,NO
216.16984268069882,1164.9350601489473,NO
216.48892325309032,1165.973650842069,NO
217.0655006538621,1167.9695614612829,NO
217.38244211250117,1168.944508399114,NO
217.66344140665464,1170.065991879545,NO
217.97297090631622,1171.0135145468419,NO
218.2474620695449,1171.924790938439,NO
218.60843596940538,1173.0522085385899,NO
218.94324829488457,1174.0283758525577,NO
219.2237197859519,1174.8160526081633,NO
220.13885796338758,1175.893531542391,NO
221.0272495106862,1176.9861333856877,NO
221.42358024569143,1177.74292673902,NO
222.14809549368638,1178.8542275736584,NO
223.13810735881395,1179.8966167836975,NO
224.3874190618475,1181.7594456926327,NO
225.142752160769,1182.857247839231,NO
226.1381056187496,1183.8966180862597,NO
227.23997223471565,1185.9471157545117,NO
226.10446651911292,1188.0883370441813,NO
225.2309698939212,1189.1608766498846,NO
224.35532225413766,1190.673714116682,NO
224.1309464624764,1191.0645790595374,NO
223.28917520847202,1193.0874851951448,NO
223.0579848383034,1194.0158729447137,NO
222.8598050578479,1194.971412763943,NO
222.68968953654485,1195.9601277033648,NO
222.57601451588224,1196.968023441195,NO
