X,Y,is_wing_root
217.54404465591816,1026.9872638168579,NO
217.5423583073004,1028.0115049588503,NO
217.61553925239116,1029.036513031735,NO
217.75372765935205,1030.039210957044,NO
217.9317332307074,1031.014873765778,NO
218.12889960502093,1031.963457233242,NO
218.94580226903722,1034.0234702424182,NO
219.2160909036189,1034.89792862679,NO
220.32131729485448,1036.7826929089133,NO
221.13499307825867,1037.8923898667576,NO
222.08334125495554,1038.9203974238521,NO
223.08589457882397,1039.9042688182067,NO
224.13265014046686,1040.8256598172518,NO
225.30516769852352,1041.5089023106898,NO
226.02198042000367,1041.9603641469919,NO
227.16994570274565,1042.6232762670836,NO
228.01660992540755,1042.960607541856,NO
230.0721415210078,1043.7432060775184,NO
231.01184202713702,1043.9512707400756,NO
231.97545511193832,1044.1351856947613,NO
232.96271004216206,1044.2902131323108,NO
233.96729768951786,1044.403704402887,NO
234.98694760669497,1044.4672756676077,NO
236.01305239330503,1044.4672756676077,NO
237.03270231048214,1044.403704402887,NO
238.03724592907625,1044.289870473708,NO
239.0247255405425,1044.1301726978675,NO
239.986620665257,1043.9449448077796,NO
240.9618155053952,1043.8096006090625,NO
243.1273443246676,1045.936327837666,NO
244.10909711008404,1047.945451444958,NO
245.02969611549656,1049.9851519422518,NO
245.37099199741823,1050.8895338663833,NO
246.2263279606712,1052.916997958446,NO
247.1487318342712,1054.932049967727,NO
248.127476761274,1056.936261619363,NO
249.12794316699203,1058.9350830243395,NO
250.15042873846986,1060.8515376571022,NO
251.1281718907862,1061.9316759091146,NO
252.1664237212531,1063.84314835529,NO
253.3254709481499,1065.2865646285861,NO
254.18037329582876,1066.836131451334,NO
255.13296624683954,1067.9174595157015,NO
256.2362097156705,1069.8107234550841,NO
257.1356891842451,1070.9083020526211,NO
258.2935276325006,1072.7885833737764,NO
259.1383340605124,1073.8978214399147,NO
260.3733437683753,1075.763304947693,NO
261.13974383400887,1076.8922807959327,NO
262.03063498842005,1077.9839966486243,NO
262.4388499067468,1078.7295251787036,NO
262.9484769596846,1079.0668407017654,NO
264.0790923274639,1079.7967064303984,NO
264.97005031386664,1080.0598993722667,NO
267.03647632723795,1080.9270473455242,NO
269.06453636193453,1081.8683458172839,NO
271.07717422620374,1082.767561312444,NO
271.98094723759465,1083.0381055248106,NO
274.0493305822412,1083.9013388355177,NO
276.06542166018096,1084.8643697258283,NO
278.0780203347343,1085.7289396597196,NO
278.99336354659715,1086.0132729068057,NO
281.05874410461564,1086.8825117907688,NO
283.0707906514122,1087.8328554072893,NO
285.0706844176812,1088.5797490235377,NO
286.0319087602137,1088.9361824795726,NO
288.068669734172,1089.8463966537129,NO
290.08573241560197,1090.7380545046958,NO
290.9893773463349,1091.0212453073302,NO
293.04549986796366,1091.9090002640728,NO
295.06748557409037,1092.8535419372063,NO
295.94724576158643,1093.1055084768273,NO
296.98154296439185,1093.4706544044984,NO
298.0,1093.5000000004902,NO
299.0,1093.5000000004902,NO
300.0,1093.5000000004902,NO
301.0,1093.5000000004902,NO
302.0,1093.5000000004902,NO
303.0,1093.5000000004902,NO
304.0,1093.5000000004902,NO
305.0,1093.5000000004902,NO
306.0,1093.5000000004902,NO
307.0,1093.5000000004902,NO
308.0,1093.5000000004902,NO
309.0,1093.5000000004902,NO
310.0,1093.5000000004902,NO
311.0,1093.5000000004902,NO
312.0,1093.5000000004902,NO
313.0,1093.5000000004902,NO
314.0,1093.5000000004902,NO
315.0,1093.5000000004902,NO
316.0,1093.5000000004902,NO
317.0,1093.5000000004902,NO
318.0,1093.5000000004902,NO
319.0,1093.5000000004902,NO
320.0,1093.5000000004902,NO
321.0,1093.5000000004902,NO
322.0,1093.5000000004902,NO
323.0,1093.5000000004902,NO
324.0,1093.5000000004902,NO
325.0,1093.5000000004902,NO
326.0,1093.5000000004902,NO
327.0,1093.5000000004902,NO
328.0,1093.5000000004902,NO
329.0,1093.5000000004902,NO
330.0,1093.5000000004902,NO
331.0,1093.5000000004902,NO
332.0,1093.5000000004902,NO
333.0,1093.5000000004902,NO
334.0,1093.5000000004902,NO
335.0,1093.5000000004902,NO
336.0,1093.5000000004902,NO
337.0,1093.5000000004902,NO
338.0,1093.5000000004902,NO
339.0,1093.5000000004902,NO
340.0,1093.5000000004902,NO
341.0,1093.5000000004902,NO
342.0,1093.5000000004902,NO
343.0,1093.5000000004902,NO
344.0,1093.5000000004902,NO
345.0,1093.5000000004902,NO
346.0,1093.5000000004902,NO
347.00865163567005,1093.4902593314991,NO
348.0278664435949,1093.4441214414785,NO
349.0315635572642,1093.3658503337783,NO
350.0295792776912,1093.2646566945052,NO
351.01939611690597,1093.1454708735143,NO
352.002852675232,1093.0220434009052,NO
352.98544483972466,1092.8954488541765,NO
353.95717174424016,1092.757306550694,NO
354.9512967650765,1092.6057357189773,NO
355.99042015095597,1092.5114277114976,NO
357.0,1092.5000000004902,NO
358.0,1092.5000000004902,NO
359.0,1092.5000000004902,NO
360.0,1092.5000000004902,NO
361.0,1092.5000000004902,NO
362.0,1092.5000000004902,NO
363.0,1092.5000000004902,NO
364.0,1092.5000000004902,NO
365.0,1092.5000000004902,NO
366.0,1092.5000000004902,NO
367.0,1092.5000000004902,NO
368.00958795502095,1092.4889856933144,NO
369.03373162943745,1092.4300782745238,NO
370.04068515943163,1092.3192220260578,NO
371.0258441163887,1092.1967238651057,NO
372.00943919704963,1092.0729392545122,NO
372.9888532210238,1091.9338970094889,NO
373.9538329857764,1091.7757602146787,NO
374.95182040901796,1091.6036840107192,NO
375.9913569897757,1091.510229443738,NO
377.0,1091.5000000004902,NO
378.0,1091.5000000004902,NO
379.0,1091.5000000004902,NO
380.0,1091.5000000004902,NO
381.0,1091.5000000004902,NO
382.0,1091.5000000004902,NO
383.0,1091.5000000004902,NO
384.0,1091.5000000004902,NO
385.0,1091.5000000004902,NO
386.0,1091.5000000004902,NO
387.0048501656927,1091.4947168960484,NO
388.0250633101507,1091.456510286191,NO
389.03989326373784,1091.3633136595815,NO
390.03327022185573,1091.2389832712947,NO
391.01531208192915,1091.1099881884056,NO
391.9989465139636,1090.990736588509,NO
392.9828325394485,1090.8731100753462,NO
393.9646663811976,1090.7461951457765,NO
394.96003347254134,1090.6225383439237,NO
395.9752434290714,1090.53237587742,NO
397.0,1090.5000000004902,NO
398.0,1090.5000000004902,NO
399.0,1090.5000000004902,NO
400.0,1090.5000000004902,NO
401.0,1090.5000000004902,NO
402.0,1090.5000000004902,NO
403.0,1090.5000000004902,NO
404.0,1090.5000000004902,NO
405.0,1090.5000000004902,NO
406.0,1090.5000000004902,NO
407.0,1090.5000000004902,NO
408.0,1090.5000000004902,NO
409.034990431945,1090.4461280064654,NO
410.0565812119877,1090.2531264697998,NO
411.00303595306315,1090.008235830363,NO
411.9354316013603,1089.7664547178765,NO
412.9754462849535,1089.5362075996786,NO
414.0,1089.5000000004902,NO
415.0,1089.5000000004902,NO
416.0048458315681,1089.494274815345,NO
417.05652605490917,1089.3743933622743,NO
418.0402742555627,1089.126789320131,NO
418.96425222127885,1088.8975765929442,NO
419.9372986816819,1088.636617355751,NO
421.0,1088.5000000004902,NO
422.0,1088.5000000004902,NO
423.0,1088.5000000004902,NO
424.0,1088.5000000004902,NO
425.0535321583677,1088.39567247127,NO
426.044618931498,1088.1307796306387,NO
426.96249950185756,1087.8971760514812,NO
427.9405227277205,1087.6255134796222,NO
429.0,1087.5000000004902,NO
430.0,1087.5000000004902,NO
431.0,1087.5000000004902,NO
432.00484531948587,1087.4942225829543,NO
433.0588035491352,1087.3613230047401,NO
434.03222794039016,1087.083432738946,NO
434.94802923001356,1086.8459006242156,NO
435.9561332868041,1086.5778863485368,NO
437.0,1086.5000000004902,NO
438.0,1086.5000000004902,NO
439.0,1086.5000000004902,NO
440.0399719727646,1086.4337384107473,NO
441.05597143088454,1086.2024498654475,NO
441.9844962353955,1085.9602667340305,NO
442.9323159946109,1085.6972031396258,NO
443.99137112599584,1085.5110304961756,NO
445.0,1085.5000000004902,NO
446.0,1085.5000000004902,NO
447.0,1085.5000000004902,NO
448.0141482351429,1085.4810400109927,NO
449.0662437787813,1085.276920710961,NO
449.99899950538065,1084.9978739489513,NO
450.9262781333678,1084.717307120358,NO
452.0,1084.5000000004902,NO
453.0,1084.5000000004902,NO
454.0,1084.5000000004902,NO
455.0,1084.5000000004902,NO
456.0599825288498,1084.3730620939825,NO
457.0375386919157,1084.1046160318633,NO
457.95657491657664,1083.8719838576503,NO
458.94483544874566,1083.6092510771507,NO
460.0,1083.5000000004902,NO
461.0,1083.5000000004902,NO
462.0,1083.5000000004902,NO
463.0,1083.5000000004902,NO
464.0631564471555,1083.3578865338811,NO
465.0306006626858,1083.0776434678833,NO
465.947919959622,1082.83902532424,NO
466.95542498796607,1082.5790137664735,NO
468.0,1082.5000000004902,NO
469.0,1082.5000000004902,NO
470.0,1082.5000000004902,NO
471.0399292112925,1082.433274403302,NO
472.0558158264805,1082.1923383246904,NO
472.97884448039696,1081.9481282913546,NO
473.93109430808016,1081.6715710177668,NO
475.0,1081.5000000004902,NO
476.0,1081.5000000004902,NO
477.0,1081.5000000004902,NO
478.02036491662284,1081.4720957909176,NO
479.0616206012951,1081.293705654846,NO
480.0150573215863,1081.0410654203752,NO
480.9433119533673,1080.8046560517544,NO
481.9607796237867,1080.5651653941572,NO
483.0,1080.5000000004902,NO
484.0,1080.5000000004902,NO
485.0,1080.5000000004902,NO
486.00484531948587,1080.4942225829543,NO
487.0589429656267,1080.3621796602717,NO
488.0340592190273,1080.0928887743405,NO
488.9524066192575,1079.8588800922942,NO
489.94987449129115,1079.5942220740976,NO
491.0,1079.5000000004902,NO
492.0,1079.5000000004902,NO
493.0,1079.5000000004902,NO
494.0399719727646,1079.4337384107473,NO
495.05579489042617,1079.201811314825,NO
495.98214158862913,1078.9562125474165,NO
496.92921417612155,1078.6833265834935,NO
498.0,1078.5000000004902,NO
499.0,1078.5000000004902,NO
500.0,1078.5000000004902,NO
501.00484540414794,1078.4942312184899,NO
502.0587608462551,1078.3654638236912,NO
503.0372796125106,1078.1125006019138,NO
503.96042629911744,1077.8833376443727,NO
504.94033692226304,1077.624343593436,NO
506.0,1077.5000000004902,NO
507.0,1077.5000000004902,NO
508.0,1077.5000000004902,NO
509.0,1077.5000000004902,NO
510.0571020587135,1077.383184882267,NO
511.0402387939492,1077.112140906758,NO
511.9573773250354,1076.8785610954333,NO
512.9449062511585,1076.6097525942653,NO
514.0,1076.5000000004902,NO
515.0,1076.5000000004902,NO
516.0,1076.5000000004902,NO
517.0095679918811,1076.4879675732102,NO
518.062920262415,1076.3274421642109,NO
519.0224550894155,1076.057548218957,NO
519.9438163314516,1075.8174925375254,NO
520.9608314848438,1075.565740375442,NO
522.0,1075.5000000004902,NO
523.0,1075.5000000004902,NO
524.0,1075.5000000004902,NO
525.0349098740103,1075.445100892799,NO
526.0582257863642,1075.2266805498414,NO
526.9907728836021,1074.9771561665727,NO
527.9304711035803,1074.7140343844192,NO
528.9913737165655,1074.5111772951136,NO
530.0,1074.5000000004902,NO
531.0,1074.5000000004902,NO
532.0,1074.5000000004902,NO
533.0,1074.5000000004902,NO
534.0526026517622,1074.4004082327212,NO
535.0471737737399,1074.1532396506502,NO
535.9705697824058,1073.9201627052164,NO
536.9336079080132,1073.654490152262,NO
538.0,1073.5000000004902,NO
539.0,1073.5000000004902,NO
540.0,1073.5000000004902,NO
541.0,1073.5000000004902,NO
542.0,1073.5000000004902,NO
543.0393213205228,1073.4359537710147,NO
544.0563248840829,1073.219280090333,NO
544.9939223674336,1072.982969270847,NO
545.9369002542218,1072.7404768582035,NO
546.9754090404706,1072.535504092772,NO
548.0,1072.5000000004902,NO
549.0,1072.5000000004902,NO
550.0,1072.5000000004902,NO
551.0,1072.5000000004902,NO
552.0490574954504,1072.4101528271817,NO
553.0496252740512,1072.1601828392825,NO
553.9712554630974,1071.9244344628069,NO
554.9340705215276,1071.653360476613,NO
556.0,1071.5000000004902,NO
557.0,1071.5000000004902,NO
558.0,1071.5000000004902,NO
559.0,1071.5000000004902,NO
560.0,1071.5000000004902,NO
561.0303252510218,1071.4548787857084,NO
562.0590022507278,1071.2616621585294,NO
563.0061360980535,1071.016915729421,NO
563.9391676570076,1070.7783964667703,NO
564.9681928146888,1070.549398204164,NO
566.0,1070.5000000004902,NO
567.0,1070.5000000004902,NO
568.0,1070.5000000004902,NO
569.0,1070.5000000004902,NO
570.0203773297184,1070.4723835490404,NO
571.0596126756484,1070.3070955908067,NO
572.0200773977922,1070.0568859586133,NO
572.9464244177319,1069.8248490674173,NO
573.9560178415114,1069.576775459882,NO
575.0,1069.5000000004902,NO
576.0,1069.5000000004902,NO
577.0,1069.5000000004902,NO
578.0,1069.5000000004902,NO
579.0095730008832,1069.4882230323055,NO
580.0577063827767,1069.3545813802778,NO
581.0339821337587,1069.100178544971,NO
581.9562398618067,1068.8702461021533,NO
582.9448226115195,1068.6091601467942,NO
584.0,1068.5000000004902,NO
585.0,1068.5000000004902,NO
586.0,1068.5000000004902,NO
587.0,1068.5000000004902,NO
588.0,1068.5000000004902,NO
589.0529785537727,1068.3973391443355,NO
590.0450602970942,1068.1320732884583,NO
590.9626664042772,1067.898181107863,NO
591.9405366833818,1067.6256013485981,NO
593.0,1067.5000000004902,NO
594.0,1067.5000000004902,NO
595.0,1067.5000000004902,NO
596.0,1067.5000000004902,NO
597.0203773297184,1067.4723835490404,NO
598.0597745321368,1067.3079293969295,NO
599.0217375531302,1067.06483129838,NO
599.9501810596316,1066.8371303960423,NO
600.9503165701223,1066.591313723062,NO
602.0,1066.5000000004902,NO
603.0,1066.5000000004902,NO
604.0,1066.5000000004902,NO
605.0,1066.5000000004902,NO
606.0048453794786,1066.4942287022204,NO
607.0588807427652,1066.3662095215461,NO
608.0382540430193,1066.1211774034,NO
608.9639415217949,1065.8937004395868,NO
609.9367976220519,1065.637829081142,NO
611.0,1065.5000000004902,NO
612.0,1065.5000000004902,NO
613.0,1065.5000000004902,NO
614.0,1065.5000000004902,NO
615.0,1065.5000000004902,NO
616.0447679548913,1065.422808471662,NO
617.0531948134071,1065.1937811042721,NO
617.9834327002673,1064.9559931089027,NO
618.9319413068226,1064.6981744875184,NO
619.9913713873876,1064.5110453083764,NO
621.0,1064.5000000004902,NO
622.0,1064.5000000004902,NO
623.0,1064.5000000004902,NO
624.0048465865052,1064.4943518189327,NO
625.0520066285743,1064.3900497055117,NO
626.0450914847013,1064.1512937942575,NO
626.9729079938021,1063.92237683912,NO
627.9363795261744,1063.6689138786458,NO
628.9913668924498,1063.5107905952434,NO
630.0,1063.5000000004902,NO
631.0,1063.5000000004902,NO
632.0,1063.5000000004902,NO
633.0,1063.5000000004902,NO
634.0349474408903,1063.4455798705192,NO
635.0580162930416,1063.2405553693065,NO
636.0010676580541,1063.0030419307247,NO
636.9395165270415,1062.7663138482656,NO
637.968162586176,1062.5489699668979,NO
639.0,1062.5000000004902,NO
640.0,1062.5000000004902,NO
641.0,1062.5000000004902,NO
642.0,1062.5000000004902,NO
643.0400782191197,1062.4348912966823,NO
644.0557712432602,1062.2293817208656,NO
645.0010455722203,1062.003271422337,NO
645.9428350289658,1061.7774493420382,NO
646.9613976560609,1061.5625067774156,NO
648.0,1061.5000000004902,NO
649.0,1061.5000000004902,NO
650.0,1061.5000000004902,NO
651.0,1061.5000000004902,NO
652.0303252510218,1061.4548787857084,NO
653.0591850464268,1061.2624728177266,NO
654.0081207053435,1061.0235315896425,NO
654.942705956952,1060.791285987882,NO
655.9614494074891,1060.563093293591,NO
657.0,1060.5000000004902,NO
658.0,1060.5000000004902,NO
659.0,1060.5000000004902,NO
660.0,1060.5000000004902,NO
661.0303537133226,1060.4553057202381,NO
662.0577858787501,1060.2754280062586,NO
663.0132726332445,1060.0402919209043,NO
663.94586163357,1059.8134421120815,NO
664.9559580411751,1059.5762000226885,NO
666.0,1059.5000000004902,NO
667.0,1059.5000000004902,NO
668.0,1059.5000000004902,NO
669.0,1059.5000000004902,NO
670.0095703154665,1059.4880860760622,NO
671.0610692040673,1059.3422559663138,NO
672.0317894488342,1059.0988574332182,NO
672.959198911606,1058.8731185654656,NO
673.9402036755693,1058.6235046327909,NO
675.0,1058.5000000004902,NO
676.0,1058.5000000004902,NO
677.0,1058.5000000004902,NO
678.0,1058.5000000004902,NO
679.0,1058.5000000004902,NO
680.0497525119628,1058.4092545327971,NO
681.0496813127149,1058.1700501305568,NO
681.9751964481811,1057.9344569363222,NO
682.931094896569,1057.6684754339512,NO
684.0,1057.5000000004902,NO
685.0,1057.5000000004902,NO
686.0,1057.5000000004902,NO
687.0,1057.5000000004902,NO
688.0,1057.5000000004902,NO
689.0454170480289,1057.4211398924444,NO
690.0526297660634,1057.1903629921496,NO
690.9803636980214,1056.9499274327595,NO
691.9290454775963,1056.6825718795794,NO
693.0,1056.5000000004902,NO
694.0,1056.5000000004902,NO
695.0,1056.5000000004902,NO
696.0,1056.5000000004902,NO
697.0,1056.5000000004902,NO
698.03565616199,1056.4435278875778,NO
699.0582889993993,1056.225207503667,NO
699.9946061833684,1055.9852895917688,NO
700.9371513730731,1055.7394081236807,NO
701.9754068103647,1055.5354619685493,NO
703.0,1055.5000000004902,NO
704.0,1055.5000000004902,NO
705.0,1055.5000000004902,NO
706.0,1055.5000000004902,NO
707.0150684913168,1055.4803081792957,NO
708.0614888960527,1055.3167609683005,NO
709.0217546949477,1055.0596499711778,NO
709.94656446634,1054.8253069186114,NO
710.9560178415114,1054.576775459882,NO
712.0,1054.5000000004902,NO
713.0,1054.5000000004902,NO
714.0,1054.5000000004902,NO
715.0,1054.5000000004902,NO
716.0150752239529,1054.4805227820802,NO
717.0592900390322,1054.3322848219773,NO
718.0299360765123,1054.0960213778317,NO
718.9617288954989,1053.8740757226983,NO
719.9430684469454,1053.6370613581728,NO
720.9913620047943,1053.510513628111,NO
722.0,1053.5000000004902,NO
723.0,1053.5000000004902,NO
724.0,1053.5000000004902,NO
725.0,1053.5000000004902,NO
726.0,1053.5000000004902,NO
727.0,1053.5000000004902,NO
728.0,1053.5000000004902,NO
729.0,1053.5000000004902,NO
730.0255434128555,1053.4652550139176,NO
731.050660851795,1053.33996099209,NO
732.0339505322675,1053.166488188298,NO
732.995450868067,1052.980170450502,NO
733.9490356245227,1052.7886842898492,NO
734.9499802000485,1052.588546807946,NO
736.0,1052.5000000004902,NO
737.0,1052.5000000004902,NO
738.0,1052.5000000004902,NO
739.0,1052.5000000004902,NO
740.0,1052.5000000004902,NO
741.0,1052.5000000004902,NO
742.0,1052.5000000004902,NO
743.0,1052.5000000004902,NO
744.0,1052.5000000004902,NO
745.0255434128555,1052.4652550139176,NO
746.050660851795,1052.33996099209,NO
747.0338130576787,1052.1658140340596,NO
747.9936554984602,1051.9741144338445,NO
748.9461253316838,1051.7766172215836,NO
749.9550941797697,1051.5758894667765,NO
751.0,1051.5000000004902,NO
752.0,1051.5000000004902,NO
753.0,1051.5000000004902,NO
754.0,1051.5000000004902,NO
755.0,1051.5000000004902,NO
756.0,1051.5000000004902,NO
757.0,1051.5000000004902,NO
758.0,1051.5000000004902,NO
759.0,1051.5000000004902,NO
760.0304415706712,1051.4566235805262,NO
761.0517897253235,1051.31822601601,NO
762.0295466298078,1051.1408297237253,NO
762.9890458404451,1050.9530536017023,NO
763.9467135952957,1050.7616134572368,NO
764.9556911772511,1050.573632086839,NO
766.0,1050.5000000004902,NO
767.0,1050.5000000004902,NO
768.0,1050.5000000004902,NO
769.0,1050.5000000004902,NO
770.0,1050.5000000004902,NO
771.0,1050.5000000004902,NO
772.0,1050.5000000004902,NO
773.0,1050.5000000004902,NO
774.0,1050.5000000004902,NO
775.0351036795083,1050.4475719128957,NO
776.0527176461619,1050.2954505336124,NO
777.0246316999813,1050.1163163609247,NO
777.9833996023116,1049.9288554381671,NO
778.9450527376226,1049.7381018467954,NO
779.9612547908189,1049.5608876380393,NO
781.0,1049.5000000004902,NO
782.0,1049.5000000004902,NO
783.0,1049.5000000004902,NO
784.0,1049.5000000004902,NO
785.0,1049.5000000004902,NO
786.0,1049.5000000004902,NO
787.0,1049.5000000004902,NO
788.0,1049.5000000004902,NO
789.0048484387949,1049.494540752474,NO
790.0394537838075,1049.42811550952,NO
791.0476152087209,1049.2823692563554,NO
792.0222201961922,1049.1122009963099,NO
792.983565583044,1048.9289698934986,NO
793.9453840556664,1048.7396810261766,NO
794.9605298187059,1048.5623958160872,NO
796.0,1048.5000000004902,NO
797.0,1048.5000000004902,NO
798.0,1048.5000000004902,NO
799.0,1048.5000000004902,NO
800.0,1048.5000000004902,NO
801.0,1048.5000000004902,NO
802.0,1048.5000000004902,NO
803.0,1048.5000000004902,NO
804.0,1048.5000000004902,NO
805.0402420952573,1048.4366695270414,NO
806.0526468792091,1048.2712111861952,NO
807.0192337531005,1048.089174670253,NO
807.976684762277,1047.9009102370228,NO
808.9441610192881,1047.709409401839,NO
809.9680286786773,1047.5470729439821,NO
811.0,1047.5000000004902,NO
812.0,1047.5000000004902,NO
813.0,1047.5000000004902,NO
814.0,1047.5000000004902,NO
815.0,1047.5000000004902,NO
816.0,1047.5000000004902,NO
817.0,1047.5000000004902,NO
818.0,1047.5000000004902,NO
819.0048484387949,1047.494540752474,NO
820.0393999370785,1047.4275312152495,NO
821.0495706898512,1047.268947360178,NO
822.0184378150443,1047.0790192076781,NO
822.9703286437602,1046.8826946408892,NO
823.9443008089241,1046.680824869783,NO
824.9753285938202,1046.5339845449148,NO
826.0,1046.5000000004902,NO
827.0,1046.5000000004902,NO
828.0,1046.5000000004902,NO
829.0,1046.5000000004902,NO
830.0,1046.5000000004902,NO
831.0,1046.5000000004902,NO
832.0,1046.5000000004902,NO
833.0,1046.5000000004902,NO
834.0141982435201,1046.482740295878,NO
835.0427906543711,1046.396786060776,NO
836.0437306109815,1046.239813044133,NO
837.0128372107788,1046.0589817810044,NO
837.9665226195285,1045.8676475687002,NO
838.9415380789948,1045.664993496509,NO
839.9831294477495,1045.522000989281,NO
841.0,1045.5000000004902,NO
842.0,1045.5000000004902,NO
843.0,1045.5000000004902,NO
844.0,1045.5000000004902,NO
845.0,1045.5000000004902,NO
846.0,1045.5000000004902,NO
847.0,1045.5000000004902,NO
848.0,1045.5000000004902,NO
849.0095826417587,1045.4887147169466,NO
850.0437597464064,1045.4057721867632,NO
851.0462429540123,1045.2406520945733,NO
852.0120076181454,1045.051032378485,NO
852.9668310984437,1044.859032164609,NO
853.9663167423778,1044.6758780899636,NO
855.0,1044.605882352941,NO
856.0,1044.605882352941,NO
856.9778850644902,1044.58227343587,NO
857.9751747750897,1044.5310790799747,NO
859.0,1044.5000000004902,NO
860.0,1044.5000000004902,NO
861.0,1044.5000000004902,NO
862.0,1044.5000000004902,NO
863.0,1044.5000000004902,NO
864.0,1044.5000000004902,NO
865.0,1044.5000000004902,NO
866.0,1044.5000000004902,NO
867.0,1044.5000000004902,NO
868.0,1044.5000000004902,NO
869.0,1044.5000000004902,NO
870.0,1044.5000000004902,NO
871.0,1044.5000000004902,NO
872.0,1044.5000000004902,NO
873.0,1044.5000000004902,NO
874.0,1044.5000000004902,NO
875.0,1044.5000000004902,NO
876.0,1044.5000000004902,NO
877.0,1044.5000000004902,NO
878.0,1044.5000000004902,NO
879.0,1044.5000000004902,NO
880.0,1044.5000000004902,NO
881.0,1044.5000000004902,NO
882.0,1044.5000000004902,NO
883.0,1044.5000000004902,NO
884.0,1044.5000000004902,NO
885.0,1044.5000000004902,NO
886.0,1044.5000000004902,NO
887.0,1044.5000000004902,NO
888.0,1044.5000000004902,NO
889.0,1044.5000000004902,NO
890.0,1044.5000000004902,NO
891.0,1044.5000000004902,NO
892.0,1044.5000000004902,NO
893.0,1044.5000000004902,NO
894.0,1044.5000000004902,NO
895.0,1044.5000000004902,NO
896.0,1044.5000000004902,NO
897.0,1044.5000000004902,NO
898.0,1044.5000000004902,NO
899.0,1044.5000000004902,NO
900.0,1044.5000000004902,NO
901.0,1044.5000000004902,NO
902.0,1044.5000000004902,NO
903.0,1044.5000000004902,NO
904.0,1044.5000000004902,NO
905.0,1044.5000000004902,NO
906.0,1044.5000000004902,NO
907.0,1044.5000000004902,NO
908.0,1044.5000000004902,NO
909.0,1044.5000000004902,NO
910.0,1044.5000000004902,NO
911.0,1044.5000000004902,NO
912.0,1044.5000000004902,NO
913.0,1044.5000000004902,NO
914.0,1044.5000000004902,NO
915.0,1044.5000000004902,NO
916.0,1044.5000000004902,NO
917.0204943767507,1044.4750969120405,NO
918.0233856211587,1044.4259523799412,NO
919.00465845569,1044.395968744346,NO
920.0,1044.3901960784315,NO
921.0,1044.3901960784315,NO
922.0,1044.3901960784315,NO
923.0221670849999,1044.3532879145484,NO
924.0222627763078,1044.2838503973946,NO
925.0037831012502,1044.2411726890882,NO
926.0,1044.2333333333333,NO
927.0031060219299,1044.2262958827962,NO
928.0029140373374,1044.2123084339642,NO
929.0124754612266,1044.1631406374324,NO
930.0076688579385,1044.0814816149102,NO
931.0004733030257,1044.0268205035263,NO
932.0,1044.0176470588235,NO
933.0,1044.0176470588235,NO
934.0,1044.0176470588235,NO
934.9978149328601,1043.9740840879251,NO
935.9888310195304,1043.8883102019938,NO
936.9972728618473,1043.826144954015,NO
938.0027337963259,1043.8257204955096,NO
939.0024904678256,1043.8412326863966,NO
940.0,1043.849019607843,NO
940.9793058921273,1043.8008680203845,NO
941.9635254672883,1043.6999675542997,NO
942.9861968928574,1043.60891193951,NO
943.9925888632906,1043.5800356062882,NO
945.0074136264169,1043.5798945228714,NO
946.007112991848,1043.5969304809714,NO
946.9778623450832,1043.581844291509,NO
947.9751747750897,1043.5310790799747,NO
949.0,1043.5000000004902,NO
950.0,1043.5000000004902,NO
951.0,1043.5000000004902,NO
952.0,1043.5000000004902,NO
953.0,1043.5000000004902,NO
954.0,1043.5000000004902,NO
955.0,1043.5000000004902,NO
956.0,1043.5000000004902,NO
957.0,1043.5000000004902,NO
958.0,1043.5000000004902,NO
959.0,1043.5000000004902,NO
960.0,1043.5000000004902,NO
961.0,1043.5000000004902,NO
962.0,1043.5000000004902,NO
963.0,1043.5000000004902,NO
964.0,1043.5000000004902,NO
965.0,1043.5000000004902,NO
966.0,1043.5000000004902,NO
967.0,1043.5000000004902,NO
968.0,1043.5000000004902,NO
969.0,1043.5000000004902,NO
970.0,1043.5000000004902,NO
971.0,1043.5000000004902,NO
972.0,1043.5000000004902,NO
973.0,1043.5000000004902,NO
974.0,1043.5000000004902,NO
975.0,1043.5000000004902,NO
976.0,1043.5000000004902,NO
977.0,1043.5000000004902,NO
978.0,1043.5000000004902,NO
979.0,1043.5000000004902,NO
980.0,1043.5000000004902,NO
981.0,1043.5000000004902,NO
982.0,1043.5000000004902,NO
983.0,1043.5000000004902,NO
984.0,1043.5000000004902,NO
985.0,1043.5000000004902,NO
986.0,1043.5000000004902,NO
987.0,1043.5000000004902,NO
988.0,1043.5000000004902,NO
989.0,1043.5000000004902,NO
990.0,1043.5000000004902,NO
991.0,1043.5000000004902,NO
992.0,1043.5000000004902,NO
993.0,1043.5000000004902,NO
994.0,1043.5000000004902,NO
995.0,1043.5000000004902,NO
996.0,1043.5000000004902,NO
997.0,1043.5000000004902,NO
998.0,1043.5000000004902,NO
999.0,1043.5000000004902,NO
1000.0,1043.5000000004902,NO
1001.0,1043.5000000004902,NO
1002.0,1043.5000000004902,NO
1003.0,1043.5000000004902,NO
1004.0,1043.5000000004902,NO
1005.0,1043.5000000004902,NO
1006.0,1043.5000000004902,NO
1007.0096007254989,1043.489636987675,NO
1008.0046610240859,1043.475424452332,NO
1008.9953389894662,1043.4754230700223,NO
1010.0,1043.4803921577611,NO
1011.0,1043.4803921577611,NO
1012.0092012900915,1043.469265782426,NO
1013.0378125739696,1043.401758595045,NO
1014.0242677481023,1043.3256987137718,NO
1014.996490494255,1043.2983079963828,NO
1015.9963571668771,1043.3096408238027,NO
1017.0,1043.3156862745097,NO
1018.0,1043.3156862745097,NO
1019.0224391932767,1043.2661392638197,NO
1020.0157954955986,1043.187341920827,NO
1020.9975640005531,1043.1552949546895,NO
1021.9973276802434,1043.1703603734525,NO
1023.0026710499083,1043.1702794206265,NO
1024.0045706884596,1043.1456907002848,NO
1025.0079090117117,1043.0695447565904,NO
1025.9959854171452,1042.9646993584495,NO
1026.9981602721946,1042.8957487626144,NO
1027.9997751093072,1042.885305740643,NO
1029.0,1042.8843137254903,NO
1029.995575880034,1042.8672763921197,NO
1030.9714609999944,1042.7920729959387,NO
1031.966347262343,1042.6761717726451,NO
1033.0,1042.6098039215685,NO
1034.0059923245249,1042.617989336264,NO
1035.005750023688,1042.633436013612,NO
1035.9942492882628,1042.6333921504815,NO
1036.9714566557736,1042.595635953269,NO
1037.9743497187355,1042.5327984543721,NO
1039.0,1042.5000000004902,NO
1040.0,1042.5000000004902,NO
1041.0,1042.5000000004902,NO
1042.0,1042.5000000004902,NO
1043.0,1042.5000000004902,NO
1044.0,1042.5000000004902,NO
1045.0,1042.5000000004902,NO
1046.0,1042.5000000004902,NO
1047.0,1042.5000000004902,NO
1048.0,1042.5000000004902,NO
1049.0,1042.5000000004902,NO
1050.0,1042.5000000004902,NO
1051.0,1042.5000000004902,NO
1052.0,1042.5000000004902,NO
1053.0,1042.5000000004902,NO
1054.0,1042.5000000004902,NO
1055.0,1042.5000000004902,NO
1056.0,1042.5000000004902,NO
1057.0,1042.5000000004902,NO
1058.0,1042.5000000004902,NO
1059.0,1042.5000000004902,NO
1060.0,1042.5000000004902,NO
1061.0,1042.5000000004902,NO
1062.0,1042.5000000004902,NO
1063.0,1042.5000000004902,NO
1064.0,1042.5000000004902,NO
1065.0,1042.5000000004902,NO
1066.0,1042.5000000004902,NO
1067.0,1042.5000000004902,NO
1068.0,1042.5000000004902,NO
1069.0,1042.5000000004902,NO
1070.0,1042.5000000004902,NO
1071.0,1042.5000000004902,NO
1072.0,1042.5000000004902,NO
1073.0,1042.5000000004902,NO
1074.0,1042.5000000004902,NO
1075.0,1042.5000000004902,NO
1076.0,1042.5000000004902,NO
1077.0,1042.5000000004902,NO
1078.0,1042.5000000004902,NO
1079.0,1042.5000000004902,NO
1080.0,1042.5000000004902,NO
1081.0,1042.5000000004902,NO
1082.0,1042.5000000004902,NO
1083.0,1042.5000000004902,NO
1084.0243395989617,1042.5402520146579,NO
1085.0493274766475,1042.9013450467048,NO
1087.0753629371543,1043.7551904533825,NO
1087.9855027663093,1044.0289944673814,NO
1090.0630522482493,1044.8738955035014,NO
1092.0681364280804,1045.6752376022368,NO
1093.0100749138328,1045.9798501723346,NO
1095.075345743348,1046.7671131489665,NO
1095.98152011537,1047.0369597692602,NO
1098.0586205807747,1047.8827588384506,NO
1100.0744413409043,1048.7307440740453,NO
1100.993365111508,1049.0132697769839,NO
1103.070641266007,1049.8324323404572,NO
1105.0661540698372,1050.5619527613594,NO
1106.0363281748753,1050.9273436502494,NO
1108.0681312802137,1051.6752621387957,NO
1109.0100749138328,1051.9798501723346,NO
1111.07512974115,1052.7785192593876,NO
1111.9774376346163,1053.0451247307674,NO
1114.0500550964132,1053.8904373396874,NO
1116.07813679227,1054.6667499163543,NO
1117.0106918824317,1054.9786162351363,NO
1119.0748206539247,1055.7868238382712,NO
1119.9743979969644,1056.051204006071,NO
1122.0392250842174,1056.9183477802376,NO
1124.0618936873718,1057.6077438495086,NO
1125.0415735053962,1057.8939232696537,NO
1125.9780862246528,1058.1043760399477,NO
1128.1378072996183,1058.6738845895607,NO
1129.0179295457965,1058.881868454819,NO
1130.0,1058.917666945906,NO
1130.9646965349561,1059.0837476615902,NO
1133.018420865412,1059.7377735574269,NO
1134.0035621009742,1059.9930053290386,NO
1136.0250897770868,1060.9474787323268,NO
1137.9783460043386,1061.5902083252874,NO
1139.0516552931945,1061.89417763511,NO
1141.0167040164279,1062.5434235362209,NO
1143.2272071509562,1063.5023081532886,NO
1144.015144614357,1063.9736508329686,NO
1144.893410200773,1064.2164932626222,NO
1146.050627982166,1064.0466847716,NO
1146.580804019845,1063.7702647206168,NO
1149.0105225696425,1062.8311378074036,NO
1149.9859924087657,1063.0352378475643,NO
1152.0266591872132,1063.9424722787323,NO
1154.0415464084354,1064.9169071831293,NO
1156.0278127547642,1065.6528556073308,NO
1157.0247039024446,1065.9496540721063,NO
1159.022712075579,1066.9508321006347,NO
1161.027967041918,1067.65092987503,NO
1162.0258478714477,1067.9458028494976,NO
1164.0178282706554,1068.650291627314,NO
1165.0157953733299,1068.7016429449975,NO
1166.0117810466859,1068.7465821623512,NO
1168.1798746955417,1069.5823778862066,NO
1169.4268720310022,1070.7964656419538,NO
1170.1005709007422,1071.8969761546452,NO
1172.0064837843074,1072.6325855732475,NO
1173.0,1072.6411764705883,NO
1174.010036603686,1072.650103245697,NO
1175.0293517132152,1072.9347958583476,NO
1177.015089203746,1073.5724725334428,NO
1178.0138591419884,1073.607324285446,NO
1179.0064835052535,1073.6326013862997,NO
1180.003250030204,1073.6349132639903,NO
1181.0034329440048,1073.6212318312923,NO
1181.9894680656707,1073.6126588413028,NO
1182.9822549822152,1073.6013286000368,NO
1183.984910800913,1073.5724726654419,NO
1185.9550436844142,1072.9075742799723,NO
1186.9887206264232,1072.577650112944,NO
1187.992274878026,1072.5622431088009,NO
1189.9577081147809,1071.90968635733,NO
1190.9891924132924,1071.5953159105602,NO
1192.977084438379,1070.9485184643038,NO
1193.9856143511124,1070.676802421336,NO
1194.9806029922734,1070.6336120723272,NO
1196.9545756798736,1069.9095191658575,NO
1197.9809240644686,1069.571427314635,NO
1198.9928420212896,1069.5436788867469,NO
1200.0,1069.535294117647,NO
1201.0,1069.535294117647,NO
1202.0,1069.535294117647,NO
1203.0041937361102,1069.5289036310362,NO
1204.0570430636826,1069.8869385979906,NO
1205.0016750802881,1069.996649839424,NO
1205.9637815415144,1069.9637815415144,NO
1206.5181535932572,1069.0,NO
1209.0,1067.5350351541654,NO
1210.0,1067.535294117647,NO
1211.0,1067.535294117647,NO
1212.008033502043,1067.5447682390493,NO
1213.0189896813392,1067.5733651588212,NO
1214.0452148026811,1067.9095703946377,NO
1216.0,1068.570588235294,NO
1217.0114031880005,1068.5730139505222,NO
1218.0115435830603,1068.5754526473208,NO
1218.9962291517695,1068.5839497303837,NO
1219.9890691036612,1068.5906986498267,NO
1221.970915287591,1067.9372382505424,NO
1222.9899623312149,1067.6500661141451,NO
1223.993519452617,1067.6327689989532,NO
1224.9932084143084,1067.6151434956414,NO
1226.0,1067.605882352941,NO
1227.0,1067.605882352941,NO
1228.0067868132787,1067.6154139323519,NO
1229.018322537748,1067.653907616588,NO
1230.025184982557,1067.7196071982548,NO
1231.0090879467236,1067.9803301970244,NO
1233.0135223162229,1068.6961986285582,NO
1234.0197356366687,1068.953762222405,NO
1236.021323509798,1069.6043304379934,NO
1237.038524997563,1069.9214870300852,NO
1239.0,1070.570588235294,NO
1239.9922723054615,1070.562097330152,NO
1241.965664776076,1069.9237251063337,NO
1242.9967625356946,1069.6363248333228,NO
1243.9942516489648,1069.6335426452238,NO
1244.9940074063231,1069.6179721778271,NO
1245.992166479437,1069.600490461707,NO
1247.9886036411738,1068.9721044368812,NO
1248.9977189585247,1068.7437630007694,NO
1249.9953830299885,1068.738371711695,NO
1250.9904550567157,1068.7136516822602,NO
1251.9886986989902,1068.6797964510974,NO
1252.986732190378,1068.6438640502486,NO
1253.9861515541904,1068.6076273438614,NO
1254.9849123684176,1068.5725170780747,NO
1256.0077195154365,1068.5625608125704,NO
1257.0211395633512,1068.6006971323957,NO
1258.0241086953324,1068.6376389962743,NO
1259.0300076319345,1068.9412508798598,NO
1260.9902101729817,1069.611148060925,NO
1261.9823414276007,1069.6032707397003,NO
1263.874405839194,1068.874405839194,NO
1265.9961250998185,1067.5647195346548,NO
1267.0,1067.570588235294,NO
1268.0,1067.570588235294,NO
1269.0,1067.570588235294,NO
1270.0074085999868,1067.5801793538951,NO
1271.0241956913683,1067.6236639164372,NO
1272.0326798459023,1067.9302127131475,NO
1274.0158843517997,1068.5736305482562,NO
1275.0137807036917,1068.6095467039886,NO
1276.0125403787229,1068.6446892470028,NO
1277.0113011077299,1068.6798019273638,NO
1278.0121371959235,1068.714634775709,NO
1279.0141239959437,1068.9679000081737,NO
1281.0341356439874,1069.9354753079724,NO
1282.9934878675535,1070.6309791787842,NO
1284.0840455177615,1070.0798951162762,NO
1284.9071874562865,1068.9535937281432,NO
1285.5953159174387,1066.989192413476,NO
1285.90968635733,1065.9577081147809,NO
1286.5923670829952,1063.955259802463,NO
1287.9738029950643,1062.6354250089694,NO
1289.9873600528422,1061.9692135953671,NO
1290.9928831445102,1061.7335132938117,NO
1291.9950066497754,1061.7170435006244,NO
1293.0049912314742,1061.71716356315,NO
1294.0090167001983,1061.7445268115266,NO
1295.0144664063387,1061.7897129753142,NO
1295.994250149521,1062.0135206876544,NO
1298.0150752704908,1062.9713539157437,NO
1299.1800654411709,1063.5677360811535,NO
1300.0186112805618,1063.7311385932703,NO
1300.7568718184516,1063.499850624475,NO
1301.161413520298,1063.1320231941845,NO
1301.6984689454287,1061.9769453123076,NO
1303.9851598996902,1060.5547969608374,NO
1305.014856763579,1060.5542970627253,NO
1306.0267984820164,1060.6095078251442,NO
1307.027789928225,1060.6796172648624,NO
1308.0192220719978,1060.9589443934842,NO
1310.0126864304154,1061.6405511154505,NO
1311.0065282236535,1061.6670606023492,NO
1312.0049477725463,1061.6845795205948,NO
1313.0047049139264,1061.7000617566136,NO
1313.9952950860736,1061.7000617566136,NO
1314.9950522274537,1061.6845795205948,NO
1315.9934713084263,1061.6670367384231,NO
1316.9805843670129,1061.633260261846,NO
1318.9618646332754,1060.9208329071978,NO
1319.9824861489042,1060.6065221449876,NO
1321.053585741047,1060.0498999463098,NO
1321.5089623313665,1059.004450492306,NO
1321.9640730166745,1056.9640730166745,NO
1323.0738739058436,1056.0795565100032,NO
1323.9069598526926,1054.9534799263463,NO
1324.564714711346,1052.996125056881,NO
1324.8752100380239,1051.9393015611795,NO
1325.0209779302381,1051.000171950245,NO
1324.8498752864773,1050.1534106108218,NO
1323.5289078781154,1048.0041936983025,NO
1323.542154414508,1046.9877726701072,NO
1325.991887617499,1044.7171855743704,NO
1327.0005709165453,1044.7088325467128,NO
1328.0005670849039,1044.7107866839626,NO
1329.0025997627588,1044.7079599756264,NO
1330.0183770763745,1044.9582339159708,NO
1332.0389501236493,1045.916822635572,NO
1334.0009053836122,1046.5382543336302,NO
1335.0070987867641,1046.5474523730825,NO
1336.0068758806524,1046.561662636791,NO
1337.9737177357918,1045.9430357969538,NO
1339.9915643075121,1044.9818027311762,NO
1340.9743775573504,1044.720938183962,NO
1342.9945205226331,1043.9876320367428,NO
1343.9815486336297,1043.743218480684,NO
1345.905915328412,1042.9084343306138,NO
1346.6312040457517,1040.9907151071286,NO
1345.90030264118,1039.1046822207295,NO
1343.9786107492284,1038.3432465553558,NO
1342.9751275603512,1038.0521518902526,NO
1340.615443235751,1036.0305941435704,NO
1342.995010249781,1033.7172475009372,NO
1344.0,1033.707843137255,NO
1345.0096335126202,1033.7270504584635,NO
1346.0163029042926,1033.7731179117302,NO
1346.9990650248437,1034.0021939516155,NO
1349.0101404349718,1034.6527775284821,NO
1349.9898595729953,1034.6527778012892,NO
1350.9762952370766,1034.6312997423975,NO
1352.9067664872446,1033.8972040746196,NO
1353.9085480576157,1032.9107785909384,NO
1354.8932385131043,1031.9007746195948,NO
1355.4749092475051,1030.7820504531014,NO
1355.9480111191422,1029.9715764338264,NO
1356.974474789813,1028.9516008735968,NO
1358.9904551807133,1027.9793918668647,NO
1359.98081290368,1027.7210919351323,NO
1360.9892342040414,1027.6770260995743,NO
1361.9938327171208,1027.6505206533304,NO
1363.0,1027.6411764705883,NO
1364.0068312379797,1027.6516068721194,NO
1365.011155788028,1027.6839193191777,NO
1365.9961033014595,1027.801268379622,NO
1366.8668188085364,1027.6668369526938,NO
1366.8391549958337,1026.1736942624057,NO
1364.959196788604,1025.0772860838342,NO
1367.008548902985,1021.5640059591367,NO
1368.0396215352582,1021.6324001893357,NO
1369.0277170924992,1021.9463759120425,NO
1370.9973467638313,1022.6304421193671,NO
1372.1096965320094,1022.1123044738215,NO
1372.5351109652877,1021.8066915522506,NO
1372.9484910657695,1020.9742727284365,NO
1373.6240701507609,1019.0140052293917,NO
1373.5851447038217,1018.021962927208,NO
1373.5477506567502,1017.0070941078043,NO
1373.571257332507,1015.9773018590244,NO
1373.6640189273346,1014.9539380764653,NO
1374.92319196427,1012.9307102101096,NO
1375.1705047476175,1012.076736700249,NO
1375.080630781257,1010.9297151508263,NO
1374.8161544186453,1010.3981628032841,NO
1373.9861750900582,1010.0307715730606,NO
1371.9862202385432,1009.3904265993523,NO
1370.9874787404092,1009.3547690442241,NO
1368.605882352941,1007.0,NO
1368.7058531487023,1005.9578966255176,NO
1369.7189372817093,1003.7504237314134,NO
1370.907663917255,1002.8343498668831,NO
1372.0055610759478,1002.0077179858381,NO
1372.6809894975124,1001.5357124116978,NO
1373.7702395876563,1000.7399510295099,NO
1374.745158847114,999.7691842797401,NO
1375.5994628988774,998.6926110717271,NO
1376.0344167981132,998.0282676629294,NO
1376.912161494893,996.9512475304434,NO
1377.4652152236674,995.7490097202116,NO
1377.81741480912,994.9583165637631,NO
1377.959998610482,993.9957683161626,NO
1378.641125169703,991.9000248785144,NO
1379.8973470808016,989.8231837512352,NO
1381.9854184980575,988.8794595817702,NO
1382.9963313345063,988.9494319105902,NO
1383.9405377552998,988.845166488267,NO
1384.560155023591,987.9807475264342,NO
1383.9342080133924,987.1251207860412,NO
1381.7119280522054,985.1301194529053,NO
1380.8107686945648,983.0292278075525,NO
1380.607502130606,982.0988735119846,NO
1379.952357362965,980.0086794505702,NO
1379.7362899925754,979.1016998237554,NO
1378.8621929859953,977.0210121599448,NO
1378.7642045134382,976.0046234410336,NO
1378.8103628557553,974.9808485253294,NO
1379.8403455419636,972.9014726934556,NO
1380.6013669950912,971.688589249672,NO
1381.03680224268,971.0265767172789,NO
1381.7155557930485,969.9160709960182,NO
1382.0104074162973,969.0042738919192,NO
1382.689054833707,966.9750874799136,NO
1382.9623955494412,965.982780713974,NO
1383.6734215190916,963.9771851351344,NO
1383.9520265329022,962.9776190730661,NO
1384.6098039215685,961.0,NO
1384.6098039215685,960.0,NO
1384.6003535645448,959.0078362048212,NO
1384.5741756116345,958.0150290951076,NO
1383.8983838826512,956.0496789905541,NO
1383.5640808318012,955.0043160312478,NO
1383.5800262514647,953.9925886982055,NO
1383.6080529420321,952.9821489452698,NO
1384.887082665127,950.8894819690337,NO
1385.930348858401,948.966522057927,NO
1386.6975888089778,946.9579307010655,NO
1387.938484796641,944.9432546917951,NO
1388.723959165714,942.997165905322,NO
1388.6971628217393,942.0283717120554,NO
1388.6497877042498,941.0214981793923,NO
1388.630414132558,939.9859837702847,NO
1389.7052230985198,937.8362350469168,NO
1390.032032650475,937.01642976647,NO
1390.7421197798562,934.995449172371,NO
1390.74121328546,934.005074249437,NO
1390.7147572833185,933.0100673893626,NO
1390.6797783800332,932.011301938812,NO
1390.6369777506918,931.0199306335503,NO
1390.6168512637341,929.9924872794851,NO
1390.6840015015077,928.9696816469784,NO
1392.9787987492882,926.6367039859495,NO
1394.0,926.6058823529412,NO
1395.0,926.6058823529412,NO
1395.9920872416908,926.5964493367602,NO
1396.9917067332585,926.577043407219,NO
1398.9766219537348,925.9475458401432,NO
1399.992059723694,925.6788952286205,NO
1400.9940716025628,925.664057494416,NO
1401.9879804870225,925.6394145864829,NO
1402.986080508504,925.6056143826235,NO
1404.8760921444994,924.8757599565118,NO
1405.5457106102285,923.0041174263464,NO
1405.5630721823184,922.0038895650388,NO
1405.5776604936475,920.9887209036527,NO
1406.892064805302,918.8894322440701,NO
1407.9588908521964,917.9199971631305,NO
1409.879895238683,916.8769658592597,NO
1410.076098954579,916.0376847873906,NO
1410.0117720397488,914.9885186279839,NO
1408.9588510931783,914.0800802122086,NO
1407.888022766055,913.1175069683985,NO
1405.583301246212,911.029942424956,NO
1405.544923347018,910.0080307648434,NO
1405.973439246039,907.9734392460391,NO
1407.9490430059486,906.8952374810016,NO
1409.8757411990207,905.8726730790378,NO
1410.8690747500539,904.8753092785812,NO
1411.535294117647,903.0,NO
1411.535294117647,902.0,NO
1411.535294117647,901.0,NO
1411.541513572705,899.9872894846527,NO
1411.8987719261277,898.9474273738302,NO
1412.8952164663501,896.9490327843208,NO
1413.5382543336302,894.9990946163877,NO
1413.544593235278,893.98873870504,NO
1413.896641201858,892.9479038302743,NO
1414.5753421994004,890.9810983174996,NO
1414.9108253101372,889.9554126550686,NO
1415.61935176836,887.9819097866008,NO
1415.619852193984,886.9961601232717,NO
1414.9244693175249,885.0406335950995,NO
1414.5834201998075,884.0299338773923,NO
1414.54685881237,882.9959661022949,NO
1416.982229812656,880.7054809985192,NO
1417.982274188003,880.6523013932266,NO
1418.993213253734,880.6154177297482,NO
1420.0067888566857,880.6152981393011,NO
1421.0126265172466,880.642248655341,NO
1422.0,880.6588235294117,NO
1423.9409364562666,879.9261705689244,NO
1424.9764770768604,878.9738944398906,NO
1425.9728715809158,877.9753571690803,NO
1426.8226301204434,876.904753640935,NO
1427.6778312802464,874.921231877498,NO
1427.7926261820744,874.0040661533988,NO
1426.9908023885284,872.0076236885425,NO
1425.9853412954524,871.0186521059603,NO
1423.9889295488863,870.0259364856105,NO
1421.5865289046803,868.02228287389,NO
1421.570588235294,867.0,NO
1421.5802846660977,865.9925932584639,NO
1421.6321936101115,864.9747583855462,NO
1422.899938045592,862.7852941964861,NO
1424.985355528199,861.9113439476383,NO
1425.9764455278748,861.777541091965,NO
1427.140742809719,861.4242534968353,NO
1428.0361167380424,861.0847637704348,NO
1428.9208208036423,860.8132070871179,NO
1430.009317572602,860.011178086337,NO
1430.5734563238293,859.4900021314866,NO
1431.719701048302,858.6494800077935,NO
1432.9280850561458,857.8645247021083,NO
1434.0208708581495,857.0263995622817,NO
1434.628974766005,856.5708347425848,NO
1435.4767309815268,855.6018802633988,NO
1435.9992354058045,854.9994381606328,NO
1436.9330710305564,853.9437188217421,NO
1437.9482734423625,851.9767605315616,NO
1438.5618396565762,850.0068731038712,NO
1438.5474918666407,849.0070981672573,NO
1438.5698987643113,847.9690945224673,NO
1439.9964605942534,845.992329937457,NO
1441.9757065550232,844.9696143905518,NO
1443.005148895954,844.00543620554,NO
1443.9896634519696,842.9913483229095,NO
1444.8059316578867,841.9031974081075,NO
1445.5147561687743,840.5956301594697,NO
1446.584443950677,839.5239680041701,NO
1447.7954094858137,838.6962687002255,NO
1448.9643917419678,837.9304320129767,NO
1449.6455279657896,837.4549324415335,NO
1450.6580088021026,836.6681606507359,NO
1451.0568245889626,836.0434723620222,NO
1451.584624393763,835.2635878842482,NO
1451.7715428001977,834.9336737138995,NO
1451.9498867011193,833.9928700592741,NO
1452.8971787119517,831.9401065958109,NO
1453.9499421346934,830.9081898310727,NO
1455.0670042757533,830.1382575942505,NO
1455.9154161096526,829.8511984107623,NO
1456.713174078103,828.8942225777231,NO
1456.84692786463,828.0030014144972,NO
1456.7841353045594,827.0270889029636,NO
1456.6703827541787,826.0407174246585,NO
1456.5704873624195,825.0218967235295,NO
1456.5861744594624,823.9699773612421,NO
1456.7273954881425,822.9535762619264,NO
1456.9961806425972,821.9982033552164,NO
1457.2722379900881,821.1117737557528,NO
1457.3743827084927,819.880936849544,NO
1457.0631636225282,818.9722942923262,NO
1456.8273166082852,818.0368804848205,NO
1456.6587674908978,817.0421522513052,NO
1456.5745098039215,816.0,NO
1456.6609934380326,814.9574580000568,NO
1456.840964813112,813.963177481062,NO
1457.8212373837212,811.9216888514766,NO
1458.9557378264067,809.9670026309531,NO
1459.9829709061196,807.9922212779593,NO
1460.6365019288387,805.9935853278532,NO
1460.6450980392158,805.0,NO
1460.030544808902,802.9871305405522,NO
1459.8068821757543,802.0208150941876,NO
1459.7159616866388,801.0256191419894,NO
1458.9826010973288,799.0076612451369,NO
1458.736713403322,798.0130339902263,NO
1458.7447064810015,796.9816555558066,NO
1458.9994429772955,795.9997268791989,NO
1459.8036930146186,793.98367347756,NO
1459.8312339800596,792.9982952927724,NO
1459.8137111178237,792.0086558472022,NO
1459.7849130748396,791.0102219531109,NO
1459.7442754331441,790.0135383592759,NO
1459.6854251724556,789.0222052817509,NO
1458.8944656791373,787.1084060054557,NO
1457.0068925452588,786.4393997318055,NO
1455.904898199363,782.9048981993631,NO
1456.7098298401054,780.981038386256,NO
1456.9656433065775,779.985305691558,NO
1457.6340590924844,777.9690130679621,NO
1458.9143222677196,775.9143222677195,NO
1459.9020971314844,774.9094365754939,NO
1460.574115736031,773.00430186114,NO
1460.064174261013,771.932567242386,NO
1458.971510258893,771.0284897411071,NO
1458.5307814078226,768.992507487578,NO
1458.5470203594907,768.0040324596001,NO
1457.8983838826512,766.0496789905541,NO
1457.5640748042993,765.004316090926,NO
1457.570588235294,764.0,NO
1457.570588235294,763.0,NO
1457.570588235294,762.0,NO
1457.5647195346548,760.9961250998185,NO
1457.8984218427593,759.9504396884056,NO
1458.5392156862745,758.0,NO
1458.5474539755326,756.9929012383724,NO
1458.563006836475,755.9931452048343,NO
1458.570588235294,755.0,NO
1458.570588235294,754.0,NO
1458.570588235294,753.0,NO
1458.5640748042993,751.995683909074,NO
1458.873245641065,750.9382216433241,NO
1459.0243454364797,749.9995294371276,NO
1458.8663188783826,749.065023141713,NO
1458.5541718764787,747.9960312037541,NO
1458.570588235294,747.0,NO
1458.5647195346548,745.9961250998185,NO
1458.8981261165545,744.9504480522008,NO
1459.535294117647,743.0,NO
1459.535294117647,742.0,NO
1459.5446201449704,740.991963884532,NO
1459.562096935878,739.9922722985037,NO
1459.570588235294,739.0,NO
1459.570588235294,738.0,NO
1459.570588235294,737.0,NO
1459.5647195346548,735.9961250998185,NO
1459.8981261165545,734.9504480522008,NO
1460.535294117647,733.0,NO
1460.5446201449704,731.991963884532,NO
1460.5622422050549,730.9922748620776,NO
1461.9767561342949,728.5686971680601,NO
1463.8108235780649,727.791420865971,NO
1463.9045954669425,726.3801941708986,NO
1463.0053025023226,726.3004751174269,NO
1462.0,726.464705882353,NO
1459.6790071279704,723.9596356277799,NO
1460.9316442344943,721.9349384845941,NO
1461.920668119398,720.9242837812537,NO
1463.9752604693488,719.7305542470768,NO
1464.8543006629598,719.5728360226641,NO
1464.796670836599,718.1891433928022,NO
1463.6045479571615,716.0246424116438,NO
1463.55521694588,715.0156982244447,NO
1463.545071527986,713.991971850115,NO
1463.6017280083909,712.9680909688705,NO
1464.5373555675112,710.7961528441107,NO
1464.9660959553303,709.9811894504147,NO
1465.9387508086872,708.9370033280887,NO
1466.9474542126256,707.9459550459916,NO
1467.940481516864,706.9448844738141,NO
1468.7738556413642,705.8644287579382,NO
1469.5949640143049,704.5821818337544,NO
1470.720345710579,703.6582003012307,NO
1471.9363256557417,702.8714208925119,NO
1473.970955872739,701.8651914144351,NO
1475.9964909814994,700.9927939800053,NO
1476.8418739024764,700.648213862335,NO
1477.6481192017354,699.8411865327034,NO
1477.9720554284033,698.9871622156365,NO
1478.1989528661436,697.9978327575141,NO
1477.9216884198322,697.0653963200737,NO
1476.9413618022188,696.0707960358039,NO
1474.9666909021323,695.2979650222256,NO
1473.5740078960025,693.0150350144825,NO
1473.5996572937365,691.9709555276992,NO
1473.7427962745892,690.9445453998314,NO
1475.8515818129915,688.7118941058675,NO
1477.8345036639992,687.6033963553123,NO
1478.7697407578464,686.8438188003961,NO
1479.0806558630268,686.0498049965491,NO
1480.0107768206851,685.0092585399635,NO
1480.9775024164207,683.9797305124084,NO
1481.9129906133692,682.9275681037833,NO
1482.132709288164,681.9905628945925,NO
1481.892772615115,681.106646989951,NO
1480.8325436434586,680.2334143233464,NO
1479.8506797986597,679.0345293358391,NO
1479.1272109717286,676.96076671021,NO
1479.0156079072938,676.0006608186537,NO
1479.8228449173794,673.9101630624799,NO
1481.968457022322,672.6502843779167,NO
1483.0977706908006,672.316750253666,NO
1484.022251565724,672.0635204558101,NO
1484.9814901871748,671.8625374170277,NO
1486.966681263151,670.9601601641921,NO
1487.965761454973,669.9691108780951,NO
1488.7435045973484,668.0050293217517,NO
1487.9556619883733,666.0388700554062,NO
1486.7330341599197,664.0448111525778,NO
1486.6245637709526,663.0213483339832,NO
1485.9314933938886,661.0329278191049,NO
1484.9563844449376,659.019923155152,NO
1484.687755102041,658.0,NO
1484.9563078468627,656.9800418556032,NO
1485.6347852923918,654.9935550342675,NO
1484.921291698178,653.0712602002415,NO
1483.8818658028138,652.1777747526277,NO
1482.676007451146,651.3721360013074,NO
1481.5938471332586,650.3623234104209,NO
1480.8292359212512,647.9943078644236,NO
1481.4459595478086,645.6287929113419,NO
1482.0010792913579,645.000852514192,NO
1482.6746964889207,643.8985053053557,NO
1482.8324464505372,642.997043172517,NO
1482.689067375587,642.0970109780403,NO
1481.983436811737,641.016147955446,NO
1480.9289958596264,640.1177522071849,NO
1479.785793276956,639.268825168232,NO
1479.0590864345954,638.9177974848191,NO
1477.9398480914585,638.1741858150003,NO
1475.6570588606342,636.02175759397,NO
1476.8912136126567,633.7666447458381,NO
1477.9767795662435,632.9748977350919,NO
1478.73651068818,631.9067374605069,NO
1478.8901960784315,631.0,NO
1478.7252141863012,630.099951324817,NO
1477.9593089233863,629.0498608979383,NO
1475.9647645680977,628.2708723784248,NO
1474.5983729783302,626.007087536011,NO
1474.6014033918066,624.9822583112257,NO
1474.6092410119122,623.9901621606715,NO
1473.969121394281,622.015358128575,NO
1473.6789768542155,621.040647993182,NO
1473.5830103892,620.0220759203338,NO
1473.573757440368,618.9841203755534,NO
1474.8347142754747,616.6520300560477,NO
1475.934957373942,615.9288768994743,NO
1476.6514891486543,614.840176117833,NO
1476.8090740693465,613.9925561016008,NO
1476.6540433356968,613.1560371508605,NO
1475.887798842305,612.2342343752413,NO
1473.8992385768056,611.3432185997544,NO
1472.9884430164782,611.1821600817635,NO
1472.0041184775462,611.1635859323067,NO
1471.004643412234,611.1738699954572,NO
1469.997623223823,611.1731651209614,NO
1468.9902239046978,611.1360506617401,NO
1466.6137797183455,609.0416285320695,NO
1466.5529411764705,608.0,NO
1466.5869582776352,606.9738270591403,NO
1466.9216482528104,605.9595343832881,NO
1467.0845423636247,605.0402840774319,NO
1467.0124128603409,603.987860325209,NO
1465.583672111547,602.0290847838119,NO
1465.5549019607843,601.0,NO
1465.5748380796747,599.9806361891112,NO
1465.8886662935201,598.94421977477,NO
1466.0616740088105,598.0,NO
1465.861458304787,597.138541695213,NO
1464.8822985003148,596.117701499685,NO
1463.886089457911,595.1084790477933,NO
1462.8906545123657,594.1093454876342,NO
1461.9117624104417,593.0463339639317,NO
1460.9017088975925,591.0492456418074,NO
1460.5724775038045,589.9957671041163,NO
1460.6003659747214,588.9921640385156,NO
1460.6098039215685,588.0,NO
1460.6151889982257,586.9900939745667,NO
1460.9229582943055,585.9629697704698,NO
1461.9120375078576,583.9545708089515,NO
1462.8859914822708,582.8859914822708,NO
1463.6098039215685,581.0,NO
1462.9214591334817,579.0397633655481,NO
1461.8847999044124,577.1100053960402,NO
1460.897451583452,576.1000472377393,NO
1459.899956737309,575.1025443421237,NO
1458.8938298805153,574.111176755029,NO
1457.5791328290454,572.0120723526223,NO
1457.570588235294,571.0,NO
1457.570588235294,570.0,NO
1457.570588235294,569.0,NO
1457.562096935878,568.0077277014963,NO
1457.544620143267,567.008036115498,NO
1457.535294117647,566.0,NO
1457.5363136809883,564.9990908111866,NO
1457.5586277662374,563.9835567210384,NO
1457.616568803829,562.9729342687415,NO
1457.6891694403803,561.9753797576079,NO
1457.959798988652,560.982151078195,NO
1458.6092464974813,558.986208700785,NO
1458.63139402849,557.990885114384,NO
1458.9253804828577,556.9654202246601,NO
1459.8987532036808,554.9492735014304,NO
1460.8552430791558,553.8552430791559,NO
1461.0461969711384,553.000958443386,NO
1460.8913172121486,552.0522385705746,NO
1460.611697532433,550.9969243369228,NO
1460.6824947066434,549.971984826498,NO
1460.8083030377463,548.9690070765035,NO
1461.0444910615263,548.0200664742976,NO
1461.8186660263373,545.9839999431812,NO
1461.8939344347746,544.9929289626351,NO
1461.9748387178602,543.9973382276905,NO
1462.6709370879644,541.9069646111838,NO
1462.87144145387,540.9777096061997,NO
1463.0888162803437,540.0372833174051,NO
1463.415038678364,539.1481197635712,NO
1463.3310725163515,537.8577583805105,NO
1462.9552473133215,537.0458010654551,NO
1460.987955088989,536.2193894477482,NO
1459.9882076302156,536.1641104820535,NO
1457.7563011967793,534.0017179170704,NO
1459.972755819815,531.721779125712,NO
1460.9939079747426,531.6547852517039,NO
1462.9646227825335,530.9561322507448,NO
1463.9490038068545,529.9606199616848,NO
1464.247705734194,529.1061595957793,NO
1464.2416499038386,527.8937406245939,NO
1463.9282961222768,527.0720935763669,NO
1462.8492500077257,526.3470563003998,NO
1461.9806879656874,526.0939094990661,NO
1461.0464723543669,525.8801639825267,NO
1460.1329913233549,525.5535291317125,NO
1458.9953573036726,525.2959718717142,NO
1458.0,525.2882352941176,NO
1457.0046419001826,525.2959211174809,NO
1456.0048855029875,525.3114507952893,NO
1454.9951162238053,525.3113407122516,NO
1453.9904655920952,525.2860322563347,NO
1452.990658290658,525.2507511506122,NO
1451.9924048498901,525.2151959334187,NO
1451.0,525.1980392156863,NO
1450.003227544581,525.2057559537194,NO
1449.0,525.2137254901961,NO
1447.9917101823291,525.1949071016008,NO
1447.0074280933136,524.9820611556545,NO
1444.6257660819938,523.0547659364712,NO
1444.5468858585355,521.995966343062,NO
1445.9118484275393,519.8951711019165,NO
1446.935799611794,518.9288590302115,NO
1447.9227582710346,517.931953716566,NO
1448.631020630533,516.006511400945,NO
1447.962896350489,514.0169344852957,NO
1447.6937560877911,513.0190834481316,NO
1447.6562973735265,511.9969403327837,NO
1448.9377200367664,509.92446103684625,NO
1450.9732780394436,508.8114408125399,NO
1451.9785391763014,508.70418866112965,NO
1452.9931746391328,508.65190660485285,NO
1454.0,508.6411764705882,NO
1455.0,508.6411764705882,NO
1455.9935162158838,508.63258558409063,NO
1458.009957464215,508.0248299951487,NO
1458.9769310012848,507.8006601920085,NO
1459.973369650078,507.6981893735695,NO
1461.9431793304543,506.9305525126226,NO
1462.9333055372604,505.94288306838206,NO
1463.2274941006935,505.09432681812143,NO
1463.204015485662,503.9093264493383,NO
1462.9701735588214,503.01319482478124,NO
1462.7210607019313,502.00828532574184,NO
1462.7422418787867,500.97817370722925,NO
1463.920180762553,498.93121850743887,NO
1464.6547087112,497.817303842964,NO
1465.969868763426,495.97133437428636,NO
1466.9637825068019,494.96481581706723,NO
1467.9394932485118,493.9481935679534,NO
1468.9616392094247,491.9821839005376,NO
1469.6366647242394,489.9935882007134,NO
1469.6552073512023,488.99323935965117,NO
1469.664705882353,488.0,NO
1469.0113763441886,485.99475030382484,NO
1468.693457287312,485.1324205921968,NO
1467.7672296912885,483.0147498017608,NO
1468.8387526258794,480.74689861331404,NO
1469.9155945368595,479.9151358072127,NO
1470.971613605265,477.98703337500336,NO
1471.6334050954124,475.9942494913205,NO
1471.6334050899302,475.0057505087655,NO
1471.0041158677734,472.99826388302114,NO
1469.9276317242973,471.08398161143157,NO
1467.986867089523,470.35251497263016,NO
1466.9936277345646,470.32498552873284,NO
1465.990635784027,470.2984843956791,NO
1464.9758687727096,470.2442671018352,NO
1462.6469246156332,468.00362500378014,NO
1463.9532521506876,465.94541333706474,NO
1464.9754465234428,464.9738863939308,NO
1465.9572581894813,463.9635690598445,NO
1466.7128112083383,462.0045950204911,NO
1465.9154409823311,460.0890342842805,NO
1464.5907918108542,458.0186372052857,NO
1464.6030462611106,456.9706840536609,NO
1465.9014020640636,454.90812171309494,NO
1466.6274509803923,453.0,NO
1465.944367191226,451.02758746302317,NO
1465.6375901770843,450.02942337234083,NO
1465.5727203740164,449.00423049122816,NO
1466.9544719371486,446.90912894372144,NO
1468.8396488222954,445.8352855213077,NO
1468.8742615295641,444.34433680043225,NO
1467.968674753664,444.0641105681911,NO
1465.9822377309783,443.3899976326939,NO
1463.8885636650737,442.11695450212943,NO
1461.9545090139409,441.09079705340906,NO
1460.5322824887703,439.0074834798939,NO
1461.9493644102558,436.8964272024839,NO
1463.8691823951394,435.86918239513943,NO
1464.113999188986,435.0574765797413,NO
1464.1427963364856,433.9343257360938,NO
1463.920141509247,433.0390198833898,NO
1462.8884902865677,431.11150971343227,NO
1460.9669364524418,430.0639678415945,NO
1459.900207200882,429.1100425610223,NO
1457.9839546577662,428.01564916082856,NO
1456.938878835724,426.0292100130489,NO
1456.6446898254712,425.0168860284795,NO
1456.607654497702,424.0138474874389,NO
1456.5800370994923,423.0074111103587,NO
1456.5811243366231,421.99178675148426,NO
1456.6033046315813,420.9823429361414,NO
1456.6185403458926,419.99390882790124,NO
1455.9543496474362,418.021862088185,NO
1455.673501524579,417.02280927565965,NO
1455.6216545226882,416.020771908824,NO
1455.5812813339896,415.0082101701359,NO
1455.570588235294,414.0,NO
1455.578571863834,412.9874823325036,NO
1456.9040804158535,410.8970652008076,NO
1457.9006794604452,409.90515217368,NO
1458.6731405349951,407.98333657566275,NO
1458.713374107895,406.99044580423754,NO
1458.7254333995622,405.9972815188835,NO
1458.877461731875,404.94983667608335,NO
1458.704819271049,404.1235735762205,NO
1457.9968155898744,403.29267622566147,NO
1456.9862095355372,403.3907298512037,NO
1455.994251366872,403.3664753381881,NO
1455.0,403.3588235294118,NO
1454.0064835045262,403.3673985724719,NO
1453.0138591419884,403.39267571455395,NO
1452.015089193924,403.42752718827046,NO
1451.0080330566532,403.4552065221934,NO
1449.9771572996533,403.43147323342174,NO
1447.6849634590687,400.9722026575987,NO
1449.363073151983,398.6278342626265,NO
1450.9917934663565,397.94660424184576,NO
1451.988915697328,397.8384858719038,NO
1452.98813162225,397.7758195289741,NO
1453.94682240788,397.66807450022026,NO
1456.0190297859024,397.090757442796,NO
1456.9652707203986,396.8901001057825,NO
1457.802393372241,396.5521695958559,NO
1459.8950950027977,395.7170155339595,NO
1460.974385329351,394.9723331150819,NO
1461.6699245014174,393.9040741672914,NO
1461.8263698678493,392.9937617916011,NO
1462.0157507847402,392.0056741957791,NO
1462.2527198611763,391.0889933037693,NO
1462.5529411764705,390.0,NO
1462.574241623704,388.9841384137558,NO
1462.637844346417,387.9709845626422,NO
1462.9443433131555,386.9724573696588,NO
1463.6322280712518,384.9942310281952,NO
1462.9349232663724,383.05445196233876,NO
1461.9643051526168,382.0356948473831,NO
1460.9564551003652,381.0468521079259,NO
1459.7205824830755,378.9974675150428,NO
1460.9359799343833,376.94066024903213,NO
1461.6613649348396,375.85498739587024,NO
1462.0005498036867,375.0002576485887,NO
1462.7882279340208,372.9792626763234,NO
1463.0111891164358,372.0043437422355,NO
1463.5914499657513,369.98558058794026,NO
1463.6981136492764,368.9584943592926,NO
1464.7584383804679,366.86385804246123,NO
1465.5314426820714,365.53144268207143,NO
1466.686846651437,364.6042274542415,NO
1467.9206937569752,363.8521618502634,NO
1469.9145932328556,362.7744647680929,NO
1471.986445134584,361.9115366658459,NO
1472.924263640955,361.7229157516569,NO
1474.9190738231923,360.8273018648965,NO
1475.9822786849422,359.98217428875233,NO
1476.380239548376,359.18171668233555,NO
1476.3218620523623,357.83085594121115,NO
1475.9532680902175,357.0604943826423,NO
1473.9935738316335,356.36414952358456,NO
1472.8859107079047,356.5963346550745,NO
1471.957462235989,356.8801443544724,NO
1471.0107313586288,357.07097005196016,NO
1470.0233174202758,357.19180458562954,NO
1469.076712059605,357.35966005760486,NO
1466.9970716972002,357.85329202568334,NO
1466.0080928786233,357.83781871328443,NO
1463.921124028255,357.321786057216,NO
1463.8186636883445,353.7339630743777,NO
1464.9646391093622,352.936839186687,NO
1465.5857969586073,352.39940561389767,NO
1466.015845636672,352.0162436427437,NO
1466.322011844934,351.42163456086166,NO
1466.3933868705676,351.0485643702989,NO
1466.3805220650354,350.46116689793394,NO
1465.594825340671,349.39275552402336,NO
1464.5970919777662,348.4993915136341,NO
1464.0109789367207,347.98615383709443,NO
1462.959750696007,347.0527514653309,NO
1460.6277288958072,345.0476688599479,NO
1460.5997951341535,343.9661116843607,NO
1462.9254890486113,341.91314536628903,NO
1463.9379152721726,340.93791527217263,NO
1464.978786943968,338.9901990313119,NO
1465.94775508625,336.9742301816859,NO
1466.5468143462485,335.80692343361864,NO
1466.9681722509772,334.9823179175712,NO
1468.9685709149514,333.6882234740776,NO
1470.9114186661598,332.8997290529139,NO
1471.178767993722,332.09878133653314,NO
1471.2177679480994,330.8911160259503,NO
1470.9337025429272,330.07337967389583,NO
1469.914721866234,329.09610709717657,NO
1467.9575064103842,328.0884082725552,NO
1466.5439638446674,326.0117395441721,NO
1465.898311423536,324.04971441501027,NO
1465.5640748042993,323.00431609092595,NO
1465.570588235294,322.0,NO
1465.570588235294,321.0,NO
1465.5811095677757,319.99178646189904,NO
1465.6099978348236,318.98223752454845,NO
1465.9220577468411,317.9625369207684,NO
1466.570588235294,316.0,NO
1466.570588235294,315.0,NO
1466.563006813875,314.0068547955202,NO
1465.9059185694634,312.0459953659013,NO
1464.8680270768493,310.13483800450723,NO
1463.8693213338438,309.1306786661563,NO
1462.5296458805742,307.005588365647,NO
1462.535294117647,306.0,NO
1462.5421432771218,304.98777237266955,NO
1462.8960847881613,303.9475714793806,NO
1465.546689401771,302.5466894017708,NO
1464.7679698391073,299.0,NO
1464.5533458222592,298.4181443296251,NO
1463.7796055423041,296.2203944576958,NO
1462.4793151832732,296.1597717177194,NO
1458.8869385979906,293.94295693631733,NO
1459.535294117647,292.0,NO
1459.5447829019051,290.99196675671334,NO
1459.5743919536192,289.9797730824854,NO
1459.8920728010614,288.9459264974141,NO
1460.073302251156,288.0033737438583,NO
1459.9093361330863,287.0427978508326,NO
1458.8952984971475,285.1021785739173,NO
1457.90041921231,284.09419075674,NO
1456.9363603584843,283.0336028296288,NO
1456.4703770156898,282.237804219784,NO
1456.0798309004956,281.91114060294075,NO
1455.0,281.4294117647059,NO
1452.6457107887438,278.9582559550448,NO
1453.9313133868916,276.9346639540737,NO
1454.9124494305768,275.92059367041213,NO
1455.194895936166,275.0958111062772,NO
1455.3201524699605,273.8842957736939,NO
1455.0240309825876,272.98857193255583,NO
1454.7089267362178,272.1449915538491,NO
1453.9351892372285,271.06515920843935,NO
1452.8603037225218,270.24918796040305,NO
1450.7276302748373,268.05369095399595,NO
1450.6043978375503,267.02171933468685,NO
1450.570588235294,266.0,NO
1450.3149262307224,264.9076482129366,NO
1450.051724830231,263.98061657518383,NO
1449.7820977320987,263.0791913314901,NO
1448.7908567028157,261.0419137623127,NO
1448.6738519790958,260.00511604771793,NO
1448.7221820216412,258.9743971656895,NO
1448.8604832702028,257.9703186399317,NO
1449.5329486655926,256.22436021002807,NO
1449.7059455314156,255.92059856951155,NO
1449.8083015793263,255.00740298794713,NO
1449.6269778837807,254.15765976931894,NO
1448.9363544518706,253.0666510325145,NO
1447.8588975733694,252.31529357959178,NO
1447.004423177823,251.9902528135181,NO
1446.1082110468974,251.71133017860498,NO
1444.8897994065671,251.68223712632053,NO
1443.9865127284208,251.96951683569972,NO
1443.0975734262322,252.2546146865374,NO
1441.0522212487622,253.1654849038361,NO
1438.9864706853143,253.82340683878118,NO
1438.0009913002332,253.85682792200873,NO
1435.9072063090189,253.18603349484275,NO
1435.731098197834,249.8347449747834,NO
1436.6683517209822,248.63304315716385,NO
1437.9124473131044,247.82550688682898,NO
1438.9944303990055,246.99348905790615,NO
1439.7131138759337,245.91407275597288,NO
1439.8488383837362,245.0053203880194,NO
1439.8214345859453,244.01603880987759,NO
1439.7495803713232,243.0225868684689,NO
1439.0089459173794,240.99611571037542,NO
1438.7676185463881,240.02689280936306,NO
1438.6753542133295,239.01782369047658,NO
1438.643137254902,238.0,NO
1438.6626056363161,236.9880919643893,NO
1438.7071827799386,235.98449791204618,NO
1438.7411613604647,234.99492473242574,NO
1438.7411984319976,234.00507454068142,NO
1438.714705835101,233.01006920518188,NO
1438.673181183606,232.01666135205505,NO
1437.9557774322957,230.02115782012476,NO
1436.9167874116872,228.06955395575605,NO
1435.7564792795051,226.0250394280687,NO
1435.6908478243931,225.0163668797087,NO
1435.6517231703763,224.0068289576217,NO
1435.6327343468881,223.0064811588902,NO
1434.9004864967758,221.09257069332625,NO
1433.8467007660845,220.21967016672934,NO
1432.7044917713883,219.20410478651013,NO
1432.635637509012,215.66941087146233,NO
1433.9661115289784,214.86541435043918,NO
1436.001307391378,214.0028331800184,NO
1437.9482386007123,212.9439251522879,NO
1438.9385455178228,211.94602410549777,NO
1439.7076959183976,209.99541483763883,NO
1439.6985322357127,209.0106400380653,NO
1438.9086976234826,207.09330627456092,NO
1436.9888333399854,206.31638872046202,NO
1435.9905768389492,206.28269485049023,NO
1435.0005248511084,206.2676740792022,NO
1434.0054545534972,206.2781822210993,NO
1433.0046396665516,206.29577872351172,NO
1432.0005978041895,206.30488015255187,NO
1430.9904173318957,206.28748006241625,NO
1429.9792962900624,206.22819584307098,NO
1427.9340194526783,205.07060103411914,NO
1426.7811678821963,202.99052388611605,NO
1427.6938471353637,200.86355824821345,NO
1428.8954630290891,198.9151564410817,NO
1429.037160885776,197.99020039363214,NO
1428.8726556105953,197.22099676226495,NO
1426.898988208071,196.29028304680244,NO
1426.0085296507277,195.98103640465905,NO
1423.9943017650983,195.01122745481456,NO
1422.931652081294,194.07027321301362,NO
1421.9322694503612,193.06792134183598,NO
1420.9228551977462,192.08729543741833,NO
1418.9796458306312,191.039446716653,NO
1417.9173909105705,190.0933375445318,NO
1416.8956870255927,189.10714371770783,NO
1415.9222508451962,188.03851573554675,NO
1414.8810498005075,186.11895019949253,NO
1412.9816733770135,185.34616954903078,NO
1411.977257129883,185.277024615648,NO
1410.9905852169845,185.0213972348226,NO
1408.982653962685,184.32764737503695,NO
1407.9878598162486,184.2854354729868,NO
1406.9858759734075,184.0321000614829,NO
1404.9641083286492,183.2994994151612,NO
1402.9301015818053,182.07576543388743,NO
1401.948384022614,181.02830553604244,NO
1400.933263966222,179.03292311017452,NO
1399.9360786122168,177.03115833412917,NO
1398.9047033749398,175.09503553602073,NO
1397.5698538730148,173.03090870325445,NO
1396.8643384331117,171.13566156688836,NO
1395.8694056100237,170.1278194783083,NO
1394.8364627461626,168.0556407466121,NO
1394.0,167.42549019607844,NO
1393.163304908753,168.05276646479558,NO
1389.886476091782,163.88366918555673,NO
1390.1340005329612,163.0014316295851,NO
1389.8975809826477,162.0865823628975,NO
1388.9412565101823,161.06349043817735,NO
1388.7905111158307,157.8026244310275,NO
1389.6449998942662,156.7264554020043,NO
1390.7180439407707,154.88445615767972,NO
1390.9821195322068,153.99408066686766,NO
1391.2055093575802,153.04343720327537,NO
1391.3861333962284,152.0430012190728,NO
1391.4636363636364,151.0,NO
1391.3861333962284,149.9569987809272,NO
1391.2055093575802,148.95656279672463,NO
1390.9821156425628,148.00592062079988,NO
1390.717696852005,147.11619962051958,NO
1389.6418190121556,145.2747689677617,NO
1388.7901559694212,144.20404522508713,NO
1387.7401163684165,143.34457784563685,NO
1385.8809039434439,142.30383251087127,NO
1384.988702384824,142.03444394894498,NO
1384.0394581775613,141.81530214710614,NO
1383.038812351667,141.63665032760065,NO
1382.0,141.56363636363636,NO
1380.9605480790788,141.63835737981054,NO
1379.9607784713455,141.81640986539637,NO
1379.0085289166664,142.0278781016916,NO
1378.042132788255,142.2411082932066,NO
1376.988252114151,142.35281556252264,NO
1375.9590829589954,142.07898696884868,NO
1373.972999668953,141.027000331047,NO
1373.535294117647,139.0,NO
1373.535294117647,138.0,NO
1373.535294117647,137.0,NO
1372.9327893111056,135.030254962575,NO
1372.6436511410889,134.01586122515832,NO
1372.6075973884244,133.01384950306033,NO
1372.5724930326076,132.01508848024594,NO
1372.5529411764705,131.0,NO
1372.5651257304705,129.9923257478226,NO
1372.7144614456986,129.0,NO
1372.5798694691302,128.13575098896897,NO
1371.0771067720013,128.160421291225,NO
1370.0177638921919,128.390033271864,NO
1368.0337716376378,129.07010821189314,NO
1366.0341824574016,130.07136594432447,NO
1364.989322374957,130.36561660004153,NO
1362.8021814705462,129.4736755614931,NO
1361.980445498193,129.03624736950266,NO
1360.6110902868095,127.04582319764515,NO
1360.545205256336,126.00802578997285,NO
1360.544774565097,124.99196660959318,NO
1360.573371277439,123.98101059100281,NO
1360.912183802655,122.9548759871842,NO
1361.078520720817,122.04002023796217,NO
1361.0337550861475,120.968866669073,NO
1359.968940427851,120.06702328900673,NO
1357.9638410934492,119.33547430999985,NO
1355.9185266324394,118.08351020001116,NO
1354.6832651694401,116.0107474890178,NO
1354.6709732209713,115.00645150563942,NO
1354.643582428715,114.01327830140438,NO
1353.8627924137338,112.1439832628063,NO
1353.002664184915,111.93101163419182,NO
1352.035485762339,112.0825230951909,NO
1351.002883157737,112.32387472777124,NO
1350.0,112.31960784313725,NO
1348.9951177479925,112.31124354533279,NO
1347.9803372631395,112.27363975889897,NO
1345.935764377133,111.06604507780575,NO
1344.9217984531285,110.08437534688765,NO
1342.9935481900238,109.32904230020138,NO
1341.992843625227,109.31456934341438,NO
1340.9778857119416,109.04990931027585,NO
1338.986151541192,108.39237302442613,NO
1337.9867230585767,108.35638106652704,NO
1336.9935485009896,108.32902644095338,NO
1335.9951154138803,108.31139234497117,NO
1334.9904495612893,108.28651318054237,NO
1334.0,108.27058823529411,NO
1333.0095543930418,108.28663181048478,NO
1332.0173460329872,108.32764729329107,NO
1330.8879992165503,108.61204291913849,NO
1329.959637841529,108.87097342123327,NO
1329.0043614021324,109.03902104062323,NO
1328.01133703762,109.13446253655,NO
1327.018799293266,109.21790090573816,NO
1326.0273365630944,109.30307928648283,NO
1324.891722609455,109.5729839681491,NO
1323.950518030428,109.82197446432659,NO
1322.9969195603146,109.9665126373016,NO
1322.000657525279,110.02659032207386,NO
1321.0282977089632,109.90592924093559,NO
1320.0984555356847,109.68467618444508,NO
1318.9739669105174,109.36880210421806,NO
1317.9627239636168,109.27018323143109,NO
1315.9290525140468,108.08649762525012,NO
1313.9800049492746,107.33139337589533,NO
1312.9869465796014,107.3014429401533,NO
1311.9974941928049,107.27647407040665,NO
1311.0116350586977,107.27355916109666,NO
1308.9941351492866,107.98772046893278,NO
1308.117054431435,108.30605974340564,NO
1306.0766128296175,109.25030546019227,NO
1304.0041535023806,110.02093618268636,NO
1303.069897630164,110.21608874818267,NO
1301.0081299569058,111.031252418872,NO
1300.0938236340874,111.26911794985998,NO
1298.0765126733247,112.16666126743752,NO
1296.983745813929,112.97756425579222,NO
1296.2645621051436,113.4029672750657,NO
1294.041428363569,114.29758400448965,NO
1293.0144113467557,114.4083215172858,NO
1291.9925940549228,114.41967020122907,NO
1290.970839868175,114.36396165494307,NO
1288.904876174349,113.10225812069119,NO
1287.8670054644222,112.1429691370937,NO
1287.0001164514777,111.94270586883303,NO
1286.135746961051,112.14592799471211,NO
1285.4387584768936,113.2176608675937,NO
1281.9415574810473,109.86363412539119,NO
1282.6426064810157,108.35739351898418,NO
1281.9860841405493,108.03247033801644,NO
1281.0,107.83794343602527,NO
1278.124504799798,109.38804801461335,NO
1277.048309602966,110.09661920593159,NO
1275.044610639838,111.08922127967625,NO
1274.019762502942,111.4251040587194,NO
1273.0080332159505,111.45521554904545,NO
1271.046139200662,112.09485761426718,NO
1269.0475092910735,113.0932804373896,NO
1267.9198856741057,113.92183968042707,NO
1267.0935840946256,115.04850394979717,NO
1265.0122274581586,116.4578503883347,NO
1264.0,116.46470588235294,NO
1262.9919639032855,116.45537879233292,NO
1261.9922748780918,116.43775688746904,NO
1260.9925638563566,116.4213814532434,NO
1259.0484620333134,117.06395723469686,NO
1257.1622689656767,118.30565151656026,NO
1255.019193487483,119.30289722391834,NO
1254.0131138542085,119.35200346225618,NO
1252.0764198375848,120.08832942682194,NO
1251.0269524612117,121.0373050636966,NO
1249.0084838170683,122.05283592329384,NO
1248.0110408898586,122.1564126076917,NO
1247.0036038716141,122.2042193818313,NO
1245.9931404404276,122.1943542001987,NO
1244.985250848883,122.12613066561785,NO
1244.032950289686,121.92150585382853,NO
1241.9822792031305,121.0393978641891,NO
1241.0,120.82535885167464,NO
1240.0177912735555,121.03955455188888,NO
1237.9915043129636,121.98304588803711,NO
1237.1502118424987,122.31038669979533,NO
1236.054295170443,123.06134649254818,NO
1234.0880341192203,124.30846601717407,NO
1232.0134033898719,125.07072426959711,NO
1231.1109490530378,125.30084930920181,NO
1229.1569885519132,126.3135856195706,NO
1228.0567291918235,127.06731863732581,NO
1226.0910722955591,128.26961007048038,NO
1224.0056328949024,129.03665039430624,NO
1223.0198258955836,129.1630839793664,NO
1222.0243117275757,129.26954306660048,NO
1219.967954433145,129.91320229774237,NO
1219.0129443113392,130.1063131111182,NO
1218.0180517234949,130.20458619552798,NO
1217.0200983407344,130.28472649621972,NO
1216.024282145927,130.3538255624847,NO
1213.9965607407944,130.9911407561457,NO
1213.0196250859494,131.21334369060457,NO
1212.0207903888645,131.29453051147874,NO
1210.0228233163527,132.03530225191236,NO
1208.9206961248099,132.81451705415176,NO
1207.072738613548,133.23627152464866,NO
1205.0412120772858,134.11168347923234,NO
1204.2964341357106,134.53941292945927,NO
1203.0633585136093,135.12356343682987,NO
1201.0804627331386,136.18058512563942,NO
1199.0623468938336,137.16325516438073,NO
1198.6938814965872,137.35563942630938,NO
1197.0242743763854,138.10203466684067,NO
1194.9952321174296,138.99018619462856,NO
1194.0442432906898,139.2568145032066,NO
1193.0289153961476,139.39856354856448,NO
1192.0,139.44509803921568,NO
1190.9849815736686,139.42552210635634,NO
1189.9854856275672,139.38959632061812,NO
1188.9935615467773,139.36484566540003,NO
1187.0049885916121,140.01076126740605,NO
1185.0307054596165,141.03762500074936,NO
1183.99368096789,141.99262610512758,NO
1182.951700505769,142.9210715565937,NO
1182.1242686745682,143.2309494395327,NO
1180.9996072369554,143.99924795266077,NO
1178.9949033676507,144.98866888263575,NO
1178.018639783839,145.2270460556295,NO
1177.0095866366387,145.28759911845523,NO
1176.0107086906855,145.32126074211698,NO
1175.006832049163,145.34843449822267,NO
1174.0064805474808,145.36723100657483,NO
1173.0067918887876,145.38487367979536,NO
1170.998256668161,145.99594070915444,NO
1170.02957554234,146.2389894529433,NO
1168.003323253818,147.00731419349415,NO
1167.021055613459,147.2593435265249,NO
1166.0166247747272,147.32610133806608,NO
1164.0104660917877,148.02365823542576,NO
1162.0136945973713,149.02532943810908,NO
1161.1916861024008,149.42471624023594,NO
1160.0726539589602,150.08476295544733,NO
1159.0485099115187,151.0536996792725,NO
1157.1597362536386,152.3496928730842,NO
1156.0148144885916,153.02920045813997,NO
1154.0282858405185,154.04159102597896,NO
1152.0178789004474,155.09262792387224,NO
1151.084318247318,155.28819220842712,NO
1149.001646679434,156.01195632437634,NO
1148.0727484014403,156.2013888724603,NO
1147.7136417341057,156.40140771247763,NO
1146.170634830844,157.2717803795517,NO
1144.242254478722,158.41911894982022,NO
1143.056814648701,159.10649561508595,NO
1141.169644503961,160.27547776063398,NO
1140.0195221881033,161.03886361611796,NO
1139.2447974993638,161.43484596065093,NO
1138.056844671498,162.10417456756042,NO
1136.9737996397673,162.96714424227162,NO
1136.324266729707,163.39323143985354,NO
1135.2863810047133,164.3055084889401,NO
1134.2094216238684,165.26105982538854,NO
1133.0480913666825,166.09145947394452,NO
1131.9337496156613,166.8662609086264,NO
1131.05438049889,167.1341385599024,NO
1129.0101483114909,168.05168803265,NO
1128.0238790266628,168.19330640548938,NO
1126.0163950989754,169.02288656016478,NO
1124.0377985466873,170.16345772267482,NO
1121.9965981427913,170.99231131577562,NO
1119.9944743780154,171.98928219882055,NO
1119.1377661211893,172.32171299664478,NO
1118.0173252207742,173.0250581124696,NO
1117.3090674973053,173.58713970119263,NO
1116.0491400683768,174.1098950626584,NO
1114.9440437629091,174.90014706026236,NO
1114.038482206793,175.1561736185539,NO
1111.9985387277036,175.9964885842602,NO
1111.0142981096208,176.22239061059057,NO
1108.9877113864388,176.9733503477688,NO
1108.1219680319925,177.28413397888397,NO
1107.030545586511,178.03549149787924,NO
1105.9863600712497,178.98244343128596,NO
1105.3194994044857,179.4517572688199,NO
1104.201650716475,180.237055030546,NO
1103.2117701013592,181.19289950097252,NO
1102.298290468001,182.25446817299158,NO
1101.1098863087925,183.19731759236865,NO
1099.0038744215767,184.0663905132157,NO
1098.0060610527541,184.11888987644184,NO
1097.0167941083962,184.1861955496111,NO
1094.9968349201317,184.99364897166976,NO
1094.039453257506,185.25945089246505,NO
1092.0216200321668,186.04533232609032,NO
1090.0081383185002,187.01731633440178,NO
1087.9911766694122,187.98075282777978,NO
1087.1060405087298,188.29212450421844,NO
1085.1299963037638,189.2809154946412,NO
1084.0081330639114,190.01495120133137,NO
1082.0042877112928,191.00945645914845,NO
1081.026020772238,191.26572728386475,NO
1079.0269597191611,192.0539194383225,NO
1077.1108742593906,193.105594538837,NO
1076.4482915493684,194.2232667592962,NO
1076.0063598734741,195.0044766100417,NO
1074.1117622608613,196.2192870910043,NO
1073.0178388004776,197.02217346349673,NO
1071.1069736933628,198.23150204448768,NO
1069.0901778261073,199.24516233748514,NO
1067.0193296467733,200.10045407058925,NO
1066.1247517105487,200.33510229280984,NO
1065.0040372711262,201.00590389070106,NO
1064.3574322967063,201.54555454994636,NO
1063.086303376359,202.168925565352,NO
1061.1003448455258,203.24295528988318,NO
1059.1307067157154,204.28245065924938,NO
1058.0390020652717,205.0454133647967,NO
1056.1499555583327,206.328281081056,NO
1054.0221003547715,207.24605061289787,NO
1052.0608569051315,208.0721706337104,NO
1050.1423489665663,209.33989448956694,NO
1049.003230679568,210.0065888861744,NO
1046.9895301461643,210.97819975643645,NO
1046.109787840411,211.29265213368095,NO
1044.0960868258867,212.25724510090183,NO
1042.1234783524708,213.27748706517477,NO
1040.177482727548,214.36089675681583,NO
1039.075930433176,215.08348033536748,NO
1038.0483087247499,216.05644492832,NO
1037.0184386020242,217.02133414587385,NO
1035.1916703258419,218.32416132279982,NO
1033.0257223985034,219.18740604986368,NO
1031.0020023546306,220.0041778617893,NO
1030.1564203621676,220.36052442755323,NO
1029.0217839750028,221.04135413125468,NO
1028.2193427721013,221.485060887848,NO
1027.116494954341,222.1140261889629,NO
1026.3571620497255,223.2208701677893,NO
1025.1403024606664,224.31444480076433,NO
1024.030255055358,225.03889935521053,NO
1022.1342542051253,226.25769171995833,NO
1021.0423663085614,227.04914491622952,NO
1020.0133679847276,228.01522751819653,NO
1018.1422098998912,229.28163137903783,NO
1016.9997312126965,229.99944364550763,NO
1015.0187832219044,231.0243873965914,NO
1013.1540004432019,232.26643437829642,NO
1012.0663760361039,233.07161132491177,NO
1011.0095625671734,234.01831003017162,NO
1009.0343198446135,235.0444304373373,NO
1008.0003537440556,236.00037207833088,NO
1007.0111677915398,237.01004945953125,NO
1006.0397269516558,238.0350965231088,NO
1005.0424023970598,239.04642331657465,NO
1003.1086223875054,240.25306080038382,NO
1001.1115269016323,241.26352477403125,NO
1000.0179135041765,242.02252889960343,NO
998.1105186284832,243.23824201441283,NO
996.039371798672,244.2313384340059,NO
993.9883785640232,244.97116819297497,NO
993.0868774989502,245.2554024078971,NO
991.984487835435,245.97905990877095,NO
991.3125089883979,246.43467159701464,NO
989.688109907754,247.39895230092577,NO
988.0718313770918,248.16252564188173,NO
986.9739915992309,248.96620250947757,NO
986.3112681007694,249.40841110328964,NO
985.0904183602742,250.15582738365674,NO
984.0034220472055,251.00427755900688,NO
982.9432467480037,251.89779447142962,NO
982.105841889438,252.19416345798214,NO
981.0309226108532,253.03417287095678,NO
980.0019756007522,254.0022961351495,NO
978.1022636047957,255.2196675405978,NO
976.1243589600724,256.27358972648966,NO
975.0203664079345,257.02611160875796,NO
973.9791119554523,257.97616536572286,NO
973.4356329029853,258.46921108209136,NO
972.4637851897737,259.43234213054404,NO
971.5182693152867,260.48457686051813,NO
970.3390730368388,261.40866148368343,NO
969.1584530294274,262.2202737186938,NO
968.0638632331185,263.08775763975956,NO
966.9871400220783,263.98061684442945,NO
966.2625784229823,264.3993634617987,NO
965.0751273275605,265.13776119936136,NO
963.1355730462247,266.2771864741494,NO
962.003193090577,267.00642677159476,NO
960.0075579559682,268.0156219523703,NO
958.0286972674514,269.03849633459544,NO
956.0703109509852,270.1822172717999,NO
954.1021854626579,271.1991428339873,NO
953.0022265079689,272.0030179907545,NO
952.3730597063851,272.5315433006446,NO
951.241617987895,273.29983920251794,NO
950.0667903067215,274.12086561519556,NO
948.0355242178471,275.1704132661293,NO
946.0170013025968,276.03601591682786,NO
945.0186869852778,276.30971379975756,NO
944.0061654331957,276.3493745312686,NO
943.0064811431853,276.36726476316943,NO
941.0870799724674,277.0961272407278,NO
940.0581634523617,278.0674068187125,NO
938.0989771144784,279.30700902194246,NO
936.0961924541132,280.22338025519593,NO
934.1130641739024,281.269969572691,NO
933.0381529895243,282.04007192714045,NO
932.0274621041791,283.0281035559433,NO
931.0217071668434,284.0228648830348,NO
930.002161946229,285.0023396404135,NO
928.1676044214835,286.3019969023115,NO
927.0658329888406,287.0744952270213,NO
925.1988898397132,288.41381917490463,NO
924.3747823427112,289.2040205939396,NO
923.1536029123198,290.3696497406033,NO
922.0039032218822,291.00817237074,NO
920.0248785623498,292.0322077625343,NO
918.1190627223682,293.2366627630447,NO
916.9956021642749,293.9915383413178,NO
914.9807192359478,294.9571026050146,NO
914.0313856533429,295.19412606896725,NO
911.9857385641163,295.96580093391213,NO
911.0960636618688,296.26348006749674,NO
910.0196461056468,297.021198686969,NO
909.0238680508452,298.02211996663624,NO
908.0428153695299,299.038694105246,NO
907.0483432764584,300.0505068934295,NO
906.0064964547935,301.0089617761979,NO
905.3324254888827,301.5470070062489,NO
904.174348617464,302.2144287582737,NO
903.2093239930819,303.168417932072,NO
902.3948630682961,304.2982407857796,NO
900.9496550279085,305.91574922631827,NO
899.0196301437663,306.2780937057794,NO
897.0004371284799,307.00094296282975,NO
894.9850800867066,307.96423835222316,NO
894.0055138404355,308.16249612473865,NO
893.0098604409006,308.193416333418,NO
890.9850084142055,308.96914678186533,NO
890.1322079247437,309.28213444585964,NO
889.0499282347045,310.05386623317037,NO
888.0428768866624,311.04382838795806,NO
887.0314537952434,312.03381056500837,NO
886.0158482438014,313.0171161033055,NO
885.005323103858,314.0053384883564,NO
884.0134231167833,315.0128606956426,NO
883.014333073787,316.0147431759799,NO
881.9947391742129,316.9939007304272,NO
880.9436802800661,317.9024823415542,NO
880.0925171429463,318.1963054095124,NO
878.0638766107323,319.19119081418074,NO
877.7249352621285,319.40505165098097,NO
876.1129720008568,320.1991162295761,NO
875.0311802040993,321.0360766516769,NO
874.0019899430737,322.0022625379267,NO
872.1082189521894,323.2278579939799,NO
870.1122898509466,324.2655251804736,NO
868.1220373276707,325.28095406714834,NO
867.0391117878088,326.04452274004717,NO
865.1709970440168,327.3472555479648,NO
864.0571515792657,328.06931149077315,NO
862.0239767363588,329.2000747874561,NO
860.0192348583377,330.02490142882885,NO
858.1295317926512,331.24310232035225,NO
857.0510783416966,332.05400128076343,NO
856.001745284447,333.00318005812636,NO
854.0274340368034,334.0380898436614,NO
852.0699550263365,335.1639992437123,NO
850.1012720164355,336.2054937078926,NO
849.0018912500211,337.0024911458538,NO
847.938833091732,337.8915127551539,NO
847.0934388917526,338.1835486026549,NO
845.1193885744971,339.2697297485684,NO
844.0073334378202,340.0104067351507,NO
843.3772522310197,340.57440917896184,NO
842.1014069648937,341.1775709940588,NO
841.0255868872143,342.02887395997004,NO
839.9990907650179,342.99894653177216,NO
838.944866145461,343.9001303432561,NO
838.0932306192441,344.19009950452465,NO
836.9994669057565,344.99933363219566,NO
836.4039995380338,345.5322533362403,NO
835.1798995075976,346.27984367628187,NO
833.0963915324814,347.24721592664275,NO
831.9997994072672,347.9997393980068,NO
831.4134197988328,348.5518764450836,NO
830.2868556675861,349.3256353709696,NO
829.1747185215205,350.22463811121395,NO
827.1630366986724,351.37217999008266,NO
825.0712884292634,352.1884349193913,NO
824.7154896127298,352.42850519264357,NO
823.0724368639019,353.16862674483156,NO
821.1278551190475,354.2389815206633,NO
820.0601856229671,355.0601856229671,NO
819.0585961407003,356.0585961407003,NO
818.0517736033718,357.05548763553446,NO
816.1591154348401,358.3526695678431,NO
815.0550762369757,359.0640649398764,NO
814.0270107199078,360.0307988083925,NO
812.0304898614646,361.1898862232184,NO
809.9703715978262,361.9275049737521,NO
809.0219287222732,362.1423217021696,NO
807.0430039103474,363.05110798690504,NO
805.1753633028732,364.3445580540701,NO
804.0782940810907,365.08243201413893,NO
803.0659426586019,366.06947198426525,NO
802.0135231568865,367.0249367017824,NO
800.0301342257375,368.04389795657863,NO
798.0935762126792,369.1938025074363,NO
797.0183850204166,370.0193221889753,NO
796.0146784191925,371.0151198765326,NO
794.1355429625729,372.26942078423644,NO
793.0380381002395,373.043847954735,NO
792.0145083616086,374.01526566637045,NO
791.0160676884642,375.01572718141637,NO
790.0087912001778,376.009476228533,NO
788.9879321293579,376.9862081475254,NO
788.4145085371683,377.53266729481066,NO
787.2778255595732,378.3259969229484,NO
786.0957493316897,379.1492784882068,NO
785.0213101710884,380.0245886592466,NO
783.9906062695575,380.989299568771,NO
783.4631286324117,381.5555489810121,NO
782.325240313099,382.40168568491436,NO
781.0904904797292,383.1598862364404,NO
779.994634666616,383.99278267293397,NO
779.3188468886509,384.4969558410964,NO
778.0720088240574,385.14161735319055,NO
776.9885487044414,385.98667985238643,NO
775.9502883008789,386.9207192637336,NO
775.138214116316,387.2325319039142,NO
774.0488704436028,388.0566897126164,NO
772.1225642925458,389.2966411231309,NO
771.0202017900854,390.02497031471415,NO
769.996938380202,390.9969109626408,NO
768.0325841551308,392.2299780203886,NO
767.0112811062506,392.30280864764336,NO
765.0716088878814,393.079070301088,NO
764.0836596790487,394.07371563550663,NO
763.1533164331067,395.14052167718745,NO
761.0623424824007,396.2068329913001,NO
760.7224134102233,396.3318777761201,NO
759.0659061559417,397.1329186513989,NO
757.9936283977308,397.9929981310292,NO
756.98413363474,398.98446517101496,NO
755.1644980597947,400.29277635871347,NO
754.0705292614,401.07421073467395,NO
753.0560324046588,402.06034258661214,NO
752.0586969997667,403.0556828310463,NO
751.0756721919771,404.06901538973557,NO
750.2960605722284,405.1696698986369,NO
749.1372652597382,406.28546939133884,NO
748.031223090663,407.0381507137569,NO
746.1690492634087,408.297082050235,NO
745.0876835643271,409.0879186376133,NO
744.0697187593942,410.0791236349588,NO
743.0379833734125,411.0468195683241,NO
741.9886556859377,411.98563837264,NO
741.4241176313673,412.52133112387907,NO
740.1140286928985,413.19650697450174,NO
738.1713081929299,414.362052418237,NO
737.0772948324977,415.08316532739013,NO
736.0586572079678,416.0652033844433,NO
735.0008086808962,417.00156183010466,NO
732.9844845197622,417.96690505403603,NO
732.104200944922,418.2713036714748,NO
730.0293154071567,419.1927827771532,NO
727.9941355309775,419.9866016148616,NO
726.0403532380096,421.03944386811935,NO
725.1912936528627,422.1104653490216,NO
724.1040631701122,423.1827892133499,NO
722.0943987702597,424.2383226946226,NO
720.995801026276,424.99448534810415,NO
720.420869717298,425.53947846767346,NO
719.1325211678204,426.2155530968997,NO
718.0582439074724,427.06128411212615,NO
717.0297160825846,428.03693681496577,NO
715.0277144193088,429.1420363981494,NO
712.9923777273656,429.98307537115477,NO
712.0296270400127,430.2286483710504,NO
710.0302845602865,431.0417107889491,NO
708.1266923192352,432.24571560817185,NO
707.0467217403739,433.0492188245456,NO
706.0244624354282,434.02840319363736,NO
704.1351486889403,435.2621164605483,NO
703.069479352858,436.06631273378906,NO
702.022864759152,438.0113841415622,NO
701.0651451962216,439.0698436045999,NO
699.097553917046,440.28615816868165,NO
697.0892732808804,441.21177605390596,NO
696.0058700278286,442.006802648712,NO
694.9830905692946,442.98225938426555,NO
693.9706647378418,443.96889811262406,NO
693.4588630595355,444.4935669715304,NO
692.3567631824585,445.3958406919963,NO
691.1123325516996,446.18082800664877,NO
690.0322368817026,447.03729177447684,NO
688.0337830286476,448.1985002770234,NO
687.034775470742,448.32843500828733,NO
686.0220831452882,448.41712608216136,NO
685.0,448.4490196078431,NO
683.9785274672442,448.4211919727175,NO
682.8983314612057,448.6455555656574,NO
681.9944457763024,448.9920683224502,NO
681.4718831276637,449.4756657547442,NO
680.9664069283461,449.9709603461685,NO
680.102859254948,451.05843415208346,NO
679.0878434378985,452.12681031499017,NO
677.1615968701982,453.3384227614191,NO
676.0671185659559,454.0724124204519,NO
675.0535864389836,455.0562996732338,NO
674.0392448349068,456.0430150802214,NO
673.0130991007858,457.015180265527,NO
671.1405965331404,458.26196052035755,NO
670.0718678118451,459.0684135524512,NO
669.3875138853404,460.16210358143053,NO
668.0254892435195,462.02864652130023,NO
666.110718888205,463.24522617792354,NO
664.1413673224461,464.30366435942364,NO
663.0499987820717,465.0567336110263,NO
662.0404093147911,466.0414454538102,NO
661.0264870758486,467.0291793356765,NO
660.0024206705591,468.0026809575724,NO
658.9878194003056,468.98752808492765,NO
657.9894623211178,469.98997857550233,NO
657.0042675680489,471.00416788743115,NO
655.0405935242928,472.2153221865321,NO
653.0615726047075,473.07486031206304,NO
652.0275817494332,474.0319948307526,NO
651.0032211955194,475.0034757583365,NO
649.9947142770211,475.99458748306654,NO
648.1369319047197,477.25567005436085,NO
647.0323666399088,478.04149701021544,NO
645.0242430840682,479.1340179399475,NO
642.998426795191,479.99685703277567,NO
642.1532222397725,480.35633079877124,NO
641.0206846750324,481.03846254045806,NO
640.224460925728,481.47565819584247,NO
639.1136050840246,482.11090020557776,NO
638.0935519175674,483.10784082856486,NO
637.0303706445078,484.0454225264462,NO
635.1320963850862,485.22184340582334,NO
634.0531600164378,486.05860036949366,NO
632.1847704187269,487.3880679638579,NO
631.3608101644085,488.18110342770257,NO
630.0311367439298,490.0327027934037,NO
629.0085234888518,491.00966883299753,NO
627.1158534603393,492.2412618375132,NO
626.0344647680982,493.0364627257125,NO
625.0288574004439,494.02893778228616,NO
624.021478533657,495.022504193894,NO
623.013637976754,496.0139024243268,NO
622.0147676386008,497.0144074525934,NO
621.0239412414845,498.02292381960086,NO
620.0296047620243,499.02882156702725,NO
619.0755462468617,500.06191829667574,NO
618.0530407990242,501.0682202407432,NO
617.0225175223819,502.0219146432147,NO
616.0555709047719,503.0457070677167,NO
614.9998735116415,504.9999195074147,NO
613.042595363109,506.22000286297913,NO
610.978616154717,506.9420432300479,NO
610.0222625216144,507.1519266768337,NO
608.0491230930953,508.05682582224347,NO
607.0517531639479,509.04688227871276,NO
606.2491726299643,510.13517614862974,NO
605.5077911279069,511.5244742223834,NO
604.2751538594616,512.3672705934604,NO
603.0762447044974,513.1289687841489,NO
601.9935212972077,513.9918520662775,NO
601.3793845602656,514.5202233699085,NO
600.098186880316,515.1856135516554,NO
598.9995136917452,515.9993404188565,NO
598.3286456954552,516.5138674953358,NO
597.0748715623718,517.1431218256257,NO
595.9820424336679,517.9764848515148,NO
595.3027040440332,518.4358377782321,NO
594.0800083330653,519.1479160878226,NO
593.0085953419865,520.0093360995538,NO
592.0010660103404,521.001047683511,NO
591.0106598755527,522.0101479606474,NO
589.1436210547922,523.3262652045325,NO
588.0428666379448,524.0488628617798,NO
587.0239345500903,525.0257567994327,NO
586.0047311815817,526.0050961984712,NO
585.0034217250675,527.0032501622774,NO
583.9907964525838,527.988000048649,NO
583.2082471728461,528.4295841527007,NO
581.0147221903719,529.1072616747842,NO
580.0281968270077,529.2319416408969,NO
579.0798766005784,529.407282868795,NO
576.9929546795535,529.9279651929519,NO
576.0033023365886,530.028545621337,NO
575.0200686906362,530.146214748891,NO
574.1681645568997,530.3805829334676,NO
573.3605903145755,531.1616128846011,NO
573.0166933961369,532.0077411017859,NO
572.0392556077267,534.0203930611775,NO
571.0729903506317,535.0764275697434,NO
570.0518395664039,536.0587412850542,NO
569.0285139199973,537.0316387326261,NO
568.0239012342192,538.0233486039622,NO
567.0179620773694,539.0195550445965,NO
565.1395639718249,540.2671080668978,NO
564.0425120813478,541.0491781731495,NO
563.0218638284782,542.0229996133725,NO
562.0114361800524,543.0123510744567,NO
560.9845710112304,543.9819750216741,NO
560.3867893321947,544.4950903811589,NO
559.0974229018631,545.1826955470931,NO
557.1320503846404,546.2905108614253,NO
555.9994921141174,546.9989463595879,NO
554.0116926482787,548.0230384816484,NO
553.1772829671887,548.4116047967391,NO
552.0783656021232,549.0838610885899,NO
551.0635436717583,550.0684951250371,NO
550.0490437549955,551.0529672553952,NO
549.0415158170096,552.0415158170096,NO
548.0523362878295,553.0486436349993,NO
547.0526256734411,554.0544121195753,NO
546.0427010714188,555.0462594927862,NO
545.0216641259783,556.0239063803969,NO
543.9999011789371,556.9998933455624,NO
542.9901580196791,557.9899790738822,NO
541.1683213799106,559.28652039063,NO
540.0738090936204,560.0796306512855,NO
539.0112208280839,561.0221088358882,NO
537.0661204277503,562.0728772631653,NO
536.0488469311595,563.0526043890482,NO
534.0398502781998,564.2761455993817,NO
532.0148246737168,565.0323356987931,NO
530.8474986541969,565.8164287698982,NO
530.2569843206661,566.1562061462092,NO
528.9899016073798,567.9903632484896,NO
528.0005323528702,569.0005202021414,NO
527.0065912393699,570.0062575055595,NO
526.0328520004753,571.028374139112,NO
525.1444330873153,572.0954974725479,NO
524.164261280557,573.1989054842288,NO
523.0368222351228,574.062876415925,NO
522.4307154113039,574.6169707194517,NO
521.3195896566288,575.3775770592774,NO
520.3825619938962,576.336903584807,NO
519.9512011590965,576.9594838469001,NO
518.988325614632,577.9886337362456,NO
517.1329571105214,579.261749287238,NO
515.1373616132398,580.3184810801107,NO
514.0428735789393,581.0509530945744,NO
513.0213691874533,582.0231961700756,NO
511.15142032899263,583.3028406579853,NO
510.0487328537294,584.0549122334885,NO
509.02868522979065,585.0315664648824,NO
508.01350240342134,586.0141906826653,NO
506.1700489695027,587.3229676923665,NO
505.08031327061695,588.0805309198095,NO
504.06864143635613,589.0720311335489,NO
503.05633380189397,590.0603967140065,NO
502.0410636282596,591.0432614000832,NO
501.01265765843715,592.0204290879964,NO
500.2163354173298,592.4343742871699,NO
499.4959010516003,593.2223451777865,NO
499.0399492959211,594.0248259597399,NO
498.01661804685864,595.0230933557374,NO
496.9347879850318,595.8697308697144,NO
496.0731329836517,596.1471386759039,NO
494.1341037828108,597.2471297409952,NO
493.06672130176594,598.0667213017659,NO
492.2573895315639,599.1428495623643,NO
490.95498240161646,600.9265312791505,NO
490.1283001583841,601.2356057432157,NO
489.03522759268935,602.0416613733609,NO
488.0104113500094,603.0112110399518,NO
487.00600471939174,604.0058680546014,NO
486.0121577169552,605.0121577169552,NO
485.00386802510064,606.0040619970324,NO
483.11592353937766,607.2612227970811,NO
481.15543803534007,608.3289693837503,NO
480.0841298585361,609.0784037425459,NO
479.4262626192027,610.1775655178119,NO
478.05341081015735,612.0547460792716,NO
477.0389268373335,613.04302439843,NO
476.0240313451416,614.0246555343521,NO
475.18713064754957,615.0910488980658,NO
474.4271465310964,616.3735618494227,NO
473.18534199122803,617.3052191396595,NO
471.08943011513196,618.2173951613968,NO
469.1008982821891,619.2170841861346,NO
468.02121101314873,620.0246047763368,NO
467.00656928911053,621.0067084268323,NO
466.00661924513435,622.0065013946738,NO
464.1522690281399,623.3072228932431,NO
463.0097287066381,624.0188035489053,NO
461.03700239279874,625.0499471238204,NO
460.0003927922344,626.0004267896921,NO
459.00198821323556,627.001849371507,NO
458.02371580140533,628.0211252596522,NO
457.0435664340741,629.0414890948409,NO
456.0422129161082,630.0455503932892,NO
454.15580994776667,631.316414059092,NO
453.24476882386887,632.1459746831563,NO
452.9313778172549,632.9577774732318,NO
451.9802516667465,633.980368693009,NO
450.985577864501,634.9863292349974,NO
450.0068727432637,636.0061941930628,NO
449.03885485469687,637.033140906193,NO
448.0667464885947,638.0602983940882,NO
447.0650791581185,639.0684761479147,NO
446.03867866401947,640.0459962495883,NO
444.99764243396066,640.997054010363,NO
443.9406497522256,641.8951955087316,NO
443.1084796440212,642.1884120061387,NO
442.18265854820595,643.108941942931,NO
441.4559628675506,644.3701155183684,NO
440.964872726663,644.9692204050923,NO
439.99475022537246,645.995111282837,NO
439.01146055220454,647.0106627623871,NO
438.02328943020353,648.0227229305866,NO
437.0269308808615,649.0263540491272,NO
436.0259380194722,650.0265784646981,NO
434.1418186056663,651.3335960281395,NO
433.00421959330714,652.0088347734048,NO
431.05759152177654,653.0605832933473,NO
430.0587992887704,654.0559310301917,NO
429.2298750302241,655.1360242484914,NO
428.4276048573115,656.4466865987539,NO
427.1123924475895,657.2117035867726,NO
426.02918584568226,658.031527650504,NO
425.0191039525169,659.0197312473059,NO
424.0109943147554,660.0116350876749,NO
422.9809974690667,660.9762226403539,NO
422.28586632015254,661.4381437932503,NO
421.0450964817458,662.0933749574474,NO
420.39115557305246,662.5940491951199,NO
419.11015988960816,663.1920736496149,NO
418.0309517628936,664.036468842938,NO
416.998408645482,664.9981552449303,NO
415.968405198775,665.965675409266,NO
415.51245730480747,666.4191135309962,NO
415.0306348999003,667.0172368353825,NO
414.27027774768396,668.1487965215838,NO
413.28374206898957,670.1526676329084,NO
411.9578974924268,671.9320392610425,NO
411.116589350141,672.2475281575064,NO
410.00937130619843,673.0127159465961,NO
409.3930828049313,673.5793315398479,NO
408.30483327421956,674.3223524045056,NO
407.3621106667158,675.3269416322623,NO
406.475097821054,676.4301925397624,NO
405.4235726636433,677.4887376947498,NO
404.09997277934264,678.1947582974951,NO
402.1151182637054,679.2625941045105,NO
400.17838321724776,680.3381938457806,NO
399.4115473482841,681.190511689947,NO
398.0640790739601,683.0623258842523,NO
397.0535843358633,684.0577003431371,NO
396.04023504913323,685.0412536582764,NO
395.06223250668245,686.0537969025105,NO
394.28252178671653,687.1562349068587,NO
393.16215439066303,688.2839536038381,NO
392.0799870887592,689.0782919994177,NO
391.2939161269417,690.1579799224576,NO
390.01126612502406,692.0113305030882,NO
388.11141287900426,693.2718734190379,NO
387.0008172470173,694.0010905924003,NO
386.4278895497336,694.5478953540103,NO
385.41317429922714,695.3988995679606,NO
384.5735659666797,696.4985611906029,NO
383.9903162379741,696.9914925143369,NO
383.02650860665995,698.0226709004604,NO
382.05244987838097,699.0487938528896,NO
381.05339830763967,700.0547332641912,NO
380.0066309651559,701.0118577258402,NO
377.99757534708937,701.9945272119762,NO
376.0331630712816,703.0367482676984,NO
375.0314790762695,704.0292305699072,NO
374.05689565738766,705.0502798813783,NO
373.2179840793438,706.1325653762846,NO
372.91360173998913,706.948075922407,NO
372.0074640631043,708.0056545933961,NO
371.22984469132126,709.1085837090532,NO
370.13279256767674,711.068630772682,NO
369.404884006161,712.2860663639216,NO
368.9697467141458,712.9768605362126,NO
368.02197480631213,714.0200201742456,NO
367.0324951856813,715.0309079041489,NO
366.039408129432,716.039408129432,NO
365.0359859072416,717.0358873148102,NO
364.04495068225674,718.0426942420181,NO
363.04378359557325,719.0457241416166,NO
362.0284345661747,720.0313789741462,NO
361.0096494485945,721.0105052101557,NO
359.99039009219734,721.9896393186241,NO
358.9805335012061,722.9810596228389,NO
357.1776527463441,724.3152710746225,NO
356.09017446389936,725.0882168030491,NO
355.0867138980002,726.0889091872131,NO
354.08170224019517,727.0857049450697,NO
353.021071006682,728.0401788780691,NO
351.06200856154743,729.075390350791,NO
349.9910743153625,729.9811476198402,NO
348.0519467411841,731.0481915562448,NO
347.03502414432114,733.0158805126496,NO
346.0958572374884,734.0915913337341,NO
345.0882883352235,735.0929544762014,NO
344.08552788746465,736.0879371247611,NO
343.08517039184534,737.0849341322162,NO
342.0857859083393,738.083718777071,NO
341.43795964791735,739.1858010657603,NO
340.0890991428996,741.0806135116067,NO
339.0957379074239,742.0957379074239,NO
338.0750575834702,743.0876434546163,NO
337.04518665725226,744.0518651879559,NO
336.0284183992403,745.0299803269553,NO
335.02359694641876,746.0229822645761,NO
334.04166751505585,747.0377940434411,NO
333.3008360461452,748.1506146524086,NO
331.9946807737487,749.9940516175105,NO
330.95893375299994,750.9542534100063,NO
329.92994161781644,751.919326712197,NO
329.2845679934323,752.3462663480866,NO
328.19638736181355,753.1880007187349,NO
327.3136926065568,754.2003887184038,NO
326.22865088108097,756.0926963059231,NO
325.0474119371593,758.0395635561141,NO
324.0877569961272,759.0736795514441,NO
323.07464589418487,761.0395751925322,NO
322.09247996028756,762.097298019498,NO
321.0690656315115,763.0785411000096,NO
320.0502131714536,764.053044183045,NO
319.04739077095286,765.0475261743329,NO
318.0413204414659,766.0421329191023,NO
317.0361144047183,767.0370073421534,NO
316.13329435997423,768.0897909735542,NO
315.4184829684533,769.3048741829705,NO
314.9623714225141,769.9731520611487,NO
314.0410613644799,771.0342361503721,NO
313.0369130334947,772.0432873416391,NO
311.9865745903255,772.9828938092485,NO
311.503419450191,773.5159787755708,NO
310.96668561273555,773.9702378661267,NO
310.1197161108204,775.0602243860665,NO
309.4195089121047,776.3182481434641,NO
308.52117896515875,777.5001212117974,NO
307.3950851829491,778.456128412035,NO
306.26868056123817,779.3062958592398,NO
305.20417316577755,780.2229736397552,NO
304.17174040474396,781.1644561458409,NO
303.2133107076434,782.1685001148792,NO
302.27789037825926,783.2289947028517,NO
301.3266624510125,784.3089751451994,NO
300.4006645370169,785.3649546778623,NO
300.00687240843706,786.0057114017835,NO
299.0618211018516,787.0492184530672,NO
298.16292251049623,788.1104228489575,NO
297.30747026667564,789.2226508858861,NO
296.49564543266604,790.4199468542568,NO
296.04603680995814,791.0357775475699,NO
295.1497270006271,792.1120683864804,NO
294.2750192738666,793.2141029590478,NO
293.30365105923573,794.2825275014847,NO
292.2529172901369,795.2486878883876,NO
291.2396369665942,796.2164345959183,NO
290.23911791251504,797.2282489254477,NO
289.2139878172737,798.2185476874295,NO
288.22835552912244,799.2195071682884,NO
287.2622502263875,800.2509533023457,NO
286.3948722625588,801.3364667252639,NO
285.9941330158286,801.9957138991301,NO
285.1020577441372,803.0633341234061,NO
284.23172930679453,804.1742555514751,NO
283.24215740828595,805.242157408286,NO
282.2617614951856,806.2504856241638,NO
281.36848316368963,807.3238185209533,NO
280.9868780753584,807.9908863332481,NO
280.1428645478635,809.0792637187612,NO
279.33069011414017,810.2441368020075,NO
278.41980342183325,811.4076571888274,NO
277.4559104860168,812.4438902350716,NO
277.01341630842563,813.0109578227074,NO
276.14103043646304,814.0796673819565,NO
275.8604765889653,814.927977497279,NO
275.1182240488848,816.0590447735115,NO
274.26133518628075,817.2436773945019,NO
273.19222496812085,818.2309623268745,NO
272.1413225552142,819.1584525538535,NO
271.19357979184286,820.1566209007879,NO
270.43184498239026,821.2663716818387,NO
269.9817004188193,821.9868705616225,NO
269.12188133844313,823.0791694792002,NO
268.25267670820915,824.2308566109234,NO
267.28396149867524,825.2746001336918,NO
266.3080804442841,826.2880968602648,NO
265.3393671079608,827.3080223694948,NO
264.470403740137,828.3573794702654,NO
263.9837902068225,828.9870732027057,NO
263.10802583926306,830.0661756311679,NO
262.36276553395334,831.2388943867529,NO
261.95905678632465,831.9698063537841,NO
261.0228815310656,833.0194014505059,NO
260.1517621852156,834.0949224173102,NO
259.3696557969998,835.2823927808199,NO
258.9577447617558,835.969027289843,NO
258.16485466046026,837.0745862136755,NO
257.5164523703912,838.3879991496565,NO
256.523785450577,839.5655125741265,NO
255.4325186708213,840.4639745693419,NO
254.42775608753956,841.4116447290838,NO
253.57071183436804,842.4582059389326,NO
252.99891555467565,842.9990849558843,NO
252.06375217890624,844.0500385247302,NO
251.11270318350384,845.1013325437374,NO
250.2182019875766,846.1544436787766,NO
249.5347499852943,847.333491062743,NO
249.06482320148382,848.0353924120149,NO
248.28027291453978,849.1781395525837,NO
247.37315550127306,850.6219033327726,NO
246.36299499820825,852.2250144445247,NO
245.96727251182838,852.9769337619981,NO
245.12547261257654,854.0717636624863,NO
244.3187533317657,855.246332572445,NO
243.477183349829,856.3889085854976,NO
242.98089039742644,856.9830479326606,NO
242.0101784929328,858.009006101064,NO
241.04209683826954,859.0363563580632,NO
240.2092796957248,860.1225370532474,NO
239.41593572024502,861.3851826284518,NO
238.4807462847252,862.434106716908,NO
237.97498931998223,862.9768888650431,NO
237.00864488025766,864.0069920225053,NO
236.24950654359407,865.1034539362438,NO
235.96387647972722,865.9847580088266,NO
235.15463236513068,868.036967045542,NO
234.0375619645269,870.0283687994739,NO
233.2852255005095,871.137513160973,NO
232.04314793205174,873.0350026581845,NO
231.3190041339989,874.1324168087855,NO
230.25638667518342,876.1932884103414,NO
229.3799638049067,877.2806829280368,NO
228.54795091109082,878.4429187139538,NO
228.0388698155354,879.0286382788771,NO
227.20861083336624,880.1195410401498,NO
226.35118303234876,881.6750977269618,NO
226.14818983625133,882.0721681029664,NO
225.43538352379136,883.7502499310623,NO
225.2253629562122,884.0934838905235,NO
224.4505201944358,886.2360490384517,NO
223.98359430649535,886.9868244434757,NO
223.02093702250366,888.0192574264322,NO
222.04418471279396,889.0356759625378,NO
221.2105899900065,890.1179827192144,NO
220.24419565204425,892.1069276471741,NO
219.40806797141417,894.20430494732,NO
218.40595964298677,896.2255331457573,NO
217.3526789723715,898.1675117491674,NO
217.0266479497384,899.0122969466258,NO
216.08989643051652,901.0389300438723,NO
215.32516611345787,902.6946716895706,NO
215.15965182745197,903.0723731035422,NO
214.1231989166342,905.0723775794899,NO
213.21722065792923,906.1797486272428,NO
212.3467021944329,908.0834915533098,NO
212.0775319383104,909.0270601677313,NO
211.84751248174425,909.9530577650509,NO
211.60123596484107,910.9468314607799,NO
211.5000000004902,912.0,NO
211.5000000004902,913.0,NO
211.37252992728807,914.0598969647986,NO
211.09859345771352,915.0365375765747,NO
210.86421287215742,915.9539388764092,NO
210.59926584957526,916.9481402896741,NO
210.5000000004902,918.0,NO
210.5000000004902,919.0,NO
210.5000000004902,920.0,NO
210.46226294776443,921.0253791425548,NO
210.22714396447236,922.063689382119,NO
209.97463522448245,922.989456210499,NO
209.70491903397848,923.9351979086437,NO
209.51872079590808,924.9858447297662,NO
209.5000000004902,926.0,NO
209.5000000004902,927.0,NO
209.5000000004902,928.0,NO
209.453390907621,929.0320040637885,NO
209.30504615613594,930.0538316746122,NO
209.1390943944956,931.0267279439202,NO
208.98117029597688,931.9968986369778,NO
208.83105708329492,932.9725053678477,NO
208.68348621374918,933.9497301621803,NO
208.54891474584392,934.9663897250507,NO
208.5000000004902,936.0,NO
208.5000000004902,937.0,NO
208.5000000004902,938.0,NO
208.5000000004902,939.0,NO
208.5000000004902,940.0,NO
208.5000000004902,941.0,NO
208.5000000004902,942.0,NO
208.5000000004902,943.0,NO
208.5000000004902,944.0,NO
208.5000000004902,945.0,NO
208.5000000004902,946.0,NO
208.5000000004902,947.0,NO
208.5000000004902,948.0,NO
208.5000000004902,949.0,NO
208.4781819273756,950.016877008132,NO
208.3457693083725,951.0562722612387,NO
208.15734113781147,952.0360959080012,NO
207.98035133662145,952.9961858475602,NO
207.81710440133398,953.9705932586011,NO
207.67511468370975,954.9592300779461,NO
207.5651551584021,955.967599795046,NO
207.50983992691732,956.9913501159491,NO
207.5000000004902,958.0,NO
207.5000000004902,959.0,NO
207.5000000004902,960.0,NO
207.5000000004902,961.0,NO
207.5000000004902,962.0,NO
207.5000000004902,963.0,NO
207.5000000004902,964.0,NO
207.5000000004902,965.0,NO
207.5000000004902,966.0,NO
207.5000000004902,967.0,NO
207.5000000004902,968.0,NO
207.5000000004902,969.0,NO
207.5000000004902,970.0,NO
207.5000000004902,971.0,NO
207.5000000004902,972.0,NO
207.64462818192212,973.0620158681681,NO
207.96310548871557,974.0184472556422,NO
208.24738274369236,974.8846262665814,NO
209.26364555892454,976.878849956495,NO
210.28057647356115,978.868772691728,NO
211.31314804199616,980.8601577334397,NO
212.3356889016283,982.8481132627966,NO
213.37488752409214,984.8385900981863,NO
214.40288688593543,986.823528885323,NO
215.04564010541313,987.9771799472934,NO
215.45783420998924,988.8031534123936,NO
216.06457409897249,989.9677129505137,NO
217.073651608227,991.9631741958865,NO
218.08173539638545,993.9591323018072,NO
219.10059323592762,995.9497033820362,NO
220.11845115211358,997.9407744239433,NO
221.12740148967708,999.9362992551614,NO
222.12748198711213,1001.936259006444,NO
223.12748198711213,1003.936259006444,NO
224.12748198711213,1005.936259006444,NO
225.12748198711213,1007.936259006444,NO
226.12741668101177,1009.9362916594941,NO
225.31921760096685,1013.5019276945648,NO
224.1377671268521,1014.182914897493,NO
223.0875989795126,1015.0980103355938,NO
222.0846267020562,1016.0811402073259,NO
221.13651235952662,1017.1087718767125,NO
220.3231063695421,1018.2193623473714,NO
219.21611097346286,1020.1020808532783,NO
218.94604464274042,1020.9767447032172,NO
218.13152719963912,1023.0376587041716,NO
217.93333281288145,1023.9852885259579,NO
217.75444854150993,1024.9615897152455,NO
217.61813348420398,1025.9637333478215,NO
