X,Y,is_wing_root
255.5423876114185,942.9884957778454,NO
255.5423876114185,944.0115042221546,NO
255.61788071931696,945.0373580283007,NO
255.76262020707043,946.0397843235387,NO
255.94677573365615,947.0121910327005,NO
256.1482792331434,947.9560420441238,NO
256.9764977933135,950.010463997483,NO
257.2687987519392,950.8678184334233,NO
258.02114452509295,951.9868455718715,NO
258.46966009944305,952.6615986098676,NO
259.2204546129239,953.814468887563,NO
260.16654729200974,954.8278308543744,NO
261.20619791850703,955.7505508164277,NO
262.4044087666606,956.4228341164008,NO
263.0292304664354,956.9515800698547,NO
264.16777843472414,957.6499586686908,NO
265.00874299595114,957.9801655667834,NO
267.0608422149838,958.7875108679754,NO
268.00183971813067,958.9924296658047,NO
268.9667331079949,959.1804476926537,NO
269.96240054563043,959.3365151159769,NO
270.97205428892255,959.4349810720287,NO
272.0,959.4748603364606,NO
273.02794571107745,959.4349810720287,NO
274.03761158214735,959.336623659588,NO
275.03309291092285,959.1822655757701,NO
276.02015733571545,959.0829462760131,NO
278.1845774412512,960.8347247725109,NO
279.13741306341717,961.9003871534713,NO
280.35455409405307,963.7687287711026,NO
281.1424005920145,964.8673085374135,NO
282.09966570923757,965.9501671453812,NO
283.1450680010894,967.8594128679002,NO
284.11447183417914,968.9427640829105,NO
285.1456585450192,970.8566085140947,NO
286.1203857235542,971.9398071382229,NO
287.14592731211434,973.8540726878856,NO
288.12852919723764,974.9306925050936,NO
289.1705524552045,976.8410406533703,NO
290.1411656752072,977.8588343247928,NO
291.14111236803376,978.8588876319662,NO
292.14111236803376,979.8588876319662,NO
293.14111236803376,980.8588876319662,NO
294.14111236803376,981.8588876319662,NO
295.14111236803376,982.8588876319662,NO
296.14111236803376,983.8588876319662,NO
297.14111236803376,984.8588876319662,NO
298.14111236803376,985.8588876319662,NO
299.14111236803376,986.8588876319662,NO
300.14111236803376,987.8588876319662,NO
301.14111236803376,988.8588876319662,NO
302.14111236803376,989.8588876319662,NO
303.14111236803376,990.8588876319662,NO
304.14530064143696,991.854699358563,NO
306.05180873394966,992.8963825321007,NO
307.1329304660569,993.8588285686321,NO
308.14600380054844,994.8539961994516,NO
310.06117830621287,995.8776433875743,NO
311.14260584335324,996.8558950123455,NO
312.27611519258295,997.433704760949,NO
313.03399871937506,997.9320025612499,NO
314.12045202133777,998.8594157826958,NO
315.16663950175956,999.8138989531981,NO
316.710601516536,1000.6574096947334,NO
318.14443019382503,1001.8548126364414,NO
320.05032715683404,1002.8993456863319,NO
321.1320589376232,1003.8586486848176,NO
322.1743314103581,1004.7976274227398,NO
324.0745722917412,1005.8719157967935,NO
325.1446875568961,1006.8541731665674,NO
327.07205964193224,1007.77173653789,NO
327.98164544878296,1008.0378980607397,NO
328.93597920932206,1008.3473468434879,NO
330.0,1008.5000000004902,NO
331.0,1008.5000000004902,NO
332.024358940215,1008.5398866798688,NO
333.051960118753,1008.8909478941133,NO
333.9377195017313,1009.1393116349999,NO
334.9886321239931,1009.4831347149911,NO
336.0,1009.5000000004902,NO
337.00195094913573,1009.5025079557967,NO
338.07415567676827,1009.7478706989878,NO
338.98846550460667,1010.0232513552368,NO
339.93244036420043,1010.3281468053077,NO
341.0,1010.5000000004902,NO
342.0,1010.5000000004902,NO
343.0057915189259,1010.5077208780037,NO
344.07270734690303,1010.7696848016463,NO
344.9821191693356,1011.0366233859712,NO
345.93600573684387,1011.3472029175714,NO
347.0,1011.5000000004902,NO
348.0,1011.5000000004902,NO
349.005792819009,1011.5076103709367,NO
350.07248487081074,1011.7518974223675,NO
350.98799961012384,1012.0245791103606,NO
351.9320887967851,1012.3267425931405,NO
353.0,1012.5000000004902,NO
354.0,1012.5000000004902,NO
355.01586892120406,1012.5239323319369,NO
356.06229107553304,1012.8522397696491,NO
356.9532760118426,1013.1001228275322,NO
357.9655278363747,1013.4395200854013,NO
359.0,1013.5000000004902,NO
360.0,1013.5000000004902,NO
361.0,1013.5000000004902,NO
362.0,1013.5000000004902,NO
363.0,1013.5000000004902,NO
364.0,1013.5000000004902,NO
365.0,1013.5000000004902,NO
366.0,1013.5000000004902,NO
367.0,1013.5000000004902,NO
368.0,1013.5000000004902,NO
369.0,1013.5000000004902,NO
370.0,1013.5000000004902,NO
371.0,1013.5000000004902,NO
372.0,1013.5000000004902,NO
373.0,1013.5000000004902,NO
374.0,1013.5000000004902,NO
375.0,1013.5000000004902,NO
376.0,1013.5000000004902,NO
377.0,1013.5000000004902,NO
378.0,1013.5000000004902,NO
379.0,1013.5000000004902,NO
380.0,1013.5000000004902,NO
381.0,1013.5000000004902,NO
382.0,1013.5000000004902,NO
383.0,1013.5000000004902,NO
384.0,1013.5000000004902,NO
385.0,1013.5000000004902,NO
386.0,1013.5000000004902,NO
387.0,1013.5000000004902,NO
388.0,1013.5000000004902,NO
389.0,1013.5000000004902,NO
390.0058024542332,1013.4932086231462,NO
391.0520729592606,1013.396376245144,NO
392.0413104648847,1013.260102920947,NO
393.0069102916893,1013.1762124367629,NO
394.00949590211223,1013.0484291018755,NO
394.9767167608491,1012.8847140565996,NO
396.0013899175274,1012.7637140128677,NO
396.9740831240441,1012.7246331952871,NO
397.96126043682295,1012.6341263401578,NO
399.0,1012.5666666666667,NO
399.9859471589882,1012.5520656754276,NO
400.98498061098655,1012.5212569566833,NO
402.0,1012.5039215681636,NO
402.9990253842147,1012.502945923557,NO
403.9990215431752,1012.5009869933316,NO
405.0,1012.5000000004902,NO
406.0,1012.5000000004902,NO
407.0,1012.5000000004902,NO
408.0,1012.5000000004902,NO
409.0,1012.5000000004902,NO
410.0,1012.5000000004902,NO
411.0,1012.5000000004902,NO
412.0,1012.5000000004902,NO
413.0,1012.5000000004902,NO
414.0,1012.5000000004902,NO
415.0,1012.5000000004902,NO
416.0,1012.5000000004902,NO
417.0,1012.5000000004902,NO
418.0,1012.5000000004902,NO
419.0,1012.5000000004902,NO
420.0,1012.5000000004902,NO
421.0,1012.5000000004902,NO
422.0,1012.5000000004902,NO
423.0,1012.5000000004902,NO
424.0,1012.5000000004902,NO
425.0,1012.5000000004902,NO
426.0,1012.5000000004902,NO
427.0,1012.5000000004902,NO
428.0,1012.5000000004902,NO
429.0,1012.5000000004902,NO
430.0,1012.5000000004902,NO
431.0,1012.5000000004902,NO
432.0,1012.5000000004902,NO
433.0,1012.5000000004902,NO
434.0,1012.5000000004902,NO
435.0,1012.5000000004902,NO
436.0,1012.5000000004902,NO
437.0,1012.5000000004902,NO
438.0,1012.5000000004902,NO
439.0,1012.5000000004902,NO
440.0,1012.5000000004902,NO
441.0,1012.5000000004902,NO
442.0,1012.5000000004902,NO
443.0,1012.5000000004902,NO
444.0,1012.5000000004902,NO
445.0,1012.5000000004902,NO
446.0,1012.5000000004902,NO
447.0,1012.5000000004902,NO
448.0,1012.5000000004902,NO
449.0,1012.5000000004902,NO
450.0,1012.5000000004902,NO
451.0,1012.5000000004902,NO
452.0,1012.5000000004902,NO
453.0,1012.5000000004902,NO
454.0,1012.5000000004902,NO
455.0,1012.5000000004902,NO
456.0,1012.5000000004902,NO
457.0,1012.5000000004902,NO
458.0,1012.5000000004902,NO
459.0,1012.5000000004902,NO
460.0,1012.5000000004902,NO
461.0,1012.5000000004902,NO
462.0,1012.5000000004902,NO
463.0,1012.5000000004902,NO
464.0,1012.5000000004902,NO
465.0,1012.5000000004902,NO
466.0,1012.5000000004902,NO
467.0,1012.5000000004902,NO
468.0,1012.5000000004902,NO
469.0,1012.5000000004902,NO
470.0,1012.5000000004902,NO
471.0,1012.5000000004902,NO
472.0,1012.5000000004902,NO
473.0,1012.5000000004902,NO
474.0,1012.5000000004902,NO
475.0,1012.5000000004902,NO
476.0,1012.5000000004902,NO
477.0,1012.5000000004902,NO
478.0,1012.5000000004902,NO
479.0,1012.5000000004902,NO
480.0,1012.5000000004902,NO
481.0,1012.5000000004902,NO
482.0,1012.5000000004902,NO
483.0,1012.5000000004902,NO
484.0,1012.5000000004902,NO
485.0,1012.5000000004902,NO
486.0,1012.5000000004902,NO
487.0,1012.5000000004902,NO
488.0,1012.5000000004902,NO
489.0,1012.5000000004902,NO
490.0,1012.5000000004902,NO
491.0,1012.5000000004902,NO
492.0,1012.5000000004902,NO
493.0,1012.5000000004902,NO
494.0,1012.5000000004902,NO
495.0,1012.5000000004902,NO
496.0,1012.5000000004902,NO
497.0,1012.5000000004902,NO
498.0,1012.5000000004902,NO
499.0,1012.5000000004902,NO
500.0,1012.5000000004902,NO
501.0,1012.5000000004902,NO
502.0,1012.5000000004902,NO
503.0,1012.5000000004902,NO
504.0,1012.5000000004902,NO
505.0,1012.5000000004902,NO
506.0,1012.5000000004902,NO
507.0,1012.5000000004902,NO
508.0,1012.5000000004902,NO
509.0,1012.5000000004902,NO
510.0,1012.5000000004902,NO
511.0,1012.5000000004902,NO
512.0,1012.5000000004902,NO
513.0,1012.5000000004902,NO
514.0,1012.5000000004902,NO
515.0,1012.5000000004902,NO
516.0,1012.5000000004902,NO
517.0,1012.5000000004902,NO
518.0,1012.5000000004902,NO
519.0,1012.5000000004902,NO
520.0,1012.5000000004902,NO
521.0,1012.5000000004902,NO
522.0,1012.5000000004902,NO
523.0,1012.5000000004902,NO
524.0,1012.5000000004902,NO
525.0,1012.5000000004902,NO
526.0,1012.5000000004902,NO
527.0,1012.5000000004902,NO
528.0,1012.5000000004902,NO
529.0,1012.5000000004902,NO
530.0,1012.5000000004902,NO
531.0,1012.5000000004902,NO
532.0,1012.5000000004902,NO
533.0,1012.5000000004902,NO
534.0,1012.5000000004902,NO
535.0,1012.5000000004902,NO
536.0,1012.5000000004902,NO
537.0,1012.5000000004902,NO
538.0,1012.5000000004902,NO
539.0,1012.5000000004902,NO
540.0,1012.5000000004902,NO
541.0,1012.5000000004902,NO
542.0,1012.5000000004902,NO
543.0,1012.5000000004902,NO
544.0,1012.5000000004902,NO
545.0,1012.5000000004902,NO
546.0,1012.5000000004902,NO
547.0187281574152,1012.4775680105291,NO
548.0228174685393,1012.4309966326092,NO
549.0055014593024,1012.4008206051489,NO
550.0,1012.3941176470588,NO
551.0,1012.3941176470588,NO
552.010413470682,1012.3793478561159,NO
553.0096717885324,1012.3523294352659,NO
554.0,1012.3392156862745,NO
555.0,1012.3392156862745,NO
556.0,1012.3392156862745,NO
557.0405140149121,1012.2066214807581,NO
558.0070039607701,1012.0300169748605,NO
558.9984792077255,1011.9030494987729,NO
560.0020502701877,1011.904942016639,NO
560.9979432754413,1011.9046427685234,NO
561.9927230247014,1011.8674550944696,NO
562.9885312066002,1011.8113198571524,NO
563.9901051498512,1011.7596964805131,NO
564.9963044889944,1011.73075562752,NO
566.0037032431262,1011.7301922873046,NO
566.981047886535,1011.7071037125257,NO
567.9657484532821,1011.636077319186,NO
568.9932787309538,1011.5715191260416,NO
570.0,1011.5627450980393,NO
570.9974108250342,1011.559840241869,NO
571.9956087644858,1011.5520939817237,NO
572.9964175922368,1011.5432429836018,NO
573.9972725671053,1011.5363363932175,NO
574.9990830646034,1011.5323629233134,NO
575.9990792121534,1011.530398173764,NO
576.9934499934633,1011.522785239438,NO
577.9932627852684,1011.5091457852724,NO
579.0,1011.5019607838481,NO
580.000974615764,1011.5029459344589,NO
581.0,1011.5039215681636,NO
582.0009707674075,1011.5049085963609,NO
583.0009669265294,1011.5068674443175,NO
584.0,1011.5078431367948,NO
585.0,1011.5078431367948,NO
586.0,1011.5078431367948,NO
586.9980623581926,1011.505901324612,NO
587.9980470090771,1011.5019873000629,NO
589.0,1011.5000000004902,NO
590.0,1011.5000000004902,NO
591.0,1011.5000000004902,NO
592.0,1011.5000000004902,NO
593.0,1011.5000000004902,NO
594.0,1011.5000000004902,NO
595.0,1011.5000000004902,NO
596.0,1011.5000000004902,NO
597.0,1011.5000000004902,NO
598.0,1011.5000000004902,NO
599.0,1011.5000000004902,NO
600.0,1011.5000000004902,NO
601.0,1011.5000000004902,NO
602.0,1011.5000000004902,NO
603.0,1011.5000000004902,NO
604.0,1011.5000000004902,NO
605.0,1011.5000000004902,NO
606.0,1011.5000000004902,NO
607.0,1011.5000000004902,NO
608.0,1011.5000000004902,NO
609.0,1011.5000000004902,NO
610.0,1011.5000000004902,NO
611.0,1011.5000000004902,NO
612.0,1011.5000000004902,NO
613.0,1011.5000000004902,NO
614.0,1011.5000000004902,NO
615.0,1011.5000000004902,NO
616.0,1011.5000000004902,NO
617.0,1011.5000000004902,NO
618.0,1011.5000000004902,NO
619.0,1011.5000000004902,NO
620.0,1011.5000000004902,NO
621.0,1011.5000000004902,NO
622.0,1011.5000000004902,NO
623.0,1011.5000000004902,NO
624.0,1011.5000000004902,NO
625.000978430676,1011.5010003292149,NO
626.0076773752213,1011.5105673613282,NO
627.026992777947,1011.5559252816437,NO
628.0443197316788,1011.6770990915246,NO
629.0288727709575,1011.9049992712801,NO
629.9614558013136,1012.1252072724532,NO
630.9517001712317,1012.3622487075936,NO
631.9813291642702,1012.4761063075617,NO
633.0,1012.5000000004902,NO
634.0,1012.5000000004902,NO
635.0,1012.5000000004902,NO
636.0,1012.5000000004902,NO
637.0,1012.5000000004902,NO
638.0,1012.5000000004902,NO
639.0,1012.5000000004902,NO
640.0,1012.5000000004902,NO
641.0,1012.5000000004902,NO
642.0,1012.5000000004902,NO
643.0,1012.5000000004902,NO
644.0,1012.5000000004902,NO
645.0009784232888,1012.5010040966869,NO
646.00955133922,1012.5128817124837,NO
647.0297791414363,1012.5660753583834,NO
648.0479273351216,1012.7124359892707,NO
649.0155042649475,1012.955577669533,NO
649.9412268084733,1013.1873395476257,NO
650.9644760604871,1013.4418831688895,NO
652.0,1013.5000000004902,NO
653.0,1013.5000000004902,NO
654.0,1013.5000000004902,NO
655.0,1013.5000000004902,NO
656.0,1013.5000000004902,NO
657.0,1013.5000000004902,NO
658.0,1013.5000000004902,NO
659.0,1013.5000000004902,NO
660.0,1013.5000000004902,NO
661.0,1013.5000000004902,NO
662.0,1013.5000000004902,NO
663.0,1013.5000000004902,NO
664.0,1013.5000000004902,NO
665.0029225004808,1013.5031749025212,NO
666.0299830036328,1013.5502549253595,NO
667.0558812250129,1013.7233065510245,NO
668.0141452300121,1013.9565417624117,NO
668.9491647116727,1014.1813006900301,NO
669.9558091892205,1014.4097693290602,NO
670.9941960563164,1014.4933352264308,NO
672.0,1014.5000000004902,NO
673.0,1014.5000000004902,NO
674.0,1014.5000000004902,NO
675.0,1014.5000000004902,NO
676.0,1014.5000000004902,NO
677.0,1014.5000000004902,NO
678.0,1014.5000000004902,NO
679.0,1014.5000000004902,NO
680.0,1014.5000000004902,NO
681.0,1014.5000000004902,NO
682.0,1014.5000000004902,NO
683.0,1014.5000000004902,NO
684.0,1014.5000000004902,NO
685.0029227617891,1014.5031304801124,NO
686.0235001914311,1014.5390347240021,NO
687.0584397987633,1014.7106378846647,NO
688.0162264736216,1014.952711419561,NO
688.9514502806127,1015.1807325328398,NO
689.957587953854,1015.4005582219374,NO
690.9885559160389,1015.4863735529417,NO
692.0,1015.5000000004902,NO
693.0,1015.5000000004902,NO
694.0,1015.5000000004902,NO
695.0,1015.5000000004902,NO
696.0,1015.5000000004902,NO
697.0,1015.5000000004902,NO
698.0,1015.5000000004902,NO
699.0,1015.5000000004902,NO
700.0,1015.5000000004902,NO
701.0,1015.5000000004902,NO
702.0,1015.5000000004902,NO
703.0,1015.5000000004902,NO
704.0,1015.5000000004902,NO
705.0058076968239,1015.5063457566332,NO
706.0232102939717,1015.5447211739524,NO
707.0566541520643,1015.7110638178906,NO
708.0161932856464,1015.9528081388033,NO
708.9514502806127,1016.1807325328398,NO
709.957587953854,1016.4005582219374,NO
710.9885559160389,1016.4863735529417,NO
712.0,1016.5000000004902,NO
713.0,1016.5000000004902,NO
714.0,1016.5000000004902,NO
715.0,1016.5000000004902,NO
716.0,1016.5000000004902,NO
717.0,1016.5000000004902,NO
718.0,1016.5000000004902,NO
719.0,1016.5000000004902,NO
720.0,1016.5000000004902,NO
721.0,1016.5000000004902,NO
722.0122782877394,1016.5183133286644,NO
723.0618010807924,1016.8617607461518,NO
723.9478252848587,1017.1099549766017,NO
724.9756394128954,1017.460144428047,NO
726.0,1017.5000000004902,NO
727.0,1017.5000000004902,NO
728.0,1017.5000000004902,NO
729.0379877627272,1017.5694720310116,NO
730.040513432321,1017.918973135358,NO
730.9288873181611,1018.1727022289135,NO
732.0,1018.5000000004902,NO
733.0,1018.5000000004902,NO
734.0,1018.5000000004902,NO
735.0009781494155,1018.5011437720995,NO
736.0609277497264,1018.6428373157856,NO
737.0196522813056,1018.9605406954714,NO
737.9248340517273,1019.2281823347879,NO
739.0,1019.5000000004902,NO
740.0,1019.5000000004902,NO
741.0,1019.5000000004902,NO
742.0057860958874,1019.5081818362868,NO
743.0676549190109,1019.8387663141657,NO
743.9561800941842,1020.0897516090856,NO
744.9648363863663,1020.4374010662984,NO
746.0,1020.5000000004902,NO
747.0,1020.5000000004902,NO
748.0,1020.5000000004902,NO
749.0201917552118,1020.531918405399,NO
750.0560697961041,1020.8783166057439,NO
750.9425541710427,1021.1257398006479,NO
751.981522628968,1021.4711729578025,NO
753.0,1021.5000000004902,NO
754.0,1021.5000000004902,NO
755.0,1021.5000000004902,NO
756.0458626505396,1021.5896499698283,NO
757.0346292065685,1021.930741586863,NO
757.9272156279037,1022.1874749085395,NO
759.0,1022.5000000004902,NO
760.0,1022.5000000004902,NO
761.0,1022.5000000004902,NO
762.0019511135495,1022.5024660303021,NO
763.073263664769,1022.7292429718487,NO
763.9943582305877,1023.0113727371937,NO
764.9293504876618,1023.3079594134801,NO
766.0,1023.5000000004902,NO
767.0,1023.5000000004902,NO
768.0,1023.5000000004902,NO
769.0095335010403,1023.5137914596253,NO
770.065768731592,1023.8432614337249,NO
770.9552928672827,1024.0930638314337,NO
771.9648226421616,1024.4375720308024,NO
773.0,1024.5000000004902,NO
774.0,1024.5000000004902,NO
775.0,1024.5000000004902,NO
776.0299188142715,1024.5512177658215,NO
777.0472394102421,1024.9032445870764,NO
777.9335517120514,1025.1533422106206,NO
778.994214562885,1025.4917621680572,NO
780.0,1025.5000000004902,NO
781.0,1025.5000000004902,NO
782.0009781191721,1025.501159196184,NO
783.0643259889098,1025.6582681946038,NO
784.0152324981153,1025.969415063192,NO
784.9247509289522,1026.241364945723,NO
786.0,1026.5000000004902,NO
787.0,1026.5000000004902,NO
788.0,1026.5000000004902,NO
789.0057860962587,1026.5081818047283,NO
790.0676549190109,1026.8387663141657,NO
790.956179818171,1027.089752174414,NO
791.9648364248579,1027.4374005875004,NO
793.0,1027.5000000004902,NO
794.0,1027.5000000004902,NO
795.0,1027.5000000004902,NO
796.0267755554968,1027.544815558253,NO
797.0491922802365,1027.899244733104,NO
797.9342801839338,1028.1489649190048,NO
798.9942149343187,1028.4917305961872,NO
800.0,1028.5000000004902,NO
801.0,1028.5000000004902,NO
802.0,1028.5000000004902,NO
803.0273492413783,1028.5350628983053,NO
804.0237437916711,1028.5963555430967,NO
805.0479188920883,1028.7454308937422,NO
806.0179956132331,1028.900241716147,NO
807.0000431025654,1028.9981681410284,NO
807.9779261550631,1029.1062043520633,NO
808.9519808512612,1029.27210850952,NO
809.9831216089985,1029.409903808538,NO
810.9757773896636,1029.4575382001742,NO
811.9941924346465,1029.4936430683779,NO
813.0,1029.5000000004902,NO
814.0,1029.5000000004902,NO
815.0,1029.5000000004902,NO
816.0,1029.5000000004902,NO
817.0,1029.5000000004902,NO
818.0,1029.5000000004902,NO
819.0,1029.5000000004902,NO
820.0,1029.5000000004902,NO
821.0,1029.5000000004902,NO
822.0,1029.5000000004902,NO
823.0,1029.5000000004902,NO
824.0,1029.5000000004902,NO
825.0,1029.5000000004902,NO
826.0,1029.5000000004902,NO
827.0,1029.5000000004902,NO
828.0,1029.5000000004902,NO
829.0,1029.5000000004902,NO
830.0,1029.5000000004902,NO
831.0,1029.5000000004902,NO
832.0,1029.5000000004902,NO
833.0,1029.5000000004902,NO
834.0,1029.5000000004902,NO
835.0,1029.5000000004902,NO
836.0,1029.5000000004902,NO
837.0,1029.5000000004902,NO
838.0,1029.5000000004902,NO
839.0,1029.5000000004902,NO
840.0,1029.5000000004902,NO
841.0,1029.5000000004902,NO
842.0019529909229,1029.5019873000629,NO
843.0019375377402,1029.505927861754,NO
844.0066554262872,1029.5151046576389,NO
845.0118501151794,1029.535110867506,NO
846.0017681938099,1029.549110565247,NO
847.0175232368308,1029.5744356488588,NO
848.0213834544942,1029.6239461343614,NO
849.0060063627806,1029.6596394585,NO
850.0407498852525,1029.8268129830374,NO
850.9918658722098,1030.0292141213438,NO
851.9697476306009,1030.2268927653772,NO
852.9523564007033,1030.3573269866679,NO
853.9752780326719,1030.4669704990085,NO
855.0,1030.5000000004902,NO
856.0,1030.5000000004902,NO
857.0,1030.5000000004902,NO
858.0,1030.5000000004902,NO
859.0,1030.5000000004902,NO
860.0,1030.5000000004902,NO
861.0,1030.5000000004902,NO
862.0,1030.5000000004902,NO
863.0,1030.5000000004902,NO
864.0,1030.5000000004902,NO
865.0,1030.5000000004902,NO
866.0,1030.5000000004902,NO
867.0,1030.5000000004902,NO
868.0,1030.5000000004902,NO
869.0,1030.5000000004902,NO
870.0,1030.5000000004902,NO
871.0,1030.5000000004902,NO
872.0,1030.5000000004902,NO
873.0,1030.5000000004902,NO
874.0,1030.5000000004902,NO
875.0,1030.5000000004902,NO
876.0,1030.5000000004902,NO
877.0,1030.5000000004902,NO
878.0,1030.5000000004902,NO
879.0,1030.5000000004902,NO
880.0,1030.5000000004902,NO
881.0,1030.5000000004902,NO
882.0,1030.5000000004902,NO
883.0,1030.5000000004902,NO
884.0009784568248,1030.5009869933317,NO
885.0009745970652,1030.5029554708308,NO
886.0048127267437,1030.5091018767203,NO
887.0155937449358,1030.532187620539,NO
888.0136444954735,1030.5650816899627,NO
889.0327533781996,1030.636864719961,NO
890.0378950811952,1030.7699227218113,NO
891.0099460538532,1030.8792264822177,NO
891.9949589946583,1031.0238047474265,NO
892.951317247132,1031.2035098658887,NO
893.9684309408318,1031.3926883137224,NO
894.9752106814585,1031.4682426886072,NO
896.0,1031.5000000004902,NO
897.0,1031.5000000004902,NO
898.0,1031.5000000004902,NO
899.0,1031.5000000004902,NO
900.0,1031.5000000004902,NO
901.0,1031.5000000004902,NO
902.0,1031.5000000004902,NO
903.0086339120306,1031.5107450080209,NO
904.0619139189846,1031.6676200080387,NO
905.0197491481138,1031.95421788304,NO
905.935538597438,1032.2054707202653,NO
906.9763196196152,1032.4644997514924,NO
908.0,1032.5000000004902,NO
909.0,1032.5000000004902,NO
910.0,1032.5000000004902,NO
911.0,1032.5000000004902,NO
912.0,1032.5000000004902,NO
913.0,1032.5000000004902,NO
914.0076990621526,1032.5091848195411,NO
915.0520493507918,1032.6261244011262,NO
916.0302030456277,1032.9321429363365,NO
916.9345699548741,1033.1813550261245,NO
917.9814722933351,1033.4724565164336,NO
919.0,1033.5000000004902,NO
920.0,1033.5000000004902,NO
921.0,1033.5000000004902,NO
922.0,1033.5000000004902,NO
923.0,1033.5000000004902,NO
924.0,1033.5000000004902,NO
925.0038865191032,1033.5044687855036,NO
926.0494343247503,1033.606070224738,NO
927.038870141804,1033.9060484732497,NO
927.944550093685,1034.1480599566553,NO
928.9653512280696,1034.4417718412874,NO
930.0,1034.5000000004902,NO
931.0,1034.5000000004902,NO
932.0,1034.5000000004902,NO
933.0,1034.5000000004902,NO
934.0,1034.5000000004902,NO
935.0,1034.5000000004902,NO
936.0,1034.5000000004902,NO
937.0245135949087,1034.536965424511,NO
938.0639782580794,1034.7960693027699,NO
938.9792307385837,1035.0477131692082,NO
939.937162439361,1035.3373384893505,NO
940.9942010089438,1035.4929142530907,NO
942.0,1035.5000000004902,NO
943.0,1035.5000000004902,NO
944.0,1035.5000000004902,NO
945.0,1035.5000000004902,NO
946.0,1035.5000000004902,NO
947.0,1035.5000000004902,NO
948.0095592680276,1035.512477343307,NO
949.0686514512627,1035.7199020802232,NO
950.0002355110079,1035.9994974451201,NO
950.9290499606955,1036.278342459582,NO
951.9942051064052,1036.492565968865,NO
953.0,1036.5000000004902,NO
954.0,1036.5000000004902,NO
955.0,1036.5000000004902,NO
956.0,1036.5000000004902,NO
957.0,1036.5000000004902,NO
958.0,1036.5000000004902,NO
959.0086382704859,1036.510498028903,NO
960.0555685597719,1036.641266253401,NO
961.0260786391397,1036.9411499732835,NO
961.9338201292238,1037.1917712188583,NO
962.9814634529641,1037.472681945889,NO
964.0,1037.5000000004902,NO
965.0,1037.5000000004902,NO
966.0,1037.5000000004902,NO
967.0,1037.5000000004902,NO
968.0,1037.5000000004902,NO
969.0,1037.5000000004902,NO
970.0029219210496,1037.503273405835,NO
971.0423809038265,1037.5843411344706,NO
972.0450248883421,1037.8911720717965,NO
972.9468857738797,1038.133439673711,NO
973.9646622065217,1038.4395676937258,NO
975.0,1038.5000000004902,NO
976.0,1038.5000000004902,NO
977.0,1038.5000000004902,NO
978.0,1038.5000000004902,NO
979.0,1038.5000000004902,NO
980.0,1038.5000000004902,NO
981.0009783425023,1038.50104529782,NO
982.0284697839082,1038.546262822349,NO
983.0613439635392,1038.8032363426696,NO
983.9765037296377,1039.0537358638726,NO
984.9352702907266,1039.3474963400924,NO
986.0,1039.5000000004902,NO
987.0,1039.5000000004902,NO
988.0,1039.5000000004902,NO
989.0,1039.5000000004902,NO
990.0,1039.5000000004902,NO
991.0,1039.5000000004902,NO
992.0029205596613,1039.503504841843,NO
993.0637158606683,1039.6615095007853,NO
994.0147333767308,1039.9701824509812,NO
994.9247136532376,1040.2414845093365,NO
996.0,1040.5000000004902,NO
997.0,1040.5000000004902,NO
998.0,1040.5000000004902,NO
999.0,1040.5000000004902,NO
1000.0019518997468,1040.5022655499745,NO
1001.0567926046557,1040.6286637504154,NO
1002.0252092039389,1040.9479486079076,NO
1002.9278556800556,1041.207873460468,NO
1003.9942102233179,1041.4921310312795,NO
1005.0,1041.5000000004902,NO
1006.0,1041.5000000004902,NO
1007.0,1041.5000000004902,NO
1008.0009782956046,1041.5010692156413,NO
1009.0379409860915,1041.5700021662062,NO
1010.0461508334998,1041.896313104131,NO
1010.9415481961663,1042.1419543820462,NO
1011.9755838253576,1042.4611944148814,NO
1013.0,1042.5000000004902,NO
1014.0,1042.5000000004902,NO
1015.0,1042.5000000004902,NO
1016.0009782530469,1042.501090920073,NO
1017.0457442713675,1042.5907091518911,NO
1018.0373154480717,1042.921033699663,NO
1018.9331842063426,1043.1721012965302,NO
1019.9877085821381,1043.4822017761394,NO
1021.0,1043.5000000004902,NO
1022.0,1043.5000000004902,NO
1023.0,1043.5000000004902,NO
1024.000978346137,1043.501043444141,NO
1025.027602994543,1043.5458862347737,NO
1026.059766880009,1043.8352372530935,NO
1026.9642468546108,1044.081402253005,NO
1027.946982546145,1044.3918681336036,NO
1029.0,1044.5000000004902,NO
1030.0,1044.5000000004902,NO
1031.0,1044.5000000004902,NO
1032.0,1044.5000000004902,NO
1033.0194001989314,1044.5288522805483,NO
1034.0653191707258,1044.8138951028593,NO
1034.9698505114106,1045.0657104238487,NO
1035.943490454965,1045.3792088034838,NO
1037.0,1045.5000000004902,NO
1038.0,1045.5000000004902,NO
1039.0,1045.5000000004902,NO
1040.0,1045.5000000004902,NO
1041.0123442109586,1045.5157271100707,NO
1042.0603955405031,1045.672322067061,NO
1043.0196123436024,1045.9532603025311,NO
1043.936331258691,1046.20168359056,NO
1044.974661501135,1046.4615226519968,NO
1046.0,1046.5000000004902,NO
1047.0,1046.5000000004902,NO
1048.0,1046.5000000004902,NO
1049.0019526654041,1046.5020703073117,NO
1050.0218766201122,1046.535121833454,NO
1051.0626027654093,1046.7404275495194,NO
1051.9984623018397,1047.0035973670877,NO
1052.9313954081458,1047.269141088892,NO
1053.9876753623998,1047.483505012016,NO
1055.0,1047.5000000004902,NO
1056.0,1047.5000000004902,NO
1057.0,1047.5000000004902,NO
1058.0058086392985,1047.5062656462978,NO
1059.0173873222147,1047.533287657347,NO
1060.0294979340094,1047.593406875904,NO
1061.0287065975829,1047.6746585672156,NO
1062.020876051753,1047.7580275747146,NO
1063.0082120648565,1047.8179063909772,NO
1063.9867604309052,1047.8070805605032,NO
1064.971932905908,1047.729920417784,NO
1065.976931025847,1047.6434795044008,NO
1067.0388977382147,1047.6851135491368,NO
1068.0268752382517,1047.801356936479,NO
1068.9974089847094,1047.8531758071297,NO
1069.99745012473,1047.837445462065,NO
1071.0,1047.8294117647058,NO
1072.0051039041944,1047.8468828638943,NO
1073.0041174240534,1047.8833396444238,NO
1073.9847239719072,1048.0493086960155,NO
1074.9224796168369,1048.2653382239175,NO
1076.0009788022185,1048.5008108425438,NO
1077.9612979268336,1047.915188364043,NO
1078.981194741601,1047.6003882683365,NO
1079.9895541438802,1047.556051128972,NO
1081.0104404001997,1047.5562830055621,NO
1082.0268827693797,1047.6082796378232,NO
1083.035787610202,1047.695040614382,NO
1085.0820855531417,1048.894389149977,NO
1087.001945197037,1049.5039747410162,NO
1088.008552002536,1049.5153865458324,NO
1089.0160043144076,1049.546544396385,NO
1090.061537122973,1049.7585851349504,NO
1090.9888974984874,1050.024094791896,NO
1091.9290567633452,1050.3129487337287,NO
1093.005785179981,1050.5082596883224,NO
1094.0198201372666,1050.5405331849745,NO
1095.0510434796156,1050.6745978254269,NO
1096.0259828639043,1050.9251341223144,NO
1096.9504247164555,1051.1551128528547,NO
1097.9609484955101,1051.4064544105206,NO
1099.0064395534737,1051.469167465999,NO
1100.0131599844478,1051.447439486234,NO
1100.988638277735,1051.445729102842,NO
1101.979838174516,1051.4777883699514,NO
1103.0048324175216,1051.5070934173887,NO
1104.0111841199798,1051.5246749159164,NO
1105.0189760554204,1051.5601005367166,NO
1106.0234362569488,1051.6144357863313,NO
1107.0255742229872,1051.689455846481,NO
1108.0260456567646,1051.8017420216308,NO
1109.0092967001983,1051.9461213959858,NO
1109.9828239888418,1052.0995427930347,NO
1110.9741983392275,1052.2392517592896,NO
1111.982635133155,1052.3280030439403,NO
1112.9774294515146,1052.3836993228183,NO
1113.9749244171458,1052.4409844007214,NO
1114.9871048079513,1052.4866740871505,NO
1116.001945271393,1052.5039557802527,NO
1117.0038436723144,1052.509931751385,NO
1118.006575293839,1052.520942878855,NO
1119.0090597478993,1052.5379528691865,NO
1120.0120148457488,1052.562316338559,NO
1121.0222539598715,1052.6086372462557,NO
1122.0319139148364,1052.69859079805,NO
1123.0264064546782,1052.8316588555524,NO
1124.0041070292377,1052.9747640377739,NO
1124.993792457174,1053.0879401908012,NO
1126.0002478962074,1053.1264270723682,NO
1127.002878212659,1053.1129144962663,NO
1127.9947063253228,1053.1227170029642,NO
1128.952817765906,1053.222804994144,NO
1129.9428903885098,1053.3935932666172,NO
1131.0,1053.5000000004902,NO
1132.000978456825,1053.5009869933317,NO
1133.0009745934383,1053.5029573205939,NO
1134.0057641009348,1053.5100514073101,NO
1135.0065500115982,1053.5227848706816,NO
1136.0009200385582,1053.5307803108124,NO
1137.0618011991858,1053.87239428669,NO
1137.9926697525996,1054.0526538870338,NO
1138.9632077227025,1053.925833746493,NO
1139.9435320279883,1053.6307863484062,NO
1141.07465931625,1053.2963041469957,NO
1142.011626534532,1053.0277457582115,NO
1142.961620434925,1052.7825157979087,NO
1143.9945147567616,1052.6503157661978,NO
1144.9927809608034,1052.631829010582,NO
1145.9900497620483,1052.6096445123555,NO
1146.9885645305242,1052.5834221882571,NO
1147.9833105087253,1052.552018909275,NO
1148.9877612634,1052.519864950279,NO
1150.9815502390816,1051.9575613870147,NO
1151.9703124050218,1051.6778580246578,NO
1153.9698075641202,1050.936693278798,NO
1154.979578067032,1050.6384959515801,NO
1155.9906117340931,1050.6009987115974,NO
1156.9900539441421,1050.577292639426,NO
1158.9678622443516,1049.929978002062,NO
1159.7577379652969,1049.459135901986,NO
1160.8642950548733,1048.874536938148,NO
1161.9078864526095,1046.9542602342394,NO
1162.4706895616416,1045.7704994841204,NO
1163.9499463860705,1044.5991769566615,NO
1165.88931968113,1043.8758108444954,NO
1166.959358755434,1042.9245668131348,NO
1168.9750972732375,1041.9478934728527,NO
1169.9503136514174,1041.632753079055,NO
1171.9836588275657,1040.9603365813412,NO
1172.819690122956,1040.580313216521,NO
1173.909628385967,1039.9069452880415,NO
1174.9603849237317,1038.9323123712156,NO
1176.960710563578,1037.9207999472756,NO
1177.9624995651745,1037.574995080454,NO
1179.9710040078028,1036.9330001907006,NO
1180.9924865069688,1036.6516471342,NO
1181.9747300734384,1036.6094647866935,NO
1183.0620752868415,1036.067686614185,NO
1183.360657642407,1035.7124209734698,NO
1183.683909204663,1034.9776877087588,NO
1184.6161135305904,1032.80852378426,NO
1185.8446121852278,1031.6280109830534,NO
1187.9711294848046,1030.830759042502,NO
1188.9405160056313,1030.6702517931403,NO
1190.9414268807739,1029.8830834620564,NO
1192.0626187244152,1029.0670428732149,NO
1192.3768917579428,1028.7341187312388,NO
1192.9735801148659,1027.9735801148659,NO
1194.9681942105979,1026.9267459429602,NO
1196.9731968190786,1025.9444186685769,NO
1198.9625016256562,1024.9343260483633,NO
1199.7202323628553,1024.441210759334,NO
1200.0702612507885,1024.0629296384907,NO
1200.8852294872638,1022.9418224412484,NO
1201.8610846138918,1021.864315206958,NO
1202.4904534036746,1020.739594523048,NO
1203.0022382862328,1020.0022441686821,NO
1204.9000394922407,1018.899777816314,NO
1205.8602951012792,1017.8796702341812,NO
1206.5185881349598,1016.7429962780974,NO
1207.9418443639006,1015.6272918615981,NO
1209.9621411043654,1014.9153156317503,NO
1210.9727784359202,1014.6033429149448,NO
1212.8873207876704,1013.8761919768225,NO
1213.9546977062475,1012.9162287186921,NO
1215.8734953066764,1011.8704832875993,NO
1216.923196247055,1009.9569613653262,NO
1217.9636074972711,1008.9334942179659,NO
1219.9698920529165,1007.930880853624,NO
1221.9086433479576,1006.9058045811825,NO
1222.9171496757328,1005.9143372149731,NO
1223.9238419190879,1004.9238419190879,NO
1224.9076397236938,1003.9184229042049,NO
1225.891035668949,1002.897396525842,NO
1226.9240592037595,1000.9654543825259,NO
1227.5157683763778,998.9933536835779,NO
1228.1363346854669,997.0758659125805,NO
1228.6931220407575,995.9572777720746,NO
1229.5874823173788,993.8140837917024,NO
1230.7803643746358,992.5746297474291,NO
1231.879886144952,991.8898453402111,NO
1232.9079062406554,989.9539531203277,NO
1233.6216591348903,987.947121651146,NO
1234.93150009536,985.9363681088877,NO
1235.8993181676892,984.9157757794077,NO
1236.860503048548,983.8753504927355,NO
1237.3869982903564,982.7265805236852,NO
1237.931124069016,981.9611070202207,NO
1238.8977743018854,980.9081744384603,NO
1239.8642096099027,979.8786625439429,NO
1240.857408578106,978.8588919765713,NO
1241.8989334664893,976.9493674528752,NO
1242.9092563452343,974.9546281726172,NO
1243.8563718752114,973.8689550620575,NO
1244.8761929156735,971.9381572067698,NO
1245.3818701574937,970.7231293518905,NO
1245.927913487961,969.9602609383272,NO
1246.898091778343,968.9009809286514,NO
1247.886831652314,967.8967338757736,NO
1248.8592964955565,966.8712712614083,NO
1249.8598651590723,965.8587617308326,NO
1250.720112202033,964.7938639372796,NO
1251.4828265515437,963.5203709121407,NO
1251.9942359501406,962.9955153377681,NO
1252.9112832930773,961.9372296893146,NO
1253.6536626132158,959.9609138374856,NO
1253.9443844922175,958.9756476474264,NO
1254.9318574882404,956.9659959451279,NO
1255.6290184818947,954.9500251041502,NO
1256.865206708435,952.8878882637804,NO
1257.4412025055483,951.7375892813474,NO
1257.933623095711,950.9666477372162,NO
1258.8669982575295,949.8839494636114,NO
1259.8639759953778,948.8650414515612,NO
1260.8569946454531,947.8588542699136,NO
1261.5072896106353,945.9971017036837,NO
1261.6204460854788,944.9474807616065,NO
1262.9438597778517,942.9438597778517,NO
1263.7374000223865,941.0131563118491,NO
1263.687339302615,940.0331562877029,NO
1266.0,937.5901960784314,NO
1266.9814761594407,937.5705836993302,NO
1267.9787061222278,937.5278314137269,NO
1269.954082463494,936.9078033726456,NO
1271.9922052229927,935.9836901892866,NO
1272.7745050517588,935.627084703304,NO
1273.6253943348765,933.9691501234089,NO
1273.688900219267,932.9859700096565,NO
1273.9521335905886,931.980051732659,NO
1274.958533199104,929.9759475305822,NO
1275.718495399243,928.8485287355894,NO
1276.9722078584614,926.976238780319,NO
1277.946343009857,925.9514277116484,NO
1278.9177189890854,924.9256146425162,NO
1279.5620810373375,923.8149792394086,NO
1281.9895708372642,922.5567605977634,NO
1283.0,922.5431372549019,NO
1284.8693183970254,921.872405361796,NO
1285.9096178077264,919.9569355455769,NO
1286.5792235384502,917.9626629072609,NO
1287.875548017193,915.8917267747614,NO
1288.9094217571947,913.9543542716278,NO
1289.9089124936063,911.954769723627,NO
1290.9380113155319,909.9623874143035,NO
1291.9760950417174,908.9568999838236,NO
1293.9297911001506,907.9173540979522,NO
1294.9215216515863,906.932801121207,NO
1295.8666658065838,905.8893406069369,NO
1296.643697225426,903.9601758524118,NO
1297.8727967413793,901.89123652097,NO
1298.8546812992777,900.8613711537677,NO
1299.5224205349837,898.9669478607958,NO
1299.9827860504374,897.9817326240726,NO
1301.90243243407,896.8895355704933,NO
1302.9653162307416,895.934733345389,NO
1303.7559466672692,895.4255359988427,NO
1304.880802445339,894.8808024453391,NO
1305.8885120473221,893.8848517104548,NO
1306.8977024341395,892.8946279139758,NO
1307.8973985749942,891.8976743901057,NO
1308.8976970890776,890.8974213351504,NO
1309.9596852588704,889.921961022438,NO
1311.0875125614791,889.0818665863146,NO
1311.9659640756377,887.9659640756378,NO
1313.063747095848,887.0618595616148,NO
1313.5450980392156,886.0,NO
1313.5441220414468,885.0008938783035,NO
1313.543137254902,884.0,NO
1313.5560320712325,882.9895536954629,NO
1313.5948089602837,881.9758814850111,NO
1314.8986300805695,879.8986300805694,NO
1315.9058722921245,878.8998418231938,NO
1316.9251154010044,877.9201847303161,NO
1317.9202998296666,876.9297109211059,NO
1318.9027548311408,875.8931371743333,NO
1320.8494313845194,874.6844868873612,NO
1321.9422179432681,873.9321903320406,NO
1323.7844129702107,872.6105682998616,NO
1324.9513934886616,871.9028824762522,NO
1326.626149327173,870.7723751484252,NO
1326.983358761939,869.9920468273916,NO
1327.260031165731,869.0762689848259,NO
1327.5109013100753,867.99520491476,NO
1327.5156862736042,867.0,NO
1326.9027613122173,865.0813290637658,NO
1325.9237890185127,864.0764166825202,NO
1328.0374979281114,860.9210356789393,NO
1329.0059923721199,861.0582894389651,NO
1329.863036336931,860.8623183101976,NO
1330.879830341685,859.8826249872301,NO
1331.859810312879,858.8679939682925,NO
1332.904991002482,856.9525888274367,NO
1333.9086969369203,854.9527115588915,NO
1334.5429402612417,853.7637087430547,NO
1334.7921749817453,852.9671640540711,NO
1334.7868306798525,852.0380360957711,NO
1334.1063932689658,849.9683752295364,NO
1333.93650159058,849.0072213879004,NO
1333.8602261258413,848.0032887971432,NO
1333.9003422639685,846.9911002414477,NO
1334.9462384084097,844.9567749157928,NO
1335.9606911215308,842.9832869084704,NO
1336.1581457162724,841.9982374843141,NO
1335.9526632952227,841.0205749202948,NO
1335.6991626522172,840.0319024736345,NO
1335.6173013720238,839.0041721356272,NO
1336.6372477006853,836.8242989418567,NO
1337.8100252543218,834.9021342225022,NO
1338.0750586867907,834.0258593114596,NO
1338.7741509622674,831.9353451797946,NO
1339.0266612915852,831.0122851042428,NO
1339.280054935999,829.9934104718855,NO
1339.0976455840466,828.9712807105745,NO
1338.9410148404822,828.0053202300742,NO
1338.9024151616645,826.9977038860841,NO
1339.0630378065728,826.0201052864414,NO
1339.8934186118142,823.9467616026368,NO
1340.5873929973295,821.9498399328751,NO
1340.7229463171004,820.9619730246511,NO
1341.8856575922625,818.9050793959123,NO
1342.5042590785376,816.9961118361364,NO
1342.54940819031,815.9690770333282,NO
1342.6103198239157,814.9763135570917,NO
1342.637254901961,814.0,NO
1342.656084904254,812.9885361642442,NO
1342.7307594973745,811.9762434845886,NO
1343.6614491795187,809.830524256753,NO
1343.9965215904538,808.9982590850083,NO
1344.69270852222,806.9367341080659,NO
1344.985274278211,805.9929258790635,NO
1345.2601796377044,805.0749929503148,NO
1345.5009869933317,803.9990215431752,NO
1345.5029497424885,802.9990253917027,NO
1345.5059051292778,801.9980623731128,NO
1345.508824405527,800.9990369106494,NO
1345.5078582186352,800.0019299677134,NO
1345.5039482076704,799.0019453010893,NO
1344.943258225368,797.0234755187323,NO
1344.6739519516475,796.0166220579965,NO
1344.625627294602,795.0124790893427,NO
1344.916072420321,793.9604209926497,NO
1345.9198746338702,791.9579738692017,NO
1346.8844575623966,790.8896539159647,NO
1347.6178706527485,788.9932565406126,NO
1348.8653017395786,786.8761181549891,NO
1349.8626127447674,785.8640420035604,NO
1350.8553404759505,784.8568453891711,NO
1351.125729456767,784.0623716693119,NO
1351.5000000004902,783.0,NO
1351.5009869933317,781.9990215431752,NO
1351.5029440140804,780.9990253804706,NO
1351.5029440140804,780.0009746195294,NO
1351.5009869933317,779.0009784568248,NO
1351.5000000004902,778.0,NO
1351.5000000004902,777.0,NO
1351.5009869933317,775.9990215431752,NO
1351.5033520581112,774.9990261805569,NO
1351.8759998960932,773.9382430847928,NO
1352.125956918803,773.0627314857745,NO
1352.5000000004902,772.0,NO
1352.5000000004902,771.0,NO
1352.5000000004902,770.0,NO
1352.5000000004902,769.0,NO
1352.5000000004902,768.0,NO
1352.5009869933317,766.9990215431752,NO
1352.5029949110672,765.9990254802686,NO
1352.5424868911098,764.9766758014084,NO
1352.9017558054402,763.9509261086044,NO
1353.5212563340344,761.9849805914524,NO
1353.5520656771039,760.9859471590407,NO
1353.565995635785,759.9995740879625,NO
1353.895801396721,758.9511280876651,NO
1354.8896400098104,756.944874155697,NO
1355.5271116652414,754.9851642881107,NO
1355.8919609729967,753.9460334984535,NO
1356.5234774110204,751.9850502722963,NO
1356.5647941276222,750.9786663781684,NO
1356.599728977917,749.9921515483819,NO
1356.9081603934362,748.9589422918078,NO
1357.1527410744354,748.0682842479162,NO
1357.5000000004902,747.0,NO
1357.5000000004902,746.0,NO
1357.501994890212,744.9980470388424,NO
1357.5095257657947,743.996153143485,NO
1357.879039569732,742.9399941417827,NO
1358.8771367587453,740.9382063053743,NO
1359.552910711455,738.9868503154838,NO
1359.5666666666666,738.0,NO
1359.5666666666666,737.0,NO
1359.5666666666666,736.0,NO
1359.5666666666666,735.0,NO
1359.580379290353,733.9917721427335,NO
1359.9056759876437,732.9559821257058,NO
1360.558641152726,730.9697106679903,NO
1360.9096790190197,729.955370810705,NO
1361.16110066311,729.0694944023616,NO
1361.5000000004902,728.0,NO
1361.5000000004902,727.0,NO
1361.5019911250345,725.998047024077,NO
1361.5069107736806,724.9970994752312,NO
1361.5107908305517,723.9990407663845,NO
1361.5128255781867,722.9990447560855,NO
1361.5758943372816,721.9659052324909,NO
1362.9075918287238,719.9075918287236,NO
1363.8969015353716,718.9016416975935,NO
1364.1548029862372,718.0674864290627,NO
1364.1213568427113,716.9409087390657,NO
1363.9008993252062,716.049161705425,NO
1363.5431875634035,715.0214970563409,NO
1363.5078431367947,714.0,NO
1363.5078431367947,713.0,NO
1363.5098303839757,711.998077766268,NO
1363.513747845855,710.9980931288632,NO
1363.516771786508,709.9990524937484,NO
1363.6026251129856,708.957145844759,NO
1363.935576771002,707.9678519186141,NO
1364.8842756536308,705.9429912499171,NO
1365.5274588606073,703.9935141412051,NO
1365.8855426223654,702.9441178653066,NO
1366.5138927951239,700.9942810918618,NO
1366.5196078422389,700.0,NO
1366.5176683233585,699.0018914967156,NO
1366.554425241248,697.9729160431237,NO
1366.6904304293325,696.939971785906,NO
1368.8483986274491,694.7182535973393,NO
1369.9104510617153,693.9226672399825,NO
1370.7133253943682,691.9347955786586,NO
1370.7700407228692,691.0094689107859,NO
1370.6850896705587,690.0697742472969,NO
1370.5268469424514,689.0055665064091,NO
1370.532261535504,687.9899115235198,NO
1370.6435116858843,686.952771421865,NO
1371.8448147938198,684.8715452617945,NO
1372.027579746297,684.0007043943059,NO
1371.8491343342725,683.1461997127847,NO
1370.878886391725,682.1040013291665,NO
1369.7051146547994,680.0280705381948,NO
1370.7556054933073,677.5987234239445,NO
1371.9475890916551,676.8956910088813,NO
1373.0511424235783,676.0481531588805,NO
1373.5000000004902,675.0,NO
1373.5000000004902,674.0,NO
1373.5009869933317,672.9990215431752,NO
1373.5029478330264,671.9990253879587,NO
1373.5049104882326,670.999029236302,NO
1373.5078923469289,669.9980701661231,NO
1373.5164940130685,668.9924155918709,NO
1372.9123465310922,667.0446963126232,NO
1372.5584622192575,666.0298980457139,NO
1372.505135442056,665.0029109678957,NO
1372.5030189113618,663.9990255273281,NO
1372.5628251739688,662.9661071547664,NO
1373.8610820532274,660.8745759512826,NO
1374.5068655361506,658.9990330697292,NO
1374.5068655361506,658.0009669302708,NO
1373.8547446870773,656.1441205014074,NO
1372.733203097019,655.5643780496871,NO
1371.9659008662863,655.0682655234285,NO
1370.8154287755947,654.2722951852332,NO
1370.9215839911928,650.7345712451815,NO
1372.9041806367813,649.8733087552995,NO
1373.9346347772635,648.9374803795341,NO
1374.259761890072,648.0814024265203,NO
1374.5490823756068,646.9867377173745,NO
1374.5657670265,645.9974456884721,NO
1374.5780285840044,644.9925534452486,NO
1374.6053206127333,643.9876179020547,NO
1374.7521905550038,642.9548112219006,NO
1375.0107287514518,642.0046280887727,NO
1375.278113262925,641.0750551009613,NO
1375.501960783848,640.0,NO
1375.22672648354,638.9232378458622,NO
1374.9847815446976,638.0058785013714,NO
1374.7398693170728,637.030603608723,NO
1373.949040076827,635.0243039630487,NO
1373.6550031421891,634.0270116452683,NO
1373.5856236016718,633.0268125915356,NO
1373.5282910772178,632.0212731478498,NO
1373.501028549848,631.0009783753414,NO
1373.5009869884032,629.9990215431656,NO
1373.502945923557,628.9990253842146,NO
1373.5039215681636,628.0,NO
1373.502945923557,627.0009746157854,NO
1373.5009869933317,626.0009784568248,NO
1373.5000000004902,625.0,NO
1373.5000000004902,624.0,NO
1373.2250486716853,622.9236599606669,NO
1372.9816180371922,622.0071365263292,NO
1372.730003777526,621.0407641342895,NO
1372.5860714518024,620.0462626025551,NO
1371.9401618684692,618.025929855701,NO
1370.9410911440364,616.0321539163508,NO
1370.5963501722188,615.0452024374314,NO
1370.5072152754815,614.0028987335819,NO
1370.5039215681636,613.0,NO
1370.5049703457098,611.9990293536697,NO
1370.5565977844471,610.9699757069758,NO
1370.9160603101375,609.9553727677343,NO
1371.9178447763886,607.9589645192859,NO
1372.5901960784313,606.0,NO
1372.5789943872157,605.0099060147322,NO
1372.555776190537,604.0104523252596,NO
1372.543137254902,603.0,NO
1372.543137254902,602.0,NO
1372.555776190537,600.9895476747404,NO
1372.5789943840673,599.9900939851937,NO
1372.5901960784313,599.0,NO
1372.5901960784313,598.0,NO
1372.5901960784313,597.0,NO
1372.5901960784313,596.0,NO
1372.5901960784313,595.0,NO
1372.5901960784313,594.0,NO
1372.5901960784313,593.0,NO
1372.5789943872157,592.0099060147322,NO
1372.5557931976264,591.0104519250928,NO
1372.5557931959643,589.9895480748681,NO
1372.579247138015,588.9900999323456,NO
1372.6059231198942,587.9903317740784,NO
1372.9221386157894,586.9618909616457,NO
1373.5901960784313,585.0,NO
1373.5721938397087,584.0167767122933,NO
1373.5338950621945,583.0182786251482,NO
1373.5108267703176,582.0009591631455,NO
1373.5191530679035,580.9915144655037,NO
1373.5366138997044,579.9918225978441,NO
1373.5441055108377,579.0008939107164,NO
1373.543137254902,578.0,NO
1373.543137254902,577.0,NO
1373.555776190537,575.9895476747404,NO
1373.5789943840673,574.9900939851937,NO
1373.5901960784313,574.0,NO
1373.6027570849433,572.990653107585,NO
1373.625974996703,571.9911994114084,NO
1373.637254901961,571.0,NO
1373.6486444377315,569.9924217429286,NO
1373.6725662451438,568.9926094437986,NO
1373.9371419720421,567.9741027397922,NO
1374.5073849324986,565.9966159905933,NO
1374.8870684322387,564.9390329095294,NO
1375.5491366975314,563.0161986816768,NO
1375.5432615662717,562.0040659206664,NO
1375.5819510753395,560.9786877010729,NO
1376.7245917568678,558.5512320969596,NO
1377.0694958942343,558.0566201707807,NO
1377.5577484350251,556.9627121222139,NO
1377.6469547158408,555.9653877169802,NO
1377.7063792778415,554.9890611890055,NO
1377.7576168191465,553.9871679493872,NO
1377.9854851025739,552.994487472729,NO
1378.8808551660452,550.9403105438532,NO
1379.901605602961,548.951044200264,NO
1380.595454329562,546.9547860720205,NO
1380.6717295137828,545.9774716337795,NO
1380.681530081519,545.0143623691102,NO
1380.6390462886561,544.0162783048985,NO
1380.6285423940385,542.991988169446,NO
1381.5727337139783,540.7918986747499,NO
1381.964900609217,539.9825879499422,NO
1382.2369780678926,539.0752753880154,NO
1382.5000000004902,538.0,NO
1382.5000000004902,537.0,NO
1382.1713515693516,535.9287715013818,NO
1381.92614651457,535.0327272306095,NO
1381.6287748530337,534.0152857403361,NO
1381.6,533.0,NO
1381.6187698826498,531.9872923302743,NO
1381.683918699315,530.9770686103708,NO
1381.9562165846212,529.9813339856743,NO
1382.5667119187513,527.9719637112861,NO
1382.896549809755,526.9496948087773,NO
1383.087424146742,526.0061711161868,NO
1382.920873180287,525.0394082596843,NO
1382.5039343155195,524.256451701,NO
1381.7604410953766,523.4063471519365,NO
1380.50116262473,521.0009781124495,NO
1380.5022374122693,519.9980479899093,NO
1380.6151733070712,518.9467511622121,NO
1381.9404828741913,516.9361161287881,NO
1382.9568372519582,515.9563829078195,NO
1383.9170802288477,514.9357419868129,NO
1384.5871568498408,512.9490017282909,NO
1384.7109153963806,511.9597548864179,NO
1384.7959833820012,510.989599152414,NO
1385.005090096685,510.0018264463666,NO
1385.224018997319,509.0729159860135,NO
1385.2697287205765,507.926485702725,NO
1385.055155588294,506.9830207310469,NO
1384.8419689118905,506.035324596847,NO
1384.5499627242907,505.2239101706252,NO
1383.8956420536244,504.0912971924824,NO
1382.9370967298162,503.0359539792712,NO
1381.9080682693534,501.0450185820199,NO
1381.560810153807,500.024112384021,NO
1381.5159692794387,499.003796319156,NO
1381.5098381802263,498.0019222031584,NO
1381.5098458245513,496.9980778268193,NO
1381.518125428856,495.9943308875514,NO
1381.5584513374245,494.9757581123328,NO
1381.6908515042653,493.94786907632874,NO
1381.7966343522157,492.98006219124443,NO
1381.8089986014093,492.01348245154776,NO
1381.7440515273493,491.0180669508532,NO
1381.6932913858448,490.0072166735028,NO
1381.6958592911153,488.99284374779955,NO
1382.8352245846702,486.85844931087576,NO
1383.005370489965,485.99995787851253,NO
1382.8332618870804,485.1391483549972,NO
1381.6118952671577,483.0525082878652,NO
1381.5011123246218,482.00097821107715,NO
1381.5000000004902,481.0,NO
1381.87495259369,479.937476296845,NO
1382.12504740631,479.062523703155,NO
1382.5000000004902,478.0,NO
1382.1747095065414,476.9284033571201,NO
1381.9264766548963,476.03344591420034,NO
1381.61685564529,475.02629421986023,NO
1381.55628165055,474.0104404320825,NO
1381.5557938741724,472.98954809082596,NO
1381.5789946548653,471.9900939915654,NO
1381.5901960784313,471.0,NO
1381.5901960784313,470.0,NO
1381.5789946548653,469.0099060084346,NO
1381.5557768352717,468.01045231008936,NO
1381.543137254902,467.0,NO
1381.543137254902,466.0,NO
1381.543137254902,465.0,NO
1381.543137254902,464.0,NO
1381.543137254902,463.0,NO
1381.543137254902,462.0,NO
1381.5557768352717,460.98954768991064,NO
1381.5792477388466,459.9900999464828,NO
1381.6027314335877,458.9906525040236,NO
1381.6259752199828,457.991199416662,NO
1381.6366958257888,456.9996434698961,NO
1381.920990099901,455.9657390696415,NO
1382.1326071189808,455.057428280857,NO
1382.132091236697,453.9427951327343,NO
1381.9161157321523,453.0383541625489,NO
1381.6059512899708,452.00966753480094,NO
1381.5901960784313,451.0,NO
1381.6027577009418,449.99065312207904,NO
1381.6291642752408,448.99090196926596,NO
1381.9197540251425,447.9652030726187,NO
1382.5039215681636,446.0,NO
1382.5039215681636,445.0,NO
1382.5039215681636,444.0,NO
1382.5039215681636,443.0,NO
1382.5039215681636,442.0,NO
1382.5039215681636,441.0,NO
1382.5039215681636,440.0,NO
1382.5039215681636,439.0,NO
1381.9197540251425,437.0347969273813,NO
1381.6291642752408,436.00909803073404,NO
1381.6027577009418,435.00934687792096,NO
1381.5901960784313,434.0,NO
1381.604549223756,432.99107422144675,NO
1381.9150768828245,431.96117084736056,NO
1382.5039215681636,430.0,NO
1382.5039215681636,429.0,NO
1381.9162338600759,427.03822498221643,NO
1381.60648810661,426.00925910366715,NO
1381.5901960784313,425.0,NO
1381.5901960784313,424.0,NO
1381.5901960784313,423.0,NO
1381.5901960784313,422.0,NO
1381.616447128647,420.98270251728036,NO
1381.6911269801444,419.97214086487577,NO
1381.8149834718804,418.9743990859393,NO
1382.7057320998144,416.86824823297815,NO
1383.7419952667728,414.8824099419635,NO
1384.0293060829713,414.01308564055176,NO
1384.3166832528989,413.07169010882535,NO
1384.5078621041077,411.9980700475237,NO
1384.5098039211102,411.0,NO
1384.5078621041077,410.0019299524763,NO
1384.5039483123005,409.001945300679,NO
1384.500988907023,408.00097845307243,NO
1384.5000000004902,407.0,NO
1384.5000000004902,406.0,NO
1384.5000000004902,405.0,NO
1384.5000000004902,404.0,NO
1384.5000000004902,403.0,NO
1384.5000000004902,402.0,NO
1384.5009965019126,400.99902156181946,NO
1384.5081141360552,399.9942131076393,NO
1384.523052716652,398.99158328283784,NO
1384.5394500729349,397.99277568695095,NO
1384.5441101259764,397.0026817050564,NO
1384.5292635601338,396.0119991641913,NO
1383.8555452611888,394.14295195599993,NO
1381.9543318693147,393.088858146329,NO
1380.8833854506001,392.1080961053853,NO
1379.6069803909277,390.0477788545635,NO
1379.5055927625679,389.0048471298239,NO
1379.5000000004902,388.0,NO
1379.6324161472046,386.94006000198743,NO
1381.9774970247997,384.95490545794667,NO
1382.7511904371568,384.54235746839606,NO
1383.5788859743707,383.75787315706543,NO
1383.9656441733982,382.9829568160808,NO
1384.2386128489197,382.0756348863166,NO
1384.5049616735826,380.9970880099368,NO
1384.5108207092535,379.99712247485144,NO
1384.5127440133324,379.0009554038456,NO
1384.3181803655427,377.92768628011646,NO
1384.0148695879661,376.9926382390215,NO
1383.698317767046,376.2072357931695,NO
1382.8653962275712,375.1297656389299,NO
1381.8825264911077,374.08267623445954,NO
1380.7134508682543,372.1296674812653,NO
1379.6962279998324,370.182111127493,NO
1378.5563101916757,368.03091459911064,NO
1378.5021122113208,367.0019525010748,NO
1378.5010154789015,365.9990215990293,NO
1378.525172690186,364.98510345752305,NO
1379.1493696334787,363.0813182635753,NO
1379.5926169269935,362.0071891133923,NO
1379.55274913516,361.03770938739086,NO
1378.909700926718,359.04461836431506,NO
1378.5589343323838,358.0294043765237,NO
1377.85730046477,356.1305548944243,NO
1376.5570712400981,354.0295285826705,NO
1376.5040691178256,353.0019448269319,NO
1376.501960783848,352.0,NO
1376.502945934459,350.99902538423606,NO
1376.5039215681636,350.0,NO
1376.5039215681636,349.0,NO
1376.504936941276,347.9990292881708,NO
1376.5231831535064,346.98504104068843,NO
1376.5529107328375,345.98685031611274,NO
1376.5666666666666,345.0,NO
1376.5520653697602,344.0140528506014,NO
1375.909934367337,342.0448118511666,NO
1375.557073398304,341.0295284387901,NO
1375.5049703457098,340.00097064633036,NO
1375.5039215681636,339.0,NO
1375.5039215681636,338.0,NO
1375.5039215681636,337.0,NO
1375.5039215681636,336.0,NO
1375.5039215681636,335.0,NO
1375.5039215681636,334.0,NO
1375.5039215681636,333.0,NO
1375.502945923557,332.0009746157853,NO
1375.5009869933317,331.0009784568248,NO
1374.9159727054937,329.03822418142954,NO
1374.60648810661,328.00925910366715,NO
1374.5901960784313,327.0,NO
1374.5721930255843,326.01677674421984,NO
1374.5331374667562,325.0192237500992,NO
1374.5088676830353,324.00096300449286,NO
1374.5078431367947,323.0,NO
1374.5078431367947,322.0,NO
1374.5088676830353,320.99903699550714,NO
1374.5331374650052,319.9807762498287,NO
1374.5721930255843,318.98322325578016,NO
1374.5901960784313,318.0,NO
1374.5901960784313,317.0,NO
1374.5721930255843,316.01677674421984,NO
1374.5331374667562,315.0192237500992,NO
1374.5088676588525,314.00096300454027,NO
1374.5068693461058,313.00096692280033,NO
1374.5049085963608,312.00097076740747,NO
1374.5039215681636,311.0,NO
1373.920990099901,309.0342609303585,NO
1373.636697325359,308.00035652863227,NO
1373.637254901961,307.0,NO
1373.6259752199828,306.008800583338,NO
1373.6027577009418,305.00934687792096,NO
1373.5901960784313,304.0,NO
1373.5901960784313,303.0,NO
1373.5901960784313,302.0,NO
1372.9070818812065,300.0872292591835,NO
1371.9130594187338,299.0928388567314,NO
1370.5858551636009,297.0097445846945,NO
1370.90261223841,295.9535975979907,NO
1371.8866998200638,293.9431831269927,NO
1372.5176470579215,292.0,NO
1372.5110130452017,291.0067115856737,NO
1372.5039215681636,290.0,NO
1372.5039215681636,289.0,NO
1372.502945934459,288.00097461576394,NO
1372.501960783848,287.0,NO
1372.502945934459,285.99902538423606,NO
1372.5039215681636,285.0,NO
1372.519657670562,283.9858722849022,NO
1372.5333333333333,283.0,NO
1371.8625361517816,281.13080106606196,NO
1370.878063706751,280.1148181904356,NO
1369.9115771088739,279.0466872879688,NO
1368.8941305446488,277.05184382721404,NO
1368.540536311989,276.01081091064856,NO
1368.5361875507579,274.99181507403887,NO
1368.8906347213992,273.9466040079211,NO
1369.502724494865,271.9990249500408,NO
1368.8595353393769,270.13648241551124,NO
1367.8711290899305,269.11728700827416,NO
1366.5926343302983,267.02476144353864,NO
1366.6665027554109,265.9488943323248,NO
1367.9643159058835,263.9444047841498,NO
1368.7369897584917,263.4267725471851,NO
1369.4061864247037,262.6879962455274,NO
1369.6496471971116,262.00068696624436,NO
1369.3834723805073,261.3214923101198,NO
1369.1334062839687,260.9183717683089,NO
1368.8596929139985,260.1381233180804,NO
1367.865599526442,259.1330022866715,NO
1366.8674017108883,258.13294540399704,NO
1365.5084881532216,256.00578249215886,NO
1365.5000000004902,255.0,NO
1365.5010680303935,253.9990217020714,NO
1365.5535438506051,252.9614822157142,NO
1365.59004899063,251.99839234903,NO
1365.5576820829287,251.0372934721786,NO
1365.5051854778737,250.00291067356738,NO
1365.5009908911277,249.00097844918204,NO
1365.5000000004902,248.0,NO
1365.1622641450574,246.93032186916562,NO
1364.908966007927,246.04480300191412,NO
1363.9352564653016,244.03262666295095,NO
1362.9099239598797,242.07223078721356,NO
1361.9409821163686,241.06589375725488,NO
1360.9015875594794,240.11767013291967,NO
1359.8791926651977,239.10935925935024,NO
1358.600149443477,237.0462572212801,NO
1358.5044349676489,236.0038867843412,NO
1357.9336100077692,234.03228376135928,NO
1357.604515642399,233.04187481346273,NO
1357.5156281961251,232.0066482404648,NO
1356.907788619341,230.04140471656447,NO
1356.6019607843136,229.0,NO
1356.5799148496494,228.02059240994535,NO
1355.8985940552845,226.0506532150844,NO
1354.8562117867223,224.1357492239487,NO
1353.538164909725,222.01992229816042,NO
1352.90162773513,220.0493309409014,NO
1352.5402554660307,219.02433941624196,NO
1352.5000000004902,218.0,NO
1352.5000000004902,217.0,NO
1352.5000000004902,216.0,NO
1352.5000000004902,215.0,NO
1352.5000000004902,214.0,NO
1352.5000000004902,213.0,NO
1352.1248018784624,211.93784376961744,NO
1351.8550603737733,211.13505738086252,NO
1350.9011179125648,210.04919844844443,NO
1349.9182441459898,208.03678210222785,NO
1349.6165088801872,207.00601554736687,NO
1349.5849225998472,206.01953305458014,NO
1349.5374699808656,205.0235799626529,NO
1349.5059994481153,204.0019372570094,NO
1349.5039215681636,203.0,NO
1349.502945906648,202.00097461581848,NO
1348.875798693405,200.06185712203734,NO
1347.9097996340288,198.04487888726874,NO
1347.557068479815,197.02952876668937,NO
1346.91452282283,195.03908248389737,NO
1346.596187104168,194.0265509940839,NO
1346.5309557281107,193.02023328246767,NO
1346.5049485012526,192.0009706891626,NO
1346.5039215681636,191.0,NO
1346.5039215681636,190.0,NO
1346.5039215681636,189.0,NO
1346.5039215681636,188.0,NO
1346.5039215681636,187.0,NO
1345.9161147037803,185.03835463274845,NO
1345.6059485289113,184.0096676025404,NO
1345.5901960784313,183.0,NO
1345.5901960784313,182.0,NO
1345.5901960784313,181.0,NO
1345.5901960784313,180.0,NO
1345.5798835343778,179.00906133534886,NO
1345.5585743838049,178.00952094446953,NO
1345.5470588235294,177.0,NO
1344.9181529235113,175.03959269305832,NO
1344.6002275547853,174.01427758647753,NO
1344.5901960784313,173.0,NO
1344.5901960784313,172.0,NO
1344.579883454875,171.00906133706363,NO
1343.9203666093497,169.03657956553903,NO
1343.6146696989617,168.02905268010218,NO
1342.883491795322,166.09998838563607,NO
1341.907787943857,165.08826187120644,NO
1340.6644883565618,163.02241204407335,NO
1340.6145317033552,162.02040714489655,NO
1340.568837581603,161.01521749615557,NO
1339.9199949446854,159.0354172586163,NO
1339.6194868450486,158.02387533539087,NO
1339.550052761852,157.02734973504496,NO
1339.511899301874,156.00191412032865,NO
1338.8920158863493,154.10574899080143,NO
1337.8832038288454,153.1320870325042,NO
1336.8617650195959,152.14042051373755,NO
1335.723400803135,151.60979361718356,NO
1334.3898755713774,150.2802408808116,NO
1333.85697710944,149.14377268256027,NO
1332.8607387345567,148.12411294048067,NO
1331.917895526954,147.0411328899514,NO
1331.3783030818786,146.26484128331938,NO
1330.8616143731479,145.1376639290014,NO
1329.747956434,144.50866976566917,NO
1328.972470585698,144.0547349520032,NO
1327.815469404603,143.42513401510269,NO
1325.6149750476209,141.05446325515246,NO
1325.5011169388881,140.0009782020296,NO
1325.0477115114702,138.95376220451536,NO
1323.942128165622,138.11574366875604,NO
1321.9990256331632,137.49692711265715,NO
1320.9477342547916,137.38631202626502,NO
1319.9722120384592,137.0556305159913,NO
1317.9542399532081,136.0910723447683,NO
1316.778173509446,135.45974402928263,NO
1315.977954972872,135.04461493716076,NO
1313.9701953802455,134.43429589711667,NO
1312.9648463818182,134.34740046692843,NO
1311.9762569613295,134.04803591578155,NO
1309.9750970873786,133.056872867889,NO
1307.946517397018,132.34526744303562,NO
1306.9812489769386,132.03935400075028,NO
1306.0752348236263,131.77692000020258,NO
1305.0,131.5000000004902,NO
1304.0,131.5000000004902,NO
1302.997076541552,131.496987951908,NO
1301.9952050971317,131.48908008801172,NO
1300.9981084917347,131.48233462179925,NO
1300.0,131.48039215776106,NO
1298.9962665693922,131.47601243020938,NO
1297.9588420915088,131.39196176892702,NO
1295.8930396093797,130.11066341478391,NO
1294.0071905408731,129.3333796290727,NO
1293.0332923955339,129.37731380852392,NO
1292.0312622800652,129.45553609067082,NO
1291.0009783315984,129.49894914118434,NO
1290.0,129.5000000004902,NO
1289.0,129.5000000004902,NO
1288.0,129.5000000004902,NO
1286.999021543175,129.4990130066684,NO
1285.9990255912862,129.49694846990386,NO
1284.9530382679513,129.42018391733515,NO
1283.9590236770246,129.2985417874521,NO
1282.9849845530164,129.20696966427528,NO
1281.9889673548123,129.11971593241609,NO
1281.0195055352674,128.9380805588963,NO
1280.077557684724,128.71449779749534,NO
1278.9860030371594,128.47589675254355,NO
1277.9374654505464,128.3429314233523,NO
1276.993092258164,128.27099602501448,NO
1276.0449853399991,128.31428113014601,NO
1275.0222477517045,128.42023531450155,NO
1273.0182456682087,129.04202282807026,NO
1272.0453727994081,129.32591727453453,NO
1270.0083122031135,130.02303925986746,NO
1269.0316059067084,130.25998407061854,NO
1268.0498119751367,130.38491074115123,NO
1267.0046739391244,130.47674178624837,NO
1266.0028542593855,130.48522411088496,NO
1265.0019222185856,130.49016575370283,NO
1263.9990369219452,130.49116983355327,NO
1262.999040751641,130.4892166886242,NO
1262.0028890585982,130.49113997724623,NO
1261.002923525508,130.49699935212735,NO
1259.024648297313,131.0571392357758,NO
1256.9955568016103,131.98919370286222,NO
1256.0405797777705,132.2325357981673,NO
1255.0525375340942,132.39403149682096,NO
1253.923314017769,132.72480066120195,NO
1253.004243793297,133.0086059391938,NO
1252.068683494657,133.30197053112587,NO
1250.0142286903235,134.03472072663106,NO
1249.0135576872206,134.2881008467208,NO
1247.9933490656288,134.3083615089385,NO
1247.0,134.2980392156863,NO
1246.0143922587974,134.3191326897983,NO
1245.0163748048292,134.36309349237985,NO
1244.0183928091762,134.4078405445528,NO
1242.030567433309,135.06660056711996,NO
1241.0204259212524,135.36157464804927,NO
1239.0297383009672,136.06235450282517,NO
1238.0123453606218,136.35589910257477,NO
1237.0081279932908,136.3768433329649,NO
1235.0293966500801,137.0619043939744,NO
1234.0115574181384,137.3533768161601,NO
1233.0087960515805,137.373832180333,NO
1231.0105082660339,138.02445240904757,NO
1230.0222101116087,138.27666669668238,NO
1229.023158607962,138.34737913499274,NO
1228.0191154328293,138.40620293815178,NO
1227.0104462600507,138.4439660380924,NO
1226.0,138.45686274509805,NO
1224.0303166027613,139.06634697487547,NO
1223.0203127591972,139.3595714811069,NO
1222.0093426558997,139.39706286315567,NO
1220.030214872864,140.06465333134193,NO
1219.0320086138552,140.36648064827722,NO
1217.0354658613217,141.0815233338836,NO
1216.0250747670398,141.3813610239485,NO
1214.0301692940068,142.06934841948564,NO
1213.0311023388433,142.3642905967416,NO
1212.0282334849774,142.44997116346596,NO
1211.0,142.48823529457414,NO
1209.92247644059,142.77413164188886,NO
1209.01810840661,143.03797164757438,NO
1208.0550202276493,143.3421989991391,NO
1206.0061709197362,144.0160004259444,NO
1205.0428265111436,144.26636002568657,NO
1203.015055158136,145.03661385576586,NO
1201.0108686782833,146.02173735656635,NO
1200.0284374332575,146.2984433802671,NO
1199.0075695779128,146.3509531649139,NO
1198.0087953924433,146.3738041669957,NO
1197.0093474370517,146.39726606211252,NO
1196.0090563203414,146.41988395163156,NO
1195.009520927793,146.44142484300684,NO
1193.0257005969406,147.05594997223088,NO
1192.2365218420005,147.49163211382512,NO
1191.0567144434442,148.10287979227553,NO
1189.0214325513284,149.0434190260313,NO
1187.003632543544,150.00733744878042,NO
1186.1588502465033,150.34592261836553,NO
1184.1451510160146,151.33922033455744,NO
1182.0102319323348,152.2174285570481,NO
1181.0039423719618,152.26519022410668,NO
1180.0141296043919,152.30655099804716,NO
1178.0237481633912,153.04804628390082,NO
1176.0141311012285,154.03004028764212,NO
1173.9980461972718,154.9954254716312,NO
1173.0160554033507,155.2274515494499,NO
1170.989986087022,155.9776612718911,NO
1170.025564321783,156.2141817490696,NO
1169.0284892486743,156.30913864362313,NO
1167.0348586949262,157.0697889686346,NO
1165.0919297493163,158.09825229405385,NO
1163.0425462107473,159.40103743588475,NO
1161.980215049822,159.4586511143431,NO
1161.0026014385637,159.44224456984614,NO
1159.0361866666026,160.07244442641652,NO
1158.0431614708157,160.41532735692218,NO
1156.0065658258802,161.01744047546305,NO
1155.0403180526703,161.2636180284362,NO
1154.050683152855,161.41029218801893,NO
1153.0019521071813,161.49778734583165,NO
1151.0174320617346,162.04379483238046,NO
1150.0381134671231,162.3085375896736,NO
1149.0440527854105,162.43205616572283,NO
1147.0410016762278,163.0820033524556,NO
1146.0372874880536,163.43219589718484,NO
1144.944020086995,163.93357907117277,NO
1144.52258500189,164.2599244707318,NO
1141.9220672880447,165.73790947825773,NO
1140.9860586943228,165.95611070536637,NO
1140.0026422348403,166.1225036178108,NO
1138.9973259577664,166.12397832425413,NO
1137.996045979712,166.0876761005859,NO
1137.020667361555,165.9301963263099,NO
1136.0768416364306,165.7180630564432,NO
1135.0,165.5000000004902,NO
1134.0,165.5000000004902,NO
1132.923516745009,165.719377981169,NO
1131.9818538773216,165.9428733188173,NO
1131.011519485457,166.12771603441416,NO
1130.043302812042,166.24538260157124,NO
1129.052771039185,166.39578278496288,NO
1127.0245845135705,167.05636719288694,NO
1126.0227435585482,167.34115339350626,NO
1125.008582627609,167.3979218335934,NO
1124.0,167.40980392156862,NO
1123.0,167.40980392156862,NO
1121.9913659838876,167.40030439153227,NO
1120.1006267785913,168.09457602230944,NO
1119.1117936326386,169.1004200830413,NO
1118.061508082121,170.11189477279603,NO
1116.1393199437096,171.14115309744165,NO
1115.1202100836786,172.13384387246933,NO
1114.0297686659978,173.06754683976553,NO
1112.0124987398738,174.02590798378935,NO
1111.036211369671,174.30338432438154,NO
1109.0767202565746,175.08711175512548,NO
1108.0554831936756,176.06090396871716,NO
1107.0406921901817,177.04342880176563,NO
1106.0342192334697,178.03542166838997,NO
1104.1543034714764,179.33681295434292,NO
1102.1719922480997,180.37542393992973,NO
1101.07362697098,181.08068708604466,NO
1100.0385690094984,182.0481118570577,NO
1098.0141631134927,183.08685572235316,NO
1097.0318289835975,183.23189688498042,NO
1095.0331744908967,184.06388914771358,NO
1094.030744168612,184.38737653030088,NO
1092.1159036825952,185.12332927036982,NO
1091.114089299966,186.10450927896227,NO
1090.1073397483692,187.1256103450934,NO
1088.059409533233,188.3223283190201,NO
1086.0125050694242,189.03130876132136,NO
1085.0199135125335,189.28210809668255,NO
1084.0367456657796,189.36745663578537,NO
1082.928289056607,189.8687302409836,NO
1082.1456102453824,190.14523006312626,NO
1081.6205064593398,191.30607191507295,NO
1079.024781710353,192.4680989783779,NO
1078.0,192.5000000004902,NO
1076.925733176476,192.7941517280864,NO
1076.0286249957394,193.05747538448284,NO
1075.2585859888845,193.51384823833018,NO
1074.1000459025402,194.13227952570588,NO
1072.1331859304703,195.29342527077353,NO
1071.0397747253962,196.04836803256984,NO
1070.029401754031,197.02948785013206,NO
1068.1639297552608,198.33844927444008,NO
1066.0165394125404,199.29277662409336,NO
1064.9858319803861,199.31390034626318,NO
1063.980348383016,199.04073480842038,NO
1062.0085550812,198.37828338681592,NO
1060.0951345283393,199.10131558175516,NO
1059.1058891822668,200.09915715388018,NO
1058.4955890847555,201.224796617996,NO
1058.0385471988716,202.02230760830682,NO
1057.0516259013098,203.05547283853141,NO
1055.9993478702886,203.99876445960243,NO
1054.0479758567103,205.05149314620348,NO
1053.0800837952588,206.05812227999215,NO
1052.3062294427511,208.0703906609192,NO
1051.248859324237,209.5032488660898,NO
1049.0248042649932,210.15241174537093,NO
1047.0252980580308,211.03495506441837,NO
1045.126828432506,212.23223695343876,NO
1043.9953683134418,212.99016278973684,NO
1042.0430104881943,214.0477609021415,NO
1040.193321263006,215.36589586399182,NO
1039.0925010109252,216.09250101092508,NO
1038.0807710474007,217.08900832383267,NO
1036.0248082888538,218.3388200557637,NO
1034.9963040324305,218.37255353766986,NO
1033.9638879384788,218.07556351450063,NO
1033.0657947463726,217.8636175134722,NO
1031.9461823132042,217.9028830731989,NO
1031.146213037041,218.1380384793514,NO
1030.0292468263444,220.0293236900501,NO
1028.0012323349865,221.0031679722285,NO
1027.0459270591048,221.25185808304124,NO
1024.9908343218567,221.97323831973534,NO
1024.0397136927845,222.1985684669399,NO
1022.0012055031915,223.0030726733839,NO
1021.0985811287396,223.32002080960356,NO
1020.0070870396162,224.00904127374133,NO
1018.9529755683496,224.9374414622401,NO
1018.2117415231343,225.30803015290795,NO
1017.0439512126294,226.0797296780324,NO
1016.2390577234584,226.53218804564483,NO
1014.0247331676022,227.15572734791465,NO
1013.1711816878441,227.41192134002696,NO
1012.0686138321051,228.07520385744075,NO
1010.9786660883344,229.9880310307336,NO
1010.010036147244,231.01209635337645,NO
1009.3174335209777,231.5644183488568,NO
1008.033559581268,232.1004813409839,NO
1005.9925325957678,232.97963981148828,NO
1005.027711914103,233.20482718932115,NO
1003.0596403843831,234.07011295684285,NO
1002.0364755139518,235.04038942969234,NO
1001.0116171679214,236.01373269666405,NO
999.0513697065693,237.1616586588258,NO
996.9682363761107,237.88398877244182,NO
996.0036433498154,238.03953421984082,NO
995.0118315631271,238.13117602597399,NO
994.0144489379994,238.21054167248408,NO
993.0127214685438,238.27033120025425,NO
991.0080088711037,239.0167772034824,NO
990.1866420218695,239.39379967874726,NO
989.8697999848565,239.890127310393,NO
989.2282272660813,241.05759005809122,NO
988.1805667306992,242.2567051376314,NO
987.1208600394883,243.11057407909627,NO
986.1206819196185,244.1181839696248,NO
985.1301211717958,245.12709509551186,NO
984.0554948178334,246.1096889814551,NO
982.0373321929842,247.0748852885991,NO
981.2565255977102,247.58165687808835,NO
980.0842939548646,248.1231779413567,NO
978.1256049614376,249.27547103171258,NO
976.1450399505862,250.30402604872285,NO
975.0365960898429,251.0464928047842,NO
974.0530128470392,252.04061863961635,NO
973.2097522880608,253.13420170159543,NO
972.07913614365,254.18799659310588,NO
970.0512899927502,255.12473627841294,NO
967.9686360007909,255.90458939663523,NO
967.0364738297919,256.12740858817284,NO
965.0109432711395,257.02195129597254,NO
964.1638269044182,257.3813748431367,NO
963.0446377016896,258.0585489938948,NO
961.1526781856169,259.3404642092973,NO
960.0145458594382,260.030921992169,NO
958.0140693439022,261.02947284860164,NO
957.1805717550803,261.4178946293095,NO
955.017046168702,262.3779802562708,NO
953.1119007605263,263.118837998566,NO
952.039997274493,264.0748166667163,NO
950.0758110568243,265.0942636023564,NO
949.0182807410981,266.0310708007877,NO
948.2567072436107,266.46991517221466,NO
947.1408447298736,267.1415831029504,NO
946.139424697809,268.139424697809,NO
945.3305208533097,269.22005958690113,NO
944.2131792241328,270.3308541406522,NO
943.08251892264,271.12290339357514,NO
941.1146003030781,272.19747242959573,NO
940.0786843925629,273.0695531149964,NO
939.3641957436125,274.18505326809947,NO
938.0681121792048,275.30236713669063,NO
936.0017693371727,276.00417028178407,NO
935.1264504847688,276.2882561465472,NO
934.0027732019673,277.00422408262233,NO
933.3103514249032,277.45253889442625,NO
932.0857827043851,278.15591950954774,NO
931.0184372166431,279.022161907117,NO
929.9391555178643,279.8699039522056,NO
928.03504498379,280.2517315605812,NO
926.0531990330383,281.0693974545047,NO
925.0189029644571,282.0215825834635,NO
924.0050101038246,283.0048741443562,NO
923.0062374792323,284.0066273217182,NO
921.9527223636238,284.91264338146647,NO
921.0805591303609,285.20289821875605,NO
920.0086954387465,286.00931389102385,NO
918.9983951187435,286.99829969331415,NO
918.5204493257911,287.5469820086336,NO
917.3425281282988,288.4813500926246,NO
915.0180241243173,289.25534176338675,NO
914.0136832713354,289.31720310586394,NO
912.0544985482419,290.0639698045008,NO
911.0329799701143,291.0360605184217,NO
910.0080053384631,292.009349050942,NO
909.4962152619271,292.5760189226088,NO
908.1966934276533,293.27508572745035,NO
907.0991254471048,294.12967165950704,NO
906.0368049582406,295.04603334077393,NO
905.0554382613426,296.04249198772845,NO
904.1003655301628,297.10356443453634,NO
903.00909231074,298.01807765274236,NO
900.9970184791852,298.9938989803768,NO
900.0687046681678,299.2780903296341,NO
898.0049821586258,300.01107388127906,NO
897.0576908339826,300.28845417429665,NO
895.1302051893541,301.1302051893541,NO
894.1334282856395,302.1334282856396,NO
892.0173767809149,303.4664293919699,NO
891.0009707008811,303.4950574751602,NO
890.00097461202,303.4970521560696,NO
889.0,303.49803921615194,NO
887.1242113672348,304.13904773110005,NO
886.3595539861382,305.20233633078857,NO
885.2210600961841,307.12501901055447,NO
884.1391203712176,308.2334493224158,NO
882.0196241560665,309.2129429616759,NO
879.9877757220751,309.9749983101681,NO
879.1614254640559,310.2899679674243,NO
878.3400414117486,311.14975060231853,NO
877.2031212972144,313.1116809948427,NO
876.3208543023372,314.3154618031961,NO
875.064910629179,315.17952121556823,NO
872.9720030798705,315.91292700942256,NO
872.0177409828597,316.1103402664386,NO
871.1305040981078,316.33993581629016,NO
870.0174147650107,317.0225973987296,NO
869.017827690469,318.0142934685535,NO
868.122637668547,319.07960690765333,NO
867.0880033072373,320.15469331681805,NO
865.0925329219035,321.1655471793565,NO
863.9929898723209,321.989763167936,NO
863.2975187579909,322.41079995506385,NO
862.085772484821,323.15524998218,NO
861.0174442800429,324.0211353891371,NO
859.9393638347348,324.87107731260625,NO
859.0246476175755,325.10631896445886,NO
857.0115044146984,326.0233236861174,NO
855.0054114717626,327.0120910608878,NO
853.0449599793665,328.04954899540326,NO
852.0402300194922,329.0390850506129,NO
851.0424141657621,330.04381051502867,NO
850.0002136160156,331.0003810909737,NO
848.0057961803046,332.01159236060914,NO
847.1677986967533,332.36431159505855,NO
846.0577483298657,333.06790377348585,NO
845.0094175449541,334.01698245817084,NO
843.0140009835181,335.0280019670363,NO
841.0563775557504,336.06627719076795,NO
839.1638490751355,337.33767880629745,NO
838.0690728402639,338.073547195336,NO
837.2109665480704,339.1186686877981,NO
836.9146998387388,339.9536887653723,NO
834.0009780500146,341.49880553347475,NO
832.1080626521699,342.13838470751324,NO
831.0406513940641,343.0546604889526,NO
830.0097776165471,344.01109966014184,NO
828.9547980385136,344.91719148652567,NO
828.1089565612733,345.2107481793296,NO
827.0260011662159,346.0324014524083,NO
825.9870056734168,346.9846016191652,NO
825.4900470273519,347.47677689855146,NO
824.37755662645,348.37489777473456,NO
823.1144313518131,349.2238874290893,NO
821.0176875191418,350.10846924671523,NO
820.022313606696,350.2421263609716,NO
819.0136625142109,350.31672191797975,NO
818.0162862318165,350.36112948213264,NO
817.0093426955754,350.39706454937607,NO
815.9281452562064,350.92814525620645,NO
815.3297598203361,352.05552424029446,NO
814.0406033052077,353.28710279935336,NO
812.0010572529105,354.0026096749322,NO
811.0186536020259,354.23236400359644,NO
810.0132907276388,354.2947074340753,NO
808.0698652450683,355.07439704070384,NO
807.0518662641614,356.05868081220274,NO
805.027301968853,357.25884366918655,NO
804.0106321263944,357.32508532003123,NO
803.0173902786057,357.3772934552907,NO
801.0981880376061,358.10789590084255,NO
800.0621959314121,359.0751458216019,NO
798.0452297874971,360.2012626757885,NO
796.0018384089265,361.0047022618608,NO
795.0454535706365,361.2547397821573,NO
793.0241340965263,362.0555848641638,NO
792.0226259358271,362.3393890526124,NO
790.911502424456,362.9022976234665,NO
790.448480654818,363.22930285208037,NO
789.9784059038814,363.9776602084971,NO
787.9622028621153,364.9005839988862,NO
787.0791711221358,365.1609319490037,NO
786.0077899080071,366.008274801325,NO
785.0120150234598,367.01128128156154,NO
783.0403819253859,368.24938899771035,NO
781.0801740787903,369.0882138236953,NO
780.174957927207,370.1128553664491,NO
779.1610562249562,371.22003455925324,NO
778.0524424914222,372.06805694887015,NO
776.1827494034807,373.3868350105043,NO
775.0698794869265,374.0835145076577,NO
774.0541569651988,375.0593500948462,NO
773.0035669645058,376.0058666367515,NO
771.0059424932753,377.0127089459726,NO
770.0604714465603,377.29942173081326,NO
769.0157682028885,377.4730461183911,NO
768.0009707082097,377.4950612127878,NO
767.0,377.4960784318364,NO
765.9414213366726,377.9271822159473,NO
765.6188277624045,378.27952271239855,NO
765.2946747083708,379.0202227736724,NO
764.410984061521,381.1852877790122,NO
762.0579159818807,383.3372364877892,NO
760.0834852431115,384.0954117010154,NO
759.0995375323822,385.08483586383755,NO
758.3841965696508,386.19751946553237,NO
757.3114682633685,387.4748160352814,NO
756.1075056211096,388.1703789511492,NO
755.0305293417588,389.03707766350914,NO
754.0323039780499,390.0314681687095,NO
753.0260924892407,391.02692633738786,NO
752.019814873768,392.0210466093367,NO
750.9965712363162,392.99599489166343,NO
750.4171504984831,393.48502022804126,NO
749.2684842656572,394.31110080759703,NO
748.1555650572147,395.1898628685606,NO
747.1215589384585,396.12251609918025,NO
746.1414128739863,397.1297948805345,NO
745.1995130983935,398.1743396256382,NO
744.2615538715427,399.2420349328797,NO
743.2710240897152,400.53738068914316,NO
742.0562269852747,402.0563745608079,NO
741.0353230093331,403.04672099525357,NO
739.9553461243615,403.9256815121825,NO
738.0047989949994,404.4894974853839,NO
736.0931766430976,405.09440426482263,NO
735.1399720286113,406.11616839863103,NO
734.422381310805,408.0410360653067,NO
732.9467393027966,409.9020690399829,NO
732.1450215780046,410.1794104774302,NO
731.1095971399262,411.11338639929306,NO
730.1077480952391,412.1088807973721,NO
729.0458202830837,413.0855139397725,NO
727.0732699980854,414.110265340553,NO
725.1806710297494,415.26731251470494,NO
724.0656322441931,416.1026329754846,NO
722.261303954425,417.29340957253504,NO
721.100683640602,418.18414774405295,NO
720.0100873594816,419.01165682153226,NO
719.0261998927116,420.0292565453787,NO
717.9489469799892,420.91295276933187,NO
716.0113353366605,421.48175179281304,NO
714.0545469531089,422.07774299491217,NO
713.0352765457696,423.0340990254983,NO
712.1706830965388,424.1012165716846,NO
711.2505207763086,425.2716656460189,NO
710.0688985332293,426.1293948140875,NO
708.0279987690699,427.13356351439944,NO
707.0331387131117,427.2913921259793,NO
705.034998916758,428.0700697002295,NO
704.2324827652482,428.54963518220313,NO
703.5539059952587,429.2353195394143,NO
703.0097396426813,430.01003765674227,NO
701.025330935022,431.05323326201363,NO
699.0047125532178,432.0105075724822,NO
698.046066057645,432.27314460783737,NO
696.0079153031446,433.0202456741581,NO
695.0418885200282,433.2738864685327,NO
693.07791193986,434.0962581707747,NO
692.0948606773403,435.08346749391416,NO
691.0260215370371,437.0145242940406,NO
690.0550143908346,438.0551587837452,NO
689.06779149833,439.06349545674584,NO
688.2987189642276,440.14183778682235,NO
687.004453215394,442.0051869837494,NO
686.4408653844287,442.54622943146404,NO
685.1166882496567,443.2381285126987,NO
683.06931068531,444.25801788078354,NO
681.0192265779874,445.04428202748744,NO
680.1929181947316,445.45661111458816,NO
679.1062999767595,446.10629997675954,NO
678.3198653345927,447.2001848987563,NO
677.1237014719087,448.27395667863044,NO
675.0683949829274,449.3017077357875,NO
674.0048234295991,449.49198981453003,NO
673.0009784418155,449.49900535194746,NO
672.0,449.5000000004902,NO
670.0403637370683,450.0887306279736,NO
668.1273664119619,451.123755508912,NO
667.3683765703171,453.03362313599496,NO
665.0297231233494,455.32564785867083,NO
663.0852323097978,456.09941696124883,NO
662.0698511901165,457.0746754470694,NO
661.0157603005491,458.02896231580735,NO
660.1867169560312,458.44007920620516,NO
659.0252194238814,459.05107462971773,NO
657.0934464882371,460.0965144935041,NO
656.0954181224563,461.0926340365324,NO
655.4491538851228,462.19753662450415,NO
655.0269493739097,463.01518316456605,NO
654.0181615975906,464.03090538274273,NO
653.1953045323596,464.46501079562705,NO
651.0270062208733,465.34492757661013,NO
649.0349619418931,466.0699956745756,NO
647.1040695971603,467.11071848728494,NO
646.3501039150195,468.1917562554205,NO
645.0121601563428,470.01344987014,NO
643.112205668085,471.213420792008,NO
641.182451778721,472.385689202958,NO
640.0888394545549,473.0893051919769,NO
639.1354245590089,474.11361339934757,NO
638.0793462592903,475.1274676639576,NO
636.0599830891109,476.16995208044324,NO
633.9805509761368,476.9589230140961,NO
633.116278969886,477.2416673658242,NO
632.0059436429005,478.0084882060231,NO
631.4702995945458,478.4862419591502,NO
631.0014779476261,479.00105567681396,NO
630.2026093257318,480.1092014647915,NO
629.1116675750532,481.2020002774685,NO
628.021552172265,482.024566463795,NO
627.0185923631501,483.0257029206219,NO
625.0358376449481,484.0482981188745,NO
623.1143318463722,485.29069121533115,NO
621.115514783793,486.29206274216324,NO
620.0194296395069,487.02368898996417,NO
618.9482219028697,487.8957564854822,NO
618.0957694514186,488.17685288403555,NO
617.0344409983388,489.03785193612924,NO
615.1765340374609,490.2827474595214,NO
614.130239385297,491.1157683413322,NO
613.1020149408533,492.1258780790955,NO
611.0586796389355,493.3456332455174,NO
609.029697511117,494.0618850009671,NO
608.0436234741828,494.38358571263365,NO
607.0103876330917,494.4816084531321,NO
605.0996263222607,495.12623275278435,NO
604.0662111325275,496.06603802979333,NO
603.1037001936107,497.09636785336477,NO
602.064307228386,498.0808352312097,NO
601.0179471243173,499.023344754688,NO
600.485567772064,499.5973829187202,NO
599.3122331848907,500.34061801487326,NO
598.1297392291732,501.2201023475705,NO
596.1971837663566,502.3745106351005,NO
595.1051659509808,503.10599403255844,NO
594.1314954030306,504.1187383855306,NO
593.3137739796218,505.2076981174832,NO
592.0760895731476,507.054863236953,NO
591.1167782163081,508.11140909959744,NO
590.0415275754003,509.07835391375534,NO
588.0510147679242,510.099418545992,NO
586.9374663970691,510.90412930384485,NO
586.2304415073984,511.203827126462,NO
585.0876912822466,513.0608589205948,NO
583.0414165178768,514.4062004648443,NO
581.0176771989123,515.0364994790756,NO
580.1811902058244,515.4201002819884,NO
579.0661204496149,516.0798597689571,NO
578.0186894039257,517.0305475086031,NO
577.2469164818773,517.4778632506963,NO
576.1321262526158,518.133515230192,NO
575.131418752556,519.1328002925359,NO
574.0543810473166,520.1075960317355,NO
572.0240613327952,521.0514014608726,NO
571.0436558346424,521.3591044452957,NO
569.9164177473752,521.6732693637681,NO
568.9758408762932,521.9310614279892,NO
568.0413624280621,522.1574241715732,NO
566.050217169497,523.0681981573133,NO
564.1796217485012,524.3825457826548,NO
562.037721712939,525.3695262939868,NO
560.0377109423418,526.0821649014885,NO
558.8895206211168,526.8774316952296,NO
558.4218935242649,527.1970264132672,NO
558.0367933655997,528.0180913438995,NO
557.0395187422577,530.021803444097,NO
556.0158263970283,531.0298731194308,NO
553.9984180725909,531.9963920309693,NO
551.9935968283509,532.9873774125789,NO
551.1694180623688,533.3182148172132,NO
550.0801169715525,534.0801169715525,NO
549.072052092862,535.0765861493516,NO
548.0409419353911,536.0529376658507,NO
546.0336672508863,537.1693668908621,NO
544.5972579367797,535.1194515855407,NO
543.8716155037962,533.9668219843935,NO
543.8659745997056,533.0590864695189,NO
543.3974913441554,532.512132357468,NO
542.9960473193169,532.2727349739921,NO
542.538072802725,532.4842655095081,NO
542.1719308118819,533.0351256488395,NO
542.1821787229667,533.9488262028078,NO
542.2242660271964,534.9551467952423,NO
542.4364341294025,538.2120131264579,NO
542.1355122553399,539.0382622835644,NO
541.9366108615461,539.9859549560338,NO
541.3355667766552,541.7186634120661,NO
540.1371722554128,543.1614863909414,NO
539.0425427975937,544.0844208645033,NO
536.9863644325706,544.9719300143114,NO
536.13984769793,545.2688903859266,NO
535.0306085458934,546.0422416983444,NO
533.9918067274153,546.9899113582991,NO
533.2464788076309,547.4364478386877,NO
532.0463263847953,548.0930556063184,NO
530.9594114764415,548.9366151781477,NO
530.0685156964721,549.2179655516137,NO
528.0018584603047,550.0047535490527,NO
527.0342547824949,550.2495705630039,NO
525.0257986759892,551.0540332783902,NO
523.8806272752671,551.867611557253,NO
523.3850786539427,552.1753871402458,NO
521.1024884745115,554.2320039315703,NO
519.1579598666723,555.3325470854212,NO
518.0759819616761,556.0783429837089,NO
517.0266812241277,557.0469610022136,NO
515.0255695499885,558.0538451657561,NO
513.0780958612903,559.085584499753,NO
512.0646629267834,560.066723898503,NO
511.0875086672543,561.072836556761,NO
510.3073659419503,563.0725177295246,NO
509.0953321349868,564.3148253504046,NO
507.0117937335984,565.0409170371604,NO
506.0407872547992,565.2506204757351,NO
504.99106459697424,565.3505427329826,NO
503.98602302360337,565.309924254104,NO
502.97157489073936,565.0857799125563,NO
502.03398391671396,564.8796402940395,NO
500.96646714348117,564.8120686132003,NO
500.0412601802793,565.0677676748875,NO
499.04218118943487,566.0319406688914,NO
498.2342647174952,567.1250503965418,NO
497.95136698337313,567.9787290968723,NO
497.04917448657926,570.0275458739949,NO
496.05384055488105,571.0695474215601,NO
494.0660557977802,572.218327288946,NO
491.9967481475833,572.9917277438753,NO
491.1548760072304,573.2986894518268,NO
490.3042686804923,574.1523196515208,NO
489.46226773579764,575.5272451097483,NO
488.10273178382624,576.2177159759185,NO
486.1215004771654,577.2424561120774,NO
485.0110561608772,578.0159779366608,NO
484.3820245310149,578.5396854598371,NO
483.0987732356469,579.1877776929426,NO
482.0206545675758,580.0256967121983,NO
480.9693594790807,580.9533998051448,NO
480.18169488383046,581.27409379897,NO
479.04574434976536,582.0911285097624,NO
476.9779930167373,582.9321061144706,NO
476.0368531365766,583.1503607964943,NO
475.0640743776809,583.3551948952003,NO
474.00290913632404,583.4945531907504,NO
472.05221265014177,584.1048364223037,NO
470.9352346550484,584.9345520161351,NO
470.0831119305745,586.0494507304853,NO
469.0313534612188,587.0581943669357,NO
467.0915139983003,588.1059703725059,NO
466.08449315937,589.08449315937,NO
465.3605353645551,590.1895598341024,NO
463.060310695509,592.2312701573848,NO
462.27361918183584,592.6144705136272,NO
460.0191595335052,593.4653029872867,NO
458.122057637343,594.1420840690485,NO
457.0862944335566,595.0965732691014,NO
456.36106351782456,596.1823645661385,NO
454.01918449552875,597.4253953286019,NO
452.99048483133737,597.4411578287791,NO
451.9816758366663,597.4063183976374,NO
450.9866635069816,597.3844720330306,NO
449.0746409071058,598.0824160027006,NO
448.0685072327131,599.0683103723187,NO
447.07209846136567,600.0694949043905,NO
446.0784199632243,601.0736357239872,NO
445.08449385451286,602.0844938545129,NO
444.06654176906096,603.0756863933826,NO
443.005135981376,604.0099151470987,NO
441.05953797295314,605.0657306306501,NO
440.05912422864606,606.0555010134967,NO
439.08925500508064,607.0757176090631,NO
438.0753862393289,608.0913398090545,NO
436.0280128246969,609.1857692658832,NO
435.04270601869104,609.3202951329603,NO
432.9878477173229,609.9621309610368,NO
432.0138863410367,610.1539572593201,NO
431.04767669989116,610.2701679660498,NO
430.045906249238,610.4180747786872,NO
428.9216967959453,610.7198730473353,NO
427.98098972618567,610.9364869882229,NO
427.0099239384199,611.1124712998491,NO
426.1253500396095,611.3073554767607,NO
424.1604131511579,612.3141260113601,NO
423.8347990590319,612.8605327221082,NO
423.0248355183475,614.0138623007017,NO
422.0522300754594,615.0537580827723,NO
421.053793136847,616.0522641331652,NO
420.06540853599085,617.061580555009,NO
419.08087659170855,618.0757513295484,NO
418.2892646201977,619.1536387106436,NO
417.17122305718783,620.3269526129874,NO
415.16394523698443,621.3787090737509,NO
413.04576113604634,622.2564635003254,NO
412.25988105252907,622.617217519715,NO
411.1185116323729,623.1253021993425,NO
410.25331585550686,625.0633947275276,NO
409.15729408290764,626.2839932113696,NO
408.02667455197536,627.0453043964565,NO
407.2288133860184,627.5113148369257,NO
405.02765691904415,628.414853804249,NO
403.9946004928692,628.4589581185127,NO
402.92543511306144,628.9206455424687,NO
402.0979284085612,630.0472243608565,NO
401.3911071240541,632.0268406844114,NO
401.2883382587637,633.0438648473379,NO
399.16394629621095,635.3415547856546,NO
398.0494762346815,636.0619787040572,NO
396.1131924998895,637.2660023760327,NO
394.10788926748154,638.2771924177733,NO
392.1672051793054,639.3392125983731,NO
391.10023717346013,640.0883686793258,NO
390.43736199847456,641.1882112738608,NO
390.0212848645792,642.0119643339428,NO
389.05958228513447,643.0595822851345,NO
388.03675119005356,644.0442898934186,NO
387.00200932346144,645.0023810643577,NO
385.9732135170981,645.9722409365584,NO
385.5753044815519,646.4589974464267,NO
384.99513428624135,646.9959648663686,NO
384.014978010115,648.0159508713009,NO
382.0956840163166,649.2021525544258,NO
380.1490857526113,650.271980774767,NO
379.340885310725,651.173038232785,NO
376.9924282534359,652.3510537114703,NO
375.9924959002046,652.332464229467,NO
374.8861359722511,652.8857909289271,NO
374.03094443576373,654.0174903332578,NO
373.0158037085162,655.029076356105,NO
371.00889456911153,656.0203954531847,NO
370.01258470874035,656.2674250544987,NO
369.01369503975786,656.3174759192921,NO
367.0694935566063,657.0719754723239,NO
366.0632793962952,658.0632793962952,NO
365.0547641712444,659.0598693038437,NO
364.0520394927328,660.0490385267551,NO
363.0622055861597,661.0604374689641,NO
362.057598494297,662.061123296798,NO
361.0138418666107,663.0245353868203,NO
360.1841209981169,663.4383833328984,NO
359.0612082649156,664.0769915291175,NO
357.16852751838303,665.3304461097077,NO
356.058017037652,666.0680404810946,NO
355.03656531177984,667.0403741989646,NO
353.16878594530993,668.3325831370068,NO
352.06143763220814,669.0696750803185,NO
351.03540391756474,670.0399466806228,NO
350.01037548355805,671.0117724634144,NO
348.9546576075372,671.9162192024521,NO
348.12564262694104,672.2148252961365,NO
347.08105358495254,673.0761225672939,NO
346.0354924290797,674.0629451344421,NO
344.02599810963574,675.0565976547367,NO
343.18751878739675,675.4472462759512,NO
342.3451839808133,676.1764850493372,NO
341.0435344100701,678.0446063928129,NO
339.03326727086926,679.2834826474352,NO
338.0163355784343,679.3622236897265,NO
336.9049701658367,679.8949064971328,NO
336.47922301122424,680.2066148028617,NO
336.0445911594518,681.0235513338347,NO
335.2853571045,682.1425043398109,NO
334.03782431502754,684.0343167976039,NO
333.03791244153666,685.0416165328701,NO
331.9888381789743,685.979552294547,NO
329.99344604683097,686.9867329471913,NO
329.0407163326186,687.249044055052,NO
327.0315341152113,688.0661199198364,NO
325.03458377998487,689.0669453096964,NO
323.0315759791912,690.0662076991504,NO
321.8771661398008,690.8587508574336,NO
321.38414834416517,691.1756658239525,NO
320.04618106142306,693.0435892656918,NO
318.04884986041685,694.4018294959074,NO
316.14651047785605,695.146510477856,NO
315.4972047286007,697.0019498224079,NO
313.04063483932964,699.3635748773518,NO
312.01449217140794,699.46193798149,NO
310.92113759295603,699.7629419514153,NO
310.0549615866461,700.0676759804157,NO
308.1916398574584,701.3993333174768,NO
307.45264212519066,702.219211500812,NO
307.0381054630282,703.022120178805,NO
306.05772387562087,704.0569342204303,NO
305.06386090592326,705.0593168024441,NO
304.2154939650426,707.0200902127149,NO
303.2688041572244,709.1241843803934,NO
301.14043098438566,711.2865359565837,NO
300.8163443488075,711.8405095645435,NO
300.01156402878337,713.0058373153828,NO
299.20149110544384,714.1294003398052,NO
298.10563672823145,715.1838034458498,NO
296.04548612598546,716.2041866189736,NO
294.08081298352954,717.0968558517943,NO
293.10501605530646,718.0848058988287,NO
292.4637892508141,719.2129995077813,NO
292.02148053576883,720.0143830287717,NO
291.03081298918937,721.03179900383,NO
289.1683698670431,722.3651775567872,NO
288.10195450757686,723.0960904616159,NO
287.1947137675129,725.050777510063,NO
286.9207388883885,725.9501815155536,NO
285.1678097342724,727.2747264924109,NO
284.07452034553575,728.0816776628,NO
283.0235937933684,729.0433577324554,NO
282.21463974854316,729.4978360949971,NO
281.1048364712333,730.105119054284,NO
280.09797975322437,731.1009245029297,NO
279.0892363509582,732.0919183205442,NO
278.08368966350616,733.0866301114339,NO
277.0632790609388,734.0693635896882,NO
276.0756558106219,735.0631221963326,NO
275.0411528314816,737.0204957241508,NO
274.7716781473944,737.9244902248753,NO
274.49803921615194,739.0,NO
274.4957464812125,740.0019441037908,NO
274.3554842774186,741.0599444085548,NO
273.0054900929652,743.0086910966826,NO
271.03854258330153,744.0504197548095,NO
270.0460076135991,745.0361181272806,NO
269.16110409761086,746.1124902249984,NO
268.18423769556387,747.185313541147,NO
267.21673804590074,748.1992238598417,NO
266.310898244458,749.2691287162846,NO
265.4897315770768,750.4212025802007,NO
265.014903655314,751.0098598425902,NO
264.225459029758,752.1212445917693,NO
263.280503893596,753.3324490782817,NO
262.3253005012906,754.2973537381755,NO
261.94720904082504,754.9645509986848,NO
261.1346386387263,756.0650803173833,NO
260.49949381269295,757.3106970364829,NO
260.01104248225727,758.0075733839055,NO
259.1098338051642,759.0833221978712,NO
258.0865029681914,760.1107392677915,NO
257.02568494036797,761.0320306313738,NO
256.042781416953,762.0322702531616,NO
255.17284979712133,763.1170526692803,NO
254.15073384850305,764.1714007786122,NO
253.1372998619927,765.1323648215422,NO
252.8611313593969,765.9243052105526,NO
252.12109637821547,767.0510504323408,NO
251.35798973235623,769.080648042956,NO
250.07924527378316,771.0689637544668,NO
249.10053693359134,772.0927061620412,NO
248.11577686086883,773.107882985492,NO
247.1663749870646,774.1417582779337,NO
246.1794183572899,775.1846416019246,NO
245.16889874823815,776.1713047232805,NO
244.18579629185936,777.1774575978509,NO
243.90058626231922,777.9390620643596,NO
243.0754222391929,779.0422457565098,NO
242.3581310084447,780.1875924312736,NO
241.11519886923696,782.0862345766252,NO
240.5191645703889,783.2359839002665,NO
240.05884498702733,784.0293935061251,NO
239.18925038117084,785.1404864789293,NO
238.0824179756335,786.171450843943,NO
236.98679092142726,786.9872657022182,NO
236.14323759781783,788.0802368279832,NO
235.88633842928778,788.9436149484438,NO
235.5180003617444,789.9872286647948,NO
235.14378729841079,791.0662549278276,NO
234.8936331209438,791.9470251223688,NO
234.52932260327694,792.981542062736,NO
234.1523360685653,794.0681031864607,NO
233.9013408535401,794.9506704267701,NO
233.54025138201837,795.9756603675456,NO
233.29463894551444,797.0722154281767,NO
233.00245753011563,798.0012287650578,NO
232.7135389836468,798.9269805246387,NO
232.49451191705614,800.0038785246139,NO
232.14788509572816,801.0661133396968,NO
231.89796942917047,801.9497849566291,NO
231.54013167046648,802.9756540298753,NO
231.45684541025904,804.0277690357175,NO
231.190519086306,805.0620120936111,NO
230.94258715599202,805.975458822396,NO
230.65224708209172,806.9393137046468,NO
230.50702408881506,807.9942002835545,NO
230.5000000004902,809.0,NO
230.5000000004902,810.0,NO
230.5000000004902,811.0,NO
230.5000000004902,812.0,NO
230.4968140621703,813.0029224355673,NO
230.44397741120787,814.0313395816945,NO
230.19117574188758,815.0588521388172,NO
229.94310479301706,815.9755685294825,NO
229.65217341598031,816.9352087747021,NO
229.5000000004902,818.0,NO
229.5000000004902,819.0,NO
229.5000000004902,820.0,NO
229.5000000004902,821.0,NO
229.5000000004902,822.0,NO
229.5000000004902,823.0,NO
229.5000000004902,824.0,NO
229.4989639706437,825.0009783606757,NO
229.46008583600462,826.024357485173,NO
229.16727596519593,827.0613345237578,NO
228.91982395801884,827.9641565914878,NO
228.60501045321266,828.9481092148427,NO
228.5000000004902,830.0,NO
228.5000000004902,831.0,NO
228.5000000004902,832.0,NO
228.5000000004902,833.0,NO
228.5000000004902,834.0,NO
228.5000000004902,835.0,NO
228.5000000004902,836.0,NO
228.5000000004902,837.0,NO
228.47878221517573,838.0159594061017,NO
228.29936753636,839.0628084863004,NO
228.0554910223237,840.0237196930026,NO
227.97320414007754,841.0054642537482,NO
228.15170637201402,841.9300960874857,NO
228.49586929151937,842.9970831219069,NO
229.0800464059469,844.9599767970266,NO
229.4288636427289,845.9613181812441,NO
229.6921409612458,847.0706264851951,NO
229.9896785229658,848.0051607385171,NO
230.27364821294677,848.9259540146571,NO
230.51725446467478,850.011358718838,NO
230.88667045808856,851.0566647709558,NO
231.13656262666177,851.9349319278076,NO
231.5000000004902,853.0,NO
232.12504716099588,854.9374764195021,NO
232.5000000004902,856.0,NO
233.11919061927472,857.9404046903626,NO
233.49150530485286,858.994217584805,NO
234.08298716851456,860.9585064157427,NO
234.43383891455076,861.9634214241265,NO
234.65320162461984,863.0639197004779,NO
234.967073689131,864.0164631554345,NO
235.23835708137688,864.9247539410063,NO
235.50849470805807,866.0057824150431,NO
235.88080938072528,867.0595953096374,NO
236.1306970929465,867.9361890626624,NO
236.5000000004902,869.0,NO
237.12407142245684,870.9379642887716,NO
237.49860645221733,871.9990223403407,NO
238.11039741405963,873.9448012929702,NO
238.4782544101846,874.9859336942899,NO
239.06827719958366,876.9658614002082,NO
239.40866355074797,877.9535245363204,NO
239.64288561568827,879.0616197362232,NO
239.96117855524477,880.0194107223776,NO
240.22956484871793,880.9248287683574,NO
240.5000000004902,882.0,NO
241.12504716099588,883.9374764195021,NO
241.5000000004902,885.0,NO
242.12407142245684,886.9379642887716,NO
242.49860645221733,887.9990223403407,NO
243.10844206991183,889.945778965044,NO
243.47523446998886,890.9841588520632,NO
243.78315331039514,892.0748333664548,NO
244.04766205992985,892.976168970035,NO
244.37262414691475,893.9422797900208,NO
244.58455919815688,895.0439878486915,NO
244.92779871230954,896.0361006438452,NO
245.18370607652446,896.9275981890773,NO
245.5000000004902,898.0,NO
246.12504716099588,899.9374764195021,NO
246.5000000004902,901.0,NO
247.1230955364205,902.9384522317897,NO
247.49720468919693,903.9980501777467,NO
248.10980964433284,905.9450951778335,NO
249.1165581820846,907.9417209089577,NO
250.1254310463568,909.9372844768216,NO
251.12746390410499,911.9362680479475,NO
252.12748198711213,913.936259006444,NO
253.12748198711213,915.936259006444,NO
254.1293805176323,917.931428323822,NO
255.15924800165482,919.8926418057695,NO
256.3452241795204,921.7992282933277,NO
257.0892211009951,922.9553894495025,NO
257.8614488313785,924.0750603057162,NO
258.1193310259997,924.9403344870001,NO
259.12643341494487,926.9367832925276,NO
260.12738485541297,928.9363075722936,NO
260.15561109093255,932.1608637898127,NO
259.2204546129239,933.185531112437,NO
258.46966009944305,934.3384013901324,NO
258.0211444951304,935.0131544094882,NO
257.26879868501305,936.1321815336659,NO
256.9764977933135,936.989536002517,NO
256.1482792086984,939.0439579486293,NO
255.94677573365615,939.9878089672995,NO
255.76262020224473,940.9602156756525,NO
255.6178806032665,941.9626419603536,NO
