X,Y,is_wing_root
231.52793295963633,995.0,NO
231.56784908201206,996.0277638855401,NO
231.66806607437653,997.038014778524,NO
231.82245443159883,998.0322359263674,NO
232.00774812640464,998.9981603609643,NO
232.2108218683476,999.9390284970688,NO
233.01763765883757,1001.9922976363887,NO
233.3416273274256,1002.8387891423027,NO
234.04002865322917,1003.9764680054527,NO
234.52082352656063,1004.6501595565352,NO
235.21036863368911,1005.8321057935275,NO
236.1344038746013,1006.873899073821,NO
237.12972417294012,1007.8571668572301,NO
238.18773538541816,1008.757957124867,NO
238.9556217087869,1009.0669399166658,NO
240.04043396998196,1009.9290783854258,NO
241.2064327355539,1010.5560500652306,NO
242.02752435508657,1010.9360219845375,NO
244.07901892230345,1011.7122359086435,NO
245.01795753548106,1011.9285689142004,NO
245.9776378867232,1012.1160237192327,NO
246.96273480033253,1012.2779362714514,NO
247.96680794665392,1012.396091815274,NO
248.98710424855588,1012.4616678891392,NO
250.40850867545484,1013.080694633988,NO
252.057997742641,1014.9840790508991,NO
252.27020681178604,1015.940101940712,NO
252.5660714218812,1017.0666563751054,NO
252.79041269987312,1018.0505475236617,NO
252.99558074458727,1019.0011611376593,NO
253.2076712285171,1019.9415010644725,NO
253.8558854709464,1022.0336267232989,NO
254.0660309794112,1022.980079673431,NO
254.30776558377534,1023.9151877727975,NO
254.68160376040046,1025.0545638706187,NO
254.83116140802497,1026.0251602598073,NO
254.9678745709966,1027.0047243278516,NO
255.10155925198623,1027.9858613583,NO
255.23423778600593,1028.965614352269,NO
255.39099256726374,1029.9336960156447,NO
255.68118656360275,1031.0617058284286,NO
255.8617080339591,1032.027116071155,NO
256.04665767590564,1032.9879531409395,NO
256.28871358520735,1033.893382439742,NO
257.0084840610295,1035.9983031878198,NO
257.1971516251073,1036.9460490449967,NO
257.5586810441148,1038.0838791995313,NO
257.6976593398263,1039.0197569137342,NO
257.76742095109904,1040.0164173444853,NO
257.84837069639104,1041.0136763685607,NO
257.94905896545464,1042.005793294255,NO
258.0758124340335,1042.9881078531935,NO
258.22325835551413,1043.9597259409272,NO
258.38874581439455,1044.9429114540349,NO
258.62857967755576,1046.0600499950715,NO
258.8188800510038,1047.038709950955,NO
259.01522296549956,1047.9961793341124,NO
259.21962102651867,1048.9414926070292,NO
259.9549656996573,1051.018808442708,NO
260.2183659573796,1051.9074091177056,NO
261.26933425617375,1053.763406825155,NO
262.189314065447,1054.8195641035675,NO
263.1594269940161,1055.848909066002,NO
264.1410396925779,1056.871973939286,NO
265.1104300481174,1057.9043837397808,NO
266.08379669589175,1058.9239351654858,NO
267.0631013306164,1059.9413547520305,NO
268.04836978774347,1060.955862565708,NO
269.0178851376362,1061.9853473718686,NO
269.592969562883,1062.5105155335839,NO
270.355320610059,1063.6634732059345,NO
271.2820330041128,1064.741860864992,NO
272.213543136828,1065.8014739581508,NO
273.1673158239061,1066.8586181330427,NO
274.11176405582603,1067.904993795297,NO
275.07651862278846,1068.9349545443165,NO
276.03691410544815,1069.9691126868681,NO
276.9956908256594,1071.0035584110174,NO
277.46155693395843,1071.6005011488396,NO
278.30510061820985,1072.715907858186,NO
279.236201764286,1073.7828303135764,NO
280.1759768539895,1074.8682808056005,NO
281.0802733963843,1075.9362894626465,NO
282.04544672115946,1076.9588545866834,NO
283.0229741069758,1077.9792002788545,NO
284.0132242786814,1078.985545555914,NO
285.0580622885809,1079.913633559354,NO
286.15952520714075,1080.7783293232947,NO
288.07010838005215,1081.8401794771744,NO
288.9628481741945,1082.0910934224253,NO
291.04882291339675,1082.868949030929,NO
293.1030097215586,1083.7063454304596,NO
293.9960600002095,1084.0078799995808,NO
296.0125984104858,1084.971316118158,NO
296.9380574590071,1085.2305890222533,NO
298.06787567595893,1085.5778047513427,NO
299.0478145504517,1085.8539795104975,NO
301.1204738172528,1086.7071460841819,NO
301.99485811230994,1087.0103761446408,NO
304.04264818951975,1087.888585735582,NO
306.095489689247,1088.7272539948744,NO
307.000301241466,1088.999250570029,NO
309.0371523222638,1089.9134280785381,NO
311.08411160870156,1090.7222293753705,NO
312.0100618785489,1090.967927762188,NO
313.69220118879326,1091.7208195697156,NO
314.06773856720497,1091.8550183527464,NO
316.083544046277,1092.755480836784,NO
316.99493881144394,1093.0134437824631,NO
319.077207914777,1093.723222160196,NO
321.1688251971033,1094.6122586168474,NO
323.15523441431134,1095.6880666912643,NO
323.9961249750044,1096.0076812625455,NO
326.0524199356728,1096.8295930607032,NO
328.16727290091717,1097.6118892617758,NO
329.0144458538244,1097.971314240516,NO
331.07572020846726,1098.7506281172796,NO
331.99787359478336,1099.0055613672714,NO
334.0476241761554,1099.8852373492034,NO
335.677125590068,1100.7300663272913,NO
336.0629505856689,1100.86033752939,NO
338.0884189631264,1101.7272548435285,NO
339.0147784297504,1101.928219054874,NO
339.99329158218916,1102.0684258611582,NO
340.99596913847455,1102.137049296463,NO
342.0002979616089,1102.1519604284708,NO
342.9971803044699,1102.1597827391645,NO
343.994233535144,1102.1838060743914,NO
344.98981269291045,1102.221906128815,NO
345.93189189099195,1102.3327364886688,NO
347.06435951740275,1102.6511421572663,NO
348.02172095659927,1102.7948576278488,NO
349.0114789047655,1102.9040288298597,NO
349.9981903937495,1103.0156423591025,NO
350.9867113250478,1103.1232222564654,NO
351.96833727752346,1103.2367615615342,NO
352.9194448590181,1103.4027757110302,NO
354.0534216464661,1103.7148909955376,NO
355.01916715892355,1103.8642326179918,NO
356.00104304701506,1103.9921771475636,NO
356.9859279738752,1104.1139164014737,NO
357.9740453549564,1104.228221873698,NO
358.9666422458386,1104.333577521632,NO
359.9683987195097,1104.4241224346765,NO
360.9857882151912,1104.4832006997071,NO
362.0255774731296,1104.5341246025268,NO
363.04488641584913,1104.636633778018,NO
364.0301895844121,1104.7516663224328,NO
365.0149631743602,1104.8586811281016,NO
366.0039457967431,1104.9664607265515,NO
366.99159342741456,1105.0752167019023,NO
367.98707567657556,1105.169010373528,NO
368.9865177381481,1105.2371018531337,NO
369.9775794507735,1105.3035863396826,NO
370.93112732001305,1105.4273755303057,NO
372.05573972396996,1105.7025195166875,NO
373.0217612046506,1105.8595162713077,NO
374.0009225010545,1105.9931815140071,NO
374.9830342351295,1106.1218667553935,NO
375.955486657574,1106.2651916135142,NO
377.094194744755,1106.5884695711557,NO
378.0380083618236,1106.8031923102858,NO
379.0056172248424,1106.9691958616904,NO
379.9808200549862,1107.1222721464658,NO
380.9752825313936,1107.252118177898,NO
381.97020581312785,1107.3453417218032,NO
382.96822247824474,1107.4264877778915,NO
383.98670324130956,1107.4843819180492,NO
385.0095959233497,1107.5106079219304,NO
386.0162506226534,1107.5395656623102,NO
387.02192094115895,1107.5859377736465,NO
388.02530659403783,1107.6511793969441,NO
389.02400663468103,1107.7338394850583,NO
390.01817196145254,1107.8314963604246,NO
391.00704949542666,1107.9308607177518,NO
391.99925433009537,1108.011523988981,NO
392.9981015860566,1108.0605119467868,NO
393.9929933370932,1108.108284786115,NO
394.9805239075791,1108.1874114536758,NO
395.9552280545204,1108.3042038854567,NO
397.0895968594611,1108.6164263421197,NO
398.0370092226881,1108.8418409243804,NO
398.9960760368718,1109.0202143547835,NO
399.9701310023526,1109.1835323911098,NO
400.95622868867525,1109.3282848275328,NO
401.9624689863459,1109.4512657349924,NO
403.03418813028367,1109.5607474468409,NO
404.03133596887756,1109.6448590264713,NO
405.01541315969547,1109.7088625359477,NO
406.0045485005386,1109.74225164831,NO
407.0,1109.7509803921569,NO
408.0,1109.7509803921569,NO
409.0,1109.7509803921569,NO
410.0,1109.7509803921569,NO
411.00467863506464,1109.7613896179257,NO
412.0106265285706,1109.7992766803927,NO
413.00787745105504,1109.85120370069,NO
414.0038955817354,1109.8954343828636,NO
415.00221731421675,1109.9293231066088,NO
415.9998903807778,1109.9440941937585,NO
416.9989849336159,1109.9352895222007,NO
417.9987400323099,1109.919677064955,NO
418.99849574299265,1109.9041036219887,NO
420.00150425700735,1109.9041036219887,NO
421.0012599676901,1109.919677064955,NO
422.00101412079306,1109.9353498036257,NO
423.0007693243018,1109.9509555789325,NO
424.0,1109.9588235294118,NO
425.0000788130604,1109.9598053371078,NO
426.00007495613664,1109.9617723683302,NO
427.0004601778275,1109.9706636653964,NO
428.00021499461405,1109.9862940942412,NO
428.99994566643056,1110.003078902122,NO
429.9982173368827,1110.0363663265082,NO
430.99586116342823,1110.0844322635453,NO
431.99580361494685,1110.1258915600408,NO
432.9925689215115,1110.1647760854983,NO
433.9873476697103,1110.215089614123,NO
434.99234143734253,1110.260391139088,NO
436.01129623425555,1110.2504817119595,NO
437.01955040956324,1110.1582652195948,NO
438.0038628545303,1110.0234530453122,NO
438.9868136277372,1109.8915314542564,NO
439.9967140348643,1109.813795317764,NO
441.01103419523326,1109.8436822328335,NO
442.00735928646895,1109.9291842251846,NO
442.99861947893305,1110.0171723359554,NO
443.99638036000727,1110.0802615811203,NO
444.99600305833434,1110.1199082580142,NO
445.997426600392,1110.1458259709054,NO
446.99744894162825,1110.162629960671,NO
447.9945646986471,1110.184800252197,NO
448.99716355412994,1110.2066553413558,NO
449.9965267839344,1110.2214175098482,NO
450.99283907444027,1110.243471477197,NO
451.9963574504972,1110.2653857487114,NO
453.0036425495028,1110.2653857487114,NO
454.0071572101235,1110.2433451523625,NO
455.0059054152491,1110.2151258386991,NO
456.0051561353848,1110.1878306439608,NO
457.00292279450593,1110.1656250141864,NO
458.00030568002774,1110.1558968222805,NO
458.997447353965,1110.1627311741968,NO
459.99456264818997,1110.1848699677416,NO
460.99370284824494,1110.2141031668539,NO
461.9897625150483,1110.248624650962,NO
462.9927998022678,1110.2824692947565,NO
464.0,1110.2960784313725,NO
465.0,1110.2960784313725,NO
466.0,1110.2960784313725,NO
467.00396674182906,1110.2890054752731,NO
468.0037787452652,1110.2753085828035,NO
469.003589371749,1110.26151136952,NO
470.00704588301306,1110.2395600304797,NO
471.00341176056196,1110.217499721747,NO
472.00278165335374,1110.2026633151784,NO
473.00776963446714,1110.1722831962045,NO
474.0042418973645,1110.135210483723,NO
475.0,1110.1196078431371,NO
476.0,1110.1196078431371,NO
476.99800008470214,1110.127494591985,NO
477.99325698905324,1110.1563152526003,NO
478.98834881790145,1110.2049001048274,NO
479.9811969243242,1110.2663769077285,NO
480.95276344937696,1110.3656183482622,NO
482.069167743435,1110.6061166124732,NO
483.02751458472625,1110.7415686105212,NO
484.00974602022825,1110.8159085048158,NO
485.0047292592376,1110.8581222133535,NO
486.0020574831793,1110.8834092920074,NO
487.00174550212836,1110.9010882173952,NO
488.00143303760456,1110.9187945395731,NO
489.0018465828817,1110.9446025098323,NO
490.0006940347354,1110.9863862422446,NO
490.9990648729105,1111.0280538145673,NO
491.99905200870194,1111.0537195043546,NO
493.0,1111.0627450980392,NO
494.00103338389613,1111.052702577329,NO
495.0008912700985,1111.0252526543918,NO
495.9996612785455,1110.990402891514,NO
496.9994491017806,1110.9648802407862,NO
498.0000826118438,1110.957867957451,NO
499.0008051777667,1110.9758446653777,NO
499.99966009513486,1111.0096306384555,NO
500.9993633926996,1111.0360744119887,NO
502.0000864546873,1111.0440918928136,NO
503.0008670358965,1111.02601107864,NO
503.9993596658011,1110.9863928985906,NO
504.9983591315781,1110.94769731703,NO
506.00094903733935,1110.9394988735332,NO
507.00116079974055,1110.9629995068394,NO
508.0001539597802,1110.9953812062834,NO
508.9971286329363,1111.044375671055,NO
509.9886774254578,1111.1203023534981,NO
510.9768184983107,1111.216943870264,NO
511.92392593874706,1111.3652351600226,NO
513.0470118079318,1111.6490513792019,NO
514.0171356941154,1111.7572443312508,NO
515.0124515783676,1111.8283701446078,NO
516.0086307498469,1111.915352260897,NO
516.998843031336,1112.0115696859468,NO
517.9937376805347,1112.0939347961896,NO
518.9904366403887,1112.157332684849,NO
519.9944299538433,1112.2029088219035,NO
521.00288802121,1112.210412973254,NO
522.008109458984,1112.1798184353659,NO
523.0065288333834,1112.133188197048,NO
524.0040187929565,1112.085399348333,NO
525.0019181777576,1112.029644564177,NO
525.9975641024665,1111.9645054923255,NO
526.9951754081738,1111.9053637793015,NO
527.997706668984,1111.870044581898,NO
529.0022965033068,1111.869864818757,NO
530.0019891224638,1111.8872830657058,NO
531.0,1111.8960784313726,NO
532.0,1111.8960784313726,NO
533.0,1111.8960784313726,NO
534.0,1111.8960784313726,NO
535.0016738562416,1111.9051481507863,NO
536.0023076434402,1111.930770692151,NO
537.001203900592,1111.9638829798155,NO
538.0000689074694,1111.998047621575,NO
538.9989267965856,1112.0321961045938,NO
539.9979775140104,1112.064466743411,NO
540.9969961331742,1112.0957482587753,NO
541.9960180510868,1112.126924626516,NO
542.9976363823009,1112.15068061856,NO
544.0026408120137,1112.1496460070473,NO
545.0041265133254,1112.1237954080684,NO
546.003930011851,1112.0835127498874,NO
547.0017718754849,1112.036146258814,NO
547.9998461296441,1111.9953838890135,NO
548.9995420868578,1111.9708080390744,NO
550.0004973305157,1111.9718179387746,NO
551.000064194664,1111.9981811510709,NO
551.9989302505205,1112.0320924865373,NO
552.998981810114,1112.0576974241533,NO
553.9988316629986,1112.0744814790169,NO
554.9971528055466,1112.0968046146593,NO
555.9981279994902,1112.1193400247744,NO
557.0020891721645,1112.1183864170687,NO
558.0017802469273,1112.1008806544523,NO
559.0013192051672,1112.0840993239665,NO
560.0025186100418,1112.0513796433195,NO
561.0003664501872,1112.010993506353,NO
561.9997395706338,1111.985242336608,NO
562.9975007800188,1111.9509768406851,NO
563.9949565531844,1111.9010708546707,NO
564.9952892270147,1111.858676800961,NO
565.9973899249306,1111.8336077250985,NO
567.0,1111.8254901960784,NO
568.0,1111.8254901960784,NO
569.0026100750694,1111.8336077250985,NO
570.0047161422086,1111.8585157242483,NO
571.003789951641,1111.892618030033,NO
572.002441918674,1111.9267424348654,NO
573.0013444812729,1111.9596655591058,NO
574.0,1111.9764705882353,NO
574.999429510409,1111.9676722580305,NO
576.0,1111.9588235294118,NO
577.0005676194363,1111.9678349001297,NO
578.0002062355079,1111.9941566602406,NO
578.9995793561453,1112.0214528360316,NO
579.999291729038,1112.0401353526233,NO
580.9991106448584,1112.0566963866017,NO
582.0008894872967,1112.056704811493,NO
583.0006450932458,1112.0411246917583,NO
584.000458858071,1112.0234017610117,NO
584.9998534119183,1111.9958466707528,NO
585.9977505898747,1111.954112034815,NO
586.9951533266785,1111.904930642294,NO
587.9954156597701,1111.862469783874,NO
588.9939316844138,1111.8280643808291,NO
589.9876854590212,1111.783433928326,NO
590.9856690158458,1111.7293036297249,NO
591.9888501356626,1111.6840871570876,NO
593.0,1111.664705882353,NO
594.0063760329875,1111.6748223261156,NO
595.0,1111.6843137254903,NO
596.0048226683598,1111.692554911967,NO
597.0094041669722,1111.7178749719044,NO
598.0091953170989,1111.7531783254663,NO
599.0078241600737,1111.7899830674214,NO
600.0032328969921,1111.8168025124257,NO
601.0026122071353,1111.8334718059075,NO
602.0023687924346,1111.8489894920724,NO
602.9976312075654,1111.8489894920724,NO
603.9973877928647,1111.8334718059075,NO
604.996768022688,1111.816854627629,NO
605.9964570601786,1111.7992334195978,NO
606.995699483371,1111.7806736576413,NO
607.9953158944072,1111.7611106209997,NO
608.9954550099719,1111.742450577231,NO
609.995144934883,1111.7248796563515,NO
611.004855065117,1111.7248796563515,NO
612.0045493768417,1111.7422019911323,NO
612.9954500675506,1111.7421705067006,NO
613.9905834494056,1111.7175034632123,NO
614.9828621866582,1111.6762857444983,NO
616.1014158446425,1111.4875553112997,NO
617.0590623247173,1111.2566526498335,NO
618.0107119331687,1111.130894602452,NO
619.0032995742943,1111.0701159521197,NO
620.0010770116625,1111.020343553844,NO
620.9984367957519,1110.969337148603,NO
621.9989899309589,1110.9356081028036,NO
623.0010112445368,1110.935533164951,NO
624.0013348820759,1110.9599535350378,NO
625.0002617834762,1110.9851656037144,NO
626.0,1110.9941176470588,NO
626.9999456061698,1111.0030823168972,NO
627.9990519847403,1111.0284404597005,NO
628.998103400923,1111.0604540979157,NO
629.9986796722894,1111.0841708861024,NO
630.9984319753133,1111.0999615673013,NO
631.9961356302053,1111.1231767919685,NO
632.9973925898212,1111.1477532364918,NO
633.9996905287209,1111.1578303605768,NO
635.0,1111.1588235294118,NO
636.0,1111.1588235294118,NO
637.0003094712791,1111.1578303605768,NO
638.0026089605688,1111.1478410919208,NO
639.0020602685613,1111.1313421122804,NO
640.0,1111.1235294117646,NO
641.0018123909783,1111.115539917386,NO
642.0015684268806,1111.0999872071661,NO
643.0,1111.092156862745,NO
644.0,1111.092156862745,NO
644.9984308260385,1111.100034833569,NO
645.9961331833886,1111.1232547842567,NO
646.9951573468478,1111.1543595751957,NO
647.9945672065554,1111.184714983311,NO
648.9913289115043,1111.2189449755367,NO
649.9488190640682,1111.306461452528,NO
650.925838478426,1111.4740324318207,NO
652.0078418934053,1111.6000634467641,NO
652.967222194114,1111.5526521995778,NO
654.0595632816458,1111.365016006056,NO
655.0157194406466,1111.2625146555656,NO
656.0064168994634,1111.218174589073,NO
657.0027022377353,1111.1968773201363,NO
658.0054433075663,1111.173505435388,NO
659.0078446002166,1111.1250233150186,NO
660.0043866506081,1111.0532664746283,NO
660.9977049141538,1110.9727792149226,NO
661.9949535512669,1110.9046781895704,NO
662.9973944202021,1110.8671154337758,NO
664.0,1110.856862745098,NO
665.0,1110.856862745098,NO
665.9976324706769,1110.8490700154184,NO
666.9973885062994,1110.8335172873662,NO
668.0,1110.8254901960784,NO
669.0,1110.8254901960784,NO
669.9967663659313,1110.8167607447544,NO
670.9964578656444,1110.7992790626524,NO
671.9995867241971,1110.789229329556,NO
672.9995828594612,1110.787258314122,NO
674.0,1110.786274509804,NO
675.0,1110.786274509804,NO
676.0,1110.786274509804,NO
677.0004171432148,1110.7872569493532,NO
678.0,1110.7882352941176,NO
679.0,1110.7882352941176,NO
680.000413274717,1110.7892298833663,NO
681.0035440447712,1110.7991708057762,NO
682.0,1110.8078431372548,NO
683.0003748061896,1110.8088488333108,NO
684.0060649401272,1110.82816001884,NO
685.0023054830974,1110.8530254620543,NO
686.0022984223099,1110.8697560752507,NO
687.0019891224638,1110.8872830657058,NO
688.0,1110.8960784313726,NO
688.99800985416,1110.8872250743907,NO
689.9951010179228,1110.8611954990167,NO
690.9938639573486,1110.8261454471926,NO
691.9880556778122,1110.782442705791,NO
692.9901645973449,1110.7359970812392,NO
694.0,1110.7156862745098,NO
694.9954195721044,1110.707997740561,NO
695.9951756073009,1110.6924449853439,NO
697.0,1110.6843137254903,NO
698.0,1110.6843137254903,NO
699.0,1110.6843137254903,NO
700.0,1110.6843137254903,NO
701.0048243926991,1110.6924449853439,NO
702.0045787196964,1110.708106638248,NO
703.0048539129273,1110.7249449471046,NO
704.0091927378613,1110.7532475576338,NO
705.0078241600737,1110.7899830674214,NO
706.0032364414535,1110.8166016596238,NO
706.996763648916,1110.8166067805666,NO
707.9926193990399,1110.7908829595456,NO
708.9908730150441,1110.7550125040818,NO
709.9841036382534,1110.7104591290329,NO
710.9746193822198,1110.6501590697346,NO
711.9681987848631,1110.5702538470719,NO
713.0280253257301,1110.474497754985,NO
714.0042593982012,1110.4301992303383,NO
714.9949727802457,1110.4273136906588,NO
715.9904344021693,1110.4434959084358,NO
716.9820697536788,1110.4765670789777,NO
718.0137196742085,1110.5217037928599,NO
719.0070988574341,1110.5474478678707,NO
720.0068525475859,1110.5631501196767,NO
721.0082134287175,1110.5811151463352,NO
722.0145134104349,1110.6104295014286,NO
723.0064144160342,1110.636516441881,NO
724.0,1110.6450980392158,NO
724.9935853285731,1110.636501969632,NO
725.9790387345256,1110.604064981216,NO
726.9753918954035,1110.5517809577261,NO
727.9904077240624,1110.5107939399381,NO
729.0,1110.5000000004902,NO
730.0048519104472,1110.4948948610045,NO
731.0084870461718,1110.4809325937042,NO
732.0036749584549,1110.4685572302667,NO
733.0,1110.464705882353,NO
734.004506345691,1110.4596472562032,NO
735.0044111757271,1110.4499399199801,NO
735.9955888242729,1110.4499399199801,NO
736.995493654309,1110.4596472562032,NO
738.0,1110.464705882353,NO
738.9963250479508,1110.4685564135505,NO
739.996263783565,1110.4763676231914,NO
741.0,1110.4803921577611,NO
742.0037359249653,1110.476330460799,NO
743.0081741455001,1110.4632015564778,NO
744.00871531118,1110.444480858588,NO
745.0091432573952,1110.4239146696634,NO
746.0047966218424,1110.4077128676115,NO
747.0,1110.4019607843138,NO
747.996012108694,1110.4067649094256,NO
749.0,1110.4117647058824,NO
750.0086336637065,1110.4002880527123,NO
751.0088804830226,1110.377420516508,NO
752.0172129177989,1110.3376379901918,NO
753.0190319652243,1110.2773229277573,NO
754.0096785695271,1110.2243668373633,NO
755.0055495000757,1110.1886830089045,NO
756.0049652624077,1110.1582677453653,NO
757.0039894523072,1110.1271637972102,NO
758.0016283382437,1110.1038065563137,NO
759.0025049411997,1110.0798450038276,NO
760.0019792127873,1110.0388230185874,NO
760.9998241019498,1109.995278525924,NO
761.9986664571193,1109.959993710893,NO
762.9975621095028,1109.9268632801766,NO
763.998258127236,1109.901293881362,NO
765.0017404658546,1109.9013736062277,NO
766.0031675062514,1109.9353828743997,NO
767.0005459425755,1109.9915627059831,NO
767.9962954289206,1110.0555685686804,NO
768.9964729573946,1110.105811285259,NO
770.0018096184831,1110.1153631708287,NO
771.0028782159945,1110.091743138374,NO
772.0018998834604,1110.060558787641,NO
773.0009480152597,1110.0284404597005,NO
774.0000543938302,1110.0030823168972,NO
775.0,1109.9941176470588,NO
776.0,1109.9941176470588,NO
777.0,1109.9941176470588,NO
778.0,1109.9941176470588,NO
778.9999467855131,1110.0030154874482,NO
779.9996383771097,1110.0204919628156,NO
781.0,1110.0294117647059,NO
781.9994150838309,1110.0372884033711,NO
782.9991711189344,1110.0528411645055,NO
784.0,1110.0607843137254,NO
784.999878893927,1110.0617641004844,NO
786.0,1110.0627450980392,NO
787.0009494755408,1110.05380361144,NO
788.0005838698739,1110.0372217020558,NO
789.0003601808463,1110.020410246995,NO
789.9992958612181,1109.986188047493,NO
790.9981534171183,1109.9446025098323,NO
791.9985658525263,1109.9187316469947,NO
792.9962079512613,1109.892558612263,NO
793.9976350311164,1109.8659851029213,NO
795.0,1109.856862745098,NO
796.0,1109.856862745098,NO
797.0,1109.856862745098,NO
798.0,1109.856862745098,NO
799.0,1109.856862745098,NO
800.0,1109.856862745098,NO
801.0,1109.856862745098,NO
802.0,1109.856862745098,NO
802.9976324706769,1109.8490700154184,NO
803.9973877928647,1109.8334718059075,NO
804.9967671030079,1109.8168025124257,NO
805.9921758399263,1109.7899830674214,NO
806.9908046829011,1109.7531783254663,NO
807.990593635621,1109.7178090496984,NO
808.9888365045948,1109.6837009434753,NO
809.9868791666051,1109.6478092016896,NO
810.9932805207516,1109.6192295272244,NO
812.0067221228595,1109.6190797226018,NO
813.0064093633865,1109.6368027585706,NO
814.0118408524045,1109.6645091606133,NO
815.0153801386808,1109.7094862662314,NO
816.0092073027315,1109.752856605847,NO
817.0043038329999,1109.780504522728,NO
818.0,1109.7901960784313,NO
818.9956961670001,1109.780504522728,NO
819.990798005166,1109.7529990809933,NO
820.9945882447138,1109.7240004876003,NO
821.989310677311,1109.6971358379524,NO
822.9824523995447,1109.655797081029,NO
823.9855057144123,1109.6109428526024,NO
824.9849809102334,1109.574459096314,NO
825.9929036033267,1109.547604741363,NO
827.0070986625211,1109.5474602935726,NO
828.0068525475859,1109.5631501196767,NO
829.0082134287175,1109.5811151463352,NO
830.0145134104349,1109.6104295014286,NO
831.0064117983259,1109.6366647786783,NO
832.0067574788665,1109.6553685867984,NO
833.0063741978097,1109.6749159201856,NO
834.0048248437284,1109.6924162322236,NO
835.0045819633723,1109.7078998539257,NO
835.9954180366277,1109.7078998539257,NO
836.9951747754166,1109.6923919527185,NO
837.987591483667,1109.6669292916329,NO
838.9785365897352,1109.6225400155963,NO
839.9917899362177,1109.5812867580255,NO
840.9908736556557,1109.558893348202,NO
841.9784847760537,1109.521405767344,NO
843.013995427886,1109.4711794022755,NO
844.0095211831904,1109.4414366841625,NO
845.0090563445705,1109.4198850749847,NO
846.0093474625418,1109.3972671454424,NO
847.0087977585666,1109.3739047272393,NO
848.0041971546102,1109.3567581515074,NO
849.0,1109.3509803921568,NO
850.0,1109.3509803921568,NO
850.9914757671577,1109.362279884324,NO
851.9909298458059,1109.3854815410386,NO
853.0046111035056,1109.3919438085552,NO
854.0044737477876,1109.3802685722173,NO
855.0,1109.3745098039215,NO
856.0,1109.3745098039215,NO
857.0,1109.3745098039215,NO
858.0,1109.3745098039215,NO
859.0043337712237,1109.3683705639648,NO
860.0089001741228,1109.3491606760238,NO
861.0088661136537,1109.322979850745,NO
862.0,1109.3098039215686,NO
862.9956556420551,1109.316517506488,NO
864.0,1109.3235294117646,NO
865.0,1109.3235294117646,NO
866.0043413800736,1109.316300547295,NO
867.0113235250785,1109.2887498873483,NO
868.0065576105577,1109.2572601056818,NO
869.0067411019279,1109.229197473236,NO
870.0132219613852,1109.1729025620214,NO
871.008485660094,1109.0883201304648,NO
872.0002759545603,1109.003350876989,NO
872.9990492640527,1108.951512467954,NO
874.0007103092485,1108.9482488977603,NO
875.0009341206946,1108.9719763772805,NO
875.9993071470956,1109.0135905756883,NO
876.9982853655403,1109.0546539755194,NO
877.9955895487869,1109.0937220860933,NO
878.9911116725904,1109.1462273167604,NO
879.9914466000076,1109.1982833619813,NO
880.9964068897414,1109.2290607641633,NO
881.9961586337845,1109.244887080387,NO
882.9959137091234,1109.2605010265154,NO
884.0040850271599,1109.26042046459,NO
885.0069800119286,1109.2373204135315,NO
886.0086410865854,1109.200316096623,NO
887.008988420295,1109.147874006108,NO
888.005474227011,1109.0872454923353,NO
889.0015881112447,1109.032397468425,NO
889.9996607702392,1108.9903884895004,NO
890.9986561871355,1108.9571659632875,NO
891.9990997810777,1108.9344126215651,NO
892.9985652280524,1108.9186962601386,NO
893.9982555858247,1108.901149868067,NO
895.0,1108.8921568627452,NO
896.0,1108.8921568627452,NO
897.0,1108.8921568627452,NO
898.0017460455499,1108.9010574235112,NO
899.0,1108.9098039215687,NO
899.99825286658,1108.900995777535,NO
900.9979424055929,1108.8834029890975,NO
901.9949631683248,1108.8572897601598,NO
902.9937297912916,1108.822344075337,NO
903.9924925077482,1108.7872877060527,NO
904.9957685543304,1108.7602180900417,NO
906.0,1108.7509803921569,NO
907.0,1108.7509803921569,NO
907.9949290139234,1108.741379716842,NO
908.9945480568153,1108.7219509048327,NO
909.995360008548,1108.7042005640842,NO
910.9951137395572,1108.6885009169343,NO
911.9942102139386,1108.67191213867,NO
912.993899794226,1108.6543216891196,NO
914.0,1108.6450980392158,NO
915.0,1108.6450980392158,NO
915.9993021976893,1108.644120803009,NO
916.9992983573592,1108.6421622344974,NO
918.0007016458617,1108.64216059189,NO
919.0,1108.643137254902,NO
919.9992983536046,1108.6421603196798,NO
921.0,1108.6411764705883,NO
922.0,1108.6411764705883,NO
923.0,1108.6411764705883,NO
924.0,1108.6411764705883,NO
925.0,1108.6411764705883,NO
925.994251653465,1108.6335429321118,NO
926.994007687922,1108.617990129757,NO
928.0,1108.6098039215685,NO
929.0,1108.6098039215685,NO
930.0059885596269,1108.6182293485017,NO
931.0176037383696,1108.6546959142888,NO
932.0204816134781,1108.7176858824103,NO
933.0125425968968,1108.7794232896524,NO
934.0062060745305,1108.8241612104919,NO
935.004719878298,1108.8584036415598,NO
936.0037906691991,1108.8925976992189,NO
937.0023351834841,1108.9255660235674,NO
938.000713241302,1108.9480352767193,NO
939.0006391642316,1108.9637806952508,NO
940.0003283611032,1108.9813928716972,NO
941.0000174323793,1108.9990121652206,NO
941.9997553172274,1109.015598525744,NO
943.0000441988528,1109.0225414161357,NO
944.0,1109.021568627451,NO
945.0,1109.021568627451,NO
946.0002210793986,1109.0125278319929,NO
946.9990594854092,1108.9800140654115,NO
947.9951758159822,1108.925444431751,NO
948.9929852532288,1108.8674992262263,NO
949.9970155646851,1108.8308820068025,NO
951.002988006156,1108.8306796591535,NO
952.002680517656,1108.84810400666,NO
953.0,1108.856862745098,NO
954.0,1108.856862745098,NO
955.0,1108.856862745098,NO
955.9973185669169,1108.848052132463,NO
956.9937258851627,1108.822233401678,NO
957.9963907131021,1108.7954737521056,NO
959.0,1108.786274509804,NO
960.0,1108.786274509804,NO
961.0039899188736,1108.7965141427528,NO
962.006191954751,1108.8245612709363,NO
963.0067290793663,1108.8680065251224,NO
964.0041731587226,1108.9181418896974,NO
965.0013435079961,1108.959694757412,NO
966.0002617834762,1108.9851656037144,NO
967.0,1108.9941176470588,NO
967.9997393669476,1108.9852307943897,NO
968.9994322545424,1108.9678277589217,NO
970.000566323491,1108.9679083370265,NO
971.0002068386581,1108.9941395709839,NO
971.9996397670941,1109.0204131970347,NO
973.0,1109.0294117647059,NO
974.0003602329059,1109.0204131970347,NO
974.9997884860592,1108.9940071046296,NO
975.9986663719812,1108.9599911567523,NO
976.9977355030735,1108.9278191576766,NO
977.9984959846495,1108.904119027614,NO
978.9997943284303,1108.895107493988,NO
979.9997904695196,1108.8931394494193,NO
981.0,1108.8921568627452,NO
982.0,1108.8921568627452,NO
983.0017444141753,1108.901149868067,NO
984.0014345971375,1108.9187061660432,NO
985.0010142237031,1108.935343243114,NO
986.0007693243018,1108.9509555789325,NO
987.0,1108.9588235294118,NO
988.0,1108.9588235294118,NO
989.0005690413759,1108.9677543235543,NO
990.0002592333723,1108.985310109596,NO
990.999946828657,1109.0030130426244,NO
991.9989619092148,1109.0294125741095,NO
992.9980393390521,1109.0624960701334,NO
993.9970600820083,1109.0937098896088,NO
994.9979111800956,1109.1183664556645,NO
996.0,1109.1274509803923,NO
997.0018750484844,1109.1195343331426,NO
998.0,1109.1117647058823,NO
998.9981249515156,1109.1195343331426,NO
1000.0,1109.1274509803923,NO
1001.0,1109.1274509803923,NO
1001.9978776700523,1109.1352985254066,NO
1002.9950300773024,1109.15841629211,NO
1003.9948489094012,1109.187646869615,NO
1004.9971365347508,1109.2086238961222,NO
1005.996496566766,1109.2233438542064,NO
1006.9967327283749,1109.2380440748416,NO
1008.0,1109.2450980392157,NO
1009.0032672716251,1109.2380440748416,NO
1010.003503433234,1109.2233438542064,NO
1011.0028644973106,1109.2086990891607,NO
1012.0023055407596,1109.1959709698597,NO
1013.0028565346379,1109.1821040713755,NO
1014.004962428306,1109.15817740837,NO
1015.0042042711638,1109.1261281433767,NO
1016.0017813674133,1109.1009441486553,NO
1017.0011700818555,1109.0852488206588,NO
1018.0009824008359,1109.0715749178337,NO
1019.0,1109.0647058823529,NO
1020.0,1109.0647058823529,NO
1021.0,1109.0647058823529,NO
1022.0,1109.0647058823529,NO
1023.0,1109.0647058823529,NO
1023.9990176040885,1109.0715745590562,NO
1024.9988299168656,1109.085248913826,NO
1025.9982187486128,1109.100937573847,NO
1026.9960755977352,1109.1250903270268,NO
1027.997970861873,1109.1478372059623,NO
1028.9996943671615,1109.1558727558008,NO
1029.9996904989598,1109.1578455386807,NO
1030.9973873854722,1109.166554165373,NO
1032.0,1109.1745098039216,NO
1033.0026115013588,1109.1664832008507,NO
1034.0023662863173,1109.1508507429544,NO
1035.0021227249713,1109.135323708157,NO
1035.9981554188091,1109.1343909149405,NO
1036.9954249965429,1109.1555501227617,NO
1037.9949544468525,1109.1838022910774,NO
1038.9946407802192,1109.2102463138106,NO
1039.99684097079,1109.2301578417741,NO
1041.0,1109.2372549019608,NO
1042.0031599566655,1109.2302254135204,NO
1043.0025607128518,1109.2176605982904,NO
1043.9965557789417,1109.2195690782576,NO
1044.9967861776386,1109.2341499142256,NO
1045.9965980985814,1109.2478528169067,NO
1047.0,1109.2549019607843,NO
1048.0070400394861,1109.2393613505578,NO
1049.0061855366725,1109.210308253922,NO
1050.0025956850802,1109.1891141981416,NO
1051.002736269906,1109.1744371952188,NO
1052.0,1109.1666666666667,NO
1053.0,1109.1666666666667,NO
1054.0,1109.1666666666667,NO
1054.9946730857555,1109.1811150903868,NO
1055.9938189642576,1109.2101552222928,NO
1056.9897852213296,1109.2456410984432,NO
1057.9495417378366,1109.3303334416184,NO
1058.9377979761675,1109.4795575567102,NO
1060.0767208905645,1109.431442165534,NO
1061.0512398691944,1109.239607403142,NO
1062.0102591545553,1109.115130517113,NO
1063.002649571898,1109.0314251544469,NO
1063.9954973819893,1108.9478105624062,NO
1064.9817002364916,1108.8494696876712,NO
1066.9903118570674,1107.9809916181118,NO
1067.9732958101397,1107.7026933571876,NO
1068.993838838379,1107.6508675246203,NO
1070.017331735907,1107.6726227626716,NO
1071.0283589236287,1107.7704277620853,NO
1072.0148299143416,1107.9042625766206,NO
1072.990256645633,1108.05364198661,NO
1075.066923862804,1108.655924046266,NO
1076.00865260232,1108.7677459329911,NO
1076.9960685718502,1108.7772190820217,NO
1077.9808230610274,1108.7356692328035,NO
1078.9693602816526,1108.660298774844,NO
1079.9788486884577,1108.585108904692,NO
1080.9920033285246,1108.5468553044434,NO
1081.9990907755703,1108.536295516596,NO
1083.9722327008724,1107.9385903581274,NO
1085.9623230486336,1106.9270248846876,NO
1086.993426102999,1106.6121400595991,NO
1088.0120007663115,1106.6399769864995,NO
1089.0160901809143,1106.6843849247896,NO
1090.0240088139624,1106.7689717922633,NO
1091.0157282686982,1106.8984630737093,NO
1093.1671778156685,1107.5996934871337,NO
1094.0259210799918,1107.9210847154354,NO
1096.104372726487,1108.6939102833994,NO
1097.0184246552967,1108.9037823569709,NO
1097.9979711793387,1109.0246356808257,NO
1098.9973868651755,1109.0832936757556,NO
1100.0012730401193,1109.0927500655682,NO
1101.0051399092624,1109.079434958203,NO
1101.9997185013442,1108.9987918454394,NO
1102.8499411713437,1108.738185641628,NO
1102.9047113841373,1108.005225504913,NO
1102.8027773252638,1107.1699046584204,NO
1106.407973738746,1103.4067628235064,NO
1107.0409533951208,1103.92898596839,NO
1108.15868633401,1104.8071439804946,NO
1109.2133934927635,1105.7108862307743,NO
1111.06930784607,1106.8637100731,NO
1112.7541217349944,1107.586325078899,NO
1113.0834121426399,1107.8009930772116,NO
1113.9817364614241,1108.0511274381668,NO
1116.0347011494046,1108.8643751904185,NO
1116.998855521512,1109.0166766868945,NO
1118.0029823140276,1109.016682883698,NO
1118.8951140985662,1108.803643831985,NO
1119.1142936256572,1108.0042726588156,NO
1118.8740316395563,1107.1017077908953,NO
1117.910621474013,1106.1060903670866,NO
1116.8468457384408,1105.2395004826108,NO
1115.3691085599964,1104.3392252979238,NO
1113.7373435236666,1103.4767714012037,NO
1117.1342136539101,1099.711111183418,NO
1119.107236038089,1100.8043698252798,NO
1120.707660639661,1101.6317729136254,NO
1121.0715155846772,1101.8403050078239,NO
1123.1152692278874,1102.6587424261959,NO
1124.021386471999,1102.933042355451,NO
1126.0894192994635,1103.769602080067,NO
1128.141711556845,1104.676366712066,NO
1130.1683357227434,1105.6518108262992,NO
1132.1762922537073,1106.593406883068,NO
1133.0264917206985,1106.9271103486055,NO
1135.1118297800836,1107.6063943902266,NO
1136.036099913517,1107.8598308023734,NO
1136.9915561163268,1108.0434987931192,NO
1139.0970755419771,1108.6984461811187,NO
1140.0185789110083,1108.9136212722667,NO
1140.993702213475,1109.0553770871636,NO
1141.993156489316,1109.1396076137842,NO
1143.0003247590923,1109.1656271457427,NO
1144.008336216307,1109.1288324287639,NO
1145.0045589756828,1109.0400875438943,NO
1145.9919202422498,1108.9313220568044,NO
1146.9850343923601,1108.8303897834635,NO
1147.9871513229293,1108.7573027638277,NO
1149.0,1108.7274509803922,NO
1150.0089513789455,1108.7463775804733,NO
1151.0081070610113,1108.7823894105222,NO
1152.006095334229,1108.81713996086,NO
1153.0021935128086,1108.840186924416,NO
1153.999698168383,1108.8460658672693,NO
1154.997446843886,1108.8372363082724,NO
1155.9900462120806,1108.8047526289788,NO
1156.9724240149349,1108.7346461838495,NO
1159.03560128922,1108.1130659878336,NO
1159.995053459475,1107.9473583958288,NO
1160.9883435205568,1107.8617487349266,NO
1161.989448422493,1107.7930267567422,NO
1163.0004593341364,1107.7657395782717,NO
1164.010810596669,1107.795799838498,NO
1165.00982305446,1107.8568640605288,NO
1166.0057584727515,1107.934737310118,NO
1166.9973744589456,1108.026255408971,NO
1169.143174246935,1108.6315770880553,NO
1170.019388168792,1108.9451428872364,NO
1172.0932003292385,1109.619532870741,NO
1173.027823987505,1109.7810748218474,NO
1174.0024356275649,1109.8447287527902,NO
1174.9945423865286,1109.83627158487,NO
1175.989142327048,1109.7949106198091,NO
1176.9906671549359,1109.7494867852697,NO
1177.9904634378197,1109.7139031153947,NO
1178.9886970850835,1109.6797507237386,NO
1179.9800561306877,1109.6367366707436,NO
1180.9519337829602,1109.5419572311037,NO
1182.053608729578,1109.342538915077,NO
1183.0211974873064,1109.2304372161796,NO
1184.011443052336,1109.1496399065613,NO
1185.0042336646106,1109.0899653708775,NO
1186.0016050025695,1109.0511594588804,NO
1187.000067357813,1109.0343524864188,NO
1187.9973022500885,1109.0573271842818,NO
1188.9910531239418,1109.1169976032677,NO
1189.9831664876028,1109.1951157177132,NO
1190.9673176824706,1109.2923742448206,NO
1192.093110646581,1109.5385621523478,NO
1193.0471055126038,1109.7630304226761,NO
1194.012680884993,1109.918136057469,NO
1194.995048047965,1110.0435430255366,NO
1195.9830268588953,1110.1518489977373,NO
1198.0661032628211,1110.7025353082233,NO
1199.0193416968405,1110.8766966856638,NO
1199.9937597055332,1111.0328265490803,NO
1202.0762493450195,1111.7501448897824,NO
1203.0058607079786,1111.9778595468777,NO
1205.0739609667073,1112.8078691049425,NO
1205.9880586673082,1113.0409476172017,NO
1208.0633478524014,1113.770097107479,NO
1209.0084439621444,1113.9546692550614,NO
1209.9829102891413,1114.1086730346663,NO
1212.0593938579123,1114.6926448949623,NO
1212.9740673648216,1114.7172107849956,NO
1213.6240120301431,1114.3459705137727,NO
1214.3288848009129,1113.6500841522056,NO
1214.4461422356417,1112.865350666712,NO
1213.9412044157314,1112.0881390411587,NO
1212.739876227918,1111.567831168272,NO
1211.9510919209486,1111.1416077044478,NO
1211.0228429508504,1110.9182020836115,NO
1208.978360351458,1110.0653272442096,NO
1206.9313943037348,1109.1809402301717,NO
1209.0834445035716,1105.6777436100276,NO
1210.0203547743024,1105.8685957585246,NO
1210.9998396887772,1106.001184909027,NO
1211.9893668137645,1106.112977602802,NO
1212.982096814257,1106.202902767707,NO
1213.9623743504728,1106.3105710390016,NO
1215.0966286790974,1106.657965150757,NO
1216.0278832005877,1106.881977143103,NO
1216.9932279675666,1107.0440621852954,NO
1219.0694197880282,1107.5926499154114,NO
1220.0,1107.6960784313726,NO
1220.9447213138396,1107.6063487375052,NO
1222.0710379805605,1107.2567435560977,NO
1223.0127698280921,1107.0879699321551,NO
1223.9977311720702,1106.9773117220611,NO
1224.9929738455728,1106.8946076788711,NO
1225.991613799495,1106.835501457866,NO
1227.0,1106.8078431372548,NO
1228.0058334605353,1106.8249961721972,NO
1229.0,1106.8411764705882,NO
1229.9859359935922,1106.806144786248,NO
1230.8865907122356,1106.6325539282723,NO
1232.8370559455266,1105.6826429947173,NO
1234.8507668683892,1104.6948750314243,NO
1236.9877044683094,1103.9303253204196,NO
1237.9006646645225,1103.756657821126,NO
1237.9308656639025,1102.974497995711,NO
1237.9114880054237,1102.0744305401104,NO
1237.6949095813757,1101.3711512578766,NO
1239.025692087064,1097.7527742587895,NO
1240.0092679920112,1097.8249379267918,NO
1241.0,1097.8509803921568,NO
1242.0,1097.8509803921568,NO
1243.0002902701424,1097.8519622196125,NO
1244.0,1097.8529411764705,NO
1245.0,1097.8529411764705,NO
1246.0,1097.8529411764705,NO
1247.0,1097.8529411764705,NO
1247.9975702845309,1097.8451056488695,NO
1248.994035640036,1097.8210691890752,NO
1249.9920351860542,1097.7862076213012,NO
1250.9863588305511,1097.7423334631903,NO
1251.9776638708943,1097.6835715015795,NO
1252.9791439700005,1097.6201223155817,NO
1253.9646896325983,1097.53814036291,NO
1255.0348465797551,1097.4181589320517,NO
1255.9943708879205,1097.3794021712674,NO
1256.9876907781818,1097.4014394670824,NO
1257.966304368139,1097.4605069584481,NO
1259.032518005476,1097.5668601614939,NO
1260.0208126821633,1097.6339838549484,NO
1261.1201279297366,1097.3256298089939,NO
1261.9379406623914,1096.9443267183028,NO
1262.277596068603,1096.0876924800714,NO
1262.5778941912213,1094.9842744897978,NO
1265.0030041991643,1092.9098740190257,NO
1266.0024855778636,1092.9711898920827,NO
1266.9907352830844,1093.0726923956042,NO
1267.9746881122776,1093.1926725723943,NO
1268.9679760408847,1093.3110019079077,NO
1269.9813795284851,1093.400744923411,NO
1271.0140148732212,1093.4080801387374,NO
1272.0362463581753,1093.3102442637353,NO
1273.0285594355857,1093.1456531248043,NO
1273.9763288568101,1092.9341690120623,NO
1274.7666125225442,1092.5770227093114,NO
1275.9506159872583,1091.9074734145836,NO
1277.9975458384831,1090.9561374403131,NO
1279.001322725637,1090.960318228229,NO
1280.0002674835398,1090.9848426001222,NO
1280.9970755180336,1090.9573861190095,NO
1281.931412020404,1090.7969170240428,NO
1282.2932694436934,1090.6268634371834,NO
1283.8720224888461,1089.7568427312642,NO
1285.9962558233804,1088.9686962285393,NO
1286.994232451624,1088.8823420166375,NO
1288.0061025234802,1088.8847301107992,NO
1289.0028825532652,1088.9783808509987,NO
1289.9782003794073,1089.1170985092247,NO
1292.044333649359,1089.8257669292234,NO
1293.0029825539166,1089.9654294876602,NO
1293.999772676108,1089.9931802827812,NO
1294.9369225745982,1089.8278802165444,NO
1295.9753533638986,1088.981515022465,NO
1297.0021549093155,1087.0012588566788,NO
1298.9767442048228,1085.8381784229916,NO
1299.9063777418435,1085.7129603254332,NO
1299.8916548903233,1084.1146212031908,NO
1298.968731605569,1083.036271336284,NO
1300.006186825159,1079.0295390582764,NO
1300.971405246372,1078.914012215258,NO
1301.7863447905036,1078.5726895810071,NO
1304.0426625915798,1079.8743183091538,NO
1305.1892356759918,1079.7458305323214,NO
1307.1089093240312,1080.8100893636515,NO
1308.0014615240286,1080.9949849665195,NO
1308.991487512026,1081.0844438813097,NO
1311.0232592772497,1081.906212594011,NO
1311.9998961934778,1082.0066176653654,NO
1312.9726450124303,1081.9092852423655,NO
1313.6253972880745,1081.5455108415003,NO
1313.6931360309668,1080.9664602181413,NO
1313.6301374279526,1080.3844744488085,NO
1312.9835412527248,1080.0449800931035,NO
1312.0083608910693,1079.9272455823002,NO
1309.9871830817258,1079.0519667781798,NO
1309.0047455026242,1078.9462176379989,NO
1307.9971830548902,1078.9729139892363,NO
1307.0280712511437,1079.0910683600466,NO
1304.9888833573996,1078.1903724983163,NO
1303.9702635383574,1078.073665323119,NO
1305.0608686221435,1073.5275435269198,NO
1306.047742407792,1073.6832774946918,NO
1307.0189505268138,1073.78522736706,NO
1308.005536467434,1073.8431334127647,NO
1309.0,1073.8607843137254,NO
1310.0,1073.8607843137254,NO
1311.0,1073.8607843137254,NO
1311.9976938583088,1073.8529834767032,NO
1312.997113578779,1073.8364361385231,NO
1313.996429127587,1073.8178855116812,NO
1314.9964572798608,1073.7992458682545,NO
1315.9956978276534,1073.780589216045,NO
1316.9905853927444,1073.8221685277013,NO
1317.9093477999286,1073.721402216102,NO
1317.9699552294924,1072.9831242035918,NO
1317.9414666101595,1072.0350375943142,NO
1317.755805588155,1071.0529548004863,NO
1319.974387431859,1068.7160345706116,NO
1320.9406425392801,1068.5920753184332,NO
1322.0501207456703,1068.3747489576817,NO
1323.006528659523,1068.2997248261463,NO
1324.0140633151111,1068.2561532362479,NO
1325.0208428974997,1068.1476371974734,NO
1325.976602299235,1067.9409423484713,NO
1326.610107297571,1067.515221914411,NO
1326.9683014218622,1066.9745792439874,NO
1327.2107875085246,1066.537164185822,NO
1327.3100841200264,1065.8887121433816,NO
1326.9290146218564,1065.177785129605,NO
1325.9983661755323,1065.016024047705,NO
1325.001728559061,1064.9748124245757,NO
1324.0048835681155,1064.9133809230682,NO
1321.9090375106266,1064.3315963277635,NO
1323.935422567931,1060.7321440519534,NO
1326.0080568727856,1060.0322919472833,NO
1326.9429572992753,1059.820669671137,NO
1329.0165752396274,1059.0783414602458,NO
1329.9706855210316,1058.888604974427,NO
1330.8830252990215,1058.6340363016498,NO
1332.990508991807,1057.959996577777,NO
1333.914702511874,1057.736764050258,NO
1335.0313777575777,1057.05212654182,NO
1335.6928613368104,1056.675865542917,NO
1335.681181495927,1055.3961520847777,NO
1333.7426324130954,1054.571230517802,NO
1332.9485474743044,1054.1338918610058,NO
1331.7650988161838,1050.5564400065737,NO
1333.9466854787029,1049.812340589297,NO
1335.0880907369658,1049.42460667716,NO
1336.0205381021945,1049.2780969906787,NO
1337.0095178109123,1049.2206401604105,NO
1338.0026508506685,1049.1931334052797,NO
1339.0,1049.186274509804,NO
1340.0,1049.186274509804,NO
1341.0,1049.186274509804,NO
1342.0053124762874,1049.169335188207,NO
1343.0090553123005,1049.1099573697536,NO
1344.0039845794977,1049.0398457925896,NO
1344.9805689434052,1048.9275165135878,NO
1345.7502367468321,1048.6346650555943,NO
1345.7887466956013,1047.9579893982345,NO
1345.786106296046,1047.1351378525671,NO
1344.9671660420456,1046.0229714424775,NO
1344.0101087326423,1043.9997047802074,NO
1344.7101245468723,1041.8602123500502,NO
1344.9895529460396,1040.9962819437674,NO
1345.8381876949443,1038.9524498927244,NO
1346.4953800293272,1037.5597213887618,NO
1347.7492687605647,1036.6847531167791,NO
1348.5753368142482,1035.7237506678216,NO
1348.8568274668953,1034.9635697123847,NO
1348.901110266231,1034.0140127151064,NO
1348.700994684108,1033.1474698691604,NO
1350.929070130161,1029.8264822968906,NO
1351.4058159349536,1029.2722022798698,NO
1351.5148568784684,1028.380811261905,NO
1350.7227895723124,1027.5093646193,NO
1349.9584859984125,1027.1267341660432,NO
1349.012110784651,1026.9306011237627,NO
1348.0326017726388,1026.77755388181,NO
1347.0787184256262,1026.6030038280608,NO
1348.0088415129,1023.1503057187407,NO
1349.0068412836922,1023.0712051934153,NO
1349.9928349693298,1022.9525433018855,NO
1350.9246981197243,1022.7681298420069,NO
1352.7188634334007,1021.7078971256807,NO
1353.0459355529304,1021.0309665068298,NO
1353.3905441940842,1019.9723949059425,NO
1353.0197557146505,1018.9874157242175,NO
1352.6511329853563,1018.2183556272478,NO
1351.8010529486955,1016.0105324908379,NO
1351.8327481510503,1014.982290981068,NO
1351.968438446101,1013.9943126704316,NO
1352.6728595602003,1011.9079474924883,NO
1353.7138799531144,1009.7260985943178,NO
1354.8370776263043,1008.7901709875448,NO
1355.9135551355737,1007.899905949358,NO
1356.9121809804647,1006.9206755642045,NO
1357.8068214729049,1005.8633875537812,NO
1358.536341577839,1004.6928262944896,NO
1359.0077879175763,1004.0059363782542,NO
1359.8502739781711,1002.9161751534566,NO
1360.3184027613427,1001.66457675493,NO
1360.4077169874686,1000.806252887189,NO
1359.923609585964,1000.2087672821086,NO
1359.0,1000.0858130594311,NO
1358.0414904614981,1000.2170799207313,NO
1355.9797272428789,1000.8765895957313,NO
1354.9988264812794,1000.9860815224276,NO
1354.0015068208222,1001.0452046276993,NO
1352.999878989903,1001.061715152686,NO
1351.9983169861857,1001.0260102124694,NO
1351.0150056519008,1000.9170474123821,NO
1348.9610038259186,1000.1221707356182,NO
1350.9958976091445,996.9195300285764,NO
1351.9602937086113,996.8106758072184,NO
1354.0059036045586,996.0124660930719,NO
1354.8307487938484,995.6948765985245,NO
1355.9621967533383,994.9375609262494,NO
1356.6513479605803,994.4038592040107,NO
1358.3124742641025,993.716255986745,NO
1359.9859236052127,992.9559889907415,NO
1360.8782408540433,992.6795418923836,NO
1362.8683792482752,991.7791353269325,NO
1363.9384002782988,990.9267410291551,NO
1364.9798961347628,989.9751804135459,NO
1366.0334087153196,989.0439936535879,NO
1366.7929392476453,988.6539056675042,NO
1368.7961603201554,987.670643270457,NO
1368.8981791095673,986.9365004994977,NO
1368.9033845762206,986.0610514624761,NO
1368.7816708373903,985.3406778877043,NO
1367.0711314440018,984.8271969787263,NO
1365.9426236499198,984.1082097843588,NO
1364.7873966381192,983.2013021863245,NO
1363.8547084964052,981.0051279350961,NO
1365.9252259973716,978.6700339925175,NO
1367.0555702202562,978.353163366251,NO
1368.0100570739492,978.2607103000344,NO
1369.0202242223286,978.1663605380661,NO
1369.9810250595217,977.9530828485651,NO
1370.7250949616532,977.6183468814776,NO
1371.675724156109,976.7328293553811,NO
1371.9254941694983,975.9743912096712,NO
1371.9648386751667,975.0082309461233,NO
1371.7535332495138,974.1846661340429,NO
1370.6843582562342,972.0278507426525,NO
1370.6866772739857,970.9686987178658,NO
1370.971119488147,969.985828817201,NO
1371.6945907501442,967.9892208506882,NO
1371.703805468405,967.0046461890316,NO
1371.3778632996355,965.8651126337464,NO
1371.0718412515407,964.9705748242503,NO
1370.8533507027485,964.025131431488,NO
1370.7133548010397,963.0449639538801,NO
1370.5841879749655,962.0301667562678,NO
1370.5697186967473,960.9780640895916,NO
1372.0626223868167,958.1240742651365,NO
1372.94771308994,957.8613932782214,NO
1373.712170329288,957.4115292461197,NO
1374.9538848623445,956.9001213567165,NO
1375.6712151163783,956.4226431503741,NO
1376.8797467831828,955.8131602993257,NO
1377.9658317546703,954.9550417842323,NO
1378.5675478942014,954.4347993996485,NO
1378.8039310644313,953.9105098193074,NO
1378.8375944622635,953.0442265081339,NO
1378.6220738403329,952.3696352759737,NO
1378.0166544137005,951.9761532377373,NO
1376.9164355117528,951.1442737402543,NO
1375.6830470560835,950.4116271838056,NO
1374.7815353129306,947.9884342225739,NO
1374.8385263561063,946.9886018605304,NO
1374.8056834177683,946.0258532780151,NO
1374.5081349915183,945.2722824154094,NO
1373.874296816499,944.0906684860457,NO
1373.9257255214113,940.8914660674976,NO
1374.9694281447617,939.9709648247508,NO
1375.7310088188474,938.009493805792,NO
1375.699744741749,937.0105972437373,NO
1375.725919870016,935.9801157542801,NO
1376.7260619727058,933.7365248912579,NO
1377.7204436167688,932.7377357540566,NO
1378.074204586586,932.0568035080826,NO
1378.7294138774448,930.9476571102745,NO
1378.8000280660724,930.0141156658013,NO
1378.7365188672711,929.0185986680306,NO
1378.6960784313726,928.0,NO
1378.6186700345552,927.0364536706933,NO
1377.8127652511478,925.1740323046681,NO
1376.772759728201,924.4216768121358,NO
1378.7940591361908,920.6376483599972,NO
1379.9241537402943,920.5828455779366,NO
1380.797051470707,919.2341713827952,NO
1378.831813458891,919.3832447179054,NO
1377.974701849416,919.1255708171861,NO
1377.048684564104,919.1529268087631,NO
1375.2004155906197,919.8684675859147,NO
1372.9409395947457,915.8425643510503,NO
1375.0081900833702,915.0530200151217,NO
1375.9989559854243,914.96867956063,NO
1377.058953716601,915.3977309118638,NO
1377.9992313668743,914.9439995867214,NO
1378.9957035361185,914.9123521394333,NO
1379.9577973940566,914.7983653159041,NO
1380.7627911662878,914.4717373793098,NO
1381.9582685758935,913.923973571145,NO
1382.5853606083729,913.4163974517377,NO
1383.5484797261802,912.6146711617805,NO
1383.8857792603815,911.959634365381,NO
1383.994760519029,911.0002768831454,NO
1383.8264224782351,910.0795148492266,NO
1383.0020367346126,908.9980930969897,NO
1382.6864590019427,905.6653609018381,NO
1383.8784345643467,904.8163065559296,NO
1384.993614217957,903.9889603970091,NO
1385.7168643518862,903.5540787350154,NO
1387.8945911094133,902.6859318667844,NO
1389.9199399845857,901.8249901071821,NO
1390.216130846426,901.0660950613462,NO
1389.9313752777678,900.0789236841281,NO
1388.9333278923925,899.0733014375123,NO
1387.9101509945424,896.9831360329098,NO
1388.630286109454,895.2920387170662,NO
1388.7986557431982,894.9355520595262,NO
1388.9893403648455,893.9983739539431,NO
1389.6097016419599,892.2601059163243,NO
1389.7867478513488,891.9241358958324,NO
1389.9993960100633,890.9998457502545,NO
1390.1615506033509,890.0177066757084,NO
1390.10085259174,888.9798294819585,NO
1389.878858928001,888.0626492863718,NO
1388.8264473064044,886.02953716593,NO
1388.76244323951,884.9834042176526,NO
1390.014516471414,883.0201131826967,NO
1390.7261036150662,882.5929595618012,NO
1391.7665326465728,881.7993127604578,NO
1392.0931257959064,881.0572058480111,NO
1392.8762650024075,879.94138868621,NO
1393.7918139830533,877.9116996207583,NO
1394.777190245229,875.895919321698,NO
1395.6463228249313,873.8616045831767,NO
1395.9063861294421,872.9758292053165,NO
1396.067552216893,872.0086095961115,NO
1396.1608245299537,871.0078835556251,NO
1396.189180919574,870.0003709429602,NO
1396.189211972689,868.9996289961514,NO
1396.1872550416608,867.9996328332708,NO
1396.1872671304347,867.0003671904327,NO
1396.209373751623,866.0090318089609,NO
1396.3078361882199,865.0513592007719,NO
1396.6577119448157,863.9097262247695,NO
1396.7876760121762,862.9863292404502,NO
1396.7244130164559,862.0626724306439,NO
1395.997305862307,860.0006935403884,NO
1395.8588235294117,859.0,NO
1396.6917372382554,856.8303967195054,NO
1396.9930135444847,855.997063663696,NO
1397.2335792636904,855.0328247825347,NO
1397.2235562759934,853.9660304635144,NO
1396.953033298056,853.0277197697328,NO
1396.5149723993518,852.4276677956615,NO
1395.7274752118758,848.7330942726403,NO
1396.8716136098371,847.8253567513356,NO
1397.9290289035255,846.9192703796022,NO
1398.9054677253005,845.9194432073398,NO
1399.6585595029421,844.8195639671216,NO
1399.883428354334,843.9817094699326,NO
1399.8628577953261,843.0278884573058,NO
1399.6055490852618,842.2245336021984,NO
1398.8815499782618,841.0838705012388,NO
1397.877041317034,839.0106081997817,NO
1398.9017766972872,836.8706868872113,NO
1400.8381200962858,835.6798198473819,NO
1401.9780718553868,834.9614337687501,NO
1402.6516529145697,834.4999916142776,NO
1403.7334934565827,833.724271770157,NO
1404.6196136022822,832.704676394245,NO
1405.0218268282092,832.0162111868326,NO
1405.9207129006895,830.948191462693,NO
1406.634136304369,829.8081269642967,NO
1406.9417704745608,828.9797830964437,NO
1407.134145907293,828.0168339962132,NO
1407.2026589448521,826.9968210359534,NO
1407.0999263451617,825.9841293448077,NO
1406.891926451669,825.0439085382652,NO
1406.4463288231254,824.3967824684134,NO
1405.6709365613056,823.3278965480497,NO
1404.6596205707463,822.2807992415582,NO
1403.816658141679,819.99065315981,NO
1404.6954636282987,817.8128547440043,NO
1405.8672695304253,815.9318822978524,NO
1406.5081649328577,814.7046013178955,NO
1406.947181107236,813.9723622076465,NO
1407.2195305055095,813.0938553064312,NO
1407.419134416707,811.8485193569247,NO
1406.9426069808471,811.0773048869225,NO
1405.7999392866254,810.3911477124876,NO
1403.7541280406042,809.5665075120373,NO
1405.0544651149135,805.3315563743935,NO
1406.015353466767,805.2249616517252,NO
1407.0159103869396,805.1001765080091,NO
1407.9330727558731,804.8732592544378,NO
1408.8463423339479,803.9244912502436,NO
1409.0403774553267,803.0033252020187,NO
1409.06154349952,801.9969831616983,NO
1409.0065924676387,800.9995605021771,NO
1408.9725490196079,800.0,NO
1408.9903834121865,798.9996605910399,NO
1409.0168884039208,798.0004510256135,NO
1409.0169559591666,796.999695401916,NO
1408.981865302469,796.0010941805823,NO
1408.9159865632012,795.0070834859881,NO
1408.8338105097266,794.014663778846,NO
1408.7763439798057,793.0039468711309,NO
1408.7962270936123,791.9892120227192,NO
1408.869971166351,790.9865039928745,NO
1409.7666665802287,788.9007033621396,NO
1410.052830359055,788.0242671314285,NO
1410.7380811582827,785.9953779025751,NO
1410.7307236339593,785.0089758782658,NO
1410.6901360891839,784.0164045598076,NO
1410.6607843137256,783.0,NO
1410.6919479749033,781.983691363553,NO
1410.791773219603,780.9742778681936,NO
1411.9029825791097,778.8847399857658,NO
1413.8305154512702,777.7246801330742,NO
1414.7545937161071,776.8273575303166,NO
1414.9508891098615,775.9987762183517,NO
1414.7607434555769,775.175320185042,NO
1413.8201864395994,774.3310990102283,NO
1411.8209824827875,773.2970245741959,NO
1411.764426404778,769.6628680241216,NO
1412.9490456339993,768.9132398657274,NO
1413.9293958586425,767.9571941057038,NO
1414.7716168074642,765.9563491453985,NO
1414.8654204327045,764.9978889478273,NO
1414.7572183990112,764.0588237390217,NO
1414.0267397159575,762.9731818678044,NO
1413.5607716750344,762.6303839559281,NO
1412.9463724829293,762.1197588596085,NO
1411.6323095531068,761.5402982028638,NO
1410.744932121526,758.9859962731596,NO
1411.0986689237777,757.0547897157271,NO
1412.0050137390617,756.0045316487906,NO
1412.7204239158582,754.9115103201477,NO
1412.8352291938354,754.0088798640004,NO
1412.6720903058276,753.1277520999586,NO
1411.7704636064204,751.0388236614958,NO
1413.8050816593568,749.7569461484406,NO
1414.8754149063866,748.8323764258392,NO
1414.9075722454018,747.3599817950577,NO
1414.0301515228227,747.2814142186347,NO
1413.3588791793024,747.7864799063184,NO
1409.9835067199201,749.4427143690726,NO
1408.962109389746,749.3578557709575,NO
1406.5278627402233,745.7000622837004,NO
1407.6671580235684,744.5436729239744,NO
1408.9105903141924,743.8160957148017,NO
1410.9741132762138,742.912057293491,NO
1411.879815526422,742.6351542778646,NO
1413.9771548648055,741.9414028725732,NO
1414.598213487701,741.5406980075542,NO
1415.0232617994889,741.0161043214258,NO
1415.3974988955147,740.1031205536275,NO
1415.5998836449025,739.0211826303357,NO
1415.5564462640298,738.0165245506107,NO
1415.567866341234,736.9771223359589,NO
1415.6785567437462,735.9531629568146,NO
1415.8688874954257,734.9323470658418,NO
1415.8900821766385,733.3961926896121,NO
1415.0048274395235,733.3077492497015,NO
1412.8288312221878,729.7185224538281,NO
1413.79496272682,728.8392627547056,NO
1414.026106777008,728.0060954149629,NO
1414.0194471041386,726.9946398640037,NO
1413.7757847707487,726.2181244881295,NO
1413.029473272213,725.9241368398943,NO
1412.0158479643303,725.7164975248636,NO
1410.9799670394657,725.7287429000895,NO
1409.9770487071803,725.8654579335931,NO
1409.017291159175,726.0595844010098,NO
1408.085724679577,726.2921883385942,NO
1405.895003418449,722.7398633568542,NO
1407.9247614434755,721.8179226913318,NO
1409.9487302967893,720.9059206035239,NO
1410.408749370323,720.6558522581877,NO
1411.0185217939274,720.0216744399193,NO
1411.588064619476,719.5996074405216,NO
1412.5762592674666,718.5747322599095,NO
1413.6870127643326,717.614923600742,NO
1414.840267257875,716.7681889974953,NO
1415.9405786132556,715.9107112733085,NO
1417.8350287267367,714.7061798342671,NO
1418.91912120287,713.90934732853,NO
1419.7079454672053,712.8541519102516,NO
1419.9426381056423,711.9874899180755,NO
1420.0718299631276,711.0046478213266,NO
1420.1153117806934,710.0018088123633,NO
1420.1235294117646,709.0,NO
1420.1235294117646,708.0,NO
1420.1313421122804,707.0020602685613,NO
1420.147835016671,706.0026088533585,NO
1420.1568627450981,705.0,NO
1420.1289873729074,703.9936770893747,NO
1419.9983906778064,703.0003703735473,NO
1419.7612676985616,702.1334359285476,NO
1418.9094156166125,701.1017995946157,NO
1417.8228646852313,700.2546546496428,NO
1416.6480773382398,697.988269245395,NO
1417.5987254808267,695.7128604445403,NO
1418.0097740599986,695.0069557035498,NO
1418.7466710060962,693.8952139175692,NO
1418.916188970905,692.9928352401472,NO
1418.8882539153906,692.0157759170952,NO
1418.7544991667937,691.0481374171793,NO
1418.6107172861825,690.0137393890287,NO
1419.55565000992,687.6200920039457,NO
1419.9981163903558,686.9986558278382,NO
1420.7362478424307,685.8882823437415,NO
1421.2097450457509,684.080352380664,NO
1421.8466261372998,682.9387821044454,NO
1422.0335541079667,682.005609558703,NO
1422.0663908798338,680.9935482212915,NO
1421.8821198812802,680.0521112362463,NO
1421.6833212344225,676.7684705160461,NO
1422.793471722634,675.7397592246464,NO
1423.8453275315069,674.8395543791601,NO
1424.5661392621873,673.750164454478,NO
1424.7908657212718,672.9755788005699,NO
1424.709015665447,672.1069599928007,NO
1424.5002180916886,671.7877253926415,NO
1424.0193760096054,670.9862316358242,NO
1423.6249825227542,670.2654743719137,NO
1422.7776231891073,667.996075703152,NO
1422.9186449690478,666.9819742780156,NO
1423.5889868435884,664.8823007808325,NO
1423.8029045894518,663.9658949615094,NO
1423.9071601571804,662.9938106774226,NO
1423.9411764705883,662.0,NO
1423.9422004820967,660.9998866676178,NO
1423.9882601578718,659.9990331895254,NO
1425.794718777332,657.6162581977605,NO
1427.4319882031639,656.6191831032019,NO
1427.9852420031575,655.9875096503104,NO
1428.383705489529,655.0553089004844,NO
1428.171360323096,653.9295961424729,NO
1427.9009381140997,653.0637080645771,NO
1426.9895461509316,652.0090914428866,NO
1426.4290190383374,651.4633615246354,NO
1425.673095339469,650.1766934972303,NO
1425.0689905921056,648.0057836425539,NO
1425.6850094600745,646.290551768857,NO
1425.816923364989,645.9332123881641,NO
1426.0538756528067,645.016973020756,NO
1426.7739784391358,642.964068367562,NO
1426.7505647825792,642.0524156369211,NO
1426.4360803633747,641.2451824379582,NO
1426.033034827384,639.9942055843743,NO
1426.5984870137656,637.7613865482956,NO
1427.0012837565496,637.0008276454125,NO
1427.7330615746664,635.8794889585747,NO
1427.9060738754392,634.9931133593341,NO
1427.8001406123003,634.0698198708424,NO
1427.0461884913766,632.9637794148009,NO
1426.672715365224,632.2625470218559,NO
1425.7767684096982,631.1659593458013,NO
1424.964494736552,628.9984532360749,NO
1425.7598011890152,626.905683891426,NO
1426.640200524685,624.831474566014,NO
1426.8911287756187,623.9753285579925,NO
1426.9637742501986,623.001846803001,NO
1426.819223253232,622.0585778744354,NO
1426.1426727207456,620.9285819258773,NO
1425.6792124827248,619.0402556884518,NO
1425.6375950642152,617.974418475344,NO
1426.0957321652972,616.0549760156392,NO
1426.916885017525,614.9552912275799,NO
1427.5175398066476,613.7503549059753,NO
1427.8067335215053,612.9576283783693,NO
1427.8686779886307,612.0086289616823,NO
1427.7107601681182,611.1101544271704,NO
1426.7911372564397,609.036214105902,NO
1426.6695067553126,608.0226809084652,NO
1426.6274509803923,607.0,NO
1426.658272669059,605.9819085532628,NO
1426.7344177613331,604.9760455235712,NO
1426.8461542403043,603.9795887795588,NO
1427.6710954559294,601.8814153739223,NO
1427.8682114084977,600.9825151762511,NO
1427.9575684418476,599.9965711872904,NO
1428.0119774363386,599.0003145589329,NO
1428.0380191347688,598.0002258562369,NO
1428.0608262037088,597.0019082729838,NO
1428.1042218755886,596.0061913983997,NO
1428.6382322246645,593.9096549972462,NO
1428.829292510855,592.9728876334407,NO
1428.969512059121,591.9949596547199,NO
1429.1634208311652,591.0591479096869,NO
1429.4934379975207,590.1341442267344,NO
1429.4184256525646,588.8651031052685,NO
1429.1221697985707,587.9560605951642,NO
1428.939243398145,587.0075187813875,NO
1428.8549927439237,586.0076768546508,NO
1428.844278494317,584.9948092834921,NO
1428.9386295399747,583.9905678135808,NO
1429.9455010298489,581.9655029753218,NO
1430.7660931014668,580.8574911629055,NO
1431.6199871317026,578.8771453229531,NO
1431.8267947776462,577.972504327119,NO
1431.9120248910408,576.9970674965648,NO
1431.9192167967535,576.0015839844187,NO
1431.875223465438,575.0088077553041,NO
1431.7930656122512,574.0219106994233,NO
1431.6377066080186,573.0801670503913,NO
1431.102769312885,570.9909530478619,NO
1431.045652821173,569.9985677546853,NO
1431.0375320715882,569.000588738416,NO
1431.0685211055513,568.0032245226894,NO
1431.115441811919,567.0056589125178,NO
1431.1522579491605,566.0040662359366,NO
1431.1550345154496,564.997214948686,NO
1431.1184994737623,563.9933190207946,NO
1431.0611418307842,562.9960437637346,NO
1431.0125863963356,561.9995557742751,NO
1431.0130452114774,561.0004604191994,NO
1431.0940246402242,560.0127412228308,NO
1431.8083405139992,557.9331700394591,NO
1432.875041945015,555.9155771136219,NO
1433.7225025944324,554.8051776797485,NO
1434.0048407323457,554.0018702829095,NO
1434.2037175382734,553.0031955694346,NO
1434.0860108131667,551.9821232433901,NO
1433.8840067217848,551.0397828179272,NO
1433.0984377065038,548.9786867001241,NO
1432.931956182284,548.0116074743512,NO
1432.7385769517696,547.0757341436204,NO
1431.8526817408974,545.084797830255,NO
1430.9998879869165,544.0000803163346,NO
1430.5621139187317,543.315908433188,NO
1429.7991961061307,542.1095744716097,NO
1429.0607843137254,540.0,NO
1429.7169844505465,537.869645542433,NO
1430.0132229470305,537.0055118813297,NO
1430.8783190538186,534.9581179638624,NO
1431.503917719068,533.6867236656269,NO
1432.003431753189,533.0029607283899,NO
1432.9808410277597,531.9825849542783,NO
1433.9181734027443,530.9419951132061,NO
1434.643103486941,529.8107852949804,NO
1434.9624820024826,528.9856346573843,NO
1435.1906383415192,528.0370062676226,NO
1435.8033602146452,525.9367090543483,NO
1436.841801615755,523.9113512482422,NO
1437.1158216781728,523.0628100194831,NO
1437.8931592681806,521.9499918234925,NO
1438.1526762452536,521.0674615937321,NO
1438.8448153129373,519.9376664043934,NO
1439.6843461429746,517.8803191013258,NO
1439.9639200575677,516.9873866862548,NO
1440.5767835368922,514.9534876358057,NO
1440.3527632715814,513.894292518653,NO
1440.0005666790132,512.9996417546632,NO
1439.6145923376791,512.3718608115886,NO
1438.6098961992514,511.28220274092934,NO
1439.8443939726544,507.6389087429652,NO
1441.6738467131108,506.6415419931746,NO
1441.9537906877672,505.98056317410555,NO
1442.0760283562724,504.99210296110476,NO
1441.9106721832957,504.030885600725,NO
1441.6305068075274,503.1254558274928,NO
1441.2707733521524,501.98089300994667,NO
1441.3095493933226,501.04715415726037,NO
1441.67609081047,499.9042261906314,NO
1441.8003419697038,498.99201367834155,NO
1441.6251867226813,498.1911497758682,NO
1440.8749416925052,497.18138226701905,NO
1440.0608398329307,496.887953304868,NO
1438.9848202501628,492.9752025449035,NO
1441.0246642234035,492.0657021760212,NO
1441.8588661278245,491.7852810514766,NO
1442.8498057234333,490.87469505822787,NO
1443.5119260417239,489.7417707911171,NO
1443.853306359017,488.95822016594565,NO
1444.0024820761732,488.0002092730933,NO
1444.029216442214,486.9989688315166,NO
1443.918926654529,486.01765374191217,NO
1443.6776890853214,485.1432044774673,NO
1442.6501452949701,483.21619097032425,NO
1441.9021529099298,482.052200722483,NO
1440.8349363535706,480.0361024265377,NO
1440.6959145078897,479.01550239822416,NO
1440.7073592781505,477.97934300804945,NO
1440.809880331782,476.9765146291194,NO
1441.6865626387985,474.76517073868695,NO
1442.664068725343,473.6538696767433,NO
1443.6259693767186,472.68400860834646,NO
1444.0394763444324,472.02801387647656,NO
1444.7921671857594,470.91811248348046,NO
1445.0196026323815,470.00445863803805,NO
1445.2005140298916,469.0345984988949,NO
1445.862153363266,466.94804350532877,NO
1446.1181847406144,466.05818723605626,NO
1446.934793084994,464.95957022973727,NO
1447.6574407620142,463.8203545312627,NO
1447.9451633835995,462.98269500291786,NO
1448.134697120186,462.0184041612968,NO
1448.2850663601816,461.0586556303452,NO
1448.4158766948765,459.98400474298177,NO
1448.1853736798207,458.9449308310113,NO
1447.9930665139796,458.0014392865036,NO
1447.8221104472243,457.0345315026601,NO
1447.438127121116,455.8655746277066,NO
1447.2150624257197,454.95176583579075,NO
1447.1527361882017,454.0094696433857,NO
1447.2566681241483,453.0543655479342,NO
1447.4095948682345,452.003427572175,NO
1447.2455127045696,450.9430695152773,NO
1447.0723794991359,449.98685322536426,NO
1446.8606962338981,449.05395894860277,NO
1446.0998906479956,447.9452670193806,NO
1445.669026915333,446.0298524743033,NO
1445.6098039215685,445.0,NO
1445.6098039215685,444.0,NO
1445.6311326814696,442.98625788449203,NO
1445.7010375249872,441.9730347571557,NO
1445.7856535296319,440.98108707576677,NO
1445.8431334229947,439.9944635329271,NO
1445.8607843137254,439.0,NO
1445.8520278836916,438.002611272764,NO
1445.8356311905086,437.00257833443345,NO
1445.8570016703447,435.99242950027633,NO
1445.945904997193,434.9935298133325,NO
1446.080142814678,434.01382856394923,NO
1446.2426591945257,433.0508567157785,NO
1446.5813653667258,431.90821379875854,NO
1446.7854183070576,430.95776622836576,NO
1446.9034958440316,429.99167415149884,NO
1446.9544940277515,428.99928618078127,NO
1446.9458402374298,428.0018053252979,NO
1446.9133071605002,427.0028897611228,NO
1446.8960784313726,426.0,NO
1446.905237128251,424.99832771394904,NO
1446.9401186199389,423.996947223646,NO
1446.9896467263995,422.99947218603177,NO
1447.015595293977,422.00044018975495,NO
1446.8811564179205,421.036989183856,NO
1446.589981619793,420.41160455609105,NO
1446.0313380726018,419.96229322203834,NO
1444.8356165456928,418.00590599242537,NO
1445.824354425495,415.8557986722388,NO
1446.774585112463,414.80865945346886,NO
1447.5277667643566,413.674173409982,NO
1447.9344646271659,412.96999751927837,NO
1448.5756434406812,410.9007024379988,NO
1448.7861809033418,409.9593851168803,NO
1448.902875029936,408.9916205910687,NO
1448.9374035274072,408.0011046436861,NO
1448.8529702522867,407.02560969090274,NO
1448.6275103689673,406.14138292599415,NO
1447.9816637318631,404.00003595346504,NO
1448.9630478395418,401.96706118630533,NO
1449.9089450193237,400.9328652900706,NO
1450.7098535710109,399.82455384757094,NO
1451.7530877104175,397.88397408524185,NO
1452.4336240011094,396.52326624426837,NO
1453.7364050698336,395.5710365380266,NO
1454.8953565067172,394.84425154202034,NO
1455.8571072856894,393.8926331020533,NO
1456.077081716316,393.00406666120006,NO
1455.85934326048,392.1216723894121,NO
1454.84969766401,391.3595377933112,NO
1453.9756787905276,391.1322636503332,NO
1452.9997674459814,391.00194182604116,NO
1450.8820459698914,388.99411407032136,NO
1451.0201978700109,388.00504423509545,NO
1451.2174410255654,387.08598922069297,NO
1451.3626646270511,385.8328589158751,NO
1450.9206403499752,385.15323361656795,NO
1450.0141011725718,384.9340171546064,NO
1447.941012621611,384.16444966285695,NO
1446.6464345265204,383.27662963308654,NO
1446.691846514945,379.8247126890198,NO
1447.7443144838214,378.6695980306692,NO
1448.9138714305639,377.85397060967045,NO
1449.9638016559138,376.9622721497778,NO
1450.5875297787738,375.8673100820329,NO
1449.933444120883,374.07217749483385,NO
1448.8668230459048,373.20966556349174,NO
1447.855626427316,369.8191181726309,NO
1449.9490467638461,368.82564729140563,NO
1451.088354608272,368.21358551648257,NO
1451.9684708012653,367.9367935794084,NO
1452.5527735056546,367.5036069674547,NO
1452.8903282058443,366.949783979787,NO
1453.0611515962225,366.0,NO
1452.990599903364,365.0015540483006,NO
1452.8131178295566,364.06055624138696,NO
1452.0622286313817,361.99309964789535,NO
1452.0212792652524,361.00037551646335,NO
1452.0614495527057,360.00397614768457,NO
1452.1163842638616,359.0054769066623,NO
1452.1569896875565,358.0052329892341,NO
1452.182131667694,357.0028569675213,NO
1452.2173893392464,356.0122719785668,NO
1452.8763918266366,353.95534573979245,NO
1453.1300971372523,353.06024062847433,NO
1453.8987366173087,351.94858592034586,NO
1454.1649646060469,351.07028926901546,NO
1454.7352659923604,349.9287147093382,NO
1454.8646432148903,348.99283405263026,NO
1454.874751762836,348.0041749409587,NO
1454.8172860577295,347.0164800810675,NO
1454.7306001899178,346.02482704230147,NO
1454.5816165605347,345.07566509052043,NO
1453.9505819810554,343.0189328776951,NO
1453.5936603843081,342.28538269582225,NO
1452.7502808836366,341.26657404412845,NO
1451.6696582936456,340.37123507188005,NO
1450.6456732677086,337.9812415261397,NO
1451.9429427961147,335.92141177272265,NO
1453.0201736186777,335.0270786842207,NO
1453.6101320705054,334.6328980665421,NO
1453.7770811502023,333.9671017057606,NO
1453.6907281699794,333.18170243505836,NO
1452.8947360566954,332.1124114985236,NO
1451.853317171063,331.19031966085475,NO
1450.7205767150624,330.31247892136247,NO
1449.7872782087056,329.11316081359513,NO
1448.8901557955555,327.0019732492797,NO
1448.8653121658233,326.00713053232073,NO
1448.7241613755316,325.0779998677627,NO
1447.9799192149305,323.00308626834703,NO
1447.8750364809152,322.00833090089907,NO
1447.8572092215868,320.99496032578713,NO
1447.9446082016323,319.99261442671775,NO
1448.0562666732976,319.00639895514644,NO
1448.102366768086,317.99698921280435,NO
1447.9684309715035,317.00841405891003,NO
1447.7182783178105,316.13855745565985,NO
1446.8905774154096,314.00944037956464,NO
1447.6925624219648,311.66007390500914,NO
1448.9406542226966,310.8825831800728,NO
1449.809949430387,309.90679978387624,NO
1449.8974047311576,309.0201865685094,NO
1449.724920698335,308.1690712452412,NO
1448.7806414125341,306.03871033896456,NO
1448.4121270059666,304.88493450237877,NO
1448.0748092969234,303.96221837251454,NO
1447.7501229387155,303.1969889627252,NO
1446.7777084133807,302.31177334847996,NO
1444.956083285066,300.0004427088199,NO
1445.9630148153872,297.9627031429757,NO
1446.9821868350957,296.98124407742955,NO
1447.8801514256363,295.9341792717841,NO
1448.095680870638,295.0103157420177,NO
1448.0685671898498,293.9899165896065,NO
1447.882160313419,293.04172724179705,NO
1447.0826656123181,290.9853148918917,NO
1446.9980392156863,290.0,NO
1447.041161163966,289.0041900585243,NO
1447.0753960272245,287.99862080435605,NO
1446.8812185065362,287.0638730649649,NO
1445.930636315082,286.1699791472989,NO
1445.00022741028,285.9973028083586,NO
1444.0,285.95098039215685,NO
1441.7113704264493,285.36063940687654,NO
1441.8029644544777,281.8955502288965,NO
1442.7751685825415,279.9156261834445,NO
1442.9301027717236,278.9952753364792,NO
1442.8878485069633,278.0176142506059,NO
1442.7207278356861,277.0804280091743,NO
1442.0724569835381,274.98408787889656,NO
1441.861482318063,274.04810446590665,NO
1441.467641176804,273.24487061221595,NO
1440.891169550588,272.07098804942956,NO
1439.6168238302232,270.17597352907006,NO
1440.4665206816928,266.48646384986625,NO
1441.0033190534498,266.0031323033896,NO
1441.6249913493277,265.42935976811594,NO
1441.8954844620837,264.94251645556795,NO
1442.1117855040873,264.00999890495297,NO
1442.0479438758416,262.9900855325396,NO
1441.8434673702486,262.0659793460804,NO
1440.979054397711,260.0048873071794,NO
1440.7695737315892,259.06532333517,NO
1440.1865675762954,256.9811585213118,NO
1440.0810105677585,255.99078703326336,NO
1439.9556203315071,255.00678747892317,NO
1439.7861248201336,254.05022998390564,NO
1439.0288911837572,251.9931409421576,NO
1438.8140973701543,251.06679617868568,NO
1438.6669518188644,250.70378931565725,NO
1437.8662737978957,249.06168514858882,NO
1437.6091820155625,248.66545678545535,NO
1436.6996545686136,247.21217063971662,NO
1435.7714338625965,245.0282346406239,NO
1435.5914115629153,244.07481196683048,NO
1435.2624407290677,242.94412551992843,NO
1435.160333559654,241.99564047743664,NO
1435.0853521206589,240.99029328802044,NO
1434.93652041863,240.01408551833782,NO
1434.7330286271422,239.08083141841527,NO
1434.2344438888815,236.99034642874247,NO
1434.2493556547797,236.01672507526885,NO
1434.4094444747311,235.10779831689868,NO
1434.7706017353173,233.95612340832758,NO
1434.8613674864087,232.99782537219505,NO
1434.7388813622592,232.08165565759643,NO
1433.9367773687175,231.11191927066213,NO
1431.9415950745354,230.29329428479392,NO
1430.9809690274349,230.1251507005653,NO
1428.7367189824424,228.03049075143397,NO
1428.724234214977,226.97250673333204,NO
1430.884897460124,224.693783810113,NO
1432.8831516044002,223.74130889605232,NO
1433.947050548753,222.95078327570064,NO
1434.8292898661705,220.98460261538008,NO
1434.7984166817225,220.03104553140884,NO
1434.5386973218167,219.2271323825209,NO
1433.8864187127024,218.0878237837277,NO
1432.9227055031836,217.08922500749776,NO
1431.8375613630167,216.30482817316897,NO
1430.989346794273,216.03790559296226,NO
1428.9323540870928,215.227766587815,NO
1426.778724546034,213.00795001638426,NO
1427.6940967791504,210.76217889321444,NO
1428.6903722521083,209.69037225210823,NO
1429.6390766268773,208.67751107404192,NO
1430.0103297489832,208.00715506503775,NO
1430.4421064161727,206.98110656312963,NO
1429.963126218002,206.04935413643977,NO
1429.0921404521425,205.70935345529674,NO
1427.995129809797,205.39042691685827,NO
1427.0569824242598,205.43808088924203,NO
1425.948400066067,205.64940320945237,NO
1424.9673406270715,205.81285079000457,NO
1423.9945067945298,205.96921390453562,NO
1423.0131386840992,206.10807627214152,NO
1420.8690316232287,202.83492774361548,NO
1421.9501090596561,201.93544995200813,NO
1422.9889762875373,200.98783814562177,NO
1423.5085761247774,200.45340588666832,NO
1424.4781908040368,199.52816147299092,NO
1424.8796447058191,198.94467208294114,NO
1425.0558912246581,198.00363234394646,NO
1425.0400604450715,196.99546641055696,NO
1424.9505412831022,196.0056804073647,NO
1424.9019121563658,194.9986536962599,NO
1425.6817114057137,192.79531884905296,NO
1426.5502156000966,191.23645629227815,NO
1426.70283509135,190.91283162359647,NO
1426.7098695732377,190.06545029766642,NO
1426.612660353484,189.73895340683623,NO
1426.0060996124041,188.99337314799405,NO
1424.9402343136242,188.11036644614086,NO
1423.7319904417702,187.40913233970653,NO
1422.477932179777,186.3908861022062,NO
1421.9395993544435,183.9950258294657,NO
1422.0679451927404,183.0142465723043,NO
1422.8296804847607,180.95059842542045,NO
1422.9779425643612,179.99805375564011,NO
1422.977558343127,179.00210876106297,NO
1422.8073632907515,178.07545289419008,NO
1422.6539488117787,177.71069973644455,NO
1421.7384173053665,176.19383466112626,NO
1420.8405768342805,175.1353243168267,NO
1419.8753510942597,174.13100044192652,NO
1418.8303701488667,173.25856896424233,NO
1416.863519215708,172.32675105676503,NO
1414.6454778997859,170.04448904788043,NO
1414.5658758090312,168.99148776073937,NO
1414.6141939086056,167.97201014490912,NO
1414.508505408272,166.90407739225896,NO
1414.1219362847003,165.93820047252012,NO
1413.8252757708321,165.14113305638244,NO
1412.8458691568155,164.1970390698738,NO
1411.7556175357765,163.2676981070606,NO
1410.7433303979221,162.2353828151802,NO
1409.7883411784542,161.19010097719746,NO
1408.8059602194398,160.2032018617696,NO
1407.7539145349629,159.25214030460413,NO
1406.7389912754375,158.22131814674484,NO
1405.826620536585,157.1450281058038,NO
1404.8760696255436,156.17389439506724,NO
1404.0361772337963,155.89077258541235,NO
1401.9300170842175,155.2473755046604,NO
1400.0698955102148,154.80224686043044,NO
1398.9475653170562,154.1051003507306,NO
1397.7443757013552,153.46972585449873,NO
1396.9804483676683,153.03237237336612,NO
1395.8614405107703,152.2579531545068,NO
1393.8707958684838,151.36643139830383,NO
1392.971417555517,151.118378960455,NO
1392.0034960382538,150.96925897466684,NO
1390.9998175800051,150.90696579772597,NO
1389.996221104363,150.96145526479128,NO
1389.0122053792206,151.0787942216686,NO
1388.034937722013,151.21997824454897,NO
1387.054988231207,151.37154210698552,NO
1385.9454992869828,151.5841176245147,NO
1384.968911487816,151.70084639489755,NO
1383.9870562428673,151.7723684025445,NO
1383.0054850113904,151.7869283960409,NO
1380.945025374141,151.114002674512,NO
1379.7626772938122,150.2777754362377,NO
1378.6492600346137,149.51107820149772,NO
1377.9605314086582,149.12730010441283,NO
1377.0009381756738,148.98086121682755,NO
1376.0010884721323,149.01047397702712,NO
1375.032269787967,149.14629936087053,NO
1374.0722742852658,149.3391331878887,NO
1372.9725012562094,149.56002009935096,NO
1371.91858140285,149.45141552289763,NO
1370.9483311500278,149.1404479199853,NO
1368.8840047699016,148.34717736169748,NO
1367.976169815141,148.13086632630294,NO
1367.0013125143068,147.99015614292028,NO
1366.028539769451,147.84788910374263,NO
1363.9581878501938,147.12517993007378,NO
1363.0164382910307,146.92091010637523,NO
1362.0517124475614,146.73092934761607,NO
1360.9101411499869,146.36709152464897,NO
1359.9735634691324,146.1990750806146,NO
1358.9939186203408,146.1148705059103,NO
1358.0,146.08823529411765,NO
1357.0086999235575,146.12324891813773,NO
1356.0212331957473,146.20431942892716,NO
1355.050015507737,146.32282737697145,NO
1353.936203845795,146.54964641189068,NO
1352.9718641199074,146.67707682334498,NO
1351.9770145334624,146.77456561606493,NO
1350.985398952012,146.8965759052856,NO
1350.0109779053867,147.05383395950133,NO
1349.0626297029555,147.2387607364713,NO
1347.9263034400308,147.58411003971509,NO
1346.97330077838,147.71632077267628,NO
1345.9932855024274,147.77170707487412,NO
1345.0004210369848,147.78527112659194,NO
1344.0035045410111,147.7765855250004,NO
1343.0037487487814,147.76101728065288,NO
1342.0004863243644,147.75197456118332,NO
1341.0,147.75098039215686,NO
1340.003511027638,147.7441965585549,NO
1339.0070092655278,147.72502112246977,NO
1338.0076547344452,147.69969888040234,NO
1337.0089656552798,147.67339399006323,NO
1336.009000411101,147.64690695022657,NO
1335.0088868287326,147.62230979082602,NO
1334.0217969544433,147.5799894702524,NO
1332.9522423004678,147.46648177184537,NO
1331.968651008442,147.35837597344147,NO
1330.979814890027,147.2782271775902,NO
1329.9853082298014,147.2081334129597,NO
1328.990203287192,147.138786765992,NO
1327.9951617984152,147.0704995103105,NO
1326.9996856102264,147.00485875085604,NO
1326.0039765864885,146.94035119999904,NO
1325.0057397409998,146.88290928709722,NO
1324.0023630364515,146.84935643597038,NO
1323.0,146.84117647058824,NO
1321.997635755641,146.84927943187327,NO
1320.9958094277604,146.87428282437992,NO
1319.9958727639973,146.9158043880602,NO
1318.9982356304645,146.97353445578028,NO
1318.0041816469873,147.04846909152886,NO
1317.0145329162335,147.13984504173746,NO
1316.0528991902793,147.27173479074025,NO
1313.9719924296178,147.87358745593653,NO
1313.0198710311645,148.07242847223282,NO
1312.0902715489378,148.30692325304022,NO
1309.9893494853907,148.95276728247214,NO
1309.0358242539533,149.14500293584717,NO
1308.0584746593693,149.34708642599628,NO
1306.9667599440365,149.5241923611716,NO
1305.9740052559337,149.59826306206224,NO
1304.9874525975108,149.64449024027664,NO
1303.991700731138,149.6744132995201,NO
1302.9880235605465,149.70914359406237,NO
1301.9832507895342,149.76913251594792,NO
1300.9850547537155,149.86141680963593,NO
1299.9978227659587,149.98538961311482,NO
1299.024270949452,150.1326374587129,NO
1298.0712206217438,150.3120758270723,NO
1296.9342381669462,150.66144832571794,NO
1295.9715630478972,150.8406280764649,NO
1295.0019028965482,151.0095144828857,NO
1294.0449920470078,151.19064425787906,NO
1293.0950222103343,151.42946311630396,NO
1291.9532265651771,151.76798524424478,NO
1290.9915062175842,151.96506589573212,NO
1290.0452056380425,152.1661923607969,NO
1289.0781335033503,152.40935160646913,NO
1287.9518910107358,152.68032841183208,NO
1286.9723890862124,152.82827357379077,NO
1285.996229305438,152.97710649735163,NO
1285.022357077612,153.1295694284944,NO
1284.0566885709693,153.2909627775991,NO
1282.9292401400612,153.57761141405865,NO
1281.9541389306648,153.79661612486515,NO
1281.0013050354557,154.0046870992371,NO
1280.053121992961,154.21723872628004,NO
1279.0746275033641,154.45939528261067,NO
1277.9573564937361,154.6923575688953,NO
1276.9740647302285,154.8443883813712,NO
1276.0081208536653,155.0313409384115,NO
1275.0791573117594,155.2494496788056,NO
1272.9967537622363,155.9891256387314,NO
1272.0743702554914,156.2212630738188,NO
1269.9947808150557,156.98098725501362,NO
1269.0629049640993,157.2005606370907,NO
1266.976733115442,157.89858024655962,NO
1266.0219138572622,158.09160710703085,NO
1265.058045952567,158.2873982567895,NO
1264.0452136784795,158.47618660020188,NO
1262.969219937004,158.5974915070346,NO
1261.9622041348216,158.7165310175539,NO
1260.9786708566673,158.92059953906133,NO
1260.0558753135665,159.14427064465627,NO
1257.9816150430856,159.92120732716577,NO
1257.0252328101753,160.1119020290719,NO
1256.064831549756,160.3086478060611,NO
1254.931815935549,160.62969649799444,NO
1253.9635394813245,160.835443671662,NO
1253.013219319874,161.04440110337237,NO
1252.0846749984748,161.28254710998212,NO
1249.9867516578308,161.94842248297655,NO
1249.0570667892205,162.16482231117124,NO
1246.9739155016819,162.88629834039688,NO
1246.0235035351745,163.0862940068164,NO
1245.0890159938529,163.3238519542821,NO
1242.9857757857485,163.93220234672157,NO
1242.0227445279136,164.11047342225498,NO
1241.0618938230766,164.2957810602183,NO
1239.930429321396,164.61498955689268,NO
1238.9618112223961,164.83769769083545,NO
1238.0302315041663,165.07249690573116,NO
1235.973895404929,165.88321628746053,NO
1235.011320378738,166.0601395101653,NO
1234.0588781509866,166.23985606984814,NO
1231.9734051481514,166.91305529672323,NO
1231.0509151396259,167.14136773679704,NO
1228.9705170398208,167.88433608025503,NO
1228.0274928519425,168.09473888352142,NO
1227.0834830058502,168.33496267893753,NO
1225.003232934229,169.00947584198346,NO
1224.0747007726363,169.2547088949679,NO
1222.023464936829,170.0497496921976,NO
1219.9891067496158,170.96732024987404,NO
1219.0541418659832,171.19583228997627,NO
1218.0757653676299,171.46078686167374,NO
1216.946220314823,171.80267885005398,NO
1216.0153441251098,172.04040887471504,NO
1215.1167845111872,172.33131654971123,NO
1213.0220975544755,173.08243774283173,NO
1212.0990542610987,173.32769564875906,NO
1210.045942688635,174.11046765800316,NO
1208.0182598821407,175.0431002942764,NO
1205.9824487826186,175.94906112071297,NO
1205.0644573915783,176.18581117802714,NO
1202.978363938743,176.9182637657856,NO
1202.0412334042098,177.13225808944202,NO
1201.1038026397803,177.4113016754585,NO
1199.04609619364,178.11260313900243,NO
1197.0022201711083,179.0060501158307,NO
1196.0914146643972,179.27077254851508,NO
1194.0204948391408,180.05994888143593,NO
1193.0869929005694,180.32164041172678,NO
1190.994353132572,180.98345451359043,NO
1190.1157247223707,181.24830811126634,NO
1188.176655709459,182.36130087594552,NO
1186.0889029892703,183.28496058713412,NO
1184.026452689497,184.0596695361152,NO
1182.002618134122,185.0059688653265,NO
1181.145213798889,185.31618533211252,NO
1179.170196470281,186.3416474594683,NO
1177.198321465158,187.41705066423248,NO
1176.0264612321378,188.05270467624092,NO
1175.2047468442343,188.46511856452048,NO
1173.1362134112342,189.31538362627708,NO
1171.1606734406084,190.3355120488266,NO
1169.1352675250182,191.32828973719393,NO
1167.041085804595,192.1398605785088,NO
1164.9734788035655,192.91947200493166,NO
1164.0611780799034,193.1565247615501,NO
1162.0227430783466,194.05772354972234,NO
1159.9817266546224,194.95243278417652,NO
1159.0846214154528,195.2082307088135,NO
1157.068867855481,196.15054833294244,NO
1156.7000733201369,196.3580673929576,NO
1155.0842696842847,197.1711846035616,NO
1153.0999318526367,198.2166010579409,NO
1151.033254082031,199.10802281668666,NO
1150.1013566274507,199.37641070039456,NO
1148.078493037454,200.15766862068674,NO
1146.146398078892,201.25177943938132,NO
1145.030298214099,202.0492483699643,NO
1144.3263036762155,202.5576075284651,NO
1142.6816348221248,203.338634230039,NO
1141.0657823079687,204.14227336211664,NO
1140.6800519627304,204.33240691353961,NO
1139.0816758292112,205.16371791251356,NO
1137.097593812854,206.21000308154234,NO
1135.085909836935,207.19436036914485,NO
1133.0677747239192,208.15224756383364,NO
1132.6942395329459,208.338921560194,NO
1131.0877265707836,209.16870493378858,NO
1129.1103893729785,210.2325678958142,NO
1127.1506444290537,211.29584389269132,NO
1125.1502481201358,212.3398173830052,NO
1123.0797689811466,213.20676662457686,NO
1121.0166617921807,214.04641834594537,NO
1120.1234760487494,214.3343823501909,NO
1118.0205236558975,215.07929594534863,NO
1117.075516533685,215.29961030651688,NO
1114.9886274984972,215.96139435227718,NO
1114.0758506324714,216.19654114516987,NO
1112.0867801204083,217.15141880560998,NO
1110.21592134384,218.3734169104729,NO
1109.0502867043451,219.0941538288706,NO
1107.9348493550297,219.83350390789013,NO
1106.1945951540704,220.45856770366706,NO
1105.0247294598234,221.04701529744742,NO
1104.2421868387453,221.4817972236398,NO
1103.0295929114905,222.07271607577096,NO
1100.9831413908587,222.9588221274983,NO
1100.1089898878254,223.23439553280477,NO
1098.0962878395871,224.22151192813442,NO
1096.0336145180638,225.1106385098342,NO
1095.0997860590344,225.3827237309375,NO
1092.991415293252,225.96192869135837,NO
1092.0602245699677,226.17339582489475,NO
1090.922461590718,226.81057592725608,NO
1090.02774771672,227.0677887280064,NO
1087.9850760442368,227.94542407461083,NO
1087.0407624383513,228.15371484783884,NO
1084.9646754018818,228.8733670506797,NO
1084.0458697631705,229.10884158174858,NO
1083.2766149908034,229.54648326338346,NO
1081.6366898586189,230.38199817126613,NO
1080.1529746226968,231.26374934007706,NO
1079.0280578997942,232.04801715247442,NO
1078.284140706153,232.5281149364649,NO
1077.0443698928414,233.10324532808852,NO
1075.016706333305,234.04120340112033,NO
1072.9860794930398,234.96302832848275,NO
1072.0821772068532,235.2170321162593,NO
1070.0040741450464,236.0163607396609,NO
1069.036118150641,236.20696917156835,NO
1068.0528265814387,236.37586682870486,NO
1066.9420353660635,236.607933661161,NO
1065.95995733844,236.80442931747226,NO
1065.022362931344,237.0491361876731,NO
1064.281070974707,237.43368870786873,NO
1063.1005021520714,238.1609604841123,NO
1062.0112994810938,239.01681606339488,NO
1061.3209452843892,239.46498608799175,NO
1060.087012375547,240.17137654788675,NO
1058.0907681853932,241.21209651903183,NO
1056.0589481941465,242.145505037665,NO
1054.0231794248332,243.05268051269988,NO
1051.9968000927834,243.99336340604458,NO
1051.1909557844283,244.3213238338162,NO
1050.0685518027324,245.09833637677588,NO
1049.0127118287965,246.01611992991272,NO
1048.4124874435392,246.53623368869845,NO
1047.1515147724908,247.26182816390838,NO
1046.0282467516881,248.0481478701538,NO
1045.3046065905987,248.51066399637563,NO
1044.0964035811392,249.16132445362763,NO
1043.0152939992943,250.02181944017894,NO
1042.3164683579673,250.49624616234001,NO
1040.7010968834447,251.37647210723645,NO
1039.0987499517614,252.18090327039386,NO
1038.0046594583903,253.007004616704,NO
1037.2483868900065,253.43085118803415,NO
1036.038811225508,254.0925063708452,NO
1033.9927687780971,254.98197757064972,NO
1033.1281325308892,255.26820689395035,NO
1031.1930941042524,256.3178096809447,NO
1030.062958476289,257.0984976562675,NO
1028.178731707763,258.2942198818502,NO
1027.0626703049174,259.0922424973595,NO
1025.998919080542,259.998563378554,NO
1025.3234662093894,260.4434728789506,NO
1024.096976973779,261.1874599480496,NO
1022.1185428513443,262.2382093359707,NO
1020.1808929190828,263.329863557668,NO
1019.0346082614979,264.0625377340447,NO
1018.283549049988,264.5472801480174,NO
1017.0521665119043,265.10905449952065,NO
1015.9416450741834,265.8867938590978,NO
1015.0547505545707,266.1425795694788,NO
1012.999793574756,266.9995539419723,NO
1012.1512877642997,267.31736304356156,NO
1010.2128488724704,268.4077847035107,NO
1009.0346341364127,269.06948518725386,NO
1008.2612046198383,269.5303245429322,NO
1007.0566810969071,270.103212055623,NO
1005.2673134142937,271.34924051267376,NO
1004.1270889480281,272.19197505214345,NO
1003.020306584301,273.03447221633036,NO
1002.2693476795308,273.46665298179204,NO
1001.0717792682296,274.1267530715738,NO
999.9911150670989,274.987321499869,NO
999.2672391400988,275.3741347796954,NO
998.1259988825278,276.181180869595,NO
996.1955236352633,277.44848923719616,NO
995.0359597884882,278.061203953364,NO
993.9678210917056,278.9576951992618,NO
993.2230866858057,279.30823426697856,NO
992.0781456134758,280.1302426951618,NO
990.181993750985,281.3328126438604,NO
989.0487909897125,282.07495916660844,NO
987.9858805789548,282.9809864231447,NO
987.2370189944769,283.3726040604756,NO
986.0712467628334,284.1199162804659,NO
985.0002172676346,285.00028769690465,NO
984.3651146499965,285.4511097260989,NO
983.2226590228871,286.2772205257053,NO
982.0941643612158,287.15681846934706,NO
980.0692976726752,288.2017240814393,NO
978.0366601877622,289.06853861160107,NO
977.3341211151559,289.5825701720833,NO
976.0829685725805,290.15723166345697,NO
974.1380112993903,291.2737278835058,NO
972.2070815067084,292.34513582052347,NO
971.1085408819584,293.1266589867036,NO
970.0865658521045,294.10002578844495,NO
969.0257054058497,295.03567196279374,NO
968.433616679826,295.602300476832,NO
967.1847943279557,296.2732873908447,NO
966.0764984267013,297.11216139773626,NO
964.1743021345154,298.34433217001265,NO
963.0236267696051,299.0437326872924,NO
962.292803069945,299.4783824898906,NO
961.1022602289436,300.1604158505668,NO
960.0259002380324,301.0364301725228,NO
959.4103563887683,301.58703761823244,NO
958.1443922417891,302.24025181774323,NO
957.0248982912988,303.0443218147964,NO
956.2522326514461,303.4785952650352,NO
955.0777828259745,304.11900349287833,NO
954.0273423437739,305.0323063991888,NO
952.9898843412404,305.98709799213276,NO
952.2397835429779,306.40741000608995,NO
951.0476113110595,307.09706961428714,NO
949.946919718033,307.9115975549478,NO
949.1216372461428,308.20032958722834,NO
948.0159653592874,309.02715575828967,NO
947.2097825866955,309.45188463894306,NO
945.0741438898298,310.2657273766208,NO
943.0353297198532,311.0669997900586,NO
942.3809673102547,311.5666341354503,NO
941.1760621521303,312.2319549060016,NO
940.0841205284798,313.11868278872157,NO
939.0177522921683,314.0243813140041,NO
938.4367990937485,314.54738114491226,NO
937.297077911041,315.32183439492576,NO
936.2649086728859,316.2718006084139,NO
935.2165376178864,317.24593511804585,NO
934.1384950549225,318.1775339417143,NO
933.0748968120273,319.09609177346954,NO
932.0317959663232,320.03676552390294,NO
931.023103252402,321.0227316187554,NO
930.008375332341,322.01033418011997,NO
929.3985784261055,322.50818750290836,NO
928.1896574749494,323.2641156082392,NO
927.0713853404926,324.1113813832237,NO
925.182404040184,325.36211246915866,NO
924.0226558471105,326.0442986275915,NO
923.2648879252044,326.4597333714029,NO
922.081844570861,327.13317347649996,NO
921.0049422279092,328.0073105504363,NO
920.2654944261367,328.42730819346167,NO
919.0817181202539,329.1386346305703,NO
917.9996441891927,329.99948113350024,NO
917.2886835572522,330.4118874132378,NO
916.1026072622612,331.16916333351156,NO
915.008982541792,332.0148124813228,NO
914.2281630261143,332.41949008398797,NO
913.0647259260472,333.1024348116898,NO
912.0071716783452,334.00859364894234,NO
911.5179908447134,334.552727891756,NO
910.3992290206164,335.4383248877203,NO
909.2266067682176,336.31636082233035,NO
908.0965363205493,337.1438408732555,NO
907.0297940256593,338.03820215515697,NO
905.997486775453,338.9973099314484,NO
905.5378419866623,339.5378419866623,NO
904.4473934709092,340.4944875121109,NO
903.226124047005,341.3373173013359,NO
901.6449575480702,342.32671221567597,NO
900.0991732897279,343.18847218772623,NO
898.2265307174333,344.33909835601094,NO
897.1230275412573,345.14957454244075,NO
896.0988928008007,346.10614300190326,NO
895.0623983407581,347.0773280015868,NO
894.003030500449,348.00424270075285,NO
893.3006714085416,348.4460941865396,NO
892.1033937264715,349.1704599367398,NO
891.0119193435959,350.01863160218676,NO
890.2652971591954,350.4604436284757,NO
889.0693929765688,351.12150521215057,NO
887.9964733669797,351.9953882492603,NO
887.3760620296619,352.4333667156617,NO
886.223412142721,353.2800518384697,NO
884.7096291544048,354.3751083412671,NO
883.1355045941708,355.21086811226115,NO
882.0377116620205,356.05534308956015,NO
880.9832023167869,356.97866644330503,NO
880.3193870520232,357.3790855650394,NO
879.1799746517586,358.2460203908559,NO
878.0871854434943,359.12044173964773,NO
877.0263483247504,360.0353412138913,NO
875.958767151028,360.9373977795955,NO
875.143401756997,361.25371080084096,NO
874.0206637655159,362.0359936716585,NO
873.2845319309856,362.47559447414574,NO
872.094975164682,363.15464148247156,NO
871.0064944494735,364.01012032549323,NO
870.2331716685428,364.42108396866263,NO
869.0319107081274,365.07602256762783,NO
867.0110393756368,366.02299069874385,NO
866.2136200126877,366.38472092119514,NO
865.058198390518,367.09439627397774,NO
863.9887054399182,367.98465278881497,NO
863.2626317325897,368.37959761109556,NO
862.0895711571088,369.1496284439686,NO
861.0134838508458,370.0175003177835,NO
860.5182834580655,370.55523039998127,NO
859.5512073394101,371.51656585385297,NO
858.2774530610099,372.4593680709236,NO
857.0495296600906,373.114112452024,NO
855.9284952162527,373.86989469807435,NO
855.1112674589837,374.16147610608834,NO
854.0582727408624,375.06769788090037,NO
853.0074752924723,376.0106667148493,NO
852.2149261791525,376.43663950920154,NO
850.2113745620273,377.455268296649,NO
848.2006556983077,378.4398990425438,NO
846.1924392156726,379.4356910560436,NO
845.0168083721073,380.0370228466278,NO
842.9932153553674,380.98525990943705,NO
842.1458311897441,381.29488715311123,NO
840.2157953051536,382.36357349444165,NO
839.0618141935804,383.10118189540424,NO
837.1836466471913,384.3186207825541,NO
836.0478855467883,385.0771155009708,NO
834.2267827576294,386.3397036505767,NO
833.0894586607928,387.13492936493157,NO
832.0135860199437,388.0205058936982,NO
831.2286245934603,388.4590684792676,NO
830.0317281207773,389.0684810593116,NO
829.2695195383047,389.49538939289874,NO
828.0761749224721,390.12745803740916,NO
826.9949196976329,390.9925391140398,NO
826.2574451952644,391.39589349151623,NO
825.0892187112374,392.1470423728288,NO
823.2414410110991,393.3873786842032,NO
822.0675438023809,394.11876562462754,NO
820.2710956273576,395.3581398800964,NO
819.1281194278467,396.1847035870288,NO
817.5486160452,397.34800096993337,NO
816.2023191930738,398.3095727510357,NO
814.0979746815013,399.42366219926384,NO
812.1064701341504,400.18110463874865,NO
811.0226063002747,401.02990987379707,NO
809.9877508514553,401.98629181199857,NO
809.421199452919,402.44629883298273,NO
808.357099379906,403.378780399834,NO
807.2515520726683,404.3159568953259,NO
806.0988038213841,405.16792743868535,NO
804.2502232455157,406.3938296253038,NO
803.0715023094818,407.1249568305431,NO
801.2569998971987,408.3685576704345,NO
800.1012452387954,409.15516933337125,NO
799.0237964890639,410.0333912319528,NO
798.4943419819083,410.5967637775341,NO
797.2666214959221,411.34483046563435,NO
796.1150506652389,412.1804802366788,NO
795.0259249360056,413.0389093390753,NO
794.4377795326452,413.5682624282793,NO
793.1754360988507,414.2736803103318,NO
791.5594036284923,415.33102604880725,NO
790.1414811751575,416.246982218353,NO
789.0234644737217,417.0402372274581,NO
788.2943968967057,417.49394038822993,NO
787.0923537271293,418.1499879997598,NO
786.0132639320914,419.01877291231995,NO
785.3971846618801,419.5099552406586,NO
784.1806532421766,420.25545236354895,NO
782.6258344393208,421.34982662665595,NO
781.1303626667426,422.22517186059105,NO
780.0227509576396,423.03535621930797,NO
779.4123074087631,423.56124669172266,NO
778.1787022498957,424.25639887542553,NO
777.0731807682948,425.10498769278007,NO
776.0152187582793,426.0195407015263,NO
775.4429815505862,426.57645633734217,NO
774.1630706276201,427.2668120309781,NO
773.0598415423083,428.07988416134447,NO
772.0309567554627,429.03270431354616,NO
771.0151906515847,430.01708948320316,NO
769.182038073098,431.3299696859556,NO
768.0313046740482,432.05845169618254,NO
767.3176136045505,432.54947153625073,NO
766.0936103546675,433.15601726500904,NO
765.015106125565,434.02047091809095,NO
764.4633290639605,434.5425951417191,NO
763.2313584042234,435.31945256745917,NO
762.0907245453766,436.1445499355111,NO
761.0085459460596,437.0127404502114,NO
760.3459546967846,437.4502343233571,NO
759.1719913031644,438.2303346393027,NO
758.094891745519,439.1196202128181,NO
757.0407953194632,440.05479683222967,NO
755.204786921665,441.32435198252045,NO
754.0571174172188,442.0971737945416,NO
752.1315366293386,443.28141250360585,NO
751.0014294335383,444.0024508241522,NO
750.325347542494,444.3818774414473,NO
749.2618131623564,445.26850487236214,NO
748.1962500902838,446.2500550494027,NO
747.0572708470637,447.11417845200606,NO
745.0359490349048,448.072898788814,NO
744.3187099321608,448.53014679847684,NO
743.1173552819048,449.1788593903423,NO
742.0408372522595,450.0565490972209,NO
740.232539869467,451.33631019394306,NO
739.0919006734262,452.1410726190551,NO
738.018393109717,453.0251080559182,NO
737.4668670111757,453.5470649995923,NO
736.2785291128622,454.33883451435656,NO
735.1452579097906,455.2061979271218,NO
734.0596150360453,456.08326397243303,NO
733.0046776548425,457.00600605223116,NO
732.3816627044016,457.49161979396183,NO
731.173585204697,458.25917948800884,NO
730.0568093961757,459.08927190917706,NO
728.9896359718562,459.9867673561632,NO
728.3524468483805,460.40820115335043,NO
727.1648167423914,461.25395886887645,NO
726.0396727277305,462.06883514078106,NO
724.9524554163082,462.9192524360328,NO
724.1136940059952,463.2048352107707,NO
723.0120719450804,464.01855836435675,NO
722.3587462340954,464.4818307430527,NO
721.1573208534077,465.22698742217665,NO
720.0510747066237,466.0788537242998,NO
718.9920766512578,466.99012199250075,NO
718.392146815021,467.4286595366322,NO
717.2726679906398,468.3224213729893,NO
716.1430444479644,469.208375980212,NO
715.0415124750192,470.0665821728837,NO
713.9593527042676,470.9368490119186,NO
713.1570018377656,471.24905913677725,NO
712.04228322162,472.06801429008357,NO
710.1486420254395,473.2365711266257,NO
709.0486109197825,474.0703428651878,NO
707.2264701449118,475.36819981894365,NO
706.0593203296302,476.10398235229866,NO
704.1706729361077,477.3247526617418,NO
703.0265094375673,478.0472776613388,NO
702.33123596701,478.5320329354009,NO
701.1083581133852,479.17663856704144,NO
700.0321602917518,480.0416338675733,NO
698.9976749599653,480.9974234298755,NO
698.4965974243237,481.5117896608521,NO
697.4734894003357,482.47524631788804,NO
696.3071449667526,483.3983761589485,NO
695.1301206892157,484.20383067992987,NO
694.0325054611426,485.0501848535335,NO
692.9617639347672,485.94558713656585,NO
692.1745316899384,486.2693559889497,NO
691.0430821297678,487.07630993285903,NO
689.9452041273631,487.8990716328252,NO
689.0988249340681,488.17620104484223,NO
688.0144175256637,489.0187864734333,NO
687.5334270555015,489.56948375267416,NO
686.4503650562863,490.4621064247498,NO
685.3337548416137,491.42950416707043,NO
684.1251381911624,492.20907862720463,NO
683.0411689943393,493.05375732877593,NO
682.001393376725,494.00163054724766,NO
681.4502462506615,494.51087343489587,NO
680.2505780038565,495.3304586469083,NO
679.1190652188682,496.1715563398083,NO
678.0508828231135,497.06546606135146,NO
677.0124707196661,498.0144929976684,NO
675.9832015285324,498.98044534343063,NO
675.3423809035792,499.4078457224334,NO
674.2038235895373,500.2636413806075,NO
673.1202625264858,501.15364643583655,NO
672.0700029068945,502.08452363288137,NO
671.0208914914095,503.02774651225474,NO
670.4200728157189,503.58091152797925,NO
669.1641502021365,504.2557842401696,NO
668.042974144357,505.0723649678765,NO
666.9491030744686,505.9154226684247,NO
666.1335159049282,506.2120859081551,NO
665.0467632051281,507.0627017918812,NO
664.0039271905131,508.0046617730706,NO
663.4444021634538,508.52176773368564,NO
662.1877111335804,509.2959617379987,NO
660.5975543647664,510.3742998695921,NO
659.1750091157427,511.28881871030495,NO
657.5640654194555,512.3660061918447,NO
656.2277152678354,513.3134331964799,NO
655.0980158507356,514.1473738257429,NO
654.0086983939035,515.0151701266793,NO
651.9927470785533,515.9821588715967,NO
651.1214816231958,516.2639083541377,NO
649.2201109368739,517.3774752850269,NO
648.0481150407602,518.0907339737032,NO
646.9479652748593,518.9026815565269,NO
646.0783359613589,519.171030490277,NO
644.0640403896667,520.1466632395142,NO
643.6942781544205,520.2846508786241,NO
642.0837337196226,521.1744759871182,NO
640.1127215857339,522.1911173557096,NO
639.0272057335155,523.0358319403953,NO
637.9950682716587,523.9945811873889,NO
637.4876686726204,524.5043887344661,NO
636.3226070199804,525.3914298331724,NO
635.2074696671314,526.2495339659642,NO
634.1314983350934,527.1693839617375,NO
632.5784422765895,528.3605356182483,NO
631.1572983643512,529.2771762659914,NO
630.0282262643037,530.0483005362203,NO
629.4053759900264,530.5748140818754,NO
628.1634082858549,531.2314706159443,NO
626.5767609449399,532.2381696853081,NO
625.0965801026719,533.1722313132185,NO
624.0013765503842,534.0020592115216,NO
623.2897403187131,534.4252840558474,NO
622.1119281693475,535.1747275621201,NO
621.0256498234173,536.0384096321508,NO
620.3326892634819,536.5639795462605,NO
619.0862596975393,537.1594608914401,NO
618.0035613964877,538.0048646203893,NO
617.3644447775871,538.4502820793334,NO
616.2072617875805,539.2692890285642,NO
615.1026633790406,540.146250289652,NO
614.0253006627572,541.0363153528118,NO
613.4269302385271,541.5911341663923,NO
612.1743333587773,542.2579318209652,NO
611.0734946947272,543.1036399770121,NO
610.0059335179595,544.0084449578686,NO
609.2879323947592,544.4541479221475,NO
608.0804696230289,545.1462934460562,NO
606.2490954415711,546.3610599935848,NO
605.1065397815657,547.1572914569003,NO
604.019885957702,548.031587677054,NO
603.2741939077872,548.4935490441128,NO
602.0525434100215,549.111960563865,NO
600.9288732979877,549.8336864519457,NO
599.6071729146433,550.349317182173,NO
598.2792309100844,551.3287148590712,NO
597.2265750906321,552.2467649448554,NO
596.1256839674024,553.1852914394937,NO
595.0284403707228,554.0436606060942,NO
594.4640094377099,554.5807538597625,NO
593.2971711365896,555.3194463266907,NO
592.2176624932996,556.2623112208137,NO
591.1069459775524,557.1654257959982,NO
589.2323427495742,558.4004204950506,NO
588.06398650336,559.1088762636192,NO
586.1567146837181,560.2919615957793,NO
585.022684431114,561.0399433947556,NO
584.2965079912224,561.4876221781388,NO
583.1004189938077,562.1611374620227,NO
582.0177664878793,563.026366065486,NO
581.3140928297453,563.5061211668076,NO
580.0794387429656,564.1548968960374,NO
578.1178961375374,565.2233960266266,NO
577.0152654622495,566.0224045342841,NO
576.412960550454,566.498227701774,NO
575.2312615228011,567.3041544518102,NO
574.086931216094,568.145218427631,NO
573.0014385629428,569.0020753419304,NO
572.3557390168186,569.4210371798658,NO
571.3692163793044,570.3310421708015,NO
570.5354089879737,571.4871739304074,NO
569.306063479272,572.4789326845186,NO
568.0937743400793,573.1649406093961,NO
567.0196523133357,574.023959671176,NO
566.0280446537186,575.0234873987703,NO
565.0204148185453,576.0283321049701,NO
564.2234258791269,576.5138132313401,NO
563.0329831313994,577.0676433709851,NO
562.2904852931937,577.5179475905279,NO
561.0961910240808,578.1469826657597,NO
560.0280469398124,579.0365302721037,NO
558.9850827809059,579.9816218120553,NO
558.2804277885864,580.4001082622796,NO
557.0880756863078,581.1600872566402,NO
555.997776867662,581.9967961824068,NO
555.3322439227547,582.4128279162367,NO
554.1893945647487,583.2653012377383,NO
552.6402877365457,584.35996698256,NO
551.0795239450503,585.1632333611774,NO
549.2834051438606,586.3520134503168,NO
548.1408962629022,587.2036292548867,NO
547.0354332855595,588.0599590603423,NO
546.3779624419564,588.6143062152017,NO
545.1503043025987,589.215800031522,NO
544.059895850908,590.085637888534,NO
542.9939177450441,590.9913915693921,NO
542.2248773847068,591.3900298322802,NO
541.044658074008,592.0882905986164,NO
539.9460990866258,592.910754229472,NO
539.1271002116845,593.2009161160636,NO
538.0386108779244,594.0533139006649,NO
536.9952250594339,594.9944269820073,NO
536.4329336865186,595.4726675680625,NO
535.3315557984346,596.361053646934,NO
534.2411469683378,597.293965495893,NO
533.1124590663304,598.1729977773165,NO
532.0227688546671,599.0347321526556,NO
531.3582435286125,599.5402610252937,NO
530.1504291739927,600.216786716077,NO
529.0691372554652,601.0909110014161,NO
528.0308455336053,602.034360692209,NO
527.0126456773141,603.01383668268,NO
525.9933162745873,603.9927136436123,NO
525.4653830165373,604.4938577126646,NO
524.2093827241384,605.3362544390184,NO
523.0480661767333,606.0906418273127,NO
521.9507600175721,606.9124204880579,NO
521.1019621534542,607.1922591428662,NO
519.2177953130641,608.3671682156886,NO
518.0626966754872,609.1018537993326,NO
516.9923326884438,609.989193316385,NO
516.2561919052954,610.3889112456767,NO
515.0930512067224,611.1438675924829,NO
514.0235309493322,612.0311215785241,NO
512.9781487350981,612.9729734350799,NO
512.2750910045603,613.3669681622478,NO
511.1148593681908,614.1772361891456,NO
510.0492130870225,615.0578977494382,NO
509.04185957318043,616.0417488331773,NO
508.0279100898838,617.0315896835066,NO
506.989955007092,617.986794100673,NO
506.3084995380075,618.390213407577,NO
505.2231746058228,619.2285931083418,NO
504.21512513078943,620.2157625488888,NO
503.11996052082225,621.1851242553338,NO
502.0196750572129,622.0314333267171,NO
501.4234456957921,622.5411190281467,NO
500.2348755797081,623.2763476534008,NO
499.1253803077574,624.1777652417849,NO
498.0422815327256,625.0601488935383,NO
496.9968579083523,625.9963230842053,NO
496.4581532310131,626.4860787515016,NO
495.3138123695988,627.3860915831601,NO
494.142246218123,628.2197344230451,NO
493.04524623970167,629.0663865030002,NO
491.9864010165701,629.9827288870546,NO
491.32364726958485,630.3926920026353,NO
490.189763494868,631.244845296598,NO
489.0828718649702,632.1257668065389,NO
488.00599166063876,633.0085104475778,NO
487.3766979329262,633.4602428335861,NO
486.18494338513966,634.2511819799614,NO
485.07388331226815,635.1118301838884,NO
484.00682259741495,636.0091874857961,NO
483.42361463137553,636.4923995693842,NO
482.4195549835913,637.3866767446024,NO
481.4713275766869,638.4713275766869,NO
480.26323289420316,639.3843860854063,NO
479.1160912090172,640.1623624474213,NO
478.11838479840236,641.1016083492297,NO
477.17988595597456,642.1581886370783,NO
476.0998160490766,643.1450934295657,NO
475.02167092521216,644.0292607429272,NO
473.9800340621371,644.9766969809554,NO
473.367603551587,645.3900425732494,NO
472.29932798233983,646.3240573046969,NO
471.16977263197583,647.2412885918233,NO
470.0650824158483,648.0949527350268,NO
469.0129003781076,649.0157879627457,NO
468.51372204227545,649.5854532430749,NO
467.30860958968776,650.3764102002636,NO
466.2029439224906,651.2419984378528,NO
465.1729155987255,652.1808840649263,NO
464.1244891253671,653.1522414780067,NO
463.04609477210386,654.0678404777979,NO
461.9805926264661,654.9747558234802,NO
461.3288148429622,655.356651021674,NO
460.29441781698563,656.2953752707546,NO
459.3226110059626,657.3090163741432,NO
458.1897174633678,658.2923701934376,NO
457.05773650266406,659.0917485547486,NO
456.009357552727,660.010606999047,NO
455.5574015510681,660.5750968694706,NO
454.58042897083504,661.5603371961784,NO
454.0078612284775,662.0072572926719,NO
453.0416131546242,663.0343308524846,NO
452.0982199154499,664.0815724717663,NO
451.07043225892295,665.0947035995173,NO
449.99093656232674,665.9868049148907,NO
449.2831570572395,666.37240111822,NO
448.181737470757,667.2101988031313,NO
447.15788653983753,668.1710844724884,NO
446.1099574036896,669.1377171449764,NO
445.04090403418746,670.0556584674912,NO
444.0005965501294,671.000638526607,NO
443.58787413834693,671.5676413784643,NO
443.0060151581115,672.0054888321469,NO
442.0328422265955,673.0301543726918,NO
441.0197889014317,674.0236078124598,NO
439.97668570732037,674.9700741906759,NO
439.25756782621187,675.3459051410634,NO
438.1119966629254,676.1646547410803,NO
437.03005610476737,677.0454336459107,NO
435.9490899361708,677.9183822811714,NO
435.1292544505793,678.2115303677501,NO
434.0281658581788,679.0424858731561,NO
433.4971250159756,679.6026717352198,NO
432.31251218730176,680.3492129090932,NO
431.2727195157445,681.2807669806895,NO
430.25085359662035,682.2708884889383,NO
429.12497435626517,683.1967277067282,NO
427.1909778699973,684.4103992534085,NO
425.18004723024444,685.4128154825225,NO
423.21032420353356,686.437252923575,NO
422.03871509564874,687.0717057820821,NO
421.3165977747522,687.6122056436018,NO
420.05097818629827,688.1206730032306,NO
418.05683133202956,689.0900589215789,NO
417.0053621474071,690.0062748534115,NO
416.4950492468842,690.5442589249061,NO
415.30382961145244,691.3926967783707,NO
414.09959185457313,692.1873531334622,NO
412.206651285787,693.3342359997927,NO
411.05789807988833,694.0988721030287,NO
409.127258610631,695.2388590071198,NO
407.23639843893886,696.3998074836969,NO
406.0744037352695,697.1178172990326,NO
405.00377163749124,698.0051667888835,NO
404.33212465804985,698.461871883927,NO
403.0885800420492,699.1779303426553,NO
401.13325089995504,700.2460466191795,NO
400.01823629753596,701.0293505372041,NO
399.3411594859148,701.4932879634379,NO
398.1525857171134,702.2213648932494,NO
397.04469844652397,703.0736209689335,NO
395.95630472355134,703.9327062346676,NO
395.171580275295,704.2487248901689,NO
394.07425339287477,705.1046643420514,NO
393.00701316164196,706.0095754502867,NO
392.3506506764144,706.4792475351552,NO
391.1242899978975,707.2089876205298,NO
390.02516415657317,708.0379580539483,NO
389.45932220801546,708.5719678534624,NO
388.14522553046294,709.2669264002737,NO
386.1365040537655,710.3277557407845,NO
385.0041702342742,711.0070235525387,NO
384.2818971200275,711.4086324043642,NO
383.13623479277965,712.1855112124433,NO
382.06923591410543,713.0913276318447,NO
381.0089399138055,714.0121753116629,NO
380.34004346585874,714.4811095054927,NO
379.16781993749186,715.2310289424381,NO
378.0891272051149,716.1181805603322,NO
377.0244041173423,717.0320255927546,NO
375.9733895948772,717.9655871609722,NO
375.24316950387987,718.3432107441749,NO
374.11074101623626,719.1615058447484,NO
373.0336269901555,720.0457760983511,NO
371.98317821995244,720.9786924129106,NO
371.23609149748546,721.3793030528699,NO
369.6398710995406,722.3899101675795,NO
368.1400662595264,723.2451159457577,NO
367.0319546720288,724.0476878733813,NO
365.98035885005555,724.9771362565617,NO
365.3704201614344,725.3917010393911,NO
364.32448387046196,726.3332983615408,NO
363.2493844320754,727.2916676097955,NO
362.16277705647906,728.2032661281396,NO
361.11807343367394,729.1319854120491,NO
360.11395029024783,730.1114215733658,NO
359.1017832116753,731.1096015494945,NO
358.053182594493,732.0718750740942,NO
356.26763741740325,733.3532401393473,NO
355.1575149898708,734.1983721187518,NO
354.12268713815587,735.1369173103616,NO
353.07099714076185,736.0960549584987,NO
351.2394065697162,737.3455909862757,NO
350.1111301762377,738.1553474702023,NO
349.03682831329274,739.0504028517508,NO
347.9866310888002,739.9836817794932,NO
347.36083665345785,740.4035234511172,NO
346.3138710284753,741.3138710284753,NO
345.29836106357334,742.3052652980969,NO
344.20206595382035,743.2591945518889,NO
343.10822441648236,744.1404320006632,NO
342.07282067035425,745.0801027393254,NO
341.07133127473116,746.0678337376493,NO
340.0991557565133,747.0920825608813,NO
339.08119853204414,748.0948126586476,NO
338.02717734766344,749.0374280739317,NO
336.966787468002,749.9555134872468,NO
336.2480723595767,750.2934880228953,NO
335.19379149707413,751.2031168093175,NO
334.22285002020186,752.2036663766486,NO
333.2784373120721,753.2572472675449,NO
332.231721690956,754.2664799488092,NO
331.1360862551999,755.1816740204868,NO
330.0641412314799,756.0843338401038,NO
329.02860916595233,757.0320169050125,NO
328.0295931842576,758.025962116905,NO
327.1040117060167,759.0745337356518,NO
326.21965535216356,760.1638251127612,NO
325.3365140607421,761.2937324119915,NO
324.5050831931315,762.4469060707781,NO
324.00579971816785,763.0046825313461,NO
323.0731701216337,764.0558287139585,NO
322.1640521619081,765.1255280373106,NO
321.2461907015542,766.2084825516448,NO
320.35571876050415,767.290842694468,NO
319.5844642076066,768.4929467024936,NO
319.03127369329917,769.0232509884497,NO
318.13769734515046,770.0961477656596,NO
317.2289655533381,771.194871423014,NO
316.2051062209836,772.2276303560265,NO
315.20975618099203,773.1880679569663,NO
314.3826388367364,774.2781295581359,NO
313.98182584418976,774.9860279605398,NO
313.0636330760333,776.0442220657908,NO
312.1846898865005,777.1281099244912,NO
311.35549253418145,778.270132687106,NO
310.08713158173697,780.0528566171015,NO
309.26197440478717,781.1770281030083,NO
308.32015152363755,782.3097061304258,NO
307.25278436788045,783.2851271332793,NO
306.1966415276076,784.2085411634781,NO
305.3393398282893,785.2533100165772,NO
304.2928170038422,787.128167970779,NO
303.20161995064916,789.1057415225807,NO
302.9162743969253,789.9503136603297,NO
302.0668913434708,791.0408163120185,NO
301.22466395490466,792.1486238443736,NO
300.4701042507491,793.3443531936115,NO
299.99701737360255,793.9975270401646,NO
299.0466707466227,795.0340161061152,NO
298.2666464631941,796.141350952552,NO
297.0903656216158,798.062639810957,NO
296.12521393959526,799.1184820079113,NO
295.1410039420587,800.1329245921756,NO
294.25294570722366,801.1884222421147,NO
293.30882335073034,802.6006298389352,NO
292.5040983287569,804.2620211049718,NO
292.0620634586222,805.0309024305509,NO
291.0992907764288,807.0446502687438,NO
290.57419817854424,808.2780410979567,NO
290.079485611421,809.0396187391528,NO
289.4074148630617,810.2210159057443,NO
288.28858600839555,812.1502324241756,NO
287.1720110485577,814.0872519808192,NO
286.3927121935147,815.2985566095402,NO
285.37145771544334,816.3942136843528,NO
284.3243339579245,817.3331443766816,NO
283.35714660337305,818.3370755734093,NO
282.4676619612929,819.4299869220994,NO
281.4259099253001,820.4648502516645,NO
280.55081686613744,821.4700688660222,NO
280.0277366266305,822.0187972277965,NO
279.2455670484157,823.1284157949755,NO
278.12523078783545,825.0699340753245,NO
277.4628501746228,826.2660277429121,NO
277.018992396447,827.012082353001,NO
276.1138378870754,828.0858204382467,NO
275.1783463148221,829.1477995111075,NO
274.3326841144076,830.2511717654473,NO
273.0851828550135,832.0511469093649,NO
272.3827710651824,833.2067843664604,NO
271.1136146950022,835.0719985268305,NO
270.3974853274226,836.2336283389274,NO
269.26754790141814,838.1362061985019,NO
268.0658391767967,840.0443730111045,NO
267.17025999438926,841.1251553262776,NO
266.3254158877158,842.2537219649041,NO
265.54057187800447,843.4918716950789,NO
265.01363024875275,844.0103677719075,NO
264.13035592337957,845.0826075750745,NO
263.29214406879936,846.215033920631,NO
262.95447302960787,846.9666410528561,NO
262.04089825633616,848.0281946638984,NO
261.1942340135085,849.1189281533349,NO
260.3252167123992,850.677444022381,NO
260.13448455298084,851.0642568906745,NO
259.30401599368906,852.6797500115033,NO
258.46912833442053,854.2889510324779,NO
258.0352738287418,855.019489532113,NO
257.3303322436805,856.162177589423,NO
256.1757040320824,858.1012497019101,NO
255.38388966101002,859.2857524505755,NO
254.5514164928889,860.4973756908188,NO
254.02815557171402,861.0201204547737,NO
253.29215033289253,862.132668978976,NO
253.0016413884961,863.0006076770527,NO
252.05544485206477,865.0273271980415,NO
251.40398048988732,866.1969404901595,NO
250.3513628435548,868.1600103096309,NO
249.20942535365313,870.1152800065445,NO
248.39584848620598,871.7169591606208,NO
248.15468456757944,872.0730637748859,NO
247.2035921947109,874.0879294709102,NO
246.30584802063757,875.5628599844306,NO
245.29935501805542,877.1872398818023,NO
244.15920028151706,879.0789109601479,NO
243.26951567241056,881.106552705086,NO
242.2599675281699,883.1201817058821,NO
241.17374124606258,885.0970243308304,NO
240.50745926647423,886.3294033835008,NO
240.0358664178873,887.0204162692302,NO
239.20844657206084,888.1322091681861,NO
238.38039578400816,890.0953958260169,NO
238.06905555983366,891.0284346420226,NO
237.27354437994717,893.0934259275114,NO
236.98321568026878,893.9916078401344,NO
236.05824920401295,896.0240991806975,NO
235.81275603318159,896.9430925189737,NO
235.5504690669424,897.9524448323742,NO
235.38022379602512,899.0477143587281,NO
235.262729475033,900.0334851285518,NO
235.17432037583143,901.0123049675985,NO
235.1142693940192,902.0060495560888,NO
235.07867887791534,903.0015427231366,NO
235.07867887791534,903.9984572768634,NO
235.11426935748915,904.9939504458451,NO
235.17382334453436,905.9877301169633,NO
235.24267188247072,906.9828702202102,NO
235.30539001154702,907.9838322936806,NO
235.35191939661334,908.9868892776486,NO
235.38078971274854,909.9932801812226,NO
235.39019607843136,911.0,NO
235.3996464301877,911.9921637952822,NO
235.4258240850028,912.9849709155993,NO
235.4524015949589,913.9929035039335,NO
235.4607843137255,915.0,NO
235.4607843137255,916.0,NO
235.4607843137255,917.0,NO
235.45254602446735,918.0070987616276,NO
235.43710889838334,919.0068566106146,NO
235.43711529988008,919.9931432889698,NO
235.46105405480463,920.9837275049792,NO
235.48939205931342,921.9904040770181,NO
235.5000000004902,923.0,NO
235.5000000004902,924.0,NO
235.52329724720332,925.0186942257393,NO
235.604782927993,926.0395217095681,NO
235.72458816063465,927.0367215794101,NO
235.86088675952593,928.0212761433269,NO
235.9996330753434,929.0000546789663,NO
236.13449696969957,929.9812759110854,NO
236.2656304881696,930.9619783796155,NO
236.41337567667657,931.9410657537446,NO
236.63612901790776,933.0537454165226,NO
236.77779442800798,934.0322415929431,NO
236.91201769513464,935.0127660599788,NO
237.04127567774955,935.9945775088386,NO
237.16679706232583,936.9774333384199,NO
237.29726244748537,937.9557767208706,NO
237.43791591433202,938.9525151422939,NO
237.54496628642838,940.0180211379102,NO
237.59269091723027,941.0183688412915,NO
237.65572185184317,942.0249770433718,NO
237.7539249317022,943.0279850083967,NO
237.8781141985523,944.0172074064648,NO
238.01308203024854,944.9980505210568,NO
238.15285375039974,945.9763226547657,NO
238.29640697470663,946.9511800275901,NO
238.4377776839997,947.9596557804699,NO
238.5000000004902,949.0,NO
238.5000000004902,950.0,NO
238.5053120396626,951.0048498820092,NO
238.54803692430292,952.0274722663513,NO
238.66047285305726,953.044604548096,NO
238.8225575220387,954.0337488637088,NO
239.000688960028,954.9998527516763,NO
239.1888677055468,955.9518061702057,NO
239.42960929083029,956.910852714471,NO
239.77169301322095,958.0514809865995,NO
239.99287709569492,959.002192737158,NO
240.21438089328046,959.9432521184284,NO
240.44003752624656,960.9551692732,NO
240.59638053135535,962.0451104113083,NO
240.77912585303216,963.0476395236116,NO
240.9825186538817,964.0045931378519,NO
241.18897662311238,964.9496062322823,NO
241.42958050598818,965.9278934054166,NO
241.7096076967723,967.054662082317,NO
241.91782460324342,968.021752310161,NO
242.12888635884636,968.9623449657017,NO
242.37802837672504,969.9186619321454,NO
243.00538146493207,971.9981639708417,NO
243.2398958671328,972.9402612241888,NO
243.44981760738509,973.9673661719479,NO
243.50993837967536,975.0086481466492,NO
243.5744932650259,976.0367103838801,NO
243.22611138229414,978.1120247873654,NO
241.20690483107606,979.4484279861481,NO
240.04117719716476,980.0715412885968,NO
238.95707290071402,980.9353012601146,NO
238.19019813106635,981.2465885284696,NO
237.13104860689847,982.144319346753,NO
236.13567262277556,983.1272912960276,NO
235.21038603355981,984.1686300343825,NO
234.52082352656063,985.3498404434648,NO
234.04002865322917,986.0235319945473,NO
233.3416273274256,987.1612108576973,NO
233.01763765883757,988.0077023636113,NO
232.21082181227754,990.0609714867153,NO
232.0077481647512,991.0018396481403,NO
231.82245443159883,991.9677640736326,NO
231.66806614358322,992.9619852294019,NO
231.56784908201206,993.9722361144599,NO
