X,Y,is_wing_root
239.551499976779,1080.9824608922927,NO
239.55145203899238,1082.0175409823694,NO
239.65186682565218,1083.0427873160138,NO
239.83193687938135,1084.0361476552648,NO
240.0433691219045,1084.9867584475971,NO
240.29591208937146,1085.896203143806,NO
241.22832500628272,1087.862061823887,NO
242.06329247711008,1088.950606209518,NO
243.0289555515511,1089.9701636719503,NO
244.05685475231792,1090.9273932813865,NO
245.1430522405781,1091.7706369043271,NO
247.10455129628073,1092.704528926612,NO
248.0130289747095,1092.9577150536318,NO
248.96395139379973,1093.1698079107407,NO
249.95615920274594,1093.3487778912868,NO
250.98105129070464,1093.4522425096304,NO
252.0190837503405,1093.455465489107,NO
253.0452973125523,1094.1031551472984,NO
255.13497210286624,1095.935023479993,NO
256.1250393795427,1097.9416317681032,NO
257.10474557461805,1099.949886430872,NO
258.08958116032784,1101.9552094198361,NO
259.0736100563719,1103.9631949718141,NO
260.04835574232953,1105.9759169437384,NO
261.0244911135604,1107.9878145292125,NO
261.98862442046067,1110.005654266502,NO
262.291782015406,1110.885797148044,NO
263.23631714780623,1112.9012035446763,NO
264.19841617312403,1114.9129753606258,NO
265.17095817245894,1116.9238647820155,NO
266.1427108312123,1118.9337057590778,NO
267.1256285496382,1120.9383780032445,NO
268.15630905469953,1122.8530410358383,NO
269.1415116220324,1123.851152170488,NO
270.1721149021844,1124.8121922643902,NO
271.22494576449355,1125.7565752891296,NO
272.294248149957,1126.6784504868212,NO
273.4095503418368,1127.545204105622,NO
273.9918495356811,1128.0094132124061,NO
275.01991497799713,1128.9767564581875,NO
276.05193910313676,1129.9379264385382,NO
277.085840609795,1130.903429313018,NO
278.10388234546826,1131.8913957285163,NO
279.1123884140447,1132.8840294817344,NO
280.1184930853749,1133.878368021796,NO
281.1239595736823,1134.873089005379,NO
282.12867971469063,1135.8689436123154,NO
283.1323243558776,1136.8655835594,NO
284.1413557962637,1137.8521141811689,NO
285.16567163511985,1138.823410176396,NO
286.21116903783695,1139.7698421061255,NO
288.0856736707471,1140.69393159593,NO
289.0179039711561,1140.9414677897623,NO
289.9568090582817,1141.1596187012972,NO
290.9495406295496,1141.3784452698446,NO
291.985462110924,1141.4913806668842,NO
293.02649038008053,1141.5496635403117,NO
294.05237521889035,1141.696461796275,NO
295.0247412409008,1141.9117620024374,NO
295.96654353602673,1142.1227539343643,NO
296.94564849458794,1142.3380398727588,NO
297.9764320878707,1142.4779572579816,NO
299.02648467369664,1142.5497605488376,NO
300.0529085519252,1142.7001848724237,NO
301.0228626505762,1142.922266988041,NO
301.960019875843,1143.1387065607485,NO
302.9461153891081,1143.36641534965,NO
303.9854676554796,1143.4911932608984,NO
305.0288095156742,1143.5547620480172,NO
306.05589529854797,1143.731069780429,NO
307.01227584200814,1143.9618251251275,NO
307.947842178821,1144.1860174158808,NO
308.95266832607774,1144.416192295816,NO
310.0058066623306,1144.5064336885664,NO
311.0295664794814,1144.556502787909,NO
312.05666836574756,1144.7419565363148,NO
313.00883758395986,1144.972848386127,NO
313.9466964015151,1145.1984294551078,NO
314.9545494321851,1145.421450712273,NO
316.0058067923459,1145.5064226372672,NO
317.028816188817,1145.5546589176322,NO
318.05555414496206,1145.7275710179058,NO
319.01409378470964,1145.954793520583,NO
319.9506807673926,1146.1758937776824,NO
320.95004055131125,1146.4044336305076,NO
321.9980479000127,1146.4977855113673,NO
323.00195285517697,1146.5020219152616,NO
324.0104510357495,1146.5154519690382,NO
325.008211390221,1146.5346879094382,NO
326.0008938333138,1146.5441449862021,NO
327.0112446909372,1146.5588621261625,NO
328.0106037249809,1146.584007713599,NO
329.0007900371811,1146.597081016629,NO
330.00916222328175,1146.6106055228597,NO
331.00930671828365,1146.6348902838702,NO
332.00069002823017,1146.6480855842565,NO
333.01810861920126,1146.6815380670193,NO
334.0172219739202,1146.7416703796234,NO
335.0,1146.7725490196078,NO
336.0091411314449,1146.7973053495746,NO
337.0108667598648,1146.85789622532,NO
338.00205128173263,1146.9048951177363,NO
339.0021357782264,1146.931922066402,NO
340.00135912090394,1146.9776402697855,NO
340.99941536075113,1147.021297572387,NO
341.99852626527934,1147.0501069821835,NO
342.99328849103455,1147.0977962755835,NO
343.99405141000597,1147.1516890437167,NO
344.99489877552617,1147.1858303179417,NO
345.9846330935891,1147.2305036064906,NO
346.9864723484929,1147.2874625878255,NO
347.9956047455325,1147.3202256816942,NO
348.9850201621248,1147.3472598754263,NO
349.9863636138526,1147.3863642986612,NO
351.0,1147.4058823529413,NO
351.9850967459383,1147.42225889184,NO
352.9782883886771,1147.4613717298587,NO
353.9941920294679,1147.4936775085641,NO
355.0,1147.5000000004902,NO
356.0,1147.5000000004902,NO
357.0,1147.5000000004902,NO
358.0114594779568,1147.512972202262,NO
359.0211516627894,1147.5505271762024,NO
360.01819429999847,1147.5965611806191,NO
361.02468236161116,1147.6597836813135,NO
362.028836331091,1147.7627979223025,NO
363.01573205299445,1147.8885646194522,NO
363.99753218702665,1148.017979780582,NO
364.98212225968877,1148.1424632430715,NO
365.96948671084317,1148.259362966589,NO
366.9593878360477,1148.3698607866731,NO
367.97461710582576,1148.4623312808317,NO
368.9980473965072,1148.497913905274,NO
370.0,1148.5000000004902,NO
371.0,1148.5000000004902,NO
372.0,1148.5000000004902,NO
373.0067621308078,1148.50733047116,NO
374.01646192601424,1148.5335787333727,NO
375.01918022432505,1148.574699380695,NO
376.01848115555146,1148.6229844379993,NO
377.0307472627001,1148.7096091795663,NO
378.0242653487279,1148.8349956306386,NO
379.00507319987474,1148.9589312392852,NO
379.993151105024,1149.0671718547464,NO
380.98733122353235,1149.157587226198,NO
381.98252135457545,1149.2345818124234,NO
382.9724309281924,1149.312449474254,NO
383.9632458692661,1149.3988214028564,NO
384.9795380890718,1149.4743442952526,NO
386.0,1149.5000000004902,NO
387.0,1149.5000000004902,NO
388.0,1149.5000000004902,NO
389.0123854066267,1149.5141109723297,NO
390.02106407385713,1149.5523884409688,NO
391.0166600853393,1149.5953979007506,NO
392.01225826652836,1149.6322519794767,NO
393.02036800308883,1149.6852217828375,NO
394.0238474202847,1149.7747743592904,NO
395.01411728190357,1149.8875029098574,NO
395.9982955121444,1150.0122435036765,NO
396.98058955195233,1150.141418981368,NO
397.9623797239589,1150.270230137758,NO
398.9582386057996,1150.3944131756568,NO
399.98309097105226,1150.479089183878,NO
401.0,1150.5000000004902,NO
402.0,1150.5000000004902,NO
403.0009784047624,1150.5010135451425,NO
404.0141614893371,1150.518509346389,NO
405.0246996493674,1150.565626843545,NO
406.03188638863804,1150.646476995535,NO
407.0361077382572,1150.7883339402033,NO
408.00913722213545,1150.9534001660477,NO
408.9797864005464,1151.1171469981216,NO
409.96226882071875,1151.2672625323098,NO
410.9615140570477,1151.3925566151747,NO
411.9795431418709,1151.4742271621828,NO
413.0,1151.5000000004902,NO
414.0029230216973,1151.5030862957256,NO
415.0167284340785,1151.5260276710726,NO
416.02559905489943,1151.5788542729113,NO
417.03987653192695,1151.6871225898658,NO
418.02932170759533,1151.8458343220475,NO
418.99780297049045,1152.0116717189046,NO
419.96996622563165,1152.1740593760944,NO
420.9554032991731,1152.3249188265938,NO
421.96872793563796,1152.4430209156562,NO
422.9941935971836,1152.4935442527246,NO
424.0,1152.5000000004902,NO
425.0038890904447,1152.5041409394325,NO
426.0175416357591,1152.5291455568586,NO
427.02466091524707,1152.5807644423644,NO
428.03369045858403,1152.669574347646,NO
429.0310865270446,1152.8066569533448,NO
430.0060693203602,1152.9687338053268,NO
430.9747018379693,1153.1358111880222,NO
431.95404630887884,1153.2966630744727,NO
432.9628073246294,1153.4310969319636,NO
433.9941946306508,1153.4934564080097,NO
435.0,1153.5000000004902,NO
436.0048508974819,1153.5052084614535,NO
437.0183396772176,1153.5323382344375,NO
438.02514461431554,1153.5863305532228,NO
439.0367602503135,1153.6875378617872,NO
440.02961236227054,1153.8458948577595,NO
440.9969330753965,1154.0154864517463,NO
441.97071655866927,1154.1799343945454,NO
442.9525747411935,1154.3268497551765,NO
443.96635730773016,1154.4515203287076,NO
445.0,1154.5000000004902,NO
446.0,1154.5000000004902,NO
447.0077097452292,1154.5085037734566,NO
448.0214940108384,1154.5432522803299,NO
449.027056594897,1154.6057467516603,NO
450.0387303243585,1154.725660189731,NO
451.02216657452266,1154.8972277036435,NO
451.98991963057205,1155.0612022428234,NO
452.9801631778818,1155.194553448202,NO
453.9768660466511,1155.2877638222262,NO
454.97883430528924,1155.3598168087406,NO
455.97193053844853,1155.4210419421358,NO
456.9812818458827,1155.477312926433,NO
458.0,1155.5000000004902,NO
459.0,1155.5000000004902,NO
460.0,1155.5000000004902,NO
461.0,1155.5000000004902,NO
462.0,1155.5000000004902,NO
463.0,1155.5000000004902,NO
464.0,1155.5000000004902,NO
465.00865666062646,1155.5094559209842,NO
466.0137134715251,1155.5337419525076,NO
467.0120231078738,1155.5620153611546,NO
468.0135762491773,1155.5927124973564,NO
469.01104880699796,1155.6243405494688,NO
470.02572585566867,1155.6876145923893,NO
471.02618819692316,1155.7945233741887,NO
472.00979555966865,1155.898046221705,NO
473.000646442359,1155.9935355767973,NO
473.9905299926762,1156.0911264847446,NO
474.9873944610474,1156.178578470051,NO
475.9797101522548,1156.2523859217436,NO
476.97272526531225,1156.3311932253155,NO
477.9803529645398,1156.4007995114284,NO
478.9797662881088,1156.4486605606028,NO
479.9876139791534,1156.4859131239868,NO
481.0,1156.5000000004902,NO
482.0,1156.5000000004902,NO
483.0,1156.5000000004902,NO
484.0,1156.5000000004902,NO
485.0,1156.5000000004902,NO
486.0,1156.5000000004902,NO
487.0,1156.5000000004902,NO
488.0086569595724,1156.5094389807155,NO
489.0128296347925,1156.5326347380314,NO
490.01290540463606,1156.561216227657,NO
491.0143380850196,1156.5937542320346,NO
492.0088758197708,1156.6227776716873,NO
493.0234412981526,1156.676890230832,NO
494.0252399414893,1156.7701362422897,NO
495.01184003283356,1156.8627632516875,NO
496.00446903629376,1156.9600138858873,NO
496.99329730935955,1157.0633031906993,NO
497.98928637198003,1157.1517763982717,NO
498.9772417749467,1157.232133893806,NO
499.972192819572,1157.3223105100565,NO
500.98064224645833,1157.3948981604674,NO
501.9773146669058,1157.444981516917,NO
502.9876158202139,1157.4858408977689,NO
504.0,1157.5000000004902,NO
505.0,1157.5000000004902,NO
506.0,1157.5000000004902,NO
507.0,1157.5000000004902,NO
508.0,1157.5000000004902,NO
509.0,1157.5000000004902,NO
510.0,1157.5000000004902,NO
511.00676431051517,1157.5071716639109,NO
512.0056506666695,1157.5196933201194,NO
512.9933949251815,1157.5187731217795,NO
513.9941897763928,1157.5061309800456,NO
515.0,1157.5000000004902,NO
516.0,1157.5000000004902,NO
517.0058061280727,1157.4935208995082,NO
518.0328065874974,1157.4402989229213,NO
519.0437709732896,1157.3235245822232,NO
520.028504748487,1157.184017999793,NO
521.0056553258445,1157.0327751842317,NO
521.9765799905568,1156.874271526046,NO
522.9643525085415,1156.7203042926164,NO
523.9765133787039,1156.6136072116158,NO
524.9764200514168,1156.5546009664058,NO
525.9885420645286,1156.5130377578905,NO
527.0,1156.5000000004902,NO
528.0,1156.5000000004902,NO
529.0,1156.5000000004902,NO
530.0151119096336,1156.4816921381962,NO
531.0389463961376,1156.4053604256942,NO
532.0395981990524,1156.280487256303,NO
533.02211621167,1156.1358947915828,NO
533.9964414636667,1155.9802733325594,NO
534.9684794960705,1155.8213838110662,NO
535.9641891679854,1155.6738656301134,NO
536.9778157582413,1155.5809643178197,NO
537.9825999775582,1155.5329467565027,NO
538.9941913783597,1155.5062671472413,NO
540.0,1155.5000000004902,NO
541.0,1155.5000000004902,NO
542.0086498851641,1155.4901601361694,NO
543.0324141926798,1155.4350325715957,NO
544.0393982370323,1155.3293950935822,NO
545.0298113407334,1155.192452962545,NO
546.0067100568785,1155.036797088589,NO
546.9766552834934,1154.8746757302386,NO
547.9643571330071,1154.720340576885,NO
548.978101915828,1154.6148957501127,NO
549.9766206887526,1154.55839078279,NO
550.9866955299276,1154.515337167326,NO
552.0,1154.5000000004902,NO
553.0,1154.5000000004902,NO
554.0,1154.5000000004902,NO
555.0272530906171,1154.463302538762,NO
556.0432660750093,1154.3617327550712,NO
557.0326673568769,1154.2346528329404,NO
558.0148179704851,1154.094464559527,NO
558.9899877171506,1153.9432637305201,NO
559.9656943036496,1153.789205966862,NO
560.9636572730952,1153.6502869706835,NO
561.9731887563405,1153.5589118133657,NO
562.9894741535853,1153.5119834744905,NO
564.0271297282067,1153.4612053777923,NO
565.058307992405,1153.2887094818996,NO
566.017845512836,1153.0554951928427,NO
566.9557352521508,1152.8340072006854,NO
567.9542752080017,1152.6177107588103,NO
568.984898792798,1152.5186490018252,NO
570.0132648067412,1152.4832179541975,NO
571.0574480747358,1152.3446884484151,NO
572.0324022897023,1152.0983640902118,NO
572.963251507545,1151.875055125653,NO
573.9492003990048,1151.6450986918835,NO
574.981335936486,1151.5240663839406,NO
576.0029213231264,1151.496624947219,NO
577.0540522814778,1151.3882628467143,NO
578.0446209054991,1151.1440294984934,NO
578.9751907194963,1150.9209204185486,NO
579.94350320771,1150.686811281781,NO
580.9780671342656,1150.533926614008,NO
582.0039167842066,1150.4984108003837,NO
583.0561531977422,1150.3818417400464,NO
584.0431600101412,1150.141100025543,NO
584.9760609442877,1149.9207213075624,NO
585.94402159141,1149.6930216096139,NO
586.9764783148211,1149.5386131158878,NO
587.9970772382109,1149.5031304801125,NO
589.0187382490901,1149.4778253482343,NO
590.0172358521158,1149.4395142256765,NO
591.0,1149.421568627451,NO
592.0,1149.421568627451,NO
593.0,1149.421568627451,NO
594.0,1149.421568627451,NO
595.0,1149.421568627451,NO
595.9991714801725,1149.422545134065,NO
596.9991676392693,1149.4245039947664,NO
598.0,1149.4254901960785,NO
599.0,1149.4254901960785,NO
600.0,1149.4254901960785,NO
601.0,1149.4254901960785,NO
602.0,1149.4254901960785,NO
603.0,1149.4254901960785,NO
604.0,1149.4254901960785,NO
605.0,1149.4254901960785,NO
606.0033056915659,1149.421475699177,NO
607.0032444278004,1149.4136645686326,NO
608.0,1149.4098039215687,NO
608.9975722775263,1149.4127128336045,NO
609.9942034927357,1149.4223169565978,NO
610.9966022201388,1149.4332169575223,NO
612.0,1149.4372549019608,NO
613.0,1149.4372549019608,NO
614.0,1149.4372549019608,NO
615.0,1149.4372549019608,NO
616.0033979471609,1149.4332382882333,NO
617.003336682961,1149.4254271022915,NO
618.0,1149.421568627451,NO
619.0,1149.421568627451,NO
619.996663317039,1149.4254271022915,NO
620.9966020528391,1149.4332382882333,NO
622.0,1149.4372549019608,NO
623.0,1149.4372549019608,NO
624.0,1149.4372549019608,NO
625.0,1149.4372549019608,NO
626.0,1149.4372549019608,NO
627.0,1149.4372549019608,NO
628.0,1149.4372549019608,NO
629.0,1149.4372549019608,NO
630.0,1149.4372549019608,NO
630.9974108288893,1149.4401591027492,NO
631.9973763374381,1149.4460226496321,NO
633.0026236625619,1149.4460226496321,NO
634.0025892664175,1149.4401753049183,NO
634.9974107335825,1149.4401753049183,NO
635.9973763317956,1149.446023608869,NO
637.0,1149.4490196078432,NO
638.0,1149.4490196078432,NO
639.0,1149.4490196078432,NO
640.0,1149.4490196078432,NO
641.0026236682044,1149.446023608869,NO
642.0025891711107,1149.4401591027492,NO
643.0,1149.4372549019608,NO
644.0,1149.4372549019608,NO
645.0,1149.4372549019608,NO
646.0,1149.4372549019608,NO
647.0,1149.4372549019608,NO
648.0,1149.4372549019608,NO
649.0,1149.4372549019608,NO
650.0,1149.4372549019608,NO
651.0,1149.4372549019608,NO
652.0,1149.4372549019608,NO
653.0,1149.4372549019608,NO
654.002554471366,1149.4342601459803,NO
655.0025199742021,1149.428395627926,NO
656.0,1149.4254901960785,NO
657.0,1149.4254901960785,NO
658.0,1149.4254901960785,NO
659.0033056915659,1149.421475699177,NO
660.0032444278004,1149.4136645686326,NO
661.0,1149.4098039215687,NO
662.0,1149.4098039215687,NO
663.00239301195,1149.4068120443785,NO
664.0023585144579,1149.4009474705335,NO
665.0,1149.3980392156864,NO
666.0030904297587,1149.3940298171756,NO
667.0030291656375,1149.3862186412578,NO
668.0,1149.3823529411766,NO
669.0,1149.3823529411766,NO
670.0,1149.3823529411766,NO
671.0,1149.3823529411766,NO
672.0,1149.3823529411766,NO
673.0,1149.3823529411766,NO
673.9969708343625,1149.3862186412578,NO
674.9969095702413,1149.3940298171756,NO
676.0,1149.3980392156864,NO
677.0,1149.3980392156864,NO
678.0,1149.3980392156864,NO
679.0,1149.3980392156864,NO
680.0,1149.3980392156864,NO
681.0,1149.3980392156864,NO
682.0030904297587,1149.3940298171756,NO
683.0030293789912,1149.3862458438575,NO
683.9969706210088,1149.3862458438575,NO
684.9969095514925,1149.3940322076353,NO
685.9976416069925,1149.4009268239788,NO
686.9976069757872,1149.4068141290597,NO
687.9967557364149,1149.413643631177,NO
688.9966942946058,1149.421477462291,NO
689.9974801509504,1149.4283743519957,NO
690.997445528634,1149.4342601459803,NO
692.0,1149.4372549019608,NO
693.0,1149.4372549019608,NO
694.0,1149.4372549019608,NO
694.9974108347669,1149.4401581035597,NO
696.0,1149.443137254902,NO
697.0025889435215,1149.4401204125822,NO
698.0059022113428,1149.430018253714,NO
699.011222125649,1149.408806000998,NO
700.0075662951417,1149.3858810421652,NO
701.0021970832805,1149.37350416952,NO
702.0,1149.370588235294,NO
703.0,1149.370588235294,NO
704.0,1149.370588235294,NO
705.002875167449,1149.3665838710956,NO
706.0028139034808,1149.3587727146887,NO
707.0,1149.3549019607842,NO
708.0,1149.3549019607842,NO
709.0,1149.3549019607842,NO
710.0,1149.3549019607842,NO
710.9993021976893,1149.355879196991,NO
711.9992983483419,1149.3578423643091,NO
712.9875162110848,1149.3745136925857,NO
713.978031310057,1149.4149641478405,NO
714.9883643913662,1149.456473875731,NO
715.9915501937543,1149.4788223313249,NO
716.9941900449369,1149.493846193703,NO
718.0,1149.5000000004902,NO
719.0,1149.5000000004902,NO
720.0,1149.5000000004902,NO
721.0,1149.5000000004902,NO
722.0,1149.5000000004902,NO
723.0,1149.5000000004902,NO
724.0,1149.5000000004902,NO
725.0,1149.5000000004902,NO
726.0,1149.5000000004902,NO
727.0,1149.5000000004902,NO
728.0,1149.5000000004902,NO
729.0,1149.5000000004902,NO
730.0,1149.5000000004902,NO
731.0095985006035,1149.5104764819926,NO
732.0101166924444,1149.5309533407726,NO
733.0008976886551,1149.5421787620187,NO
734.00875321541,1149.5535860257328,NO
735.0099970708649,1149.5751245017002,NO
736.0016145796744,1149.5882821709445,NO
737.0078319790955,1149.6005690765471,NO
738.0081740090403,1149.6210232095184,NO
739.0007207978177,1149.6323930937915,NO
740.016016045266,1149.6596590460306,NO
741.013866157939,1149.7053441506634,NO
742.0,1149.7274509803922,NO
743.019534781123,1149.7786058183551,NO
744.0122260804491,1149.8614377576737,NO
745.0007223512428,1149.907900211192,NO
746.0036844465698,1149.9530233063238,NO
746.9983059294763,1150.0239993326284,NO
747.9992167719735,1150.0665743840545,NO
748.9932556254474,1150.1042312389825,NO
749.9914459586089,1150.1615763391285,NO
750.9980886277423,1150.1949599684772,NO
751.9861142050609,1150.2284437151607,NO
752.9861512368593,1150.282514759641,NO
753.9962893967546,1150.3154012843738,NO
754.9802654988156,1150.3470550307422,NO
755.9852934354049,1150.3947551629772,NO
757.0,1150.4156862745099,NO
757.980334934375,1150.43605144795,NO
758.9812660855898,1150.4777148138965,NO
760.0,1150.5000000004902,NO
761.0,1150.5000000004902,NO
762.0,1150.5000000004902,NO
763.0,1150.5000000004902,NO
764.0,1150.5000000004902,NO
765.0,1150.5000000004902,NO
766.0,1150.5000000004902,NO
767.0,1150.5000000004902,NO
768.0,1150.5000000004902,NO
769.0,1150.5000000004902,NO
770.0,1150.5000000004902,NO
771.0,1150.5000000004902,NO
772.0,1150.5000000004902,NO
773.0,1150.5000000004902,NO
774.0,1150.5000000004902,NO
775.0048517239438,1150.5051241623426,NO
776.0103256502211,1150.5212652982,NO
777.0054415663467,1150.5374668480429,NO
778.0044289647076,1150.5482456040324,NO
779.009396503925,1150.564343900075,NO
780.0049343415867,1150.5805809537976,NO
781.0040062220884,1150.5913653507919,NO
782.0084673879561,1150.6074210958766,NO
783.0044271150132,1150.623695213717,NO
784.003582121349,1150.634623625802,NO
785.0181108045782,1150.6701246351167,NO
786.0126890974433,1150.7186330613458,NO
787.0106442331985,1150.7639757025445,NO
788.013606217532,1150.8265207267902,NO
789.0040068353122,1150.8797949325683,NO
790.0039328681222,1150.9228552820632,NO
791.0010376335905,1150.9870928499083,NO
791.9987717528589,1151.0417604041959,NO
792.9962268267886,1151.080179928872,NO
793.990999292777,1151.135010614394,NO
794.9964718864836,1151.179933784642,NO
795.989534704941,1151.2134920128349,NO
796.9832536496192,1151.2668949572014,NO
797.9957672264024,1151.3083877897734,NO
798.9862149762196,1151.334779171064,NO
799.9798961786942,1151.3797388509813,NO
800.9975730731238,1151.4125775820223,NO
801.9856300844722,1151.4310974947591,NO
802.9788725993145,1151.4684771378859,NO
803.9970771395117,1151.496886298736,NO
805.0,1151.5000000004902,NO
806.0,1151.5000000004902,NO
807.0,1151.5000000004902,NO
808.0,1151.5000000004902,NO
809.0,1151.5000000004902,NO
810.0,1151.5000000004902,NO
811.0,1151.5000000004902,NO
812.0,1151.5000000004902,NO
813.0,1151.5000000004902,NO
814.0,1151.5000000004902,NO
815.0,1151.5000000004902,NO
816.0,1151.5000000004902,NO
817.0,1151.5000000004902,NO
818.0,1151.5000000004902,NO
819.0,1151.5000000004902,NO
820.0095988698308,1151.5104576513934,NO
821.0092184403884,1151.5298595524514,NO
822.0,1151.5392156862745,NO
823.0088307053909,1151.5496340368136,NO
824.0084500479605,1151.5690475652555,NO
825.0008246398589,1151.5794336500248,NO
826.008803447596,1151.591840148615,NO
827.0076055845329,1151.612115198935,NO
828.0,1151.6215686274509,NO
829.0,1151.6215686274509,NO
830.0,1151.6215686274509,NO
831.0036594617296,1151.6267349070574,NO
832.0142564208127,1151.6537726145395,NO
833.0068256315768,1151.6835388931888,NO
833.9969529793419,1151.6892038957683,NO
835.0,1151.6843137254903,NO
836.0,1151.6843137254903,NO
836.9993791076118,1151.6833448655018,NO
838.0131778441962,1151.707795633524,NO
839.0183420285368,1151.7718430499303,NO
840.0058468383993,1151.8245948362526,NO
841.0,1151.8411764705882,NO
842.0,1151.8411764705882,NO
843.0,1151.8411764705882,NO
844.0,1151.8411764705882,NO
845.0058509167333,1151.864365113103,NO
846.005763305962,1151.9226503699072,NO
847.0008143096666,1151.9740438783745,NO
848.0,1151.9901960784314,NO
849.0,1151.9901960784314,NO
850.0,1151.9901960784314,NO
851.0,1151.9901960784314,NO
851.9995929580087,1152.0103795706991,NO
852.9958827438231,1152.0617588454202,NO
853.9967653876912,1152.1099768221875,NO
854.999752055666,1152.126451616948,NO
856.0,1152.1274509803923,NO
857.0002479674866,1152.126463424796,NO
858.0011828787566,1152.1206536320526,NO
858.9961624292578,1152.1304774096109,NO
859.991004633934,1152.169912471965,NO
860.9988185423636,1152.2008478045502,NO
862.0019504199985,1152.1989428379866,NO
863.0011244289506,1152.191152927642,NO
864.0014453915126,1152.1842874285849,NO
865.0003518435509,1152.1794402202981,NO
865.9918244407788,1152.1985493084844,NO
866.9855220306295,1152.24612547838,NO
867.9949415381435,1152.286646158337,NO
868.9976477560698,1152.2999111185543,NO
869.9951130495788,1152.3115430691844,NO
870.9955222302046,1152.3262375127103,NO
871.9973554219282,1152.3371837237787,NO
872.9844244755546,1152.3610689730856,NO
873.9750917208811,1152.409781351744,NO
874.9910998185295,1152.4539092431592,NO
875.9972496943266,1152.467551979298,NO
876.9972148695509,1152.473472191339,NO
877.9971802714163,1152.4793538744188,NO
878.9971456736517,1152.4852354945729,NO
879.997111075442,1152.491117190403,NO
880.997076474172,1152.496999406493,NO
882.0,1152.5000000004902,NO
883.0,1152.5000000004902,NO
884.0,1152.5000000004902,NO
885.0,1152.5000000004902,NO
886.0,1152.5000000004902,NO
887.0,1152.5000000004902,NO
888.0,1152.5000000004902,NO
889.0,1152.5000000004902,NO
890.0,1152.5000000004902,NO
891.0,1152.5000000004902,NO
892.0,1152.5000000004902,NO
893.0,1152.5000000004902,NO
894.0,1152.5000000004902,NO
895.0,1152.5000000004902,NO
896.0,1152.5000000004902,NO
897.0,1152.5000000004902,NO
898.0,1152.5000000004902,NO
899.0,1152.5000000004902,NO
900.0,1152.5000000004902,NO
901.0,1152.5000000004902,NO
902.0,1152.5000000004902,NO
903.0,1152.5000000004902,NO
904.0,1152.5000000004902,NO
905.0,1152.5000000004902,NO
906.0,1152.5000000004902,NO
907.0,1152.5000000004902,NO
908.0,1152.5000000004902,NO
909.0,1152.5000000004902,NO
910.0,1152.5000000004902,NO
911.0,1152.5000000004902,NO
912.0,1152.5000000004902,NO
913.0,1152.5000000004902,NO
914.0,1152.5000000004902,NO
915.0105346810814,1152.5115738672093,NO
916.0100749029448,1152.5328908539732,NO
917.0,1152.543137254902,NO
918.0,1152.543137254902,NO
919.0,1152.543137254902,NO
920.0,1152.543137254902,NO
921.0,1152.543137254902,NO
922.0096054160755,1152.554657972901,NO
923.0091458021532,1152.5759673460966,NO
924.0,1152.5862745098038,NO
925.0,1152.5862745098038,NO
926.0,1152.5862745098038,NO
927.0,1152.5862745098038,NO
928.0008092588639,1152.5872779579095,NO
929.0086345184172,1152.5996723197932,NO
930.0074516458684,1152.619966070622,NO
931.00072471567,1152.6303949890046,NO
932.0007208701071,1152.6323562262191,NO
933.0,1152.6333333333334,NO
934.0007170184713,1152.6343205605979,NO
935.0014221578247,1152.6373497440775,NO
936.016340106943,1152.6666618283105,NO
937.0135067171672,1152.7129822668874,NO
937.9978922618066,1152.7312633646982,NO
938.9978321224535,1152.723595596733,NO
940.0,1152.7196078431373,NO
941.0,1152.7196078431373,NO
942.0057947005299,1152.7313366063331,NO
943.0168602294647,1152.7850320747273,NO
944.0086122920176,1152.8485424463995,NO
945.0,1152.8764705882354,NO
946.0,1152.8764705882354,NO
947.000240287544,1152.8774533461517,NO
948.0002364212709,1152.8794251455565,NO
949.0023347126922,1152.891754227526,NO
950.0043746146107,1152.9397012610875,NO
951.000039763063,1152.999220032255,NO
951.9997700198448,1153.0293224714824,NO
952.9996253934696,1153.0382098657408,NO
953.9999135057708,1153.0441120591936,NO
955.0,1153.0450980392156,NO
955.9989192210537,1153.0551197248228,NO
956.9937724085726,1153.096244590999,NO
957.9932229772014,1153.1502731117455,NO
959.0,1153.1745098039216,NO
960.0,1153.1745098039216,NO
961.0010090722553,1153.1715422888346,NO
962.0009747556297,1153.1657084623039,NO
962.9973231455684,1153.1706494589648,NO
963.988785101651,1153.2042713601716,NO
964.9927391543836,1153.24686875924,NO
966.0030202563115,1153.2567217934168,NO
967.0004902082147,1153.2500062025517,NO
967.9980163479349,1153.252915653018,NO
968.9979551292537,1153.2607210353383,NO
970.0,1153.264705882353,NO
970.9994790506803,1153.2656841669,NO
971.999475209786,1153.2676430230854,NO
973.0,1153.2686274509804,NO
974.0,1153.2686274509804,NO
974.9984026525506,1153.2715490749972,NO
975.9983681251503,1153.277418733239,NO
976.997770507551,1153.2842603037943,NO
977.9971270754789,1153.2930382984202,NO
978.9994137076884,1153.2990090945236,NO
980.0,1153.3,NO
981.0,1153.3,NO
982.0,1153.3,NO
983.0,1153.3,NO
983.9976166322604,1153.3038794044985,NO
984.9981721502279,1153.3107344710968,NO
986.0024292816721,1153.309733431228,NO
987.0017818791565,1153.3029194661967,NO
988.0,1153.3,NO
989.0005862923116,1153.2990090945236,NO
990.0028729245211,1153.2930382984202,NO
991.0022296331659,1153.2842782452092,NO
992.0,1153.2803921568627,NO
993.0,1153.2803921568627,NO
994.0,1153.2803921568627,NO
995.0,1153.2803921568627,NO
996.0016318449539,1153.2774136509456,NO
997.0015974259311,1153.2715624168795,NO
997.9984025740689,1153.2715624168795,NO
998.9983681550461,1153.2774136509456,NO
1000.0,1153.2803921568627,NO
1000.9977703668341,1153.2842782452092,NO
1001.9971270754789,1153.2930382984202,NO
1002.9994137076884,1153.2990090945236,NO
1004.0,1153.3,NO
1004.9976166206293,1153.3038808874514,NO
1005.9975553567829,1153.3116920283342,NO
1007.0,1153.3156862745097,NO
1008.0,1153.3156862745097,NO
1009.0018394359018,1153.312704113218,NO
1010.0018048297692,1153.3068210704796,NO
1011.0023524238508,1153.29993405843,NO
1012.0022911237874,1153.2921182998957,NO
1013.0,1153.2882352941176,NO
1014.0,1153.2882352941176,NO
1015.0,1153.2882352941176,NO
1016.0016779762401,1153.285255969858,NO
1017.001643478774,1153.2793914004337,NO
1018.0,1153.2764705882353,NO
1019.0,1153.2764705882353,NO
1020.0,1153.2764705882353,NO
1020.9983565138007,1153.2793926627414,NO
1021.9977551831826,1153.2862141608794,NO
1022.9994290831032,1153.2911676325548,NO
1024.0,1153.292156862745,NO
1024.9976781244002,1153.2960391562192,NO
1025.9976168250207,1153.3038548275529,NO
1026.998172080515,1153.3107463223164,NO
1027.995602158542,1153.320414162431,NO
1028.9974017465101,1153.3312773392354,NO
1030.0,1153.335294117647,NO
1031.0,1153.335294117647,NO
1032.0,1153.335294117647,NO
1033.0,1153.335294117647,NO
1034.0,1153.335294117647,NO
1035.002598402114,1153.3312962888253,NO
1036.0025369899092,1153.3234662322595,NO
1037.0018625262792,1153.3166294774817,NO
1038.001828003986,1153.3107606874516,NO
1039.0,1153.3078431372548,NO
1040.0,1153.3078431372548,NO
1041.0,1153.3078431372548,NO
1041.998171996014,1153.3107606874516,NO
1042.998137498273,1153.316625303595,NO
1044.0,1153.3196078431372,NO
1045.0,1153.3196078431372,NO
1046.0,1153.3196078431372,NO
1047.0,1153.3196078431372,NO
1048.0024753950802,1153.3156128911019,NO
1049.0024141308907,1153.3078017064627,NO
1050.0,1153.3039215686274,NO
1051.0023521976323,1153.2999052155849,NO
1052.004516697285,1153.2879394332765,NO
1053.0058053018636,1153.269154910054,NO
1054.0053414902357,1153.2476509159642,NO
1055.0044550029656,1153.2272051453208,NO
1056.0024904882328,1153.2116915055108,NO
1057.001583701015,1153.2019218911687,NO
1058.0015223306555,1153.1940971698755,NO
1059.0,1153.1901960784314,NO
1060.0003709947457,1153.18920733022,NO
1061.0017967284684,1153.183266302085,NO
1062.0013687537596,1153.174516114507,NO
1062.9986313432305,1153.1745037482658,NO
1064.0,1153.178431372549,NO
1065.0013684943929,1153.1744830452544,NO
1066.0,1153.1705882352942,NO
1067.0003325461869,1153.169598564139,NO
1068.0019132325688,1153.1626247727365,NO
1069.0026092905343,1153.1478597899716,NO
1070.002299290393,1153.1302931161247,NO
1071.0011435483607,1153.1166419316933,NO
1072.0010472663134,1153.1068211629795,NO
1073.0011298945383,1153.0960410383498,NO
1074.0006763924043,1153.0862400365836,NO
1075.001293303121,1153.0732871733971,NO
1076.0018327855703,1153.0424873015381,NO
1076.9996788479364,1152.9941504446283,NO
1077.997502871889,1152.9446288993238,NO
1078.9954731054006,1152.899621034457,NO
1079.9910895917346,1152.8485230600536,NO
1080.9795348917369,1152.7771082813822,NO
1081.9643815623483,1152.671826230021,NO
1082.965331188696,1152.5420612300504,NO
1084.0230983602999,1152.433954283008,NO
1085.009506781723,1152.3863210520667,NO
1086.0012310325471,1152.3688994247602,NO
1086.9975102858639,1152.371797299926,NO
1088.076041550134,1152.4953606087024,NO
1089.061200749502,1152.7813533418644,NO
1090.0077940161664,1152.952841268099,NO
1090.9974835648454,1153.040469227775,NO
1091.9921072193272,1153.1004729685956,NO
1094.1191573622473,1153.608048331837,NO
1095.029388835113,1153.856476743114,NO
1096.0024887574723,1153.9740152314282,NO
1096.9971821638146,1154.0427220326742,NO
1097.9979712879408,1154.0805310513701,NO
1098.999514705245,1154.0870618821393,NO
1100.00089857993,1154.07262159908,NO
1101.001090964536,1154.0386201433382,NO
1101.9999957139048,1153.9998277769137,NO
1102.9991763017429,1153.9669023078898,NO
1103.9993144250886,1153.9448423836477,NO
1104.9999310379849,1153.9388306883232,NO
1106.0009631023288,1153.952486950714,NO
1107.0004674553697,1153.9870281136457,NO
1107.9981117012237,1154.0371365430622,NO
1108.9943679270918,1154.0968495662676,NO
1109.9957046941263,1154.1430667253596,NO
1110.998535213483,1154.1563659632582,NO
1112.0026237639195,1154.1387315225081,NO
1113.0058882357114,1154.0693503291754,NO
1113.9699410182307,1153.9029741711606,NO
1114.6856803458575,1153.4946778310689,NO
1115.7789759665957,1152.7360281677602,NO
1116.9657370292368,1151.933591436312,NO
1118.0833132027792,1151.1620487591424,NO
1118.9550241630468,1150.8927718907798,NO
1120.0916031635873,1150.1936157809191,NO
1121.863439498952,1149.6472589185441,NO
1124.0051953979146,1149.036851077806,NO
1124.9923018308084,1148.9247824722213,NO
1125.9851662963054,1148.8357943601973,NO
1126.9807629152028,1148.7594115240638,NO
1127.9964211229835,1148.7113039124156,NO
1129.0151217123512,1148.7306094972762,NO
1130.0221167240265,1148.8050834513328,NO
1131.0129525649795,1148.9286431416879,NO
1131.9757658553704,1149.0970525292673,NO
1134.0274835675975,1149.9019472722778,NO
1134.9894709611556,1150.0677098212288,NO
1137.0551125828035,1150.6697210058776,NO
1138.007800338081,1150.7786654070535,NO
1139.0025243660255,1150.7932314738116,NO
1139.995132992795,1150.7814713748285,NO
1140.9222726024166,1150.6393810167524,NO
1142.9967749666746,1149.9745915596714,NO
1143.990199963589,1149.8919545980243,NO
1144.994588356493,1149.8471210709313,NO
1146.0033037307242,1149.8493498823434,NO
1147.006410981603,1149.8862364992224,NO
1148.0043968163632,1149.9389941700558,NO
1148.999685422071,1150.0038502568782,NO
1149.992195560274,1150.083082705538,NO
1152.0677492768575,1150.6730703569904,NO
1153.0151009706526,1150.8058446663538,NO
1154.0072804960969,1150.8471095796826,NO
1155.0023894851404,1150.8615691538891,NO
1155.995995666541,1150.8431029345434,NO
1156.9158986120383,1150.6826123564933,NO
1158.9203569322065,1149.816796285857,NO
1160.971317180371,1148.9109094240907,NO
1163.0271119376876,1148.188427978842,NO
1164.0056590417553,1148.0887256881301,NO
1165.0011266514148,1148.0248426621938,NO
1165.9982969451198,1147.9626179452846,NO
1166.9906032125532,1147.8882544213593,NO
1167.8909300312305,1147.7010384419118,NO
1169.0069049268232,1147.008341930563,NO
1170.056729367171,1146.0726572254177,NO
1170.798786997716,1145.6791182026416,NO
1172.974860658914,1144.8526643659225,NO
1173.9772312841794,1144.738022601553,NO
1175.0043854082046,1144.6986598030771,NO
1176.0243402227334,1144.754008387897,NO
1177.0208503376577,1144.8612477508918,NO
1177.9991668327334,1145.0040269749584,NO
1180.0514877968942,1145.857139490766,NO
1182.0835489051926,1146.6949315185868,NO
1183.0111122060398,1146.8654522103443,NO
1184.0039477458604,1146.9442929223458,NO
1184.99998921128,1147.0003292419683,NO
1185.9998614571325,1146.9959176034627,NO
1186.9906527843204,1146.912923309002,NO
1188.975812767529,1145.9720720346002,NO
1190.0121733483104,1145.0141726203717,NO
1191.0661846976561,1144.1209699741469,NO
1191.937657861847,1143.8521824823622,NO
1194.0029399678458,1143.0178628403964,NO
1194.9913237965727,1142.9147905534626,NO
1195.9982838678172,1142.8641395341053,NO
1197.008625020651,1142.8998006867764,NO
1197.9979018673337,1143.0116895961069,NO
1200.05581459084,1143.861072097653,NO
1202.0768354006707,1144.7723715355369,NO
1203.0070730567916,1144.943739995376,NO
1203.9977834466172,1145.0311795185958,NO
1204.9991012880284,1145.0749525768979,NO
1206.0015593050318,1145.0771397333324,NO
1207.0017490039088,1145.0596760127034,NO
1208.001281891228,1145.023592254209,NO
1208.9944465066535,1144.9494460352519,NO
1209.9342591813609,1144.7834577908761,NO
1210.2507879234588,1144.6020788703122,NO
1211.9317789291238,1143.8653437478704,NO
1213.0315897920875,1143.0399321682653,NO
1213.7168556551217,1142.6009013057508,NO
1215.9667236142325,1141.7450557229972,NO
1217.0,1141.6758653515876,NO
1218.0294731623512,1141.7415835338213,NO
1219.0242083908354,1141.8741957409625,NO
1219.9944446028387,1142.0267504455312,NO
1222.0637880869162,1142.7255783261476,NO
1223.0069106403348,1142.8195103384253,NO
1223.9902353935545,1142.7829252795748,NO
1226.007800985216,1145.9591595492261,NO
1228.0680154612758,1146.7203808861868,NO
1229.0109865616205,1146.9250916265453,NO
1229.9986480175764,1147.0486713661576,NO
1231.0016831440041,1147.0134651520332,NO
1231.8598763327236,1146.694275651434,NO
1232.6497569115822,1145.0980680608548,NO
1232.7232109752551,1144.2398838185345,NO
1231.7207482793626,1143.41510390422,NO
1230.9461024044667,1143.125761061681,NO
1230.0258880818071,1142.895085142235,NO
1229.0927831198317,1142.6774681767704,NO
1228.41295792214,1142.3752687672868,NO
1225.694490973246,1140.9850495583719,NO
1226.6009286305423,1138.5509369668534,NO
1227.9533468477998,1137.8747576203073,NO
1230.0149224211495,1137.1296656988948,NO
1231.0022510871381,1137.049309529329,NO
1232.000097285897,1137.003696864253,NO
1232.9999752692909,1136.977767093079,NO
1234.0002980716004,1136.9945229341733,NO
1234.9953619860228,1137.054194872649,NO
1237.0632690259758,1137.616347400979,NO
1238.00424094515,1137.731689538103,NO
1238.9965517571804,1137.728163530291,NO
1240.141123374632,1137.4853884801992,NO
1241.0595674578383,1137.1699546933212,NO
1241.994987541474,1136.9700625770943,NO
1242.9211488814256,1136.776773590417,NO
1244.957867551851,1135.8720187305614,NO
1247.0111820953994,1135.0795902094167,NO
1247.9996189942674,1134.9941141187244,NO
1248.9991359204298,1134.9586606160751,NO
1250.0002985294675,1134.954623520276,NO
1251.0007843692526,1134.976207465324,NO
1251.9983560904543,1135.0242274525574,NO
1252.992098339082,1135.0911324837557,NO
1253.927106472571,1135.2413851196754,NO
1255.066177898281,1135.5912541776377,NO
1256.1298341003424,1135.3693058693443,NO
1257.0229542882826,1135.0386002617531,NO
1257.8290284020854,1134.6469547358095,NO
1259.973680233008,1133.9066643526494,NO
1260.8732936058566,1133.6376295949378,NO
1263.0039945701578,1133.0277761956954,NO
1263.9909963497414,1132.9145117296393,NO
1264.988669290244,1132.8318378737558,NO
1265.9875726775365,1132.7743963009304,NO
1266.989169327498,1132.7292332025959,NO
1267.9471848307949,1132.6054936728265,NO
1269.984384368416,1131.956055640317,NO
1270.698468666967,1131.556283185031,NO
1271.590305993703,1130.672081220799,NO
1272.0596355530195,1130.0452344009918,NO
1272.9964944271517,1128.997010262066,NO
1273.984531857541,1127.9838934901584,NO
1275.0292855377268,1127.040705767717,NO
1275.777540083006,1126.612569816309,NO
1277.9711947738854,1125.831641507403,NO
1278.9247905167078,1125.6373231522143,NO
1281.0033199929292,1125.0350623629283,NO
1281.989352870797,1124.9232194838314,NO
1282.887408612573,1124.7206867414461,NO
1283.9899297839138,1123.9885489180351,NO
1284.97957196603,1122.9819171779618,NO
1285.7564524430704,1121.006020276682,NO
1285.0365187129992,1118.981936512911,NO
1284.7781902746399,1118.0381425274286,NO
1284.6638635553684,1117.0093371236708,NO
1287.0051576506726,1114.0891536754384,NO
1287.9958428904724,1114.0978606037747,NO
1290.075857857584,1114.662724307977,NO
1291.0225490841294,1114.812359415565,NO
1292.0099982530448,1114.879621029704,NO
1293.0010747263573,1114.90499418871,NO
1293.9949977354358,1114.8811624218533,NO
1294.9205220363456,1114.7158287897494,NO
1296.00615607319,1114.0066313583377,NO
1296.848496213136,1112.9379225170603,NO
1297.1463720409279,1112.0730842340577,NO
1297.974799338869,1110.9844613940516,NO
1298.9330190971646,1109.926372133084,NO
1300.8140518812106,1108.6652933793323,NO
1301.9902191237645,1107.9775854920515,NO
1302.755640777985,1107.5647128641494,NO
1303.9558258560799,1106.9128520951444,NO
1305.0365734663972,1106.0403479535353,NO
1306.036536376056,1105.0337629875592,NO
1307.0010693319357,1104.0008927155095,NO
1307.819012724285,1102.9018241699262,NO
1308.6217455943774,1101.6234045994865,NO
1309.7715862776256,1100.7223411242767,NO
1310.9051853541614,1099.8682163348387,NO
1312.7375562546556,1098.6368583999854,NO
1313.8044926632247,1097.7829908453032,NO
1314.771723974379,1096.792939203782,NO
1315.703956094831,1095.7279596488804,NO
1316.747028906619,1094.7078591763027,NO
1317.9478692393475,1093.8953279944747,NO
1319.071689329503,1093.1542406809317,NO
1319.9477627916779,1092.8826555413077,NO
1321.025608734951,1092.0266330834681,NO
1321.9926046499074,1090.9938517949388,NO
1322.9604522932839,1089.9622803843176,NO
1323.9489506135606,1088.952234031505,NO
1324.7670195825756,1087.000513172711,NO
1324.7454939221502,1086.0212318180943,NO
1324.6778715708886,1085.028847320931,NO
1324.637199998545,1083.9899437101583,NO
1325.7164095445382,1081.5919770146782,NO
1326.9428906549101,1080.9073559446676,NO
1327.9382502724607,1079.9564374279632,NO
1328.781385399445,1078.8395390426049,NO
1329.5160735137354,1077.6902541759077,NO
1329.9653750924772,1076.9811220582046,NO
1330.7784573803265,1075.8461311748308,NO
1331.5539928234368,1074.681645824098,NO
1332.0345678888361,1074.0288720425556,NO
1332.9404265942094,1072.9582986159467,NO
1333.8238476618787,1071.8499207534792,NO
1334.6733009792645,1070.7641477677057,NO
1335.071281738596,1070.0510628928491,NO
1335.8576685923395,1068.9387901203088,NO
1336.8814854958466,1066.9392274216243,NO
1337.451730006196,1065.655232032904,NO
1337.8850176353367,1064.9611628720102,NO
1338.1305020685577,1064.0461074729576,NO
1338.4318346123391,1063.1283229504966,NO
1338.7294905932172,1061.9795511238449,NO
1338.8255690403425,1060.973523873791,NO
1339.6137620602583,1058.7520954883305,NO
1340.0578826668525,1058.0439350349288,NO
1340.797129206725,1056.9152140032784,NO
1340.9594262990724,1055.9946942083402,NO
1340.9976382596913,1055.0001104190317,NO
1340.935499022051,1054.0109855680205,NO
1340.7470473861106,1053.095739037258,NO
1339.7893150094123,1051.0819963231013,NO
1338.8732352056043,1049.0151996155962,NO
1338.809681122066,1048.0089793714696,NO
1338.7892347307181,1047.0078413234628,NO
1338.764084505668,1046.0153462124172,NO
1338.1113456234136,1043.9590641076873,NO
1337.9292472072525,1043.0031556409551,NO
1337.9183486579282,1041.9978086571266,NO
1337.9530992909015,1040.9967538888038,NO
1337.9878008337887,1039.9995180576113,NO
1337.9831288280263,1039.000955756022,NO
1337.914602589501,1038.0119979831445,NO
1337.7059718599364,1037.1228117492446,NO
1336.7001005477246,1035.0435394088445,NO
1336.6028714038093,1033.9832592162936,NO
1339.0134309055954,1032.0360928240793,NO
1339.9964305587146,1031.8405023318076,NO
1340.9174759966977,1031.6946611858962,NO
1342.0016757421179,1031.0014303841633,NO
1342.4277092817872,1030.16017095883,NO
1342.7634464484695,1029.00400938205,NO
1342.6280354532676,1028.076164173134,NO
1341.970268177343,1026.0031480752746,NO
1341.807522337034,1025.0515919494899,NO
1341.1672341172082,1023.9178001788302,NO
1340.8965279410852,1023.0525935325552,NO
1340.1277625749608,1021.931871065775,NO
1339.7593839998037,1020.0154014432784,NO
1339.8027970017913,1018.9737340607159,NO
1340.887096736957,1016.8858560362903,NO
1341.9179985090443,1015.9121849725107,NO
1342.8558777277015,1014.8963410806688,NO
1343.4704903017373,1013.7331799728851,NO
1343.895230129452,1012.9593126720872,NO
1344.150924794523,1012.0699039932392,NO
1344.8602340927177,1010.9388301862178,NO
1345.1304241365779,1010.067448893019,NO
1345.9206532609658,1008.9568696143123,NO
1346.6607375065305,1007.7618462696031,NO
1347.0724290544554,1007.0544042197758,NO
1347.9030608099704,1005.9501107936333,NO
1348.4821943719164,1004.7117370772136,NO
1348.9149282196884,1003.9717158249707,NO
1349.6496425257064,1001.9190191708499,NO
1349.8295883295027,1000.9798755459346,NO
1349.9358165039935,999.992569716467,NO
1350.0351667801795,999.003520633809,NO
1350.124312294057,998.0101801297876,NO
1350.6558232958823,995.9284621149068,NO
1350.8319420399923,994.9717166302308,NO
1351.8612095014832,992.8720043122828,NO
1352.8649565456992,991.860152625055,NO
1353.8596929242747,990.864521847998,NO
1354.8025519291293,989.8367051061488,NO
1355.7118209794146,988.7576313251626,NO
1356.7362288803456,987.7074135499196,NO
1357.8617538038902,986.8104588336794,NO
1358.985036640249,985.9745237399967,NO
1359.6384208610943,985.4728556906753,NO
1360.730352586265,984.6802140856958,NO
1361.7333013838409,983.736573748396,NO
1362.6473163658757,982.7131506543617,NO
1363.067531077971,982.0495095902385,NO
1363.8200069974916,980.9348769070549,NO
1364.7866995824957,978.8772834081984,NO
1365.6764193068843,977.7299922598385,NO
1366.7916626238339,976.7038472992224,NO
1367.8744079339256,975.8322772556354,NO
1368.7957377152445,974.834127432704,NO
1369.552923868805,973.7089713902159,NO
1370.0411100919844,973.0325357030669,NO
1370.96874267831,971.9751047888988,NO
1371.9904962073904,970.9864314491442,NO
1372.5767781261366,970.4682081379883,NO
1373.670363604606,969.6048827959725,NO
1374.7200428195026,968.695184045036,NO
1375.7258006778295,967.727998682828,NO
1376.704138076653,966.7147255889527,NO
1377.697807747665,965.6928333845284,NO
1378.7708076839087,964.7365267749911,NO
1379.8275265146178,963.8091857670136,NO
1380.839403246822,962.8368890180795,NO
1381.824651599155,961.8313570783323,NO
1382.7496011051837,960.8006663396958,NO
1383.4350130965875,959.6515585961911,NO
1383.913007307276,958.9628771538053,NO
1384.179395235213,958.0834669838035,NO
1384.899997756215,956.9553676924235,NO
1385.4764945149946,955.6811869579221,NO
1385.9439349430684,954.9722366440387,NO
1386.5889181263462,953.7679487518906,NO
1386.9610205011077,952.985806936508,NO
1387.7627953736176,950.9431726685356,NO
1387.9272454537854,949.9898818182284,NO
1388.06169019969,949.0113074844218,NO
1388.787648170229,946.9388405761516,NO
1388.9310926647688,945.9909052146826,NO
1389.1180472063363,945.0413313907883,NO
1389.3817974402625,944.112409876247,NO
1389.3990860928127,942.8843007092547,NO
1389.1753925506462,941.9507860222793,NO
1389.0652372754637,941.0015872816793,NO
1389.7263042013915,938.919104692748,NO
1390.1789532305309,937.0807500277115,NO
1390.8795540123617,935.950243974968,NO
1391.7812509254422,933.8970777740407,NO
1392.0502155312574,933.0190111026642,NO
1392.865140506814,930.9726372043406,NO
1392.9888169267933,929.9989973796568,NO
1393.6636767758293,927.9112367334842,NO
1393.8623090816118,926.9780361025022,NO
1394.0268730075227,926.0063472085257,NO
1394.8605280143986,923.9625323791364,NO
1395.0190766876017,923.0026158670479,NO
1395.1365435793527,922.0158403223428,NO
1395.690922691735,919.9397621954785,NO
1395.82765155492,918.9826344463269,NO
1395.9143300967821,917.9910720944143,NO
1396.01685625609,917.0022799791982,NO
1396.760767379781,914.9271387706715,NO
1396.939400779653,913.9892141899307,NO
1397.6948682392474,911.9210933193926,NO
1397.823357832104,910.9941321613544,NO
1397.8177204230615,910.0083423144431,NO
1397.6826176711875,909.0782308925312,NO
1396.975176402987,907.0029309789746,NO
1396.9040667138881,906.0072443901432,NO
1396.8591326401845,905.0061521020681,NO
1396.8419327133324,904.0001754353904,NO
1396.8545124682123,902.9959541844123,NO
1396.8780331560358,901.9958887578949,NO
1396.9061598149647,900.9958269474071,NO
1396.9311267828537,899.9980912733469,NO
1396.920225799301,899.0031392625716,NO
1396.800046233846,898.048334879048,NO
1396.2111280083532,896.90543843828,NO
1395.950337725662,896.0210318382569,NO
1395.5384932116767,895.2882393206162,NO
1394.8906914901147,894.0660791566827,NO
1394.00724231771,892.9933493389194,NO
1393.021997478531,891.9792107848391,NO
1392.0228789599835,890.9771210400165,NO
1391.0042917571857,889.9955117892158,NO
1389.9875071821514,889.0122770530214,NO
1388.688108784843,887.1374905039861,NO
1387.7257531816606,885.0995189276716,NO
1387.046010885049,883.9672336257918,NO
1386.5619060805159,883.3244821405309,NO
1385.7185057388301,882.359920510387,NO
1385.0594476952174,881.9179646624558,NO
1383.9357910595281,881.1675589492271,NO
1381.9210933827285,880.1589122203796,NO
1380.5979455072402,879.4038256520906,NO
1379.8475076394884,878.0699182637585,NO
1378.9324684697633,876.0095125901385,NO
1378.8414335139792,875.0123329491233,NO
1378.779458089532,874.0132856572968,NO
1378.088774812329,871.9629831963881,NO
1377.8697470212826,871.020221922632,NO
1377.6859626255457,870.0961497107568,NO
1376.9125013701598,868.025402828894,NO
1376.5227610132117,867.2507262163094,NO
1375.9097888554982,866.051513326959,NO
1375.0449169902945,864.9639854759413,NO
1374.556332767693,864.3247978997287,NO
1373.7427558423049,863.2026336591387,NO
1372.9275475723146,862.0454007246294,NO
1372.0345906546784,860.9682480915392,NO
1371.4861083025137,860.456220472384,NO
1370.6003015852264,859.303770777274,NO
1369.8766872893757,858.065711605421,NO
1369.0455270067796,856.9657889550317,NO
1368.526463565946,856.3206693831975,NO
1367.6895756921851,855.2868974273871,NO
1366.7012261725017,854.3190526156443,NO
1365.8472375279782,853.0955596921326,NO
1364.8515854801224,851.0147757827608,NO
1364.8070565771304,850.0039376208456,NO
1364.8469280246152,848.9882000182321,NO
1364.9387669366704,847.9923208261627,NO
1365.0257190279492,847.0024646193081,NO
1365.0484211003172,845.9991074451467,NO
1364.8867704451393,845.0442050546511,NO
1364.4947725340712,844.4350569569525,NO
1363.582230848107,843.5371317956906,NO
1362.9788241703363,843.0343625957602,NO
1361.7570313048964,841.0368606359942,NO
1361.6781038025206,839.997306307927,NO
1361.7420323426722,838.9698763892537,NO
1362.119249642326,837.0690392674743,NO
1363.0430240310593,836.0430240310593,NO
1364.0224665329588,835.0181073553841,NO
1364.634013138875,833.907707657195,NO
1364.656920721098,833.0649068880718,NO
1364.0487565487454,831.9585067083136,NO
1363.5337137374547,831.5808126787251,NO
1363.0213046350402,830.9705203297016,NO
1361.8942811410627,830.2287041194029,NO
1360.6617274975158,828.0128187480175,NO
1360.7528482383573,826.952615783337,NO
1362.9281307214058,824.8342436869416,NO
1364.0255076198112,824.0302247826372,NO
1364.4817019129603,823.5277728744625,NO
1364.9545886521878,822.9782163837956,NO
1365.6471036871076,820.9146078102177,NO
1365.8116824495987,819.9778328075006,NO
1365.875424545346,818.9953664817045,NO
1365.9089640894192,817.9961946402726,NO
1365.9741922740275,816.9971763975926,NO
1366.1000138170064,816.0201873330357,NO
1366.9018755207424,813.958564015466,NO
1367.56383652504,812.703088721085,NO
1368.044969968723,812.0338269662582,NO
1368.8582399158527,810.9325681764929,NO
1369.4609008345594,809.6574573556223,NO
1369.9760204955332,808.9859243357724,NO
1370.8730178033818,807.879270711612,NO
1371.9668363915598,806.9482469245347,NO
1373.9076955537912,805.7899082816529,NO
1375.8643370367529,804.7073854198069,NO
1376.9582995906303,803.953249368753,NO
1377.9716194642413,802.9700289629474,NO
1378.9705428813734,801.9721113132963,NO
1380.0182868361658,800.0083970168882,NO
1380.8114526488919,797.984269764395,NO
1381.035858479381,797.0138630322167,NO
1381.660120479254,794.9837448921334,NO
1381.6921975011035,793.989548874476,NO
1381.7130195616605,792.9952643491494,NO
1381.7270478142702,791.9960877854832,NO
1381.7401999113624,790.9962680651053,NO
1381.7665984382181,789.9904152523305,NO
1381.8191054583274,788.9859598165298,NO
1381.9157516914713,787.9867396149094,NO
1382.881895616966,785.9468773942568,NO
1383.1570183809492,785.0783993888667,NO
1383.8737409271416,783.9550378337176,NO
1384.1239829021567,783.047756377127,NO
1384.4452280944558,782.1464252908418,NO
1384.747283100078,780.9928268130591,NO
1384.7684927729129,779.996196485809,NO
1384.8044001734008,778.9903380985979,NO
1384.8711590406035,777.9896073038702,NO
1384.960995047677,776.9957927242937,NO
1385.0736809583673,776.0100123945375,NO
1385.733261541731,773.9342635084968,NO
1385.8862575604583,772.9853072123061,NO
1385.9783628916168,771.9978337992193,NO
1386.0359809226525,771.0012290302731,NO
1386.036859886709,769.9989543294862,NO
1385.9842319962133,769.0013902184406,NO
1385.8416510072361,768.0427542305881,NO
1385.0496238099731,765.9920236579479,NO
1384.9299595864359,765.009107671877,NO
1384.8306311100018,764.0168799894735,NO
1384.7563184851026,763.013986135549,NO
1384.7090061192966,762.0121247450293,NO
1384.6762029378147,761.0091907460826,NO
1384.656943505052,760.0048528120976,NO
1384.643498003188,759.0069599086787,NO
1384.3762420854584,757.8909175285653,NO
1384.1329688368626,756.9610430265255,NO
1383.9721264331172,756.0010398080892,NO
1383.904782762893,755.006531146302,NO
1383.715339606442,754.0900824040384,NO
1383.0213559715435,752.981847424188,NO
1382.074795799536,751.9364941371039,NO
1381.6411828527405,751.284033630617,NO
1380.9153290709896,750.042154287312,NO
1380.0176113260811,747.9987124309426,NO
1380.0162838211656,747.0007285385519,NO
1380.6463691476824,744.9165098984637,NO
1380.7810724844314,743.9882455023609,NO
1380.785698188221,743.001943780741,NO
1380.6509562672907,742.0764231469341,NO
1379.8763343295432,740.0474079875345,NO
1379.159945294641,738.9208214073036,NO
1378.7069689701223,737.0951399441693,NO
1377.9416643409966,735.0067735718982,NO
1377.8074959509158,734.046449980378,NO
1377.0825517538078,731.9860574801423,NO
1376.9699133190209,731.0030532664599,NO
1376.8847861718755,730.0111497249129,NO
1376.7255909761043,729.0722129019153,NO
1375.9618108050272,727.0073184865608,NO
1375.7635646988872,726.0795979178255,NO
1374.9239780384478,724.0142977085451,NO
1374.7191354496242,723.0834251128491,NO
1373.9488976184657,721.007825422437,NO
1373.7693371245105,720.0628028113781,NO
1372.967383900639,718.0057097729152,NO
1372.7746027054895,717.0735813141208,NO
1371.9043207286459,715.0168449424252,NO
1371.6928492279546,714.0973308924275,NO
1370.836941158482,712.0220868868682,NO
1370.0212272225822,709.9899337574058,NO
1368.9744322984916,708.022248246789,NO
1367.8845679594801,707.3180084193074,NO
1367.0014864446885,707.1531038033467,NO
1366.013191133546,707.1641132136892,NO
1365.0774145643902,707.2814750808262,NO
1363.0010333667349,708.0078425153089,NO
1362.0047624628112,708.0950327834446,NO
1360.9942840802007,708.1191978354775,NO
1359.0022948837654,706.9978426644142,NO
1358.0617346717254,705.9529773584687,NO
1357.6254888837138,705.2675079519612,NO
1356.7750042623345,704.2249957376655,NO
1355.7515711584354,703.3703490601832,NO
1355.043689205145,702.93763718587,NO
1353.9290592304203,702.1540030681591,NO
1353.0713455824591,701.8715779489465,NO
1351.52045624359,700.303655733389,NO
1350.910839679748,698.0072136178155,NO
1350.8423716195573,697.0095889197407,NO
1350.6506640118007,696.0965327487103,NO
1350.0028597794724,694.9977130064627,NO
1349.023093542796,693.9746590978604,NO
1347.9647489662111,693.0512608787186,NO
1346.957889469522,692.0263118196469,NO
1346.0797483262072,689.9969258014544,NO
1346.6402347609326,687.837591687171,NO
1347.8001253361826,685.8585792464729,NO
1348.6131499642163,684.6940051117568,NO
1349.048353935749,684.0397670636887,NO
1349.8722862680268,682.937516397716,NO
1350.6886131620709,680.9375712915821,NO
1350.8286471235,679.9910598494604,NO
1350.8645348849836,678.9962987672997,NO
1350.8646727426246,678.0019311243811,NO
1350.824747038924,677.0120665975345,NO
1350.6795965872059,676.0861881329553,NO
1349.9266898352284,674.0157673752076,NO
1349.7698799616612,673.0375407702029,NO
1349.6574750850425,672.0216518341006,NO
1349.6674617443978,670.9715956900457,NO
1349.8185581315308,669.9578227243854,NO
1350.880058162149,667.9340651224892,NO
1351.7051005060005,665.9449171193737,NO
1351.7020121223231,665.0623168560654,NO
1350.901281786892,663.0442983210827,NO
1349.9651153157904,661.0058411567297,NO
1349.8745081569266,660.0047408032164,NO
1349.892689389109,658.9928459595944,NO
1349.9907507781586,657.9986513764085,NO
1350.6193704600328,656.261638824371,NO
1350.8009240438294,655.9346065654497,NO
1351.5990883537954,653.7970845927956,NO
1352.8138204538884,651.8443525657278,NO
1353.9228235946746,650.8804189732876,NO
1355.9762663670074,649.823975555966,NO
1356.9841953948226,649.7240272826285,NO
1357.996838499951,649.6813910517894,NO
1359.0092058523394,649.6813358849483,NO
1360.0220295763158,649.726647084193,NO
1361.0034570800426,649.9926349164942,NO
1363.0224464683504,650.7724744350669,NO
1364.0052444866121,650.8090132738437,NO
1366.0018128171387,650.0021149532179,NO
1367.0175067269915,649.0165964984222,NO
1367.9869885079147,647.9899403692154,NO
1368.8408005662209,645.9784074332626,NO
1369.744577554917,643.9038874319677,NO
1370.7324333012036,641.8820404821925,NO
1371.9848639723182,639.9855366847427,NO
1372.9686280079554,638.9709590543246,NO
1373.787618002725,636.9951288531138,NO
1373.7950976043749,636.007209960001,NO
1373.7846339979503,635.0038544250558,NO
1373.8007691934677,633.9924399024837,NO
1373.8878298532727,632.9821368381353,NO
1375.0053583399479,631.0043362287597,NO
1375.8371209838276,629.9080962024673,NO
1376.1273064195734,629.0727977531035,NO
1377.0152454403733,628.011206050295,NO
1377.8107103011046,625.9891163761247,NO
1377.8427247435056,624.9947635106467,NO
1378.0484040794763,624.0191526927264,NO
1379.014537927015,622.0086704346232,NO
1379.9942695110317,620.9936935825559,NO
1381.0067878948737,620.0067878948738,NO
1381.7924493903527,618.9183407401495,NO
1382.6996701295145,616.8967616111613,NO
1382.911847848628,615.983333897477,NO
1383.796224948139,613.9320749848468,NO
1384.0723102440138,613.0314237114139,NO
1384.8495121904007,610.9786517302524,NO
1385.0755976039793,610.0320488585903,NO
1385.8411661714883,607.9791872908932,NO
1385.9528288198649,606.9928354832907,NO
1386.7428583543197,604.9298108241586,NO
1386.9119587816463,603.9893375687435,NO
1387.0081873540694,603.0010234192587,NO
1387.0692928769254,602.0027856433013,NO
1387.0155359415842,600.998058007302,NO
1386.8322810170525,600.0739801507245,NO
1386.0451871289356,598.9636975904403,NO
1385.5405585941407,598.2963864000602,NO
1384.876972219556,596.0047707600476,NO
1384.8640463865095,594.9979231526986,NO
1384.8883420614945,593.9956393941919,NO
1384.9274192717376,592.9966929644067,NO
1385.1076160448729,592.0380216492629,NO
1385.7903998694621,589.976974843889,NO
1385.8798946548866,588.9860276970999,NO
1386.0901718888001,588.0356860031802,NO
1386.7229874404084,585.9950087828774,NO
1385.9877251898004,584.0092800528972,NO
1384.7797708161665,582.1062281921546,NO
1383.7399541124144,580.1123655068772,NO
1383.0129035651055,578.9903503771906,NO
1381.8516958007815,577.0375270966725,NO
1381.68769747051,576.038639020151,NO
1381.6062350619118,575.0079459294249,NO
1381.5923436410033,573.9954092752673,NO
1380.9694248737283,572.0126517771364,NO
1380.7082762617647,571.0162068743464,NO
1379.9691869114272,569.0153671414963,NO
1379.54363120511,568.1912468262612,NO
1378.9241280242318,567.070845757822,NO
1377.941107191898,566.058892808102,NO
1376.9495065921587,565.0490710556646,NO
1375.9661072639256,564.0295791154119,NO
1374.8161584793647,562.0218339097618,NO
1374.748593035677,561.0151933508595,NO
1374.7176342397,560.0025553463315,NO
1374.7307307850913,558.9877326098311,NO
1374.7590170858157,557.9891348743271,NO
1374.776049776477,556.9939330328335,NO
1375.0017967296915,556.0006966911188,NO
1375.6014803782352,553.9870870735256,NO
1375.6458900211844,552.9714621928233,NO
1375.7192903099342,551.9682963174018,NO
1375.9915636370265,550.9959982708183,NO
1376.2408922217508,550.1045140853788,NO
1376.2173916317047,548.903125218752,NO
1375.9342653348374,548.0605423496843,NO
1374.9479830129017,547.0583972685316,NO
1372.9819543222795,546.2494886566517,NO
1371.9977031426968,546.2202431015279,NO
1371.0126643263757,546.2261486855189,NO
1368.9652394103862,546.9225025975732,NO
1368.0212246067947,547.1452297990484,NO
1367.1099900375698,547.3403628670444,NO
1365.0075475129843,548.1210397427398,NO
1363.9969437951258,548.1407462843958,NO
1362.9895724365265,548.0768686813649,NO
1360.950601622612,547.1114123402403,NO
1359.6640231960514,546.538721461602,NO
1359.023938799551,545.9693477378825,NO
1357.9871461919438,545.0135813814453,NO
1356.7602414153657,543.0240569486824,NO
1356.7059108779308,541.9977100958832,NO
1356.7331195521845,540.9813243920164,NO
1356.787595512705,539.9830174847544,NO
1357.017809750837,539.0071153786495,NO
1357.6001156521927,537.0069848793986,NO
1357.6100994603119,535.9880816430851,NO
1357.6801499712813,534.9649333856593,NO
1357.8177479055714,533.9628706439117,NO
1358.6740836234267,531.9030827636766,NO
1358.83621016553,530.9973883168846,NO
1358.8329427024182,530.0097606506282,NO
1358.7958399173303,529.0136704339695,NO
1358.7566679903205,528.0128069475912,NO
1358.7332520006198,527.0045211523297,NO
1358.747196789742,525.9898235996191,NO
1358.7952029506218,524.9843481258462,NO
1358.8778112523933,523.9842512277517,NO
1359.49853495729,521.7460112053894,NO
1359.9653610194484,520.9818782447134,NO
1360.766009486667,519.8423358879995,NO
1361.484876243316,518.6649021855326,NO
1361.9404105286142,517.9704015409317,NO
1362.490663850836,516.7350131226074,NO
1362.8382538896797,515.9560714548337,NO
1362.9369424053675,515.0008677650551,NO
1362.8859863331636,514.0133830945911,NO
1362.8010385760526,513.0197208454741,NO
1362.773704266479,511.9900964668486,NO
1363.525851472819,509.7116664366207,NO
1363.936403864289,508.9751780383489,NO
1364.7770656452597,506.93638084238523,NO
1364.9703920745367,505.99449000486635,NO
1365.8349464153725,503.91392621234434,NO
1366.4950416381669,502.64985953522523,NO
1367.0277895325225,502.0250314731193,NO
1368.0344074275865,501.04119025456987,NO
1368.6644754859644,500.5240233896413,NO
1369.9267432863912,499.86742321887596,NO
1371.0254978088497,499.0329808612578,NO
1371.662963600069,498.5557616731475,NO
1372.7325478469477,497.7091457647143,NO
1373.6924413532147,496.71861655402444,NO
1374.6298935430073,495.62678341945633,NO
1376.9952121760614,494.74004932767696,NO
1378.0321937853057,494.8081424406842,NO
1379.9609061451793,496.03583603411255,NO
1380.5385155893712,496.5162487034651,NO
1380.9530722774768,497.0485743095608,NO
1382.009917973203,497.9861304866043,NO
1382.9830893673673,498.2957481639956,NO
1384.0340739721428,498.09379124241804,NO
1384.986552258627,497.9056435346455,NO
1385.8795797093157,497.69793563128087,NO
1386.9791816377415,496.9769001737651,NO
1387.8250499344583,495.9132812367482,NO
1388.807942957229,493.9376701419825,NO
1389.073781712872,493.028035270423,NO
1389.3515055173345,492.11454532479416,NO
1389.6984113587823,490.97443052918584,NO
1389.8535639747163,489.96760557501136,NO
1390.9473139698061,487.9676388143158,NO
1391.8063449706601,486.8491631758954,NO
1392.6688208663877,485.7323018668664,NO
1393.6047044375903,484.58777529283356,NO
1394.694487062536,483.6405730147481,NO
1395.7509343091563,482.72175957890846,NO
1396.767971881375,481.76702676902926,NO
1397.7447657863504,480.77376967888546,NO
1398.6317204548272,479.72362623473225,NO
1399.0250459281297,479.0153553270762,NO
1399.843712627508,477.90736766797784,NO
1400.1502382796816,477.0876389973448,NO
1400.8542137267175,475.9480858642003,NO
1401.0687275145099,475.0161332197389,NO
1401.9097284130867,472.9696937684818,NO
1402.718805449859,470.8819293599609,NO
1403.5256034825225,468.8030283371445,NO
1404.5164357582669,466.7067163125817,NO
1404.9840621616538,465.99027665049346,NO
1405.8270749764258,464.8856672618291,NO
1406.5648170755148,463.7238262310433,NO
1406.9790741787374,462.98785920421363,NO
1407.8006276994586,461.867694836945,NO
1408.4909116881954,460.68889046426557,NO
1408.926273311528,459.96812300265367,NO
1409.6804894147358,457.90680941015154,NO
1409.90576385459,456.9788071542482,NO
1410.0635546728324,456.0117074402898,NO
1410.937772894857,453.9554136013445,NO
1411.974274147776,452.96231628919736,NO
1413.0197225595189,452.0199112932089,NO
1413.9258905718318,450.9551015884074,NO
1414.5068102493194,449.73059617253864,NO
1414.8859172686402,448.9676251715945,NO
1415.1183034708529,448.0449799665414,NO
1415.4158055292344,447.1428427872106,NO
1415.7275401624797,445.99502356463466,NO
1415.7812493848483,444.98043693613795,NO
1416.7907702743037,442.8956765385059,NO
1417.971816061126,440.9792163122764,NO
1418.7644916202455,438.9760544550714,NO
1419.0161884770196,438.00729918320474,NO
1419.8321178267452,435.97179882236094,NO
1420.805406888388,433.9168925257746,NO
1421.8067135005717,431.91643050014204,NO
1422.9694111443196,429.974074917806,NO
1423.960463962713,428.9571191196146,NO
1425.8970171586461,427.71227694427637,NO
1427.029811244801,427.0426052392598,NO
1427.7093075486798,426.574539096246,NO
1428.9347850153379,425.8949314148284,NO
1429.991567410143,424.99214636420476,NO
1430.6836102217774,423.8926462349397,NO
1430.866522077721,422.9935176284656,NO
1430.8972077822032,421.9993177507939,NO
1430.9034048895203,420.9991432805669,NO
1430.920924212038,419.9957814277832,NO
1431.8579974165705,417.9199409281307,NO
1432.792056743208,416.7461531559368,NO
1433.9668405673963,415.937022783697,NO
1434.5662317702936,415.3922666731817,NO
1435.5978939276197,414.62388863404294,NO
1436.4736634144886,413.6047655715363,NO
1436.9855856227803,412.9901268614834,NO
1437.920792740408,411.925743192919,NO
1438.940150323089,410.930556101074,NO
1440.7999186248503,409.6806782086764,NO
1441.9013888952618,408.8679468633122,NO
1442.9402780665832,407.9367125772468,NO
1443.932774883247,406.9363570405409,NO
1444.9175189534903,405.917826146116,NO
1445.9055361342862,404.9087626008893,NO
1446.8265663928887,403.85884783250856,NO
1447.6363699365688,402.73170367448097,NO
1448.0654497583296,402.0517462165003,NO
1448.935352192375,400.96383792002445,NO
1449.7978922280136,399.8390952222788,NO
1450.694447715252,398.79317218921676,NO
1451.8034162582085,396.89843173186904,NO
1452.587317992333,395.2856257846583,NO
1452.828936791976,394.9282108831008,NO
1453.6535509442099,392.84855226519693,NO
1453.943919051167,391.9853588193415,NO
1454.0984894845437,391.00964308528575,NO
1454.177748006487,390.00771098118867,NO
1454.200510327142,389.0,NO
1454.1795585962855,387.99478959418474,NO
1454.1352621578458,386.9941190366812,NO
1454.078876140389,385.9956179922006,NO
1454.0175944913644,384.9989879274693,NO
1453.9595651487095,384.00204846170897,NO
1453.9140838455598,383.002923601394,NO
1453.890596217144,382.00095968227896,NO
1453.8864573721353,381.00012436213325,NO
1453.8941803210926,379.99884223539584,NO
1453.9215028613053,378.99707357153756,NO
1453.9742765586313,377.9983532455262,NO
1454.045322912997,377.00354085270493,NO
1454.1174586518098,376.00744081939314,NO
1454.1734860812337,375.00775023728596,NO
1454.2075468225178,374.005531375533,NO
1454.2230484408642,373.00392230546476,NO
1454.2342387471474,372.00583512897754,NO
1454.2571083116957,371.00901588942355,NO
1454.3601609997202,370.075108956721,NO
1454.6313980367418,368.95360254907285,NO
1454.7155098598816,367.9953666100112,NO
1454.7233653642738,367.0003003633364,NO
1454.71922216715,366.0051602411274,NO
1454.6403521776522,365.04651334601436,NO
1454.3407579631544,363.9190699819242,NO
1454.1945765839785,362.97977519317925,NO
1454.079107896665,361.989586258349,NO
1453.9518530164717,361.0075397960783,NO
1453.7851829072579,360.05056029749886,NO
1453.0973177636145,357.98448557457624,NO
1452.9219103491,357.0232421249465,NO
1452.584279613399,356.20102909712114,NO
1451.6289835779085,354.18726380542853,NO
1450.8261768892044,352.0531846826687,NO
1450.2130102963508,350.9103415135873,NO
1449.5716355947334,349.2480763679326,NO
1448.917624570867,348.0439868805799,NO
1447.7327421168834,346.1518510637066,NO
1446.6669646250305,344.1884791087267,NO
1445.9730615017775,343.01274835966217,NO
1445.537316411071,342.2705043583032,NO
1444.9175970526219,341.0381643684026,NO
1444.142013153548,339.924206465797,NO
1443.8567310692752,339.07918567610204,NO
1443.0106675200232,337.99095368339204,NO
1442.066154268768,336.9478849016975,NO
1441.566448885084,336.2893104067697,NO
1440.9278685456206,335.0329566128583,NO
1440.4887819751586,334.3145243451501,NO
1439.8137940777506,333.13244224459754,NO
1438.9934278441726,332.0037828106899,NO
1438.538080976432,331.30354679350523,NO
1437.8853956429396,330.05919125876204,NO
1437.0634457448612,328.9526022986519,NO
1436.614444366082,328.2506792761863,NO
1435.9375733238287,327.02653348394193,NO
1435.240710869705,325.8935249698936,NO
1434.9218040327453,324.007058721443,NO
1434.8447147940344,323.0130147190695,NO
1434.6607208776686,322.0997879814961,NO
1434.0285975255629,320.97895977910616,NO
1433.04639622753,319.9486264022628,NO
1431.9396538117403,319.2254725671234,NO
1430.995025185307,319.07479989504196,NO
1428.8929942525374,318.31766019286624,NO
1426.9825219858808,317.0157087675018,NO
1425.845359349875,315.02004260587097,NO
1425.7638968690915,314.0219506305092,NO
1425.7027246046916,313.01783652367413,NO
1425.6716296049844,312.00361641414713,NO
1425.679604875368,310.99366251393957,NO
1425.712477896233,309.9870028601383,NO
1425.7644546438805,308.98373740284546,NO
1425.8251474500578,307.9871577223354,NO
1425.8861077498118,306.99162171911365,NO
1425.9444197247753,305.99595542578635,NO
1425.9893281055877,304.9994477840515,NO
1426.0041812945421,304.0,NO
1425.958965527642,303.00432977648785,NO
1425.8008507744323,302.07301265957915,NO
1425.0747817960455,300.94331969685607,NO
1424.6546222921238,300.25967286811033,NO
1423.9001763928084,299.0526342634088,NO
1422.9683568268297,297.0012993573393,NO
1423.7031755528767,294.89528274076446,NO
1423.9325411919565,293.98433570260835,NO
1424.6341017123416,292.27529294857845,NO
1424.8022668036551,291.9372553317425,NO
1424.9506401040662,290.99683009860547,NO
1424.9099044481775,290.0174414326589,NO
1424.6711099759018,289.162945512262,NO
1423.6509638018667,287.1825235155935,NO
1422.9555638926877,285.00367815675367,NO
1422.898450986213,284.00446369297197,NO
1422.86235554519,283.00582859258236,NO
1422.833055094258,282.00449259710285,NO
1422.8343839798456,280.9950029650475,NO
1422.8857167983504,279.9899751575101,NO
1422.9727021026983,278.99656844107335,NO
1423.0922603730774,278.01541396020997,NO
1423.7949399901322,275.9515129061433,NO
1423.9207978654686,274.9927998062749,NO
1423.967221895885,273.9993513064209,NO
1423.960145735049,273.00161633750906,NO
1423.9135876280675,272.00737306895115,NO
1423.7957424413903,271.04755332832383,NO
1423.150644707596,268.979769536154,NO
1423.0350409305331,267.99597368148477,NO
1422.927657871996,267.00798424835915,NO
1422.833597814012,266.012659041138,NO
1422.7694801250686,265.01085690485905,NO
1422.6323709477783,264.07334799694235,NO
1422.0025823166347,261.99960710396795,NO
1421.8275374327525,261.05378783144533,NO
1421.00053070551,258.9998936100315,NO
1420.8105482022206,258.05536384457474,NO
1420.0118554256983,255.99805018809175,NO
1419.8820754061053,255.01688465868202,NO
1419.6827576901057,254.10171127348787,NO
1418.804590739069,252.0717777836348,NO
1417.7167773393528,250.17050193320998,NO
1416.6586949198934,248.1783100212639,NO
1415.7072260078319,246.156578496062,NO
1414.9805827718972,245.01186145379586,NO
1414.5273869860396,244.40562848089684,NO
1413.562882154158,243.39616588783878,NO
1412.531344908921,242.3610036135812,NO
1411.6739174352883,240.10898365305655,NO
1410.828168946274,238.05437691634802,NO
1410.1085321279213,235.98078739527335,NO
1409.9267484715901,235.02311807528446,NO
1409.5652959067468,234.24509165265306,NO
1408.7691384703546,233.3103562900096,NO
1407.106411519681,232.73525992850952,NO
1405.9460990548946,232.1322688732811,NO
1404.745891972112,230.02127148660918,NO
1404.3961152108782,228.8632972033045,NO
1404.0849847695613,227.96616041097937,NO
1403.8011936605046,227.09159817972676,NO
1402.9366662489592,226.12031696321634,NO
1402.085900592536,225.8305330675132,NO
1400.961929699815,225.09291111711067,NO
1399.6286259641138,224.48278625754375,NO
1398.7068535287087,222.0176518311858,NO
1398.7012088043653,220.98853253406946,NO
1398.7358399983605,219.9845954216711,NO
1398.750043850117,218.99863411937156,NO
1398.0844483463973,216.96325033220793,NO
1397.8586940061782,216.0217521573669,NO
1397.7575667516228,215.0293940201987,NO
1397.679692372898,214.0256523417255,NO
1397.6521726041813,212.99516389697223,NO
1397.7160569941648,211.97090120196356,NO
1397.817055662275,210.97531060889983,NO
1397.9428729835754,209.99063275255094,NO
1398.1428973017296,209.05314653308858,NO
1398.452512428713,208.01982657545005,NO
1398.2471619904775,206.92650264773798,NO
1398.0875042793675,205.9892286644041,NO
1397.985845811453,205.00168840368067,NO
1397.9049859335644,204.00609992373668,NO
1397.8551488904243,203.00576909687928,NO
1397.727114107407,202.05704028316592,NO
1396.9684675083593,200.00657234585074,NO
1396.7549597851596,199.08579493909892,NO
1395.9204316127766,197.0118116485619,NO
1395.754337166129,196.05734144714606,NO
1395.0300059565616,193.99434255253394,NO
1394.8442795401943,193.04956515646876,NO
1394.2139446719727,191.90747549638837,NO
1393.864032776726,190.0194676855901,NO
1393.6676786312755,189.10048864916,NO
1392.8990357220218,187.01409074615202,NO
1392.7092062033112,186.08953193360597,NO
1391.8387981302487,184.05923428374828,NO
1390.8848063528865,182.04354505099948,NO
1390.1819327464682,180.91392983803783,NO
1389.736185352445,179.08520084057577,NO
1388.8107917492794,177.08086920058201,NO
1387.8064421974136,175.0960944700121,NO
1386.9244952486354,174.10750676933674,NO
1385.7615409083699,173.28222335912142,NO
1384.6668942566896,172.30091486238064,NO
1383.8496588385694,170.01501724185357,NO
1383.7986485524455,169.0100675722275,NO
1383.7719153539724,168.00562266515365,NO
1383.4659142323696,166.84298626398805,NO
1383.1199662045306,165.9518587233287,NO
1382.835068417401,165.06860401929336,NO
1381.997972218658,164.00221777157793,NO
1380.9041148774168,163.2595386729569,NO
1378.9735590102048,162.02959409036274,NO
1377.726532859438,160.03368126318287,NO
1377.6575255795892,159.0171610285068,NO
1377.6367329351517,158.0050833926727,NO
1377.6410995510114,156.9942175003946,NO
1377.6557991764573,155.99481848218693,NO
1377.3648019778898,154.87992698591165,NO
1377.0892798167015,153.96742639275507,NO
1376.8328911254187,153.0482857858074,NO
1375.8564310523957,151.07442809664377,NO
1375.035174763926,149.9712590030682,NO
1374.489257684171,149.3670353521548,NO
1373.7401707677923,148.18387203128367,NO
1372.9517627950092,147.02751410882263,NO
1372.405498044207,146.45267247531086,NO
1371.5345679435818,145.50685223817612,NO
1371.0357599367312,144.95673985158135,NO
1369.9322249279217,144.1639719467006,NO
1367.9208492686084,143.17337778986746,NO
1367.0629637376237,142.88653903088067,NO
1365.9592470295495,142.08003020757147,NO
1365.0996219741778,141.79871102389708,NO
1363.9612744447222,141.1577259597183,NO
1362.9982400260683,141.02331965577147,NO
1362.0493125170756,140.8494767645268,NO
1361.1412422503831,140.56954742997544,NO
1359.9759076995715,140.23255409106852,NO
1358.9808561838731,140.1413451686517,NO
1357.994723411611,140.032202709373,NO
1356.247577626956,139.42231888292315,NO
1355.9314837780473,139.22051859178896,NO
1354.993324808101,139.04014931564993,NO
1352.9345708639719,138.28425325584246,NO
1351.9915355395287,138.13668536062508,NO
1350.9945310949088,138.06234552027763,NO
1348.9132535977485,137.32995320574756,NO
1347.981783967447,137.1446384058889,NO
1346.9946226926377,137.0413179423754,NO
1346.0060982067885,136.9459962950027,NO
1345.006100551481,136.88060349473503,NO
1343.996289394113,136.86754750508572,NO
1342.993823550577,136.89247935784311,NO
1341.996780768419,136.92544937356416,NO
1341.0,136.94132653061226,NO
1340.0019079118636,136.92972524722916,NO
1339.0029209725287,136.90533885460658,NO
1338.0028625188281,136.88181886492856,NO
1337.0020384696672,136.86530419124296,NO
1336.0565407423599,136.75784572011898,NO
1335.1035343968488,136.54703699734264,NO
1333.9929032075906,136.35820127594658,NO
1332.9892659406416,136.34062750497048,NO
1331.9898684649036,136.318805658617,NO
1330.990156256175,136.29690000708666,NO
1329.9877709905609,136.26903821167525,NO
1328.9841832991674,136.2216771446488,NO
1327.986034935144,136.15605959923943,NO
1326.992318042142,136.08131633158033,NO
1326.0392012327868,135.89281523378338,NO
1325.1395022310348,135.61010917257508,NO
1323.985214269412,135.2581815997891,NO
1322.9866911788367,135.20897184189317,NO
1321.9889484693597,135.1519585440342,NO
1320.993146365594,135.08224360795256,NO
1320.0003487379358,134.9963447098554,NO
1319.0077029855515,134.9057517035409,NO
1316.9347115547973,134.3512352998662,NO
1315.984717989917,134.20900396987727,NO
1314.9893448153696,134.14353161235925,NO
1313.9945433464463,134.0793855083805,NO
1312.998903742089,134.02966540301207,NO
1311.999927450687,134.00716626032198,NO
1311.0,134.00259067357513,NO
1310.000070403999,134.00781484363475,NO
1309.000603860855,134.02442891643875,NO
1308.0013809006011,134.04758795808382,NO
1307.0019869279229,134.07176783534914,NO
1306.0025592362533,134.09682443686972,NO
1305.0015194723012,134.11547989617787,NO
1304.0001322173387,134.12097886571897,NO
1302.9989891701468,134.11574002660112,NO
1302.0001205823387,134.1105740024863,NO
1301.004898110229,134.12889027735542,NO
1300.012761598673,134.1820000307448,NO
1299.0211023558427,134.2587815134035,NO
1298.0127483053577,134.33003945969617,NO
1296.988755365301,134.34633473892112,NO
1295.9735813228401,134.28996884722767,NO
1294.9747671764167,134.1806670091371,NO
1293.9926576613657,134.05104673336453,NO
1293.0075560988662,133.92724070785638,NO
1292.0129472455433,133.82716454816278,NO
1291.0158921211219,133.74292157714396,NO
1290.076268137755,133.61865930542993,NO
1289.00158469776,133.44424360541646,NO
1287.9245035644503,133.62251781651585,NO
1286.9910818427254,133.72816134525146,NO
1285.9919758238186,133.7695124628058,NO
1284.9935932347787,133.80779703046585,NO
1283.995697222851,133.84154555320677,NO
1282.9979458474643,133.86553202071562,NO
1281.9998530449798,133.87464736661397,NO
1280.998591726831,133.87945181842966,NO
1280.0,133.88312513538762,NO
1279.0068377988773,133.85774042789777,NO
1278.018514554267,133.78974567689707,NO
1275.9508044564095,133.22331171411992,NO
1274.9907537727388,133.0970853829717,NO
1273.998539864054,133.0297543264085,NO
1273.0001119976794,132.9914321775402,NO
1271.9999478070586,132.9758868625763,NO
1270.9996419408137,132.97616348823402,NO
1269.9998749944775,132.99663913708656,NO
1269.0023689607451,133.04018772766946,NO
1268.00743065079,133.10169375987067,NO
1267.0112141086558,133.16683143861613,NO
1266.0379536084586,133.26802896517137,NO
1264.900440668187,133.5764692279963,NO
1263.979182074495,133.72407987120295,NO
1262.987429392027,133.79980142636435,NO
1261.9902603783248,133.87251271838616,NO
1260.9960776006515,133.9617992420222,NO
1260.0076871311253,134.06519826169816,NO
1259.047559722571,134.2130279113446,NO
1256.9821809705923,134.8557343930478,NO
1255.9963500453816,134.96439266444057,NO
1255.0061731080534,135.06071353481659,NO
1254.0140057598444,135.15139559234962,NO
1253.0157395922583,135.22625664441665,NO
1252.067477647095,135.364206279234,NO
1249.992869629244,135.93316256868923,NO
1249.0025272188018,136.0255336250645,NO
1248.011031724475,136.10815886431428,NO
1247.018477314071,136.18781884740275,NO
1246.0467897577028,136.3058793154026,NO
1244.9111707336983,136.6345045746491,NO
1243.9794132008128,136.78240534869352,NO
1242.9901369045401,136.86715643377005,NO
1241.995619682686,136.93488918510883,NO
1240.9998881019635,136.9983655548806,NO
1240.0037966879659,137.05917596373106,NO
1239.0063915620578,137.11258982436306,NO
1238.008981709475,137.1602889716689,NO
1237.0088493813266,137.2026724173971,NO
1236.0071908130788,137.23481723270444,NO
1235.046651594783,137.33744652866028,NO
1232.9880923246737,137.92337274454852,NO
1232.0088043576736,138.05808248250815,NO
1231.017730915414,138.17003013799172,NO
1230.0565899037822,138.31422288879386,NO
1227.9888196186114,138.91529098692584,NO
1227.004364303994,139.03247338006935,NO
1226.0446000493396,139.17904038820396,NO
1223.975630691924,139.8460302810027,NO
1222.9972064322412,139.98048936909657,NO
1222.0331707250884,140.13315903423455,NO
1219.975458935615,140.85094911995418,NO
1218.999002908904,140.9934370570495,NO
1218.0422286790124,141.15709068825282,NO
1215.9818214081274,141.9019282328032,NO
1215.007821095924,142.04804387506547,NO
1214.0499808886075,142.20837441953552,NO
1211.9776669395108,142.8309068208252,NO
1210.9947861037258,142.96697865576732,NO
1210.0362916357026,143.13205275433123,NO
1207.9724196981258,143.7856833543096,NO
1206.9904193191217,143.89141894300678,NO
1205.9981410126309,143.98229069969187,NO
1205.0115470685591,144.08581781911545,NO
1204.069340926092,144.2481373529578,NO
1201.9957051770396,144.97425950387245,NO
1201.0392098527564,145.14729266995522,NO
1198.9836372380807,145.91296616480383,NO
1198.008414173463,146.05668819202177,NO
1197.0501617280554,146.21473172752565,NO
1194.9850058384488,146.9154175519308,NO
1194.00791964966,147.05327246324498,NO
1193.051847605393,147.21245460328356,NO
1190.984506982394,147.8528996236643,NO
1189.9980170194062,147.9912384635424,NO
1189.109093849535,148.2333128013166,NO
1187.0964335493252,149.214984888607,NO
1184.9942626104948,149.95233141106388,NO
1184.0075680451123,150.06288357291936,NO
1183.0647241052245,150.23211402807146,NO
1181.051174886967,151.11383800931068,NO
1179.0864303424894,152.18689637774114,NO
1177.088496696303,153.21873712231928,NO
1175.0468322612555,154.1556651266303,NO
1172.985251893569,154.90137203879956,NO
1172.001411154801,155.0117941464514,NO
1171.0087600432362,155.09495080813534,NO
1170.008827161884,155.1525837967348,NO
1169.021061219652,155.21716458059208,NO
1168.084695343198,155.39214432757356,NO
1166.0334040173136,156.07222490165876,NO
1164.932862098389,156.8761533896171,NO
1164.0724716003422,157.16778273764834,NO
1162.0507094605257,158.14824260567323,NO
1160.9156721364936,158.81355032086458,NO
1159.079128178363,159.22990332086025,NO
1157.0002155251343,160.00180162273395,NO
1156.0109846480589,160.10112670467586,NO
1155.055837545304,160.25327416936992,NO
1152.9968871793153,160.98069114944533,NO
1152.0524860490361,161.16660510263688,NO
1150.925719923032,161.853302017228,NO
1150.05949081952,162.1304431754282,NO
1148.074709346288,163.17152894207345,NO
1146.0479214237316,164.14413865572655,NO
1145.3231863620797,164.58253343883933,NO
1144.1386602260602,165.20383052261064,NO
1143.0032441012177,166.00609682288257,NO
1142.2627865468887,166.4669082093115,NO
1141.0314542357596,167.07346219471728,NO
1139.9153981200143,167.84294772355764,NO
1139.0624998207732,168.1232635361003,NO
1137.9463162856623,168.92813654410625,NO
1137.2123877942145,169.34572015695295,NO
1135.0655241416475,170.18568952234085,NO
1134.7309043469184,170.36821020580817,NO
1133.0293937859658,171.07821736446985,NO
1132.2801758086296,171.54072146783673,NO
1131.0295689217287,172.07062640410913,NO
1129.9047042570653,172.8052652114083,NO
1128.0908823100906,173.26179532372979,NO
1126.0122346314708,174.1060755135131,NO
1125.014993063328,174.18926027056833,NO
1122.9689520812285,174.9517977510546,NO
1122.2731967515315,175.41848058038684,NO
1121.0521418717447,176.0945157383469,NO
1119.018305900163,177.09582347373626,NO
1118.0227703111425,177.2224484188547,NO
1116.8522897628993,177.584739116501,NO
1115.9543543045324,177.87747734436007,NO
1115.0084853311714,178.06891357618514,NO
1114.075348592408,178.2406884196073,NO
1112.0722818078673,179.15577976151118,NO
1110.090423975867,180.2025497038268,NO
1108.0176596892318,181.13011659800867,NO
1107.0233197583282,181.22959142645485,NO
1104.9718541905643,181.95123501415182,NO
1104.2212190853672,182.3686984926976,NO
1103.0321681359135,183.06059956691917,NO
1102.3282856252397,183.50314272777334,NO
1101.1464627347116,184.22654827856442,NO
1100.0171101819917,185.03047882516938,NO
1098.9204923096047,185.8482503291496,NO
1098.0515962228824,186.1275431407396,NO
1096.0090524900875,187.05733243577862,NO
1095.017690163544,187.16259894836264,NO
1094.103742685532,187.33936167573214,NO
1092.0844976918604,188.20654991195852,NO
1090.081405895937,189.19304826768624,NO
1088.089478416053,190.21509233626733,NO
1086.0739850753982,191.20332588750836,NO
1084.0630702853243,192.15694233965846,NO
1082.0595743928563,193.15957426694195,NO
1080.0423135983424,194.11308723307982,NO
1078.9061536273264,194.81125280039177,NO
1078.0377254609464,195.0795265252417,NO
1077.2910382990865,195.52285365571112,NO
1075.1911346991837,196.44554607761665,NO
1073.014622040931,197.0919970090854,NO
1072.0989647838883,197.30291500389748,NO
1070.9695656341742,197.95237467327038,NO
1070.1992616251368,198.35411637651328,NO
1068.1468588089056,199.32233867162924,NO
1066.0585476600509,200.1406173953676,NO
1065.678280655818,200.36270879009342,NO
1064.0432272011822,201.11375579411163,NO
1062.9175437982778,201.81850018679248,NO
1062.0288183117082,202.0765856514955,NO
1061.2519953261674,202.49359084317842,NO
1059.1886285445203,203.393846569646,NO
1057.0521521090093,204.1441852422861,NO
1055.9283292308994,204.9082776744494,NO
1055.2469506372443,205.26980723050323,NO
1054.207919938114,206.2382855185828,NO
1053.034718304741,207.07503011219129,NO
1050.9961156484599,207.97356134851395,NO
1050.0135567658924,208.09845324215772,NO
1049.0958592253378,208.2861415865559,NO
1047.150583890455,209.287478338961,NO
1045.140832533683,210.2604437376736,NO
1043.1696095310108,211.30511526889512,NO
1041.1941440440967,212.38191322277834,NO
1039.2249244728002,213.41809489938547,NO
1038.0214447008252,214.0484073357013,NO
1037.2370883265407,214.45750072766927,NO
1035.0818066564052,215.23023935001072,NO
1033.1181629377995,216.2179449746561,NO
1031.0193271166547,217.10717764306816,NO
1030.0905642850282,217.3216593650674,NO
1028.0869245318547,218.20227720894346,NO
1027.006973345646,219.0075142792943,NO
1025.9948769762727,219.99449813114754,NO
1024.1295206037012,221.25155445687327,NO
1022.04112285506,222.10766469349429,NO
1020.9131266869379,222.81768839409278,NO
1019.1130055079954,223.29112015768726,NO
1018.0005513330714,224.00070598751,NO
1016.0880591153258,225.2002328833825,NO
1014.0552359265398,226.16278965659038,NO
1012.9223492075193,226.8864314384467,NO
1012.1842402005246,227.24072894764367,NO
1011.130428621135,228.14331045997432,NO
1010.0270174391665,229.0415059116294,NO
1008.9363850210359,229.8781773186627,NO
1008.0562715541911,230.15604381108116,NO
1006.0239780027762,231.07290477921808,NO
1005.2450831684971,231.45252034791204,NO
1004.025155614217,232.05130049585506,NO
1003.2823040909631,232.48359916246508,NO
1001.1869222467101,233.4127343441421,NO
999.0496086659606,234.14957198918626,NO
997.9157581256327,234.8099421148235,NO
996.1008773166773,235.26888901787854,NO
994.9776316943957,235.96785420781595,NO
994.3073154183941,236.51156772961266,NO
992.0982363308892,237.2703240965911,NO
990.0769806827227,238.17632578388572,NO
988.9759522902983,238.97084481328775,NO
988.379204338641,239.48129783549925,NO
987.2210506959483,240.29752793188825,NO
986.0292411793451,241.06658533280904,NO
985.25218908734,241.51773919684135,NO
984.0229300057471,242.05388196313694,NO
983.2636100136783,242.46074446240422,NO
981.2089414346132,243.44604738195304,NO
979.1102875321906,244.24576418873397,NO
977.1682764354789,245.28076067002178,NO
976.0246963764578,246.0448516060415,NO
975.3785140784722,246.54562401989872,NO
974.1980391130769,247.28312258388027,NO
973.0228062638355,248.04423577194837,NO
972.3002604237519,248.47252779116917,NO
971.1131999334679,249.17554191859512,NO
969.1208431790693,250.25842969970498,NO
967.0406249517507,251.10609063621644,NO
965.9188141846497,251.83698573718615,NO
965.0530052048537,252.11547026570352,NO
963.1836311570379,253.27521546459263,NO
962.0591231552554,254.08564063228616,NO
960.0726669046132,255.1581080981503,NO
959.71687026126,255.35708085284395,NO
958.0077297092913,256.02270433849395,NO
957.1438289332607,256.34372677609565,NO
955.1522858979896,257.27328016544146,NO
953.226163661038,258.3801474470842,NO
952.0472822704284,259.08477793564117,NO
950.9321751769521,259.87514833585146,NO
950.1044234117301,260.1730445143088,NO
949.0010285937561,261.0015235238854,NO
948.309096957617,261.42565377184746,NO
947.1535028457469,262.2118864011377,NO
946.0616149401413,263.0893482054013,NO
944.9850836753653,263.9792698327245,NO
944.3400598677899,264.3905995623047,NO
943.1771375853899,265.2572345711338,NO
941.1008509250012,266.2780604043549,NO
939.1258015074056,267.21687654684155,NO
938.0050120689712,268.00830016868974,NO
937.3365863383432,268.44371832586984,NO
936.1847140232846,269.25309573781857,NO
935.0236142914841,270.0460478688568,NO
934.2757694419099,270.4763290539206,NO
933.0905804620842,271.1515609287592,NO
931.1895306712636,272.31719379819685,NO
930.0229823471471,273.044639896651,NO
929.30117364244,273.4911322027502,NO
928.1151949146615,274.18448086696054,NO
926.1526950808934,275.3044919625347,NO
924.0486205823686,276.1504922866155,NO
923.2480416636968,276.5706692827303,NO
922.0729022179717,277.112820838879,NO
920.9877471693416,277.9825134243399,NO
920.3021894293677,278.4204688358678,NO
919.1461085077743,279.23201149805783,NO
918.0121907331242,280.02263993217855,NO
917.3392637248845,280.46915817468255,NO
916.2591635756788,281.2685497978416,NO
915.2240207546139,282.2429140603522,NO
914.0884670259211,283.1413779330601,NO
912.0504436993854,284.11947192753024,NO
910.938294601496,284.91247021198564,NO
910.2014163021636,285.287877937785,NO
909.1093154616256,286.1435066400687,NO
908.0050369901254,287.0082206408676,NO
907.2709078643738,287.416037065806,NO
906.0628476312996,288.1143826832865,NO
904.0918817000555,289.16973934949,NO
902.1468339131825,290.2616097335603,NO
900.224322219719,291.35846464603026,NO
899.0674050077537,292.1077248957118,NO
897.1492053277201,293.25549937071133,NO
896.0613854767206,294.08171356661074,NO
894.9865527473812,294.98051980713416,NO
894.298606008571,295.3946610837131,NO
893.1373718685197,296.2027266193385,NO
892.0093767995538,297.0162815342644,NO
891.2704772900287,297.4349944263003,NO
890.0793489503862,298.1411534177174,NO
888.9760665358222,298.9633155124695,NO
888.282757767521,299.3491443784659,NO
887.2115741324047,300.25107968083444,NO
886.1388137130265,301.17380877854055,NO
885.051399973566,302.0723613536775,NO
883.1522068984401,303.25237389337417,NO
882.0156014356372,304.0281893919827,NO
881.3197456482661,304.4851022532624,NO
880.1190229935447,305.1967522901369,NO
878.147543974653,306.2650993352485,NO
877.0105513226962,307.01869091485594,NO
876.2880425191671,307.48597120242,NO
875.0415996867165,308.09063618604625,NO
874.3831530862068,308.6033073303867,NO
873.1956321273254,309.25388703119825,NO
872.0772094840446,310.1110502415315,NO
870.2262726756568,311.306768814462,NO
869.1597289351438,312.18837427590466,NO
868.125799707151,313.14425680942054,NO
867.0675571875096,314.08339090623076,NO
866.0099824000027,315.01241257130664,NO
865.42288116445,315.53363576093693,NO
864.1723260922815,316.2598444961867,NO
863.0422861276734,317.06899315796227,NO
861.9396449548548,317.89465809444425,NO
861.1311571172644,318.2113432302125,NO
860.0354582232092,319.05116756204205,NO
858.1880396433462,320.28118076397976,NO
857.0680219134458,321.1000495086578,NO
856.0035699703623,322.00403181952447,NO
855.5238016891894,322.4791776052134,NO
855.0003768647093,323.00034703675595,NO
854.0056132051508,324.0060187567278,NO
853.4150734438423,324.5695672578391,NO
852.1242637540507,325.2330340613377,NO
850.2212757373003,326.3449768846131,NO
849.0914221464117,327.13154945971905,NO
847.2259593687381,328.36560336166775,NO
846.0906791439146,329.1367071791899,NO
845.0265722388658,330.0324881364614,NO
843.9868446452183,330.984490529814,NO
843.3624051637858,331.4463475587846,NO
842.096341458768,332.19415752573565,NO
840.0652472132035,333.14312291898267,NO
839.6962263943594,333.3778949485225,NO
838.1362840612146,334.2135326299874,NO
837.053304631342,335.06972245850676,NO
835.1686633915832,336.31272071524444,NO
834.0155563709466,337.027843388583,NO
833.3068079797637,337.4281041775218,NO
832.1632318438749,338.2099609553644,NO
831.0764613048677,339.1105819674199,NO
829.1594760555539,340.26527857946814,NO
828.0472056997522,341.0689337841388,NO
826.2105896119297,342.3066480407423,NO
825.0868923826322,343.12497270382664,NO
824.0233480306812,344.028581914809,NO
822.9984618664957,344.99841295927234,NO
822.5360285673761,345.52262786323183,NO
821.9981236356888,345.9981641120377,NO
820.9942158357068,346.9937478614433,NO
820.3999801553045,347.50432282619977,NO
819.1821573385384,348.2730331545019,NO
818.0680692740958,349.10253113085196,NO
816.1941815724674,350.3111584080746,NO
815.0925357778887,351.1246556442359,NO
814.0529279051447,352.0585400069088,NO
813.0271537888632,353.02986916871197,NO
811.9819038556049,353.9761677199211,NO
811.2673719896383,354.36042217311154,NO
810.1143129713126,355.1630143613689,NO
809.0399349680367,356.05372114570724,NO
807.9760545635968,356.96582544312906,NO
807.2783584675868,357.3899644546595,NO
806.156657297838,358.21932020733425,NO
805.0615326802991,359.0842931573049,NO
803.9855613980912,359.9804687133259,NO
803.3739084501368,360.40474626384326,NO
802.3245239955041,361.35605668189066,NO
801.2563254402954,362.2937603821008,NO
800.172111187695,363.20867187043655,NO
799.0946411311511,364.1163561202622,NO
798.0427578112776,365.05053195806533,NO
797.0035113189023,366.00413834013483,NO
796.440211403764,366.53689332747,NO
795.2167976433032,367.30487166638443,NO
794.09058890967,368.135006706015,NO
792.9950456924875,368.99216504397856,NO
792.2734827697755,369.40271804521035,NO
791.1322796196055,370.18749197353264,NO
790.0612868169167,371.07631043662474,NO
789.0118337532693,372.0137424227679,NO
788.4820437170104,372.52265940516736,NO
787.387822373673,373.43462852042387,NO
786.2779087232473,374.36380778365617,NO
785.1433509913985,375.198821600358,NO
784.0538379360036,376.0728268680859,NO
782.24815251583,377.34321314595934,NO
781.1435878900401,378.17659659945843,NO
780.1114923499822,379.1234593253384,NO
779.0801056236629,380.0911747599942,NO
778.0402980645316,381.0475979001532,NO
777.0040527601146,382.0045756969036,NO
776.4859124955846,382.5255788243668,NO
775.3976419591518,383.46256309385586,NO
774.2462063001523,384.3047521706616,NO
773.1717912820883,385.2065668393642,NO
772.1113017646521,386.1336497606855,NO
771.0559479416996,387.0652374160202,NO
770.0340732408972,388.0351417406048,NO
769.0137737439035,389.01580302382524,NO
768.4639729160892,389.5938853757178,NO
767.2288184249247,390.30814215288586,NO
766.1135604982825,391.15820821644877,NO
765.0206016755054,392.03005675809175,NO
764.3294365834139,392.55349139614606,NO
763.1047533896865,393.1786348800634,NO
761.9978602646979,393.99660159678865,NO
761.3118598054527,394.42445525265225,NO
760.1817485807389,395.2350402831348,NO
759.1336474638437,396.1477430951207,NO
758.0953980749854,397.1063423995201,NO
757.0324481312117,398.0437458588597,NO
755.94564542912,398.9104398396003,NO
755.1390798364506,399.2184647449057,NO
754.0345508551768,400.0484793775131,NO
752.9780816363638,400.97334882063996,NO
752.3378479770256,401.39979876880454,NO
751.2029074845252,402.26229504482836,NO
750.0891320041956,403.1352216345458,NO
748.9951274163561,403.99244799199573,NO
748.3151948599408,404.4272964711889,NO
747.1815253202876,405.2489948997448,NO
746.0883879703642,406.1196058550302,NO
745.0383680738103,407.043155019329,NO
744.0406600126857,408.03681379456265,NO
743.0921839343248,409.0774590489161,NO
742.1287160328894,410.132155006041,NO
741.0257419121044,411.0434658477854,NO
740.3952101221702,411.5573475852157,NO
739.1858211175793,412.2733194131034,NO
738.0652300718532,413.091550982859,NO
736.2276302435323,414.3309517813412,NO
735.0992224531373,415.14416177248887,NO
734.0189059295842,416.02477062526685,NO
733.430523701655,416.5504705843361,NO
732.3028534897381,417.3236555411076,NO
731.4766398128257,418.3661146466249,NO
731.0157505939375,419.009631347956,NO
730.1125934559384,420.101430350954,NO
729.0442071294311,421.06326975238466,NO
727.9424458414946,421.90177423967947,NO
727.1388216825758,422.2136431774705,NO
726.0688658415902,423.0849609217677,NO
725.0453587474401,424.0477843491175,NO
724.0191177795017,425.02317754004247,NO
723.4253330928391,425.56783050746816,NO
722.2531765421462,426.2875398315562,NO
721.2735801550635,427.2587385417349,NO
720.2803962570138,428.2979210246012,NO
719.1962184343769,429.26002219674353,NO
718.1056116385153,430.13944393992426,NO
717.0456625026916,431.053081553876,NO
716.0104583356618,432.0115795622388,NO
714.9640060236536,432.950865362914,NO
714.2667331859293,433.34277294653185,NO
713.1538196014262,434.21189082100346,NO
712.0676014554348,435.08796674695054,NO
711.032254835023,436.0321408626618,NO
710.0612596746489,437.0526230648435,NO
709.0858918555836,438.0840867680112,NO
708.0728315472908,439.0776512811515,NO
707.0722304517669,440.0714509844124,NO
706.1026274447431,441.09154225273375,NO
705.1434449027558,442.1289251733359,NO
704.1063660484139,443.1256308002179,NO
703.0050140330643,444.0083495487715,NO
702.2569764078141,444.4141249096227,NO
701.1240817669238,445.1662130527906,NO
700.1222019549857,446.10791860719996,NO
699.2124567160265,447.16621218896665,NO
698.2135746649019,448.24784691681555,NO
697.080620983624,449.13199343224153,NO
695.9974883324792,449.9967372707423,NO
695.4291980430099,450.45159098599885,NO
694.400506667945,451.41218812213265,NO
693.3406451942143,452.356866379936,NO
692.287634108421,453.3262977586139,NO
691.2578082185333,454.2782691828748,NO
690.2533861516939,455.2696680024215,NO
689.2433847487017,456.2531201520451,NO
688.2604633802521,457.2503874401004,NO
687.3041137089391,458.27847959868467,NO
686.3738666490947,459.31399229347033,NO
685.5215328119342,460.467766547398,NO
684.3332273685909,461.3918639394426,NO
683.225236358361,462.2762332608696,NO
682.167852513299,463.1886714335277,NO
681.1441483350927,464.14886591112975,NO
680.123671149482,465.1351434286631,NO
679.0639926023512,466.0817969983431,NO
678.013309672457,467.01556554920677,NO
676.9734242140349,467.96725052874734,NO
676.3668347544607,468.4035182396582,NO
675.2300021127844,469.32052925928934,NO
674.0795755940156,470.12557733861325,NO
673.0062646349768,471.0075949630035,NO
672.4756985329993,471.4971264003882,NO
671.4242969660356,472.42610249358097,NO
670.4208781051178,473.4103779958188,NO
669.4086455251181,474.4442573583959,NO
668.2458402632942,475.31805253515165,NO
667.1517600318243,476.1894682244229,NO
666.1286038208251,477.1323247230557,NO
665.1304137814847,478.1294839125874,NO
664.113687609104,479.1238119264889,NO
663.0624775034152,480.0757705845154,NO
662.011344213787,481.0134261109934,NO
661.4855577056363,481.52316353918536,NO
660.993937048559,481.9939990205845,NO
660.0184266026469,483.01579849641035,NO
659.1056766539718,484.07562332740923,NO
658.2402442019012,485.17930421000824,NO
657.253965241455,486.2548955012741,NO
656.1852185066415,487.19908512518003,NO
655.2082888972798,488.1806049222237,NO
654.4099938073032,489.3052559077909,NO
654.0104622241092,490.0068685515785,NO
653.0997926740137,491.0923481034409,NO
652.083214943478,492.0965979601292,NO
651.0115446217642,493.01582389141413,NO
650.4761301686057,493.49276353604944,NO
649.9870915540448,493.98890680413047,NO
649.0038269911514,495.0037314869863,NO
648.022062189903,496.02002567839907,NO
647.0379485137801,497.0375426452297,NO
646.0170713035909,498.0194638723976,NO
644.982626876181,498.9810995700723,NO
644.429011737988,499.42901173798805,NO
643.4737776356601,500.44573159258687,NO
642.9961362186108,500.9964851217928,NO
642.0191024140153,502.0185044267507,NO
641.0085913784981,503.0094521102152,NO
640.4942787735581,503.5776510940791,NO
639.2849635338345,504.34463539359365,NO
638.1992623225243,505.23992810376944,NO
637.1757220707697,506.1851658732955,NO
636.2332461118988,507.2091468875862,NO
635.2704725340342,508.25017440971266,NO
634.1984712521269,509.220608430997,NO
633.1137138806245,510.12930207531883,NO
632.1217769513646,511.1078917606459,NO
631.2287630844689,512.190510890989,NO
630.2840061647489,513.298686385908,NO
629.2473564314543,514.2793733355458,NO
628.2214801739095,515.2173013037504,NO
627.2499951588715,516.2192939851003,NO
626.3068814389175,517.259996777968,NO
625.4933145272269,518.4077686671405,NO
624.9972693284706,518.9976281666721,NO
624.0072522354585,520.0077951832691,NO
623.4700935724173,520.5288552689694,NO
622.3484168867606,521.3963710203142,NO
621.2814270339354,522.2877512310149,NO
620.3347134630366,523.2968659955554,NO
619.4594344975573,524.4176677486032,NO
618.5272558632067,525.49624081243,NO
618.0005036001959,526.0004969409956,NO
616.9848887021436,526.9824644283657,NO
616.336557525919,527.4482116694038,NO
615.2237773813566,528.2568303403054,NO
614.3464316192496,529.2520548849725,NO
613.9589464686413,529.9737544714158,NO
613.047418495826,531.0403454176512,NO
612.0717061701378,532.0667531516868,NO
611.1172260016167,533.0938152256018,NO
610.2850669895065,534.1890707848652,NO
609.0187340226366,536.0184217887434,NO
607.9830297992927,536.9766617401685,NO
607.3792311757365,537.4292396783003,NO
606.3546172721512,538.3277013444869,NO
605.396064802715,539.3818349283855,NO
604.3295257952279,540.3478327997178,NO
603.2685133219995,541.3099910085056,NO
602.1841543265008,542.2193010840855,NO
601.1472041535521,543.1592880657032,NO
600.1707745840383,544.1526444146664,NO
599.2649604234671,545.21081440123,NO
598.4056233443539,546.3278128309519,NO
597.9703463952383,546.9770492134629,NO
597.0164286321003,548.0147884141969,NO
596.0350072876854,549.0343024448296,NO
595.0230752619126,550.0251952515318,NO
593.9983671838248,550.9981744006234,NO
593.5024313169446,551.5157997483002,NO
592.9893477024411,551.9904281260312,NO
592.0478494619788,553.0369204492074,NO
591.0820310723391,554.0804330629245,NO
590.0623815144078,555.0663061797785,NO
589.0856301698188,556.0699479030475,NO
588.2121885874099,557.1461610261141,NO
587.3356812598774,558.315971527065,NO
586.2349501427856,559.3201975225476,NO
585.1553125900123,560.2006398576227,NO
584.1673613475975,561.1478801293638,NO
583.2890820702506,562.2074365599981,NO
582.5346375535806,563.4211044983323,NO
581.9954177940234,563.9960258595473,NO
581.0339406979689,565.0286622066736,NO
580.1016266377491,566.0825119072488,NO
579.1690554401537,567.1443840062803,NO
578.2162437083425,568.1934036519264,NO
577.2139369524131,569.2131810068441,NO
576.2264138787393,570.2109853308953,NO
575.2866121322581,571.2532965511652,NO
574.3738267812479,572.3467688449376,NO
573.5391827314369,573.4709595949895,NO
573.0216436034007,574.0178321499469,NO
572.071654108757,575.0637852738724,NO
571.0871205758904,576.0865048844811,NO
570.0742739264477,577.0774742374768,NO
569.0547159679081,578.0590382323385,NO
568.0342660108003,579.0356987377684,NO
567.052218391909,580.0440464979475,NO
566.1556483325036,581.1080382577804,NO
565.2967458776754,582.2439689352668,NO
564.1973157940934,583.2854112221397,NO
563.071585612725,584.1087644794569,NO
562.0242457268589,585.0260350802397,NO
561.0575026203055,586.0446631201672,NO
560.1887157058129,587.1313461371662,NO
559.4139401074463,588.2873398767592,NO
558.9919452083407,588.9949460133877,NO
558.0960202209798,590.0798279413966,NO
557.1248737129586,591.1190237810152,NO
556.127841239985,592.1241623484269,NO
555.1364914750118,593.1302325994502,NO
554.1432507317954,594.1397136756586,NO
553.1579822985778,595.1475959210932,NO
552.2225960445878,596.1866209301181,NO
551.2984956623195,597.2588353894483,NO
550.3160078543133,598.3148176182248,NO
549.2910708034921,599.3033381752368,NO
548.3354966429915,600.2958142589783,NO
547.5180438564447,601.4530262054491,NO
546.466636841299,602.4768254391108,NO
545.4119451627853,603.4170944725156,NO
544.5329337022356,604.424540413749,NO
544.0430697507875,605.0272945326813,NO
543.2620989247198,606.1593150229942,NO
542.4728931610985,607.4689441806211,NO
541.2627219950949,608.3895533069348,NO
540.1490481222688,609.1922785344833,NO
539.1455482004377,610.1308412387675,NO
538.2346574421734,611.1771433766105,NO
537.4336107457815,612.3114046586388,NO
536.9984318095613,612.9989840486345,NO
536.1335165519565,614.0951356487863,NO
535.305408986159,615.2236941997825,NO
534.5359222021755,616.4318001661198,NO
534.0264951310087,617.0175379698487,NO
533.1779870044627,618.1279002109438,NO
532.3881128558837,619.2713355299197,NO
531.3780764216855,620.422363041727,NO
530.1153943147668,621.1998432996633,NO
528.1779851105442,622.2963429564792,NO
527.0360207846217,623.0583304319503,NO
525.977241281879,623.9763996642056,NO
525.5689246461923,624.547853380436,NO
524.9802133961333,624.981256321509,NO
524.0434762999312,626.0310025985101,NO
523.1401124947633,627.1108285398199,NO
522.3118060455037,628.1973818108413,NO
521.2410171278751,630.136287386247,NO
520.5697130130882,631.4468337611413,NO
519.9991596504235,631.9991853753985,NO
518.9682254858322,632.956841705675,NO
518.2883342562317,633.3550666328448,NO
517.2210820866162,634.248441549444,NO
516.1876988736284,635.2005696501661,NO
515.1731762104266,636.1719235690364,NO
514.2238248777704,637.1851574528844,NO
513.2994157856468,638.258117045217,NO
512.3584252513915,639.3272578621251,NO
511.4553631582171,640.396443699184,NO
510.9934462233202,640.9951160895375,NO
510.064341165683,642.053193909982,NO
509.107490930869,643.0977663860873,NO
508.1239693421717,644.1202000011095,NO
507.1494565032883,645.1402905111786,NO
506.20088022373875,646.1780999842624,NO
505.28603981322294,647.2502848507291,NO
504.34128211416356,648.3108896543512,NO
503.34991363112573,649.3419308066522,NO
502.28044218663507,650.3319639058159,NO
501.1987841609019,651.2457542567207,NO
500.1872366288222,652.1790811369834,NO
499.3158667394382,653.2203363135006,NO
498.0687101172296,655.0567412575168,NO
497.0375140952917,656.0493606497547,NO
496.0043998576166,657.004041208474,NO
495.1290975639094,658.0748316485103,NO
494.4039654506408,659.2995779168303,NO
493.4967440021015,660.4570837975143,NO
492.5736003773646,661.5089693804742,NO
492.05632198079866,662.0341082779822,NO
491.24567886633804,663.1750098265529,NO
490.3422709874755,664.2693965264673,NO
489.3760291448386,665.3319524669873,NO
488.4670694766045,666.3783430288335,NO
488.0228480528776,667.0145932726604,NO
487.26860944959475,668.1427216479598,NO
486.1013829678635,670.0786107931905,NO
485.1493714415114,671.1425460363103,NO
484.14434534892996,672.1507845419803,NO
483.1366332929797,673.1422518492449,NO
482.05290860887504,674.0731714776108,NO
480.9930180626807,674.9919746573948,NO
479.94148497156965,675.9195976726688,NO
479.190146841936,676.2913087014318,NO
478.16251443101265,677.1508227457085,NO
477.4050196637183,678.2343509847785,NO
476.37371651334206,680.2500124557356,NO
475.9411728725854,680.951007745367,NO
474.97244719640713,681.9728996251127,NO
473.96799509565125,682.9672343664787,NO
472.97058717723735,683.9733036466743,NO
472.00838886225876,685.0068505035786,NO
471.18978447583913,686.1044469041534,NO
470.3609773666071,687.3624814551031,NO
469.2277915080954,688.2718801775338,NO
468.13234351635515,689.1663349084882,NO
467.0293890011998,690.0427693586397,NO
465.97529547886006,690.9737294236611,NO
465.4967142820146,691.5473769294133,NO
464.44034731764475,692.4686958495106,NO
463.47889627949627,693.4333774265035,NO
462.964212040384,693.9689837687091,NO
462.07000233821606,695.042977307103,NO
461.268542276504,696.1936002435573,NO
460.40400055570376,697.3751433919311,NO
459.3366481773566,698.4104125904746,NO
458.28269896107764,699.3325484531518,NO
457.31460126035597,700.2986045703256,NO
456.4775745521781,701.3266681063242,NO
456.0186757615347,702.0093912398048,NO
455.2389189207402,703.172106192461,NO
454.3373239561976,704.3074602618599,NO
453.3067888129628,705.3488146640976,NO
452.28404791565345,706.2978427556849,NO
451.425365006253,707.2976756929861,NO
450.99638976805676,707.9983407011505,NO
450.16082539631077,709.1293654549797,NO
449.0558326814865,710.0851448388117,NO
447.9670036159129,710.9560048223099,NO
447.30043624418147,711.3431860527006,NO
446.2926947698437,712.3003540692418,NO
445.3339644607784,713.3251924061999,NO
444.3951094682102,714.3653460514456,NO
443.47323262792435,715.4160875517629,NO
442.99575982632683,715.9967769946539,NO
442.0743286110383,717.0600611992083,NO
441.14842755049204,718.1223622276282,NO
440.2109665378658,719.1896864268284,NO
439.22017335273273,720.2226333860228,NO
438.2097063093092,721.2184606470494,NO
437.1880985863407,722.2003267994204,NO
436.1387136974588,723.1671821090206,NO
435.0260718281896,724.0414602985167,NO
434.4438868369379,724.4956576579885,NO
433.9818021832734,724.9849084960938,NO
433.082995013847,726.0502253657381,NO
432.2914877724026,727.1946084617089,NO
431.3792934287257,728.4088892173531,NO
430.3354070885288,729.3725980134158,NO
429.3282013999477,730.3147304467625,NO
428.37752587374547,731.3285495577231,NO
427.36548723615323,732.3626865783774,NO
426.42858367834845,733.3865339623384,NO
426.0122456896611,734.0083979998393,NO
425.22892893000545,735.1227863006485,NO
424.06883880995076,737.0561609020921,NO
423.0986714367541,738.0993996356352,NO
422.077157480645,739.0842524220201,NO
421.0810220272555,740.073399750464,NO
420.1622628636616,741.1269292428283,NO
419.2553886980603,742.218642123809,NO
418.3005292500933,743.2810664053359,NO
417.30704776252475,744.315696998969,NO
416.26881760875426,745.2909881356219,NO
415.2927090152079,746.2651469622422,NO
414.404618175263,747.3329514819768,NO
413.5173200287224,748.4577871703982,NO
413.0074560177862,749.0056834135619,NO
412.0701375579803,750.0606397634401,NO
411.1983149749185,751.1248419194999,NO
410.12494329818884,753.0762117413967,NO
409.170962219355,754.1916431384183,NO
408.04520946771174,755.0739697279377,NO
406.9789183017517,755.9781641581503,NO
406.04245669779084,757.0258229773314,NO
405.20871206960726,758.1486029980806,NO
404.33777734813003,759.2724776806826,NO
403.41454397616616,760.3811898384482,NO
402.458496457993,761.4297843503748,NO
401.5383349291767,762.4852447034795,NO
401.00632034467503,763.0049459636363,NO
400.0595228232266,764.051006045272,NO
399.13013572724986,765.1012166789336,NO
398.2676999238395,766.1852038059668,NO
397.0532782745652,768.0380776233391,NO
396.15012006876503,769.1201895853013,NO
395.19753558651286,770.1859359210495,NO
394.1773218475514,771.2004212467834,NO
393.11486869985583,772.1415182294442,NO
392.09589764233453,773.0972849509417,NO
391.1313051047883,774.1105385657096,NO
390.2054945385454,775.1566132104426,NO
389.3207062776063,776.2438597308347,NO
388.37114996102997,777.608691962878,NO
387.2764541486796,779.2012112822675,NO
386.3081001420365,780.3455971164467,NO
385.25484622943594,781.298473359949,NO
384.21378699845775,782.2227456863635,NO
383.24116469265465,783.2119072723614,NO
382.3424516516476,784.2815978702376,NO
381.4704976474826,785.3885234350141,NO
380.98877937763564,785.9912037784123,NO
380.04307150401894,787.0372670742609,NO
379.08315428485616,788.0741646362087,NO
378.122387588874,789.1074814090491,NO
377.17178712867775,790.1505581606018,NO
376.222168119737,791.1949488359968,NO
375.3085176411404,792.2548624054252,NO
374.44447138731584,793.3907993668738,NO
373.5201209744938,794.5068975584206,NO
373.0058598639522,795.0055379971093,NO
372.01683287844,796.0163794675259,NO
371.04457659999355,797.0362099138921,NO
370.1399494894038,798.0958802920564,NO
369.2835283567998,799.208961270001,NO
368.49381100521094,800.402064725195,NO
368.00706358294417,801.0056388264204,NO
367.07586799521727,802.0598489422692,NO
366.1865082005193,803.1349621079054,NO
365.3558117640516,804.2693418962602,NO
364.96276243901065,804.9718422825957,NO
364.0226090616845,806.0190106224691,NO
363.0830869910584,807.0662941435694,NO
362.17081812728617,808.1298632478766,NO
361.3305647512854,809.2368613633278,NO
360.06392587049766,811.0478509451673,NO
359.1826353030511,812.1269801607132,NO
358.38526665192336,813.2725358885583,NO
357.98342001101713,813.9885762541915,NO
357.07063407274495,815.0576109124418,NO
356.129601599335,816.1136174052341,NO
355.18264197894297,817.1584960880026,NO
354.3359798582461,818.2366754647155,NO
353.10137686270616,820.0687966362218,NO
352.2558619394931,821.1712101639728,NO
351.5757895217929,822.3904326161136,NO
351.0458392336983,823.0293205916838,NO
350.2523913366664,824.1490610030592,NO
349.92942858818986,824.9561752467645,NO
349.02990592155965,826.0243901323637,NO
348.0715338024669,827.0636585217231,NO
347.10600705020005,828.0972711273575,NO
346.13333610519993,829.1225658178804,NO
345.20718425525894,830.1617125890732,NO
344.4766228780829,831.311311195216,NO
344.03774107264445,832.0204720939245,NO
343.4172047149742,833.189848333972,NO
342.3902349582787,835.2424091916364,NO
341.97866071909283,835.9845062358912,NO
341.05788101054594,837.0479209687193,NO
340.12797686674145,838.1030983385181,NO
339.2756336117056,839.1901382074345,NO
338.1871946959794,841.092568803789,NO
337.0731800805687,843.0452740748294,NO
336.2519479255416,844.1608481150855,NO
335.0978100749602,846.0594076991608,NO
334.3184044528308,847.205686396713,NO
333.1070465913201,849.065830792535,NO
332.40231238209805,850.230404427127,NO
331.2487938432675,852.1492763163367,NO
330.56074870592084,853.4375539237825,NO
330.0207581985458,854.0157909490305,NO
329.1281484549056,855.0909253100027,NO
328.328972903864,856.2132901118999,NO
327.1838828705673,858.104520167932,NO
326.4920375234859,859.3467025955986,NO
325.99197108851223,859.9932478570228,NO
325.0493911811424,861.03951294793,NO
324.2031344719994,862.122487052943,NO
323.5616355494239,863.3258414455506,NO
323.02298872907795,864.0148505993956,NO
322.1701937179063,865.1090055574098,NO
321.34102903133646,866.2564326889838,NO
320.06678715027607,868.0502758825689,NO
319.1342670774329,869.1183443847551,NO
318.2115673038222,870.1748031518546,NO
317.3645127816155,871.2613823405194,NO
316.2621306926131,873.1267483024617,NO
315.20691109941015,875.113702836964,NO
314.10224614104186,877.0566265932223,NO
313.47039005756716,878.2535036294647,NO
313.05042338041443,879.0250285536631,NO
312.32066046234115,880.1912544634326,NO
311.159302524917,882.0943355734762,NO
310.4682205765772,883.2944170929605,NO
310.0394978583587,884.021039060238,NO
309.3532604109282,885.1921610280314,NO
308.0947731429074,887.0744330334052,NO
307.17559597443886,888.1341509599567,NO
306.3236648117583,889.2195419767785,NO
305.1937522772021,891.104019653169,NO
304.5648590723085,892.3515296938701,NO
304.05595008087926,893.0333749548942,NO
303.27450679309936,894.1598856049509,NO
302.1161912209263,896.069090508538,NO
301.31432114023005,897.2070770358436,NO
300.1743368461896,899.0970327481925,NO
299.89749099531394,899.9428272210251,NO
299.131520549596,901.060519017267,NO
298.5755079657259,902.3174631035339,NO
298.06729515358904,903.0368843670959,NO
297.2147242167409,904.1520845646539,NO
296.91390136088273,904.9448385000393,NO
296.06694281951076,906.0390559056814,NO
295.3446807490237,907.1801836670244,NO
294.20277281318073,909.1142317457769,NO
293.38438534616637,910.6515055107718,NO
292.51907968139733,912.2333237030542,NO
292.0572813665276,913.0293503148637,NO
291.3440304479785,914.1757277879985,NO
290.24734026432094,916.1271636453682,NO
289.17586952200395,918.0933534446432,NO
288.3489123237054,919.7099461398207,NO
287.8784410832063,920.9381586212284,NO
287.0918306471637,922.0502859735973,NO
286.41800242560174,923.2147921810761,NO
285.2768147683747,925.1435335791274,NO
284.19559213935554,927.1032709318312,NO
283.13731654730617,929.0734282126253,NO
282.8753588113059,929.9366535500703,NO
282.093358667183,931.0501088356384,NO
281.465895284089,932.2249760483828,NO
281.03988209399796,933.0208184534745,NO
280.2891997624977,934.153945343484,NO
279.1813834356145,936.1017907006665,NO
278.3116500594855,937.6385916665088,NO
277.5190260820377,939.233072097732,NO
277.0586444208183,940.0297270540688,NO
276.3592950849519,941.1798632048578,NO
275.23568434765315,943.1280194548732,NO
274.1482200020886,945.0837903245096,NO
273.88424985777607,945.9403568517228,NO
273.0932206728315,947.051578950474,NO
272.4621636656265,948.2204342256568,NO
272.04334624208326,949.0218437754013,NO
271.29644907138646,950.159411287426,NO
270.21565633164926,952.1119891237339,NO
269.16484685384296,954.0855666939294,NO
268.27655507369644,955.6555024194573,NO
268.1113668798298,956.0614121879258,NO
267.0822788517065,958.0427327114461,NO
266.43910773107825,959.2095372299368,NO
266.0364581976569,960.0184630359573,NO
265.31208170088547,961.1571371540131,NO
264.22656162645313,963.1174483319091,NO
263.1459142956302,965.0813752791063,NO
262.88248650126394,965.940225041663,NO
262.09222090916325,967.0514633982891,NO
261.4568322973865,968.218188562648,NO
261.0414176669164,969.0209745934438,NO
260.30244710362706,970.1585264484371,NO
259.21385809767224,972.1128563832981,NO
258.14077708995273,974.0784414718339,NO
257.8780570053281,974.9374746930855,NO
257.0917050722894,976.0501642523234,NO
256.4460005531711,977.2174530088929,NO
256.03832189749227,978.0193686039083,NO
255.3325926801553,979.1618123769081,NO
254.26138943215926,981.1284895188935,NO
253.18525528841815,983.0988835430708,NO
252.3786859681571,984.7240440338371,NO
252.1472953019683,985.0744924089269,NO
251.2159175511635,986.6510280986696,NO
250.58139982306506,988.267212913058,NO
250.06574432055243,989.0351036027225,NO
249.3528317831492,990.1826473981163,NO
248.24004135158708,992.1258653954627,NO
247.14072832334236,994.082192616408,NO
246.14014222001686,996.0639841237206,NO
245.2453350937185,998.0874760359874,NO
244.96919872569308,998.9852637040292,NO
244.06925279649025,1001.0346263982451,NO
243.19177680747467,1003.0684379958197,NO
242.93587657841636,1003.9696985397812,NO
242.06403902250784,1006.0320195112539,NO
241.1917607630913,1008.0684322701773,NO
240.93588582383933,1008.9697029086968,NO
240.0650209109703,1011.0325104554852,NO
239.1879182171257,1013.0681664134963,NO
238.93273716338004,1013.9682150122732,NO
238.05908714406067,1016.0295435720303,NO
237.17668333439076,1018.0668625174686,NO
236.43361945573236,1020.0850944247416,NO
236.06391289600717,1021.0319564480036,NO
235.20143313915193,1023.0687242454605,NO
234.9512696155368,1023.9778324523264,NO
234.66758504423225,1024.9921784713813,NO
234.8603273972158,1026.0421756479166,NO
235.0787926131374,1026.9749717576,NO
235.31474980519556,1027.9432215998438,NO
235.46801546871245,1028.9779757421354,NO
235.5047815692663,1030.0053458320813,NO
235.61735811855655,1031.0540200278149,NO
235.86492541808707,1032.0429060446602,NO
236.0887859847148,1032.9721455733684,NO
236.32477424943687,1033.9439605222822,NO
236.47145553078758,1034.9787382796326,NO
236.50925004572505,1036.0076980389968,NO
236.62960607673938,1037.055195955091,NO
236.8780455548195,1038.0394558485632,NO
237.10201652545305,1038.968394878902,NO
237.3380796795463,1039.9456420942813,NO
237.54737996523818,1041.0466665279218,NO
237.87490392523148,1042.0517554353141,NO
238.11820635501942,1042.950863238504,NO
238.43713159819262,1043.9571099826064,NO
239.03821801204748,1045.982239865241,NO
239.3378806549641,1046.9383864729552,NO
239.6923916632147,1048.0743968830143,NO
239.98271010613422,1049.008102518736,NO
240.25379201788274,1049.9323221264772,NO
240.61494190928804,1051.0651990780614,NO
240.9296753123244,1052.031301380224,NO
241.17869243945347,1052.9376328324906,NO
241.54250911736312,1054.0507298345594,NO
241.87381782171082,1055.0519573670524,NO
242.1170263060037,1055.9513537687048,NO
242.43184182588865,1056.9595813063315,NO
242.76006852011753,1058.0740063731394,NO
243.02775360728108,1058.9868306410606,NO
243.32576745846993,1059.9367627852046,NO
243.66809313173118,1061.0714977234077,NO
243.96685011619599,1062.0154049457851,NO
244.23011239463628,1062.9323198839304,NO
244.59950662039057,1064.0623522616088,NO
244.91932282586205,1065.0355928703248,NO
245.16621395336776,1065.9393807946562,NO
245.52331270719077,1067.0442982116856,NO
245.8569883688609,1068.0574850687697,NO
246.08502660459055,1068.961902025795,NO
245.14227708490847,1071.2273253943044,NO
244.05687128974222,1072.0726278378352,NO
243.02925970368352,1073.0300370021114,NO
242.06456546795397,1074.0503872394022,NO
241.2308495307216,1075.1393057485266,NO
240.29666044292617,1077.1046767943114,NO
240.04460737356968,1078.013494666946,NO
239.8341710527339,1078.9643328792383,NO
239.65399876222742,1079.956508223446,NO
