X,Y,is_wing_root
635.0256261922775,1937.0369766076535,NO
633.9638759217308,1937.9516223775593,NO
633.2490113255403,1938.2909241208745,NO
632.2068611553174,1939.2141194420915,NO
631.2322382714946,1940.2146370659618,NO
630.3759068999996,1941.302038742295,NO
629.9841748334219,1941.9886963090903,NO
629.0917501464713,1943.0596594779163,NO
628.3578491012706,1944.200108684646,NO
628.0026139347757,1945.0013735522687,NO
627.0457793080824,1947.0178352569462,NO
626.3230518782826,1949.0793460729326,NO
626.1048012201463,1950.0263466753747,NO
625.9165379128369,1950.9829811949637,NO
625.7453769302238,1951.9594594576674,NO
625.6055023298635,1952.9592278954012,NO
625.5225335109509,1953.9839955367793,NO
625.5027932954272,1955.0,NO
625.524385140687,1956.0172709314775,NO
625.612597274291,1957.0422030920477,NO
625.756522549491,1958.040126170676,NO
625.9238306416257,1959.0148934503684,NO
626.1075318203375,1959.9738679648224,NO
626.321202416632,1960.9201689917488,NO
627.0457792750155,1962.9821647559365,NO
628.0026139347757,1964.9986264477313,NO
628.3578491012706,1965.799891315354,NO
629.0917501276092,1966.9403405343487,NO
629.9838732200982,1968.0114748238432,NO
630.3735609990573,1968.701151200754,NO
631.2299361218184,1969.7865224563416,NO
632.2068576831127,1970.7858841519449,NO
633.2489782948542,1971.7091144694318,NO
634.4576873389194,1972.388297222037,NO
635.0247821729166,1972.9643791556534,NO
636.1173691322197,1973.7997430596483,NO
637.703384351036,1974.626740167101,NO
638.069855388133,1974.8512756284247,NO
640.0886985881403,1975.7525383934096,NO
640.9957668765358,1976.0115683830284,NO
643.0685676530162,1976.69255149404,NO
644.0248932667664,1976.8913196368921,NO
644.9875993867383,1977.0672639346717,NO
645.9674784465639,1977.2238983880256,NO
646.9614979178556,1977.353429354214,NO
647.9750700332464,1977.4462463960651,NO
648.9904341337905,1977.4892257263975,NO
650.0095658662095,1977.4892257263975,NO
651.0249299667536,1977.4462463960651,NO
652.0385020821444,1977.353429354214,NO
653.0325215534361,1977.2238983880256,NO
654.0124006132617,1977.0672639346717,NO
654.9751067332336,1976.8913196368921,NO
655.9314323469838,1976.69255149404,NO
658.0381582165411,1976.1128978654594,NO
660.2974426235695,1977.8386932112862,NO
661.0455087562109,1978.9756516592208,NO
661.5010207205883,1979.7312584351282,NO
662.3681941036313,1981.3189957116072,NO
663.2080783378807,1982.8837277797254,NO
664.3554378238553,1984.8038196783568,NO
665.0783276177402,1985.9568100068902,NO
665.9072074225893,1987.0536808504075,NO
666.1831336307276,1987.8946828851936,NO
667.3386975052543,1989.7948733415558,NO
668.3598577556917,1991.369312848503,NO
669.2332872188824,1992.8590326078606,NO
670.0382888055802,1993.97876352769,NO
670.4915200211842,1994.7014779606914,NO
671.1529400989511,1995.9113851970599,NO
672.2924542826963,1997.8262540969856,NO
673.0700782732175,1998.9595136043606,NO
673.9191962643386,2000.0488961779502,NO
674.2047470763047,2000.876298639023,NO
675.0228763432468,2001.9869583464467,NO
675.443840901931,2002.7307447361457,NO
676.1373268920031,2003.9208599147332,NO
677.2859992232341,2005.8296778791387,NO
678.0655171822975,2006.9626113429924,NO
678.9169882324392,2008.0516557936392,NO
679.2037206147213,2008.8786243959796,NO
680.0188776096311,2009.9890644261056,NO
680.4211847837689,2010.757253891003,NO
681.4562654359779,2012.911984270088,NO
681.6932678459635,2014.0322555630514,NO
681.8101386124439,2015.0234534656222,NO
681.9635678162416,2016.0073297658148,NO
682.1510715955687,2016.9581293946378,NO
682.3834602613542,2017.9273023261785,NO
682.6103491489222,2019.0372574524072,NO
682.7530280101403,2020.0387407052413,NO
682.9298432193543,2021.015467636231,NO
683.1253762012625,2021.9658290816246,NO
683.3460813135032,2022.9321750197803,NO
683.5791018570632,2024.0427605668872,NO
683.7200072084734,2025.0417244144041,NO
683.8949032805909,2026.022049704993,NO
684.0931680975842,2026.9736937138268,NO
684.3103412128211,2027.9368332043448,NO
684.5364438452365,2029.042647168902,NO
684.6917646639376,2030.0501637910997,NO
684.8824498235766,2031.0271978842177,NO
685.0885993308442,2031.9741150974269,NO
685.3110461530777,2032.937668550309,NO
685.5312810964296,2034.0412472641592,NO
685.6836731060768,2035.05024015492,NO
685.8781983264314,2036.028898044655,NO
686.0882019144897,2036.9731935353614,NO
686.3175146090115,2037.936621959017,NO
686.5519622281153,2039.0424362797414,NO
686.8723506663731,2040.0535796307133,NO
687.1504450199856,2040.8621598373134,NO
688.151346604787,2041.8114805560376,NO
689.2685231138009,2042.6588761981222,NO
691.053766547773,2043.9224901443617,NO
692.1260737388387,2044.8381857419583,NO
693.2414563889296,2045.6822007813432,NO
695.0552785783307,2046.9191807520224,NO
696.132408317499,2047.8275955310505,NO
697.2549556241235,2048.673001859403,NO
699.0552957438322,2049.918629836277,NO
700.1365845579569,2050.8190698200306,NO
701.2846470126492,2051.6202864235665,NO
702.0141679273372,2051.9705789421405,NO
702.965727433505,2052.2270001227657,NO
703.9946658124816,2052.3400544322835,NO
704.9900644163044,2052.3619391160996,NO
705.9861458638559,2052.392533882291,NO
706.9814228758498,2052.4306515111775,NO
707.9909046983381,2052.4638603726557,NO
708.9953019265668,2052.4792034857282,NO
709.9952053810708,2052.489051126223,NO
710.9980547435491,2052.4960404095405,NO
712.004880142062,2052.5032015433617,NO
713.0126880404474,2052.5220838092187,NO
714.0174861503064,2052.555851771621,NO
715.0177537678566,2052.598764832078,NO
716.0226002319797,2052.656274070441,NO
717.0161410320426,2052.7161404628673,NO
718.0147934344579,2052.7780984731885,NO
719.010700162247,2052.844083346789,NO
720.0038963013876,2052.8954150658824,NO
721.0026030321862,2052.9336226797463,NO
722.0009776898274,2052.9688361355443,NO
722.9994970979465,2053.0098646168303,NO
723.9975683577229,2053.0563698887295,NO
724.9961765198202,2053.0974987438567,NO
725.994033753238,2053.138308446634,NO
726.9937318899971,2053.177596461338,NO
727.9911298625268,2053.215417638577,NO
728.9920953920144,2053.251959389284,NO
729.9911115901704,2053.283318074277,NO
730.992046824938,2053.3120091745245,NO
731.9858234461759,2053.344287758468,NO
732.9857182885917,2053.3833512087813,NO
733.9877276355986,2053.417260403644,NO
734.9850565632645,2053.448303132143,NO
735.9935066482442,2053.4730870551116,NO
736.9962024561296,2053.4841868716585,NO
738.0,2053.488235294574,NO
739.0090424261329,2053.495633534315,NO
740.0144307352451,2053.5189755169276,NO
741.0189211023771,2053.5586543034424,NO
742.0222092669648,2053.6132524004893,NO
743.0201288163407,2053.675063391105,NO
744.0186603336433,2053.742790008607,NO
745.011693922765,2053.807616116115,NO
746.0094778769156,2053.876058539766,NO
747.003628084423,2053.9455787312168,NO
747.9997519581491,2054.004685235011,NO
748.996974303128,2054.0571520526432,NO
749.9957081026582,2054.104231799469,NO
750.9920274908727,2054.1505918406947,NO
751.99143455616,2054.198562560264,NO
752.9895818326489,2054.2415120595206,NO
753.9906616392504,2054.280150841282,NO
754.9901920735111,2054.312627668921,NO
755.9885082084799,2054.344753768735,NO
756.9889333551174,2054.3762659386284,NO
757.9864239070184,2054.4072828167737,NO
758.9897340817042,2054.4363015137505,NO
759.9900992726477,2054.459033732023,NO
760.9934517944913,2054.4770835428117,NO
761.9961717040773,2054.4881077585587,NO
762.9990330884199,2054.493124931572,NO
764.0,2054.494117647521,NO
765.0063868075792,2054.501337700568,NO
766.0131399290859,2054.523208285422,NO
767.0190457691278,2054.560215869644,NO
768.0174940759597,2054.6046338691585,NO
769.0222079804454,2054.6622398066947,NO
770.0172493821559,2054.725087973942,NO
771.0111920452474,2054.7804637361533,NO
772.0094371051022,2054.834037112429,NO
773.0050390973818,2054.8831845615664,NO
774.0038030198764,2054.933119303711,NO
775.000734237124,2054.9843974614787,NO
775.9982017096337,2055.0339677072857,NO
776.9962767310833,2055.082559439831,NO
777.9956627413037,2055.1228890041834,NO
778.9944215966046,2055.1580547728845,NO
779.9959689279497,2055.1868951624965,NO
780.9924182919403,2055.2148150753023,NO
781.9967073667018,2055.239891853879,NO
783.0019062899382,2055.243051981276,NO
784.0027442917125,2055.233264801863,NO
785.0,2055.227450980392,NO
785.9953525088405,2055.237022042951,NO
787.0004824398782,2055.24604435067,NO
788.0083775851829,2055.224872027917,NO
789.0109516793719,2055.1745423886873,NO
790.0036031847695,2055.1312588722085,NO
791.0021065986278,2055.1074365272198,NO
792.0042743388567,2055.0605531343317,NO
792.9982681302841,2054.9812073719104,NO
793.9879709075115,2054.88639190191,NO
794.9754016166816,2054.782464737303,NO
795.962843751593,2054.673348105015,NO
796.9641533535016,2054.569840229155,NO
798.0156487275326,2054.491956872035,NO
799.0167507244429,2054.4496247179036,NO
800.0183814094514,2054.4075877680507,NO
801.0208427292272,2054.3543263955394,NO
802.0189222044322,2054.2924340569853,NO
803.0169273676879,2054.2213578724263,NO
804.0128373833525,2054.136397196972,NO
805.0041808365087,2054.0402306905685,NO
805.9929380302609,2053.9368139551157,NO
806.9801624837008,2053.828523164325,NO
807.9652085808059,2053.7163803517856,NO
808.9623735358917,2053.605503988533,NO
809.9803494473906,2053.525579513299,NO
811.0133054713432,2053.4827985336515,NO
812.0215637696641,2053.4399008880214,NO
813.026631202068,2053.3772753659177,NO
814.0247485948623,2053.3005186685896,NO
815.0184648120199,2053.2190012544993,NO
816.011523689343,2053.1366763127544,NO
817.0046029849153,2053.0521671613333,NO
817.9960538377982,2052.960538380346,NO
818.9828197375764,2052.8563617416644,NO
819.9590536010089,2052.732518987445,NO
820.9337329914207,2052.5653798364297,NO
822.0408836623956,2052.357822500365,NO
823.0213329497532,2052.2608788439084,NO
824.0140561447005,2052.183811112441,NO
825.0072923791593,2052.1162222919825,NO
826.0033870061854,2052.055721712705,NO
827.0003286489311,2052.0119722109234,NO
827.9996729659289,2051.986101052416,NO
828.9962597058442,2051.942195456231,NO
829.9909681245875,2051.8755065883865,NO
830.9826526176073,2051.7989280617057,NO
831.9666210260896,2051.7037246840214,NO
832.9468307282415,2051.573305420003,NO
834.0441037158677,2051.3843323918386,NO
835.0358230571405,2051.238506136595,NO
836.015325807499,2051.1070707057297,NO
837.0008269403703,2051.02219682092,NO
837.9984697254561,2051.0289051861414,NO
838.99928842408,2051.060483954835,NO
840.0018627805731,2051.045238959764,NO
841.0000344883485,2051.0007035622884,NO
841.9964050402535,2050.9444415333774,NO
842.9895408506172,2050.872996036157,NO
843.9772039712099,2050.7841833901557,NO
844.9602443598317,2050.6754375536443,NO
845.9591981450075,2050.55925029798,NO
847.0168536635085,2050.468157294473,NO
848.0196634620942,2050.417029258322,NO
849.0187188950191,2050.3671783114673,NO
850.0166760994616,2050.3149929932247,NO
851.0193406932034,2050.2465938378823,NO
852.0165461197369,2050.1534276530238,NO
853.0054369847979,2050.056589022112,NO
853.9976345539701,2049.9705761578857,NO
854.9912734769541,2049.8914505623598,NO
855.9809680657052,2049.8058742716457,NO
856.9636259853798,2049.703141110656,NO
857.9597095131262,2049.5867109698183,NO
858.9740801607454,2049.4930079491724,NO
860.021548650767,2049.428860409045,NO
861.0238283079183,2049.36825565333,NO
862.0175977841022,2049.309478280982,NO
863.0121703947545,2049.258620882507,NO
864.0120561807801,2049.2049550724955,NO
865.0103232699895,2049.138549145282,NO
866.0044988426914,2049.0717003048585,NO
867.000594292408,2049.009471535181,NO
867.9954897986181,2048.9410204468577,NO
868.9884481899198,2048.8629901622303,NO
869.9805462164777,2048.779523791145,NO
870.9667662787898,2048.683804890803,NO
871.9608549429772,2048.572073340521,NO
872.9803335715897,2048.492393532066,NO
874.0037237008194,2048.46546258334,NO
875.0078884334287,2048.445258260111,NO
876.0083289165111,2048.4247747309855,NO
877.0139826491189,2048.3961750834733,NO
878.0153804431792,2048.356546634678,NO
879.0123832754448,2048.315773521487,NO
880.0137537486352,2048.2697850591635,NO
881.0133403714993,2048.212612169183,NO
882.0097057696222,2048.149998251893,NO
883.0048981228775,2048.0925200997954,NO
884.001932916796,2048.044808525393,NO
884.9998922248797,2047.9978859496432,NO
885.9970094439905,2047.945529159094,NO
886.9929423301627,2047.8875183878079,NO
887.9858161139358,2047.8191554530194,NO
888.9775657786124,2047.7399669715935,NO
889.9643041281091,2047.6462220894505,NO
890.9673049552244,2047.5417955115772,NO
891.9848952799981,2047.4810449558718,NO
893.0036673933647,2047.4630084171401,NO
894.0145421678938,2047.4362650660842,NO
895.0192912246721,2047.3935409715682,NO
896.0193511394416,2047.3403131516243,NO
897.0151735264822,2047.2866110588636,NO
898.0103448579241,2047.239812613725,NO
899.0067459458446,2047.2023783889158,NO
900.0031277274819,2047.177237882274,NO
901.0050339770452,2047.1510193214888,NO
902.0061001864223,2047.1037031687918,NO
903.0025132236237,2047.0256348807707,NO
903.9927158807693,2046.929907532565,NO
904.9913982784248,2046.8487283403892,NO
905.9912665358468,2046.7975424234132,NO
906.9867748264197,2046.7501911630131,NO
907.9690667223055,2046.6777783669954,NO
908.9543141753976,2046.5641572507943,NO
910.015496625282,2046.4531589135993,NO
911.0016844502856,2046.4202703532924,NO
912.0051951368921,2046.4056203159982,NO
913.0167880941431,2046.372257733537,NO
914.0219605500434,2046.3111077949923,NO
915.0234444058782,2046.2214193934574,NO
916.0100864087476,2046.13902887037,NO
917.0023213654353,2046.0910689514048,NO
918.0024291235566,2046.0563115002108,NO
919.0005736720717,2046.0127205544238,NO
919.9989542173167,2045.9719289905593,NO
920.9988882134986,2045.9432988899098,NO
921.998330465936,2045.9225943281851,NO
922.9960301996921,2045.8934422000862,NO
923.9936904711167,2045.8537336497059,NO
924.9893327413351,2045.8057035053753,NO
925.9842104259953,2045.7483536661794,NO
926.9754090619531,2045.6803178197229,NO
927.9716000939917,2045.60397909945,NO
928.9780454418313,2045.54078380128,NO
929.9854988770511,2045.4984611805014,NO
931.0158303097074,2045.4608881767526,NO
932.0126257915427,2045.4292769268511,NO
933.006391296527,2045.4074451272209,NO
934.0091146984752,2045.387374672923,NO
935.0119426128795,2045.3582784104208,NO
936.0131953243537,2045.3204578983266,NO
937.0139628448666,2045.2738865620095,NO
938.0117581327398,2045.2220980652567,NO
939.0105531702661,2045.1630944431463,NO
940.0066891915347,2045.0974710787282,NO
941.0020641010874,2045.0328966108345,NO
941.9979327501977,2044.968991251576,NO
942.9930522090247,2044.9015729603254,NO
943.9869824318546,2044.8297702724983,NO
944.9796413382184,2044.752787664637,NO
945.9719471394761,2044.67142685468,NO
946.9732193201137,2044.5934932663279,NO
947.9817554149286,2044.5365875281268,NO
948.9907285897352,2044.5047114836855,NO
950.0057397032999,2044.48787479367,NO
951.0154603801767,2044.463811436418,NO
952.0159575483561,2044.428334201457,NO
953.013849601956,2044.392405413621,NO
954.0126041954933,2044.3571188949395,NO
955.0142520938199,2044.3160246838238,NO
956.0163589146024,2044.2607201995297,NO
957.0142872537997,2044.1917499788728,NO
958.0101909678369,2044.1082790323562,NO
959.0018589654071,2044.0215470996816,NO
959.9964356122492,2043.9465341813434,NO
960.9947966082356,2043.8894279275826,NO
961.99395701117,2043.8459037859834,NO
962.9881175410432,2043.7979981984881,NO
963.9790295485833,2043.7326267449369,NO
964.9694186274547,2043.6534111180658,NO
965.9716018379507,2043.574027550176,NO
966.9863538110296,2043.5205011327394,NO
968.0082511972288,2043.4936157151096,NO
969.0119851830005,2043.470187947,NO
970.0218696942164,2043.4289824472276,NO
971.0252387772825,2043.3677650482498,NO
972.0169583998777,2043.308885136679,NO
973.0103274370152,2043.2633496419262,NO
974.0087921895456,2043.224200831742,NO
975.0082038091743,2043.1819105482498,NO
976.0068203584772,2043.1337839496764,NO
977.0050202440807,2043.0753036645847,NO
978.0008614828395,2043.0156912943755,NO
978.9979819164412,2042.9618806434785,NO
979.9919665674681,2042.89757373541,NO
980.9834679190881,2042.816709537716,NO
981.9706565523335,2042.7220677224948,NO
982.957880722284,2042.6062052161076,NO
983.9671083949885,2042.4912765010524,NO
984.9986506450836,2042.4421386416345,NO
985.9956657638954,2042.4377578587985,NO
987.0092208224021,2042.4275108655108,NO
988.0162528744102,2042.3947126903172,NO
989.0139197038669,2042.3549524459604,NO
990.0123828080625,2042.3157616032406,NO
991.0137585743963,2042.2698797183225,NO
992.0126434729863,2042.2149390399643,NO
993.0094861070471,2042.1560617556115,NO
994.0048607422061,2042.1032907694726,NO
995.0025158218066,2042.0583213232637,NO
996.0004919497658,2042.008651530611,NO
996.9978592378069,2041.9563284525648,NO
997.9952362577658,2041.906557367407,NO
998.9899381800692,2041.8490726942757,NO
999.9851030395951,2041.7829300008962,NO
1000.9789119323409,2041.7134834407723,NO
1001.9720074971868,2041.639640815932,NO
1002.9754352002361,2041.5696924629149,NO
1003.9859032942928,2041.522591554142,NO
1005.0073250447053,2041.4956613597788,NO
1006.0155834321421,2041.4675029956297,NO
1007.0215977596981,2041.4236483472641,NO
1008.0176423535066,2041.3749000032778,NO
1009.0241013671863,2041.3072924310504,NO
1010.0259283350538,2041.1973649325366,NO
1011.0097029803915,2041.0668718915879,NO
1011.9888430590565,2040.9279741774549,NO
1012.9606134535296,2040.7801278573495,NO
1013.9467858102239,2040.6207073722019,NO
1015.0283718772566,2040.4728646232966,NO
1016.0332073713215,2040.3849036336494,NO
1017.0317016285449,2040.283646149467,NO
1018.0212650183694,2040.1668486087526,NO
1019.0052949529619,2040.036005679707,NO
1019.9805086323848,2039.8895489168476,NO
1020.9511046417072,2039.7318641461204,NO
1021.9562346008308,2039.5732873437191,NO
1023.0313349854014,2039.4539096468338,NO
1024.0393899355906,2039.352436264976,NO
1025.03187868059,2039.225807331322,NO
1026.0134474125477,2039.0836363517835,NO
1026.9877820930772,2038.9317552283783,NO
1027.953191996105,2038.7669008419518,NO
1028.939259559222,2038.582571008561,NO
1030.0414205256623,2038.3923227142097,NO
1031.03863807472,2038.252633557567,NO
1032.0172946250254,2038.1130802370112,NO
1032.997884453317,2037.9834010949508,NO
1033.985243663467,2037.8679696208058,NO
1034.9618667577254,2037.7458637122986,NO
1035.940618525665,2037.5920750888179,NO
1037.0149741126168,2037.4451395468013,NO
1038.0231199489501,2037.3788688330148,NO
1039.0264041220025,2037.299246710059,NO
1040.0236201854934,2037.1912110246021,NO
1041.009111554766,2037.0619585716615,NO
1041.98698377758,2036.9204912704572,NO
1042.9558444379952,2036.7661390619382,NO
1043.9445248788495,2036.59698956034,NO
1045.0309179419758,2036.443451630967,NO
1046.035178435217,2036.3450192693692,NO
1047.0287395574517,2036.2326535593259,NO
1048.014782647032,2036.1077021447438,NO
1048.9959206260942,2035.9729807693989,NO
1049.9707641192958,2035.828471570624,NO
1050.9489992675394,2035.675273821216,NO
1051.9596877401584,2035.5300064806534,NO
1053.031402730948,2035.4198049126758,NO
1054.0346891508464,2035.3216630294241,NO
1055.0271085859872,2035.2003678076362,NO
1056.0097558399834,2035.0621934783699,NO
1056.9846918877377,2034.912795361476,NO
1057.9554535375712,2034.7542601868083,NO
1058.9519537111137,2034.5958459184376,NO
1060.0258542082915,2034.4724269091423,NO
1061.032237591785,2034.391456493412,NO
1062.0324548282097,2034.2903853043465,NO
1063.0237641726508,2034.161596372079,NO
1064.0026330226892,2034.0157981361353,NO
1064.9725580605905,2033.8577499382757,NO
1065.9460410486367,2033.6895047768246,NO
1066.9579693224034,2033.5281101216365,NO
1068.0309962243816,2033.4143705619542,NO
1069.0312129136353,2033.3248690819464,NO
1070.0250045345592,2033.21986745411,NO
1071.0135154864488,2033.0919053067441,NO
1071.9886137756255,2032.940237069883,NO
1072.95154174959,2032.7693016327557,NO
1073.9401211727418,2032.5782447581853,NO
1075.0276690297221,2032.4217430626838,NO
1076.0291112820732,2032.337426234125,NO
1077.025126941583,2032.2417875488954,NO
1078.0161411632882,2032.1286248949227,NO
1078.999206922204,2031.9949441291737,NO
1079.9719928663915,2031.8450474897963,NO
1080.9488691069337,2031.6860872902296,NO
1081.959529441597,2031.5362167117732,NO
1083.0324375107384,2031.4225193644922,NO
1084.0334732118179,2031.3282949629117,NO
1085.0258006399836,2031.2193054472634,NO
1086.0132971008534,2031.0904202847134,NO
1086.9900568163437,2030.9430222077376,NO
1087.9579620955487,2030.783441106051,NO
1088.9491515829159,2030.6169418973784,NO
1090.0285826186216,2030.4792352314957,NO
1091.0372044783524,2030.3872302620587,NO
1092.0332452047394,2030.2779517092943,NO
1093.0211191933242,2030.151701239914,NO
1094.001110045901,2030.0065071658705,NO
1094.970240271379,2029.8469929106584,NO
1095.9482456361645,2029.6800065529535,NO
1096.963162169749,2029.5332320519458,NO
1098.0301019486485,2029.431178597733,NO
1099.0384960053777,2029.3272160567572,NO
1100.0293035904424,2029.1940887219182,NO
1101.0080500795873,2029.0506856851014,NO
1101.9816956998416,2028.8988762492108,NO
1102.950274157071,2028.7354159704707,NO
1103.9497936717207,2028.566640104905,NO
1105.0297361177977,2028.4348368609665,NO
1106.0335239654771,2028.341944445306,NO
1107.0289899866432,2028.2274598994054,NO
1108.0142661536713,2028.0909467274253,NO
1108.9905663381378,2027.9433980288272,NO
1109.9590575777588,2027.785905258552,NO
1110.9418243472032,2027.6110997447245,NO
1112.0186139142995,2027.4616250870192,NO
1113.023397406404,2027.3969759989754,NO
1114.0285585263482,2027.3166271399466,NO
1115.0270378152136,2027.1998447193153,NO
1116.009502604035,2027.0576943815176,NO
1116.9815656465025,2026.9014247221958,NO
1117.9513531444302,2026.7363654314881,NO
1118.954492493789,2026.5742708922385,NO
1120.023819352753,2026.4626451277472,NO
1121.033031151516,2026.3828610858432,NO
1122.0322051171706,2026.2783832160094,NO
1123.0218568408493,2026.148626515984,NO
1123.9998973222464,2025.9994116218795,NO
1124.9664088342793,2025.8359200742698,NO
1125.9448354136346,2025.6609396205042,NO
1126.9651859034893,2025.5086239016757,NO
1128.0326413455116,2025.4052303703272,NO
1129.0331096286538,2025.307016551171,NO
1130.0241067154666,2025.192100388829,NO
1131.0090240549923,2025.0613635732086,NO
1131.9844175057005,2024.9132318989557,NO
1132.9532107682678,2024.7524069935046,NO
1133.951660170989,2024.5870631669075,NO
1135.0282140045742,2024.459615260155,NO
1136.0378306759467,2024.3640310294022,NO
1137.032559006609,2024.2441925440608,NO
1138.0164157503862,2024.1087277007248,NO
1138.9935465359677,2023.9617294581153,NO
1139.9631303995036,2023.8048983730387,NO
1140.9461840340555,2023.6390742436824,NO
1142.0300674670489,2023.4820493766808,NO
1143.03270172883,2023.3920360293262,NO
1144.0329489602225,2023.2897236092322,NO
1145.0221789019615,2023.1713824350165,NO
1146.0059577726456,2023.0416227935646,NO
1146.9810729876715,2022.895284247509,NO
1147.9507918557206,2022.734590105844,NO
1148.9538184386586,2022.5706825111445,NO
1150.0315753879472,2022.4438096152428,NO
1151.0376519552337,2022.342901742415,NO
1152.0296172475773,2022.2221293518214,NO
1153.013160921357,2022.087169741553,NO
1153.990705804309,2021.942891087986,NO
1154.962199109723,2021.7908624667489,NO
1155.9488952956708,2021.6328434963048,NO
1157.0280415997445,2021.490482000338,NO
1158.0363093188264,2021.3978408069004,NO
1159.034207732039,2021.2907657321468,NO
1160.022338130946,2021.1700365140307,NO
1161.005504042854,2021.0369350258202,NO
1161.9801869158675,2020.8891773645955,NO
1162.9503825683482,2020.7295049778427,NO
1163.950939248241,2020.562833647547,NO
1165.035376779644,2020.4216079711664,NO
1166.0354635979088,2020.3173058752757,NO
1167.0257763324357,2020.1991807631553,NO
1168.0099845132409,2020.0707236387382,NO
1168.9896553197489,2019.9332178858137,NO
1169.961983583092,2019.785973872744,NO
1170.9491477787653,2019.630958163042,NO
1172.0293023369961,2019.4883722856996,NO
1173.0418108888184,2019.3807777455067,NO
1174.039894306735,2019.2338631861892,NO
1175.0136804671774,2019.0750219218385,NO
1175.9877529449134,2018.9219250257358,NO
1176.9666086171856,2018.778123038153,NO
1177.9535802281791,2018.638796163237,NO
1178.9660782251954,2018.521218385011,NO
1180.029987908257,2018.4287004063365,NO
1181.0337040916165,2018.3370408959763,NO
1182.0274765260922,2018.2260165849948,NO
1183.0141290464635,2018.0948133417194,NO
1183.9901639431146,2017.9453373215692,NO
1184.9576791539548,2017.7828102850353,NO
1185.947592862201,2017.6131120111036,NO
1187.0276988239787,2017.4708800076357,NO
1188.0325792949532,2017.386405583646,NO
1189.0310517633375,2017.2879345276647,NO
1190.022429193266,2017.1682189457001,NO
1191.0045808322225,2017.0281472817067,NO
1191.9761387719625,2016.8729483262587,NO
1192.947957659895,2016.707984662414,NO
1193.9528150936944,2016.5420288400705,NO
1195.0329365372484,2016.4127232773396,NO
1196.0283285890457,2016.328354110124,NO
1197.022138164047,2016.2402226216645,NO
1198.0154579488185,2016.140777751146,NO
1199.0038922760257,2016.0354475145543,NO
1199.9908634231128,2015.9248442870967,NO
1200.9718598876414,2015.8030192164545,NO
1201.95502058509,2015.6700415002877,NO
1202.960549798489,2015.5440290703004,NO
1204.0223136268369,2015.451627815399,NO
1205.023794967005,2015.3914655724473,NO
1206.0250844177647,2015.3198263259033,NO
1207.0226149609784,2015.230672600253,NO
1208.014437155892,2015.126947402402,NO
1209.0016767866225,2015.0135739868854,NO
1209.9863119679046,2014.894228836253,NO
1210.9664869242024,2014.7677038962024,NO
1211.9522311969133,2014.6315506983085,NO
1212.9604930414148,2014.5018018620467,NO
1214.0274508495718,2014.403805980087,NO
1215.0218140966153,2014.3371269344198,NO
1216.0181155345333,2014.271733030174,NO
1217.0167641916862,2014.19431222763,NO
1218.010254377367,2014.1025437675257,NO
1218.9996985323126,2013.9974375245702,NO
1219.9845910591325,2013.8809309039962,NO
1220.9631533925856,2013.753709529018,NO
1221.95397263592,2013.6189537862676,NO
1222.9756184618927,2013.512369230578,NO
1224.0248516721254,2013.4434061576897,NO
1225.0297988528603,2013.3706686733437,NO
1226.0248289055617,2013.2877895957995,NO
1227.0204785534945,2013.1898920381307,NO
1228.009777914243,2013.0702357183663,NO
1228.9928718482142,2012.944918823649,NO
1229.974845327159,2012.819605064982,NO
1230.9581320484817,2012.6878934429344,NO
1231.964796630228,2012.573266493372,NO
1232.981858010829,2012.5072243533589,NO
1234.0202265983971,2012.4580200844628,NO
1235.028656178265,2012.3949905454979,NO
1236.02814884082,2012.3120849743082,NO
1237.0221118174595,2012.216865902569,NO
1238.0128872592404,2012.1095417072424,NO
1238.9986712806253,2011.9900346049153,NO
1239.978847094543,2011.8593953966285,NO
1240.9560553139447,2011.7190877560577,NO
1241.9573470978005,2011.5801616153965,NO
1243.019116347995,2011.4807761276065,NO
1244.0255711379923,2011.4206864489545,NO
1245.0250052731406,2011.3542413725788,NO
1246.0223698838067,2011.2782595421495,NO
1247.0189974895295,2011.1863215324074,NO
1248.0093537582127,2011.0757208994928,NO
1248.9908569329436,2010.9431345792366,NO
1249.9627621679067,2010.792295636408,NO
1250.9447735970807,2010.6235270615869,NO
1252.027683449327,2010.4565423199165,NO
1253.0297488437805,2010.363079280749,NO
1254.0272254815109,2010.2722547988005,NO
1255.0059144451395,2010.2154547846985,NO
1256.003397724924,2010.1925377366133,NO
1257.011909073012,2010.1349694914431,NO
1258.0042684102787,2010.0395798037,NO
1258.9905132526424,2009.926693311267,NO
1259.968420589771,2009.7976137140317,NO
1260.9554447827895,2009.6593033414993,NO
1261.9666992501805,2009.5406321279936,NO
1263.0275454914306,2009.450502064429,NO
1264.0288577936155,2009.377371125588,NO
1265.0236037011327,2009.3009471888804,NO
1266.0195577741151,2009.2168361912754,NO
1267.0124782793648,2009.1223831248572,NO
1268.0019785781556,2009.0171029637054,NO
1268.986905849203,2008.900328108869,NO
1269.9649459163682,2008.7712496317015,NO
1270.9528593368102,2008.6330280774214,NO
1271.9696363991168,2008.5132029294075,NO
1273.0262473504574,2008.430117863105,NO
1274.0261533040275,2008.3604914698979,NO
1275.0241916708676,2008.2804034661704,NO
1276.0185674796246,2008.189388290753,NO
1277.0094116864655,2008.0923069251885,NO
1277.9986497127923,2007.988126785165,NO
1278.983616756037,2007.8734021977864,NO
1279.9630961879043,2007.74761755801,NO
1280.9554676690927,2007.6165690847897,NO
1281.9757474083501,2007.5130079601074,NO
1283.0268300919015,2007.440532793981,NO
1284.0312738725622,2007.3624926246316,NO
1285.0265502575578,2007.2708126250614,NO
1286.0181353868948,2007.171278657571,NO
1287.0074337788287,2007.0653659847817,NO
1287.9946727630202,2006.9547184841433,NO
1288.9764577013584,2006.8345499548323,NO
1289.955453932493,2006.6996150395248,NO
1290.9594795420182,2006.5673461002386,NO
1292.0237092353198,2006.467211385489,NO
1293.028659504389,2006.3950363920685,NO
1294.027656337903,2006.313438489982,NO
1295.022044851393,2006.220448500726,NO
1296.0124933529928,2006.1225309623621,NO
1297.0019732693177,2006.0170570737503,NO
1297.986650684239,2005.8998801340501,NO
1298.9635647682233,2005.7669079535065,NO
1299.944709771387,2005.611342201029,NO
1300.9636143511755,2005.4743673496662,NO
1302.0108014732618,2005.4204265900828,NO
1303.01714048262,2005.3800715648576,NO
1304.0225374885113,2005.3192810900243,NO
1305.0210631616728,2005.2387158275294,NO
1306.015387268031,2005.1401340511018,NO
1307.0032796225757,2005.0253425396772,NO
1307.9869377481996,2004.9020331137067,NO
1308.964319962441,2004.7699094930656,NO
1309.9492101262736,2004.622923666133,NO
1310.9641742394017,2004.4931708197837,NO
1312.0242912797078,2004.4105226226168,NO
1313.0264454489025,2004.3371794728762,NO
1314.0235555013994,2004.2502772002615,NO
1315.0166895783457,2004.149327805897,NO
1316.0048349109366,2004.0474193189248,NO
1316.994571063445,2003.947759290226,NO
1317.9814706523557,2003.8425005397069,NO
1318.9639290419548,2003.7258064831349,NO
1319.954414851779,2003.5994154794969,NO
1321.0237418388572,2003.4791975138646,NO
1322.02273188441,2003.4124213349555,NO
1323.0249945790272,2003.3445198558268,NO
1324.026660490816,2003.2517935296155,NO
1325.0174266093763,2003.1410725514884,NO
1326.0036177481923,2003.0376541116186,NO
1326.9951485120507,2002.9462117640394,NO
1327.980890632612,2002.8453051218094,NO
1328.9631136907378,2002.7261797393535,NO
1329.957532359219,2002.6028489122727,NO
1330.9762704684586,2002.506623505598,NO
1332.0202148221797,2002.4473628012804,NO
1333.023795174879,2002.3914689923133,NO
1334.0250844177647,2002.3198263259033,NO
1335.0225968742461,2002.230488115585,NO
1336.0147491236398,2002.1233123440925,NO
1337.0003931331194,2002.002948498329,NO
1337.9809557208669,2001.8722028588481,NO
1338.9584254185415,2001.7335566094787,NO
1339.9579274643638,2001.5967387154908,NO
1340.9781146080252,2001.5016099549543,NO
1342.0248407097247,2001.4368538731535,NO
1343.0255799038096,2001.372735749179,NO
1344.0248485218535,2001.2947150207929,NO
1345.0213555398902,2001.1980240936568,NO
1346.0105354435448,2001.088083215741,NO
1346.9959240254086,2000.968973925685,NO
1347.9772812510007,2000.8415911925354,NO
1348.956700793096,2000.7072973636205,NO
1349.9572679524485,2000.5739487739572,NO
1351.0296133307816,2000.4596900217034,NO
1352.0318482041184,2000.3777345064739,NO
1353.0244538646332,2000.2969398013229,NO
1354.0171268144456,2000.2183668837743,NO
1355.0126161927801,2000.1313113864985,NO
1356.003383425049,2000.0302727503654,NO
1356.9893933605808,1999.9167786737876,NO
1357.9708237942668,1999.7933351998006,NO
1358.9638465172757,1999.6631306356942,NO
1359.968840010288,1999.5495965361956,NO
1360.983443820136,1999.482343431598,NO
1361.9961332117032,1999.4707814840035,NO
1362.9915705626483,1999.483452993004,NO
1363.9975100541894,1999.4905193191855,NO
1365.0,1999.4820783695097,NO
1365.9971803665244,1999.479337706025,NO
1366.9990523079173,1999.4833229874496,NO
1368.001891462815,1999.482323031926,NO
1369.0028081625146,1999.4773876426184,NO
1370.0036898615458,1999.4704573744832,NO
1371.007188520344,1999.45826814227,NO
1372.0160260042373,1999.4301717014628,NO
1373.0160905257228,1999.3907699362176,NO
1374.0150448950403,1999.3487680187905,NO
1375.012102420661,1999.3086117245518,NO
1376.0027973800024,1999.2853327575895,NO
1376.994897969459,1999.289115050346,NO
1377.9901900994578,1999.3126905918755,NO
1379.0044212351736,1999.3221185616997,NO
1380.0126183339873,1999.2925159220727,NO
1381.0046520955152,1999.2636187334165,NO
1381.9994982573642,1999.2558887575794,NO
1383.004370951362,1999.2476872321567,NO
1384.0053460890279,1999.2272087764886,NO
1384.9995751328381,1999.2166822638615,NO
1385.9991388925969,1999.2195823942488,NO
1387.0053076904385,1999.2082247780843,NO
1388.0049978253646,1999.1820636361492,NO
1389.0009744947529,1999.1656641132317,NO
1390.0027107192145,1999.153607414902,NO
1391.0046897701975,1999.1258833078712,NO
1392.0022622518854,1999.096145702089,NO
1392.9996616249678,1999.0862856357603,NO
1394.0012578792853,1999.0801897992508,NO
1395.0017797309752,1999.056728927024,NO
1396.0004160684045,1999.0353658153367,NO
1397.0,1999.0294117647059,NO
1398.000383532586,1999.0102948222595,NO
1398.998442388541,1998.9682247271826,NO
1399.9995242886444,1998.9393467986156,NO
1401.0005868046148,1998.9401459298367,NO
1401.9979486433988,1998.9302538732175,NO
1402.996652977758,1998.8995893260012,NO
1404.0,1998.8823529411766,NO
1404.9963929345947,1998.868599761777,NO
1405.99022605813,1998.8281134311687,NO
1406.9936586599988,1998.7843944327237,NO
1408.0004517486782,1998.769608162161,NO
1408.9967573438503,1998.7637493383595,NO
1409.9880825520656,1998.7357435501754,NO
1410.9911244302455,1998.698230618227,NO
1411.9993752828746,1998.6813942494623,NO
1412.990865010954,1998.6672254029356,NO
1413.9841916839805,1998.6335344950103,NO
1414.9921717817067,1998.6007608774535,NO
1416.056910389692,1998.5281284150735,NO
1417.054691030114,1998.386126901452,NO
1418.0190957961904,1998.287630419918,NO
1419.0090429298084,1998.233688337485,NO
1420.0,1998.2142857142858,NO
1420.9961756207122,1998.2233887414181,NO
1421.9974020504308,1998.2383028320678,NO
1422.9942455295975,1998.2549480444695,NO
1423.9934636344296,1998.2777955279385,NO
1425.0038852804355,1998.2830704309088,NO
1426.0047214078213,1998.2675464305823,NO
1426.9968852333159,1998.264755175305,NO
1427.9862361049366,1998.2924827632794,NO
1428.9847711545556,1998.3376830890536,NO
1429.9912101860878,1998.3735670794422,NO
1430.9906531358697,1998.3972417129598,NO
1432.0,1998.4098039215687,NO
1433.004750378067,1998.4037821466068,NO
1434.0,1998.3980392156864,NO
1434.9976415125432,1998.4009428803577,NO
1436.0039099842309,1998.3988183878396,NO
1437.0089829740023,1998.3817763830016,NO
1438.002162640962,1998.3676489752056,NO
1438.9963771311932,1998.3695326148613,NO
1440.006444371943,1998.3651810595363,NO
1441.0094027428718,1998.3425284863172,NO
1442.0,1998.3294117647058,NO
1443.001283850876,1998.327381982989,NO
1444.0108152478385,1998.306432041508,NO
1445.0090940976568,1998.2728229480078,NO
1446.001493360098,1998.253871224723,NO
1447.00560984988,1998.2384186123481,NO
1448.0111897000083,1998.1967843850787,NO
1449.0064056176016,1998.1484938614738,NO
1450.0020898336904,1998.118423903534,NO
1451.0040075261545,1998.0851599287982,NO
1452.0019650056122,1998.0323275105477,NO
1452.9997795404397,1997.9906304689885,NO
1454.0001836163947,1997.9843926060396,NO
1455.0000173176143,1997.9911680162627,NO
1455.9999366508293,1997.9892306406398,NO
1457.0000915629175,1997.992217151794,NO
1457.99993487738,1998.0047446480203,NO
1458.9998216379654,1997.994649138606,NO
1459.9981601438026,1997.9573487884684,NO
1460.9993184477469,1997.930481670836,NO
1461.9981583383822,1997.9146138687063,NO
1462.9926707042346,1997.8754019724527,NO
1463.9901099714782,1997.8198601970842,NO
1464.994346255216,1997.778199243786,NO
1465.992149521611,1997.7497659916746,NO
1466.9870420508364,1997.7126715667741,NO
1467.9910965118263,1997.6756586489003,NO
1469.0045554954058,1997.6680996214084,NO
1470.01407554943,1997.700894581589,NO
1471.016466056606,1997.760066027191,NO
1472.012095806164,1997.8286427445153,NO
1473.0075236018463,1997.9016144430514,NO
1474.0010967894755,1997.989032105903,NO
1474.985602308599,1998.1019836521564,NO
1475.9688559892681,1998.2301948598233,NO
1476.9708845398593,1998.3453228924977,NO
1477.9845842566735,1998.4137910135203,NO
1479.0055512352626,1998.4317153163602,NO
1479.9995480212685,1998.4406792694128,NO
1481.0550810135219,1998.5521673894373,NO
1482.0385200049357,1998.6967313983903,NO
1483.0172979685406,1998.7995008131918,NO
1484.0105378636927,1998.888035199207,NO
1485.0018726060139,1998.9808994188004,NO
1485.9937126718519,1999.0712563842571,NO
1486.9872504771104,1999.154815643686,NO
1487.984205571048,1999.2301473982095,NO
1488.9808124904366,1999.296534227034,NO
1489.9751791876806,1999.3616747015135,NO
1490.9751302070915,1999.4313622614422,NO
1492.0383711261582,1999.5274037506404,NO
1493.0376280845862,1999.633310642404,NO
1494.0292857289758,1999.7464406600236,NO
1495.0173328769135,1999.8640035786252,NO
1496.0021603228208,1999.9827849275264,NO
1496.989819813016,2000.0943980958157,NO
1497.9817990300646,2000.1933853039354,NO
1498.9774591156822,2000.280386621769,NO
1499.9756042236118,2000.3554813206722,NO
1500.977868928751,2000.4180313503193,NO
1501.9844860469216,2000.4645059726547,NO
1503.0189795317253,2000.5099387387834,NO
1504.0332986778471,2000.5787717346786,NO
1505.0313681520256,2000.666176829203,NO
1506.0239073539735,2000.7618640048167,NO
1507.013587746703,2000.855630192496,NO
1508.004940660287,2000.9505934000892,NO
1508.9922508321974,2001.059879936782,NO
1509.978760010934,2001.1775802348805,NO
1510.9720186392206,2001.285409877814,NO
1511.973672908401,2001.3729671342358,NO
1512.979514884852,2001.435308686746,NO
1513.9849279774287,2001.4785367050458,NO
1515.0231844998755,2001.5298183425257,NO
1516.0404831053538,2001.6215386529507,NO
1517.0338721299556,2001.7382607975326,NO
1518.01611478316,2001.8449332200523,NO
1519.0052567219864,2001.9312582548973,NO
1519.9998077123666,2002.0028019055735,NO
1520.9949948653464,2002.0709060748777,NO
1521.9950624717549,2002.1259069693115,NO
1523.0038612689846,2002.1312831498778,NO
1524.0053102446673,2002.084632023753,NO
1525.0014563732364,2002.021845599523,NO
1525.9994523490807,2001.9757843041248,NO
1527.0006674898948,2001.969477507884,NO
1527.999373242832,2002.0085656811027,NO
1528.9776354208932,2002.1216477949097,NO
1531.0436437194699,2002.685305817726,NO
1532.0121895226675,2002.7856325262758,NO
1533.0087377324928,2002.8408484459173,NO
1534.0056112310456,2002.8940100791065,NO
1535.0025142710035,2002.9417146271712,NO
1536.0002642785253,2002.99591569568,NO
1536.9931365190641,2003.07292448433,NO
1537.9842532551065,2003.1632519626787,NO
1538.9874865101494,2003.2401627536142,NO
1540.0049260479852,2003.262175225598,NO
1540.9368572859128,2003.3432667557113,NO
1542.0651441065302,2003.6535518018645,NO
1543.0198234397621,2003.8017656142526,NO
1544.0094362519053,2003.8906252587353,NO
1545.0023140249136,2003.9689433508693,NO
1545.9972969340743,2004.039387532901,NO
1546.9932092289032,2004.1049482764552,NO
1547.9938206762658,2004.1575727540467,NO
1548.9951392863309,2004.1906895356506,NO
1549.9885474212313,2004.2274796626464,NO
1550.9797746745994,2004.2887238514218,NO
1551.9360368586672,2004.4027949222977,NO
1553.0476628637443,2004.634834911998,NO
1554.0285487250521,2004.772502347294,NO
1555.0141430894082,2004.8954641227222,NO
1555.9985642421414,2005.0126247670946,NO
1556.986169564605,2005.1216124464277,NO
1557.9779390554893,2005.225021632324,NO
1558.9740288875425,2005.3153635259248,NO
1559.97713250539,2005.3887474069168,NO
1560.9836215565126,2005.439631913103,NO
1561.9861748343621,2005.4800669495844,NO
1563.0342185889606,2005.5515563605031,NO
1564.0402346153226,2005.658346728172,NO
1565.0271308328106,2005.7745027514388,NO
1566.0129487869742,2005.8841424326095,NO
1567.001527279448,2005.9847272064349,NO
1567.9959190090149,2006.065040793339,NO
1568.9934767924929,2006.123216143129,NO
1569.9891124081596,2006.1791184401095,NO
1570.988030108904,2006.2347940087593,NO
1571.9924385396741,2006.2754531943547,NO
1572.9962183300795,2006.2964247265138,NO
1573.995042710206,2006.3123092657522,NO
1574.9854860071525,2006.3465658278544,NO
1575.93977393938,2006.4414996934067,NO
1577.0441628455887,2006.638600713961,NO
1578.020756024406,2006.7418152951548,NO
1579.0127692903454,2006.8139331938546,NO
1580.008644590663,2006.886955359368,NO
1581.0012113203368,2006.9909150976785,NO
1581.9814215871786,2007.1214742338757,NO
1582.96745346898,2007.2553650942623,NO
1583.9652401151632,2007.369323773282,NO
1584.9778078676668,2007.450944114747,NO
1586.0232624242142,2007.5143968823054,NO
1587.0375648823174,2007.599439708107,NO
1588.0336366949387,2007.7048090068229,NO
1589.019233891409,2007.8038143090967,NO
1590.008472625079,2007.8862884566424,NO
1591.0029715188891,2007.961141678298,NO
1591.99494032021,2008.0486874843325,NO
1592.9860942106768,2008.1447337170757,NO
1593.9833558904586,2008.2294187957039,NO
1594.9806925201908,2008.2983883125783,NO
1595.9735204274918,2008.3649886838632,NO
1596.9703098750585,2008.436746045674,NO
1598.0294529360835,2008.5240025397604,NO
1599.0428006187533,2008.6314794198777,NO
1600.0342646425383,2008.7592022783874,NO
1601.0145016162483,2008.878756979981,NO
1602.0015833152743,2008.9844713309246,NO
1602.9917630941002,2009.0823690540642,NO
1603.9816965847135,2009.179514265775,NO
1604.9770771744281,2009.2718753676722,NO
1605.9796394369873,2009.3461295699233,NO
1606.9803289674169,2009.4012890527226,NO
1607.9815868677344,2009.4471760988397,NO
1608.9865272247935,2009.4869445753484,NO
1610.0271388353829,2009.5431629266386,NO
1611.0416178885948,2009.6430736946686,NO
1612.0302852116833,2009.7612398342687,NO
1613.0140696653089,2009.8718655453708,NO
1614.0025732142922,2009.976139286078,NO
1614.9928391712592,2010.0745310702546,NO
1615.9862428109034,2010.1631666581447,NO
1616.9814342786733,2010.2427824957026,NO
1617.977705842935,2010.3158338945068,NO
1618.9751941807835,2010.3833626455246,NO
1619.9774323512597,2010.4426730931407,NO
1620.9844263584766,2010.4915430848569,NO
1622.0331729070401,2010.562720769943,NO
1623.0395255411852,2010.6677894494703,NO
1624.0263235942846,2010.7819207925447,NO
1625.011987454748,2010.8908285348095,NO
1626.0003351042808,2010.9970016985467,NO
1626.9898317761192,2011.0997268113967,NO
1627.9833997191297,2011.1924123522072,NO
1628.9802696537824,2011.2719588126254,NO
1629.980078591223,2011.3386639479468,NO
1630.9799012033013,2011.3942456126192,NO
1631.9818290935877,2011.4412934705888,NO
1632.9848009021966,2011.4816213960505,NO
1634.023474060351,2011.5337407026452,NO
1635.0359595323707,2011.6150437422395,NO
1636.0308850035763,2011.7164700988012,NO
1637.0200551567566,2011.8236529359342,NO
1638.0076667075411,2011.9289087131508,NO
1638.9975322957443,2012.0262193574947,NO
1639.9898394625636,2012.1151527553163,NO
1640.9849728478302,2012.1965089016944,NO
1641.983278215824,2012.2665034333156,NO
1642.9841430680426,2012.3234814022808,NO
1643.9809794386351,2012.373095612641,NO
1644.9801363527968,2012.4221024932317,NO
1645.9839161873945,2012.4664305429587,NO
1647.0220729213186,2012.518234477578,NO
1648.0373484555366,2012.6017475011597,NO
1649.0353803102948,2012.7141495671342,NO
1650.0202807762919,2012.8276133956992,NO
1651.007043647081,2012.933476665073,NO
1651.9971741162406,2013.0300250146904,NO
1652.9898073007566,2013.118142653856,NO
1653.9848194079018,2013.1985154237207,NO
1654.9819983107595,2013.2700253507064,NO
1655.979013796689,2013.3344676127724,NO
1656.9767613761285,2013.3950566043409,NO
1657.980686220903,2013.4477285120936,NO
1658.9885397299722,2013.4851514375048,NO
1660.020531464737,2013.5268430357103,NO
1661.037473238784,2013.6071104849361,NO
1662.0329862001345,2013.71270992859,NO
1663.0198478557452,2013.8192427384977,NO
1664.0081823178025,2013.9212644897834,NO
1664.9984227823652,2014.0167579372287,NO
1665.9909588600467,2014.1047950344112,NO
1666.9854202371348,2014.1858919761826,NO
1667.9816543928641,2014.2598961033548,NO
1668.979505145375,2014.3266367431486,NO
1669.977216826925,2014.3873139408274,NO
1670.9792285915955,2014.4413924183089,NO
1671.9866938698383,2014.48282243935,NO
1673.0205297526675,2014.526882491129,NO
1674.0381008875402,2014.6085999686572,NO
1675.033187422492,2014.7158152710824,NO
1676.0191886225527,2014.8220691394815,NO
1677.0081131958766,2014.9274082475927,NO
1677.9972742260352,2015.027802894234,NO
1678.9907127950173,2015.1155237742262,NO
1679.985683345076,2015.192144572897,NO
1680.9813754275472,2015.2638481120482,NO
1681.9792634160444,2015.3304893043248,NO
1682.978600194438,2015.3897821677494,NO
1683.9792246471861,2015.4414762370066,NO
1684.9866938697128,2015.4828224439075,NO
1686.0196536856934,2015.5255038717012,NO
1687.036366729494,2015.6023122315373,NO
1688.033186959614,2015.705934680495,NO
1689.02112689624,2015.8142290199987,NO
1690.0086940772892,2015.9193821938368,NO
1690.998666030278,2016.014789664309,NO
1691.9915531193806,2016.1001839309426,NO
1692.9862865490634,2016.1793297327101,NO
1693.9838270302298,2016.24994588661,NO
1694.9810051085444,2016.312496590381,NO
1695.9788954048124,2016.3711497880379,NO
1696.9800504985396,2016.4239268961517,NO
1697.983913403207,2016.467430566735,NO
1699.0192741915926,2016.514290395044,NO
1700.037263289063,2016.5933092769922,NO
1701.035557441523,2016.7011411641788,NO
1702.0211379294224,2016.8093845187384,NO
1703.0090922162142,2016.9108263407445,NO
1703.9993843969046,2017.0064072971454,NO
1704.9912686574075,2017.0968040156977,NO
1705.9871194145355,2017.1775431961626,NO
1706.9856596763289,2017.2437855015,NO
1707.983493884692,2017.300647096408,NO
1708.9812429899987,2017.3542990816225,NO
1709.9801324705818,2017.4052975880377,NO
1710.9822704656399,2017.451216626757,NO
1712.01999644878,2017.5010885987554,NO
1713.0368362649265,2017.5788945147867,NO
1714.0360918490821,2017.683333244395,NO
1715.0227944820126,2017.7894618660482,NO
1716.0109009693492,2017.8865409379534,NO
1717.0022330513566,2017.9728843748774,NO
1717.99594639182,2018.051683504196,NO
1718.9905536907966,2018.1267794088046,NO
1719.986444361245,2018.197525026072,NO
1720.9835091291068,2018.2628232528969,NO
1721.9836667804416,2018.3203823715091,NO
1722.9795428319485,2018.3726126990287,NO
1723.975203322891,2018.4282680377923,NO
1724.9800604759223,2018.487788816686,NO
1726.0356319649807,2018.5724164074438,NO
1727.0357740158834,2018.6735218251172,NO
1728.023655985257,2018.7770204325088,NO
1729.012138248358,2018.8736631367829,NO
1730.0031614099275,2018.967753618981,NO
1730.9941080831188,2019.061324029229,NO
1731.9888045167224,2019.1464024652155,NO
1732.9859569517153,2019.2170289194949,NO
1733.9859534353382,2019.2755287579291,NO
1734.9919523996589,2019.3157135508484,NO
1735.9870885890327,2019.3465694593528,NO
1736.978933576641,2019.3903033642605,NO
1737.9850907552916,2019.4411382445503,NO
1739.0319986030813,2019.5045377625602,NO
1740.0415847979173,2019.6063574983064,NO
1741.0300039392064,2019.7181872895371,NO
1742.0175884719956,2019.8169363226766,NO
1743.0088152276394,2019.9118477288862,NO
1743.9995076647906,2020.0052310615558,NO
1744.9932140345225,2020.0887395434509,NO
1745.9907871818652,2020.1566179077051,NO
1746.9868876207988,2020.2157197792742,NO
1747.9889787717361,2020.2676584183698,NO
1748.9916806425567,2020.3030623033112,NO
1749.9764846318537,2020.3472776636956,NO
1750.9627310259666,2020.4252051079209,NO
1752.0446583201513,2020.5609335464853,NO
1753.0389285066478,2020.683900527348,NO
1754.024259775374,2020.800443783745,NO
1755.0100621278743,2020.9115226706824,NO
1755.9982214708366,2021.0167972202255,NO
1756.987452125704,2021.1185077041498,NO
1757.9816026695946,2021.2132417906232,NO
1758.9812172231464,2021.2902792672185,NO
1759.9785346416154,2021.3531397545569,NO
1760.9765809027035,2021.4118531021513,NO
1761.9818870125794,2021.4618811757798,NO
1762.993265113189,2021.490684609075,NO
1764.0156296963112,2021.5173739408226,NO
1765.037682413336,2021.591105743774,NO
1766.0368513992214,2021.7016791504402,NO
1767.0222462659494,2021.8170065225163,NO
1768.0081050997405,2021.9261856972314,NO
1768.9972793421714,2022.0272065766565,NO
1769.987934034421,2022.123072847984,NO
1770.981094465342,2022.2142627218502,NO
1771.9785952990421,2022.295037755187,NO
1772.9764468539154,2022.364003152433,NO
1773.9758150384853,2022.4253217491334,NO
1774.9851765800786,2022.472496528267,NO
1775.9961261065798,2022.4939214398162,NO
1777.0147192421093,2022.5161642685753,NO
1778.0378577766783,2022.5892028650276,NO
1779.0371229560742,2022.69948083307,NO
1780.021575617588,2022.8102833668554,NO
1781.0090113915,2022.9148924118397,NO
1781.9984742420088,2023.0149641649527,NO
1782.989040385656,2023.111788065473,NO
1783.9797490040983,2023.2065601566508,NO
1784.9749651779678,2023.2969246275202,NO
1785.9742886224578,2023.3746515093212,NO
1786.9777341194715,2023.4367537938228,NO
1787.9887719061499,2023.4771939735172,NO
1788.9961258707892,2023.4939515031274,NO
1790.0128840619686,2023.5137459703078,NO
1791.0375240904862,2023.583972040261,NO
1792.0377905524658,2023.694076481351,NO
1793.022669466024,2023.807309532292,NO
1794.0094146022516,2023.9172164303407,NO
1794.9976355486792,2024.0223309296057,NO
1795.9878148163023,2024.1218518296794,NO
1796.9806073263096,2024.2150057300457,NO
1797.975909043315,2024.2996680105737,NO
1798.9742816823768,2024.374752636221,NO
1799.9795129982829,2024.435348776342,NO
1800.9879139435288,2024.4741452908354,NO
1801.9951676746243,2024.4928971837223,NO
1803.0128860088848,2024.5136724922486,NO
1804.0354402983364,2024.579661586202,NO
1805.0379918032959,2024.6874867801723,NO
1806.0244936661945,2024.8048160975586,NO
1807.0095116069924,2024.9191513378346,NO
1807.997249974756,2025.0259724611783,NO
1808.9877662421493,2025.1247843291435,NO
1809.9814093471446,2025.2154825736336,NO
1810.977328956874,2025.2964674699906,NO
1811.976968562689,2025.367063529401,NO
1812.9791899387453,2025.4245252369267,NO
1813.9844155310768,2025.4675340990614,NO
1814.994214162297,2025.4917962180302,NO
1816.0119603673795,2025.5124954360704,NO
1817.0355781553444,2025.578026538002,NO
1818.0399803804896,2025.691060676804,NO
1819.0236523518226,2025.808528581305,NO
1820.0087239668549,2025.9144380171633,NO
1820.9988925491596,2026.0112959984867,NO
1821.9896090858808,2026.1059873232225,NO
1822.983512728553,2026.195546703983,NO
1823.9813019752828,2026.272456937407,NO
1824.981589866549,2026.3353274264246,NO
1825.9825801936254,2026.3862652653993,NO
1826.980552877231,2026.4312188020922,NO
1827.9852324171343,2026.470716722046,NO
1829.0131792501268,2026.5055340499264,NO
1830.0311344501515,2026.565397204413,NO
1831.0400253226683,2026.670759443445,NO
1832.0266379321627,2026.7877289781293,NO
1833.0111111125882,2026.8969696850977,NO
1834.000151675807,2026.9985404780964,NO
1834.992397182205,2027.0901729534546,NO
1835.9889613847527,2027.1655792361273,NO
1836.987058657786,2027.2275891281936,NO
1837.985046013241,2027.2824641973837,NO
1838.9801640178773,2027.337211694827,NO
1839.9767553989952,2027.3951582156044,NO
1840.979775485514,2027.4484566181432,NO
1841.9858921226269,2027.491829772037,NO
1843.0305761951224,2027.5562083633915,NO
1844.0403678501596,2027.6600426530294,NO
1845.0282919242777,2027.7780172054097,NO
1846.0123364965325,2027.889620820759,NO
1847.000805067773,2027.9921041429757,NO
1847.9915390719405,2028.0880627154272,NO
1848.983863929271,2028.178899914606,NO
1849.9788359983104,2028.2632595444434,NO
1850.9760835515674,2028.3388163557483,NO
1851.9770357357045,2028.4038543146635,NO
1852.9831113839477,2028.453326019072,NO
1853.9884915005046,2028.4871931516568,NO
1855.0424712362412,2028.5723440958502,NO
1856.051794445216,2028.74600800718,NO
1857.0160957849873,2028.9232817763768,NO
1857.9856277960714,2029.088311130614,NO
1858.9681571251422,2029.2319980927361,NO
1859.9594275494708,2029.356757746628,NO
1860.9714427156302,2029.462443787402,NO
1862.055738544307,2029.6122020505027,NO
1863.0454350219227,2029.8128693203782,NO
1864.000405477477,2029.9980982535374,NO
1864.9735835049526,2030.1623182189787,NO
1865.9585151778008,2030.3066269438832,NO
1866.96419111949,2030.4276001766184,NO
1868.052024399913,2030.5779310641226,NO
1869.049921546334,2030.763395088092,NO
1870.0122180494616,2030.9412150429503,NO
1870.9811146054474,2031.1094494469062,NO
1871.9661731860747,2031.2574876803492,NO
1872.9639321674483,2031.37539986769,NO
1873.9678187714717,2031.473253370273,NO
1875.057918767304,2031.6476026744492,NO
1876.036752406368,2031.84011133331,NO
1876.9951702173057,2032.023020458405,NO
1877.9657036958035,2032.1965293776516,NO
1878.9548226347906,2032.3490978440072,NO
1879.9687160069584,2032.4655794348525,NO
1881.0504538863868,2032.6049072406481,NO
1882.046740122531,2032.7962610038726,NO
1883.0041482079766,2032.9809406654874,NO
1883.9724243595372,2033.1562619626222,NO
1884.9581012423794,2033.3096864665356,NO
1885.9664394979527,2033.4278964003024,NO
1887.037937558635,2033.538807247981,NO
1888.0559431040363,2033.7088675355883,NO
1889.023743828324,2033.894701281826,NO
1889.985533545643,2034.0737789189018,NO
1890.9624961725642,2034.239086894043,NO
1891.9601101494593,2034.3767374851686,NO
1892.9733187192855,2034.4732416651484,NO
1894.052967573314,2034.6124602675811,NO
1895.0448210755173,2034.8029418268945,NO
1896.003015006004,2034.9858930915636,NO
1896.9722096456965,2035.1592480928769,NO
1897.9611623576648,2035.3094874622857,NO
1898.9660116376845,2035.4219530914565,NO
1900.0387499699941,2035.5368456166902,NO
1901.0551457203348,2035.7057932546068,NO
1902.0244379275657,2035.892557389465,NO
1902.9858924415466,2036.0719485497505,NO
1903.9633099518671,2036.236859808561,NO
1904.9589412394444,2036.3739280058248,NO
1905.9701418122693,2036.4772570380753,NO
1907.052043100704,2036.621572308969,NO
1908.0426729569697,2036.8056856329479,NO
1909.0030840270365,2036.9851617561824,NO
1909.972764186246,2037.1560703887008,NO
1910.9589970833933,2037.307521867616,NO
1911.9643316738488,2037.426761027999,NO
1913.0433028242794,2037.5545995216976,NO
1914.0530647813491,2037.7266359846756,NO
1915.0202905472493,2037.9023756654192,NO
1915.9882948247764,2038.0686165469892,NO
1916.9648901594105,2038.2210619540788,NO
1917.9545699885077,2038.3620204039942,NO
1918.9696108618261,2038.4776792686798,NO
1920.0546943680617,2038.6336916753935,NO
1921.0406253019098,2038.8273424622582,NO
1921.9981317659874,2039.0090742795692,NO
1922.970637980135,2039.178269405938,NO
1923.9560416595045,2039.324909470253,NO
1924.9658627447382,2039.444659626165,NO
1926.043985640224,2039.5711399933614,NO
1927.053166553411,2039.7621496340644,NO
1928.01048116667,2039.9568919768167,NO
1928.9730901198325,2040.1429587339196,NO
1929.9563099213556,2040.305232044324,NO
1930.9654257598079,2040.4300698353711,NO
1932.0225144652138,2040.5156994753984,NO
1933.0578659164148,2040.6646407079988,NO
1934.0338177340143,2040.8609109359859,NO
1934.9914842567152,2041.0430002900332,NO
1935.9677805964984,2041.207998684485,NO
1936.9600560941901,2041.345277829619,NO
1937.9694707281824,2041.4490900179762,NO
1939.0450592725263,2041.570661627391,NO
1940.0520444516008,2041.7515060634162,NO
1941.0143782625978,2041.9342984287541,NO
1941.9810840138773,2042.1071905880292,NO
1942.9615883528134,2042.2611991977228,NO
1943.959286530128,2042.391771121639,NO
1945.0300674083967,2042.5075845782421,NO
1946.05731202975,2042.6662802391793,NO
1947.0333806749352,2042.863806846933,NO
1947.9905585438346,2043.0472072815444,NO
1948.9659625173995,2043.214310070603,NO
1949.9589969722792,2043.3544329512147,NO
1950.9739171521246,2043.4560001424647,NO
1952.0495121178928,2043.5810192946665,NO
1953.049928614777,2043.763422362464,NO
1954.0119072430655,2043.9433571335599,NO
1954.9769507858223,2044.1187383718075,NO
1955.9523708385736,2044.2857749685577,NO
1956.963007636718,2044.4287751326867,NO
1958.0333178893216,2044.5376572230812,NO
1959.0575827397595,2044.709235655915,NO
1960.0232411680145,2044.9044113273715,NO
1960.9820026766006,2045.0899866183647,NO
1961.9588556011865,2045.259057319782,NO
1962.9602009298615,2045.3979906775446,NO
1963.9787703951886,2045.4873159371346,NO
1965.0532408193972,2045.6206125944325,NO
1966.0436554442801,2045.8159977175915,NO
1966.9998576860862,2046.0006658724226,NO
1967.9702979282326,2046.1741155996542,NO
1968.9588314817172,2046.3230145340362,NO
1969.9688784748216,2046.4344223771286,NO
1971.0382386060578,2046.5411367135848,NO
1972.0554497546862,2046.7102394890567,NO
1973.0235695562103,2046.893624123534,NO
1973.9877877167758,2047.0669705899395,NO
1974.9677399900943,2047.2223324997067,NO
1975.960629042898,2047.352266457446,NO
1976.9683994234024,2047.4559511955958,NO
1978.053481206955,2047.6053321325999,NO
1979.0453793703766,2047.792638650489,NO
1980.0055535638924,2047.973774837197,NO
1980.9726659742594,2048.148301629209,NO
1981.956026588822,2048.307211490715,NO
1982.9661584839064,2048.4314793293865,NO
1984.0198199343456,2048.5112694306617,NO
1985.0537986409415,2048.6389827904673,NO
1986.0392092052145,2048.8198495923175,NO
1987.001936699356,2048.989492375821,NO
1987.9778516855863,2049.1448158974017,NO
1988.9666022374065,2049.279227192981,NO
1989.965845339886,2049.3870861402384,NO
1990.977219452878,2049.4638119531037,NO
1992.0312488154912,2049.5403253901873,NO
1993.0500543324947,2049.672721682396,NO
1994.0307493339174,2049.829541747675,NO
1995.0029147466184,2049.9820901115368,NO
1995.9814972082784,2050.1258189821906,NO
1996.9631347262523,2050.261129034496,NO
1997.9582399436904,2050.387229606194,NO
1998.9782357767656,2050.479759184379,NO
2000.0424291552874,2050.5802397124758,NO
2001.049860987907,2050.7482266820784,NO
2002.015817819608,2050.922431845586,NO
2002.9847287890252,2051.0885036100317,NO
2003.9669265561795,2051.237569795341,NO
2004.960867352062,2051.3628663653626,NO
2005.9741135927059,2051.455243727489,NO
2007.015865947001,2051.5120019203105,NO
2008.050316375193,2051.6226271945616,NO
2009.042495739367,2051.801166729566,NO
2010.0050349431497,2051.9743217893515,NO
2010.97846190458,2052.1356102272393,NO
2011.9648874701163,2052.2754983164887,NO
2012.9632729040654,2052.39022539102,NO
2013.9798356275123,2052.4674468132744,NO
2015.0236744726235,2052.025984178394,NO
2017.0694772756094,2053.7915681797194,NO
2018.0174654778878,2053.9024844151268,NO
2019.003823012341,2053.9559079231926,NO
2019.999635556314,2053.9859401466515,NO
2020.9810213039063,2053.9041415002466,NO
2021.835648052335,2053.676400187375,NO
2021.8412698412699,2053.0,NO
2021.835648052335,2052.323599812625,NO
2020.9810213056799,2052.0958584907944,NO
2019.999635556314,2052.0140598533485,NO
2019.0037669446453,2052.04344542937,NO
2016.548676307565,2048.993330191756,NO
2018.99318477154,2046.5388362062429,NO
2020.0,2046.535294117647,NO
2021.0,2046.535294117647,NO
2022.0,2046.535294117647,NO
2023.0045052828132,2046.5404611573288,NO
2024.0166649198006,2046.5662848077377,NO
2025.0463533258346,2046.9054996364591,NO
2027.0289621193565,2047.6182266077044,NO
2028.0332452788114,2047.9298468236211,NO
2030.0221749611662,2048.6351861355747,NO
2031.0233154154869,2048.699290903342,NO
2033.0856301251833,2049.8982985354614,NO
2035.0423693367113,2050.9156030159115,NO
2037.0055719435445,2051.564959779079,NO
2038.0490234938445,2051.8971427710467,NO
2038.9478297167307,2052.1100638860275,NO
2040.0521503327896,2052.110021796409,NO
2040.9493923423368,2051.895563252155,NO
2041.9818310617447,2051.550207993201,NO
2042.9866891109284,2051.5151033323546,NO
2044.93747996749,2050.87495993498,NO
2046.0,2050.50000000049,NO
2047.0,2050.50000000049,NO
2048.0,2050.50000000049,NO
2049.0,2050.50000000049,NO
2050.065480955324,2050.1385696555094,NO
2050.947352185759,2049.890852089961,NO
2052.0,2049.5450980392156,NO
2053.0145443638085,2049.5636690564725,NO
2054.0196921794245,2049.6080870113724,NO
2055.037262448516,2049.920129097554,NO
2057.0145449134525,2050.563652567155,NO
2058.0196921847905,2050.608086904579,NO
2059.047357579204,2050.897204388542,NO
2060.001311943712,2051.0596338062664,NO
2060.944306817346,2050.885068482872,NO
2061.987675541375,2050.5686439352744,NO
2063.0,2050.5549019607843,NO
2064.005672872652,2050.5570795446533,NO
2065.050255677991,2050.8975439247424,NO
2067.010317840756,2051.544669224655,NO
2068.051888839403,2051.8978630731467,NO
2070.051756857121,2052.89606889468,NO
2072.0267888955987,2053.618541198588,NO
2073.0335197129352,2053.9298358563246,NO
2075.0,2054.5549019607843,NO
2076.9446306650966,2053.8910121372146,NO
2078.0707380041113,2053.075263658842,NO
2078.3988958568625,2052.7299853140335,NO
2078.981727583981,2051.980856249752,NO
2080.080449426996,2051.0729905363373,NO
2080.541205327832,2050.002282560603,NO
2079.91686992061,2048.041733319769,NO
2079.579957583305,2047.0208768584994,NO
2081.9456090393696,2044.8877558199158,NO
2083.0057614750135,2044.5501617446844,NO
2084.0204609377815,2044.5927872124664,NO
2085.0395944167276,2044.9179420047715,NO
2087.0231875367285,2045.5776555864225,NO
2088.0325413571663,2045.6517382429997,NO
2089.025737748367,2045.9447828900456,NO
2091.040964628442,2046.9180707431158,NO
2093.0462747695506,2047.9040972153948,NO
2095.022790473202,2048.584887814848,NO
2096.0235820404373,2048.6441575581007,NO
2097.0291114279476,2048.9360842400347,NO
2099.0196922354135,2049.6080858970877,NO
2100.037262448516,2049.920129097554,NO
2102.0078594593892,2050.55463065564,NO
2103.0185192751114,2050.5893552108405,NO
2104.03309035501,2050.6690964697245,NO
2105.02064793964,2050.759107366661,NO
2106.003837795944,2050.9900972937276,NO
2108.0561202795448,2051.88418710222,NO
2108.99753452701,2052.064880871521,NO
2109.968227154716,2051.9215437107987,NO
2111.0082777140774,2051.71027999865,NO
2112.0099010379313,2051.743334633636,NO
2113.0092242570818,2051.977454359836,NO
2115.0220457522096,2052.598452375602,NO
2116.0190937693555,2052.6522206340433,NO
2117.013197034085,2052.689716256099,NO
2118.012478792543,2052.711826954249,NO
2118.9824510940675,2052.7046429949733,NO
2120.9722073979638,2051.943885971935,NO
2122.001348896345,2051.660752561393,NO
2123.0189547774394,2051.71567832567,NO
2124.011349902998,2051.7621249501426,NO
2125.004730645656,2051.9884839837882,NO
2127.0315850229076,2052.9308432539765,NO
2127.9950402660784,2053.137219304997,NO
2128.996135773663,2052.9888973088036,NO
2130.005640975897,2052.8295741440097,NO
2130.9914279502127,2053.023549058677,NO
2131.9145413117844,2053.2623069492697,NO
2132.9916724404056,2053.5281049785976,NO
2134.0,2053.519607842239,NO
2135.988226715248,2052.969583159048,NO
2137.001717247026,2052.75099916916,NO
2138.0077285096054,2052.7758732323,NO
2139.0023503624134,2052.994021642256,NO
2141.040988512948,2053.917015058337,NO
2143.019612537948,2054.6258815815754,NO
2144.015210576961,2054.966604331889,NO
2146.0,2055.5450980392156,NO
2146.87217520055,2054.8704169603016,NO
2146.7953246419443,2054.181344476909,NO
2146.7644349934276,2053.521221424744,NO
2149.003736216435,2049.5236323768086,NO
2150.0036746620244,2049.5314805645944,NO
2151.004506365432,2049.540350730214,NO
2152.004409489897,2049.550232034682,NO
2153.013929046468,2049.571576286753,NO
2154.0452145743684,2049.910294286705,NO
2156.0008582292094,2050.5648778046234,NO
2157.049644899489,2050.897097786553,NO
2159.0216626708834,2051.5835044884516,NO
2160.038383902221,2051.6734115368367,NO
2161.0160309572243,2051.9685687032056,NO
2163.0201673437914,2052.779474483543,NO
2165.0909969995364,2053.8877522010703,NO
2165.9959676206017,2054.010996147679,NO
2166.7536241630664,2053.8461098594566,NO
2166.8384198329077,2053.159751814871,NO
2165.9428575777906,2052.036179676772,NO
2166.8672430455817,2048.864039796402,NO
2169.0,2047.554,NO
2169.9964361851175,2047.5500683663693,NO
2170.993289061118,2047.5458931343908,NO
2171.995493634568,2047.5403507302142,NO
2172.9963253447645,2047.5314814301948,NO
2174.0,2047.5274509795086,NO
2175.0,2047.5274509795086,NO
2176.0,2047.5274509795086,NO
2177.0036751784924,2047.531414714976,NO
2177.9963248147333,2047.531413851191,NO
2178.996263783565,2047.5236323768086,NO
2180.97029592411,2046.9323070348357,NO
2181.985034388924,2046.6467419630494,NO
2182.98535264924,2046.6068342610608,NO
2183.990011339262,2046.5754819320803,NO
2185.9669676005697,2045.9274755289623,NO
2187.002443239527,2045.6471264018996,NO
2188.006853035659,2045.6687699367744,NO
2189.026794755814,2045.9374789003973,NO
2191.0044103876,2046.5501404690224,NO
2192.00345901941,2046.5589749995377,NO
2193.0099845860527,2046.5756551062025,NO
2194.0203167614795,2046.6162389456924,NO
2195.014313342673,2046.6621385315198,NO
2196.0272802865607,2046.9363459952735,NO
2197.996319740865,2047.5307669330027,NO
2199.984237310741,2046.962900460819,NO
2200.9800901722433,2046.6953192918247,NO
2201.994338738699,2046.6426328952607,NO
2202.990850233379,2046.6285194746347,NO
2203.9923985957817,2046.6123283949644,NO
2205.0075984566492,2046.612478720995,NO
2206.013339298088,2046.6419451492861,NO
2207.012912993964,2046.6803246624888,NO
2208.0222623732097,2046.9489093903974,NO
2210.047456510144,2047.9020661336174,NO
2212.0116801510953,2048.5417786892413,NO
2213.0285583247105,2048.5954237297456,NO
2214.02377286845,2048.6632176940225,NO
2215.0052381926316,2048.703169098207,NO
2216.0057957223194,2048.719873415847,NO
2217.0230391405516,2048.943109738587,NO
2218.003481973457,2049.102410980521,NO
2218.9626915746753,2048.9153612455148,NO
2219.9791212422833,2048.640814592028,NO
2221.9613648309864,2047.9227296619733,NO
2222.7634193887598,2047.437755970255,NO
2223.086942944947,2047.0822935959363,NO
2223.9129013350007,2045.9524586440484,NO
2224.89921755146,2044.895341307103,NO
2225.159887245024,2044.0748927211578,NO
2225.144090739833,2042.9295727607935,NO
2224.9183304210974,2042.0419248348453,NO
2224.573557891143,2041.0310991755514,NO
2225.9420313429832,2038.8846366380562,NO
2227.9900220238915,2037.9731156398504,NO
2228.9950232689694,2037.7496704285638,NO
2230.0145914425634,2037.962803162049,NO
2232.014863691225,2038.5906459370383,NO
2233.0192928732545,2038.6362936105052,NO
2234.015418167986,2038.6873195532419,NO
2235.0199777331395,2038.953385287326,NO
2237.013988798835,2039.5688906638723,NO
2238.0215576492046,2039.6119623143145,NO
2239.0356508232408,2039.9256081152505,NO
2241.0049411926248,2040.5440626799593,NO
2242.026583428497,2040.5804802696227,NO
2243.0255790977335,2040.653829558834,NO
2244.0006017586247,2040.6931030853455,NO
2244.992033490564,2040.6765597164213,NO
2245.982725102578,2040.6365073749935,NO
2247.0638769460397,2040.0588431640656,NO
2247.52740751589,2039.016036071953,NO
2247.965372446855,2037.9650016040712,NO
2249.9908920343523,2036.9764449154418,NO
2251.009309461693,2036.7879981753165,NO
2252.0075221357984,2036.846548434288,NO
2253.002311823608,2036.870794749411,NO
2253.9868217848602,2037.0390554350045,NO
2256.029226899364,2037.6244898431116,NO
2257.0216165142247,2037.7000338431571,NO
2258.016884448485,2037.9597681546481,NO
2260.012395684966,2038.5785466970094,NO
2261.006271201469,2038.600210932225,NO
2261.9992291272697,2038.6068548869598,NO
2263.007522710476,2038.616341775711,NO
2264.0118891833367,2038.643324475971,NO
2265.0052280006184,2038.666714982136,NO
2265.9956757584628,2038.6623765157208,NO
2266.9885658502853,2038.6293122331554,NO
2267.9900771617686,2038.6011019250952,NO
2269.0,2038.594,NO
2270.0,2038.594,NO
2271.0,2038.594,NO
2271.9934454942236,2038.5862468401033,NO
2272.987756273851,2038.5714695720183,NO
2274.0,2038.5627450980392,NO
2275.003398170969,2038.5667331762281,NO
2276.0,2038.570588235294,NO
2277.0,2038.570588235294,NO
2278.0066087815358,2038.5786902043817,NO
2279.0,2038.5862745098038,NO
2279.9856924492833,2038.5707734497037,NO
2280.988308627969,2038.5413384833134,NO
2282.9549243244373,2037.9054257720543,NO
2283.9878973056193,2037.5764056840528,NO
2284.9885549161045,2037.5510005562826,NO
2285.991688509639,2037.5290155684315,NO
2287.0037362018807,2037.5236342324845,NO
2288.003674952049,2037.5314435864495,NO
2289.0,2037.535294117647,NO
2290.0045068005675,2037.540306346406,NO
2291.0,2037.5450980392156,NO
2291.9954931852863,2037.5403049034721,NO
2293.883731009377,2036.8779814468317,NO
2294.559013834417,2034.9982465759228,NO
2296.9545008591085,2032.9016314466512,NO
2298.004393933842,2032.5945597404097,NO
2299.0060535907737,2032.6140836131478,NO
2300.007218523566,2032.6318553077526,NO
2301.0061697995548,2032.6503780417413,NO
2302.0058609419584,2032.6678799713595,NO
2303.0,2032.6764705882354,NO
2303.9948044702855,2032.668785002135,NO
2304.986720524571,2032.6435509154235,NO
2305.9853531418585,2032.6068474839678,NO
2306.993395220738,2032.5789453492987,NO
2308.9735326784003,2031.9426347033975,NO
2309.9734726235056,2031.6516990028297,NO
2310.977222503485,2031.5851241759242,NO
2312.9702836212587,2030.9331548448622,NO
2313.9865337156034,2030.6420803314948,NO
2314.9932602892677,2030.6015641417825,NO
2315.999593984979,2030.591954878925,NO
2317.0076890402133,2030.6117034442636,NO
2318.0367783924917,2030.9217280355667,NO
2319.9995526126913,2031.544112334314,NO
2321.006316434293,2031.5434120356347,NO
2322.020293913028,2031.56519212022,NO
2323.8993746108026,2030.9066928265772,NO
2324.6080636925644,2028.9803066488914,NO
2324.9202202302354,2027.9627800679295,NO
2326.986094962847,2025.5740002294476,NO
2327.992137570645,2025.5544623575825,NO
2329.0,2025.5450980392156,NO
2330.0,2025.5450980392156,NO
2330.9954932196006,2025.5403084035179,NO
2332.0045063310804,2025.540354234066,NO
2333.004410372429,2025.5501420164094,NO
2334.003459693331,2025.558889074617,NO
2335.0,2025.5627450980392,NO
2335.9965402946777,2025.5588875457477,NO
2337.973048785156,2024.944993014048,NO
2338.8496842458667,2024.649565068403,NO
2338.8320686380703,2023.1683846254086,NO
2337.7720650109336,2022.5282410401314,NO
2338.996263549365,2018.523602516296,NO
2340.9656292954496,2017.9220258266432,NO
2341.9909406923107,2017.6321921072727,NO
2342.978733513041,2017.5982996864404,NO
2344.885188414256,2016.8722700942005,NO
2346.9842247718266,2015.6455832066836,NO
2347.98542456449,2015.6087646178084,NO
2348.9925887858094,2015.580031215698,NO
2349.9966023309375,2015.5667971693488,NO
2351.0,2015.5627450980392,NO
2352.0099937357572,2015.575266243772,NO
2353.006363124199,2015.594350858549,NO
2354.0,2015.6019607843136,NO
2355.0007785358553,2015.6029466930122,NO
2356.0007747253644,2015.6048900435449,NO
2356.992894271708,2015.5973420824507,NO
2357.992586031528,2015.5798751397426,NO
2358.996602285393,2015.5667913623877,NO
2359.9885501396006,2015.5508131703696,NO
2360.9916884716185,2015.5290134139473,NO
2362.0,2015.5196078422389,NO
2363.0,2015.5196078422389,NO
2364.0,2015.5196078422389,NO
2365.0,2015.5196078422389,NO
2366.0,2015.5196078422389,NO
2367.9499508076856,2014.8967157319867,NO
2368.9978295307014,2014.5593947510527,NO
2370.0033983926446,2014.5667049126066,NO
2370.996601571062,2014.5667002851687,NO
2371.9921351582584,2014.5543256556773,NO
2372.9918255453476,2014.5367809249058,NO
2373.9962640750346,2014.523669539201,NO
2375.969996385499,2013.9316244127995,NO
2376.9792347629264,2013.6427675319017,NO
2377.984781371054,2013.5914999515333,NO
2378.996602883131,2013.5668675739776,NO
2380.0,2013.5627450980392,NO
2381.003398396105,2013.5667044714014,NO
2381.9961654851995,2013.565847693714,NO
2382.988004963751,2013.5481869673954,NO
2383.9948845048343,2013.5279793091092,NO
2385.007882383865,2013.5303026435768,NO
2386.0067481782257,2013.54517276709,NO
2387.0,2013.552,NO
2387.9932518217743,2013.54517276709,NO
2388.9926028147256,2013.5312034057222,NO
2389.997181290243,2013.521758901617,NO
2391.918776446852,2012.8938237569678,NO
2392.9708410554845,2011.9646683870972,NO
2393.94209610467,2010.9560278677218,NO
2394.970317919277,2008.9719073199701,NO
2396.9809561277048,2007.9536182104018,NO
2397.9985693999092,2007.7095881938926,NO
2398.984092005168,2007.687958574729,NO
2400.9004834307684,2006.8985775013334,NO
2401.881799157275,2005.8961628061938,NO
2403.9976931893807,2004.5317174641305,NO
2405.0,2004.535294117647,NO
2406.0,2004.535294117647,NO
2407.0,2004.535294117647,NO
2408.0,2004.535294117647,NO
2408.996325054732,2004.5314444510439,NO
2410.0,2004.5274509795086,NO
2411.0,2004.5274509795086,NO
2412.966131886937,2003.9231660172882,NO
2413.998933326001,2003.6391086409822,NO
2414.9928161579396,2003.6336240644835,NO
2415.985341389428,2003.60653202399,NO
2416.985711928337,2003.571357821345,NO
2417.996464393375,2003.5492101290756,NO
2419.9591149508415,2002.9170617615157,NO
2420.9730267347068,2002.585592586089,NO
2422.945303079198,2001.891040259644,NO
2424.07292046696,2001.0881348684563,NO
2424.580002207876,2000.728306506014,NO
2426.9948449277704,1999.697670174189,NO
2427.992693976257,1999.682029133793,NO
2428.987240468351,1999.6679250312293,NO
2430.0017262130714,1999.6495787613412,NO
2430.9996484500393,1999.6452861023945,NO
2431.978912766731,1999.625239176944,NO
2433.9715636123215,1998.9407376133524,NO
2434.969353961643,1998.6340502348178,NO
2435.9898376964543,1998.5681021129783,NO
2437.0,1998.5549019607843,NO
2438.0,1998.5549019607843,NO
2439.0,1998.5549019607843,NO
2440.0021735988644,1998.557020536413,NO
2441.002581236935,1998.5620501245382,NO
2442.0012753562846,1998.5668039748457,NO
2443.000843898396,1998.569611795538,NO
2444.0,1998.570588235294,NO
2444.996601783527,1998.5667273744407,NO
2446.957518051588,1997.9136489385435,NO
2448.875930504731,1996.8759305047308,NO
2449.9139005359975,1995.8811685102394,NO
2451.0137126000604,1995.0241819705966,NO
2451.647330203336,1994.656290966067,NO
2451.8507652665603,1993.9680827435961,NO
2451.861403916739,1993.0262362945673,NO
2451.6206484736863,1992.2007176788736,NO
2451.113184940395,1991.85670862435,NO
2449.965015198726,1991.0704032977053,NO
2448.893558598012,1990.1162393571956,NO
2447.876843341671,1989.1241512004515,NO
2447.991911627482,1985.5189797475027,NO
2449.9419878946155,1984.8802830262898,NO
2451.9577357321787,1983.9108152272745,NO
2452.997623012354,1983.598289082726,NO
2453.99359928758,1983.59275469199,NO
2454.9903934657436,1983.5743887879355,NO
2456.065223474084,1983.0675657497673,NO
2456.3991024485663,1982.7374564542285,NO
2456.921713954332,1981.9556491087865,NO
2457.9569584051187,1980.9225583635807,NO
2459.0815968473235,1980.1533374320948,NO
2460.986331889973,1979.5524796284426,NO
2462.9690442286974,1978.9307180323171,NO
2463.968863200605,1978.6357718536817,NO
2465.9563054648775,1977.911619916493,NO
2467.897288039099,1976.894782873596,NO
2468.889428612355,1975.893236370583,NO
2469.890632618255,1974.8891486637165,NO
2470.902606916755,1973.8957771042299,NO
2472.9690323999644,1972.596616868525,NO
2474.9450523780783,1971.8935256183058,NO
2476.880733590417,1970.8690734609431,NO
2477.9081551061554,1969.8948827186123,NO
2478.9221864318624,1968.9198120895644,NO
2479.7498400525033,1967.8475739533199,NO
2480.824698197953,1966.7638924136281,NO
2481.941031736198,1965.897660154003,NO
2483.910067035794,1964.8887635804147,NO
2485.823268457403,1963.6256331900645,NO
2486.1508390923796,1963.1337710166833,NO
2486.950167784221,1961.9744191079049,NO
2489.0003639625083,1960.6356735228817,NO
2490.886330297539,1959.8916241019444,NO
2491.444442584484,1958.753475782213,NO
2491.695334042973,1957.9939188433407,NO
2492.597764227905,1955.7887996882334,NO
2493.039365038252,1955.0412312333124,NO
2494.989460807101,1953.9818456605817,NO
2495.76837317365,1953.5905364464281,NO
2496.8875376845644,1952.8901873188704,NO
2497.4987959419354,1951.7598943807996,NO
2498.7804147744305,1950.5271883580112,NO
2499.953711651943,1949.9122055316575,NO
2501.950864056252,1948.9047806430697,NO
2503.95209296927,1947.9045722868452,NO
2505.961219044474,1946.9227546705324,NO
2506.972797868541,1946.5919680555376,NO
2508.955408723396,1945.9066606344652,NO
2510.8792582984734,1944.8817902323694,NO
2511.590764192745,1943.7774143329207,NO
2511.979418242269,1942.98873326245,NO
2512.623650910957,1941.0059737948973,NO
2512.597327322591,1940.0234528008068,NO
2511.8958055471862,1938.0452243771726,NO
2512.75990145653,1935.4465402283793,NO
2513.8891112687134,1934.8894101636447,NO
2514.617500422009,1932.9767500248342,NO
2514.633124351725,1932.0086323684682,NO
2514.5936084971504,1931.027092765643,NO
2515.98193656221,1928.5673376625111,NO
2517.8910104791494,1927.8720557733377,NO
2519.9612592861245,1926.6763069403528,NO
2521.9718217734367,1925.9435299223603,NO
2522.9590584796933,1925.6225936161397,NO
2524.9772998437766,1924.9486481365093,NO
2526.820557269167,1923.846583317749,NO
2526.7581469168103,1923.070553320393,NO
2526.8415243374784,1922.364065719513,NO
2525.5295423438993,1919.9939744341468,NO
2526.89179570037,1917.883460845305,NO
2527.903161046849,1916.897316176032,NO
2528.9006083181343,1915.9065153149404,NO
2529.883102670788,1914.8879544330891,NO
2530.953017176612,1913.908613800958,NO
2532.9591937951827,1912.9168085327094,NO
2533.974948131491,1912.5831533548767,NO
2535.0485082326495,1912.0489020718296,NO
2535.5432473772116,1910.9904559155225,NO
2534.8639309426335,1909.1371547146166,NO
2533.7385268411854,1908.5519988989208,NO
2532.535000100046,1905.9889065628197,NO
2534.9931735164027,1903.6184754231174,NO
2536.0126991503153,1903.624254548981,NO
2536.993777146417,1903.6141830749698,NO
2537.9709412821435,1903.593985155822,NO
2539.0,1903.570588235294,NO
2540.0,1903.570588235294,NO
2541.0,1903.570588235294,NO
2542.9659339476407,1902.9295777433217,NO
2543.96992705088,1902.615142379598,NO
2545.056196242642,1902.0574212280615,NO
2545.6340242167744,1900.9691432176653,NO
2545.6868196829396,1899.9889465777453,NO
2545.696925137192,1899.0041598510704,NO
2544.942672722342,1897.0504509941106,NO
2543.955356945067,1896.0493354640266,NO
2542.9243802759765,1895.0927282621296,NO
2540.9911308196565,1894.008941978551,NO
2540.9743496660844,1890.9740016287735,NO
2542.8721000091255,1889.866822150311,NO
2544.9805803010063,1888.6001127322068,NO
2546.969116498111,1887.9350336484413,NO
2548.9290934966534,1886.9182163750531,NO
2549.933423025768,1885.9360861003368,NO
2550.597667418471,1884.831787601563,NO
2550.8131300518357,1883.982977813197,NO
2550.820357510637,1883.0168138293054,NO
2550.726018434292,1882.0381425336848,NO
2550.6149938616586,1881.0193451357209,NO
2550.9011318285866,1879.9544517787087,NO
2551.5334810110635,1877.9866708864279,NO
2552.8769822060995,1875.8766545981593,NO
2553.604696164623,1874.7759770774226,NO
2553.9809399484507,1873.9900257781496,NO
2554.936295420881,1871.9688945013502,NO
2555.894895913109,1869.949339828644,NO
2556.904511994056,1867.950509266932,NO
2557.9233412610392,1865.9624040239914,NO
2558.603381381201,1863.9861322162396,NO
2558.6055623124703,1863.0133308958773,NO
2557.906946964473,1861.0454053947344,NO
2557.574030138691,1860.016367315932,NO
2557.5614292348673,1858.9931204581408,NO
2557.597367567546,1857.974385213206,NO
2558.8802721811276,1855.8844007313949,NO
2559.88431183692,1854.8855376679705,NO
2560.8814137728546,1853.8801420695013,NO
2561.8789301902393,1852.8811663032154,NO
2562.9132619810193,1850.9560586064079,NO
2563.9132912182263,1848.956996655341,NO
2564.904036812563,1846.952114950955,NO
2565.591191241886,1844.9783571836272,NO
2565.642430669354,1843.9798403048835,NO
2565.93066934363,1842.9689836539676,NO
2566.6017118651184,1840.9806962223493,NO
2566.9166470095633,1839.960799750285,NO
2567.5450980392156,1838.0,NO
2567.5450980392156,1837.0,NO
2567.5450980392156,1836.0,NO
2567.5576489661685,1834.9895917400509,NO
2567.5765900275856,1833.9933582745125,NO
2567.575692033677,1833.0074877879945,NO
2567.5666666666666,1832.0,NO
2567.567652972795,1830.9991522607752,NO
2567.5695957058338,1829.9991560700555,NO
2567.56208570716,1829.00772789965,NO
2567.54916134804,1828.0035359892213,NO
2567.563592447989,1826.9854530825755,NO
2567.6036185447592,1825.9824264375372,NO
2567.9158122723384,1824.9612150078765,NO
2568.519607842239,1823.0,NO
2568.5236323768086,1821.996263783565,NO
2568.5314805645944,1820.9963253379753,NO
2568.540378120801,1819.9954939031031,NO
2568.552974760699,1818.9907512021236,NO
2568.8949143977843,1817.9491318713408,NO
2569.5246141842226,1815.9962714840149,NO
2569.5366332492135,1814.991822939306,NO
2569.5450980392156,1814.0,NO
2569.5366355552537,1813.008177019999,NO
2569.5274509795086,1812.0,NO
2569.531503569965,1810.9963255184098,NO
2569.54377657734,1809.992843553691,NO
2569.5823001863887,1808.9756238490702,NO
2569.9156865689274,1807.9581846329563,NO
2570.9126644094245,1805.956155411429,NO
2571.613605837007,1803.9848175173893,NO
2571.6299553771482,1802.9978103868746,NO
2571.922478472841,1801.9645082162976,NO
2572.559040757136,1799.993457578294,NO
2572.8965680009132,1798.9494818553965,NO
2573.5274509795086,1797.0,NO
2573.536338783025,1795.9867525370528,NO
2573.5703758131535,1794.9787314754228,NO
2573.615531495232,1793.9870574955926,NO
2573.9206341798745,1792.9636638412003,NO
2574.6036060709635,1790.9824258845117,NO
2574.917023831873,1789.9612888411402,NO
2575.90096555802,1787.9510247569083,NO
2576.5751351880976,1785.9718437769225,NO
2577.872090910858,1783.8800130196496,NO
2578.895537893072,1781.9471319844265,NO
2579.9141898991084,1779.9570513923352,NO
2580.92257245848,1777.9612469270091,NO
2581.9190713099065,1775.9611897311363,NO
2582.5274509795086,1774.0,NO
2581.9157832768847,1772.0387983502278,NO
2581.599932432833,1771.013467621371,NO
2581.576,1770.0,NO
2581.5978041122844,1768.9848077093718,NO
2581.916467977269,1767.9607155528183,NO
2582.5529746978805,1765.9907512008238,NO
2582.8976578130996,1764.949086048613,NO
2583.905273831066,1762.9523984330524,NO
2584.926765334011,1760.9614156192029,NO
2585.887478027532,1759.8955668968927,NO
2586.9174030490885,1757.9575167325447,NO
2587.8837224177887,1756.8909241238014,NO
2588.866712815316,1755.873926811016,NO
2589.8881233661277,1753.9437833805478,NO
2590.892087197068,1751.94577515638,NO
2591.5624298256143,1749.9779267269823,NO
2591.9066122748723,1748.9531170928278,NO
2592.916804889882,1746.9562493610063,NO
2593.8813094641987,1745.888145044031,NO
2594.4301436202213,1744.7624985638881,NO
2594.934872886799,1743.9653201522576,NO
2595.888140602489,1742.8987801920584,NO
2596.9268768607235,1740.9606616021938,NO
2597.8858297107654,1739.897509530021,NO
2598.61403241139,1737.9767581205283,NO
2598.924246534168,1736.9649904301036,NO
2599.519607842239,1735.0,NO
2599.5291483573637,1733.991690852973,NO
2599.5624307032,1732.9779267712522,NO
2599.9074731377195,1731.9531259841865,NO
2600.9219066223045,1729.957418558429,NO
2601.903261773178,1728.9045567970863,NO
2602.8950507935133,1727.8994523326207,NO
2603.8807130139144,1726.8872027202087,NO
2604.922270692967,1724.9578087248299,NO
2605.906156860496,1723.9048835470956,NO
2606.898086207889,1722.9008148252328,NO
2607.8967557530805,1721.898137872358,NO
2608.88743705804,1720.8924464103782,NO
2609.916689877624,1718.9568788165564,NO
2610.8828744680504,1717.8877995948553,NO
2611.919321812279,1715.959577386866,NO
2612.884709334191,1714.8913491100143,NO
2613.8730777757887,1713.877397125326,NO
2614.90815606559,1711.95314466004,NO
2615.9081957257263,1709.956825178586,NO
2616.1093869897495,1709.0081929530375,NO
2615.9501278175458,1708.0226875476776,NO
2615.687251455062,1707.0415096859767,NO
2614.908392336671,1705.0454809458154,NO
2614.570299617975,1704.0198974571617,NO
2614.532491900024,1703.011000190936,NO
2614.5289563440806,1701.9916874645032,NO
2614.5469140495106,1700.9920043652023,NO
2614.5942103621765,1699.972305156586,NO
2615.90333901792,1697.9012462242542,NO
2616.9101990277654,1696.9109222515467,NO
2617.885370203775,1695.8981390895528,NO
2618.877835816768,1694.8807215827924,NO
2619.870753982715,1693.8734678036813,NO
2620.903335782868,1691.9499876351156,NO
2621.9133702796007,1689.9564215608812,NO
2622.8665784130326,1688.8778103347095,NO
2623.5561870051515,1686.982947085789,NO
2623.6071195801255,1685.974955829131,NO
2623.923832476009,1684.9638396584999,NO
2624.8888753837587,1682.9451017822696,NO
2625.529924973712,1680.9917045579682,NO
2625.5498960829223,1679.9894093192627,NO
2625.573314002691,1678.9899603291572,NO
2625.59356163826,1677.9928275579837,NO
2625.6098953648784,1676.9919288697736,NO
2625.9179753274416,1675.9617327456604,NO
2626.578659569547,1673.9805280242103,NO
2626.6386988326617,1672.9737562332107,NO
2626.9364976088063,1671.9708787010588,NO
2627.5220310499526,1670.004221511637,NO
2627.526200758046,1668.9920800516018,NO
2627.5479580206515,1667.987998885519,NO
2627.5569597803633,1667.0039130145226,NO
2627.54106685489,1666.0116982958928,NO
2627.5328324049265,1664.9954199254958,NO
2627.58492912507,1663.9674454215133,NO
2627.654516797939,1662.9778754601825,NO
2627.9421643849023,1661.972748238059,NO
2628.709561911264,1659.980869348851,NO
2628.969660123685,1658.9860635204159,NO
2629.633526186795,1657.007904336987,NO
2629.0947723553145,1655.912361048849,NO
2628.784503344109,1655.4464267725316,NO
2627.978014871394,1655.0442394617153,NO
2626.0,1654.4450980392157,NO
2625.0,1654.4450980392157,NO
2624.004410743658,1654.4498958489353,NO
2622.046495089011,1655.0996607809348,NO
2621.002053702455,1655.4169015807024,NO
2619.991326920677,1655.4021155040593,NO
2618.9861305037552,1655.3722864857396,NO
2616.15263647994,1653.9190026290707,NO
2615.5624617754156,1652.0073572206848,NO
2615.562745098039,1651.0,NO
2615.5624617754156,1649.9926427793152,NO
2615.8978705068603,1648.950323722414,NO
2616.8935241489353,1646.9452593919202,NO
2617.9474888373006,1645.8966381047392,NO
2619.965366680451,1644.926357847867,NO
2621.9724051589465,1643.9438904892984,NO
2622.970981302073,1643.637803649685,NO
2624.888511222112,1642.8824106052286,NO
2625.890177536092,1641.890764040478,NO
2626.916709602471,1639.9611422426099,NO
2627.5768210865745,1637.9803269944146,NO
2628.9635649816437,1635.9293073555875,NO
2629.763794715155,1635.448854311535,NO
2630.4439453224604,1634.7579526753054,NO
2630.9355314812783,1633.962734558434,NO
2631.9152594284833,1632.9190755603472,NO
2632.8858272924736,1631.9016532199764,NO
2633.1527293087333,1631.0526338028565,NO
2633.2897297426325,1629.9516157081484,NO
2632.980259070925,1629.0142373976053,NO
2631.987603243697,1628.0096914685066,NO
2631.5003056260366,1627.2472446195598,NO
2630.5317182680974,1625.002306806659,NO
2630.540461683086,1623.9954947223412,NO
2630.563900695753,1622.9854633575003,NO
2630.621762226217,1621.9766153301532,NO
2630.9273339479673,1620.9669960101157,NO
2631.8798336258315,1618.9396178889747,NO
2632.507435869857,1617.0019316239832,NO
2632.5079488070082,1615.9961407751816,NO
2632.515997404717,1614.9962039014345,NO
2632.558039683285,1613.9722691563913,NO
2632.637812420379,1612.9659117569252,NO
2632.6842955930974,1611.9950477736888,NO
2632.6817306914445,1611.0034492240293,NO
2632.939278678893,1609.9739765777933,NO
2633.155070990144,1609.0676759446098,NO
2633.1729075786598,1607.9291596390065,NO
2632.9492772305707,1607.022508878449,NO
2632.6823694390982,1606.0101035566045,NO
2632.677590113999,1604.9853892797746,NO
2632.9639026053896,1603.9807533808846,NO
2633.955098169458,1601.9815646948025,NO
2634.6518412734868,1599.974741424459,NO
2634.7077449971157,1598.98074967188,NO
2634.945273337022,1597.9755817287407,NO
2635.114163912586,1596.994528886147,NO
2634.880468458767,1596.127032836713,NO
2632.9544886875506,1595.0939947913023,NO
2631.8733837170635,1594.1344764024705,NO
2630.5267207405213,1592.0004644546239,NO
2631.789360560072,1589.51226937982,NO
2632.1041775157037,1589.0948734310425,NO
2632.920499759873,1587.9591491095857,NO
2633.750005819733,1585.971786721473,NO
2633.989465821607,1584.9959627632716,NO
2634.232554129592,1584.081382353308,NO
2634.5530331709774,1582.9776297276562,NO
2634.5758908391,1581.998748940595,NO
2634.559008825575,1581.0173618568465,NO
2634.561320124153,1579.97841142275,NO
2633.8791379784802,1578.1176980872003,NO
2632.899902016419,1577.091671365841,NO
2631.903891630071,1576.1066370995736,NO
2629.6585211822285,1573.954024945948,NO
2629.9759722734684,1572.9851838265627,NO
2631.015339653189,1571.0060563814172,NO
2631.634563533876,1568.9931861697755,NO
2631.62586016705,1568.0139659262268,NO
2631.5800615244116,1567.0267870454845,NO
2631.535225145249,1566.0082019095885,NO
2631.5326934555846,1564.9935859885873,NO
2631.548738165619,1563.9911168928518,NO
2631.894604405751,1562.9489212644874,NO
2632.1089026141503,1562.0509940806035,NO
2632.1071740425596,1560.9497456358931,NO
2631.8661401856275,1560.116298996408,NO
2630.7703898682107,1559.395711089794,NO
2629.692453698361,1557.0012060638926,NO
2629.945958897341,1555.9775978931864,NO
2630.520617720368,1553.9971801043268,NO
2630.5215757997385,1553.0018761732792,NO
2630.2825491839994,1551.9209315775734,NO
2629.9937007359385,1551.0031717016143,NO
2629.700036100708,1550.069359238834,NO
2629.0775434742527,1548.9344457915913,NO
2628.7303586950234,1548.534222314976,NO
2627.4770452205416,1547.2168998204145,NO
2626.6687632127982,1544.9986933460455,NO
2626.649566487507,1544.0199657592475,NO
2626.657367777838,1542.981151862336,NO
2626.9552448936097,1541.978790930614,NO
2627.668131496364,1539.9371436527827,NO
2627.97680671441,1538.9880799449336,NO
2628.8928272880507,1536.9487893937628,NO
2629.5230507535684,1534.9925184427088,NO
2629.886424814769,1533.9437139679521,NO
2630.513728819489,1531.99809305425,NO
2630.511824189064,1531.0038288296669,NO
2630.208291513561,1529.9235853599325,NO
2629.9659373735067,1529.0143686012225,NO
2629.7191437408915,1527.999173141547,NO
2629.688685009448,1527.0225855984847,NO
2629.400653413807,1526.3090380866458,NO
2628.8604350069513,1525.126339384078,NO
2627.9156706605268,1524.042372784941,NO
2626.9733673872324,1522.013106600639,NO
2626.6680541128435,1521.0609164654397,NO
2625.9471130257994,1519.0265999579915,NO
2625.618630524609,1518.0535189704901,NO
2624.974517071728,1516.0126537648705,NO
2624.6683038331807,1515.064125753908,NO
2624.5090042264205,1514.0009627367608,NO
2624.126148558232,1512.9083130809586,NO
2623.7388497229813,1512.4539195743762,NO
2622.740031814552,1510.9868092257384,NO
2622.021168997823,1508.990524793735,NO
2621.787210196921,1508.0280096606673,NO
2621.1049705327364,1505.967494331723,NO
2620.8847323764307,1505.033822395413,NO
2620.6555261552403,1504.0668684546172,NO
2619.981816290545,1502.0065618694232,NO
2619.760258529841,1501.014822092125,NO
2619.6950728986662,1500.0185347852425,NO
2619.629728965513,1499.0283148454412,NO
2619.5547355872654,1498.0349226991032,NO
2619.5049813609407,1497.0009706247317,NO
2619.5039215681636,1496.0,NO
2619.5039215681636,1495.0,NO
2619.5039215681636,1494.0,NO
2619.213561178412,1492.9230675275833,NO
2618.9800577665624,1492.0071572422555,NO
2618.7479010399493,1491.027956019048,NO
2617.9788145089683,1489.0109521797476,NO
2617.6698613801577,1488.0631766744996,NO
2616.92102317594,1486.0611195958732,NO
2615.781944646167,1484.0419831525783,NO
2615.609368518879,1483.0551479712465,NO
2614.876857304798,1481.0615109246667,NO
2613.8793543585957,1479.0599076198257,NO
2613.511285812806,1478.003357212387,NO
2612.8647673554974,1476.0977695520123,NO
2611.968426312997,1474.0014858205996,NO
2611.8924002453327,1473.0111819353901,NO
2611.769676940594,1472.0431714473566,NO
2611.610824713551,1471.0519919848332,NO
2611.5159152826536,1470.0014251757882,NO
2611.5147124619175,1469.0009515441427,NO
2611.5147086884976,1467.9990484484586,NO
2611.5147086271795,1467.0009515516617,NO
2611.5127516563516,1466.0009553888592,NO
2611.511764705426,1465.0,NO
2611.511764705426,1464.0,NO
2611.5107889741257,1463.0009592372555,NO
2611.5078658643306,1462.0019299377302,NO
2611.504910501952,1461.000970763671,NO
2611.5039215681636,1460.0,NO
2611.5593245817427,1458.9628450130183,NO
2611.677645760367,1457.954491168281,NO
2611.7589762175735,1456.9862947264887,NO
2611.786274509804,1456.0,NO
2611.8149829137124,1454.9902049778902,NO
2611.8661340943204,1453.9929129815405,NO
2611.892156862745,1453.0,NO
2611.8661340943204,1452.0070870184595,NO
2611.8154394321605,1451.0097708534863,NO
2611.8162318336776,1449.990271097182,NO
2611.892433332349,1448.9892433325906,NO
2611.9631826427944,1447.9981230366204,NO
2611.9656594661215,1447.0016160251614,NO
2611.919416118921,1446.0041081980146,NO
2611.922382749842,1444.9959629890395,NO
2612.0811601380765,1444.0248188808719,NO
2612.300017825039,1443.0769276488659,NO
2612.509822742735,1441.9980777363023,NO
2612.511764705426,1441.0,NO
2612.513744183409,1439.9980931145008,NO
2612.5156862736044,1439.0,NO
2612.5137442244945,1438.0019068853383,NO
2612.5127479412545,1436.9990446038562,NO
2612.512747826689,1436.0009553963685,NO
2612.508871455825,1435.002888991345,NO
2612.504912407536,1434.0009707599345,NO
2612.5039215681636,1433.0,NO
2612.5039215681636,1432.0,NO
2612.5039215681636,1431.0,NO
2612.209477111523,1429.9248189306945,NO
2611.947587822389,1429.0259746308377,NO
2611.6222554184596,1428.0533286443313,NO
2611.296376030437,1426.9237890168363,NO
2611.045915246668,1425.9835534209392,NO
2610.773036633118,1425.1062660845969,NO
2609.939158500452,1423.0000597070655,NO
2609.9392156862746,1422.0,NO
2609.9616080462038,1420.9981933197791,NO
2609.933546399857,1420.0067756611736,NO
2609.847580114159,1419.0154065241459,NO
2609.9922995482843,1417.9972211743273,NO
2610.213860413534,1417.0779017696764,NO
2610.5127925997826,1415.9971340742072,NO
2610.5166731122035,1414.9990523002693,NO
2610.518630151929,1413.999056137602,NO
2610.518630151929,1413.000943862398,NO
2610.5166731122035,1412.0009476997307,NO
2610.5127925997826,1411.0028659257928,NO
2610.5069222514476,1410.0029004572525,NO
2610.5039215681636,1409.0,NO
2610.5039215681636,1408.0,NO
2610.5039215681636,1407.0,NO
2610.5039215681636,1406.0,NO
2610.5039215681636,1405.0,NO
2610.2530325559937,1403.922297090595,NO
2610.0208903177395,1402.9923792447069,NO
2609.832094688212,1401.9998352254047,NO
2609.835229134142,1400.9993538397607,NO
2609.811104955633,1400.0100003257705,NO
2609.73102081594,1399.0358638920168,NO
2609.60820047139,1398.0553128720608,NO
2609.3781810440983,1396.93678279173,NO
2609.143916627091,1395.9558163161028,NO
2608.9688731905317,1395.0043155165254,NO
2608.822895292465,1394.032990092001,NO
2608.659877210973,1393.0653569316294,NO
2608.5176470579217,1392.0,NO
2608.5196822240805,1390.998116400934,NO
2608.5356421614665,1390.0,NO
2607.8905069609987,1388.0538599347901,NO
2607.5386771159933,1387.0,NO
2607.562376611892,1385.9845544696338,NO
2607.585701696713,1384.9943135526833,NO
2607.6182952592453,1383.9857796275953,NO
2607.928003008436,1382.9659637611664,NO
2608.1530895708815,1382.0664934484214,NO
2608.175387776586,1380.9302717922144,NO
2607.9042486766416,1380.0912688172473,NO
2606.8986765881746,1379.1060425910894,NO
2605.90241514469,1378.0875889694032,NO
2604.9231628055973,1377.0770445856465,NO
2603.6078385835353,1375.0190068348104,NO
2602.9742097527183,1373.0133580258394,NO
2602.5858424770354,1372.2102163245563,NO
2601.5701589519917,1370.0147929556097,NO
2601.6080737973157,1368.9614690224018,NO
2602.604302619456,1366.8297061481373,NO
2602.976344411592,1365.9897362117745,NO
2603.588514729985,1363.9939189369134,NO
2603.606324976481,1362.9903035708637,NO
2602.994827881863,1361.0022799540523,NO
2602.7538529358408,1360.0118829620662,NO
2602.7118260359202,1359.0096057981582,NO
2601.9892567600955,1357.0044652973668,NO
2600.940222606168,1355.0666425852137,NO
2599.9399234621137,1354.031270940708,NO
2599.0461647683046,1351.9829401759914,NO
2598.856134373711,1351.0110006491564,NO
2598.6642485645057,1350.1455843476756,NO
2597.9740859101526,1349.0161999415748,NO
2597.490863022442,1348.330356073747,NO
2597.0480782160466,1347.9423940888641,NO
2596.377389647322,1347.2888065493794,NO
2594.923890567174,1346.0777595034122,NO
2592.9793829492787,1345.0453207781572,NO
2590.9880068290895,1344.407767824633,NO
2589.9924075514173,1344.3856963805404,NO
2587.9631361698616,1342.014077919467,NO
2587.71277511789,1341.0326647912493,NO
2587.595918674394,1340.0459543478673,NO
2587.5419719474576,1338.96928140157,NO
2588.9698272211594,1336.9453878506908,NO
2590.887710985564,1335.8950143321483,NO
2591.8545683635743,1334.4014835270607,NO
2591.9019660510594,1333.949111374889,NO
2592.13817054597,1333.0629046848587,NO
2592.2760785283162,1331.9261747654746,NO
2591.9957425819657,1331.0021890368746,NO
2591.6691741375657,1330.1305501078948,NO
2590.7486680343163,1328.0661923791577,NO
2590.5407822192024,1327.0013546246498,NO
2590.3361210290136,1325.9212751135708,NO
2590.0212812588184,1324.9892311705705,NO
2589.7159983078845,1324.1332673121085,NO
2588.653840539205,1322.219955481292,NO
2587.5366853487344,1320.0004555699797,NO
2587.534421375575,1319.0054773954334,NO
2586.8692116507286,1317.0905905932457,NO
2585.7010403983,1315.2017495174325,NO
2584.870307256807,1314.1279951953074,NO
2583.5247391711937,1312.0061111676418,NO
2583.684913900045,1310.9288716537699,NO
2583.812810482704,1309.9757449777867,NO
2583.8510058652532,1309.0068856676808,NO
2583.8290657167745,1308.0001677470893,NO
2583.7539442279726,1307.0466949502354,NO
2582.9884351782557,1305.0049073279602,NO
2582.7233188160158,1304.0447492246935,NO
2582.580609976757,1303.0325779858665,NO
2581.856910308037,1301.1430896919628,NO
2580.8600298023484,1300.1263231024816,NO
2579.8751066819505,1299.1021279580316,NO
2578.6493356241567,1297.1693452412774,NO
2577.907968844575,1296.0852046676976,NO
2576.903942792567,1295.096607679234,NO
2575.929773312649,1294.0546207538825,NO
2574.9788410208157,1293.0195497034485,NO
2573.9987259416425,1292.0010557458306,NO
2573.4445250090484,1291.3838498518346,NO
2572.8285402174974,1290.099766279681,NO
2571.5945766540663,1288.1858615836793,NO
2570.9308100128947,1287.057672436378,NO
2569.7225662547203,1285.0483093576288,NO
2569.5809765425065,1284.0320429721207,NO
2568.917726783269,1282.0389119130068,NO
2568.589549911014,1281.0318209570034,NO
2567.8748246814757,1279.0588915363862,NO
2566.7820423856797,1277.31275858545,NO
2565.548470973423,1276.315926061808,NO
2564.8027835721578,1275.1312135970916,NO
2563.7524519272943,1273.0495096137888,NO
2562.800666352717,1271.2628250933637,NO
2561.6126744598246,1270.299238122551,NO
2560.845420712302,1269.0936613394192,NO
2559.7983873415783,1267.0491493550944,NO
2558.8864287337806,1265.1139107941294,NO
2557.9288605787765,1264.0259178212214,NO
2557.0131701013747,1261.9944135022258,NO
2556.7125670629603,1261.0979884971498,NO
2555.8762992450775,1259.0139086426586,NO
2555.775150109722,1258.0242485180086,NO
2555.689480165049,1257.0164392852025,NO
2555.6374504268833,1256.0177720384281,NO
2555.5881184880577,1255.0209978817963,NO
2555.5588235294117,1254.0,NO
2555.5598099046188,1252.999136882211,NO
2555.5616419692037,1251.9991404744942,NO
2554.9374038131605,1250.0409507777706,NO
2553.925021007217,1248.0098797649434,NO
2553.8253380873643,1247.0184936138942,NO
2553.02865676313,1244.9858377008013,NO
2552.7679270135277,1244.0399488830794,NO
2552.0396693040216,1241.984967421847,NO
2551.8305309647676,1241.020740986728,NO
2550.9938642398383,1239.0030452508438,NO
2550.039761416818,1236.985016224162,NO
2549.7822640324,1236.0585364391698,NO
2548.968781649362,1234.00411355174,NO
2548.852936429942,1233.0224920761248,NO
2548.7157072319933,1232.0029128357205,NO
2548.652641120727,1230.9992545946911,NO
2548.393844404847,1229.8677972624844,NO
2548.1030989768365,1228.9607811076087,NO
2547.901613548112,1228.0151740306312,NO
2547.69239971892,1227.0857932784593,NO
2546.8604545557664,1225.0277950578554,NO
2546.078922156315,1222.9700926569778,NO
2545.8980498375972,1222.0061880195665,NO
2545.8467095074666,1221.008115378929,NO
2545.7576435220817,1220.0380167033504,NO
2545.62767993274,1219.0386920857711,NO
2545.5588235294117,1218.0,NO
2545.289533954495,1216.9088619013282,NO
2545.041510322737,1215.9849339558834,NO
2544.847444987435,1215.014803602553,NO
2544.6775418834063,1214.1089484353313,NO
2543.8595043381792,1212.0233460450315,NO
2543.7266335125737,1211.0289446863017,NO
2542.9677737599236,1209.0159942667567,NO
2542.048160335919,1206.9806929611636,NO
2541.848397530217,1206.0140917516621,NO
2541.6810732387844,1205.1077553016396,NO
2540.898063025724,1203.0059843594322,NO
2540.8992840953383,1201.9938868955771,NO
2541.079084090782,1201.0300836200456,NO
2541.7767645522413,1198.9763633060234,NO
2541.904045299999,1197.984819107164,NO
2542.1058781283823,1197.0402760827606,NO
2542.8062906007344,1194.9707536798387,NO
2542.9625985502744,1193.9926985219386,NO
2543.1599268158143,1193.0531963509497,NO
2543.440835110391,1192.093805042305,NO
2543.606496444217,1191.000386925832,NO
2543.633615943821,1189.981626757644,NO
2543.490988293449,1188.88050646325,NO
2543.2058556009533,1187.9333350183117,NO
2543.0191561380966,1186.996820725026,NO
2542.8952645103277,1186.0145808238321,NO
2542.7773121654272,1185.0240153551342,NO
2542.711764705882,1184.0,NO
2542.711764705882,1183.0,NO
2542.0431110263216,1180.983663190257,NO
2541.8496299705407,1180.0103239127016,NO
2541.7963430641867,1179.010781837662,NO
2541.821386386725,1177.9828390832029,NO
2541.8919254757134,1176.9925799578677,NO
2542.055714502913,1176.0166286362542,NO
2542.674425142386,1173.966165749785,NO
2542.813349925558,1172.9628225081349,NO
2543.0469846661413,1172.0198017712755,NO
2543.3343774867844,1171.101159305763,NO
2543.6728222976712,1169.966220590605,NO
2543.813502345217,1168.9680502035444,NO
2544.0427976024125,1168.0170751463063,NO
2544.7205108764706,1165.958276673605,NO
2544.828808435735,1164.974449020336,NO
2545.0168876096404,1164.0038667050967,NO
2545.6237578463615,1161.946022648602,NO
2545.711764705882,1161.0,NO
2545.6864518827892,1160.0172144066553,NO
2545.6356953046584,1159.0178580738338,NO
2545.6088329559116,1157.999233005836,NO
2545.6098039215685,1157.0,NO
2545.587122453273,1156.0210486600422,NO
2545.5882731133374,1154.9798173088752,NO
2545.675490753409,1153.9650039041596,NO
2545.7783327206394,1152.9760947047434,NO
2545.8740812478986,1151.9879019231043,NO
2545.946997594506,1150.9952898783342,NO
2546.115353265037,1150.0400781942908,NO
2546.773590663465,1147.9755833064116,NO
2546.8469956428544,1146.9918997694149,NO
2546.8977357020926,1145.9911210773082,NO
2547.6875217258257,1143.9128461928105,NO
2547.8763024397545,1142.9860917165438,NO
2548.757758760777,1140.9002536096752,NO
2549.7964494368116,1138.9058549310466,NO
2550.850315524657,1136.9292432234865,NO
2551.770020036622,1134.9266131382565,NO
2552.0464950043165,1134.0203323775647,NO
2552.782774195384,1131.9729818659007,NO
2553.013821738429,1131.0055145193326,NO
2553.758931602582,1128.9621110565301,NO
2553.87535286276,1127.9858468389577,NO
2554.0670678413753,1127.0230438226922,NO
2554.3190222687035,1126.1031528065862,NO
2554.637449461292,1124.9822279142388,NO
2554.6894802132256,1123.983560717348,NO
2554.77521821322,1122.9757588264865,NO
2554.8775120358646,1121.9859839643989,NO
2555.06847804262,1121.023528353382,NO
2555.3209819234507,1120.1030991211835,NO
2555.637449474857,1118.982227914904,NO
2555.688417210365,1117.9835044407266,NO
2555.74191834749,1116.9858308110536,NO
2555.79513825906,1115.9891543785377,NO
2555.847448338426,1114.9919237356507,NO
2555.896274333661,1113.9953221757544,NO
2555.9659694210313,1112.996580011548,NO
2556.1249263914983,1112.0367732029035,NO
2556.7693780000345,1109.9594915466084,NO
2557.0104134442613,1109.004169654257,NO
2557.9779376737415,1106.988776103714,NO
2558.678951787181,1104.9379600611064,NO
2558.9939799846766,1103.9962468731933,NO
2559.6889023861386,1102.0171809340013,NO
2559.9341071481167,1100.9714223410208,NO
2560.7017843785125,1098.9342516759018,NO
2561.561446911282,1096.7979157002546,NO
2561.8264274416747,1095.975098518645,NO
2561.9150086372,1094.995825571695,NO
2561.9617054968294,1093.9982337176616,NO
2561.9607209854844,1093.0018887847687,NO
2561.912834019617,1092.004199737515,NO
2561.86052671805,1091.00809137028,NO
2561.8053543201654,1090.0112699656468,NO
2561.7740715359473,1089.0002217158637,NO
2561.7236988397267,1088.0320270491488,NO
2561.116711979186,1085.9688227184795,NO
2561.0434608939413,1085.0038811985696,NO
2561.566085368913,1082.8192482932295,NO
2561.9825997770163,1081.9894263039687,NO
2562.28607097822,1081.0771395364266,NO
2562.5187304262,1079.9971634406832,NO
2562.5206335767384,1079.0014112848344,NO
2562.5157756015396,1078.0037978381981,NO
2562.511764705426,1077.0,NO
2562.511764705426,1076.0,NO
2562.511764705426,1075.0,NO
2562.5127497658846,1073.999044607434,NO
2562.5137254897413,1073.0,NO
2562.3049451865404,1071.9197512657106,NO
2562.1262248593534,1070.9726575229738,NO
2562.007140032104,1069.999641945281,NO
2561.9388659455035,1069.0057537934129,NO
2561.915385009657,1067.9960181180086,NO
2562.4745833857883,1065.767025664553,NO
2562.9620444969014,1064.976726541488,NO
2563.670515385955,1062.9586529111689,NO
2563.749722823823,1061.98478707307,NO
2563.781348510839,1060.9987138148103,NO
2563.785294548901,1059.9995790089413,NO
2563.786274509804,1059.0,NO
2563.8137511300674,1057.9905049592123,NO
2563.863653985816,1056.9937112238879,NO
2564.0359855480956,1056.011075198283,NO
2564.2400234303404,1055.0751254400006,NO
2564.2722040250624,1053.9265906427818,NO
2564.0352312384603,1052.9871003734077,NO
2563.8049953303284,1052.0396912160297,NO
2563.631968339201,1051.0393674667541,NO
2563.5923963151326,1049.9768225362284,NO
2563.6479891228746,1048.9792934777388,NO
2563.675434287786,1047.999363596676,NO
2563.4633100848696,1046.873843033474,NO
2563.1536804512793,1045.94507699408,NO
2562.956166214356,1045.0085332163803,NO
2562.8314642714204,1044.000345360115,NO
2562.9522325711105,1042.9861147429197,NO
2563.1642716018255,1042.0363822997292,NO
2563.3463616460567,1041.0273065200392,NO
2563.4356007709976,1040.037975452649,NO
2563.558929110579,1038.9655203457683,NO
2563.631341642964,1037.980711853143,NO
2563.6550932150603,1037.0006789503716,NO
2563.5920085865732,1036.0413049157464,NO
2563.312585016653,1034.9249795958117,NO
2563.1511092874994,1033.977296018071,NO
2563.0657319887737,1032.9982340660445,NO
2563.0228112853265,1031.9989861650683,NO
2562.981166129148,1031.001068189724,NO
2562.980792977696,1029.9992091226632,NO
2563.0460967693994,1029.0045408760109,NO
2563.18621877567,1028.0475574128077,NO
2563.4124990707874,1027.0962792266291,NO
2563.6374497359925,1025.9822279277046,NO
2563.688417210365,1024.9835044407266,NO
2563.74191834749,1023.9858308110535,NO
2563.79513825906,1022.9891543785377,NO
2563.8466900546546,1021.9918835912163,NO
2563.872549019608,1021.0,NO
2563.872549019608,1020.0,NO
2563.872549019608,1019.0,NO
2563.872549019608,1018.0,NO
2563.8693805067187,1016.9980504553259,NO
2563.8891701579428,1015.9948503304809,NO
2563.9151161907685,1015.0012669225247,NO
2563.871724965055,1014.0125759839123,NO
2563.8196078431374,1013.0,NO
2563.8718945074475,1011.9876918244996,NO
2563.9395104005007,1010.9964488694325,NO
2564.1002697110216,1010.0334936765765,NO
2564.356617089377,1009.1215648340191,NO
2564.691103265319,1007.9836466436343,NO
2564.8336790002327,1006.9677141577104,NO
2564.9987963395215,1005.9997640585971,NO
2565.1814106548118,1005.0459573656998,NO
2565.3987561459894,1004.079751227986,NO
2565.586998712622,1002.9789450316107,NO
2565.6098039215685,1002.0,NO
2565.5871278423433,1001.0210483853052,NO
2565.588292668838,999.9790109980086,NO
2565.637414305933,998.9815152384259,NO
2565.658788573937,998.0013380839845,NO
2565.723711266865,996.9707458994533,NO
2565.8602238292,995.9777566403237,NO
2566.069497282406,995.0257318138894,NO
2566.807190969792,992.9712676750233,NO
2566.943972313762,991.9913589136426,NO
2567.8055636825297,989.9174191809713,NO
2568.774971371097,987.9046045869851,NO
2569.9658358139636,985.9736866752014,NO
2570.8612199741765,984.9084642410274,NO
2571.6716698498403,982.9164314090115,NO
2571.8481655097266,981.9772024762439,NO
2571.9408288338095,980.9948625647372,NO
2572.7338447425304,978.912488633976,NO
2572.937843573102,977.9914687258848,NO
2573.118651178778,977.0371408123743,NO
2573.8125088946827,974.9768692015535,NO
2573.9129145335446,973.9916329644943,NO
2573.95872766772,972.9994661290508,NO
2573.95625,972.0,NO
2573.991234068065,970.9990905931747,NO
2574.765570211598,968.9447026075744,NO
2574.971230714176,967.993446832916,NO
2575.7808388617777,965.92827002526,NO
2576.767252181517,963.9299340453168,NO
2577.71103312181,961.8690244732151,NO
2578.0249981747947,961.0123542086473,NO
2578.811896323793,958.9687429715735,NO
2579.677115234223,956.8909074133556,NO
2579.8486409134184,955.9896081818824,NO
2580.043235134456,955.0163838401934,NO
2580.997042261134,952.9985366976417,NO
2582.003435193422,951.0018554515202,NO
2582.8260425633816,948.9753012422667,NO
2583.7139012286543,946.9138733772945,NO
2584.011186947013,946.0044633050966,NO
2584.7227455961347,943.9517218709751,NO
2585.707269312513,941.8687042199829,NO
2586.974174304453,939.9756754016423,NO
2587.95763146638,938.9635308816945,NO
2588.9080967777636,937.9208934273141,NO
2589.739303589388,936.8422621717608,NO
2590.046263115328,936.0228634363959,NO
2590.803568785842,933.970506402971,NO
2590.93375299414,932.9909072738814,NO
2591.059591382028,932.0095145907478,NO
2591.788563945393,929.9437287947734,NO
2592.849860972859,927.9326962956419,NO
2593.1277830416684,927.0629062410909,NO
2593.9802751136635,925.9850657927811,NO
2594.8005304605076,924.8906449043544,NO
2595.9783306855993,922.9836001465209,NO
2596.709691177442,921.8717240048977,NO
2597.7952492957347,919.9012496586486,NO
2598.552153966264,918.6295594510106,NO
2598.9649781212784,917.9805828067135,NO
2599.7585169983563,916.8461347270329,NO
2600.6916739940675,915.6993547080525,NO
2601.8116389185843,914.7536237029943,NO
2602.9184268838562,913.8920268538038,NO
2604.781139678753,912.6007208540993,NO
2605.5793752948407,911.7694393532925,NO
2606.1383678779916,910.0637668528625,NO
2606.8034232894183,908.9356152457547,NO
2607.019197712755,908.0046569680328,NO
2607.96353513539,905.976270244725,NO
2608.784130072313,904.881245146574,NO
2609.802008972253,902.9155921253957,NO
2610.763041892515,900.9103039899696,NO
2611.037315483371,900.0149952252895,NO
2611.956725340866,897.9762628445303,NO
2612.7431986610063,896.8593557519829,NO
2613.0613661987604,896.0381693537497,NO
2613.947332795467,894.9657124471526,NO
2614.7741348084205,893.8265982194913,NO
2615.9270703355437,892.8580506569666,NO
2617.9146636257624,891.7764091599659,NO
2619.7434789545728,890.7715798464095,NO
2620.843121158013,888.9130383384047,NO
2621.1046869516745,888.0479770285272,NO
2621.9468996321875,885.9662827190388,NO
2622.743774630925,884.8649229113996,NO
2623.7919841431426,883.6013029633599,NO
2624.9445471011063,882.9351771760884,NO
2625.9733049730276,881.9705265880104,NO
2627.0240659819574,881.0356038747905,NO
2627.783952249055,880.6334712519631,NO
2628.927825973607,879.8917389642885,NO
2629.963878504647,878.9666207112198,NO
2630.6902820530813,877.8843048901603,NO
2631.504874084377,875.7043914939406,NO
2632.002944521732,875.002387739477,NO
2632.9636119333463,873.9683504300876,NO
2633.867334851931,872.9001984484871,NO
2634.931750173441,871.8893319591441,NO
2635.989798890739,870.9897432228873,NO
2636.9765557085993,869.9779183886429,NO
2637.992405942914,868.9906626530662,NO
2638.660550813708,868.4219189534888,NO
2639.7285789906196,867.7285789906197,NO
2640.3961190736973,866.6678654987493,NO
2640.842016732392,865.9349925287911,NO
2641.124904547929,865.0671321607606,NO
2641.7407507536245,863.9619611707935,NO
2641.835294117647,863.0,NO
2642.9039954270656,860.8106375989156,NO
2644.9967078712943,859.9645824838135,NO
2645.9951432036514,859.9082605124293,NO
2647.0,859.8803921568627,NO
2648.0,859.8803921568627,NO
2649.000462682904,859.8820158559474,NO
2649.925613089755,859.7541174496046,NO
2650.262722926956,859.6135963043018,NO
2651.8066951134388,858.746485394362,NO
2652.8696180853153,857.8696180853151,NO
2653.868040129222,856.8873278067649,NO
2654.8685243882114,855.8664235730748,NO
2655.912618325363,854.8757672718825,NO
2657.002931168045,854.0045790139411,NO
2657.6348702565165,853.5865544236243,NO
2658.024750971298,853.0176465266551,NO
2658.7744334362856,851.9012224844033,NO
2659.664873521488,850.6683048369028,NO
2660.816441265032,849.7597679122199,NO
2661.8883746349543,847.9455109376311,NO
2662.8727413400798,845.9371856265961,NO
2663.082315742098,845.0193588403836,NO
2663.0898165209755,843.9765503664175,NO
2663.01205736113,843.0005087993476,NO
2665.000955490488,840.5126998256344,NO
2666.077701687101,840.29609051481,NO
2667.017717227316,840.0477656427917,NO
2667.9831061227424,839.8407595623995,NO
2669.001312818143,839.7768209086004,NO
2670.9494663528617,838.9418575965701,NO
2671.9663076877755,837.9708335210385,NO
2672.679116711363,836.8696185264549,NO
2673.0019018003627,836.0009236241084,NO
2673.990681364566,833.9943102087674,NO
2674.9495858254104,832.9494533317089,NO
2675.9541988886112,831.9576686708473,NO
2676.911657724419,830.9237387188945,NO
2677.8893835123504,829.901186268478,NO
2678.5095091674507,827.994218182671,NO
2678.8810946650083,826.9403716122051,NO
2679.7011930997182,824.9289116835171,NO
2680.769087850132,822.8778451043929,NO
2681.051960244595,822.0256420428303,NO
2681.918725902619,819.9602070424764,NO
2682.8478848379364,818.8613885370202,NO
2683.1229268718716,818.072182225622,NO
2683.6352403756014,816.9741862419572,NO
2683.943917895623,815.9720767667073,NO
2684.9253786361405,813.9669417747203,NO
2685.9288594092054,811.9603773915167,NO
2686.8532302466997,810.8844420414645,NO
2687.132161898612,810.0668517763327,NO
2687.6568182909464,808.9460765478747,NO
2687.9536803367528,807.9794399847823,NO
2688.893007246986,805.9463410212189,NO
2689.952459250918,803.9607977017042,NO
2692.016745986027,803.1205473376059,NO
2692.9799474677916,802.9325626107851,NO
2693.9414683011687,802.7162606107128,NO
2695.873783842383,801.8717398633199,NO
2696.8757486319673,800.8770651986837,NO
2697.621698169353,798.9821975604958,NO
2697.6423189103425,797.9946931591464,NO
2698.8853858295247,795.892510494682,NO
2699.9065637372705,794.8939037394471,NO
2700.9193860847195,793.9202335384766,NO
2701.9113853350204,792.9168666508453,NO
2702.8854584281585,791.8953177007766,NO
2703.8908859650364,789.949138077919,NO
2704.5235103494833,787.9971971197916,NO
2704.52069385853,787.0046990798621,NO
2707.01166999844,784.6032200397257,NO
2707.9827343443035,784.5997507118384,NO
2709.9281371771463,783.8805678091272,NO
2711.0307028972634,783.0442141903085,NO
2711.6296483954097,782.6837314924952,NO
2712.011822493417,782.0072262753172,NO
2712.8771461391007,780.9161430349915,NO
2713.80164918055,779.8305863050193,NO
2714.9392824399843,778.8329855748619,NO
2716.942153649902,777.8858890381587,NO
2718.940633786502,776.8806797881225,NO
2721.000735359784,776.001491309652,NO
2721.8480091881174,775.6761282255818,NO
2722.9741236943382,774.959835095528,NO
2724.0603436815923,774.1187323828075,NO
2724.8701390369893,773.8256537956673,NO
2725.9512851391014,771.9767726777817,NO
2726.213606505124,771.0777137007303,NO
2726.5156862736044,770.0,NO
2726.965266941963,767.9654499867468,NO
2728.1143759705533,767.1920214410826,NO
2728.689889360546,766.810845365107,NO
2730.964487283812,765.5883753227797,NO
2732.098257237568,765.1439582773309,NO
2732.624474083817,764.7927096989714,NO
2732.983137016756,763.993466243899,NO
2733.8746570524754,761.9577792166801,NO
2735.7685012624056,760.5210370826052,NO
2736.165327439755,760.1217734374011,NO
2736.6577496488303,758.9663801232689,NO
2737.831865882584,756.8841529531995,NO
2738.134948619991,756.066392722814,NO
2738.497309704028,755.1213243490054,NO
2738.6206538843467,754.0394996946646,NO
2738.632979343543,752.9585796117548,NO
2738.730980159779,751.9694055861102,NO
2738.7252483984357,751.0360948193297,NO
2738.6161175914417,750.0451626347764,NO
2738.5422333739916,748.9955120918601,NO
2738.540344057195,748.006309003155,NO
2738.525885706182,747.0074370874432,NO
2738.516686368272,746.0009476737383,NO
2738.517665681298,744.9981084929233,NO
2738.519607842239,744.0,NO
2739.4921795540517,741.7302834608577,NO
2740.9535433936526,740.6344693290549,NO
2742.064681385498,740.0750749506402,NO
2742.51633713763,739.7490010942627,NO
2742.9485225419967,738.9736158674608,NO
2743.574145192505,737.8118078744434,NO
2743.8705396647156,736.9556256738844,NO
2744.8070167734636,734.9312411328195,NO
2745.099838194816,734.0619399473744,NO
2745.8398448325606,732.949033688308,NO
2745.987540462272,731.9993648078565,NO
2745.99201407035,731.0003601497745,NO
2745.942670377147,730.0021106428535,NO
2745.844714395448,729.0244692457983,NO
2745.7320515113697,728.011649934158,NO
2745.630094437876,727.0145137913366,NO
2745.547915947297,726.0108816732345,NO
2746.0894853968557,724.0493602714306,NO
2746.8208392888796,722.9429577971031,NO
2747.0725048277836,722.0275808657461,NO
2747.7877959338903,719.9731841633483,NO
2748.016377054256,719.0064668368893,NO
2748.6792550109644,716.9635231180735,NO
2748.754246735793,715.9860257951796,NO
2748.806205469512,714.9908802571762,NO
2748.880667980418,713.9878328137212,NO
2748.929411764706,713.0,NO
2748.905492349655,712.0046327280963,NO
2748.8773907077057,710.9981700105644,NO
2748.8729166666667,710.0,NO
2748.9036424431315,708.9951334567529,NO
2749.0859660750516,708.0323391874982,NO
2749.3484753713187,707.1020863928911,NO
2749.3139023402105,705.899847001453,NO
2749.0753025208815,704.9744357584327,NO
2748.8944595501735,704.0008795037354,NO
2749.067661358306,703.0275997177282,NO
2749.3426313425034,702.1107933378748,NO
2749.592926156232,701.023945520311,NO
2749.5598612103427,700.0008630171897,NO
2749.5588235294117,699.0,NO
2749.5946162884466,697.9769487700015,NO
2749.724345413919,696.9540575689864,NO
2749.839636279058,695.9823914349356,NO
2749.892156862745,695.0,NO
2749.891175282529,694.0002133817878,NO
2749.8873207476267,693.0006628191106,NO
2749.9079997714607,691.9958509700168,NO
2749.9532275105125,690.9977989416199,NO
2749.994201659295,689.9997726140883,NO
2749.9430150689377,689.0093398538713,NO
2749.725510466957,688.1498833899525,NO
2748.6350485733064,686.3263251826131,NO
2747.9946152976568,686.1030116937895,NO
2747.028356910687,686.1726884936976,NO
2745.996160013967,686.2608630528807,NO
2743.5976481883395,683.9853905612931,NO
2744.67312511015,681.8073115513192,NO
2745.0034066273456,681.0016544550134,NO
2745.288119001381,680.0737447459837,NO
2745.3284147769664,678.9313225794004,NO
2744.966554676047,678.0331830075654,NO
2743.521642463714,676.0023471909719,NO
2743.5176728897827,675.0018914788081,NO
2742.857431556551,673.141822994931,NO
2741.759002323576,672.4102315964058,NO
2739.899906073886,671.1301221068833,NO
2738.8802003575383,670.0611464981421,NO
2737.8570627768318,668.1425635273378,NO
2736.8804531985775,667.0595970763396,NO
2736.198458979119,664.9577955677931,NO
2735.9420301064483,664.0304341949928,NO
2735.511143902228,663.4704780705722,NO
2735.0111319843713,662.988836746065,NO
2733.964587223562,662.0715684766753,NO
2732.8462560779744,661.1716925171027,NO
2731.7267511481723,660.5550367066526,NO
2730.964130101358,660.26902423375,NO
2729.990083448927,660.1837266430855,NO
2727.8956911256937,659.1343348275159,NO
2726.761574290359,658.4069131965027,NO
2726.027633412399,657.9721475663275,NO
2724.9307797859747,656.0690218750027,NO
2723.905386953974,655.0876738648494,NO
2722.957804781609,654.0315813784093,NO
2721.7428603831545,652.2304006726943,NO
2720.711535968183,651.349321441067,NO
2719.659621860189,650.3060336797912,NO
2718.701495420762,649.4896728456586,NO
2718.0100406174347,648.986758513707,NO
2717.033541475068,647.9761011792405,NO
2716.5878496454648,647.2959374615351,NO
2715.609579965836,645.0524902290373,NO
2715.356140379435,643.9307407185537,NO
2715.134265394349,642.9629247422116,NO
2714.9083105518866,642.0329627353827,NO
2714.566094106535,641.2211958223058,NO
2713.6838315964287,639.5570008868604,NO
2713.0330054957694,638.9733800920606,NO
2712.635330922389,638.3170776727771,NO
2711.71631483558,637.1862179155875,NO
2710.6178551847333,635.1750712698014,NO
2709.9590885344765,634.02271882763,NO
2709.533140427194,633.3338796401791,NO
2708.760822265573,632.2289220306735,NO
2707.7524442868903,631.2390058912931,NO
2706.7549017536585,630.2265711204891,NO
2705.722820111691,629.3166287213222,NO
2704.599926097659,628.3616326251199,NO
2703.8208000161726,627.0729926641158,NO
2702.961632529164,625.0110330345592,NO
2702.7187611195504,624.0747135670053,NO
2701.8378802124935,622.090709880182,NO
2701.0054976508836,620.9962761906115,NO
2700.606828942209,620.2143618821133,NO
2699.9572532995453,619.0149294442255,NO
2699.07571097391,616.9711995149737,NO
2698.878179035504,616.01345485216,NO
2698.7633332800356,615.0371241922769,NO
2698.575762492335,614.0846673610097,NO
2698.2140530257807,612.9457732336882,NO
2698.037478475872,611.9932807517016,NO
2697.83318788059,611.0622379274386,NO
2697.106655628486,609.9441668502757,NO
2696.8242574347623,609.096522904961,NO
2695.948599982941,608.0538894765623,NO
2694.935367264332,607.0651875194824,NO
2693.915207712362,606.1087302521512,NO
2692.789149395074,605.2750941411895,NO
2691.8429337861908,604.04679932372,NO
2691.2092659123805,601.9628687147807,NO
2691.1751346510723,601.0165550165985,NO
2691.2308308854704,600.0039046018678,NO
2691.2000316448507,598.9862604527161,NO
2691.12202272013,597.9889511763055,NO
2691.0185801896114,596.9976683683619,NO
2690.892233947248,596.0136181974275,NO
2690.776758636632,595.0089296545015,NO
2690.837912440519,593.9792195432192,NO
2691.045758227741,593.0141434529115,NO
2691.2790417176675,592.0701181755385,NO
2691.5531658504324,590.961283484372,NO
2691.606583448477,589.9992255579608,NO
2691.3190363112767,588.8975258077943,NO
2691.070442482521,587.9757966852084,NO
2690.8974457152563,587.0060205995477,NO
2690.872549019608,586.0,NO
2690.872549019608,585.0,NO
2690.9216062551664,583.9933903311869,NO
2691.0893312888384,583.0285022346691,NO
2691.8054677608056,580.9736591256298,NO
2691.869510622668,579.9992324154517,NO
2691.872549019608,579.0,NO
2691.821284110803,578.0194675794463,NO
2691.667651856631,577.0832634436931,NO
2690.9832269901603,575.0039554262079,NO
2690.8078861754393,574.0293821152645,NO
2690.674495318276,573.0338269574263,NO
2690.5881915217074,572.0201866907147,NO
2690.5894546063105,570.9790702340388,NO
2690.676305103026,569.9663611182455,NO
2690.8133145877196,568.9686071286994,NO
2691.0477972742583,568.0209018633523,NO
2691.811818464547,565.9687300337687,NO
2692.0457770733874,565.0198527951562,NO
2692.770788335163,562.9750318994284,NO
2692.821368794129,561.9992994854878,NO
2692.774989164649,561.0240688710335,NO
2692.4150890036494,559.8613125886983,NO
2692.071659950872,558.9687054631357,NO
2691.802458902057,558.0851700877799,NO
2690.9016083043884,556.0151748393647,NO
2690.7760064830077,555.024156164025,NO
2690.6727849438967,554.0340047022164,NO
2690.3610791450747,552.8999791474026,NO
2690.0998417917767,551.9656953839605,NO
2689.9219912284016,551.007839687308,NO
2689.8476592095067,550.0080651005862,NO
2689.7726499489686,549.0247653143795,NO
2689.670998587866,548.0346147007541,NO
2689.547797051373,547.0437315608476,NO
2688.980643949461,545.005681627158,NO
2688.8028418054228,544.0104377866593,NO
2688.7686833576245,543.0009071240611,NO
2688.7409270126027,542.0142236151763,NO
2688.688637326364,541.0164839060736,NO
2688.6588235294116,540.0,NO
2688.6909974131077,538.9824292651688,NO
2688.743514175864,537.9859184251615,NO
2688.7419024519886,537.0149438225501,NO
2688.6492620109816,536.0503093176983,NO
2687.984616466456,534.0083577201669,NO
2687.600936849414,533.2717401895197,NO
2686.818981304574,532.1387478390111,NO
2685.889459039197,531.0986646585724,NO
2684.912365507972,530.0823079345098,NO
2683.955022396495,529.0335619673162,NO
2682.859808728304,527.0235744533868,NO
2682.079470710327,524.9701042742695,NO
2681.8860452128665,524.0121324992753,NO
2681.788891902275,523.021938684864,NO
2681.6873042047973,522.0355614833917,NO
2681.6131053329764,521.0022758509105,NO
2681.675749646422,519.9650318239948,NO
2681.744088880684,518.9854481916702,NO
2681.6729216943045,518.064445513959,NO
2681.0533253059107,516.9568772379025,NO
2680.678829004769,516.4219568649899,NO
2679.979308184442,516.0470647608653,NO
2677.9684727113927,515.4030380279804,NO
2676.9825423441907,515.3070139557597,NO
2675.9856564221914,515.2522491341831,NO
2675.0,515.2254901960785,NO
2673.989040421989,515.1927374119067,NO
2672.9852843624717,515.0746456428196,NO
2671.2788853585084,514.4077989739875,NO
2670.736310221511,510.6699930225144,NO
2671.864372805208,509.8509828574276,NO
2672.8195464248897,508.8331347995981,NO
2673.818907097571,507.829864952364,NO
2674.0759914428645,507.0137943654034,NO
2674.088362065977,505.991683570191,NO
2673.9728926154835,505.00571936009356,NO
2673.678754095459,504.2708113811947,NO
2672.6752400682794,503.4332543683672,NO
2671.525744743015,502.52375998742684,NO
2670.6673125700568,501.16927672651326,NO
2669.865330812942,499.05044413610034,NO
2668.9521040679747,498.10081419724327,NO
2668.0751445323754,497.82577292686886,NO
2666.999176386343,497.0009354164488,NO
2665.989478571232,496.0112930987353,NO
2664.8934759967124,495.187188058343,NO
2663.814948298015,494.0925258509924,NO
2663.032823029487,491.99259872873347,NO
2662.8031783762085,491.0874516758438,NO
2662.0329829257116,489.9777120337952,NO
2661.6040804909826,489.26290060096244,NO
2660.885243598947,488.0530799552583,NO
2660.3940729038945,487.4672466201156,NO
2659.0643681810334,485.9607361738348,NO
2658.8149049351737,485.0123396718177,NO
2658.0144757016988,482.99395398698346,NO
2657.7248249251556,482.0820142018489,NO
2656.7738765407657,480.0635646575313,NO
2655.8288958056673,478.0413757757375,NO
2655.056367528547,475.9758935068547,NO
2654.7728246690913,475.1040885788727,NO
2653.959783130912,474.0440033386529,NO
2652.629685771387,471.98152124597516,NO
2651.995137215371,470.0023491969378,NO
2651.0005909822335,467.99970042375287,NO
2649.93358437628,466.06840709649055,NO
2648.6461811996674,464.1530946787446,NO
2647.7074151360207,462.1305927596687,NO
2646.943200053682,461.0532256719713,NO
2645.998415956119,460.000802971552,NO
2644.9938995149905,458.00511958920237,NO
2643.8778771910775,456.00824457817924,NO
2643.7058141061775,455.12295914114327,NO
2643.002191106019,453.99885274677183,NO
2642.0044396625094,451.99789140212704,NO
2641.6922535128,451.0526454959521,NO
2641.0677355842217,448.9999274002313,NO
2640.9469837777588,448.0141376589372,NO
2640.771019947055,447.0385051046287,NO
2640.009360435898,444.99489059181553,NO
2639.678412994298,444.1165384043378,NO
2638.7492964916437,442.1415364064201,NO
2637.9419642583644,441.0315411658154,NO
2636.9942092986444,439.0028648732475,NO
2636.7296051467483,438.0330931019638,NO
2636.659575422442,436.99933250086315,NO
2635.9557401711913,435.0184378203606,NO
2635.0542391992767,432.9573110187105,NO
2634.6430440747517,432.29601222260396,NO
2633.6791247070396,430.1356514716033,NO
2632.6852387500458,428.0391494080343,NO
2631.9834633464943,426.0068707360088,NO
2630.9815877473857,424.0106306306525,NO
2630.0232844072993,421.9900139582612,NO
2629.7313863621794,421.0977617908526,NO
2629.0287418016765,418.99968541311796,NO
2628.952536408039,418.00697994007834,NO
2628.741718492043,417.11206181400667,NO
2627.8403908279743,415.0201695168411,NO
2626.9596514915083,413.0347232410517,NO
2625.999196172916,412.00064178234686,NO
2624.7799255073005,410.03807195707986,NO
2623.9554813206737,408.03512159437156,NO
2623.0440617915183,406.97594641671526,NO
2622.009515698292,404.99480532603224,NO
2621.7432451920913,404.03520899170064,NO
2620.9277713257793,402.07222867422087,NO
2619.9224982875285,401.06587117207533,NO
2618.9638052263713,400.030403608045,NO
2617.975259969335,399.0319280102538,NO
2615.969643178571,398.04913172398983,NO
2613.9994590336228,397.0011235455555,NO
2612.942962689171,396.05672774530643,NO
2611.94677426447,395.0497402858091,NO
2610.765051978009,393.00887954765875,NO
2610.6627711854712,392.05046961711827,NO
2609.927502710166,390.02944052503335,NO
2609.551585105203,389.3695727322389,NO
2608.8036046789684,386.99037277809356,NO
2608.875297828244,385.9863072128026,NO
2608.854318844016,385.02370889453925,NO
2608.750383257339,384.0122361152014,NO
2608.721568627451,383.0,NO
2608.675452695173,382.0362729341548,NO
2608.589629177792,381.02092086623827,NO
2608.589629177792,379.97907913376173,NO
2608.6584425823303,378.9618259355818,NO
2607.9060622285915,377.0573179627712,NO
2606.9200584068967,375.0597929518753,NO
2605.7143091215885,373.0752173196483,NO
2604.988933328286,371.00079381191745,NO
2604.910520055662,370.0131588155024,NO
2604.7893066849574,369.02396120107323,NO
2604.005353554567,366.99735424963353,NO
2603.732230598091,366.0487580126034,NO
2603.1114375000907,364.9043775460295,NO
2602.7564537609132,364.38738562129294,NO
2601.763626028552,363.00941632723675,NO
2601.008541631074,360.9953620525875,NO
2600.6635642612646,360.1600121223504,NO
2599.983994434514,359.00677475535787,NO
2598.9558809811024,357.03439198908757,NO
2597.732201935237,355.0519776858059,NO
2596.935713234208,353.03177080424337,NO
2595.9286333159775,351.06594879674765,NO
2594.9441335447477,350.051913999451,NO
2593.9479951713947,349.05596419965536,NO
2592.978311755783,348.01173994072826,NO
2591.9100996970774,346.08257696312853,NO
2590.745937841501,344.02569167927,NO
2590.6753176823195,343.03501476037,NO
2590.589411877052,342.02093194431563,NO
2589.9196237082288,340.0408064249705,NO
2588.924019883635,338.06350299035296,NO
2587.7876889524064,336.0231271108849,NO
2586.9686366625515,334.01549990020845,NO
2586.558505144129,333.1892120872226,NO
2585.9060830896165,332.08949150837486,NO
2584.968677796571,331.0151288507167,NO
2583.9706287033487,329.022895733839,NO
2582.624459049808,327.07051296444695,NO
2582.106984070614,325.908193085872,NO
2580.9689182934167,325.0628924082699,NO
2579.9033728679906,324.1107474344581,NO
2578.7796093889615,323.4985173813922,NO
2577.507919203367,322.2508521273657,NO
2577.066957755125,321.921497806033,NO
2575.9410525769586,321.1148043979366,NO
2574.698688886374,320.5993471175344,NO
2573.962533475252,320.0591289886187,NO
2572.96295749939,319.0215152083597,NO
2572.542804412228,318.2169437910731,NO
2571.783558857267,317.3269642864093,NO
2570.7838900884058,316.0337740709369,NO
2569.82876975065,314.2819394695801,NO
2568.701468134979,313.1430699875463,NO
2567.9324051069652,312.0675948930348,NO
2566.8473756401854,311.3628255782853,NO
2565.6495733052147,310.20816956796523,NO
2564.743419267671,309.5638630673896,NO
2563.9593214741785,309.0651949512678,NO
2562.7898199988635,308.3698516262707,NO
2561.7844863412597,307.1174760728609,NO
2561.1893748388047,306.69369572159206,NO
2559.9687799895005,306.0633739534771,NO
2558.902300548732,305.09769945126794,NO
2557.809151744292,304.4487205930869,NO
2556.9834325862657,304.03363043414896,NO
2555.911977019525,303.0947365922086,NO
2554.819762007609,302.3650974720775,NO
2552.9404298744553,301.07412160140206,NO
2551.00638394004,299.99361605996006,NO
2550.5101488219725,299.229537600392,NO
2549.7601215660447,298.5439104021612,NO
2548.9568456904613,298.1980369028351,NO
2548.0190007758197,297.956187534185,NO
2546.0014075131817,296.99731944941885,NO
2544.926190136538,296.09975960677576,NO
2542.9604053552944,295.315500189835,NO
2541.9836267521982,295.0359620085995,NO
2541.0774541489873,294.79945655769336,NO
2539.9295860157795,294.8429226462439,NO
2539.031521458172,295.06869698848834,NO
2538.004888835685,295.35059935911454,NO
2537.012755054672,295.3766492877626,NO
2536.0169003257147,295.45630879770255,NO
2534.9830996742853,295.45630879770255,NO
2533.9872191236464,295.3774117868794,NO
2533.018627281533,295.36538127777123,NO
2531.9992330063496,295.39116678197706,NO
2531.0,295.39019607843136,NO
2530.0210548141226,295.41299826138106,NO
2529.0,295.44117647058823,NO
2527.9582483532786,295.37356736451795,NO
2527.0,295.32941176470587,NO
2525.999356269943,295.3283023462755,NO
2524.96120573897,295.2130504407136,NO
2522.8066072016936,294.4512498480839,NO
2521.987802191593,294.0178309783278,NO
2520.9107591026855,293.1598812314628,NO
2520.0742313838746,292.8633467700677,NO
2518.9695695712503,292.29289287890833,NO
2517.9902502859572,292.19889416053667,NO
2516.992049637876,292.15017350840515,NO
2516.0066254379267,292.14691188202715,NO
2515.084112658238,292.3029423293714,NO
2513.0018676657255,292.93998567583475,NO
2512.0020046788304,292.91124740381866,NO
2510.9990971390944,292.9949220596947,NO
2510.0138825076474,293.11240353377246,NO
2508.983812244623,293.1128517764595,NO
2506.9227680140743,292.36862618098627,NO
2506.000908176867,292.23158510789716,NO
2504.999092393141,292.2314397558468,NO
2504.036128690418,292.31473646683634,NO
2502.911976238351,292.6530828192278,NO
2501.988295712018,292.81829572102407,NO
2499.7900409157987,292.18397066373495,NO
2497.979841766456,291.4938767126177,NO
2496.9913153155717,291.4908604096546,NO
2496.0205515662933,291.51162582703023,NO
2494.929698312165,291.3846845148798,NO
2493.9663358328366,291.2257080752592,NO
2492.998225919173,291.00548550152314,NO
2490.966639879047,290.44772792432013,NO
2489.9889487674327,290.4025806102428,NO
2488.9755365726783,290.3604757985322,NO
2486.8488740907683,289.3610471991353,NO
2485.994398109688,289.0132538894172,NO
2485.077242791176,288.7557587875981,NO
2483.9859598547414,288.4773649547977,NO
2482.969433947237,288.4213158413097,NO
2481.9812654387474,288.3594914834414,NO
2480.9588064690533,288.0972705046761,NO
2479.99761166344,287.9545314793941,NO
2479.0444140612817,288.1075855202893,NO
2477.9567684028334,288.26911668068374,NO
2476.982831321916,288.1622199419151,NO
2475.9964214384254,288.0960561284315,NO
2475.005813294128,288.1058849988344,NO
2474.037854618377,288.21018724867264,NO
2473.0476668497945,288.3679285174094,NO
2472.0211861136477,288.46939011882495,NO
2470.9351357365827,288.13343505794194,NO
2470.0020535830786,287.9888091257734,NO
2469.1301548189713,288.1214313093048,NO
2467.0112275995175,289.45584054108383,NO
2465.9539204652333,289.39675260261714,NO
2464.976944568106,289.32533776414346,NO
2463.0017229754385,290.00358922607677,NO
2462.0437540184726,290.2769275996345,NO
2460.039623489687,291.0760704119897,NO
2459.5636600286803,291.27749663879234,NO
2457.995571158545,291.9835524981844,NO
2457.0090063872435,291.96626759161865,NO
2456.0801876742103,291.78228614818664,NO
2455.00192328021,291.4904364679945,NO
2454.0019376102155,291.49409061947756,NO
2452.986812656615,291.4803960748289,NO
2451.9664240285356,291.4176523457872,NO
2450.9637126389885,291.31907851206336,NO
2449.9868001074483,291.24042661125685,NO
2447.9894838574214,290.0099081126185,NO
2446.9103452656186,289.35901045093334,NO
2446.0414405103866,289.299555676233,NO
2445.0549841398856,289.4125846845491,NO
2444.0019454406593,289.50391261735973,NO
2442.930051886406,289.6832127538569,NO
2441.9822966525094,289.9578925067302,NO
2441.0379592638915,290.19836148532096,NO
2439.9967564794574,290.33019038774415,NO
2438.9825267368665,290.2958805872911,NO
2438.0005260859684,290.2677777453769,NO
2437.0325691424464,290.31778628732627,NO
2434.9633103499664,289.0411304705997,NO
2434.0836621856206,288.69469546335915,NO
2432.9643171315192,288.3856051965804,NO
2432.0017085876843,288.34615987313776,NO
2430.1031256798424,289.12170688350307,NO
2428.013476858509,290.14206854914147,NO
2426.9927108926363,290.0199501867959,NO
2425.9930404181646,289.8947497100872,NO
2425.059775090288,290.1026850589872,NO
2423.017522084166,291.0433982198325,NO
2421.9969195613326,291.283120303924,NO
2420.971902740955,291.1742719659447,NO
2420.009476947233,290.96970385403205,NO
2419.0811979328114,290.7452414904859,NO
2418.0,290.48431372639584,NO
2417.0,290.48431372639584,NO
2415.938818482124,290.33849339619854,NO
2414.985291493462,290.02950439117535,NO
2414.0737378318613,289.76821972068944,NO
2412.9241379866376,289.72311734232176,NO
2411.980000943941,289.9366385034502,NO
2411.0105316768604,290.1167642434523,NO
2410.009018162039,290.19163593886026,NO
2409.0,290.2176470588235,NO
2408.0008614213484,290.21966245024737,NO
2407.0366440019993,290.27838502087127,NO
2406.0525912251674,290.39875135884427,NO
2404.9234787752785,290.71509258113304,NO
2403.9988287189362,290.99752837771075,NO
2403.063225790368,291.2765110745775,NO
2401.0532952674826,292.10799021343456,NO
2399.9794213266327,292.4428888320999,NO
2398.951677940563,292.33482731267316,NO
2398.0,292.27763541397286,NO
2397.063746936162,292.3563684285046,NO
2395.9722325796733,292.4381604624415,NO
2394.976011049861,292.3644035870608,NO
2394.106940443803,292.45449689659887,NO
2392.954779231908,292.8072167209997,NO
2392.010310630548,293.031820192998,NO
2391.0624254010604,293.2595039258443,NO
2389.975417290495,293.4090401473066,NO
2388.9801715091444,293.3544777494518,NO
2388.020166504461,293.35465232996364,NO
2387.031051278741,293.4202272876287,NO
2386.003767284868,293.4756197195748,NO
2384.9672956098157,293.42515705333636,NO
2383.97000234072,293.3393068501416,NO
2382.9997049989984,293.300606019479,NO
2382.0060686079346,293.3094989965823,NO
2380.9978078182676,293.31849269047245,NO
2379.9745605556354,293.0613825275342,NO
2379.046932934627,292.83726690042073,NO
2377.952312294451,292.793080382314,NO
2377.0081424550767,293.0215360494964,NO
2376.0728353950058,293.2720616279533,NO
2373.9690756415393,293.8868347692192,NO
2373.0268039794314,294.09751268579527,NO
2372.1881617040062,294.37722801002684,NO
2370.040231844101,295.36352344984647,NO
2369.0139831618217,295.45783577696966,NO
2368.0087052499475,295.4874940261345,NO
2366.990866604934,295.49929225492343,NO
2365.949686976093,295.58655817690493,NO
2364.9484359483426,295.824009640867,NO
2364.0086471448685,296.0300714138402,NO
2363.064605204807,296.2526005398168,NO
2362.068160337542,296.4803940444763,NO
2361.024105037888,296.5447331470168,NO
2359.999023434249,296.49023597298776,NO
2358.9438446148183,296.93008525780874,NO
2358.406735533969,297.2682476064244,NO
2357.0535165304573,298.2809617795733,NO
2355.0150628987153,299.0303953132244,NO
2353.0140023902145,300.0279219274261,NO
2352.0613817837025,300.3389341808973,NO
2350.9211814755113,300.70494329393,NO
2349.9779857040417,300.92935919059823,NO
2349.0104734114952,301.10780208196985,NO
2348.0099635900356,301.1882011471441,NO
2347.000860896347,301.2195285749469,NO
2346.000876404325,301.22348310942226,NO
2344.9889487265486,301.1943499869394,NO
2343.9921099549215,301.1387559691391,NO
2342.9958962664773,301.0837161613625,NO
2342.02368085762,300.9229048118891,NO
2341.0763975950786,300.70457658712155,NO
2339.9980625068115,300.49406077751644,NO
2338.9905540580608,300.48174302634555,NO
2337.993149876624,300.4653517176785,NO
2337.0004518926135,300.45957477018834,NO
2336.0,300.4604743083004,NO
2335.0,300.4604743083004,NO
2334.0068631959216,300.4653246919758,NO
2332.050286528952,301.1063470848484,NO
2331.008263259452,301.44317164259604,NO
2329.0513195474523,302.10544969978156,NO
2328.0044117096913,302.4499943843305,NO
2327.0045256005214,302.4616112488778,NO
2325.044610177903,303.0963541783702,NO
2324.005314958546,303.4157933136015,NO
2323.010719461846,303.43606770376533,NO
2322.006702953994,303.4553540109389,NO
2321.002738831805,303.46560142155795,NO
2319.9981699776667,303.46665570868254,NO
2319.00183002651,303.4666567738027,NO
2318.005580293702,303.47432497751873,NO
2316.0208079539475,304.0541862652909,NO
2315.0276720901725,304.3092584120303,NO
2313.0029893520204,305.00866057969154,NO
2312.004465235792,305.2066186418482,NO
2311.0387377614084,305.2754986394534,NO
2310.040390717049,305.39458622623755,NO
2309.005977513114,305.46762546935304,NO
2308.007065991832,305.4800163815486,NO
2306.05772618565,306.1181345925272,NO
2304.0254373561256,307.05433852494315,NO
2303.0373272782454,307.35777844013734,NO
2302.018453927995,307.4481668523342,NO
2301.0094412101353,307.48150170434025,NO
2300.0,307.49215686320525,NO
2298.035645045877,308.0732422551063,NO
2297.036484621739,308.4037102699325,NO
2295.0552045261584,309.1122973353678,NO
2294.007356611518,309.4680643851455,NO
2292.0491991325903,310.099680003408,NO
2291.0177590407966,310.45107964699224,NO
2290.001411093387,310.47930139497714,NO
2288.9935043541973,310.47325419282146,NO
2287.9963709965687,310.46269796440976,NO
2287.002716163513,310.46174781186687,NO
2286.0036747794966,310.46853441306683,NO
2285.004670167826,310.476357113847,NO
2283.053308613849,311.1112431769462,NO
2281.040285793746,312.08147045812456,NO
2280.018319978748,312.41240307290775,NO
2279.004817653097,312.445413924849,NO
2278.011307765781,312.4609045233387,NO
2276.056893259465,313.1135625293325,NO
2275.006117514498,313.4795189955958,NO
2273.0346887988153,314.07179444122323,NO
2272.0372432551967,314.3986988484577,NO
2271.010266141249,314.4759756493864,NO
2269.042106812757,315.084547806032,NO
2268.0318320609113,315.4316427300901,NO
2266.0482515528583,316.09824713786537,NO
2265.019744098908,316.44709415157723,NO
2264.0047354175013,316.48301258060803,NO
2262.9990446188253,316.48724442443125,NO
2261.9971571075416,316.483291733215,NO
2261.0,316.48039215776106,NO
2260.0018915073642,316.4823343920683,NO
2259.0,316.48431372639584,NO
2257.0546926756324,317.10917002539765,NO
2255.0365646999267,318.0805057932918,NO
2253.0262624419183,319.05713233241784,NO
2252.0219874703025,319.34469590034354,NO
2251.0183757746977,319.4074628235164,NO
2249.0311990208206,320.0643028238392,NO
2248.021374628623,320.37147629784573,NO
2247.007168456955,320.40621254159475,NO
2246.0117600378444,320.4284013736005,NO
2244.0393689630196,321.08035140561634,NO
2242.0158337794905,322.03733073492543,NO
2241.0104695471314,322.2838096063893,NO
2240.0203406762407,322.3188792350321,NO
2238.0372773738177,323.07517345859105,NO
2237.012720341837,323.3889340893401,NO
2236.0071718236645,323.40640332181874,NO
2234.0269599800868,324.0597703343473,NO
2233.023922953241,324.3465410664073,NO
2232.023411872056,324.4117260375739,NO
2231.0,324.4432504475821,NO
2229.0968911575883,325.12188584266823,NO
2227.0771863432515,326.23785995801603,NO
2225.0677501240298,327.1609065497742,NO
2224.701256383207,327.3701188802556,NO
2223.0116592074273,328.0457114985086,NO
2222.0508456091666,328.2385466827381,NO
2220.0035044831175,329.00882347010105,NO
2219.033598730428,329.2533799164593,NO
2216.995704710998,329.98960319806054,NO
2216.0474460594883,330.2402913336548,NO
2214.016329211961,331.03789463023116,NO
2212.0101079026977,332.0209727858863,NO
2211.0349347555584,332.29445007782897,NO
2209.014917268586,333.0318451249547,NO
2206.985620133707,333.9661916472716,NO
2206.0305723350025,334.20130095904096,NO
2205.0264060559675,334.3284655882446,NO
2204.0116344947596,334.39324593577663,NO
2202.0056832492132,335.0134545055773,NO
2201.023262971851,335.25899441619646,NO
2199.026096737034,336.04497522897344,NO
2197.006708006882,337.0154018340094,NO
2195.0486299566464,338.05808988504805,NO
2193.038294254666,339.2448361705844,NO
2191.009414158051,340.0218599933733,NO
2190.037699645464,340.28361733043585,NO
2188.015221550426,341.0331890828603,NO
2187.0416814366968,341.3163999846393,NO
2185.022459919454,342.04700574926,NO
2184.039338046361,342.3504662278743,NO
2182.0163754334017,343.03602595277596,NO
2179.997735772071,343.9948162499922,NO
2179.0347583622824,344.2447568038361,NO
2178.0387103510097,344.37493739311935,NO
2177.035300095951,344.48114515161205,NO
2175.932514770154,344.79221114095935,NO
2175.027664351639,345.05516104125456,NO
2174.220211708601,345.48152142880224,NO
2173.0369732947042,346.0737956758324,NO
2172.3238780968577,346.5601564226568,NO
2171.0840221811463,347.16609857782834,NO
2169.076134449735,348.1453475871913,NO
2168.708356211883,348.3998543689162,NO
2167.1178010155095,349.2050238944487,NO
2165.9956099148376,349.9923331917781,NO
2165.261444350194,350.3996363508556,NO
2163.253321960437,351.4568455858393,NO
2161.2085158031446,352.2890126202408,NO
2160.0233263162622,353.0630158721447,NO
2159.3992917704722,353.42364944390624,NO
2158.9428066216947,353.9212379279443,NO
2156.9755470580303,354.95712043227184,NO
2156.0006264257904,355.18897177445325,NO
2155.109633079512,355.29798630938745,NO
2153.0370958172944,356.1502811964184,NO
2152.2407869885637,356.42911908459956,NO
2150.113307791561,357.23740680584615,NO
2148.0794642454534,358.14282326830505,NO
2147.667513282286,358.3007053838844,NO
2146.1028775458103,359.150003459292,NO
2144.9956204954897,359.99182928288144,NO
2144.3319067894554,360.4063253436998,NO
2143.0684350869733,361.2010612244197,NO
2140.9991519839377,362.0771694633704,NO
2140.0508096295716,362.15842724008337,NO
2139.231675476723,362.4537775845063,NO
2137.106448588586,363.2329766365808,NO
2135.0631562742833,364.1296214240976,NO
2133.0386224913354,365.0768349782008,NO
2131.0305163882513,366.06048784161123,NO
2129.006335508785,367.012534475716,NO
2128.125178084137,367.32226698892265,NO
2126.1119257452224,368.2783628770134,NO
2124.0898037668885,369.20390227110613,NO
2122.067855921416,370.15343421456635,NO
2120.0540638895227,371.11155852495847,NO
2118.0440165252285,372.08951674811016,NO
2116.018778930708,373.0395174000381,NO
2115.1661051641754,373.3819953571264,NO
2114.0310433828936,374.050556363497,NO
2113.304509711216,374.527439911301,NO
2112.1072283570616,375.178866016616,NO
2110.2025625589254,376.3029707108013,NO
2109.1225335549307,377.1800662404796,NO
2107.1727847755556,378.27970604726636,NO
2105.198512911872,379.35526074958585,NO
2103.1991464004946,380.3438893997128,NO
2101.2426035887297,381.37913866400856,NO
2100.2428024901433,382.2959321435685,NO
2099.059741725943,383.13514744038747,NO
2097.9217213621996,383.84365036015384,NO
2097.0476163681733,384.12530623371697,NO
2096.317383395487,384.5210518602617,NO
2095.0508443853028,385.11961656271046,NO
2094.3719519727774,385.53422514516933,NO
2092.921267248084,386.85885216655635,NO
2092.066843977045,387.1697515355879,NO
2090.0703571180393,388.1740653255334,NO
2088.114356737145,389.25584897605313,NO
2086.996093544039,389.99523279952376,NO
2085.0303881129375,391.1297213044594,NO
2084.171293773736,391.3632700687567,NO
2082.079464491411,392.16321884558147,NO
2080.9452742273693,392.8624633840159,NO
2080.0640442133717,393.127939828195,NO
2078.943345695048,393.867023834972,NO
2077.6575886888386,394.27924530389964,NO
2076.0833136843985,395.1632084480899,NO
2074.1348858866954,396.24844237155037,NO
2073.0208327667738,397.03303703700874,NO
2072.273086280125,397.4673435159684,NO
2071.170326947859,398.2214250372117,NO
2070.037418785044,399.0803550880493,NO
2069.381256667449,399.5176120257666,NO
2068.1196357713698,400.22004948947443,NO
2067.0155321736584,401.02617064662957,NO
2065.015236725238,402.03126810909407,NO
2063.015677406984,403.03078896388496,NO
2061.0076041661614,404.0164348113275,NO
2059.002258807851,405.00459514913456,NO
2056.995676354877,405.99095965145966,NO
2054.9879914400367,406.97553811826225,NO
2054.097652793624,407.3024676300021,NO
2052.0728778563207,408.21042196661875,NO
2050.080527290519,409.1952907284604,NO
2048.0750646881197,410.2114534122373,NO
2046.0356844950331,411.10363168715907,NO
2045.2581282763367,411.42934250490504,NO
2044.0384577845464,412.0847305189547,NO
2043.3788578635936,412.50196498715013,NO
2042.0678314740346,413.1799566936675,NO
2040.03184356182,414.094469228745,NO
2039.1798864004681,414.35594543248374,NO
2037.1385033396525,415.3272523668048,NO
2035.1333400041851,416.2934910109303,NO
2033.1687327463171,417.33916130037784,NO
2032.0393531114858,418.0624675774737,NO
2031.3314113334345,418.60027460392814,NO
2030.1239871660412,419.20830953819967,NO
2028.0897087266555,420.1960301788036,NO
2026.0853475188776,421.1674402587334,NO
2024.1071177380582,422.2218691525492,NO
2022.1218206295791,423.2503778762637,NO
2020.1519708216113,424.302873928204,NO
2018.2171739935686,425.42432457161226,NO
2016.6330740222968,426.3337123364102,NO
2015.096763548156,427.18181133050194,NO
2013.1109281799386,428.20277953377064,NO
2011.1993951077657,429.3533141497758,NO
2009.63421666937,430.37149931697326,NO
2008.1405244487596,431.2310517795181,NO
2006.2024803251363,432.39542555199273,NO
2005.0479482048822,433.08162610874433,NO
2004.361705492161,433.62512149005283,NO
2003.136147651505,434.2066430710215,NO
2002.0445217672357,435.06961242561374,NO
2001.3039035759775,435.5092662018532,NO
1999.7212032786108,436.4162693314558,NO
1998.1121265770146,437.2018278427547,NO
1996.1511360533987,438.2816626527645,NO
1995.0158800989639,439.02968618912996,NO
1994.2538599721704,439.4297444575303,NO
1993.0685994075086,440.12273588480497,NO
1991.1317369745486,441.2375769365222,NO
1990.01603363173,442.027000873507,NO
1989.268803243107,442.4510208195546,NO
1988.0789258961868,443.13536798927265,NO
1986.1609053509105,444.30295148868026,NO
1985.0393645951879,445.06223135992406,NO
1984.2557678715536,445.5777837876516,NO
1982.1880966039032,446.40989838255626,NO
1980.035648035581,447.10672130094605,NO
1979.138922958618,447.40224731683134,NO
1977.0595411824172,448.1218011416155,NO
1975.9503464968154,448.90360156693123,NO
1975.092795891339,449.17201189756094,NO
1973.1655953307093,450.2838777069888,NO
1972.0308173110716,451.0563132281943,NO
1971.3278124131473,451.55816706620374,NO
1970.091321047863,452.1615407203404,NO
1968.183265253668,453.29961206021557,NO
1966.598960998953,454.3459979831848,NO
1965.1380423488697,455.2370600760921,NO
1963.2334047631082,456.44270796784446,NO
1961.6179330496825,457.27452762320456,NO
1960.1113827105619,458.1802792287826,NO
1959.0858145102281,459.0979532979056,NO
1957.1585620148342,460.25434314726107,NO
1955.1200583789484,461.22240323324434,NO
1954.7403204753691,461.4290733770791,NO
1953.0869909776973,462.15924798571035,NO
1952.694887040032,462.3303896920002,NO
1951.088829867802,463.16189339697974,NO
1949.1021804259183,464.18718766833945,NO
1947.1566716903762,465.31462406640765,NO
1946.0322304893893,466.05288431139405,NO
1945.2144983077706,466.46057917230047,NO
1944.0622086505248,467.1031594164336,NO
1942.9492068401378,467.88376444035464,NO
1942.0883212951258,468.15423270868735,NO
1940.105576977963,469.19672587156543,NO
1938.129003740059,470.2787465068359,NO
1936.1681455845471,471.31967920216573,NO
1935.0255656389807,472.04785887521433,NO
1934.2367702902623,472.4748135353339,NO
1933.0522957601695,473.0970018802557,NO
1931.9454721421207,473.89453459895816,NO
1931.0832537170045,474.15852896022255,NO
1929.11692513453,475.2462035325348,NO
1927.1459117208237,476.2894536577989,NO
1925.1998826804174,477.387607038118,NO
1924.037043447604,478.0707990111285,NO
1923.3065985707262,478.5877157674258,NO
1921.6947990824924,479.3640914838715,NO
1920.1011815355268,480.1961332124571,NO
1918.136732605954,481.26549424427577,NO
1916.190127924037,482.36794541067866,NO
1915.0366187916554,483.06726330897294,NO
1914.3051009265077,483.5918624438439,NO
1912.685896534791,484.3015587747936,NO
1911.0496228824607,485.1103622070379,NO
1910.2616956614308,485.6031078825679,NO
1909.0446993068724,486.09341009166457,NO
1908.2538267197228,486.59539601922836,NO
1907.0449812461566,487.0917467201666,NO
1906.271950486378,487.6147728971712,NO
1905.0508957375496,488.1042663196207,NO
1903.9309302825352,488.8551665787967,NO
1903.0554362448167,489.1145524149555,NO
1901.9345134351538,489.86013002975466,NO
1901.057145875124,490.11846119003087,NO
1899.9369753956046,490.8680465232825,NO
1899.0594709451752,491.12569405071605,NO
1897.937182087126,491.86778063425504,NO
1896.6676298887407,492.26128397160124,NO
1895.0737725614028,493.1484990786605,NO
1894.7145093917648,493.36950565029576,NO
1893.0777236560514,494.1649861272527,NO
1892.7383338942188,494.3755125263164,NO
1891.0790279746138,495.16456828433024,NO
1890.740074587622,495.38807526060043,NO
1889.0745621263202,496.1609327394703,NO
1887.0729309295239,497.1543946200533,NO
1886.7264487549985,497.3495559313557,NO
1885.0942725115249,498.1742613088246,NO
1883.179928699021,499.29863685088435,NO
1882.0430288814152,500.0756216523516,NO
1880.9501536877283,500.9190109262381,NO
1880.1193304383064,501.20480655515723,NO
1878.2240334582777,502.37774252352887,NO
1876.6229364362587,503.3134984200971,NO
1875.1202174609305,504.2103805638496,NO
1873.240238694863,505.39719461561174,NO
1872.066020659425,506.11742605999103,NO
1870.1414295777188,507.24365382563957,NO
1869.019001317165,508.0342308368529,NO
1868.2801435338467,508.4704049633454,NO
1867.077857099991,509.13888023575083,NO
1865.1545046458416,510.2612761553904,NO
1864.0267327995223,511.0487598274936,NO
1863.308848778672,511.5307401615846,NO
1862.0902211230084,512.1542053451809,NO
1860.1927723371866,513.3085944099438,NO
1859.0705867308036,514.1073374489839,NO
1858.0087653863284,515.0112108027615,NO
1857.251570185094,515.4184009293112,NO
1856.0674262767038,516.1243504939539,NO
1854.9548514732244,516.906065388538,NO
1854.0921466290356,517.1745508850609,NO
1852.1425696354825,518.258621955278,NO
1851.0147640392206,519.0270814672729,NO
1850.25682441359,519.4327639251941,NO
1849.0719645364047,520.1259379430311,NO
1847.1559104264231,521.2654690970111,NO
1846.0312779704425,522.0539938115527,NO
1845.3471385465089,522.5671920032416,NO
1844.1030231685704,523.1789565738329,NO
1842.1792437145282,524.3186107438262,NO
1841.0346520909893,525.0635952169536,NO
1840.3311321993642,525.5839048550579,NO
1839.085824505719,526.1570043530813,NO
1837.1474345385657,527.2602326765706,NO
1836.020545106153,528.037455604068,NO
1835.2711880981933,528.4831360837006,NO
1834.071457209504,529.1286229797382,NO
1832.134551958087,530.2376717041293,NO
1831.0125927775368,531.0230906815418,NO
1830.2430237712083,531.4265661996086,NO
1828.6609136349657,532.3748938267856,NO
1827.127138029321,533.2239070647894,NO
1825.235720496385,534.4118272346157,NO
1823.6358246278742,535.3233900172495,NO
1822.1209141284046,536.214303081617,NO
1820.207993271502,537.3694492428359,NO
1819.0478549074799,538.0871675775674,NO
1817.9508994681382,538.9156478022983,NO
1817.1067419721953,539.194391893673,NO
1815.181655431008,540.3185895889728,NO
1814.03761373025,541.0684470002292,NO
1813.3554541574424,541.6222732421396,NO
1812.0934187935488,542.1693448251659,NO
1810.1622392361326,543.2871460041649,NO
1809.0260426389784,544.0482936287434,NO
1808.2892430039037,544.5115184209468,NO
1807.0751509516574,545.1371615640721,NO
1805.133316143607,546.241985604234,NO
1803.23788119784,547.4113816894493,NO
1801.6495270113544,548.3455937948897,NO
1800.1202584910611,549.2146946027817,NO
1798.2020656213365,550.3604040489571,NO
1797.044013792282,551.0813020697357,NO
1795.9459416292427,551.9070592821522,NO
1795.1009476332167,552.1825133277181,NO
1793.1757887499987,553.3055555498223,NO
1792.03438901977,554.0635835219047,NO
1791.3201009839224,554.5838111472558,NO
1790.0843837950908,555.1507088059559,NO
1788.153438020218,556.2722708687296,NO
1787.022991723816,557.0419414239672,NO
1786.2847299725538,557.4938070725603,NO
1785.078573119595,558.1388276487725,NO
1783.1492245138659,559.2689925574165,NO
1782.0198950227732,560.0361936380096,NO
1781.2665224903787,560.4635173773429,NO
1780.069322287416,561.1265406850166,NO
1778.138110588254,562.2422787552823,NO
1776.2360250621964,563.4031416684563,NO
1774.639478260016,564.3159075365479,NO
1773.1280267620523,565.2107365125539,NO
1772.020049584977,566.0332467800052,NO
1771.3205542018886,566.4945906188566,NO
1770.1041065206073,567.1859199624231,NO
1768.0898879728597,568.1744884189364,NO
1766.186883203029,569.3131670742284,NO
1765.0470498075977,570.0812678484693,NO
1764.3863795811637,570.6021245531007,NO
1763.1358347393495,571.2263912165126,NO
1762.0214713949788,572.0370280276577,NO
1761.3097342941037,572.4806222016593,NO
1760.0995188585744,573.1663712255556,NO
1758.225033690151,574.3544399567924,NO
1757.068119394903,575.1162334608165,NO
1755.168330062474,576.2664121313302,NO
1754.0431186750486,577.073638245853,NO
1752.9547762064458,577.9260046535323,NO
1752.1285368124932,578.2155695760528,NO
1751.0126120469356,579.0229374239459,NO
1750.2560630354421,579.4279330098161,NO
1749.0720454260666,580.1272756985105,NO
1747.1426726391567,581.2463286920536,NO
1746.0202865258625,582.0362903403378,NO
1745.2904520344619,582.48545035596,NO
1744.0834275831394,583.1462774210601,NO
1742.1608826601248,584.2768522252126,NO
1741.0298868918994,585.0535960486453,NO
1740.3363842607805,585.5622773316055,NO
1739.0951615568686,586.1674548323622,NO
1737.1779942233873,587.3024028072025,NO
1736.0399164699186,588.0707239866621,NO
1734.9471406481289,588.9120269346346,NO
1734.1120967653717,589.1926663229559,NO
1732.2356463196088,590.3747995080447,NO
1731.0888168748252,591.1332253170094,NO
1730.0231340128582,592.0296792475368,NO
1729.4435882789592,592.6006482375825,NO
1728.2386156051934,593.3299566279647,NO
1727.1816811070576,594.253386737157,NO
1725.2587497364195,595.3900178898042,NO
1723.1547064164572,596.3321380576317,NO
1721.128100240147,597.2319056112465,NO
1719.2289453062317,598.3894763903794,NO
1718.065184704785,599.1122199505436,NO
1716.1419404454443,600.2457700410217,NO
1715.0188198622895,601.0340423679116,NO
1714.240167251377,601.4335018927972,NO
1712.6207707315436,602.2848819922652,NO
1711.1119556760304,603.2038285770507,NO
1709.2012581123743,604.3398149097759,NO
1708.0488010943404,605.0873966357593,NO
1706.9542964027244,605.9236073424808,NO
1706.118166591023,606.2093236796201,NO
1704.2239045304468,607.3738361733472,NO
1703.0622844269485,608.108054045974,NO
1701.1462191028334,609.2518900470149,NO
1700.02305148282,610.0405478629132,NO
1699.2951195213761,610.4909199802805,NO
1698.0847835308402,611.1497673136979,NO
1696.1718801954871,612.2968839851765,NO
1695.0344293104379,613.0617053468236,NO
1694.3411928905505,613.5641506112821,NO
1693.10523542299,614.1777401403551,NO
1691.1987450805561,615.348948736514,NO
1690.0449681493599,616.0814002736926,NO
1688.9478612534695,616.9089546900672,NO
1688.1095365422907,617.1877460576612,NO
1687.0065161512998,618.010504685055,NO
1686.2682543678673,618.4180901521135,NO
1685.0902276281215,619.1520772135295,NO
1683.1858161499779,620.3326562202218,NO
1682.0729298751348,621.1027525008778,NO
1680.212228747159,622.3346123622006,NO
1679.1053787345143,623.1630298863543,NO
1677.1503912221422,624.2436894822192,NO
1675.2313989188337,625.3684043168232,NO
1674.1006136695303,626.1648750708556,NO
1672.1350899117817,627.2430325610311,NO
1670.1877918033026,628.311294544802,NO
1669.046147043589,629.0859143108969,NO
1668.2768988762916,629.5186978962591,NO
1667.0861756303361,630.1335138929506,NO
1666.0485437013213,631.0543424404427,NO
1664.1930675880749,632.303784057488,NO
1663.0372530852917,633.070991727583,NO
1662.3524601113515,633.4944347102693,NO
1661.2299519669496,634.3659132720511,NO
1659.1956818289432,635.3643182095691,NO
1657.1784920120267,636.2771323375647,NO
1655.6571311415191,637.4072267453519,NO
1654.1139127974093,638.198016640778,NO
1652.1211610089358,639.2356070688853,NO
1650.189963428453,640.3530733955947,NO
1649.0387657446015,641.0694857700571,NO
1648.3077916944887,641.5328091254826,NO
1647.0727381505249,642.1379727927496,NO
1645.134351910827,643.2476464579431,NO
1643.2390529511624,644.4016962595682,NO
1641.6336277326468,645.3405299052743,NO
1640.1684098212804,646.2366264621312,NO
1639.066567362974,647.0984135378559,NO
1637.2710905601366,648.3609317452597,NO
1636.1388988902183,649.1815671737279,NO
1635.0633559274422,650.0890268873097,NO
1634.0026444829678,651.0035913785515,NO
1633.3121232586016,651.3980052132616,NO
1632.1918730068874,652.2620611522163,NO
1631.0723119537115,653.1155360071976,NO
1629.2702722870695,654.3535973192392,NO
1628.1199515280189,655.1765244227626,NO
1627.031392408906,656.0471946676988,NO
1625.9681609798201,656.9565556312216,NO
1625.2387205041507,657.2931879392071,NO
1624.147429298436,658.184948002366,NO
1623.0952894970878,659.1174570007516,NO
1622.0543277356667,660.0709149291336,NO
1620.18249774169,661.2919963825992,NO
1619.0501135791085,662.0842726340438,NO
1618.4074193207657,662.5583870260014,NO
1617.1834546035388,663.2806698602881,NO
1616.064682280484,664.0999196401755,NO
1614.2475798237324,665.3408707823594,NO
1613.114483385734,666.1626230411249,NO
1612.02790715143,667.0444674381633,NO
1611.3659790839843,667.5023082887867,NO
1610.1765159448828,668.234721916967,NO
1609.0786292812713,669.1153318825696,NO
1608.0025051119499,670.0037917510924,NO
1607.3012787991574,670.3954661759611,NO
1606.1528395914092,671.209106194893,NO
1605.0632015450349,672.0920076859348,NO
1603.9997433973213,672.9996393691982,NO
1603.2880008911725,673.3921841865357,NO
1602.1467203332782,674.193290265699,NO
1601.0552898867084,675.087374168238,NO
1599.2457055947484,676.316041174598,NO
1598.1180722171787,677.1712047080912,NO
1597.0331231344699,678.0500644197737,NO
1596.421144182725,678.571483990835,NO
1595.187644451389,679.2593288337569,NO
1594.077810763273,680.1155128864539,NO
1593.0047679927184,681.0069116194978,NO
1592.326807706342,681.4270554489659,NO
1591.1646946182275,682.2204642246602,NO
1590.0892911937076,683.1183145386153,NO
1589.0387246578643,684.0510097258191,NO
1587.9704094991764,684.9492068586474,NO
1587.153733663686,685.2464619148931,NO
1585.523228597971,686.34664656508,NO
1584.2472509169393,687.317761521378,NO
1583.1313345938838,688.1785152418934,NO
1582.074888063483,689.0951415906325,NO
1581.0255350253533,690.033911594972,NO
1580.3924085248336,690.504525273427,NO
1579.2135795417844,691.2839448975709,NO
1578.1213989411292,692.1725650882179,NO
1577.0667769170984,693.0840987483036,NO
1575.2063860555204,694.311343079411,NO
1574.094436498901,695.1353528984125,NO
1573.019064968375,696.0281053351031,NO
1572.2795627054331,696.4336210035542,NO
1571.1262904947234,697.1775663285341,NO
1570.0517181645707,698.0747909141236,NO
1568.974010284508,698.9598864838831,NO
1568.1948305830083,699.2833193830871,NO
1566.5986280291074,700.3477705472997,NO
1565.208079811142,701.2833848682875,NO
1564.0954468448267,702.1382391299386,NO
1563.0196620247903,703.0289307783601,NO
1562.3613069618127,703.4806953516877,NO
1561.1725831094898,704.2401996229783,NO
1560.0709823695345,705.1051132689149,NO
1559.0020466160493,706.0028666291918,NO
1558.32462129079,706.4160452629733,NO
1557.1627988701184,707.2248456256743,NO
1556.0620977147887,708.09764807703,NO
1554.2172915133801,709.2957808623562,NO
1553.1008529657186,710.1429749165419,NO
1552.0239548027334,711.0356479938647,NO
1551.3933562671946,711.5329061574403,NO
1550.191366109645,712.2570378792138,NO
1549.080828370037,713.1223809852033,NO
1548.001174505301,714.0017916183314,NO
1547.2985010660623,714.3962139712331,NO
1546.142165684993,715.1983360374046,NO
1545.052282604004,716.0779373494756,NO
1543.24237427083,717.3248649375331,NO
1542.1134736157594,718.1610281418835,NO
1541.0277254633788,719.0432288968184,NO
1540.421810695811,719.5803435641545,NO
1539.1881926477067,720.25114677904,NO
1538.0828360090907,721.1218011735647,NO
1537.006571851819,722.009917918757,NO
1536.3276899170655,722.4391582137464,NO
1535.151932491305,723.2072755907865,NO
1534.0610520414084,724.0900568341501,NO
1532.2854082300998,725.3641415292494,NO
1531.1591071050582,726.2092065720649,NO
1530.0730100252972,727.104905183796,NO
1529.0049873026096,728.0071571575053,NO
1528.3147596260433,728.4121079506118,NO
1527.1925276109835,729.2458321498283,NO
1526.0834238922275,730.1294726241955,NO
1525.0109697590913,731.0153195069697,NO
1524.3122664249724,731.441623984969,NO
1523.1307751199422,732.1931185532214,NO
1522.0376412425185,733.0581728300975,NO
1521.4174038578635,733.5746583757,NO
1520.1845646231577,734.2622385281077,NO
1519.067628662747,735.1060320858318,NO
1517.2531781962537,736.3372488402597,NO
1516.119488135907,737.1668022265435,NO
1515.0353564651707,738.0540151744387,NO
1513.9645877499336,738.9481814196697,NO
1513.2020676508196,739.2678571324809,NO
1512.0912925969358,740.1324428502871,NO
1511.0133925512298,741.0202548501832,NO
1510.3636069551235,741.4912153284797,NO
1509.166207246726,742.2237184139594,NO
1508.0697500185079,743.1032859179822,NO
1506.995325443169,743.992934168764,NO
1506.2867298113147,744.3795117753937,NO
1505.1353163616582,745.187061701342,NO
1504.0476881601305,746.0718099598138,NO
1502.2458244649808,747.3113178470982,NO
1501.1288360988394,748.1763593840408,NO
1500.0455876806823,749.068035579212,NO
1498.2366440564313,750.3080338947642,NO
1497.1168919062209,751.1639678243023,NO
1496.0357649401615,752.0530098368107,NO
1494.972756392833,752.9642455071786,NO
1494.2455632837077,753.3142457409907,NO
1493.1375004583863,754.1866956223442,NO
1492.0605496198937,755.0871648393759,NO
1490.26657568762,756.3785013898608,NO
1489.1132849522721,757.1712549912711,NO
1488.026856149121,758.0421725470623,NO
1487.3193957915832,758.456382710505,NO
1486.1539737865694,759.202709836457,NO
1485.0654721476744,760.0996631619962,NO
1483.282192549985,761.3748878263506,NO
1482.117799903324,762.1783209509503,NO
1481.0297725893881,763.0439984018111,NO
1480.463608623835,763.5856109073238,NO
1479.2366092954217,764.2878816455257,NO
1478.1427257570833,765.1809725315522,NO
1477.0709141105815,766.0967422581645,NO
1476.0109041768053,767.01502544068,NO
1475.399146541446,767.4974988832286,NO
1474.2177900925765,768.2631320527955,NO
1473.1314228653287,769.1659421668663,NO
1472.0623197975833,770.0859855418986,NO
1471.0021622740076,771.0030014664575,NO
1470.355096294341,771.445458746599,NO
1469.199047643866,772.2367756374479,NO
1468.1233745600334,773.1541233060566,NO
1467.0628796895146,774.0831946649796,NO
1466.012871173956,775.0166268958421,NO
1465.4370415787366,775.5301068022331,NO
1464.253794094942,776.2995227651244,NO
1463.171327353973,777.2150577579777,NO
1462.0924618455858,778.125040682147,NO
1461.0302988679107,779.0418316596881,NO
1460.4585184057057,779.5805188439795,NO
1459.2391279195429,780.2887501829762,NO
1458.1459984098908,781.1876422648106,NO
1457.0699219526236,782.0969737277059,NO
1456.0101265193177,783.0137062768357,NO
1455.3833190142102,783.4730487212527,NO
1454.2197400604905,784.2610129834859,NO
1453.1474334461584,785.186482026686,NO
1452.070250182848,786.0982568976076,NO
1451.0108720672572,787.0147462232865,NO
1450.373981793613,787.4752685166167,NO
1449.2017863707608,788.2455637644514,NO
1448.1193478180226,789.1528555646373,NO
1447.0528085052292,790.0729580166659,NO
1445.9941462808663,790.9919626050561,NO
1445.3218863125278,791.3974057983507,NO
1444.1882166872804,792.2264771414626,NO
1443.1123497732121,793.1443492391861,NO
1442.0475990657496,794.0657677936906,NO
1440.989051779959,794.9848777715623,NO
1440.300110991942,795.3738622762161,NO
1439.174350823084,796.2094999440792,NO
1438.1047336328897,797.1340590496932,NO
1437.0423783096535,798.0584276845076,NO
1435.985302307271,798.979870551876,NO
1435.2909833666704,799.3592587679319,NO
1434.172559327368,800.2072917115778,NO
1433.105565897896,801.1338250704341,NO
1432.0451709449028,802.0620745331323,NO
1430.9870185047926,802.982341941537,NO
1430.3030509695277,803.3675058420312,NO
1429.180272831341,804.2192188579584,NO
1428.111514184057,805.1403032214923,NO
1427.0507571241067,806.0695081616577,NO
1425.9934228342775,806.9912168280986,NO
1425.3304443181696,807.3975460400761,NO
1424.2106422266124,808.2482315637184,NO
1423.1446981457686,809.176438389548,NO
1422.0860690748275,810.1132789234309,NO
1421.0355358514212,811.0450669922702,NO
1420.4692657089834,811.5711876727261,NO
1419.2767502864237,812.3447048010336,NO
1418.145236528582,813.1952484082894,NO
1417.0600918850862,814.0866417581951,NO
1415.9954316601586,814.9937493506316,NO
1415.317468624957,815.3914418997082,NO
1414.2055044563388,816.243250170485,NO
1413.1186688782109,817.1583561498234,NO
1412.0500596496884,818.0682193334089,NO
1410.996040855767,818.9948159956766,NO
1410.3208252318732,819.3914193850139,NO
1409.2358988682897,820.2730350038635,NO
1408.1460640128282,821.1904634346376,NO
1407.0711772629545,822.0994514762579,NO
1406.0085199259672,823.0114883424161,NO
1405.34603407871,823.4268699253519,NO
1404.2100057808277,824.2496975974792,NO
1403.1308762218916,825.1679614083586,NO
1402.0644153731835,826.0875497242673,NO
1401.0079883063033,827.010409005278,NO
1400.3814253411256,827.454299275622,NO
1399.25730227265,828.2969581950073,NO
1398.1941917320892,829.2277070663694,NO
1397.1322134785057,830.1724935794847,NO
1396.0786984080157,831.1012238935361,NO
1394.2862565004164,832.3842978515063,NO
1393.1319208571788,833.1813054365153,NO
1392.0546220168549,834.0751499011415,NO
1391.0029811003956,835.0037286828784,NO
1390.3668805490288,835.4350684611798,NO
1389.2470008965295,836.2997314351466,NO
1388.1415858538053,837.187148078785,NO
1387.0728638419378,838.0977682319698,NO
1386.0125725866171,839.017284629844,NO
1385.341575477736,839.4328524257393,NO
1384.1962033858488,840.2465657504621,NO
1383.100928241295,841.1398770593477,NO
1382.03148365588,842.0437724375255,NO
1380.9756434101378,842.9680154538526,NO
1380.2695081347267,843.3223337004521,NO
1379.1713060968332,844.2107064863177,NO
1378.0981177566061,845.1291857391959,NO
1377.0369960912774,846.0504600483424,NO
1375.2791677891826,847.3400389642176,NO
1374.1666496600876,848.2086621936156,NO
1373.094933023795,849.1237926573751,NO
1371.502835865596,850.3481120410352,NO
1370.2521787159828,851.3090335464196,NO
1369.1534910224525,852.1905492048271,NO
1368.0829216473317,853.1110037367287,NO
1367.030537926707,854.0386187286774,NO
1365.989541278019,854.9870324877419,NO
1365.2995942353398,855.3653874956357,NO
1364.196517632004,856.2467228788084,NO
1363.0964815296295,857.1363254370225,NO
1362.0296176074537,858.0400097481814,NO
1360.9763141565975,858.9695573815671,NO
1360.2687321068486,859.3202969483548,NO
1359.1734982643072,860.2158294507809,NO
1358.0963424086242,861.130062248266,NO
1357.0254381500145,862.0377427096894,NO
1356.4077384216062,862.5374330111292,NO
1355.20259494572,863.2463992608773,NO
1354.1266985353927,864.1570903991678,NO
1353.0618114085119,865.0849294632608,NO
1352.0035529611243,866.0048409093753,NO
1351.3637408668037,866.4495837019937,NO
1350.2085915056011,867.2494641605059,NO
1349.1339994028604,868.1662781768437,NO
1348.063717410417,869.0889988286154,NO
1347.0047110461157,870.006364301418,NO
1346.373468908784,870.4638243151308,NO
1345.21403169445,871.2513795120549,NO
1344.137984611732,872.1774743821792,NO
1343.060989804093,873.08598074778,NO
1342.0013262783393,874.0018104424244,NO
1341.3527414005102,874.439526982109,NO
1340.1990575183452,875.2408595860228,NO
1339.1183444003423,876.1514659447288,NO
1338.0521396618371,877.0722695302385,NO
1336.9933045534322,877.9908717360707,NO
1336.3233377993847,878.3978109690819,NO
1335.1873998363774,879.2260453036502,NO
1334.1115293992382,880.1427022161093,NO
1333.048533809823,881.0666388989235,NO
1331.9901078646158,881.9862996250902,NO
1331.303866532503,882.3775311455678,NO
1330.1796613875397,883.2142670989971,NO
1329.1089344373468,884.1392876790296,NO
1328.0465020104052,885.0636764648013,NO
1326.9896250951522,885.985740575475,NO
1326.300393988789,886.3744949537362,NO
1325.1859861901,887.217681576457,NO
1324.1176419436085,888.1494570726262,NO
1323.0507082719375,889.0712855464701,NO
1321.9897252591309,889.9858156876702,NO
1321.302177074782,890.3742875104758,NO
1320.1729798577594,891.2103658232468,NO
1319.101253297598,892.1305839931392,NO
1318.0391600280927,893.054113153385,NO
1316.2786429907824,894.3429452032165,NO
1315.1613194643605,895.1971114219969,NO
1314.094594296677,896.1210864546327,NO
1313.0365732842374,897.0501105158822,NO
1311.2670153701813,898.3300135437197,NO
1310.161001660086,899.1927484650352,NO
1309.0935455047518,900.1228419302759,NO
1307.4905976844532,901.3460223329156,NO
1306.2659432655018,902.3220815613796,NO
1305.1603137155541,903.1948115949552,NO
1304.0947591255901,904.1218331588445,NO
1302.5150745024005,905.3663640107628,NO
1301.262087985013,906.3205392636665,NO
1300.1565827990205,907.1913238324807,NO
1299.0900640706946,908.1170276962272,NO
1297.4944849254189,909.3455385498821,NO
1296.250339646428,910.3104570504295,NO
1295.1504178359257,911.1818134571166,NO
1294.0865761777466,912.1129081024237,NO
1293.0304158251797,913.0401230026623,NO
1291.986021244268,913.9826647054746,NO
1291.347018280617,914.3958578948979,NO
1290.237268670396,915.2653201267984,NO
1289.1755057170417,916.1951538671276,NO
1288.136106986925,917.1518191892269,NO
1287.0997833161014,918.1167738394792,NO
1286.0621512014645,919.0745455170935,NO
1285.0257183001847,920.0313173495858,NO
1283.9872505450157,920.9844378936575,NO
1283.3582455507367,921.4077048339476,NO
1282.2421685950708,922.2718382505548,NO
1281.18186843825,923.2000552869096,NO
1280.1380191156545,924.1565830870736,NO
1279.101317319846,925.1169939301781,NO
1278.0670941251922,926.0794510328825,NO
1277.032855627982,927.0391995088645,NO
1275.9972439416636,927.9966332698742,NO
1275.3948805392313,928.4595393534372,NO
1274.2611738466976,929.2921605679377,NO
1273.1920033280467,930.2135364208439,NO
1272.1498985338046,931.1662591451866,NO
1271.1105324170017,932.1289007776968,NO
1270.0712650974474,933.085766715457,NO
1269.0322408428942,934.0393741903649,NO
1267.9947971980018,934.9936326173205,NO
1267.3853556181555,935.4478456917475,NO
1266.258431830627,936.287002167104,NO
1265.1900648469032,937.2111506381104,NO
1264.146221267656,938.162373606995,NO
1263.1083342618213,939.1261554857273,NO
1262.070742907387,940.0841789716742,NO
1261.0360892410683,941.043369493085,NO
1259.999121166924,941.9989241650417,NO
1259.407741637607,942.4733001267755,NO
1258.265724358059,943.2982620326123,NO
1257.1932301589718,944.2141360545606,NO
1256.1498646808816,945.1660544442664,NO
1255.1111469075806,946.1291100503133,NO
1254.07482877456,947.0881221415232,NO
1253.0416556644498,948.049818735579,NO
1252.0042952543017,949.0052720176316,NO
1251.4394314464084,949.5096001243545,NO
1250.27589073541,950.3131216585607,NO
1249.2022698982382,951.2224338684869,NO
1248.1573384752915,952.174046988912,NO
1247.1180015713232,953.1364981891637,NO
1246.0790740118257,954.0939075166308,NO
1245.043840236229,955.0527096443564,NO
1244.0076076162093,956.0091709761325,NO
1243.4745173941733,956.5416208488824,NO
1242.30230987689,957.3420450975957,NO
1241.210287434817,958.2365733453029,NO
1240.165054528401,959.1792160156457,NO
1239.124924156387,960.1451324727811,NO
1238.0837308271123,961.0995061986512,NO
1237.0479086379498,962.0577680965538,NO
1236.010152029636,963.012365408135,NO
1235.4861270577405,963.5595421865999,NO
1234.3035185358801,964.3445637514234,NO
1233.2150400821647,965.2398126950222,NO
1232.1632583995204,966.1802140098856,NO
1231.1231594358119,967.1409313571129,NO
1230.0872726661842,968.1017556836683,NO
1229.0524625562196,969.0634590718535,NO
1228.0135721026302,970.0166233498172,NO
1227.5075170719565,970.5851126611536,NO
1226.3110746175068,971.3547145617034,NO
1225.219189616537,972.2430374586456,NO
1224.1757564655331,973.1876809391212,NO
1223.1522417944411,974.1604361220348,NO
1222.1363201905308,975.1423453925169,NO
1221.1308617017366,976.1340884352375,NO
1220.1224241036048,977.1292922208614,NO
1219.1144364329261,978.1202634656552,NO
1218.091325413194,979.1030577226034,NO
1217.0632481438222,980.0705734909408,NO
1216.041480340421,981.0457376861331,NO
1215.021115538495,982.0231542800399,NO
1214.0040468251073,983.0044137073395,NO
1213.524943225736,983.5647592736489,NO
1212.4000731979868,984.4282264912825,NO
1211.3197344816372,985.3396487530931,NO
1210.271622132346,986.2831240541342,NO
1209.2356354808353,987.2474913581841,NO
1208.2064789369658,988.215850135423,NO
1207.1813472216963,989.1909479645337,NO
1206.1602573416349,990.1680412623809,NO
1205.1441699052111,991.1506132572345,NO
1204.1292604186,992.1364117543964,NO
1203.112787902365,993.1205663729609,NO
1202.0957711628566,994.1036861356888,NO
1201.0774835282573,995.084073347527,NO
1200.061417886282,996.0662776899375,NO
1199.0453666174503,997.0492091439262,NO
1198.027624590358,998.030201372125,NO
1197.009408173624,999.0103128062474,NO
1195.9899897978803,999.988912838172,NO
1195.4293608504142,1000.4618267082402,NO
1194.34654928695,1001.3648207686548,NO
1193.286449707509,1002.3036941729212,NO
1192.2431037378126,1003.2554518695825,NO
1191.21276075705,1004.2225055297313,NO
1190.1848924937512,1005.1953012519215,NO
1189.1655584017064,1006.171707709261,NO
1188.1512820368253,1007.1572313298238,NO
1187.1361823088653,1008.1433797019325,NO
1186.1181233865154,1009.1266308831766,NO
1185.1004296005183,1010.1084418641959,NO
1184.0825178104105,1011.0895357853192,NO
1183.0657763601753,1012.071167866907,NO
1182.049633010227,1013.0538368977238,NO
1181.032116358885,1014.0349243455581,NO
1180.014828593354,1015.0163358947102,NO
1178.9935849279293,1015.9929328467371,NO
1178.4657077751142,1016.4905455365591,NO
1177.3675343755192,1017.39411916005,NO
1176.3093502411084,1018.3218914750104,NO
1175.260833779821,1019.2770029079771,NO
1174.2225140116316,1020.2335363706279,NO
1173.1934426242608,1021.203259105107,NO
1172.1736619789224,1022.1801774294719,NO
1171.1577966521857,1023.1645114140389,NO
1170.1408155186814,1024.148299423783,NO
1169.123129388447,1025.1316681799453,NO
1168.10406011758,1026.1126838799876,NO
1167.0878687441002,1027.0941107883793,NO
1166.0734098839002,1028.0790259405921,NO
1165.0559835239524,1029.0608916696258,NO
1164.039306686146,1030.0426359399164,NO
1163.0212513273268,1031.023414462408,NO
1162.0010185947608,1032.0011221331902,NO
1161.5091664067374,1032.543177519351,NO
1160.4081090291024,1033.4306564677818,NO
1159.3332451173337,1034.3530188180112,NO
1158.274220339496,1035.290510667067,NO
1157.2332571172126,1036.2449565374789,NO
1156.205515840281,1037.2141952436714,NO
1155.1856794846287,1038.1927685724904,NO
1154.167840494087,1039.1750958441494,NO
1153.1507333748107,1040.1575558225904,NO
1152.134057193345,1041.141909915432,NO
1151.1219522985127,1042.1255976086645,NO
1150.1207951952395,1043.1211181808344,NO
1149.1257057071196,1044.1227087561876,NO
1148.1300555969224,1045.1290081772984,NO
1147.1312431961173,1046.1305375851039,NO
1146.131495592493,1047.13078957258,NO
1145.1337498678647,1048.13232129927,NO
1144.1354669278571,1049.1347395852383,NO
1143.136812613879,1050.1364438424418,NO
1142.1388642373174,1051.1377428571416,NO
1141.141952003006,1052.1408010470036,NO
1140.142298553436,1053.142298553436,NO
1139.1448926119242,1054.143321950198,NO
1138.1487327048164,1055.147111635395,NO
1137.154560494765,1056.1524374009502,NO
1136.154463937475,1057.1553232578865,NO
1135.1588734552106,1058.1562365477525,NO
1134.1676361504349,1059.1643491668187,NO
1133.1827166619041,1060.176974128151,NO
1132.193798726275,1061.19037873837,NO
1131.1915246167744,1062.1938252190635,NO
1130.1924904245413,1063.188533206748,NO
1129.2203067422388,1064.2090089647625,NO
1128.2668947643947,1065.2529849268315,NO
1127.2729728064394,1066.2776630630788,NO
1126.2486827525795,1067.2527528377018,NO
1125.2458652129976,1068.2435086734558,NO
1124.2580614781602,1069.2555189963844,NO
1123.2570180624473,1070.2553271557044,NO
1122.2762367989076,1071.2706843103995,NO
1121.297193397434,1072.287186892454,NO
1120.3998538077071,1073.359023659506,NO
1119.4651689898976,1074.4689355460018,NO
1119.020730293846,1075.0191141395603,NO
1118.0496888203581,1076.0462886509372,NO
1117.0499143944255,1077.0505553472706,NO
1116.0576387399626,1078.0549743916988,NO
1115.043895944468,1079.0489167210728,NO
1114.0243173583606,1080.0246891848963,NO
1113.0196516733713,1081.0206859708958,NO
1112.477762925745,1081.497464497746,NO
1111.4733789500676,1082.4695843042962,NO
1110.4308465590589,1083.4463570291207,NO
1109.3536848721644,1084.3752018134473,NO
1108.3042840985797,1085.3139269018598,NO
1107.2803795282794,1086.285076009816,NO
1106.2711635642588,1087.2729300814456,NO
1105.2734019571265,1088.2716465825822,NO
1104.2728466547542,1089.2737211757408,NO
1103.2807749702379,1090.276304025314,NO
1102.2830562086938,1091.2839707538176,NO
1101.2927380588178,1092.287090377969,NO
1100.2973857247785,1093.298360777559,NO
1099.3126661048484,1094.305501887923,NO
1098.3254795105488,1095.3233023874247,NO
1097.3417201818875,1096.3359576219887,NO
1096.3569932896323,1097.3533129442797,NO
1095.3800847506452,1098.3721248831548,NO
1094.3731308760355,1099.3811985529505,NO
1093.3747202996979,1100.3720389562814,NO
1092.3742488576156,1101.3742488576156,NO
1091.3933505750858,1102.3863138909926,NO
1090.3927767420391,1103.3927767420391,NO
1089.4094765317966,1104.4036580138816,NO
1088.4142756004085,1105.4142756004085,NO
1087.417987289072,1106.417987289072,NO
1086.4165182178263,1107.4165182178263,NO
1085.4338793861532,1108.4261037753706,NO
1084.4532090753974,1109.4499009769004,NO
1083.470260844497,1110.4650741276287,NO
1082.4910008318866,1111.4855249893908,NO
1081.5180739883222,1112.5102834258216,NO
1080.5299635706538,1113.5299635706538,NO
1079.5450004954857,1114.5387600335403,NO
1078.5622498099108,1115.560074792026,NO
1077.997962082757,1115.9979939667226,NO
1077.003510391034,1117.0034099636234,NO
1076.0073396478747,1118.0072817032408,NO
1075.0102800700295,1119.0100127078845,NO
1074.017661887017,1120.0171121016774,NO
1073.023376999063,1121.022947500331,NO
1072.0257515690068,1122.0254783425585,NO
1071.0302153041696,1123.029654276184,NO
1070.03295123836,1124.0325992895691,NO
1069.0350613588598,1125.0347808669528,NO
1068.036806952453,1126.0364159085882,NO
1067.0359849290662,1127.0364653701947,NO
1066.0333995566884,1128.0333995566884,NO
1065.0394989081522,1129.0377548006802,NO
1064.0519646588846,1130.0496429783113,NO
1063.0592927816633,1131.058024484039,NO
1062.064434242235,1132.0632185020183,NO
1061.0672711961536,1133.0663608977889,NO
1060.0796856394998,1134.075412948232,NO
1059.088327296329,1135.087341777551,NO
1058.0896511431658,1136.0891488988416,NO
1057.097031193165,1137.09405809126,NO
1056.089110784525,1138.0939690478228,NO
1055.0700112230268,1139.0734828544207,NO
1054.068609376098,1140.0668109655055,NO
1053.0742535539778,1141.0732687574302,NO
1052.0789077647958,1142.0770215229873,NO
1051.0858497111026,1143.084008433449,NO
1050.0995588615374,1144.0947219933726,NO
1049.0989231976685,1145.101709767808,NO
1048.0874166053618,1146.089566188943,NO
1047.084502203903,1147.0838297735318,NO
1046.086378694982,1148.0854646300422,NO
1045.088756375655,1149.0878183936936,NO
1044.0893727951361,1150.0891360502649,NO
1043.0919624816731,1151.0902706670731,NO
1042.1073760306106,1152.1003762916216,NO
1041.1370149746062,1153.1259653768382,NO
1040.1554782413261,1154.15148593802,NO
1039.155677213287,1155.1565823085436,NO
1038.151479529426,1156.1519148160914,NO
1037.1451579933905,1157.1472287213733,NO
1036.141793405932,1158.1413951058582,NO
1035.1573201867598,1159.149432267757,NO
1034.1729011561779,1160.1684166882746,NO
1033.184695237397,1161.17983483803,NO
1032.1766488568142,1162.183005032773,NO
1031.1597513658548,1163.1644156379143,NO
1030.1457514454787,1164.1499039028097,NO
1029.1462210954642,1165.1433936168305,NO
1028.144052022306,1166.1456660458812,NO
1027.142289862419,1167.1411187504248,NO
1026.1390881898774,1168.1390881898774,NO
1025.141288039526,1169.1393709806403,NO
1024.140861637088,1170.1400971216221,NO
1023.151372631587,1171.145277080479,NO
1022.1752778870011,1172.164713199512,NO
1021.2025196654675,1173.1926829943834,NO
1020.2320107482279,1174.2203760015195,NO
1019.2771868621662,1175.2601554147182,NO
1018.3370272306349,1176.3172988050903,NO
1017.4335609581918,1177.4006701543028,NO
1016.9847250732098,1177.9863569287943,NO
1016.0089019190602,1179.0079928808318,NO
1015.0340900532998,1180.0304481344472,NO
1014.0590087537479,1181.0528282874106,NO
1013.0815248791301,1182.0745428999387,NO
1012.1000434976525,1183.0921820332017,NO
1011.1209711510971,1184.1113678115546,NO
1010.143629823131,1185.1338025167952,NO
1009.160056077837,1186.153097116209,NO
1008.1827308041303,1187.1721157469144,NO
1007.2078644821534,1188.1977537639357,NO
1006.2458736456922,1189.2305521363483,NO
1005.3037568824699,1190.283697454251,NO
1004.3883646559722,1191.3609506724488,NO
1003.5100878476628,1192.4732583940392,NO
1002.9985283620847,1192.9986857760946,NO
1002.0225215776285,1194.0203793502842,NO
1001.0446298659155,1195.0404912573986,NO
1000.065598678672,1196.059959348313,NO
999.0865168547828,1197.0788410890918,NO
998.111152949202,1198.1004053348845,NO
997.1358300330342,1199.1241874609682,NO
996.1616629978366,1200.1495111452518,NO
995.2009444385275,1201.1837941397418,NO
994.271115320924,1202.2439187959549,NO
993.366162709916,1203.3316552247752,NO
992.4390436802947,1204.4254034914695,NO
992.0146048935513,1205.0132810580815,NO
991.0355906373579,1206.0340088310575,NO
990.0496943617399,1207.044873795444,NO
989.075991406469,1208.0707203253216,NO
988.1029687748144,1209.090061012515,NO
987.1146409367768,1210.1126178552804,NO
986.11355961998,1211.1052277999856,NO
985.1265628516452,1212.1187271929882,NO
984.1375639538046,1213.1287598617494,NO
983.1533203813807,1214.1457386087825,NO
982.1641253010698,1215.1581571023755,NO
981.1808382860428,1216.1726992828792,NO
980.2038813761511,1217.195068061827,NO
979.2288955269803,1218.2181239838553,NO
978.2724397864025,1219.2558276211475,NO
977.3389067599594,1220.3159114681494,NO
976.4425720297411,1221.4103011525724,NO
975.9863213366399,1221.9878129381334,NO
975.0125792841587,1223.0112075654065,NO
974.0368339249362,1224.0332515735402,NO
973.0576881922835,1225.052766234386,NO
972.0773234336987,1226.0707179110043,NO
971.0992989081319,1227.0902944707398,NO
970.1241127159046,1228.1127146105655,NO
969.1513497112105,1229.139369522794,NO
968.1725766030214,1230.1635684922376,NO
967.1914597481878,1231.1838664438615,NO
966.2187701595818,1232.2067044709572,NO
965.2733626939402,1233.251693696262,NO
964.3699408145009,1234.3365905474304,NO
963.4803851165512,1235.458754279802,NO
962.9994396047412,1235.999471325224,NO
962.0174549654845,1237.0159588258678,NO
961.0356537311707,1238.032801432215,NO
960.0581375800248,1239.0523386916364,NO
959.0819073547681,1240.0744805219622,NO
958.1001332781506,1241.0925711299424,NO
957.1194692160469,1242.1084271304371,NO
956.1368194943587,1243.1289398384956,NO
955.1490298827453,1244.142300777553,NO
954.1715211462111,1245.162186657565,NO
953.1968670048576,1246.1874129400644,NO
952.2238142708967,1247.2133587011779,NO
951.2655008586784,1248.2494098857032,NO
950.3191822511111,1249.3017909300586,NO
949.4027462444992,1250.3741246839763,NO
948.5548092882843,1251.5063013508404,NO
948.0056419669883,1252.0049618774547,NO
947.0338109742887,1253.0300402344433,NO
946.0579567973411,1254.0523060092282,NO
945.0807753876808,1255.0732661191475,NO
944.1010849769092,1256.0928750345302,NO
943.1202489328845,1257.1113187914614,NO
942.1407202775503,1258.1315108347612,NO
941.1613160645239,1259.152596266521,NO
940.1887223032671,1260.176665040894,NO
939.2167570633407,1261.2060917251454,NO
938.2539173251271,1262.2386899017927,NO
937.3398399393137,1263.3062353499258,NO
936.5085536723726,1264.455598332861,NO
936.005558814064,1265.0048914722568,NO
935.0281699111096,1266.025963390842,NO
934.0432753230124,1267.0406697395322,NO
933.0554219683875,1268.052395020108,NO
932.0670746845901,1269.0629364005952,NO
931.0833408328227,1270.0771910037004,NO
930.1020284909238,1271.0932351638833,NO
929.12581139337,1272.1148852482079,NO
928.1510738864266,1273.138781781516,NO
927.218496731744,1274.1868922049407,NO
926.4683884915205,1275.3505260438078,NO
926.0361749287352,1276.0253041796298,NO
925.1235742237843,1277.0936880625086,NO
924.1780244277821,1278.1472610077492,NO
923.2307813190232,1279.200858302935,NO
922.2421145972489,1280.2175866514053,NO
921.347753202943,1281.2952190646643,NO
920.0381227761504,1283.0301160824642,NO
919.0960143212989,1284.0754074759611,NO
918.1547266223205,1285.128809922052,NO
917.2265249344385,1286.1942086102777,NO
916.3939253566076,1287.323866889477,NO
915.9879013409416,1287.9909502585201,NO
915.0579567019441,1289.043853678415,NO
914.1232569551573,1290.0980963627674,NO
913.1884187121105,1291.158132701612,NO
912.2851709533487,1292.241811611991,NO
911.5367456182432,1293.433210936095,NO
911.020307700444,1294.015236700099,NO
910.0883799146129,1295.068082136262,NO
909.1532938031246,1296.1246117690239,NO
908.2180338911472,1297.1877092881423,NO
907.3590551325503,1298.2942800337737,NO
906.0648180587926,1300.0500024998482,NO
905.1082070407577,1301.0912868977566,NO
904.1529640658371,1302.1289545136362,NO
903.2376509072753,1303.1965190258402,NO
902.562068880884,1304.4191700071958,NO
902.0611654236466,1305.041236837242,NO
901.1774904108883,1306.1259452522784,NO
900.2456890308796,1307.2072076127115,NO
899.3416521293188,1308.3002017077893,NO
898.3247611023371,1309.2919332530623,NO
897.0526199064865,1311.0480175802986,NO
896.0921878025108,1312.0703358812054,NO
895.1488643509401,1313.1228751953124,NO
894.2168652927032,1314.1816172137112,NO
893.3253038342202,1315.2771849327314,NO
892.9699688417764,1315.9768104736422,NO
892.03272881592,1317.0255434805251,NO
891.0946686347168,1318.0737841621174,NO
890.156153711928,1319.1282691183615,NO
889.2238752590746,1320.191937809725,NO
888.3384313415822,1321.2864449633096,NO
887.3584103141432,1322.4871800609017,NO
886.1110637083447,1324.0841956054558,NO
885.1852069752179,1325.1520210105632,NO
884.2604529171344,1326.2254723816668,NO
883.4480828659375,1327.3662145577587,NO
883.0046581252121,1328.003499061321,NO
882.0773911687897,1329.0582753630545,NO
881.1438176708554,1330.115746796453,NO
880.2048675740255,1331.174955776905,NO
879.3015657204073,1332.2546153599935,NO
878.5387745366145,1333.4489787944462,NO
878.0236560767208,1334.017588988528,NO
877.11247340933,1335.079802567377,NO
876.2381915417722,1336.1755774999317,NO
875.4040423430014,1337.3258405772385,NO
874.9994349649348,1337.9995837642343,NO
874.0915797940302,1339.0633850855736,NO
873.1932431509698,1340.1464867630195,NO
872.3408550812941,1341.26781470304,NO
871.0647222470719,1343.0455727729832,NO
870.1633097538885,1344.1201040180297,NO
869.2942258096251,1345.2317132416906,NO
868.3106674981047,1346.5046152991226,NO
867.1628047672392,1348.1178794007633,NO
866.2793101188101,1349.223686488768,NO
865.5742506173856,1350.4395854991033,NO
865.035877961307,1351.0244970995277,NO
864.1455787341787,1352.1017151503847,NO
863.2816372295284,1353.2157896439974,NO
862.9550719944572,1353.9684817635248,NO
862.0520199621868,1355.036023212738,NO
861.1346448879589,1356.102396606251,NO
860.2326885072871,1357.1814657935922,NO
859.4568497709048,1358.3513116970048,NO
859.0138373472917,1359.0094907001944,NO
858.1143796922727,1360.0800523737657,NO
857.2307326719008,1361.1752036424705,NO
856.4881017991021,1362.3512051062423,NO
856.0442875714539,1363.0309345361939,NO
855.1291867275661,1364.0947583822913,NO
854.2497741424759,1365.184204199026,NO
853.5639738293838,1366.4100774799956,NO
853.0637186230382,1367.0391884505436,NO
852.204960094656,1368.142145380796,NO
851.3269319613892,1369.2728041627927,NO
850.3804409527872,1370.3260922623126,NO
849.9931474833115,1370.994732643714,NO
849.0835458800744,1372.0570203055008,NO
848.1902197723265,1373.1414578545443,NO
847.3361805086716,1374.266625934781,NO
846.061671082061,1376.0428271395742,NO
845.1644328868899,1377.119642573696,NO
844.2896547538089,1378.2291546223687,NO
843.9553029657493,1378.9672986684302,NO
843.0439741169268,1380.0302666005314,NO
842.1471985546879,1381.105394869668,NO
841.2629021429747,1382.2071683612694,NO
840.5558317740512,1383.4175651726616,NO
840.0433417463993,1384.0283179272578,NO
839.1557272517286,1385.1108501860422,NO
838.2559052889322,1386.2071267508823,NO
837.4281828587831,1387.3436371996024,NO
837.0020891007225,1388.0014942381708,NO
836.0983137909411,1389.0680806211258,NO
835.2198214951491,1390.1612774823484,NO
834.4806940722667,1391.3593687596876,NO
834.0269120017796,1392.01792052037,NO
833.1284181972242,1393.0916374700084,NO
832.2403169592908,1394.1828785783778,NO
831.4416869669305,1395.3419512152404,NO
831.0174181962955,1396.0120366300646,NO
830.1301966802575,1397.0875868586481,NO
829.2558769716568,1398.1948488451771,NO
828.4057957215987,1399.322792070237,NO
828.0037453245359,1400.0027761595438,NO
827.0910499543473,1401.0642642056475,NO
826.1943507560635,1402.1451417459452,NO
825.3523817321595,1403.2780259665774,NO
824.0650576554913,1405.0457981625536,NO
823.1647654150898,1406.120530362199,NO
822.3222293676881,1407.2430689842522,NO
821.0691439028717,1409.0488220394877,NO
820.1560264975312,1410.1179999330527,NO
819.2586034695427,1411.2063750091522,NO
818.5259114210377,1412.3957183695004,NO
818.0320740523223,1413.0215033716968,NO
817.1409759812042,1414.0990047443256,NO
816.2595994117675,1415.2019916854495,NO
815.4676539625468,1416.3683156996299,NO
815.015709800849,1417.0111436304155,NO
814.1139283811438,1418.079736508891,NO
813.223860492564,1419.1708722305768,NO
812.4179411378203,1420.324919743882,NO
812.0042754088859,1421.0029947565579,NO
811.1010252354972,1422.0702320766202,NO
810.2288429805934,1423.1648267676874,NO
809.4579970183321,1424.351106282369,NO
809.0307845311752,1425.0198937783655,NO
808.1627622115046,1426.1090547788351,NO
807.2667540194649,1427.2168633794718,NO
806.345690765391,1428.2947235309118,NO
805.0638984818797,1430.0441812362808,NO
804.1715997500796,1431.1234093365522,NO
803.3643332470402,1432.2667534467716,NO
802.1001415872872,1434.0658527403439,NO
801.2351737116043,1435.1700864689626,NO
800.543418057873,1436.3861810262504,NO
800.0413824751554,1437.0259378647047,NO
799.1768424886072,1438.1190980038282,NO
798.3710517475456,1439.2748733834926,NO
797.1026002869011,1441.0673897362244,NO
796.2489406938469,1442.1761434137572,NO
795.6010543372822,1443.428202094042,NO
795.049258568496,1444.0313661985674,NO
794.1799644936744,1445.123317073067,NO
793.3763940933386,1446.2792241195223,NO
792.1156467751813,1448.0755843808854,NO
791.2778854662921,1449.1949005041752,NO
790.621852395786,1450.4523525819784,NO
790.0508531185434,1451.034172369635,NO
789.1686542946176,1452.1174124354518,NO
788.3597212249285,1453.2633117740777,NO
787.1145875594727,1455.074037172026,NO
786.2640381380136,1456.189810542942,NO
785.9446885644189,1456.961307368345,NO
785.0519653344742,1458.0332048721118,NO
784.1823535564943,1459.1257000182275,NO
783.3823756481186,1460.283367648806,NO
782.1153169020405,1462.0761224853713,NO
781.2585485248076,1463.1866526768124,NO
780.6008543052174,1464.4311548966916,NO
780.0552863477494,1465.0339008602643,NO
779.1913202693297,1466.133008548318,NO
778.3515263685406,1467.2657125850624,NO
777.1061136897739,1469.0701797335998,NO
776.2564403085776,1470.1801108198363,NO
775.943551566346,1470.9618349768887,NO
775.0502990569211,1472.0327307560792,NO
774.1740239393303,1473.120670492123,NO
773.3640405551604,1474.269855665208,NO
772.110137602459,1476.0717638697574,NO
771.2550605677084,1477.1836301367782,NO
770.9416302956117,1477.960250494228,NO
770.0529121314313,1479.0338731107613,NO
769.1822249694962,1480.125444731589,NO
768.4029466541268,1481.292943416762,NO
767.3215715972632,1483.1583740136284,NO
766.179226099946,1485.1641903554455,NO
765.1215484590809,1486.11653615149,NO
764.1777428384668,1487.130609053102,NO
763.3764944899664,1488.2739133987234,NO
762.1156731891141,1490.07667630096,NO
761.2508982022396,1491.18452300664,NO
760.9399018943294,1491.9592360434938,NO
760.0552078009397,1493.0344821508425,NO
759.1873759273908,1494.1298986459653,NO
758.378712570198,1495.2822109894564,NO
757.1096814721509,1497.0729961998063,NO
756.2487739425019,1498.1798326705682,NO
755.6143129524936,1499.4362222501109,NO
755.0523171069399,1500.032462850515,NO
754.1915169803905,1501.1305690985705,NO
753.3848433850538,1502.2884891489218,NO
752.9956381704371,1502.9970824205443,NO
752.1087116169127,1504.0721864851096,NO
751.2525692034421,1505.1811622140888,NO
750.9412348309374,1505.9602509733475,NO
750.0532135154679,1507.0338206662022,NO
749.1827095907322,1508.1263889187476,NO
748.3816394669693,1509.2809134959346,NO
747.1225671788598,1511.0808242981393,NO
746.2650689866543,1512.1946211205345,NO
745.9472236635733,1512.9642023278661,NO
745.0636909118858,1514.0398943053774,NO
744.1951889908036,1515.1369959909282,NO
743.4174309091491,1516.3024499449455,NO
743.0117957942456,1517.007419308512,NO
742.1421925970769,1518.0936876460223,NO
741.3062486562995,1519.223270681923,NO
740.0869912734604,1521.0549011592777,NO
739.2319935478454,1522.1623954885554,NO
738.5441388747905,1523.3866932760973,NO
738.0389148781999,1524.02477180397,NO
737.1617025647041,1525.1115921165754,NO
736.3422052189079,1526.2494038006164,NO
735.1071389943767,1528.0689864740664,NO
734.2568542057928,1529.1827940216247,NO
733.2832229492799,1530.5162051802788,NO
732.1877652573498,1532.13300039348,NO
731.4171039292474,1533.2981066383468,NO
731.0079941225188,1534.005040332803,NO
730.134792963518,1535.089095237485,NO
729.3070946080315,1536.2195914089568,NO
728.0963436429558,1538.0610959663818,NO
727.2441857530832,1539.1719042430657,NO
726.9367640641027,1539.9576545087912,NO
726.0564278912752,1541.0347674598604,NO
725.2077067670849,1542.1382985209498,NO
724.4644677328903,1543.332178030709,NO
724.028528474649,1544.01834439646,NO
723.1429687979534,1545.0992695451757,NO
722.3100897900009,1546.219664699114,NO
721.0832527078553,1548.053880406536,NO
720.2190137422476,1549.1544505978527,NO
719.4899110138282,1550.3516725563773,NO
719.0280048208009,1551.0175561663416,NO
718.160158448488,1552.107395969097,NO
717.3465614525759,1553.252896201343,NO
716.1070554528839,1555.0691299779648,NO
715.2553941671134,1556.1823286491967,NO
714.9428755188785,1556.9615545185725,NO
714.0563345559573,1558.0360835719982,NO
713.1844301392102,1559.1277505289056,NO
712.419222488381,1560.3015677248413,NO
712.0097942043534,1561.0060740882388,NO
711.1432208046574,1562.094060342495,NO
710.303756250111,1563.2242608258975,NO
709.0844380567364,1565.0538176629289,NO
708.2268603649404,1566.1588594079838,NO
707.5694624708415,1567.3970069587756,NO
707.0411429994023,1568.0257309806755,NO
706.1725580006406,1569.11782954541,NO
705.3751138610613,1570.2733513639478,NO
704.125936463521,1572.082343074372,NO
703.2820769552109,1573.203533439844,NO
702.373261092502,1574.570437355617,NO
701.2035488536734,1576.142584962974,NO
700.4691230391809,1577.333867544608,NO
700.0214804101685,1578.0134598281356,NO
699.1497741863715,1579.1007697298728,NO
698.3386743357452,1580.2419102504498,NO
697.125211341565,1582.0787955886533,NO
696.3103546361276,1583.2149247518514,NO
695.1080531923956,1585.0679191510271,NO
694.2831956493915,1586.1934557155193,NO
693.0971261333111,1588.0603070732102,NO
692.2632205617676,1589.1798505701677,NO
691.3779566473431,1590.6038062308705,NO
690.2397856658615,1592.16425317843,NO
689.2829407053329,1593.5507033542992,NO
688.2257676934929,1595.1534775399598,NO
687.9297827722387,1595.9556881539227,NO
687.065119519784,1597.039182673284,NO
686.2245873922072,1598.1489022596973,NO
685.9280824990972,1598.953907066343,NO
685.055667645704,1600.0340191181153,NO
684.2067802192447,1601.1376046526652,NO
683.570646791267,1602.3795546115543,NO
683.0441271155186,1603.0267196005718,NO
682.1908393443418,1604.1266992664653,NO
681.4984524558071,1605.337517110905,NO
681.0298196410666,1606.017992441779,NO
680.1710906677536,1607.1135311597484,NO
679.4404691685455,1608.2970310652588,NO
679.018874705144,1609.0111039285707,NO
678.1705953292018,1610.1094865558246,NO
677.4232843354915,1611.29238426536,NO
677.0129296214633,1612.0077686955942,NO
676.1590822691057,1613.1019291469543,NO
675.3848889919698,1614.268057451218,NO
674.1398701861111,1616.0898940943796,NO
673.335233919237,1617.2343427256328,NO
672.1280045934035,1619.0798612770138,NO
671.3152981312628,1620.2195220884144,NO
670.1090171976484,1622.0692875525995,NO
669.2739454570624,1623.1903088172717,NO
668.0919227445589,1625.0573399198463,NO
667.2586217855832,1626.1745860028468,NO
666.0884234509085,1628.0546565660009,NO
665.2412645858396,1629.166796469471,NO
664.2902798005026,1630.5526408339674,NO
664.0743896610622,1631.04549122433,NO
663.2798416906217,1633.0454396403431,NO
663.1644047208633,1634.0151510238934,NO
662.3912529359935,1636.1806149292772,NO
661.2767461544635,1638.1446848379344,NO
660.1902058175915,1640.099691208964,NO
659.3045266343714,1641.6527636675364,NO
658.5004295035394,1643.2665331011053,NO
658.0496570922662,1644.0262649087904,NO
657.3221623582089,1645.1715307537588,NO
656.2122368893035,1647.112780592917,NO
655.3905311971841,1648.695689420237,NO
654.5552874535358,1650.2981668932423,NO
654.0581992574485,1651.0314119838708,NO
653.331457626853,1652.177914759712,NO
652.229413918185,1654.1196045546549,NO
651.1462933160636,1656.078002213731,NO
650.6145158423697,1657.3237958828897,NO
650.0731753959958,1658.0387754162768,NO
649.3742318743758,1659.198619929036,NO
648.2559935621955,1661.132531521912,NO
647.1720509146701,1663.0918354567712,NO
646.9016605918486,1663.9460786042625,NO
646.1009314932578,1665.0520970713385,NO
645.4312964248666,1666.2376998907419,NO
645.0235231559161,1667.0130468642647,NO
644.2732250864121,1668.1416722626122,NO
643.2045936032035,1670.105342022957,NO
642.356520077344,1671.6713950284336,NO
641.5137709785777,1673.2740579083834,NO
641.0513591199752,1674.0272894809862,NO
640.3240883771515,1675.1725050182506,NO
639.2126432332526,1677.1140605979272,NO
638.3833633614369,1678.6869383222772,NO
637.5175267455088,1680.2796485138158,NO
637.0488613466474,1681.0263022774889,NO
636.3218947407739,1682.1688691515294,NO
635.2187557111184,1684.1159551442213,NO
634.1402551925852,1686.07488200687,NO
633.604304614662,1687.3143732440878,NO
633.0899006271104,1688.0430678185146,NO
632.2718754173168,1690.0869223781995,NO
631.9952190047846,1690.9978907374416,NO
631.1793149998923,1693.0646680454215,NO
630.9306590794124,1693.9707680442052,NO
630.0875919054442,1696.035398498353,NO
629.3127199973743,1698.0932673611544,NO
629.0241163012868,1699.0103085371097,NO
628.2251730785929,1701.0776380408188,NO
627.9635044953559,1701.9839706023429,NO
627.1369318916294,1704.0515189292216,NO
626.3694489219881,1706.103883106852,NO
626.0626924160547,1707.0252494018368,NO
625.2664691956965,1709.0901050528714,NO
624.9910223638618,1709.9960618219104,NO
624.1718527657459,1712.0635855225614,NO
623.924629069101,1712.9685646282778,NO
623.0871480018085,1715.0349964429493,NO
622.3020833008786,1717.093620854906,NO
622.0155141024111,1718.0067227773754,NO
621.2311754158144,1720.0779896914398,NO
620.9663505514503,1720.9848247577422,NO
620.1154102020292,1723.0460728481091,NO
619.3358929834642,1725.096617197649,NO
619.034910368767,1726.015196277822,NO
618.245029750693,1728.0811815742002,NO
617.9753723935519,1728.9887968534204,NO
617.1690276138983,1731.0602474669224,NO
616.4034311169432,1733.109947965882,NO
616.074836464527,1734.0309363328302,NO
615.2950095487745,1736.0908653661013,NO
615.0114836374543,1737.0049987597188,NO
614.2127982465431,1739.0745007940236,NO
613.955080118789,1739.9803585613497,NO
613.6459141052458,1740.911753156599,NO
613.2940380224999,1742.0514784689985,NO
613.1896130855918,1743.014871614584,NO
613.1299580521427,1744.0058608534289,NO
613.0939010783193,1745.00257767669,NO
613.0623214339702,1746.0021995798832,NO
613.0226227032949,1747.0010202395772,NO
612.992195948628,1747.9998775835,NO
612.9657094102726,1748.9987225074676,NO
612.9326566976196,1749.9980193147023,NO
612.9060241797235,1750.9977888041587,NO
612.8742434576561,1751.994821789775,NO
612.8453226525808,1752.9975736885108,NO
612.8229424986084,1753.9947924266044,NO
612.7929185648668,1754.9935033277764,NO
612.7688867286988,1755.996374693549,NO
612.746743533291,1756.9925512806408,NO
612.7238357438746,1757.9956680113883,NO
612.7044137808725,1758.993045029918,NO
612.6792663746356,1759.9911955474358,NO
612.6581342920216,1760.995307725563,NO
612.6389423562158,1761.9907965698353,NO
612.6171474151265,1762.9932437775951,NO
612.6003544702646,1763.9937310501082,NO
612.5828889808291,1764.991821352352,NO
612.5687598261712,1765.9966177243236,NO
612.5553939394102,1766.9912822338788,NO
612.536800058756,1767.9918258830041,NO
612.5246004348284,1768.9972035320582,NO
612.5168103255702,1769.995262846285,NO
612.5098416462349,1770.9980778104339,NO
612.5059089407977,1771.99806238806,NO
612.5019873000629,1772.9980470090773,NO
612.5000000004902,1774.0,NO
612.5000000004902,1775.0,NO
612.5000000004902,1776.0,NO
612.488362599906,1777.0105333107642,NO
612.4637099335253,1778.012729292442,NO
612.4457892552739,1779.0043704829357,NO
612.4181326718257,1780.0172172265263,NO
612.379656489121,1781.0141440649923,NO
612.3467642770302,1782.0101989489824,NO
612.3066880391005,1783.0150337278556,NO
612.2729373760216,1784.0058868844612,NO
612.2372612285266,1785.0111652345438,NO
612.1921075401384,1786.008663673522,NO
612.1584206804587,1787.0037275455406,NO
612.1227134265401,1788.005774749619,NO
612.0880807161144,1789.0020724875037,NO
612.0573964854284,1790.0021383003939,NO
612.0177698180228,1791.0007665411754,NO
611.9882718358757,1791.9998160287862,NO
611.961820927101,1792.9985776424112,NO
611.9296608224641,1793.998069120594,NO
611.9012078621104,1794.997094348983,NO
611.8674390727831,1795.9948015322273,NO
611.8403611672455,1796.9978088787598,NO
611.8153098446477,1797.9931193865095,NO
611.7785944827199,1798.9917515593286,NO
611.7476304590748,1799.9940618929666,NO
611.7179164040978,1800.9894910035043,NO
611.689680623404,1801.9945237754487,NO
611.6683127108756,1802.9915452259368,NO
611.641264561275,1803.9894489580386,NO
611.6189643398791,1804.9947700987673,NO
611.6007003621756,1805.9906047141064,NO
611.5892460165644,1807.0008053999254,NO
611.6044460604854,1808.010858343565,NO
611.6088693007753,1808.9930976932174,NO
611.577621720776,1809.978466988871,NO
611.5352337880573,1810.985419099797,NO
611.5130116214877,1811.9952256040879,NO
611.5068769468011,1812.999033092103,NO
611.5039443915224,1813.9980546839454,NO
611.5009889070228,1814.9990215469275,NO
611.5000000004902,1816.0,NO
611.5000000004902,1817.0,NO
611.5000000004902,1818.0,NO
611.5000000004902,1819.0,NO
611.5000000004902,1820.0,NO
611.4872509416742,1821.0114647284024,NO
611.4617280735017,1822.0126748884406,NO
611.4427353049623,1823.005208650506,NO
611.4106412111166,1824.0193242927382,NO
611.3686141963594,1825.0144554587885,NO
611.3303503306726,1826.012954915025,NO
611.315820386903,1826.9975229775018,NO
611.3586866138595,1827.9662412595878,NO
611.4393138935858,1828.9707124084064,NO
611.4890928610107,1829.9904099436517,NO
611.5009965019126,1831.0009784381805,NO
611.5082261674312,1832.0057855743446,NO
611.5349671217101,1833.0173247539358,NO
611.5842708044812,1834.0236395025993,NO
611.6430381604906,1835.0216976812035,NO
611.706920557755,1836.0195386286077,NO
611.7811219411644,1837.017596078489,NO
611.8706102414274,1838.0129389766323,NO
611.9679304344754,1839.003269838045,NO
612.0673743366884,1839.9929983531829,NO
612.1732070910203,1840.9792830732436,NO
612.287765754139,1841.96388821908,NO
612.3997946949734,1842.9623722636857,NO
612.475375653833,1843.9832220368103,NO
612.498911393051,1844.9975519559562,NO
612.506048450589,1846.003874129574,NO
612.5227178191752,1847.0112301693164,NO
612.558152588008,1848.019060084581,NO
612.6122513774312,1849.0235690347495,NO
612.6796391956642,1850.0232418634391,NO
612.7533612408989,1851.0188606120741,NO
612.8330082790999,1852.0140796943942,NO
612.9215309178306,1853.0075391867706,NO
613.0173506474923,1853.998230914378,NO
613.1197340476833,1854.9866179593448,NO
613.2306249411064,1855.9710588309133,NO
613.3460569979372,1856.9606444973886,NO
613.4439508570576,1857.971273766942,NO
613.4913652249454,1858.992292309698,NO
613.5010003292149,1860.000978430676,NO
613.5104173275953,1861.0076797286918,NO
613.5412013582065,1862.018891707532,NO
613.5894979377149,1863.0217324618868,NO
613.645837188881,1864.0208331066142,NO
613.7124341982384,1865.0208626180352,NO
613.7874712420049,1866.016668922227,NO
613.8741819529895,1867.012088401308,NO
613.9709282188884,1868.0030211851233,NO
614.0719607697305,1868.9923806245401,NO
614.1786910291481,1869.9786271512264,NO
614.2923006768823,1870.9644654078138,NO
614.4013574889899,1871.9630121515152,NO
614.4754076564326,1872.9832209073068,NO
614.498911393051,1873.9975519559562,NO
614.507093444843,1875.0048324172524,NO
614.5246968318912,1876.0111836043097,NO
614.5612772310221,1877.0197855369674,NO
614.614869310548,1878.022654746523,NO
614.6820051756832,1879.0230702138997,NO
614.7652508625816,1880.0216337448908,NO
614.8585407481213,1881.0138685542095,NO
614.9693329201797,1882.003788286347,NO
615.1314791616761,1882.964775455882,NO
615.3708889728136,1883.8907763480058,NO
616.1724689730806,1885.933159612415,NO
617.0314549126898,1887.9858313985826,NO
617.3469496124368,1888.8880568543304,NO
618.2037872971265,1890.9208874539233,NO
619.0635708058393,1892.972344195501,NO
619.9710337186401,1895.0135743943401,NO
620.2475440611267,1895.9091229107637,NO
621.1102201957181,1897.953891950112,NO
621.9965229539487,1900.0015798549982,NO
622.2851033987365,1900.8989696650965,NO
623.1466083496845,1902.941327249372,NO
624.0206930376941,1904.9906495117948,NO
624.3272746688734,1905.8897454167268,NO
625.1861304005165,1907.9235604120786,NO
626.0700959893496,1909.9704162911212,NO
626.9746457566418,1912.0121325498453,NO
627.2688751790604,1912.8739552146535,NO
628.2488086042265,1914.9087339594575,NO
629.0122807330129,1916.9951190416596,NO
629.2802098846679,1917.905821578456,NO
630.111266071391,1919.9536760777755,NO
630.9988592255428,1922.0005199600841,NO
631.2901858049686,1922.897347152646,NO
632.150192509388,1924.9404954451802,NO
633.0189455277888,1926.9915033303987,NO
633.321036810837,1927.8936671749252,NO
634.172475289284,1929.9328108336963,NO
635.0357907882102,1931.9838783398457,NO
635.3561967161477,1932.8866126243436,NO
636.157218067656,1934.9395315135985,NO
