X,Y,is_wing_root
331.5279329596363,1337.0,NO
331.5637856836722,1338.0255879904316,NO
331.6537180535806,1339.0357889153952,NO
331.7898978328571,1340.032865144101,NO
331.9620266391437,1341.008061383746,NO
332.1531455595524,1341.9587435798333,NO
332.9175353702165,1344.0317710750273,NO
333.16714549970106,1344.9290821914078,NO
333.3393390993878,1345.2747429423216,NO
334.17658820819173,1346.899990496274,NO
335.0079600492312,1347.9947099359895,NO
335.4413991856138,1348.6606130754844,NO
336.2393802841732,1349.7901728352215,NO
337.1926016584647,1350.8032563703855,NO
338.2248650670963,1351.7393732497933,NO
339.3938419683824,1352.467584021787,NO
340.0202701291441,1352.9686911982672,NO
341.1271784143442,1353.770925633902,NO
343.0978524443005,1354.7634015655701,NO
343.9885211219613,1355.0291891460245,NO
346.0584605313489,1355.7823277936582,NO
347.00520299544064,1355.9767165940877,NO
347.9739843498812,1356.1526820135343,NO
348.962225024348,1356.3005209114915,NO
349.97025054847967,1356.4096270693612,NO
350.98960593315786,1356.4651344749375,NO
352.2355664787661,1357.3080306738286,NO
354.06978722187205,1357.964831636442,NO
355.00567067689667,1359.9972091375753,NO
355.3095752681438,1360.8972418252097,NO
356.21893486844135,1362.8944633923252,NO
357.22659406100456,1364.9202641164172,NO
358.1385991436341,1366.9334221633135,NO
359.1024448440506,1368.9477531287803,NO
360.0490263692191,1370.9754868153905,NO
361.04681249654834,1372.9764557968124,NO
362.03192500788344,1374.9839746517432,NO
362.4147491962723,1375.753999483153,NO
363.17116338805226,1376.824984831311,NO
364.5141873994505,1377.4439448877313,NO
365.41407107081756,1378.6777827157935,NO
366.2717234073691,1379.8100491460432,NO
367.0818027870553,1380.9120715754477,NO
368.1162784739732,1381.8310297440494,NO
369.1716591014547,1382.8384250060803,NO
370.1453655567954,1383.8696470080306,NO
371.1139565511549,1384.9018476428562,NO
372.0737944578832,1385.9408079792315,NO
373.0138475895978,1386.9899247389544,NO
373.486276414329,1387.631233945718,NO
374.22816791319485,1388.8051458621126,NO
375.2197100502604,1389.7020812246014,NO
376.3242025684075,1390.7442975360525,NO
377.1928322658473,1391.8153850158128,NO
378.1792044701035,1392.8129700106904,NO
379.1830054143848,1393.8226811914476,NO
380.19109723145675,1394.8094980889753,NO
381.1646466946707,1395.8402949505632,NO
382.14755406327237,1396.857918137698,NO
383.14168469132414,1397.8550721660204,NO
384.14418884869855,1398.8541123088787,NO
385.1432423249379,1399.858014183099,NO
386.1525665375475,1400.8388246906086,NO
387.16473286049427,1401.8479569744838,NO
389.0768593261407,1402.85209144566,NO
391.07209859739805,1403.8345775220098,NO
393.0851729569629,1404.8019472196272,NO
395.098259858587,1405.760622266619,NO
397.1198690241222,1406.5796867110903,NO
398.0287450657983,1406.9525878217867,NO
400.0675783536934,1407.8784637296321,NO
402.09173715892274,1408.8254705664472,NO
404.0937812406653,1409.8200042215256,NO
406.0842562071916,1410.8217905864954,NO
408.08445993721415,1411.740795360899,NO
408.99004540064476,1412.0171407598925,NO
411.04644607011664,1412.922173859696,NO
413.0897915216183,1413.8275834171873,NO
415.08128124684765,1414.8457462528415,NO
417.07664036618115,1415.8351860003136,NO
417.9424097417453,1416.0966653064133,NO
419.0173189885862,1416.433886223683,NO
420.0395771148405,1416.203882099439,NO
421.00687270399004,1416.0340298941255,NO
421.9902504841948,1415.8889451700445,NO
424.0330634692775,1416.9477782591146,NO
424.9502994691936,1417.2283537969681,NO
425.962609876961,1417.4145426684763,NO
426.9895229727076,1417.4857530934287,NO
428.00673573877833,1417.4907466809834,NO
429.01376373390383,1417.4679669684263,NO
430.01932900691315,1417.4285997114214,NO
431.0283863540778,1417.3619260138155,NO
432.02722720057886,1417.2722719894791,NO
433.01501069451217,1417.186718403117,NO
434.00944922941267,1417.0983491166596,NO
434.997758630209,1416.9841236299103,NO
435.9798941656535,1416.8555778171522,NO
436.9837048335446,1416.7481656192394,NO
438.0083326821813,1416.711229474956,NO
439.0387509977652,1416.8316028042532,NO
440.60131952819216,1417.6630110674212,NO
441.0441101188546,1417.8949038571927,NO
441.96393885331867,1418.1313656046077,NO
442.94751328801584,1418.3476392719438,NO
443.98237160958024,1418.4731831209224,NO
445.0019376391697,1418.4940980027618,NO
446.0,1418.4921568632053,NO
447.01751378357324,1418.4701068318209,NO
448.0398362239762,1418.3907014284716,NO
449.0222042614369,1418.3145603730975,NO
449.9966064736883,1418.2884497442863,NO
451.00447438047405,1418.285241736755,NO
452.0270572575241,1418.1890301478995,NO
453.00803970278844,1418.048969099945,NO
455.20622698520623,1418.7874880014742,NO
455.9255587835634,1419.1707769037234,NO
456.95773117598856,1419.3919472702548,NO
457.9859168829903,1419.4788259943905,NO
459.0076496021307,1419.4876621042633,NO
460.0162563155749,1419.4605956371427,NO
461.01813141252404,1419.4203191053773,NO
462.0241077065742,1419.3616156148144,NO
463.03017841515685,1419.2653619204095,NO
464.0189708342046,1419.1511738350325,NO
465.00462911577137,1419.0472169805146,NO
465.99884351936095,1418.9754247869932,NO
466.9978329540586,1418.9349886173964,NO
469.38967610435265,1419.4999886064438,NO
470.00761596332535,1419.9862345010033,NO
470.94705778269474,1420.2596204906065,NO
471.96586137004283,1420.4352675311409,NO
472.9941941230623,1420.493499553036,NO
474.0058069155025,1420.4935878310446,NO
475.02814886056615,1420.4486224619238,NO
476.04461843776545,1420.3346382756947,NO
477.0344389291544,1420.1868495094832,NO
479.0678673222086,1420.9321326777913,NO
479.88751218763935,1421.3307809941234,NO
481.0369944691544,1421.4192706420542,NO
482.04634616643204,1421.2780769985925,NO
483.02359328958096,1421.114595978961,NO
485.1406708525071,1421.8722347267585,NO
485.8909547767008,1422.2368913474352,NO
486.99708057183676,1422.496302803463,NO
488.01051800926615,1422.487653166797,NO
489.03976866842726,1422.4139187694293,NO
490.7309789442752,1422.6138344422295,NO
491.1230590030513,1422.8054237365964,NO
491.9458401813705,1423.0926601691806,NO
492.98137443438344,1423.452335194849,NO
494.0344711618183,1423.4287876409103,NO
495.04951249167357,1423.28057078615,NO
496.02535466053195,1423.1346966298636,NO
498.0200438425647,1423.9811333851414,NO
498.8928851869501,1424.511256107019,NO
500.0149976184607,1424.4499285840077,NO
501.0091215605843,1424.4229087265928,NO
502.0391903056689,1424.3331176094312,NO
503.0392868109897,1424.2059959250175,NO
504.9858169848466,1425.0213227642264,NO
505.9493195299714,1425.35898667936,NO
507.02086431544984,1425.4433666929742,NO
508.01797791611375,1425.3986407420161,NO
509.00722881746907,1425.3686696813056,NO
509.96250248337634,1425.4267574582414,NO
511.06837805221375,1425.8162092856758,NO
511.97256968328657,1426.0676887439713,NO
512.9353038715999,1426.336683915265,NO
514.0075561609498,1426.4817052293656,NO
515.0185381080854,1426.4502112260939,NO
516.0585304500396,1426.4891371560886,NO
517.0652191408469,1426.8612494762087,NO
517.9619459155494,1427.1041308088136,NO
519.0052729551495,1427.2988007777017,NO
520.0308685998066,1427.1830579725738,NO
520.9917181550755,1426.9770389578532,NO
521.8447351412207,1426.6714366820981,NO
523.9872838468239,1426.209201222318,NO
524.977844390622,1426.2755941771904,NO
525.9759985076486,1426.3497360388694,NO
526.9722072532877,1426.4168912193618,NO
527.9833446334268,1426.4719020828131,NO
529.0130898783675,1426.4768455635162,NO
530.0221944765519,1426.4353531774134,NO
531.017453081505,1426.3870031052313,NO
532.0344032540885,1426.2876337611428,NO
533.0248130046357,1426.071318812135,NO
533.9270428139679,1425.826975859518,NO
534.9297497418376,1425.4642654279962,NO
535.9802434217579,1425.4198272778578,NO
536.982741576627,1425.4632524263086,NO
537.9922890829251,1425.4915709316992,NO
539.0,1425.5000000004902,NO
540.0009783279637,1425.498947287533,NO
541.0319264201653,1425.4522909562834,NO
542.0497220162251,1425.3336609110522,NO
543.0047586179825,1425.2696550062835,NO
543.9989707789756,1425.262451368917,NO
545.0169338674996,1425.034023091457,NO
545.7568706894124,1424.6865314059887,NO
547.962301005243,1424.2235638024245,NO
548.9753728985264,1424.3588520577002,NO
549.986117743609,1424.41646771967,NO
550.9903968550203,1424.4452367308343,NO
551.9871138696304,1424.469423315108,NO
552.992287945934,1424.4916434148856,NO
554.0141742461021,1424.4819243836366,NO
555.0581713138635,1424.344969413725,NO
556.0378413829186,1424.13331399562,NO
556.9686615543868,1423.9099611405097,NO
557.9135744990149,1423.639504450745,NO
559.0029435622994,1423.4226114356595,NO
559.9917044512443,1423.4230729755027,NO
560.9904360929285,1423.443417518694,NO
561.9862266100515,1423.4682952739568,NO
562.992288140469,1423.4916310132799,NO
564.0,1423.5000000004902,NO
565.0,1423.5000000004902,NO
566.0168857097334,1423.4784284727625,NO
567.0523817884705,1423.356196157307,NO
568.039926687651,1423.1313759229774,NO
568.9584153118404,1422.8967440245458,NO
569.892720740096,1422.5699251054855,NO
571.0275691929519,1422.2991550606457,NO
571.9989766343888,1422.260958238529,NO
572.9667605944691,1422.3082199367368,NO
573.9594278168903,1422.4057218067937,NO
574.9857986074576,1422.4828473626392,NO
576.0,1422.5000000004902,NO
577.0320666592082,1422.4542776760757,NO
578.0482116971989,1422.3278395370025,NO
579.0303717825389,1422.1630485196488,NO
579.9866538547266,1421.956796133238,NO
580.9288302963064,1421.728236136182,NO
581.9671640954751,1421.492867669437,NO
583.0052109735283,1421.4429327618639,NO
584.0042382128227,1421.4322977038855,NO
584.995761737838,1421.4323027364924,NO
585.9858291221943,1421.4516967475217,NO
586.9887206034389,1421.4793743386635,NO
587.9961104916524,1421.4959123431838,NO
589.0,1421.5000000004902,NO
590.010517217751,1421.4876164692769,NO
591.0409990211651,1421.4099901870923,NO
592.0463722538367,1421.243812879167,NO
593.0052054453074,1421.014410554548,NO
593.9125053518495,1420.7613061386762,NO
595.0102798893839,1420.4000932883232,NO
595.9948228437646,1420.3771928103292,NO
596.9984853360361,1420.386239322125,NO
597.9937911347505,1420.3958151340303,NO
598.995993523166,1420.408660633258,NO
599.9950656409508,1420.4194205305175,NO
600.9888505653917,1420.4374008947948,NO
601.9891335517588,1420.4618240356247,NO
602.995302110356,1420.4791847392341,NO
603.9961715847653,1420.488122970832,NO
604.9961100160818,1420.4959729784287,NO
606.0,1420.5000000004902,NO
607.0048500644361,1420.494706567875,NO
608.0258197319272,1420.454071160655,NO
609.0496723815722,1420.3206698107176,NO
610.028462602632,1420.0994241635099,NO
610.9550211972594,1419.8748090036638,NO
611.8961565842859,1419.5613919651007,NO
613.033980975648,1419.279520927973,NO
613.9972481142286,1419.2339102968858,NO
614.978507067511,1419.274034888722,NO
615.9929384909268,1419.3273972455047,NO
616.9945608684636,1419.346744612999,NO
617.9861388191043,1419.3720632842649,NO
618.9847705536015,1419.4087904116705,NO
619.9842915061776,1419.4450740198406,NO
620.9888137650397,1419.4754149707524,NO
621.9961412469883,1419.491991037632,NO
622.9990253991908,1419.4970464386095,NO
623.9990215432941,1419.499012946004,NO
625.0221750747404,1419.4712203272502,NO
626.0441967071667,1419.3695134500888,NO
627.0583788643294,1419.1616509005,NO
627.9068524894404,1418.8632515245329,NO
630.0001750533664,1418.0092594019554,NO
630.9961072049414,1418.047269656908,NO
631.9945525315206,1418.1111283536623,NO
632.9961854326849,1418.149648409583,NO
633.9866079316328,1418.195141571801,NO
634.9703236539841,1418.2751806581819,NO
635.9741006717176,1418.3669071538657,NO
636.9806637783105,1418.4287596912422,NO
637.98340021293,1418.4703273301213,NO
638.9951489255469,1418.4948095896102,NO
640.0,1418.5000000004902,NO
641.0345146917662,1418.440062319196,NO
642.049548537711,1418.109352219502,NO
642.9417135754693,1417.8621567423402,NO
643.9713612225449,1417.5284148069409,NO
645.0055981591544,1417.4721114218733,NO
646.0027045304253,1417.4597701868452,NO
646.9991022651376,1417.4578448037291,NO
647.9926844139186,1417.4663685824978,NO
648.9914795729667,1417.4828241757682,NO
649.9961103137883,1417.495935020856,NO
651.0,1417.5000000004902,NO
652.0,1417.5000000004902,NO
653.0,1417.5000000004902,NO
654.0,1417.5000000004902,NO
655.0,1417.5000000004902,NO
656.0058084891559,1417.4937215915847,NO
657.0182816097528,1417.4661810452208,NO
658.0151388915162,1417.4289352868082,NO
659.0259754468331,1417.367985500009,NO
660.0421125099838,1417.2007231682594,NO
660.9997397397765,1416.9990482180401,NO
661.9478478451437,1416.7886241176843,NO
662.9372516677214,1416.5661401260475,NO
664.0069632115184,1416.440423140636,NO
664.9878548801481,1416.4424293608529,NO
665.984273867416,1416.4717840091707,NO
666.9951488331853,1416.4948190104865,NO
668.0,1416.5000000004902,NO
669.0,1416.5000000004902,NO
670.0,1416.5000000004902,NO
671.0,1416.5000000004902,NO
672.0029227944543,1416.496875072967,NO
673.0227813854899,1416.464740250127,NO
674.0350188842232,1416.3882528468223,NO
675.029827089741,1416.2925349193722,NO
676.0214583000673,1416.1854870004395,NO
677.0085681108822,1416.064260830167,NO
677.9821436692703,1415.9131220823672,NO
678.9396280238957,1415.731861408373,NO
679.9502338141579,1415.5264821467435,NO
680.9946390436893,1415.4521073153987,NO
681.9909004392155,1415.4640775879066,NO
682.996248753788,1415.478283919874,NO
683.9961869015386,1415.486170082121,NO
684.9961253963633,1415.4940119924481,NO
685.9990215544321,1415.4990072656167,NO
687.0,1415.5000000004902,NO
688.0,1415.5000000004902,NO
689.0,1415.5000000004902,NO
690.0132974189872,1415.4844059717177,NO
691.0310340709984,1415.4277669031546,NO
692.0305291811818,1415.3459973798263,NO
693.0243870010579,1415.2538238735963,NO
694.0189460072999,1415.1323625115665,NO
694.9974752382404,1414.985532264512,NO
695.9633559148251,1414.8217603237774,NO
696.932485363192,1414.6336003613417,NO
698.009769497442,1414.4610272173704,NO
698.9876447987043,1414.4500823276414,NO
699.9869011812884,1414.4771712474771,NO
700.9961106095999,1414.4958973048758,NO
702.0,1414.5000000004902,NO
703.0,1414.5000000004902,NO
704.0,1414.5000000004902,NO
705.0,1414.5000000004902,NO
706.0,1414.5000000004902,NO
707.0,1414.5000000004902,NO
708.0,1414.5000000004902,NO
709.0,1414.5000000004902,NO
710.0,1414.5000000004902,NO
711.0204253346288,1414.4734963901371,NO
712.0488437171534,1414.361018775656,NO
713.0462187249374,1414.1700500273976,NO
713.9726820520707,1413.9344077042892,NO
714.9008131745674,1413.6298432184913,NO
716.0071742288138,1413.3794789535966,NO
717.0218909896046,1413.3283648587808,NO
718.013465494193,1413.2746960733405,NO
718.9927295956861,1413.264850439761,NO
719.98836459573,1413.2967028066737,NO
720.977639504124,1413.3455712862972,NO
721.9744016149048,1413.4079742594097,NO
722.9809554582716,1413.4625103296642,NO
723.9932384101289,1413.4926301177381,NO
725.0,1413.5000000004902,NO
726.0,1413.5000000004902,NO
727.0238537163937,1413.4678998038453,NO
728.0509712157524,1413.3376015693193,NO
729.0351947313567,1413.0799721867006,NO
729.8651819269427,1412.7829098669717,NO
731.993250194114,1412.1721200488093,NO
732.9885218091785,1412.2168102734101,NO
733.9828748395835,1412.2729322421014,NO
734.9783066812679,1412.3352603672065,NO
735.9790972399906,1412.3948299155445,NO
736.9835448924082,1412.4416897391075,NO
737.9869584383907,1412.4750854530598,NO
738.995148554921,1412.4948473934455,NO
740.0,1412.5000000004902,NO
741.005805480676,1412.4934658707884,NO
742.0363385066397,1412.4309915818344,NO
743.0515711925029,1412.2578559664332,NO
744.0000490780088,1412.000102535974,NO
744.801288453953,1411.6425214669364,NO
746.9846229118938,1411.1912759821637,NO
747.9829626454899,1411.263304559336,NO
748.984241858731,1411.3214660722947,NO
749.9848764523322,1411.3672861819043,NO
750.9831857761193,1411.4083454640727,NO
751.9842248532099,1411.4469625207123,NO
752.9887677050546,1411.477372520063,NO
753.9951483690129,1411.4948663560726,NO
755.0,1411.5000000004902,NO
756.0141951125283,1411.4826338421535,NO
757.044952093453,1411.3885689431113,NO
758.0610093456656,1411.1701646302836,NO
758.9304235596649,1410.8884377821087,NO
759.4530002836251,1410.7143465778313,NO
760.9890893575005,1410.2123378846234,NO
761.9849596192369,1410.2645032554578,NO
762.9863958960669,1410.3153678615513,NO
763.9830586647021,1410.3600033666892,NO
764.984174528777,1410.4035495131782,NO
765.9888587179584,1410.4370810633338,NO
766.9863432532309,1410.4643294057262,NO
767.9913779268219,1410.488584123699,NO
768.9990215730762,1410.498997757145,NO
770.0,1410.5000000004902,NO
771.0247195202464,1410.4669242763534,NO
772.0473172467042,1410.349736168091,NO
773.0445851500316,1410.1093710755986,NO
773.8756814771837,1409.8156116169155,NO
775.986403334106,1409.1651023807394,NO
776.9810646748888,1409.2414253947175,NO
777.9868327188323,1409.3052415157024,NO
778.9870996516987,1409.3462725141003,NO
779.9841466953552,1409.385008852517,NO
780.9884630237824,1409.420275557288,NO
781.9939363323953,1409.441781495627,NO
782.9873258182013,1409.461702331546,NO
783.988535235703,1409.4872524671907,NO
785.0,1409.5000000004902,NO
786.0296193199462,1409.4577531084203,NO
787.0530249234745,1409.307303537152,NO
788.0178149754358,1409.0344944906954,NO
788.7159451069919,1408.6499406674725,NO
790.9961815856004,1408.0324565234919,NO
791.986574446964,1408.134255522318,NO
792.988223906825,1408.2144931229423,NO
793.9874603843241,1408.2664668269024,NO
794.9819637917349,1408.31718849924,NO
795.9803201880412,1408.3717297854496,NO
796.9792746537365,1408.4227970511586,NO
797.9825974182944,1408.4671219395236,NO
798.9941913841667,1408.493732359162,NO
800.0048486132683,1408.4945585487656,NO
801.037927836008,1408.429848799517,NO
802.0810190899964,1408.234312356608,NO
802.9394420947021,1407.917617271319,NO
804.9980280887606,1407.0683369209983,NO
805.9856337363194,1407.1356813820296,NO
806.9766567426439,1407.2334325595784,NO
807.9766701275504,1407.321573901448,NO
808.9818961112491,1407.3847076269906,NO
809.9849174298984,1407.4273395132936,NO
810.9919664991812,1407.4552316915804,NO
812.0018145822768,1407.4627184941562,NO
813.0017991682068,1407.458787906208,NO
814.0044286826372,1407.4517256247966,NO
815.0118671149648,1407.4323020400846,NO
816.0072438387917,1407.410484178823,NO
817.0,1407.4019607843138,NO
818.0015683660595,1407.399933356903,NO
819.0112392445371,1407.3821343270795,NO
820.0103865611278,1407.3531430901896,NO
821.0019779648455,1407.3362540343944,NO
822.0006516338769,1407.332333294546,NO
823.006904465235,1407.3201161219504,NO
824.0035753629197,1407.3039058563838,NO
824.9958162916272,1407.3048130376983,NO
826.0024131395692,1407.307675312978,NO
827.0100648964194,1407.2851720832866,NO
828.0045843361047,1407.25977903367,NO
828.9959404629641,1407.2587954692856,NO
829.9962487057821,1407.2733085779319,NO
831.0016317392851,1407.2773956872586,NO
832.0026421369695,1407.2694979683827,NO
833.0035356371109,1407.2575964173247,NO
834.0064891408626,1407.2363901286558,NO
835.0093478645913,1407.1986421179345,NO
836.0044668092297,1407.1627194771784,NO
836.9988003020824,1407.1529614934009,NO
838.0028761281518,1407.1466825319142,NO
839.0009040869909,1407.1279928932524,NO
839.9465221101135,1407.2217549843479,NO
840.9000486631305,1407.4302666872256,NO
842.0234617164629,1407.658129267103,NO
843.0391806298046,1407.8277403377476,NO
844.0026658566949,1407.9832149767592,NO
845.0,1408.0686274509803,NO
845.9960848112079,1408.0907611940488,NO
846.9793852845064,1408.1668810294705,NO
847.9784925874909,1408.267531240184,NO
848.9993792028846,1408.3166065453527,NO
849.9895642546896,1408.3326393946306,NO
850.9748423635455,1408.377364563725,NO
851.9847907877618,1408.4309277073903,NO
852.9946292629946,1408.456512657784,NO
853.9879028948425,1408.4745787393006,NO
854.994190579885,1408.493800723121,NO
856.0,1408.5000000004902,NO
857.0,1408.5000000004902,NO
858.0,1408.5000000004902,NO
859.0,1408.5000000004902,NO
860.0,1408.5000000004902,NO
861.0,1408.5000000004902,NO
862.0,1408.5000000004902,NO
863.0,1408.5000000004902,NO
864.0,1408.5000000004902,NO
865.0009784381805,1408.4990034980874,NO
866.0057864869798,1408.4918514065653,NO
867.0111443564134,1408.4736351325662,NO
868.0088717687638,1408.4524601951518,NO
869.0025890880554,1408.4401449833545,NO
870.002554446647,1408.4342559437443,NO
871.0033519990608,1408.427379905132,NO
872.0008285241488,1408.4225473379145,NO
872.999171478768,1408.4225458504059,NO
874.0049101742641,1408.4173648237174,NO
875.0101487302042,1408.3981424913673,NO
876.0080873161894,1408.3749573945836,NO
877.004907649424,1408.3575573141309,NO
878.007964364115,1408.3384854641654,NO
879.0091810494289,1408.3121556910528,NO
879.9994136364437,1408.2990454293272,NO
880.9907630958068,1408.314054753105,NO
881.993359912983,1408.3386444290331,NO
883.0013608882062,1408.3470265027634,NO
884.0026749497365,1408.3410561112594,NO
885.0070229533123,1408.325609660188,NO
886.0161235775872,1408.283552579462,NO
887.0155021094279,1408.2196132188083,NO
888.0104310361569,1408.1519951015293,NO
889.001608423642,1408.1062631890961,NO
891.0313771198682,1408.9326575926136,NO
891.963342234515,1409.1731061146434,NO
892.952118908075,1409.3539037196845,NO
893.9761282360126,1409.4682538143247,NO
895.0,1409.5000000004902,NO
896.0058092869116,1409.4937894008183,NO
897.0129892766458,1409.4731807865567,NO
898.0147422652605,1409.4422679874879,NO
899.0166492149135,1409.4043381031756,NO
900.0169379586728,1409.359931613406,NO
901.0147328057551,1409.3130721149996,NO
902.0148132160242,1409.2605082892464,NO
903.0132570958178,1409.1988564461767,NO
904.0084970967916,1409.135422479105,NO
905.004607303511,1409.0734288991584,NO
906.0006766860052,1409.0101502905334,NO
908.3548755835611,1409.526832567003,NO
909.0065938430716,1409.9867052215232,NO
909.9546802193868,1410.2382792571054,NO
910.9580965532061,1410.40322184286,NO
911.9876320710401,1410.4852033653585,NO
913.0019529007956,1410.4979897174733,NO
914.0076506040532,1410.4877259768205,NO
915.0127766191683,1410.465433978538,NO
916.0120285252984,1410.4381819878818,NO
917.0073436556979,1410.4161404699103,NO
918.0107772607122,1410.39260020706,NO
919.0227394472275,1410.3410917236954,NO
920.0224153257533,1410.2658561838969,NO
921.0100244711385,1410.2044992051246,NO
921.9970452621483,1410.1883645258529,NO
923.0018716997307,1410.1909133707509,NO
924.0069459741869,1410.1623419469515,NO
925.6259152268876,1410.5987417481183,NO
926.0819496145788,1410.861493610919,NO
926.9540703551479,1411.139918117868,NO
927.9545710874308,1411.33098208369,NO
928.9727722364335,1411.44794061067,NO
929.9932401985095,1411.4924998214356,NO
931.0,1411.5000000004902,NO
932.0009784418155,1411.4990053519475,NO
933.0048325003125,1411.49291502729,NO
934.0102798853449,1411.4766128756737,NO
935.012403606491,1411.4518456597375,NO
936.0084096366834,1411.428891459664,NO
937.0056596067542,1411.4123427766015,NO
938.0136268698699,1411.3860946707798,NO
939.0209804844814,1411.3343764689262,NO
940.0180587913238,1411.2708818819935,NO
941.0091045001511,1411.2211093039884,NO
943.1169792887318,1411.7137884341487,NO
944.0098761277447,1411.9687683488246,NO
944.9874950571817,1412.144943659729,NO
946.0105702162086,1412.1633578804299,NO
946.997479809703,1412.1428107767535,NO
947.9701006494656,1412.2117870761124,NO
948.9664301997678,1412.3292422723612,NO
949.9763102161037,1412.4166134528361,NO
950.9955341843233,1412.4555131947748,NO
951.9917206565427,1412.4691627737707,NO
952.9894644254246,1412.4884675584267,NO
954.0,1412.5000000004902,NO
955.0337722487077,1412.4532591124216,NO
956.0341950099039,1412.3710522204788,NO
957.0057262619513,1412.3244881619223,NO
957.9949254852067,1412.3235002971292,NO
958.9816756258408,1412.3566205057284,NO
959.9630147566443,1412.4344652122438,NO
961.0716829578791,1412.6960517449484,NO
962.0236453102594,1412.9117241772103,NO
962.9890010915652,1413.0824918114004,NO
963.9822192629422,1413.1971342586849,NO
964.9710918181621,1413.2890818010626,NO
965.9638895797963,1413.383673211434,NO
966.9763774428333,1413.4633655268742,NO
968.0,1413.4941176475209,NO
969.0038442657519,1413.4901439119033,NO
969.9971223737789,1413.4891964730816,NO
970.9961099575078,1413.4959804466314,NO
972.0038890356591,1413.4958520753926,NO
973.0184332870149,1413.4700488153746,NO
974.0161255989428,1413.432845033088,NO
975.0,1413.4156862745099,NO
975.9967094537707,1413.4195446686597,NO
976.9917091851341,1413.438540480299,NO
978.0677968837707,1413.5821407572562,NO
979.0500578508937,1413.8126741298333,NO
979.9987345016331,1414.0056890420774,NO
980.9750870213746,1414.1694082526112,NO
981.9704120150185,1414.2958798320913,NO
982.9985858789685,1414.3606008736322,NO
984.0082613289034,1414.3511064672705,NO
984.9776893174039,1414.3670467007742,NO
985.9706739523131,1414.4273224182703,NO
987.0072167372972,1414.4600669729152,NO
988.0231870645091,1414.4223358124411,NO
989.0,1414.3980392156864,NO
989.9895458372712,1414.4101248442223,NO
990.9974919651556,1414.426365937046,NO
991.9983084355304,1414.431348952408,NO
992.985043055715,1414.448708358657,NO
993.9858863349903,1414.4798646264258,NO
994.9990254399061,1414.4970256738409,NO
995.9990215431752,1414.4990130066683,NO
997.0,1414.5000000004902,NO
998.0,1414.5000000004902,NO
999.0,1414.5000000004902,NO
1000.0038886860655,1414.4958075022148,NO
1001.0235729077964,1414.4623916354165,NO
1002.0217888636563,1414.4115674290547,NO
1003.0052322366116,1414.3812058091553,NO
1004.0014609333293,1414.3725380099027,NO
1005.0,1414.370588235294,NO
1006.0070667633461,1414.360404921249,NO
1007.0013689055047,1414.349070913935,NO
1007.987164322496,1414.3636775523264,NO
1008.9923246645407,1414.3914420982167,NO
1010.0113508715298,1414.3859296449575,NO
1011.0124957961883,1414.3540475811042,NO
1011.9959619240874,1414.3432364618461,NO
1012.9818035170014,1414.371208242097,NO
1013.9716536403853,1414.4251954132712,NO
1014.9830685566541,1414.4797242585332,NO
1016.0114567150097,1414.48691037249,NO
1017.0251743991411,1414.4427222044374,NO
1018.0254075099072,1414.3811126656828,NO
1019.0124149257621,1414.3332427509383,NO
1020.0018398245999,1414.3127701918888,NO
1020.9956555355892,1414.3165252632891,NO
1022.0061380415085,1414.31304010877,NO
1023.0106796301509,1414.284415410143,NO
1024.0015928668286,1414.2644158950213,NO
1025.0,1414.2615062761506,NO
1026.0030994091824,1414.255184691644,NO
1026.9790771296393,1414.3043940180614,NO
1028.1047211419932,1414.6583687204047,NO
1029.0135626758959,1414.8315372939105,NO
1029.9954052031273,1414.8535408440225,NO
1031.0104692331972,1414.8953076742987,NO
1031.9963225767005,1415.0210728744491,NO
1032.991591858429,1415.1383274854993,NO
1033.9895636776607,1415.1971305352006,NO
1034.979052841853,1415.260562222213,NO
1035.9720981539344,1415.3388081496105,NO
1036.9849451274722,1415.4041044813603,NO
1038.0,1415.4254901960785,NO
1038.991472672205,1415.434893706207,NO
1039.9827963015196,1415.4617834949506,NO
1040.9913445594382,1415.4904749420266,NO
1042.0,1415.5000000004902,NO
1043.0,1415.5000000004902,NO
1044.0,1415.5000000004902,NO
1045.0,1415.5000000004902,NO
1046.0,1415.5000000004902,NO
1047.0,1415.5000000004902,NO
1048.0,1415.5000000004902,NO
1049.0,1415.5000000004902,NO
1050.0067510810816,1415.4918644773632,NO
1051.0579767856675,1415.3605873489878,NO
1052.0342309576772,1415.0948792899635,NO
1052.9558077142956,1414.8634056577007,NO
1053.9631155955344,1414.6161011190138,NO
1055.063550063386,1414.7447989625614,NO
1056.0000773337986,1414.9998121893443,NO
1056.9391926733308,1415.2584311452667,NO
1057.9729177704378,1415.4603979008389,NO
1059.0,1415.5000000004902,NO
1060.0,1415.5000000004902,NO
1061.0,1415.5000000004902,NO
1062.0,1415.5000000004902,NO
1063.0,1415.5000000004902,NO
1064.0029233582493,1415.4969709181194,NO
1065.007623897354,1415.4860234248529,NO
1065.9971683716055,1415.481376842312,NO
1066.9922853609828,1415.491808205508,NO
1068.0272300846043,1415.4629114365443,NO
1069.0454221116531,1415.3648188645882,NO
1071.0441854526973,1415.9208546296347,NO
1071.94313265692,1416.185844825813,NO
1072.9625348930115,1416.382144088422,NO
1073.9789339674198,1416.4671163668788,NO
1074.9970771395117,1416.496886298736,NO
1076.0,1416.5000000004902,NO
1077.0,1416.5000000004902,NO
1078.0,1416.5000000004902,NO
1079.0,1416.5000000004902,NO
1080.0,1416.5000000004902,NO
1081.0,1416.5000000004902,NO
1082.001952621584,1416.497918518541,NO
1083.0245947787018,1416.4645680471506,NO
1084.0259469442938,1416.4102860491805,NO
1085.099326828601,1416.5776198876329,NO
1086.0436332009601,1416.8896913510912,NO
1086.9729432338277,1417.1117661385083,NO
1087.9613211751955,1417.2818028718816,NO
1088.971030000036,1417.3993161957262,NO
1089.9901943491911,1417.4546256376548,NO
1090.992563802022,1417.474057590404,NO
1091.9932898586692,1417.4888817241024,NO
1092.9980470836067,1417.497993694899,NO
1094.0,1417.5000000004902,NO
1095.0086539535355,1417.4903906772004,NO
1096.0214224524068,1417.4552271030357,NO
1097.0200093019562,1417.4081897477267,NO
1098.0037394658686,1417.3814255150583,NO
1098.9669797007994,1417.4393533992147,NO
1100.0707118121036,1417.7931845743453,NO
1100.9925887918316,1418.0240803508805,NO
1101.9568350616098,1418.2341927511425,NO
1102.9574197664679,1418.3948348857589,NO
1103.9848938128605,1418.481509733691,NO
1105.0132359879065,1418.4821681252315,NO
1106.068335327972,1418.2680847459776,NO
1107.0078879306832,1418.0189756814718,NO
1108.0042802135965,1417.8180909279097,NO
1108.9990087919955,1418.0029736239198,NO
1109.9518368478357,1418.2212901651599,NO
1110.939168684952,1418.4275449195504,NO
1112.0650824600261,1418.7414567363887,NO
1113.0060556726264,1418.9826494779645,NO
1113.9449024668447,1419.2161518590501,NO
1114.9591578033148,1419.444776001461,NO
1116.0654194412098,1419.8401038513832,NO
1116.9615833049547,1420.0869795649305,NO
1117.9812217812723,1420.3830756506125,NO
1119.0133200817784,1420.3996024801593,NO
1120.00444804462,1420.3780838029138,NO
1121.0162238471455,1420.344756743808,NO
1122.030770152831,1420.2451996553152,NO
1123.017416236899,1420.0879433788584,NO
1123.9880976586805,1419.9285859520828,NO
1124.9790428212327,1419.7944584384813,NO
1125.983485478656,1419.7095722025506,NO
1127.005531592957,1419.6865430805656,NO
1128.029575399938,1419.774873828135,NO
1129.0136536079722,1419.8894707930801,NO
1130.0008176685608,1419.9582989044884,NO
1130.999643303481,1419.9636169553887,NO
1131.9983560297414,1419.9441050093365,NO
1132.9971103524213,1419.9133105668234,NO
1134.0005929523095,1419.8991981041925,NO
1135.0042853769705,1419.9439604582205,NO
1135.9915149424721,1420.054092240414,NO
1136.9781172718108,1420.182953955372,NO
1137.9942990160973,1420.2643183499463,NO
1139.01087642269,1420.2521352513863,NO
1140.0170105526304,1420.1807371201771,NO
1141.0071761303038,1420.1045664723727,NO
1142.0008760124622,1420.0638237649111,NO
1143.000844922401,1420.0478789337938,NO
1144.000758367081,1420.020356169435,NO
1144.999512780417,1419.9853834115315,NO
1145.9984067956332,1419.9522038657865,NO
1146.9980329832797,1419.922832421212,NO
1147.9984639672725,1419.902077919968,NO
1148.997734521243,1419.8844605864108,NO
1149.997911732647,1419.8668729648643,NO
1151.0013354881146,1419.8637802135772,NO
1151.9997404455473,1419.8676272221842,NO
1152.9933427158358,1419.8456720500717,NO
1153.9955861659712,1419.8124120597147,NO
1155.0022802328606,1419.8061802016166,NO
1156.0076310295672,1419.8378406254787,NO
1157.0090531927501,1419.923047859026,NO
1157.9958440907074,1420.034185705381,NO
1158.9917772626623,1420.1270786629443,NO
1159.9948097263664,1420.1764693094583,NO
1160.9988528120132,1420.1950219639402,NO
1161.9986120277138,1420.2008594260233,NO
1162.9937519811926,1420.2177880832146,NO
1163.9244041804634,1420.333291904137,NO
1165.056346727882,1420.6579208502615,NO
1166.0052186406062,1420.7580448396968,NO
1167.0030788886495,1420.7756809704758,NO
1168.0052109206104,1420.7955715766964,NO
1169.0039095696395,1420.8187381312093,NO
1169.9996635516613,1420.8284113383424,NO
1170.995664862091,1420.8157566447032,NO
1171.9873381820448,1420.7773266433926,NO
1172.9830192603115,1420.7206394536533,NO
1174.0030231154892,1420.6916422229674,NO
1175.0216630142938,1420.7489059631735,NO
1176.0195536668846,1420.884042209925,NO
1176.9819006998646,1421.0683751361871,NO
1177.9446757664696,1421.2713015317963,NO
1178.9758140213787,1421.43966654679,NO
1180.000474716145,1421.4789885733553,NO
1181.0038897364152,1421.4823273406353,NO
1182.025457741156,1421.5163029072091,NO
1183.0273345582743,1421.58493527188,NO
1184.0076136042414,1421.6334593230504,NO
1185.024480575166,1421.695485515431,NO
1186.029623820165,1421.8321316857325,NO
1187.0044477211968,1421.9661442128024,NO
1187.997268849614,1422.055715466209,NO
1189.0008948731265,1422.076064217802,NO
1190.002378140905,1422.0303212964805,NO
1190.9989768983205,1421.9739109073698,NO
1192.001019691128,1421.9799983670905,NO
1192.996842677959,1422.0417832597484,NO
1193.9807233727774,1422.1404836300776,NO
1194.9442410796644,1422.2816249957343,NO
1195.9397521118417,1422.4730940463746,NO
1197.0355400160836,1422.6403350508056,NO
1198.0384614705831,1422.8088183486623,NO
1198.998766848903,1423.0047644475474,NO
1199.9597355609285,1423.2013221984164,NO
1200.9632061030431,1423.3679389475276,NO
1201.9965329265517,1423.440318327105,NO
1203.0240197156497,1423.4141330064874,NO
1204.0329224334266,1423.333339638756,NO
1205.029284807256,1423.2107184965173,NO
1206.0103616587776,1423.0948189493445,NO
1207.0009451556373,1423.0251615755087,NO
1207.999902724174,1423.0106679157134,NO
1208.9985113682837,1423.0357634682744,NO
1209.9981731408072,1423.0685774831531,NO
1210.9502845101656,1423.188999359222,NO
1211.8777520484573,1423.4281113573434,NO
1213.0069058946308,1423.6798176060606,NO
1214.0047379413572,1423.6979562580339,NO
1214.9883737211512,1423.6879261929525,NO
1215.9805003866911,1423.6448284764158,NO
1217.0094848783654,1423.6279009268374,NO
1218.021350278407,1423.6797458095477,NO
1219.029428153342,1423.7971843494968,NO
1220.0084950038072,1423.9575249803186,NO
1220.9800236343021,1424.1198581941867,NO
1221.97043126629,1424.2600009284984,NO
1222.979854300334,1424.354286452524,NO
1223.9953025501488,1424.3961516040006,NO
1225.0056164868997,1424.3995729232458,NO
1226.0201744415535,1424.3627731512324,NO
1227.0104825111969,1424.3223372060902,NO
1227.9568374458802,1424.3621901217857,NO
1228.9324716486026,1424.4960941389866,NO
1230.037636574981,1424.66847087574,NO
1231.0301530935214,1424.8028451639177,NO
1232.009046045566,1424.935021366222,NO
1232.995732424853,1425.0453429855538,NO
1233.9967707602516,1425.1097941551307,NO
1234.998725330812,1425.1300162559642,NO
1236.0080109557175,1425.060978914823,NO
1236.9876395147285,1424.928365368661,NO
1237.9968882237376,1424.8236660201255,NO
1239.001429948667,1424.8176815343352,NO
1239.998933113339,1424.8186292619002,NO
1241.0003594675302,1424.8166715500868,NO
1242.0003556073855,1424.8186402239119,NO
1243.003021577332,1424.828777292603,NO
1244.0053376407718,1424.856726481622,NO
1245.0041268158361,1424.8947661969628,NO
1246.0028353943715,1424.9371282128054,NO
1247.0002399602274,1424.9967794812635,NO
1247.9940154461092,1425.0726695869944,NO
1248.990605466869,1425.14518823358,NO
1249.9942908354874,1425.1941115999396,NO
1250.9961455587327,1425.2184183281734,NO
1251.983914391612,1425.2563643817705,NO
1252.9774234787337,1425.3198340540584,NO
1253.9927557985698,1425.3694542633084,NO
1255.0371618771171,1425.296133708207,NO
1256.0272370071007,1425.1322940356388,NO
1256.996377626149,1424.976907367266,NO
1257.9912259469165,1424.8644010031408,NO
1259.0025718927866,1424.8360418454633,NO
1260.0101759646584,1424.8942945701199,NO
1261.0020328336977,1424.975189630821,NO
1261.9998687628379,1425.0189168996103,NO
1262.9997742502146,1425.025208726754,NO
1264.0003515143121,1425.014046511917,NO
1264.9997611885285,1424.9891883535513,NO
1265.9994847469295,1425.008848138801,NO
1266.9914118340917,1425.0855381340862,NO
1267.991805286479,1425.1625831147085,NO
1268.991483012902,1425.2098673028609,NO
1269.9209242301188,1425.333624427402,NO
1271.0561780241321,1425.6789340915661,NO
1272.0135370313017,1425.802746111111,NO
1273.0109123256018,1425.8864227402303,NO
1274.000442773715,1425.9966296330176,NO
1274.9819814519724,1426.1241818844985,NO
1275.9677029301752,1426.2534077833113,NO
1276.9812270983666,1426.3545992568952,NO
1277.9946106784298,1426.392650570395,NO
1278.990327707741,1426.4110724079853,NO
1279.9889043873693,1426.4352894172155,NO
1280.9977747947385,1426.4526067610889,NO
1281.9915808020398,1426.4696041810812,NO
1283.014146176418,1426.5028629522865,NO
1284.0296909094345,1426.5591349899028,NO
1285.0481968163886,1426.6875186484563,NO
1286.0242733525154,1426.8153754156262,NO
1287.0011845999315,1426.8791708081055,NO
1287.996733184371,1426.8718403103408,NO
1289.0036910046229,1426.8745058386162,NO
1290.0049479114884,1426.9211426612408,NO
1291.0010906092393,1426.983145130602,NO
1291.9988433638846,1427.0327713586817,NO
1292.99907990253,1427.0586562099172,NO
1293.999590686983,1427.069583215064,NO
1294.9994805462,1427.075617629285,NO
1295.999847413637,1427.077056117966,NO
1297.0017431552965,1427.0554998156495,NO
1297.9604234159253,1427.151284675942,NO
1298.877359368589,1427.3721075650924,NO
1300.017857491941,1427.6964226381376,NO
1301.0195517388795,1427.7733775652987,NO
1302.016079228931,1427.9078606010487,NO
1302.9881664844918,1428.0642031161385,NO
1303.9809772295096,1428.2032432816713,NO
1304.9941985397738,1428.2721161068696,NO
1305.9310431396023,1428.37616588706,NO
1307.059794906446,1428.6765638935224,NO
1308.0148045042058,1428.801307976433,NO
1309.0080197632305,1428.8680619643956,NO
1310.0050857147296,1428.9519682487758,NO
1310.9938735176213,1429.0536595350666,NO
1311.9936220338363,1429.1326085423043,NO
1312.997485002478,1429.1601215183448,NO
1315.0704256131617,1429.7068771783802,NO
1316.0138737098848,1429.86393092193,NO
1317.0032202146801,1429.9368342528965,NO
1318.0004648252734,1429.9703673907313,NO
1318.99960925236,1429.9715312434566,NO
1320.00006725889,1429.9656979642557,NO
1321.0003956588537,1429.9712864715943,NO
1321.998841808307,1429.956975323259,NO
1322.9968138046056,1429.9129106564071,NO
1324.0025891499943,1429.8775332078471,NO
1326.1030569021284,1430.671885003428,NO
1327.014521654596,1430.878827505168,NO
1328.0026828212492,1430.968279582421,NO
1328.9990847491645,1431.018266881119,NO
1331.0818751680906,1431.6634855347859,NO
1332.0120445936352,1431.8244930604262,NO
1333.0044081921724,1431.875101213866,NO
1334.0045351061603,1431.9229031955633,NO
1335.0011508016792,1431.984230906699,NO
1335.9983719573124,1432.0349675267648,NO
1338.0932019337042,1432.6076848725313,NO
1339.0182877560028,1432.7779343790621,NO
1340.012142039317,1432.8653817380057,NO
1340.9989125939333,1433.0055457710666,NO
1341.9625991381724,1433.1749395097547,NO
1342.9787102696557,1433.3437767882374,NO
1344.0775472495409,1433.5157364057418,NO
1345.0478980769751,1433.7031539643474,NO
1346.0104635020448,1433.802356070358,NO
1347.0062030436013,1433.8493546454476,NO
1348.0070909919118,1433.9117949748943,NO
1349.000252767806,1433.9974772782234,NO
1349.9957954328406,1434.0702162706955,NO
1351.0010896843696,1434.079546959877,NO
1351.9442928027993,1434.192422872343,NO
1352.8469752665806,1434.4479854629103,NO
1354.0071664309237,1434.738937162264,NO
1355.0221465621928,1434.8288674632113,NO
1356.005989516457,1434.9631969478876,NO
1356.9936546344352,1435.0789301603918,NO
1357.9969823096637,1435.133434399289,NO
1358.999713688292,1435.1434421595889,NO
1360.0009684370386,1435.134612748986,NO
1360.9484930046244,1435.2260987921536,NO
1361.881695918451,1435.4431390256682,NO
1363.0246737255957,1435.7140090811329,NO
1364.0194510586095,1435.8054894255563,NO
1365.0088693461048,1435.8923007913177,NO
1366.0023897172614,1435.9670606556128,NO
1366.9998230650604,1436.0112796016651,NO
1367.9997279064853,1435.9946627812596,NO
1369.0000264442613,1435.9995272508486,NO
1369.9713416409697,1436.1239412840532,NO
1370.9289151581206,1436.317296892692,NO
1372.0596722664295,1436.624862869849,NO
1373.0333520271613,1436.7705921481888,NO
1374.0096501743333,1436.8632891957534,NO
1374.9910543997303,1436.8658159899426,NO
1375.9860819739113,1436.8028279620257,NO
1377.0129247098444,1436.8002544920887,NO
1378.0120600348664,1436.8881705877643,NO
1378.9975891797133,1437.0151792384863,NO
1379.971696524386,1437.1616656081906,NO
1380.970320634305,1437.3122785578284,NO
1382.081534381832,1437.522752057498,NO
1383.0388967126537,1437.6999396542594,NO
1384.008497492169,1437.783313951307,NO
1385.0066458175497,1437.8216122621288,NO
1386.006839832851,1437.8658340530028,NO
1387.0033886360977,1437.909041871308,NO
1388.001525722331,1437.9401447395119,NO
1389.0003388937735,1437.9567910413732,NO
1389.9992614221633,1437.9529156659553,NO
1390.9996600762486,1437.9422129604231,NO
1392.0009903466778,1437.9494923207524,NO
1393.000242312346,1437.996874477283,NO
1393.9995532354114,1438.0376026870726,NO
1394.9985370629872,1437.9847392571253,NO
1395.9964312834759,1437.9065382113442,NO
1396.9793692811306,1438.0579389645513,NO
1399.0230764638345,1438.712951291277,NO
1400.013757450729,1438.780740630645,NO
1401.0067521154451,1438.8284962636005,NO
1402.0107674431379,1438.9384102238353,NO
1404.1192450805963,1439.6106467469906,NO
1405.031607480455,1439.8965668787203,NO
1405.9850417813357,1440.0857156324496,NO
1406.984204037472,1440.2177281212403,NO
1407.991374214838,1440.2749469126682,NO
1408.9979642757753,1440.2957616495721,NO
1410.0011930036783,1440.2988474054919,NO
1410.992089265999,1440.316429355321,NO
1411.9208984967247,1440.4294774788448,NO
1413.0450357664363,1440.685402351097,NO
1414.004575345666,1440.7666573771285,NO
1414.9986681648127,1440.7735880109897,NO
1416.0161474209788,1440.8284336535455,NO
1417.0012764143692,1440.9948335607735,NO
1417.9584981901928,1441.1856659876614,NO
1418.9716327324788,1441.3616826602179,NO
1420.0159278192991,1441.3868184942387,NO
1421.0493283143824,1441.1836309521773,NO
1421.9937245510553,1440.9780789104198,NO
1422.993493252565,1440.8047975638515,NO
1424.0127368085907,1440.8244385930811,NO
1425.005607786846,1440.8808345322989,NO
1426.0022610181534,1440.917634339667,NO
1427.0009327017613,1440.9367628194261,NO
1427.998483192909,1440.927265488661,NO
1428.9950965770156,1440.886765139246,NO
1430.0088752576316,1440.9194652558083,NO
1430.989853697938,1441.0532543743836,NO
1431.9939229990307,1441.1769696316262,NO
1432.951503950246,1441.2726813737413,NO
1433.8855625728552,1441.4671986778187,NO
1435.0240371544794,1441.7081202508275,NO
1436.0121421221588,1441.770648801196,NO
1436.9995981442921,1441.795053578344,NO
1437.9926024443027,1441.7780733141929,NO
1438.999054697272,1441.758947797298,NO
1440.0200039039937,1441.8354517579091,NO
1440.9843440646675,1442.0438710289527,NO
1441.9279060086656,1442.2850227497145,NO
1442.9942049048657,1442.4925830997136,NO
1444.0,1442.5000000004902,NO
1445.0,1442.5000000004902,NO
1446.011450621974,1442.5133485815213,NO
1447.034176143968,1442.5748820934846,NO
1448.038416211884,1442.678815280537,NO
1449.0201282860749,1442.766694858971,NO
1449.9582964157478,1442.720162915508,NO
1452.007891381532,1442.0853539042716,NO
1452.9949509192609,1442.0830201308056,NO
1453.984664766111,1442.1592986557007,NO
1454.9978617044412,1442.2181061449724,NO
1456.0152532228617,1442.1655136883485,NO
1456.99073628821,1441.9713667080346,NO
1457.922700334632,1441.744199150293,NO
1459.0587309573498,1441.3609805130282,NO
1460.0281347396042,1441.0676826253257,NO
1460.9379322663765,1440.8231589737989,NO
1461.9636050215402,1440.5268652729508,NO
1463.0648801541456,1440.280414222855,NO
1464.0094395352048,1440.024562055162,NO
1464.935763468958,1439.777608700664,NO
1467.0424866165404,1439.1256408519928,NO
1467.9250030608114,1438.86227834931,NO
1469.988624701681,1437.9276702695352,NO
1470.9799350427702,1437.803209072814,NO
1471.9810190034466,1437.7152850389425,NO
1472.9866341157124,1437.6591699532044,NO
1473.9896972871516,1437.624686893491,NO
1474.996128821351,1437.6051397814722,NO
1476.0075994766412,1437.6020274170735,NO
1476.9673356276942,1437.5545337140456,NO
1478.9746523245744,1436.9324727269216,NO
1479.986527305401,1436.687678445719,NO
1481.0214979312173,1436.7036771791384,NO
1482.0277124654267,1436.8255141106679,NO
1483.0060725037524,1436.9415664738547,NO
1483.999607184329,1437.0111297780459,NO
1484.998604012092,1437.0418796400472,NO
1485.951436223162,1436.8849369610045,NO
1487.9801539627406,1435.7293460769417,NO
1488.993422792524,1435.7350700863383,NO
1489.9905648231102,1435.7174997245245,NO
1491.1392786630338,1435.4148191293452,NO
1492.043593954307,1435.119266480335,NO
1492.9924918026209,1434.9328512162538,NO
1493.9687281876238,1434.8280933658832,NO
1494.9479813961239,1434.6794982938584,NO
1495.976750412585,1434.558257829229,NO
1497.044568880362,1434.4624021597144,NO
1498.0900713675678,1434.1725512944342,NO
1498.7192002427748,1433.7692250769692,NO
1499.8227627862277,1432.6829829229296,NO
1501.9769015768074,1431.7053390272029,NO
1503.029364629429,1431.8111191227879,NO
1504.0047294173512,1431.9796394574835,NO
1505.0042764869486,1432.0217503040228,NO
1505.8700199537761,1431.7951067228032,NO
1507.976088184535,1430.8336067468001,NO
1508.945718424461,1430.6944374092157,NO
1510.0684549365926,1430.4233741577507,NO
1511.0480072657322,1430.1627091832202,NO
1511.9699117607738,1429.9250446618157,NO
1512.8968051706727,1429.6135416268148,NO
1514.966363849773,1428.9141392969755,NO
1517.0218665734603,1428.055136680965,NO
1517.9237880996307,1427.7962108104218,NO
1520.030248751431,1427.2056509076492,NO
1521.0101835639655,1427.0342946485623,NO
1521.9046307260512,1426.7768774938468,NO
1524.0045662602395,1426.3053305999422,NO
1525.0087763054637,1426.2797447474693,NO
1525.9989542449446,1426.2666675469745,NO
1527.0166054126764,1426.2228621101385,NO
1528.0143372590294,1426.065285736246,NO
1528.9606352232481,1425.8679208175474,NO
1529.9212082291435,1425.621415158782,NO
1531.057822272798,1425.297916801393,NO
1532.024094804201,1425.1077925430307,NO
1532.971353544852,1424.9031749835858,NO
1533.9135396537552,1424.662839380466,NO
1535.0474821729188,1424.3418716532447,NO
1536.0223293551269,1424.2324075600673,NO
1537.0157600723137,1424.091336783732,NO
1537.9675911936472,1423.8973385636875,NO
1538.9360677981047,1423.663861621424,NO
1539.98976231895,1423.5051787397167,NO
1541.0148206973033,1423.472409744809,NO
1542.0262683110836,1423.4186512047688,NO
1543.0471306828665,1423.2731437332534,NO
1544.016830628448,1423.0579974369869,NO
1544.9602389848335,1422.846377891863,NO
1545.9524152157528,1422.6377874740806,NO
1546.982431964307,1422.5284369270355,NO
1547.9970770077907,1422.5030913086823,NO
1549.0086420909845,1422.489718466005,NO
1550.0499149282552,1422.3916402135508,NO
1551.0448783874488,1422.2179807409325,NO
1552.008778674981,1422.046155919657,NO
1552.9657374272279,1421.8634850629217,NO
1553.9365801478032,1421.6608706918055,NO
1555.0288156895667,1421.475695090917,NO
1556.029141130027,1421.4016750153974,NO
1557.0205444744909,1421.3379897297423,NO
1558.0149483333898,1421.2823574115184,NO
1559.0141121732793,1421.2249127599596,NO
1560.0059758050386,1421.1792741631853,NO
1560.9993539629404,1421.1647394550057,NO
1562.0009622855894,1421.163588555378,NO
1563.0078109893118,1421.1244876412259,NO
1564.0018582625278,1421.0086155805002,NO
1564.9439478054255,1420.8591037673234,NO
1565.7536847467593,1420.5794791789613,NO
1565.6605602992101,1419.2661074072512,NO
1565.7983138141815,1416.6562684642424,NO
1567.9978867925017,1415.8811907810318,NO
1569.0002537015578,1415.8716270046025,NO
1570.0056016271683,1415.895851227024,NO
1571.0026922357722,1415.9631818590417,NO
1571.9988245369343,1416.0260646153738,NO
1572.9930846558045,1416.085801487286,NO
1575.06557170672,1416.77913934284,NO
1576.0,1416.9,NO
1577.002061548178,1416.91238420521,NO
1578.0030275828206,1416.9665635092558,NO
1578.961682237336,1417.12482497695,NO
1579.8838518423906,1417.3760192220323,NO
1581.0344460486008,1417.729730998289,NO
1582.0210371464104,1417.855014261874,NO
1583.001578405477,1417.9329177693567,NO
1584.0010635680326,1417.9547983600423,NO
1584.9470940745282,1417.8310789349432,NO
1585.600913103577,1417.4675838587123,NO
1587.9590301464987,1416.6683392826023,NO
1589.0971385308712,1416.334428941775,NO
1590.0292396517737,1416.0985407471235,NO
1590.95050195897,1415.86503329648,NO
1591.6722923313923,1415.4599510943503,NO
1594.0007766647243,1414.867966992675,NO
1595.009003419004,1414.918143224585,NO
1595.9706902355215,1415.091004417256,NO
1596.9028467335395,1415.3328928239084,NO
1598.0472006991151,1415.695286620615,NO
1599.0311999966227,1415.874072305326,NO
1599.9996420374189,1416.004662933501,NO
1601.0007799968428,1416.0461115801186,NO
1601.9861844457091,1416.1007164489758,NO
1604.031363474745,1416.6759107553098,NO
1604.9730102993765,1416.7071330473507,NO
1605.9738315826544,1416.62928075104,NO
1607.0236774448135,1416.622640726101,NO
1608.0116626655526,1416.6695577884043,NO
1609.0321721027583,1416.7782733468482,NO
1610.012202757605,1416.943933274205,NO
1610.9927739521588,1417.0837564661203,NO
1612.0005148255084,1417.1312805084817,NO
1613.0021201564389,1417.12014219253,NO
1614.005318656351,1417.0775004227658,NO
1614.9978188310035,1417.0617997921481,NO
1615.99267077417,1417.106797292944,NO
1617.0002509108144,1417.0009508199528,NO
1617.9149160313118,1416.7883110737191,NO
1619.0261141661015,1416.0322295085928,NO
1619.6219606311236,1415.010546162908,NO
1619.4131442064815,1413.9073987121228,NO
1619.226469122688,1412.9628185031129,NO
1619.1224852915432,1411.9903933104492,NO
1620.980730491843,1409.6928922160403,NO
1622.0412343089026,1409.768906628893,NO
1623.0138834970853,1409.898848804994,NO
1624.0,1409.9666666666667,NO
1624.9657742310637,1409.8609122938485,NO
1625.672640526259,1409.5414114558098,NO
1626.561985831025,1408.6968582213683,NO
1626.6654845556109,1408.0082161688686,NO
1626.528156346367,1407.4207890261443,NO
1625.674194428068,1406.260351374188,NO
1624.764304043162,1405.2388074608884,NO
1623.7281796623286,1404.3265978311463,NO
1621.9431864661872,1403.0590451581213,NO
1620.9655486187842,1402.0302096183918,NO
1619.9589746319302,1400.0049873977002,NO
1621.6062224297502,1397.4646802804432,NO
1624.0051616957478,1396.835470941675,NO
1625.010806607746,1396.9088642744925,NO
1625.9995381847768,1397.0048298174765,NO
1626.9962043233718,1397.0800255152064,NO
1627.9938479453676,1397.129705817896,NO
1628.9345541625742,1397.2521273913326,NO
1630.0753300353163,1397.5665943220279,NO
1631.1110043283945,1397.3338539493864,NO
1632.0093912219231,1397.1780419189486,NO
1632.9310172285693,1397.2555434559142,NO
1634.0156747209383,1397.4320344871064,NO
1635.0554793850372,1397.1810278862654,NO
1635.9998761190177,1396.9992719275751,NO
1636.9682639108605,1396.8458532799827,NO
1638.0187966743324,1396.7661876995485,NO
1639.018511247589,1396.9164536587282,NO
1639.9958165741916,1397.051629596958,NO
1642.0650494341305,1397.7768006525655,NO
1643.0045305125748,1397.9209503704622,NO
1643.9663888146401,1398.093364402463,NO
1644.9059912283096,1398.3489100242398,NO
1646.0811391015945,1398.4368676006177,NO
1647.0503545680895,1398.2553880403273,NO
1648.0023634550653,1398.1708440374775,NO
1648.9969449888838,1398.173117288417,NO
1650.0125685805497,1398.1232687710958,NO
1651.0006689633612,1398.004318624306,NO
1651.994826824374,1397.9022844593444,NO
1653.0032588121283,1397.8892003839228,NO
1653.9956143054646,1398.0193767956837,NO
1655.9492365747026,1398.626844297992,NO
1656.7425228988707,1397.8612484513485,NO
1656.7870156001206,1397.1081057212482,NO
1656.1133448954934,1395.957116310534,NO
1655.8177939857455,1395.1140005517698,NO
1654.9378131629123,1394.0450318481774,NO
1653.7177005241697,1392.1557641968893,NO
1653.9263512232596,1389.9056415463117,NO
1655.0096151431992,1389.0121234419464,NO
1655.573586002801,1388.568767736953,NO
1655.8883661795605,1387.9561660297736,NO
1655.9722316592356,1387.0050275312656,NO
1655.7723155401122,1386.1270303396743,NO
1654.9118744511618,1385.088986704426,NO
1653.8981541966511,1384.0936603544271,NO
1654.9002871341254,1380.7257896144972,NO
1656.9956138776413,1379.9589004094548,NO
1658.0,1379.9019607843138,NO
1659.0049251545538,1379.9621641230997,NO
1661.0593128012667,1380.6303106291969,NO
1661.970672333652,1380.7008578054895,NO
1663.1042820838074,1380.4713975897525,NO
1664.055008853493,1380.157917718722,NO
1664.9645644148986,1379.9131591937323,NO
1665.7759950000495,1379.543878376198,NO
1666.9256602934024,1378.890069079376,NO
1667.93601227018,1377.9428253506144,NO
1668.2725075556446,1377.0558555878447,NO
1668.0741527649004,1375.96593899447,NO
1667.8136743637049,1375.1482787226535,NO
1666.8528839935755,1374.1795829788505,NO
1665.7535666007673,1373.3535783487196,NO
1663.9311658631757,1372.0816958775513,NO
1662.862058232031,1370.0192036588949,NO
1662.7814465901756,1368.9987143917476,NO
1662.767704819603,1368.0077431721604,NO
1662.6979632339962,1367.0432327152591,NO
1662.651348991613,1365.9767566004823,NO
1664.9493451782103,1363.6461101630052,NO
1666.0,1363.5450980392156,NO
1667.0500122757785,1363.6457463634652,NO
1668.0392937556728,1363.8333745806653,NO
1668.9743089923475,1364.0644292836882,NO
1671.0300975353014,1364.8833270858938,NO
1672.3121165820994,1365.552054894172,NO
1673.0226882602708,1365.9433746799964,NO
1674.690783642812,1366.635763406202,NO
1676.291026160362,1367.5542164128817,NO
1677.9293511284307,1368.1588186671006,NO
1679.0499386514023,1368.886526836811,NO
1681.0685263909002,1369.648898508817,NO
1682.022021480312,1369.8323738116173,NO
1684.2289625399362,1370.575798081806,NO
1685.0370013657775,1370.8917884628838,NO
1686.0005731773401,1371.022486187889,NO
1686.9987378897729,1371.0294981562017,NO
1689.0685208921277,1371.6128359613595,NO
1690.0249119880018,1371.7882480948356,NO
1691.917507735763,1372.2053140757755,NO
1693.0541991841653,1372.8592617910463,NO
1695.205620678105,1373.5946335187589,NO
1696.0381731991079,1373.8817008751878,NO
1696.9991818269682,1374.0278178840153,NO
1697.960113593915,1374.152623193723,NO
1698.855336223552,1374.4351215102931,NO
1700.0144536782952,1374.7766673644626,NO
1701.014251727427,1374.9367966863072,NO
1701.9797019636594,1375.105884597536,NO
1702.9915400334098,1375.2359390692116,NO
1703.9979386785858,1375.2607571759056,NO
1705.008582632532,1375.2431746038137,NO
1706.0164209163747,1375.0414346950854,NO
1706.7291500027156,1374.7478293235217,NO
1707.0252240942548,1374.0100950797314,NO
1707.2393501438883,1373.0199043777288,NO
1707.0310144401872,1371.9846343984348,NO
1706.7635053409003,1371.2522872959205,NO
1705.6832464932743,1370.4173921066156,NO
1704.9863542479857,1370.0223317489822,NO
1703.8803356012984,1369.2134333070755,NO
1701.8594505125898,1368.1961956028358,NO
1700.8726441775532,1367.0637550936892,NO
1699.8569622998975,1365.0430730196003,NO
1699.6483225652487,1364.0503381445935,NO
1699.5394086238719,1363.006321842436,NO
1699.6408114557448,1361.9467605900475,NO
1702.001293159495,1360.0233692386603,NO
1702.9996206529229,1360.0055734837472,NO
1703.9991671309451,1360.0140607887233,NO
1705.002238090043,1360.044612593834,NO
1706.0012103127342,1360.0413593094243,NO
1706.995425156971,1360.0609770203323,NO
1707.9937057679767,1360.1031804443473,NO
1708.9973290750931,1359.99196923961,NO
1709.8212232047363,1359.7456837197822,NO
1710.7722778782518,1358.8315976809097,NO
1711.6258221336077,1357.5971494845978,NO
1712.9129206632472,1356.8322757589406,NO
1713.9273918729418,1355.9418548613723,NO
1714.6938801591327,1353.9968506188907,NO
1714.603083028329,1353.0923749425801,NO
1713.8286731519256,1351.1030603682157,NO
1712.956356174296,1350.035152323006,NO
1711.9995643917064,1348.0000649141746,NO
1711.878345536823,1347.0133581368507,NO
1711.801920033352,1346.0062142732231,NO
1711.817294468474,1344.9896108622295,NO
1713.990447732988,1342.886705672569,NO
1714.9886899579442,1342.8139315727192,NO
1715.9931421278754,1342.7668323399446,NO
1717.0,1342.7509803921569,NO
1718.023683416671,1342.8335582086688,NO
1719.0009637500839,1342.9958625212819,NO
1719.9818884610886,1343.1582376488827,NO
1721.0013510849208,1343.2278829966813,NO
1722.015446910331,1343.1676154033578,NO
1722.9699543724294,1342.939707095678,NO
1723.622279767078,1342.519191928483,NO
1725.9934851667902,1341.762673935848,NO
1727.0078566336933,1341.764300973386,NO
1727.986620631812,1341.749908730375,NO
1728.7320137435513,1341.4757427217799,NO
1729.7967634714764,1340.8401354289745,NO
1730.0565156750372,1340.0195362820468,NO
1730.2169490477415,1338.9897906328094,NO
1729.997474638219,1338.0011163616775,NO
1729.6909682193818,1337.2367544809326,NO
1728.770096240104,1336.1797557771915,NO
1729.8894654963938,1332.833061059911,NO
1730.8233607855955,1331.8891948180624,NO
1731.090803253834,1331.0292482053553,NO
1731.9168992014434,1328.968354804921,NO
1732.4511280603215,1327.7189837750614,NO
1732.8912855969725,1326.9519078998849,NO
1733.5244344109058,1325.690105790795,NO
1735.9879891864541,1324.5624632259542,NO
1737.0494288123746,1324.639875788593,NO
1738.035006959706,1324.7740056991963,NO
1739.0001607669071,1324.8448599280266,NO
1739.8004465788085,1324.6244624575363,NO
1740.7572985786733,1323.852975882272,NO
1741.0045496249245,1323.0012260041499,NO
1741.5920271165317,1321.264557076334,NO
1741.7947168591443,1320.9205643492724,NO
1742.9795715778062,1318.9724074443518,NO
1743.6724039789112,1318.4957053839132,NO
1744.870694804998,1317.7801811715367,NO
1746.836043602129,1316.6302943950668,NO
1749.0142247530707,1316.0661760223486,NO
1749.872522646604,1315.809957081498,NO
1750.6767149732202,1314.8430489543862,NO
1750.9156681204543,1313.9832737388151,NO
1751.018695487966,1313.000806472036,NO
1750.972398960514,1312.0035718990032,NO
1750.8279396397586,1311.0394726707862,NO
1750.647956455943,1310.0441780133822,NO
1750.6269365478356,1308.9641566466003,NO
1751.8632691941489,1306.8242785190414,NO
1752.8612633608548,1305.8724880071625,NO
1754.9696659392662,1304.6905925828305,NO
1756.0501024452126,1304.7905553547162,NO
1758.2875541114877,1305.455244681438,NO
1759.044435372941,1305.9013751515583,NO
1761.1438685558148,1306.6244223322408,NO
1762.0242240151115,1306.8775914190728,NO
1762.9991260713305,1307.0152485478018,NO
1763.9421810842232,1306.8664850153903,NO
1764.404550260974,1306.540136554882,NO
1764.6045317712594,1306.0203849605637,NO
1763.976639469302,1305.0172761868578,NO
1763.5943188470203,1304.29281778378,NO
1764.9008573924107,1300.8380937206268,NO
1765.9999546786705,1299.9999347589026,NO
1766.5938478834246,1299.6139048048738,NO
1766.9186036706415,1298.9634998010097,NO
1767.0857288485938,1297.997814754833,NO
1767.0174038659602,1296.9981231124611,NO
1766.8445345685561,1296.0524883311768,NO
1768.2471581614568,1292.5369297996342,NO
1770.00006381705,1292.0003555521298,NO
1770.8923769335013,1291.7764751690108,NO
1772.831988737107,1290.7283061284895,NO
1773.9152760020022,1289.8894581847646,NO
1774.8918099693076,1288.9256905318596,NO
1775.1353231096034,1288.0090030734552,NO
1775.0865985151556,1286.9911703474972,NO
1774.9021129173816,1286.0362975870744,NO
1774.5183284164582,1285.3266335404212,NO
1773.6240876617042,1283.0265349883543,NO
1776.0016061120234,1280.931740241166,NO
1777.0,1280.943137254902,NO
1778.000316701253,1280.9461607852613,NO
1779.001332240976,1280.9767546930132,NO
1779.9960093963896,1281.0563889640414,NO
1781.0021540692358,1281.0105939899909,NO
1781.7535454500319,1280.7787115872702,NO
1781.8611893738453,1280.029321414401,NO
1781.6842803909808,1279.2034228353969,NO
1780.810656504622,1278.1232996340002,NO
1779.915232138887,1277.0680423602794,NO
1778.743064614353,1275.1787376717473,NO
1777.8543557630117,1274.1080458546587,NO
1776.6777985412368,1272.1721464488658,NO
1780.0438695617545,1269.8551068710917,NO
1780.9600230320375,1270.0968555928687,NO
1781.8983647659632,1270.4152788274432,NO
1783.0294927899827,1270.679971866015,NO
1784.0317488263286,1270.7976012371162,NO
1784.9835487974774,1270.8214869583983,NO
1785.918310201622,1270.6707437326982,NO
1787.7218055284131,1269.7486976643909,NO
1790.0,1267.6490196078432,NO
1790.9900107239334,1267.6361049475493,NO
1792.02060157812,1267.6610708234905,NO
1793.0399074875083,1267.8409936059857,NO
1794.0007820332005,1267.9938640470818,NO
1796.146344872628,1268.6498496922295,NO
1797.017903742479,1268.8597051064849,NO
1797.9887864314267,1268.8729128920356,NO
1798.919348867488,1268.7411267716273,NO
1799.312591623967,1268.5277928666385,NO
1799.8396237117436,1267.909048999575,NO
1799.920888942714,1267.021264661519,NO
1799.7346794383618,1266.1369185068922,NO
1798.862863598402,1264.0298473335797,NO
1798.7416825659427,1262.9918959239508,NO
1799.7176751970007,1260.8161605882588,NO
1800.8511483488523,1258.8485685970281,NO
1803.1999130535041,1258.570774925741,NO
1804.0374965127853,1258.840510221202,NO
1804.9957397308242,1258.9195282480355,NO
1805.9970601251316,1258.8846664478308,NO
1807.0091368941019,1258.9400353525866,NO
1807.9907703379001,1259.0570283080203,NO
1809.0041356303936,1259.1330532150666,NO
1810.0157947587527,1259.1056855225272,NO
1810.8853068641095,1258.8394296168103,NO
1811.210724057017,1258.0398812795702,NO
1811.1298694583745,1256.9772253985454,NO
1810.9142770771916,1256.0372109129053,NO
1810.5132512151606,1255.268718648797,NO
1809.7501704981198,1253.0499658996168,NO
1809.6304163185912,1251.9876805447796,NO
1810.6016014080328,1249.7345953544261,NO
1810.935610118967,1248.9765422283108,NO
1811.6340116558972,1246.860960305189,NO
1812.6697965471728,1244.7443760402052,NO
1813.7727286262088,1243.6875637557182,NO
1814.9181040301082,1242.8788622066625,NO
1816.8088992697833,1241.7054211326033,NO
1818.3330515592213,1240.6032991244497,NO
1820.0050522337624,1240.1073599649503,NO
1821.0018194982013,1240.0713803138287,NO
1822.0015900894693,1240.035258505043,NO
1822.9966172922796,1239.9647922278427,NO
1823.9636358674236,1239.830889124472,NO
1826.0238344893687,1239.0837218671613,NO
1826.9311778057138,1238.8495861962735,NO
1827.9427963220899,1237.9630177859906,NO
1828.2347307770774,1237.0537974944727,NO
1828.4376899240362,1236.0120112492214,NO
1828.1882040452097,1234.9280024815257,NO
1827.9003961054207,1234.0715500831182,NO
1826.9275964772391,1233.0866345581599,NO
1825.912440212827,1232.0604839396285,NO
1825.1146843666409,1229.9981868084824,NO
1825.1623340923265,1229.0191655786878,NO
1825.8101833024814,1226.9633756156172,NO
1825.9062614622665,1225.9977943872775,NO
1825.9806667154082,1224.9976496791219,NO
1826.0734857963596,1224.0059543826633,NO
1826.1153846153845,1223.0,NO
1826.7083403504735,1220.784974255068,NO
1827.8360367435828,1219.755532270522,NO
1829.8561499033065,1218.746583481438,NO
1830.9591171525738,1217.9374971937918,NO
1831.7293385992173,1217.5101971963488,NO
1832.9226131674327,1216.8610554535685,NO
1834.6729048639208,1215.6851223423246,NO
1834.9849733560854,1214.992714354511,NO
1835.2503708318704,1214.0582914647798,NO
1835.4380733944954,1213.0,NO
1835.244711265374,1211.9359985939884,NO
1835.1074587650332,1210.9887444379442,NO
1835.0475316417296,1209.9990680070007,NO
1835.0483857430236,1209.001043614044,NO
1835.0884711112485,1208.0053776559707,NO
1835.1566014993368,1207.0136805006016,NO
1835.7045734339154,1204.963111092082,NO
1835.778431372549,1204.0,NO
1835.859916028985,1202.980772788664,NO
1835.9909530695177,1201.9986163517653,NO
1836.1031830373013,1201.0080927872543,NO
1836.1552665426505,1200.0027399979408,NO
1836.671705618871,1197.8336641805206,NO
1836.98491360297,1196.993136212001,NO
1837.7404239753089,1194.9676922546466,NO
1837.8711450492835,1193.9852300649147,NO
1838.689047675014,1191.879016321161,NO
1838.9273836011866,1190.9819170925252,NO
1839.0852985966949,1190.008742045384,NO
1839.9272039133389,1187.958475469653,NO
1840.774444493823,1186.8269151150298,NO
1841.0950698059733,1186.0574231154073,NO
1841.5118780621965,1185.1218171329583,NO
1841.700717589389,1183.9911975764537,NO
1841.767297438162,1182.9785548611017,NO
1841.8530393959322,1181.9870328876177,NO
1841.9215913512598,1180.995848953935,NO
1842.0076951501878,1180.0011309419635,NO
1842.7935337124798,1177.9506276267598,NO
1842.9472372223859,1176.9941724696132,NO
1843.1223272603274,1176.041369781953,NO
1843.3881250970578,1175.1014706175952,NO
1843.7000237973123,1173.96176773958,NO
1844.5396441685944,1171.6894939716499,NO
1844.943062102505,1170.9682571231083,NO
1845.8211836816433,1169.8312578424882,NO
1847.8121079049433,1168.5765416923005,NO
1848.970910498083,1167.951326621633,NO
1849.5198125679651,1167.5198125679651,NO
1849.9323885381043,1166.964799829104,NO
1850.1707376024322,1166.0212360195717,NO
1850.3024793900877,1165.04435543044,NO
1850.3834462580858,1163.989446433244,NO
1850.2370914943604,1162.9519151766106,NO
1850.123313984576,1161.9912266729505,NO
1849.9224707879325,1161.0337379857817,NO
1849.5491878899218,1160.2870035225424,NO
1849.8444733104382,1156.9176407098805,NO
1850.7632582225035,1155.7217245746544,NO
1851.9567396709012,1154.9119379992856,NO
1852.5942005984887,1154.459841961849,NO
1853.6639201990095,1153.6651056751562,NO
1854.684689146567,1152.6615894682195,NO
1855.724195572326,1151.6670568158786,NO
1856.8903882175532,1150.8103943938393,NO
1858.8769814778916,1149.7904629695802,NO
1859.872249273742,1148.903882780558,NO
1860.5899120485676,1147.7711787557082,NO
1860.948096225896,1146.976447490183,NO
1861.8815145858273,1144.9494021521834,NO
1862.4277353451316,1143.682075198243,NO
1862.8973008483188,1142.955348197243,NO
1863.5746575329786,1141.7344682790551,NO
1863.9700640966207,1140.981412823873,NO
1864.952368066627,1139.9359605817276,NO
1866.7661126268877,1138.7083180744028,NO
1867.7366712708315,1137.7903335930184,NO
1868.7208572714228,1135.873737403329,NO
1869.6800634927235,1133.8377958476901,NO
1870.7377519251795,1131.8620091241467,NO
1870.9866568428006,1130.9959666648308,NO
1871.1313725490197,1130.0,NO
1871.0932618524319,1128.9937825434497,NO
1870.9584647450845,1128.008877142963,NO
1870.7847052950592,1127.0434810867241,NO
1870.626793747768,1126.02341686306,NO
1870.6302848006128,1124.9760772508625,NO
1871.7468313732904,1122.6872622987605,NO
1873.9838585969726,1121.9085968803554,NO
1874.8071095066528,1121.6496478782142,NO
1875.9736856997545,1120.9473094817988,NO
1876.644900892824,1120.5570725647317,NO
1876.9751408394716,1119.9873818732326,NO
1877.1813342639912,1118.9967030133573,NO
1877.0513475608,1117.9865273529565,NO
1876.800306572789,1117.1208670794906,NO
1875.6994926704763,1115.058333777824,NO
1876.6662350802858,1112.4345730551574,NO
1877.7785876767111,1111.7688470310131,NO
1878.6601649808013,1110.7419297901836,NO
1878.877120398609,1109.9689856606299,NO
1878.8524968864087,1109.0503063227097,NO
1878.528757712724,1108.2301713940758,NO
1880.9891005886338,1105.0266641459077,NO
1881.969187670659,1105.2709359932817,NO
1883.0241040756339,1105.2926923632385,NO
1884.0055775457977,1105.0103046543018,NO
1884.6839245156268,1104.6839245156268,NO
1885.002343634006,1104.0011984204173,NO
1885.269377007852,1103.0273669859453,NO
1885.3698561576603,1102.014947555024,NO
1885.720017340009,1100.9028631589588,NO
1885.9390419986735,1099.984839134465,NO
1886.8224293651554,1097.9046585689318,NO
1887.076015080814,1097.0223096546702,NO
1887.9026659272067,1094.949594855394,NO
1888.8005382032645,1093.8400355816648,NO
1889.065510301402,1093.0228042199676,NO
1889.2306756577414,1091.9899706236886,NO
1889.170904516213,1090.9855904032493,NO
1889.8533429011604,1088.8956071923312,NO
1890.4657829726498,1087.771264820092,NO
1890.9085321774344,1086.9595933373926,NO
1891.7749407172776,1085.8237713804583,NO
1892.5835005811666,1084.6882886565463,NO
1892.973589871122,1083.9815783327124,NO
1893.8821489840054,1082.9072309771254,NO
1894.8434064755056,1081.8353068207216,NO
1895.9694216671724,1080.9483718157903,NO
1896.5819192340005,1080.5658082299224,NO
1896.8815341486666,1079.9494175906452,NO
1896.981280739833,1079.0023490836293,NO
1896.858175934907,1078.027252468887,NO
1896.7051523181435,1077.0364223608562,NO
1896.7061396338745,1075.9654281933877,NO
1897.716712417055,1073.8175047715556,NO
1898.8880590536237,1071.923206736264,NO
1899.7597312880791,1070.8259882650593,NO
1900.594166041449,1069.6673381194412,NO
1901.536866069595,1068.5675146115802,NO
1902.5044691127675,1067.561000242889,NO
1902.993904653476,1066.9949100714641,NO
1903.9352783020483,1065.9492482868898,NO
1904.8248783338952,1064.8732217777892,NO
1905.7266450947122,1063.7916328768954,NO
1906.5953202090582,1062.2946359787932,NO
1906.8392286772219,1061.9221837445768,NO
1907.069966052243,1061.017720967018,NO
1907.219961093051,1060.0069007399072,NO
1907.1349815135736,1058.9782970913884,NO
1906.907108190929,1058.0473646143116,NO
1906.4418917893522,1057.486424622078,NO
1905.9867642667048,1057.0161488611382,NO
1904.85485945779,1054.9968695177806,NO
1904.9062094873311,1053.9920921723044,NO
1904.9470588235295,1053.0,NO
1904.9716879359958,1051.9986121536838,NO
1904.994087401353,1051.0000231866607,NO
1905.0023098262127,1050.0000452907113,NO
1905.047339588845,1049.003341618007,NO
1905.1392902884725,1048.0187533697792,NO
1905.7153484260339,1045.9343111772478,NO
1905.9494914597583,1044.9855406929294,NO
1906.5537503103856,1043.2331580178861,NO
1906.777624669374,1042.9030262882682,NO
1907.033558589941,1042.0117928233171,NO
1907.9285345594617,1039.9698885990815,NO
1908.4332535976268,1038.7487292241278,NO
1908.861122467886,1037.955972865631,NO
1909.6502081365259,1035.8849218987605,NO
1909.8732930478582,1034.9704350446295,NO
1909.978431372549,1034.0,NO
1909.9548229623113,1033.0021259782936,NO
1909.9157646531721,1032.0026426774455,NO
1909.85780180177,1031.0128257198403,NO
1909.7853744564297,1030.0126250320218,NO
1909.837500129107,1028.9773774677749,NO
1909.9786584286023,1027.9961919939838,NO
1910.0978262069098,1027.0069599673564,NO
1910.149499952097,1026.0048032114757,NO
1910.1607142563096,1024.9980636836697,NO
1910.1772639459293,1024.007645285786,NO
1910.7561729877712,1021.9337817182007,NO
1910.7183789333963,1021.0928141650637,NO
1910.544779604093,1020.7272171468054,NO
1910.0016064537945,1019.9985355993239,NO
1909.4514233535529,1019.4774099660489,NO
1908.7548161082632,1018.108209651614,NO
1907.8302927793227,1016.0285081297226,NO
1907.8302953511918,1014.9710503845251,NO
1907.9786910158437,1013.9960724617488,NO
1908.6971579903216,1011.8504131686681,NO
1908.9471889551314,1010.9876206363318,NO
1909.0619343468798,1010.0027931176505,NO
1908.9983199861895,1009.0003374086258,NO
1908.7886750748853,1008.1003728904238,NO
1908.6066255314047,1007.7387901321471,NO
1908.2075575657084,1005.996744194837,NO
1908.181139859689,1004.9936068288868,NO
1908.130416884634,1003.9918169797265,NO
1908.042652579965,1002.9954002118831,NO
1907.8577566090269,1002.0528332605379,NO
1907.1163276024738,1000.9373411033899,NO
1906.6792534400795,999.0408794627635,NO
1906.4017619159968,997.9078062087581,NO
1906.2099219847826,996.9556383282717,NO
1906.1111876959462,995.9967039220888,NO
1906.076830910419,994.9968363744858,NO
1906.0365211354817,993.9984961886383,NO
1906.0175420813955,993.0002618221101,NO
1907.0069171367204,991.0064620622777,NO
1907.9199694836104,989.9462022777445,NO
1908.8497367182513,988.8465282465493,NO
1909.8623921164733,987.8741226196205,NO
1910.7084229694278,986.8316585637253,NO
1910.998100347769,985.9993174410175,NO
1911.7894240995372,983.9428532110898,NO
1911.9348549413478,982.9945927026915,NO
1912.626344575833,980.888778143369,NO
1912.843003407637,979.9751784061294,NO
1913.055784011388,979.0200508784459,NO
1913.30802058894,978.0850902956098,NO
1913.6679749327482,976.944011458323,NO
1913.8506614671687,975.9657399837251,NO
1914.627444035238,973.753378451113,NO
1915.0385728297892,973.0276793459485,NO
1915.4603004711555,972.1455070417322,NO
1915.7721482479972,970.9794486655056,NO
1916.139552432066,969.06598223821,NO
1916.8705834889295,967.9489030449507,NO
1917.5367045454846,966.237249449762,NO
1917.7561014922187,965.9147565324195,NO
1917.9660572635519,964.9936167394229,NO
1918.7386379930565,962.9141880092236,NO
1919.6177547567574,960.7760747794398,NO
1920.4141640547975,959.498914266829,NO
1921.0004739445785,959.0004577732622,NO
1921.6029250564054,958.4470668566463,NO
1921.9077809451007,957.9510801840743,NO
1922.1546631757064,957.0293111665151,NO
1922.805477618933,954.9568397188472,NO
1922.9,954.0,NO
1922.8084021142288,953.0395296689538,NO
1922.5214891617761,952.2167947181831,NO
1921.9088754455977,951.0561290858332,NO
1921.1731977211248,949.9425211929181,NO
1920.907232903682,949.0439211511124,NO
1920.0835129173697,946.996203958358,NO
1920.6802290128144,944.8294856354414,NO
1921.443052135619,943.5530665249048,NO
1922.5521150412173,942.4651837862016,NO
1923.9363880552262,941.7974404566937,NO
1925.9614200292974,940.9241063601021,NO
1926.6760463389778,940.462253225444,NO
1927.7794845261412,939.7780045493834,NO
1928.7505874885533,937.8952759186225,NO
1928.9379834963306,936.986960633293,NO
1928.8868337180056,936.0401002251243,NO
1928.5912690024168,935.3285876751434,NO
1927.7043396375634,934.2158719596965,NO
1926.8960784313726,932.0,NO
1927.6575222691824,929.7584308903131,NO
1928.5966201785443,928.6205554338446,NO
1929.7412019835035,927.6565434209052,NO
1930.0129952397822,927.0088876531444,NO
1930.3028726121265,925.9773211324165,NO
1930.191003304003,924.9782401304313,NO
1930.109558693743,923.9940600705405,NO
1930.016273031531,922.9978433331706,NO
1929.9224513577483,922.0064368437637,NO
1929.9233593063605,920.9942895167559,NO
1930.8538174084722,918.8855403112508,NO
1931.749165619007,917.8245990227889,NO
1932.029228492901,917.0095703916593,NO
1932.7633771995258,914.9368498633044,NO
1932.910985099792,913.992320283349,NO
1932.9549019607844,913.0,NO
1932.8833637258579,912.0171523934629,NO
1932.7017648704993,911.096402493094,NO
1932.1042144789774,908.9991761701804,NO
1932.6186651772318,906.8346424316321,NO
1932.910606395331,905.9721407130992,NO
1933.928649296782,903.9391058659354,NO
1934.8865171589787,902.9049560259444,NO
1935.7849425120726,901.8290568723493,NO
1936.715503553032,900.7678040017173,NO
1937.487424268905,899.6456366128291,NO
1937.879501563321,898.9515656323979,NO
1938.8302337731084,896.8583114858825,NO
1939.8026815138512,895.8285795738244,NO
1940.3891767471052,894.6689850114818,NO
1940.6757217185736,893.99129220495,NO
1940.662144600392,893.0516720039108,NO
1940.6829624568704,891.949025339524,NO
1941.8373204268794,889.8495213965145,NO
1942.8038948500691,888.8398094498295,NO
1943.6558289674902,887.7497392032858,NO
1943.9111405251722,886.9721261849436,NO
1943.9986631600175,886.0001284414961,NO
1943.913473587721,885.0086526417463,NO
1943.811100793487,884.0218530454761,NO
1943.642285606032,883.0884670010721,NO
1942.9889680509182,881.0012863339603,NO
1942.829817608845,880.0440408112772,NO
1942.5189655912295,879.212221059006,NO
1942.1124669664716,877.9894455820587,NO
1943.488873392629,875.5982658240817,NO
1943.9433370795655,874.9527135396193,NO
1944.8923595106667,873.9221414634548,NO
1945.547837714198,872.7858178677593,NO
1945.8942613232473,871.9609512773844,NO
1946.0912082216819,871.0135918129098,NO
1946.659033842147,868.8369662479334,NO
1947.9658223201782,866.9496935288789,NO
1948.6390511291934,866.4849381504991,NO
1949.805677977211,865.7630961223847,NO
1950.800730628229,864.8258894688207,NO
1951.084042950408,864.040266731966,NO
1951.432392266596,863.070183986433,NO
1951.5055462142882,862.068312695253,NO
1951.2916083245918,860.9489906587148,NO
1951.1570955419952,859.9807511388527,NO
1950.9743038887414,859.0080588652327,NO
1950.6938467829023,858.1532777645015,NO
1950.0771784462695,856.0037280440615,NO
1950.2149290077432,855.070811876197,NO
1950.474630609432,854.0263649257662,NO
1950.2203661956687,852.9324146886989,NO
1950.0685655001662,851.9929728889166,NO
1949.9891871230413,851.0007420601676,NO
1949.964816462085,849.9992411393937,NO
1950.6451532778576,847.8247374061422,NO
1950.9649625796421,846.9878702179485,NO
1951.553601296384,844.9457910752517,NO
1951.3505493079385,843.889849452508,NO
1950.996994604485,843.0020743390392,NO
1950.5414351197821,842.2689980182249,NO
1950.609230927966,838.8022423762571,NO
1950.8981101457284,837.9717032407113,NO
1951.0254524456827,837.0005988810939,NO
1950.9564891473046,836.0068252319626,NO
1950.8081807569447,835.0391160806507,NO
1949.9994126340284,833.000408806705,NO
1949.5439126955673,832.2749937953677,NO
1948.8927811843407,830.0088297843287,NO
1948.792573694081,829.028063559293,NO
1948.1707300293717,826.9538189290737,NO
1948.083049392461,826.0039704886777,NO
1948.1333028661636,825.0087629368977,NO
1948.1290820593874,823.9900509873727,NO
1948.0723845529103,822.9964517374966,NO
1948.0726284894183,822.005150427398,NO
1948.4620752935011,820.742731652065,NO
1948.766614090422,819.9558874987983,NO
1948.8386028406449,819.0094939505857,NO
1948.859106569078,817.9881207497064,NO
1949.460786183843,815.721746807505,NO
1949.89817648091,814.9589133163992,NO
1950.570274511731,813.7263095237741,NO
1951.7442499202175,811.798475404017,NO
1952.7817476796279,810.7919158457614,NO
1953.686084053376,809.7654973060365,NO
1954.6243571714215,808.6585641039993,NO
1955.001503650569,808.0009352603166,NO
1955.8094136917418,805.958686811265,NO
1955.993060421566,804.9984502522725,NO
1956.1500078692695,804.0167339455087,NO
1956.2515101420097,803.021373391812,NO
1956.3126267006762,802.0079689159247,NO
1956.219786680665,800.95340613022,NO
1955.9294110979095,800.0502108322311,NO
1954.9213119488659,799.1035986113012,NO
1953.8119935716336,798.222189412188,NO
1952.8671839283372,797.06746991298,NO
1952.0736120802349,794.9969544952979,NO
1952.0395671597994,793.9983707641159,NO
1951.993925683937,793.0003215814352,NO
1951.9749627910237,791.9996072594416,NO
1952.751853107711,789.7970468041016,NO
1953.9135264868578,788.8530683044836,NO
1955.0072710917686,788.0086819001458,NO
1955.543413306368,787.5365214355518,NO
1956.6182885005965,786.5837834941287,NO
1957.8290356830255,785.7137958985412,NO
1958.927493432148,784.9043334336694,NO
1959.9196164737739,783.9252877062987,NO
1960.8453565981195,782.8836753218648,NO
1961.7655108566207,781.7663365082371,NO
1962.9506807348682,780.9013614697365,NO
1963.6870538176931,780.4303204885603,NO
1964.934895904221,779.874227467686,NO
1965.9742660083284,778.9771589806946,NO
1966.8046202342578,777.9027843378723,NO
1967.0589223422269,777.0190963663757,NO
1967.2921781801429,776.054180935823,NO
1967.2036736023244,774.9296666694698,NO
1966.9109456233289,774.0647668217839,NO
1965.6303172393762,772.3055422115259,NO
1964.7264736591965,771.3042380513025,NO
1962.8060888720581,769.0349800490271,NO
1962.6640874836621,768.0230528192568,NO
1962.761930737088,766.9533197534334,NO
1963.8194469001226,764.8964510085103,NO
1964.6638499852581,762.8513681182548,NO
1964.909498657454,761.9796872636402,NO
1965.0239361760293,761.0010794746231,NO
1965.004929056775,759.9996037425115,NO
1964.9013336779997,759.015670533862,NO
1965.5948986942399,756.5858629830308,NO
1966.697552041085,755.7116662647218,NO
1967.4295339382427,754.561179962394,NO
1967.465922432788,753.9271712349932,NO
1967.469361695489,753.3022405948094,NO
1966.8555919758915,752.1003979615153,NO
1965.948462836556,751.0460811576603,NO
1964.9543922938676,750.050546120379,NO
1963.9066799695509,749.1299370276241,NO
1962.790774873128,748.1884033567007,NO
1963.8009267618322,744.6881619564456,NO
1964.9466363459185,743.9133557851765,NO
1966.0448153841498,743.1644480756097,NO
1967.7395083612894,742.5479125152339,NO
1968.8977330283471,741.8421531458688,NO
1969.8485486774907,740.8900972790775,NO
1970.0482062715216,739.9981725728395,NO
1969.828191001845,739.1529654364538,NO
1968.8278131936781,738.2700374508883,NO
1967.3194064885804,737.4357459032078,NO
1966.9160836052135,737.1635072001237,NO
1964.8937739896658,736.1108834775715,NO
1964.056392568148,733.9986731160016,NO
1963.9934172774058,733.0006582722989,NO
1963.8974700603228,732.010856111034,NO
1963.826481681026,731.0051034797987,NO
1964.5784748728815,728.56405006002,NO
1965.814245887139,727.7076092866754,NO
1966.9553088896398,726.9216724496141,NO
1967.6539302223914,726.4564213807625,NO
1968.7283266283666,725.7302881631073,NO
1969.686975672061,723.8553320072897,NO
1969.904679752793,722.9850357470897,NO
1969.8995482782852,722.0145753479219,NO
1969.7688823552835,721.0407854667146,NO
1969.6319877013077,720.0230909679335,NO
1969.6337726638435,718.9770210297166,NO
1970.776005734048,716.7144990963271,NO
1971.910124546854,715.872510678931,NO
1973.6764184622912,714.6377632612966,NO
1974.0010680957305,714.0004917765243,NO
1974.24444077546,713.0352651727778,NO
1974.4269216950747,712.085203058727,NO
1974.6634690878827,710.9659081019679,NO
1974.6994572743965,710.008839491633,NO
1975.4487510673637,707.6021731009197,NO
1975.8745081134475,706.945825906965,NO
1976.0414913502336,706.0008265209299,NO
1975.9039588705557,705.0347646181486,NO
1975.5769111542604,704.3033221619687,NO
1974.8093890830585,703.139311933352,NO
1973.863638951427,702.1874648212442,NO
1972.6830677818266,701.3961652802767,NO
1971.5958678329232,700.3593064223695,NO
1970.625513213042,699.2688470810533,NO
1969.8923753711276,698.0536856966522,NO
1968.9161797933816,696.0129274951819,NO
1968.7973418104561,695.0186763436953,NO
1968.729822242382,694.0079464043692,NO
1968.6854987421034,693.020966749587,NO
1968.7242885695543,691.9681039717476,NO
1968.893577787116,690.9751821709782,NO
1969.0531808095957,690.0078394024762,NO
1969.681354304528,687.8674590347841,NO
1969.9369896206238,686.9814597727726,NO
1970.0907207943865,686.0062751534003,NO
1970.1526042624293,685.0096941231908,NO
1970.13722090206,683.9899524445729,NO
1969.9210658401498,683.0408589777796,NO
1969.4998880345988,682.3773647613455,NO
1968.6715170683433,681.2466212549912,NO
1967.6531888275385,679.6825714675182,NO
1967.0953166331963,677.9927863295159,NO
1967.0309691495004,676.9979353901258,NO
1966.9764659908503,676.0010151925592,NO
1966.9124922235799,675.0075496902888,NO
1966.8154606843398,674.0227960332088,NO
1966.7002909145513,673.0370228871849,NO
1966.4684283525692,671.9077493342459,NO
1966.2540690421015,670.9423180100868,NO
1966.1406879376955,669.9913400966594,NO
1966.1176555339448,669.0009227884478,NO
1966.0952733181132,667.9957033600924,NO
1965.9407297840114,667.016735119679,NO
1965.7353638062177,666.0658996023601,NO
1965.5450980392156,665.0,NO
1965.6176224577614,663.9572636863545,NO
1965.7080837009457,662.971953138241,NO
1965.7178217945739,662.0199184613859,NO
1965.6467087186659,661.0339436741295,NO
1965.6988966302097,659.9521776989698,NO
1965.8652634593252,658.9719959356804,NO
1966.003501769933,658.0003937313617,NO
1966.641668693971,656.2678811096763,NO
1966.7815440046193,655.9257627894783,NO
1967.543905681018,653.7123536640792,NO
1968.5014937542483,652.5014937542481,NO
1969.717658929107,651.5403916199307,NO
1971.7995552378618,650.6627811370896,NO
1973.9260608632806,649.7836595652032,NO
1975.0310184997886,649.0455120976794,NO
1975.8211237090325,648.702414904715,NO
1976.8643492425679,647.8748460303813,NO
1977.1698483226728,647.058284790298,NO
1977.3985155769894,646.0417417490852,NO
1977.6025487364936,644.9307048866889,NO
1977.6488051862484,644.0186348265366,NO
1977.3764448629759,643.3690796608455,NO
1976.6690012704703,642.499891038735,NO
1975.95341184415,642.1258697551038,NO
1974.2954920302618,641.3800105616982,NO
1973.9228236372096,641.1953944803413,NO
1972.9998920931816,641.0007868533903,NO
1970.827165762291,640.3925211195926,NO
1968.8186606821168,639.2788335735306,NO
1967.626423789266,638.3088718245455,NO
1967.8637887059094,634.8872805171198,NO
1968.66080158421,633.8102159391852,NO
1968.9442186186195,632.9795448024863,NO
1969.1028621987373,632.0023523579403,NO
1969.0356469619928,630.9938490105505,NO
1968.9470044694465,630.0024939073783,NO
1970.9140210213384,627.8028372487216,NO
1971.2714915915847,627.616214475003,NO
1972.9924830801956,626.9697139877803,NO
1973.7850181076778,626.6775271730671,NO
1974.4507650121238,625.7545030173259,NO
1974.6653277928956,624.9831408426446,NO
1973.8737542328556,623.1653325255976,NO
1971.8682789585966,622.3121215895478,NO
1970.9780043217002,622.0870110151119,NO
1970.0033351293175,621.9468463769003,NO
1967.9140565948835,621.1011890191714,NO
1967.1009774814138,618.999406014834,NO
1967.085048790208,617.9979988519317,NO
1966.9798970028548,617.0036658404088,NO
1966.828198314947,616.0282967481875,NO
1966.6170128207211,615.0932271437156,NO
1965.8434311297628,613.0582581827691,NO
1965.1568013651602,610.993492433434,NO
1965.6168922344393,608.8574374723117,NO
1965.918137378356,607.971806650305,NO
1966.5786125992136,606.2880011633297,NO
1966.8195802026935,605.9080965486024,NO
1967.0432174019566,605.0094309166468,NO
1967.1245039927553,603.9970238088891,NO
1967.12249557552,603.0016946028243,NO
1967.1313725490197,602.0,NO
1967.1231190460362,600.9980687207214,NO
1967.0640463611692,599.9904267548461,NO
1966.8428488054526,599.0863224846621,NO
1966.573837829495,598.6688344502643,NO
1966.7530711055113,595.8055936539633,NO
1967.7235936918703,594.7655794637486,NO
1968.4922047053917,593.6213052091405,NO
1969.5105841946147,592.5105841946148,NO
1969.9426304292629,591.9651708995359,NO
1970.2000683409742,591.026500459022,NO
1970.1674574555823,589.9630426537236,NO
1969.8874476711007,589.0860322812498,NO
1968.8745651335182,588.2048958646981,NO
1967.65178640776,587.3482135922399,NO
1966.8587011011978,586.0610082460771,NO
1966.1219886653869,584.9390056673066,NO
1965.7016312807323,583.0409525685193,NO
1965.6078431372548,582.0,NO
1965.7465992092248,580.9493198426151,NO
1965.9116037369993,579.9835340297301,NO
1966.6455371464447,577.8527889542353,NO
1966.8243347036373,576.9873428935165,NO
1966.7078286486676,576.1180199541241,NO
1965.9700570740758,575.0281691557783,NO
1964.9410916434733,574.0711490519133,NO
1963.9280677204288,573.0641224875112,NO
1962.9261601716046,572.100640947051,NO
1961.7846620296893,571.2552304558537,NO
1960.7542921028623,569.0226436698459,NO
1960.7324069530391,567.9842592324729,NO
1961.504696650822,565.6489289652593,NO
1961.9771351586357,564.985008428791,NO
1962.7291296645778,563.8633842063039,NO
1962.9444180991168,562.9892495912948,NO
1962.9832204474446,562.0015792520185,NO
1962.8810508468637,561.0163263540363,NO
1962.7256219832032,560.0553343319124,NO
1961.9483179788147,558.0318274619372,NO
1961.4539011595637,557.537632198121,NO
1960.5372386186016,556.2333035222662,NO
1960.0319063351571,553.9986862098156,NO
1959.9728504861378,553.0021293736402,NO
1959.9097519022496,552.0047778404177,NO
1959.9341379814466,550.993801221731,NO
1960.5549065461064,548.8099080052682,NO
1960.9150605083144,547.967151954708,NO
1961.1322251158301,547.0272344268246,NO
1961.2899898662522,546.0194901527528,NO
1961.295779106431,544.9817568000066,NO
1961.2167524130325,543.9811519639431,NO
1961.1125403134336,542.986539295725,NO
1960.9787160424485,542.0036307926225,NO
1960.8558524132798,541.0121536202977,NO
1960.8414550570776,539.9900520819384,NO
1960.9134163165343,538.9926998069357,NO
1960.9981313318422,537.9998314534603,NO
1961.0828768499337,537.0071501593882,NO
1961.1376480886363,536.0024290840317,NO
1961.145146181146,534.9994307993063,NO
1961.7226647283044,532.8631521438115,NO
1961.941393149538,531.9896796899822,NO
1962.026366680005,531.000937945163,NO
1962.1013130267181,530.0132235874701,NO
1962.197562386747,529.0122980603761,NO
1962.2210918572646,527.9947567146619,NO
1962.0604330105875,526.9817501150943,NO
1961.7958297655982,526.1483580144986,NO
1960.8590490192785,525.1207851111607,NO
1960.0181502984815,522.9992526348178,NO
1960.7409070994281,520.7855083734358,NO
1961.0699415732279,520.0529139140848,NO
1961.5109357752276,519.0420514596924,NO
1961.0353480010958,517.9738620929724,NO
1960.6849484558124,517.342447305315,NO
1958.781318155599,516.5219206904486,NO
1957.9589200465864,516.0726250808423,NO
1956.8006939261193,515.4199078577302,NO
1955.9647255609157,515.088743060172,NO
1955.0263524871161,514.867127984272,NO
1952.969519570458,514.1196356830088,NO
1950.8659187567148,512.0002649826796,NO
1951.7584485241157,509.84228109819225,NO
1952.0107481411865,509.00236169926313,NO
1952.1130208488619,508.0037711709749,NO
1952.1179543932371,506.995803993807,NO
1952.0387544385073,505.9955166433849,NO
1951.8448412168,505.06517695226245,NO
1951.6462817681652,504.64533317279177,NO
1950.8884094108728,503.0149963633517,NO
1950.9023824936087,501.9850702632609,NO
1951.7981337382857,499.89967710523865,NO
1952.02970752386,499.00754232447156,NO
1952.160619337455,498.0031995884301,NO
1952.175592013957,497.0021501062593,NO
1952.544308811163,495.81037949287287,NO
1952.8815762927204,494.9597638631939,NO
1953.0792356786606,494.0148515044898,NO
1953.747538167274,491.984609278822,NO
1953.7486213793509,491.02464496299325,NO
1953.7679160726634,489.97315107505233,NO
1953.9273797350113,488.9840520210111,NO
1954.067976521545,488.00698572946067,NO
1954.0972997890988,486.9953482174942,NO
1953.9506321205545,486.0151039032167,NO
1953.6634961045852,485.20933673373867,NO
1952.8517688765724,484.11849743897733,NO
1951.9141021400578,483.06755314676957,NO
1951.0848882609562,480.99284275432655,NO
1951.0781706984226,480.00551793160525,NO
1951.1402464792145,479.00879977915366,NO
1951.171554557086,477.9993219187369,NO
1951.6788392295903,475.8998308867253,NO
1951.8647301883843,474.97931167522285,NO
1952.0020487634329,474.00030374702675,NO
1952.632479964272,471.9079249142458,NO
1952.8801681138473,470.9671049721382,NO
1953.0548737745962,470.00860765112805,NO
1953.1613657371581,469.006011664595,NO
1953.188382252262,468.0028116754043,NO
1953.747884002397,465.9288490505566,NO
1953.862745098039,465.0,NO
1953.8229671259928,464.01492630143764,NO
1953.7514956342275,463.01510516786226,NO
1953.6392648692365,462.07929953210686,NO
1952.9906240815567,461.00900511907605,NO
1952.4991601065758,460.5689365576877,NO
1951.5233106077765,459.2541893794749,NO
1950.77321758501,457.10690759307766,NO
1949.6611248294591,455.28075094313573,NO
1948.7299791208561,454.19476237230583,NO
1947.8324868590976,453.1751008475207,NO
1946.7963828174773,452.1967958331515,NO
1945.9098431221914,451.05236657145696,NO
1944.6877056667429,449.17659233928555,NO
1943.9863536116259,447.0009365168292,NO
1943.830556955153,446.05070097787683,NO
1943.128586046697,444.9328705223455,NO
1942.8462473476434,444.0755244571812,NO
1942.051574565908,441.9992865178626,NO
1942.0552692867225,441.0008669692596,NO
1942.1195280650359,440.0148819527791,NO
1942.2112947461274,439.01357717327187,NO
1942.203844064831,437.98526428494705,NO
1942.0392115694176,436.99031334779704,NO
1941.8210338552983,436.0630272090062,NO
1941.6482185835823,435.70689246876645,NO
1940.8713381169607,434.0679215049714,NO
1940.038585993775,432.9711910243123,NO
1939.6394192728162,432.2341363717903,NO
1938.8715741269257,430.008058094057,NO
1938.811320241073,429.0110988093901,NO
1938.8157651023382,427.98844016319765,NO
1938.9487389957135,426.98908569973446,NO
1939.670238816531,425.33611975877153,NO
1939.8581482367235,424.9408950978715,NO
1940.1033081088658,424.038544683712,NO
1940.3635379944246,423.00821133074214,NO
1940.2297581696082,421.95005257243366,NO
1940.091395785377,420.9895238032409,NO
1939.8864624889668,420.04919541613793,NO
1939.4334337244127,419.33959057930264,NO
1938.753100634596,417.03921342954334,NO
1938.4542158065356,415.89032716734823,NO
1938.253849433539,414.95027154696453,NO
1938.176784352424,414.0017468809313,NO
1938.1622951648026,412.99395370966994,NO
1938.1103970851411,411.9930731240179,NO
1937.9697046337526,411.0083641555454,NO
1937.6895003415966,410.18131042391786,NO
1936.6503385171068,408.19711793719546,NO
1935.9362076083205,407.0321561173866,NO
1935.5313480628251,406.2333400237702,NO
1934.7878427229061,404.1131505473056,NO
1934.046116594315,401.99674471101787,NO
1933.9917250102562,401.0003407348493,NO
1933.9606822409314,400.0007709364724,NO
1933.9099576048343,399.00741525566065,NO
1933.8173819744407,398.02220062277416,NO
1933.734355096765,397.0078130851272,NO
1933.7368239882096,395.99122746686226,NO
1933.8350114239283,394.97735450960454,NO
1933.9741441828899,393.99477813898676,NO
1933.9721042379647,393.00616102715094,NO
1933.769223835235,392.12972288299324,NO
1932.947647828192,391.04003401489086,NO
1932.135496256803,389.9548345824845,NO
1931.8729455184794,389.0596553771674,NO
1930.9649432488177,388.0491036711028,NO
1929.8524816209285,387.27904954872554,NO
1927.9977509436544,386.00218979255766,NO
1927.1266956562731,384.00550850673284,NO
1926.9232338667643,383.04343706447025,NO
1926.4756056097904,382.3203996923052,NO
1925.943864954113,382.13079324198475,NO
1925.0388144024707,381.8932067817035,NO
1924.0691096874073,381.61640239512667,NO
1922.9497616154856,381.3660225228255,NO
1920.714676030447,380.3230181290384,NO
1919.6158237185618,379.34987481391175,NO
1918.7396600571712,377.0250130548054,NO
1918.6553958952343,376.02364930080284,NO
1918.6773170788406,374.9689971292763,NO
1918.831147678074,373.9658984532145,NO
1918.947544079059,372.9954743912699,NO
1918.8943605656461,372.0237744797196,NO
1918.6300660714396,371.20014505129325,NO
1917.718017201136,369.0756391593125,NO
1916.8680389508256,367.10756824487044,NO
1915.8741301435803,366.1979491824808,NO
1913.9212759652492,365.111782529837,NO
1912.951836326382,363.00377754303594,NO
1912.8956370178628,362.0030694993717,NO
1912.848726674776,361.0097882743704,NO
1912.7535122731538,360.0396313574205,NO
1912.441710527338,358.8970304415304,NO
1912.0725112808557,357.9615565205299,NO
1911.7824225213708,357.12027575319763,NO
1910.893523515465,355.06678730379883,NO
1909.9407555757257,354.0765156825304,NO
1908.8408098332995,353.3029996403748,NO
1907.9876095451848,353.04555588443395,NO
1905.3883206333392,349.9371058535283,NO
1905.2650035433285,348.97957482541443,NO
1905.0821438869552,347.9776271420766,NO
1904.847735759961,347.07196398935173,NO
1904.6490113948716,346.6952468097134,NO
1903.7103077858148,345.3045482283809,NO
1902.9938888193406,345.01405125508427,NO
1902.015815551887,344.7894034327119,NO
1900.850311342452,344.39106160801686,NO
1898.8767451844556,343.12017825103726,NO
1897.955119707211,342.0268466678451,NO
1897.5135862257148,341.3408609300637,NO
1896.692735702687,340.3938514906708,NO
1895.9851912880226,340.0289654689472,NO
1893.9671618313882,339.0852017349237,NO
1892.7579765757134,338.3850861312168,NO
1890.7613038972165,337.2634181852196,NO
1889.628876946166,335.6209798886958,NO
1888.7699399015041,334.13098533579034,NO
1887.765902402845,332.0773795411278,NO
1886.8837839797065,330.08856850618076,NO
1885.8788119621533,329.21462742003024,NO
1883.798670230505,328.39738913291865,NO
1881.8704559294706,327.25908814105884,NO
1879.73986990818,326.3349174812118,NO
1880.0340155521294,322.04609137174185,NO
1880.7456894711015,321.7047200115896,NO
1881.7756587574886,320.7756587574886,NO
1882.7024477150344,319.7438726472878,NO
1883.0460021946726,319.0342467449458,NO
1883.9489262825316,317.96694483607376,NO
1884.7227135671112,316.8488902344888,NO
1885.7027688474325,314.88155450547816,NO
1885.9872227762744,313.9950966160863,NO
1886.7211660236537,311.92820826056305,NO
1886.923700970079,310.9822756670017,NO
1887.1006339834794,310.01781132461747,NO
1887.2533962902908,309.03531851164666,NO
1887.3748105726443,308.0331690767538,NO
1887.4495225599987,307.0198903797252,NO
1887.4756637178177,306.0,NO
1887.4495225599987,304.9801096202748,NO
1887.3748105726443,303.9668309232462,NO
1887.2533962902908,302.96468148835334,NO
1887.1006339834794,301.98218867538253,NO
1886.92370101764,301.0177243219498,NO
1886.7211647311706,300.0717920722143,NO
1885.9858484922988,298.0054307787597,NO
1885.7005694744585,297.11857148243183,NO
1884.7225401209166,295.1517890968835,NO
1883.9474759791349,294.03420929288626,NO
1883.043822254311,292.96747567073027,NO
1882.6974187626222,292.25840129182205,NO
1881.7746911675902,291.2260925173567,NO
1880.7436787209172,290.2966075242664,NO
1880.0339152486392,289.9541846666822,NO
1878.963578569067,289.0582169350356,NO
1877.8300912797786,288.33025154100494,NO
1876.9978675316538,288.0045994413711,NO
1874.9496835110176,287.16848399916046,NO
1874.008543730109,286.964242907118,NO
1873.0386359929992,286.77610938345094,NO
1872.0379170868714,286.6274234021691,NO
1871.013009439599,286.547671795255,NO
1869.986990560401,286.547671795255,NO
1868.9620829131286,286.6274234021691,NO
1867.9613640070008,286.77610938345094,NO
1866.991456269891,286.964242907118,NO
1866.0503172234455,287.16848645849916,NO
1864.002713796343,288.0058532860264,NO
1863.1711742340024,288.33314554763723,NO
1862.037120288673,289.05933400689713,NO
1860.9666790631659,289.95500797906413,NO
1860.2575660447471,290.2980479308657,NO
1859.2269441479832,291.22773488392744,NO
1858.3039476866738,292.2604526144449,NO
1857.9564497182573,292.9675786035477,NO
1853.7351892823415,294.37524747975147,NO
1852.54183361865,293.61659771263027,NO
1851.9462147088898,293.1407302456171,NO
1850.0008318757737,291.9991970396968,NO
1849.4027323996193,291.4585607291682,NO
1848.6964851278424,290.2145075826874,NO
1847.8413234139457,289.1591763564748,NO
1846.8050093548259,288.29148910017074,NO
1844.8752818018754,287.2406363316505,NO
1842.8477206074222,286.27083723739463,NO
1841.9952998260774,286.014992758324,NO
1839.8115565770097,285.40865930252534,NO
1838.9673561006393,285.14434481804943,NO
1837.9988837875087,285.0332237356172,NO
1837.0381542179907,284.8841110131554,NO
1834.96586985071,284.1487724459723,NO
1834.0003282088373,283.997538433775,NO
1833.002990965304,283.91027103486016,NO
1830.7549936586931,283.3868834771804,NO
1830.0422099107511,282.95325287108165,NO
1828.957332910769,282.24214251397945,NO
1827.9941849765578,282.11862647468155,NO
1825.7484255715187,281.26653795985,NO
1824.8282690297187,280.14701407167803,NO
1823.8616374797111,279.1834584555666,NO
1823.0665366495123,278.8840361224037,NO
1821.9320560555598,278.1999979977626,NO
1820.9965757626815,278.04061304646086,NO
1818.7455311989584,277.4014155822519,NO
1817.9753139344718,277.05340250860087,NO
1815.929617377856,276.3566314793692,NO
1814.9729957010295,276.1496977339447,NO
1813.9976527265728,276.0498795591666,NO
1812.9999129505802,276.00153481867005,NO
1810.9401926005185,275.1169782716403,NO
1809.7065105443376,274.5196206645197,NO
1808.9624311666182,274.1662191842365,NO
1807.9971849418268,274.02008355072616,NO
1806.2582410650293,273.3784404541903,NO
1805.9411854325022,273.205623017911,NO
1803.9024041603093,272.376560788893,NO
1802.9825961803654,272.19724328525734,NO
1800.777533414291,271.39047518642997,NO
1799.088927635032,270.7921634214522,NO
1797.9517222856457,270.15963360653706,NO
1795.9156220938016,269.20120886124505,NO
1793.933818293987,268.12389992638253,NO
1792.7368226149747,267.42289885357866,NO
1791.98761052442,267.0238724048699,NO
1791.061560612745,266.7508260858059,NO
1790.027065870207,266.5398802081964,NO
1788.9373098216352,266.1253803567299,NO
1786.955182969764,265.0896340604718,NO
1784.9665524401378,264.07293425988706,NO
1783.8764803118236,263.1235196881764,NO
1783.0044254971308,262.9839719045231,NO
1782.27357680512,263.14605123804614,NO
1782.182957569355,263.83438703548484,NO
1783.117862047803,264.8798155441508,NO
1784.1120605808708,265.8981267479454,NO
1783.216881339536,269.45447606003614,NO
1781.0055872248502,270.0438382265579,NO
1779.995991853231,270.0982484797175,NO
1777.9367589522449,269.12356327798506,NO
1777.0180260590864,268.89716952417047,NO
1774.851618238594,268.3303748645491,NO
1773.976063717666,268.0764832774297,NO
1772.9987791507394,267.95210514454556,NO
1771.9995002910428,267.9716831604196,NO
1771.0001346481752,268.0031213894898,NO
1770.012703412735,268.09124986136806,NO
1769.0425251945128,268.2282931534959,NO
1768.0240150644881,268.3711418911136,NO
1766.942277119635,268.21969156667024,NO
1764.761318473788,267.452238690869,NO
1763.063632050266,266.77209079261974,NO
1762.750090742935,266.5771519876957,NO
1761.9263814940289,266.21425523722985,NO
1760.9977782183905,266.06930525718394,NO
1760.002449242221,265.9857655800534,NO
1759.0665802411172,265.8089436601193,NO
1757.9906847173559,265.5543372868505,NO
1756.9400831925711,265.73908954399917,NO
1755.9901863547657,265.8570621269625,NO
1754.9959907088871,265.91109832896944,NO
1753.9986214083324,265.9459167885982,NO
1753.0,265.95882352941175,NO
1752.0077891041578,266.04099979066643,NO
1751.119727530471,266.2574785557851,NO
1749.0268088797227,267.10517329650236,NO
1748.096604533019,267.34533343763536,NO
1746.037055431111,268.0909195119286,NO
1743.99633132885,268.7697908710729,NO
1741.9318763392598,268.2332867700348,NO
1741.0,268.11960784313726,NO
1740.0300962529802,268.18949492172374,NO
1739.0416714045296,268.3220063279603,NO
1737.9049385495869,268.6237150730782,NO
1736.957963550168,268.8343663472344,NO
1735.9996492179243,268.94083475484246,NO
1735.0014993909044,268.93048278392274,NO
1734.0,268.91960784313727,NO
1733.0,268.91960784313727,NO
1732.0019618002257,268.9090438058714,NO
1730.9977643500865,268.91229373444247,NO
1730.0035692536278,269.01936509949485,NO
1729.0299610276254,269.17363777564736,NO
1728.030957645507,269.3157679818065,NO
1727.0252964433428,269.40316206276475,NO
1726.0061401878793,269.44735654417315,NO
1724.9459971450779,269.34426819169107,NO
1723.9670131554649,269.195619656221,NO
1722.9914276928112,269.0647401137392,NO
1722.006215930946,268.95124379134455,NO
1720.9939832380055,268.9552282110099,NO
1720.0280766887722,269.1110008599696,NO
1719.0470818703682,269.30394625708186,NO
1718.011660751635,269.4247845188701,NO
1717.0061443063894,269.44765660705815,NO
1716.0063335299988,269.46144289856164,NO
1714.9793128883084,269.4396011131978,NO
1713.9532897797724,269.3263316627776,NO
1712.9732840547854,269.20961742017545,NO
1712.005236956129,269.1669279830701,NO
1710.986575165271,269.10533332059055,NO
1710.0149760476847,268.9417086148103,NO
1709.024028083045,268.7634882727665,NO
1706.9295919223118,268.1680357706042,NO
1706.0091738660249,267.9616856181942,NO
1704.9883816580534,267.8860508767673,NO
1702.8038473650627,267.29463257670926,NO
1702.0179168727607,266.9698011273872,NO
1701.0721609017633,266.6077070966069,NO
1700.0497120747611,266.4829920637993,NO
1698.0474994008873,267.0932988247274,NO
1695.9778036853254,267.7978549870805,NO
1694.9908014883295,267.88830378065444,NO
1693.9973745688442,267.96280639163473,NO
1693.0010224894909,268.02172790117595,NO
1692.0102833807487,268.09712082020366,NO
1691.0518749689534,268.23214636782836,NO
1690.0774089213703,268.4453402159666,NO
1688.9722761758333,268.63815008949217,NO
1687.9724552847772,268.7349470823296,NO
1686.9834216297356,268.8374044450615,NO
1686.006258632768,269.01988762785356,NO
1685.1199236284374,269.27562557993036,NO
1683.0026944670308,270.01249252851073,NO
1682.0196445685374,270.1698089821421,NO
1681.0485308097986,270.3084260612306,NO
1679.91540183456,270.62937947971875,NO
1678.9802713575132,270.77491412695565,NO
1677.9972328429808,270.8235937514464,NO
1676.996330466066,270.84404481274254,NO
1675.9908410151122,270.9101714941375,NO
1674.99976280264,270.9971867290418,NO
1673.9999119051154,271.04457601404744,NO
1673.0305292190521,270.9078434728561,NO
1672.0166836473509,270.69841099781377,NO
1670.9566283765698,270.85757697020114,NO
1669.9994635448259,270.9903054889647,NO
1668.9999191263128,271.00294611285756,NO
1668.0055845856036,270.9418747246954,NO
1667.038035690889,270.8114063709055,NO
1666.0936349845995,270.5970858309429,NO
1664.9946414657759,270.36897335147154,NO
1663.9902961218984,270.32993186651794,NO
1663.0097111022324,270.3301774869737,NO
1662.0233511784172,270.372159403247,NO
1660.9113667816653,270.5912545867139,NO
1659.9515262315451,270.82439357111616,NO
1658.9970595963462,270.96185014802023,NO
1658.000227556871,271.010550364238,NO
1657.0009831779194,271.0358157666403,NO
1656.014148405662,271.1110105695539,NO
1655.0844056968008,271.27946338985544,NO
1653.0079754287538,272.0350013356547,NO
1652.0680779688355,272.2426237309904,NO
1649.9709062168622,272.8878854551742,NO
1649.0974522606994,273.1526060872425,NO
1647.011133076163,274.0777790222016,NO
1646.0759343067205,274.2529361110663,NO
1644.0060692356158,275.0255919435785,NO
1643.0442388782992,275.2240032125139,NO
1641.9040149875348,275.56578208930705,NO
1640.9771560091554,275.73620630206943,NO
1639.9728120733605,275.86233414718055,NO
1639.0572799041674,276.1046660029239,NO
1637.0030246665615,277.01606854060503,NO
1636.0552440620352,277.2031281508279,NO
1633.9891040017217,277.75533529994084,NO
1632.9966699393626,277.7877086481159,NO
1631.9880514868084,277.9608420023734,NO
1631.0838168454745,278.18988779004013,NO
1628.9833223906796,278.8834851997245,NO
1628.0292290121818,279.0815611975858,NO
1627.2393701608303,279.4250779790218,NO
1625.0955811843976,280.31748993649603,NO
1623.9545222902614,280.7043948800135,NO
1622.9802400268336,280.83873312448816,NO
1622.022738906273,281.0553867066337,NO
1621.146527336916,281.3674183860789,NO
1618.9899927095942,281.9163324907905,NO
1618.0057410169168,282.039566467763,NO
1617.0143995347526,282.15625026455075,NO
1616.0729588051634,282.30512994419803,NO
1614.0196971422981,283.050875505882,NO
1613.13369611516,283.34826011055696,NO
1610.9873499999303,283.9548478120407,NO
1610.1015098812495,284.19644041535406,NO
1608.0307949282403,285.0919848478097,NO
1607.2733130214895,285.47157116859444,NO
1606.0454012312457,286.1041693276779,NO
1603.9811557628473,286.8588088574032,NO
1603.014141427166,287.04486732013214,NO
1602.1569253134087,287.326438236119,NO
1600.079143731448,288.17754996310146,NO
1599.7035630314801,288.38808884652775,NO
1598.0140747658666,289.07324622656046,NO
1597.0308822111012,289.23161657803684,NO
1596.08664975636,289.41213612672533,NO
1594.9472840066553,289.75170004242074,NO
1593.9885306484452,289.8815613884753,NO
1592.99757185486,289.9752329197584,NO
1592.0053916950358,290.06394800962045,NO
1591.014221918876,290.1511078867854,NO
1590.0720069323663,290.29813395885145,NO
1588.0388444369787,291.0915411318293,NO
1587.2634742414293,291.50985824385697,NO
1585.6658742478864,292.39233171439764,NO
1584.0227216513522,293.04966303646734,NO
1583.2869611831234,293.40616987230305,NO
1581.0123917027381,294.19749276091284,NO
1580.0705718516656,294.3348562285433,NO
1578.0309596434897,295.11072754724285,NO
1577.029231342864,295.31058301531556,NO
1575.969559978413,295.3168246957961,NO
1574.9907828199155,295.26115345227555,NO
1574.0165125723813,295.2716584393041,NO
1572.9920620487344,295.28916822128457,NO
1571.9927906341895,295.26262689430405,NO
1571.0072121434507,295.26272807977114,NO
1570.0191104083867,295.3045721313889,NO
1569.030639146991,295.3720468055528,NO
1567.9114698121357,295.6085178904538,NO
1566.9582155468852,295.7854777496599,NO
1566.0008100405526,295.86337315610785,NO
1564.9891052108692,295.94165235488566,NO
1564.083139960507,296.1619249715025,NO
1563.6834713720675,296.39905433996336,NO
1562.045659422424,297.10510708608695,NO
1561.297515628221,297.5349034395678,NO
1560.0826502646025,298.1470150758153,NO
1559.01059289365,299.01382763697234,NO
1558.2877523745442,299.4486754916918,NO
1557.0918890229677,300.1684980881757,NO
1555.191064663812,301.3173038170823,NO
1553.0064501788995,302.05981074873694,NO
1552.0624603922995,302.2243227258016,NO
1550.927840654147,302.83175681795285,NO
1549.094058198761,303.3141943861674,NO
1547.0379136624913,304.0788919391976,NO
1546.2486719104504,304.4818439304839,NO
1545.0666005805067,305.11100095979555,NO
1544.0077294465832,306.01013358879345,NO
1543.233465845073,306.4296252770487,NO
1542.0591444297918,307.1026075636803,NO
1540.9923101665718,307.9898094077208,NO
1540.3329323358623,308.3902247073514,NO
1539.156173877972,309.2623180208453,NO
1538.0146606831397,310.0287144981565,NO
1537.2416893909917,310.4272287289859,NO
1535.1946884844292,311.410645458071,NO
1534.074638884438,312.0985668299462,NO
1532.0581109016507,313.23244360660294,NO
1530.001998166544,314.0068548213412,NO
1529.0319280032936,314.1985766187886,NO
1527.984071655008,314.27078186385523,NO
1526.9813327547788,314.1942917245193,NO
1525.9957006211162,314.1370427072239,NO
1525.033755116636,314.19713786201356,NO
1522.9767085462786,314.8529819669699,NO
1522.004485682255,314.9046792542986,NO
1521.0006149292938,315.002825350893,NO
1520.0738057197848,315.20159505197427,NO
1518.0182497280246,316.035592881778,NO
1517.2445764558363,316.40497311246554,NO
1516.024165601069,317.0681295248671,NO
1515.3249647968712,317.4901747189278,NO
1514.1582679029723,318.2201197263793,NO
1512.2088922214493,319.41950135627485,NO
1510.1904687441422,320.4459898818586,NO
1508.986499514923,320.85948475544404,NO
1507.99963765176,320.90760119606085,NO
1505.8555817108431,320.3990372902958,NO
1505.024622094724,320.2763146302811,NO
1504.2590685705006,320.49841799360723,NO
1503.0802289628039,321.1238829634804,NO
1501.2376918117411,322.3308858300276,NO
1500.0913469205673,323.1581953963828,NO
1498.1514165908388,324.2677861981412,NO
1496.1074911923288,325.2004977520092,NO
1494.0871433534844,326.2967835958607,NO
1491.9723447140293,326.87727170182984,NO
1491.053475222037,327.11143877257507,NO
1488.9853105989464,327.8471103245784,NO
1487.9943248541922,327.9356816821286,NO
1487.0012804706935,328.01674461579927,NO
1486.0126788127086,328.1095965165502,NO
1485.0387960253095,328.2327761518567,NO
1483.88487788048,328.5722698300455,NO
1482.9559882848625,328.8237749576123,NO
1482.0208869935827,329.0546053891897,NO
1481.1766666794224,329.36394257960967,NO
1479.051989332885,330.1245577846646,NO
1478.311406296248,330.5723142846815,NO
1476.0340174373462,331.2090228031513,NO
1474.8745144254683,331.5829727651898,NO
1473.9635328348654,331.906720834162,NO
1473.0597606598596,332.1543269809806,NO
1470.9939029785494,332.97479214682863,NO
1470.0921350791803,333.20790690702574,NO
1468.1591385793174,334.2792971488585,NO
1467.0459073778031,335.0672979135514,NO
1465.225997753994,336.32779013716737,NO
1464.1271876175604,337.1669058583526,NO
1463.0245078760029,338.04261621030975,NO
1462.2077581070403,338.46806681097445,NO
1460.0084150014843,339.07663662228055,NO
1459.0104170099726,339.1660210951989,NO
1458.0840810206666,339.31660135989324,NO
1456.002668678439,339.9121115213576,NO
1455.0081752909286,339.8707776564639,NO
1453.994208036074,339.8569384863324,NO
1452.9927462462012,339.93202964106666,NO
1452.058548841963,340.13083135847546,NO
1450.0013584281608,341.0404332135875,NO
1449.0027667595095,341.0742656515058,NO
1448.064355439736,341.21177959056484,NO
1446.0098389315867,342.023008750636,NO
1445.198109776199,342.3379519780305,NO
1443.124080973593,343.2361947519744,NO
1441.1527816406233,344.29160354719454,NO
1439.0639879105152,345.21195994162167,NO
1437.0491156379028,346.0830721247539,NO
1436.2663903289822,346.55892942455455,NO
1434.582351418719,347.2835267926198,NO
1433.0000324262892,348.00016055735676,NO
1432.085499468786,348.2121311259064,NO
1431.7454202868291,348.44112973407846,NO
1430.0022365896873,349.01489097827005,NO
1429.0602237384458,349.19455328933384,NO
1427.9215509343653,349.8176209623656,NO
1427.0391283848287,350.0830371593264,NO
1424.9862204581632,350.82121928030926,NO
1423.993969620788,350.9717844650184,NO
1423.0715902330087,351.1833024617722,NO
1422.7097885630117,351.33824399569465,NO
1421.0250517283794,352.0615882967403,NO
1420.267653265193,352.42185163322165,NO
1419.1328250242655,353.18637502989657,NO
1418.0350227295232,354.05356417321866,NO
1417.2631617089633,354.5316629323992,NO
1416.073909302351,355.1261204625714,NO
1415.0444031586305,356.04872427359834,NO
1412.9962202164638,356.9833972118932,NO
1412.1340450753953,357.23700724651746,NO
1410.0344841898104,358.18512565381036,NO
1409.0976732105157,358.4084516064733,NO
1407.021986823653,359.0584620758299,NO
1406.2321489369137,359.381780503803,NO
1405.0989242233527,360.1497400313469,NO
1403.0819022723426,361.1954387584692,NO
1401.0502927656798,362.1485545428537,NO
1400.4142376358814,362.6429313563337,NO
1399.4505748925544,363.3540787221808,NO
1398.0998607536378,365.15087872796977,NO
1396.9778599459096,365.9666673740942,NO
1396.2264629680026,366.38763403780996,NO
1395.0465853276253,367.08811404514046,NO
1394.423203823197,367.56719042411885,NO
1392.0213884665936,368.34087868378975,NO
1390.0124620059194,369.0178566322507,NO
1387.9998136115578,369.99835578763134,NO
1387.0898161304206,370.19430519073285,NO
1385.065214855164,371.2204651480194,NO
1383.0564865660424,372.12770253743184,NO
1381.0837451816567,373.12571061045816,NO
1379.1721272825473,374.33661443201544,NO
1377.118300787393,375.2139726042248,NO
1375.0518771197737,376.14914672111416,NO
1373.937940773669,376.88792679225116,NO
1373.0801303572566,377.16530388438713,NO
1371.103215002615,378.19513284194267,NO
1369.0173256804135,379.0481968940077,NO
1368.2097901406523,379.3675270913559,NO
1366.2096379595857,380.36712718930363,NO
1364.0890442237,381.25966444546447,NO
1362.1009863175163,382.2134301917517,NO
1360.0161371597144,383.0332534273941,NO
1359.2393285268467,383.3936250313971,NO
1357.1903577115645,384.32029160146107,NO
1356.0430955312625,385.07579482518963,NO
1355.38961950138,385.5522588319377,NO
1354.1572161238191,386.262497927579,NO
1353.046738734076,387.0713575538505,NO
1352.2957850399614,387.5588961280812,NO
1351.0542016112374,388.11720754511225,NO
1348.980417292278,388.8612891471995,NO
1348.0105510810017,389.0374718539541,NO
1347.1416764756373,389.3065786135787,NO
1345.1838839498812,390.2790239247449,NO
1344.0747919319133,391.1101140646486,NO
1342.1829641793863,392.3612369599651,NO
1340.2098156506624,393.3596839690184,NO
1338.1355913114094,394.2565700177188,NO
1337.0163993623453,395.0287503469594,NO
1336.2674388259934,395.45885441554236,NO
1335.069545114523,396.1251812001665,NO
1333.9784475013707,396.9723381307588,NO
1333.2987144665206,397.39786222342633,NO
1332.1657973932856,398.2251775320273,NO
1331.1300884017585,399.1253363150064,NO
1330.172862406205,400.152108799273,NO
1329.1613949716677,401.1863998282961,NO
1328.0928457091245,402.12180675977606,NO
1327.0118203461916,403.0175925805349,NO
1326.3130878763661,403.45769793437654,NO
1324.6967824085048,404.3230047703775,NO
1323.0747136440427,405.126915321298,NO
1321.2605248679595,406.35774379519336,NO
1319.6799327627725,407.33539551173214,NO
1318.0796072034486,408.19976100963174,NO
1315.9914103252468,408.97453503569665,NO
1315.0891631620805,409.21726321670684,NO
1312.9868967617203,409.8618700307501,NO
1311.9959630126286,409.96568560618425,NO
1311.0209215781772,410.10353498766545,NO
1310.1174609049092,410.3279445291506,NO
1308.0730006417132,411.1705739788999,NO
1307.7048086045445,411.2875021984044,NO
1305.9927124784856,411.769532119327,NO
1304.9873160300265,411.82976777703146,NO
1304.006318141631,412.0186118753879,NO
1303.1264059522332,412.27511884517514,NO
1301.0840690406667,413.14826058871546,NO
1299.1359335896343,414.2942817699418,NO
1297.2271049901383,415.3357407797334,NO
1296.093114523276,416.15182528741707,NO
1294.241301056623,417.3058297887339,NO
1293.2006451426037,418.2215094575638,NO
1292.1784001069218,419.21899021542373,NO
1291.0290021352891,420.05562493767707,NO
1290.356208956229,420.49739425850584,NO
1289.1143926371942,421.22792947795483,NO
1287.0218254038684,422.05577603191006,NO
1286.1552475180317,422.36195101728225,NO
1284.149421263552,423.216706287881,NO
1283.1173480946989,424.12967958967874,NO
1282.0739598761945,425.09059759552423,NO
1280.1538427737316,426.28097934410494,NO
1279.020811930518,427.0369798758922,NO
1278.3152854244383,427.4316568574388,NO
1277.1886089451446,428.2493788217458,NO
1276.1550929366333,429.1809417665077,NO
1274.021666522749,430.18416544958325,NO
1273.0,430.25686274509803,NO
1271.9924414496777,430.24092880083936,NO
1271.0070710598902,430.2404160443315,NO
1270.101327789768,430.38453683267204,NO
1267.9989423464444,430.9696302356071,NO
1266.9998838357828,430.9954427884148,NO
1266.0034671358383,431.04653261102897,NO
1265.061142744485,431.20089757740004,NO
1263.9278578706285,431.84025672137,NO
1263.0359550006785,432.0967028481839,NO
1262.250714208485,432.4880850824171,NO
1261.0492371522025,433.09297956245723,NO
1260.4391621910293,433.60743926136615,NO
1259.208893947614,434.3422304951749,NO
1258.032375060123,435.0635021016506,NO
1257.3321030737097,435.46701991751667,NO
1256.1220380240602,436.219439255243,NO
1254.2179764940008,437.38067665057594,NO
1253.065401229593,438.10891140323685,NO
1251.2169421370784,439.33037593547533,NO
1250.0816367540326,440.13571459638206,NO
1248.0499938458495,441.1734480460625,NO
1247.0256871779318,441.3969836433176,NO
1245.9457048950621,441.5154418042627,NO
1244.9274660737026,441.7852059855175,NO
1244.0379358158812,442.0652618147405,NO
1243.4007992448442,442.5241220742858,NO
1242.2967104160043,443.29970747897954,NO
1241.344820069193,444.3296759341575,NO
1240.3268507629332,445.33474025833783,NO
1239.205078464398,446.3217610138739,NO
1237.0219075157192,447.08465063752845,NO
1236.1817896257146,447.35843866730477,NO
1235.0308992980135,448.05411912320545,NO
1234.3386515977356,448.5190548081002,NO
1233.1475095370738,449.2249892957025,NO
1231.1139277086065,450.3480472089245,NO
1229.9744764888544,450.7181194719574,NO
1228.992852386961,450.98479164245634,NO
1228.1482170827655,451.2683752548969,NO
1227.0163496590176,452.0278710062053,NO
1226.2546897570846,452.4321427544571,NO
1224.1242027127084,453.29191145151,NO
1222.2798445517435,454.3634130563756,NO
1221.1409434899304,455.2207444869988,NO
1220.031007993787,456.0466636954029,NO
1219.3140338390772,456.5006689203971,NO
1218.0850920895616,457.16267605486104,NO
1216.06487437952,458.16503755820463,NO
1215.6796266872766,458.316603055499,NO
1214.0343984641813,459.08805623369926,NO
1213.2030800838202,459.4570835466305,NO
1211.9909994849766,459.8798309669184,NO
1211.0083613969937,459.87816249835066,NO
1208.9258202605645,459.22933030558124,NO
1207.9965992958519,459.0929525830537,NO
1207.0443857054727,459.184551092069,NO
1206.283797403315,459.5073513455653,NO
1205.0525885203185,460.1105923363287,NO
1202.9856779126353,460.9519369116674,NO
1202.1405699978625,461.2179425549698,NO
1201.0826198487157,462.09979126231485,NO
1199.182724734951,463.316576116641,NO
1198.035317324968,464.06660723649327,NO
1197.3470779393297,464.5400871572588,NO
1196.0459975610165,465.143796797174,NO
1193.9715620669672,465.90200308252156,NO
1193.0032699940396,466.0533747413552,NO
1192.0148520372313,466.13288664859715,NO
1191.0505099284378,466.29230584338524,NO
1189.0023808015771,467.02242715151243,NO
1188.004988978032,467.07951183679154,NO
1187.0397606306462,467.191301154261,NO
1186.0437103972722,467.35384607163803,NO
1184.9144445736822,467.60945941979287,NO
1183.9960740908016,467.995591292771,NO
1182.9446710403913,468.8907221659921,NO
1182.045088998003,469.1508032744859,NO
1181.3803972794326,469.6072304983717,NO
1180.347399999103,470.3332728313726,NO
1179.2743685973878,471.35751060799186,NO
1178.0475782465903,472.09460709406756,NO
1177.255386142654,472.5194786202982,NO
1175.1757975153673,473.3171422383624,NO
1173.0084999117084,474.03203272374486,NO
1172.169900855339,474.3000012583161,NO
1170.2238588329699,475.3172955479569,NO
1169.0535079254757,476.11296117765977,NO
1168.2679675582292,476.5366942351525,NO
1167.1116069765667,477.16176233490114,NO
1166.0783874541812,478.0947975437208,NO
1164.2337799426791,479.31862316388447,NO
1163.1779583183395,480.20984116666557,NO
1162.1723443767119,481.1917293428248,NO
1161.038002379816,482.0716711557857,NO
1160.3312875668548,482.54874812747823,NO
1159.2066551021626,483.2399621559514,NO
1158.1566099637214,484.1825735318982,NO
1156.6623718459145,485.3956739905166,NO
1155.0350369060754,486.0806623596676,NO
1154.24768761723,486.4453373350574,NO
1153.0952908916247,487.1528407483448,NO
1151.2493111070314,488.35051136563715,NO
1150.1193071363507,489.18611913007175,NO
1148.170974685142,490.32411229833286,NO
1146.1425539181423,491.29087146452906,NO
1144.0415654374247,492.09918300505393,NO
1143.2951477789115,492.496318138459,NO
1142.1134442837854,493.18708354839515,NO
1140.0682402313846,494.1854482431887,NO
1137.9931302326765,494.9598997290475,NO
1137.0634336799444,495.16529004729273,NO
1135.0472854665834,496.11254925836704,NO
1134.318977214511,496.5321589833643,NO
1133.1082863764825,497.1860796876506,NO
1131.0859334556392,498.20457124720184,NO
1129.99203936419,498.9900282567803,NO
1129.3681086597092,499.44677703915244,NO
1128.1508204614538,500.26187917282994,NO
1126.0013223810665,501.0449609577708,NO
1125.0018812165404,501.073801571739,NO
1124.0174090886335,501.1432037932159,NO
1123.0612061734737,501.29195343786836,NO
1121.0254107734818,502.05599891717947,NO
1120.2005335783801,502.42047363611783,NO
1119.0314024405423,503.0581386557392,NO
1118.237657242455,503.5205825229706,NO
1116.3370783860441,504.3842311474304,NO
1115.4106048749913,505.3652967433992,NO
1114.2570348269142,506.3900616333133,NO
1113.046440082219,507.1079731914223,NO
1112.248018786716,507.5632576237442,NO
1110.2171840449491,508.4349534935893,NO
1108.2629966758095,509.43001826011323,NO
1107.056509030106,510.10926745775447,NO
1105.9842201724728,510.9801400294508,NO
1105.221042572401,511.4116559213431,NO
1103.203588570323,512.4341311021439,NO
1100.9978781134457,512.9167567585188,NO
1099.9985243558547,512.9421093452504,NO
1099.0,512.9549019607844,NO
1097.9993161898688,512.9651256842216,NO
1097.0010932372556,513.0142961786751,NO
1096.0136660617768,513.1089014297584,NO
1095.0227849765554,513.2192516592102,NO
1094.0311998197,513.3182381585573,NO
1092.0069596438193,514.0102876408199,NO
1091.576220734297,514.5292279800016,NO
1091.0858368925092,515.0491295909167,NO
1090.2279918028041,516.1594499632484,NO
1089.1034724758906,518.1064341205376,NO
1088.087696553122,519.0832970647822,NO
1087.1850514930456,520.110823261209,NO
1086.0615400900115,522.0428596184519,NO
1085.0982062441294,523.1019894702275,NO
1084.0390643161581,524.0527501136633,NO
1082.981069498575,524.9766358521327,NO
1082.207303038638,525.3901214682794,NO
1080.247585784307,526.4802738571718,NO
1079.0686394824413,527.1116845793481,NO
1078.0524969128412,528.0505313486434,NO
1077.0083105225478,529.0134583358044,NO
1076.2288474944485,529.4200516905819,NO
1075.049570154692,530.0921496435042,NO
1072.9979339916388,530.9538591457408,NO
1071.9999006826918,530.9746740856435,NO
1071.0310275898582,531.1040079773622,NO
1070.1971536103988,531.3901783456923,NO
1068.2036703622368,532.3480821201608,NO
1067.0422237519122,533.0819637541967,NO
1064.9962077000973,533.9646529050021,NO
1064.0230584046867,534.1010023069402,NO
1063.2244589092727,534.3803638865785,NO
1062.0907045041492,535.132842811665,NO
1060.2615709151592,536.3653345684891,NO
1059.1282386507196,537.1871186489861,NO
1058.062579922028,538.0811221254445,NO
1056.1077444308119,539.2464688011263,NO
1054.168828854093,540.3422454576253,NO
1051.9988120889113,540.9932685038312,NO
1051.0804834346443,541.1990215249688,NO
1050.7260502078886,541.4387561304839,NO
1049.0568058352635,542.1418610609911,NO
1047.9264095073731,542.8140763853353,NO
1047.0375687778178,543.081830333146,NO
1046.3239254405396,543.5015866622788,NO
1045.1276111901745,544.2117315669128,NO
1044.0560172198916,545.0712013706989,NO
1042.2309369086292,546.3583503912313,NO
1041.04617997674,547.0986421918154,NO
1040.3207300236168,547.5272488989547,NO
1039.1017717982688,548.1777209006347,NO
1037.240635496113,549.3897308543349,NO
1035.585146135055,550.3611250488927,NO
1034.1637284689407,551.3625741838486,NO
1031.9928740570106,551.9567353462293,NO
1031.035661723193,552.1324183394217,NO
1030.1924058138716,552.45532058995,NO
1029.0268722069313,553.0485871220243,NO
1028.3484994045461,553.475091053132,NO
1027.1385783345006,554.2238573107851,NO
1025.5216978914173,555.3712460330014,NO
1024.240736149639,556.3590641024458,NO
1023.1160671258086,557.1628437100089,NO
1022.0875325130149,558.0979152788254,NO
1021.0640711977308,559.0677854704658,NO
1020.0371553358946,560.0432709668348,NO
1019.0030279187981,561.0034703942015,NO
1018.3271944758054,561.5312860957275,NO
1017.1127829316777,562.2013228087383,NO
1015.0581748392325,563.1114371345706,NO
1014.061746097478,564.0483159129228,NO
1012.0196429608008,565.1100869191406,NO
1011.0363181347882,565.2608767292456,NO
1010.0290069430333,565.3793215409403,NO
1007.9943604854724,565.9857437647631,NO
1007.002656989747,566.1920624016083,NO
1005.9702404095815,566.1668662823334,NO
1003.9514868143971,566.9073839175445,NO
1003.0086334521064,567.1183147785242,NO
1002.0811537238345,567.2545541194568,NO
1001.1558689019605,568.0702793517852,NO
1000.0035794462126,570.0035891994679,NO
998.9605859096247,570.9469663781883,NO
998.2420459315481,571.3571447080692,NO
997.0691070814635,572.1185112881604,NO
995.0227583548234,573.1829771782203,NO
993.998528173334,573.2502105411513,NO
993.0738238463272,573.3683079810695,NO
991.9586705511094,573.9385136519837,NO
991.2767423966885,574.3148761758666,NO
990.233199530949,575.2833699534563,NO
989.0390355044531,576.0777044792239,NO
988.3089553298855,576.5229088902636,NO
987.0508280464514,577.1186888931242,NO
986.4672468411113,577.5950587870165,NO
985.3086857700841,578.3894869603429,NO
984.0802632773759,579.15551009959,NO
983.0006506537894,580.0007517625681,NO
982.5008161608752,580.5430536440157,NO
981.3356733858478,581.4265849163894,NO
980.2967174132931,582.2967174132931,NO
979.3974766099477,583.3421403128619,NO
978.3441250186156,584.4372497619069,NO
977.0740370278451,585.1597830722152,NO
975.0631603220197,586.1505375590559,NO
974.6312004155236,586.3704133787334,NO
973.9865460413748,586.985308436534,NO
973.367490261966,587.3900184019768,NO
972.2547888343037,588.3226669271152,NO
971.092734642646,589.1760867234154,NO
969.2544759412792,590.3828812098733,NO
968.0991875184451,591.1566996134306,NO
967.0553556668806,592.0650405313497,NO
965.252123572061,593.3273095517377,NO
964.1432775953407,594.1988936669561,NO
963.0312912447616,595.0500052344393,NO
962.3678911872106,595.4654623501531,NO
961.200950941809,596.3126392018381,NO
959.0333319211899,597.0948038740689,NO
958.2757065892248,597.4358789948276,NO
956.1054193980584,598.2748323782115,NO
954.0825752185268,599.2242027462073,NO
952.1358701831929,600.2203977300279,NO
950.0001826345898,601.0011884109948,NO
949.135930668837,601.2355905489376,NO
948.1009762390993,602.1107656768569,NO
946.3284724505628,603.3396071137224,NO
945.0391733153349,605.0557608817066,NO
943.9355857850674,605.863800785993,NO
943.0656863364345,606.1364498787514,NO
941.4401344089773,607.3466128606956,NO
940.0316054387694,608.0857861897777,NO
939.3829133697291,608.4763868500214,NO
938.4716598258008,609.3640327764826,NO
938.0374348915043,610.0243762081736,NO
937.0248103162746,611.0356936492545,NO
936.371340365829,611.50007170453,NO
935.0848598445026,612.1874611602769,NO
933.0642543312645,613.1565979778583,NO
932.6753370052695,613.3986047518026,NO
931.9860037872704,613.9837186915759,NO
931.3063561605077,614.4378453153863,NO
930.1375472772105,615.2161457235123,NO
928.0721108389317,616.2254362176599,NO
926.1650520155164,617.2106464962627,NO
925.1282275728133,618.143640561085,NO
924.0970398804624,619.1060886091792,NO
923.0919318185502,620.0860695029497,NO
922.1134578776845,621.1085391782638,NO
921.0701251908532,622.0900616088048,NO
920.0419617635466,623.0384649504832,NO
919.1106147071607,624.0961532608277,NO
917.0512071940259,625.318483788473,NO
915.9882883193882,625.4266397887202,NO
914.9356443718503,625.5083651909324,NO
913.9315792027779,625.836924520441,NO
913.0913073417079,626.1233620469701,NO
912.05899587361,627.0663703525183,NO
911.0083393736846,628.0111102844098,NO
910.3985265831788,628.4603259556944,NO
909.3837739276845,629.3727300527743,NO
908.5060065728917,630.4397657115685,NO
908.0169791422557,631.014904665065,NO
907.0594126115623,632.0469613235045,NO
906.1031639735538,633.1007648093791,NO
905.1021614118036,634.0982028431697,NO
904.1234416734422,635.1219129861009,NO
903.1145793440713,636.1085839152463,NO
902.1699936471304,637.1328712030822,NO
901.2178708055442,638.2263045288835,NO
900.0548036972181,639.1181267650044,NO
898.0004902358215,639.875970338937,NO
897.0202439848565,639.8219925509555,NO
895.9990637538835,639.7612572332902,NO
894.9885645000749,639.9712921301277,NO
894.2235445269307,640.2410488349244,NO
893.2779483532397,641.2339330848937,NO
892.3502072118285,642.4285144126295,NO
890.1857842616963,643.4253938428299,NO
889.0968259612224,644.1118536207417,NO
887.1732121055234,645.3498590197186,NO
886.1051981115173,646.1248981364107,NO
884.0453864919782,647.1071731435534,NO
883.4218387113065,647.5496207248109,NO
881.2405552737681,649.4783924202096,NO
880.1076654213126,650.1460289593813,NO
879.0514627366671,651.0641190348539,NO
878.4822550798774,651.5820319649915,NO
877.2600407190378,652.3195622511432,NO
876.1299152751438,653.2132155174058,NO
875.0288460323201,654.0402996063224,NO
874.4730547960932,654.4526485288302,NO
873.4088458061116,655.5640281482996,NO
872.2679803465995,656.2927017921346,NO
871.3873200147211,657.290039651138,NO
870.5329378120093,658.497127760198,NO
870.0229354673838,659.0213907658792,NO
869.0606913740868,660.0514957113463,NO
868.058582115813,661.0687703079946,NO
866.9975396688307,661.9968273598905,NO
866.2772072340124,662.3998653116554,NO
865.1020996128194,663.1662525394922,NO
864.0592065078238,664.0619141242855,NO
863.0924725036143,665.0795211732886,NO
862.1004989988684,666.1112667481087,NO
861.0500350475317,667.0592565251465,NO
860.0170814388774,668.0211995457923,NO
857.9858366758245,668.8555340944915,NO
856.9977424751081,668.9893731147268,NO
856.1019538278138,669.2197186736561,NO
854.2010406332483,670.3049397871548,NO
853.0969013307651,671.1370358279069,NO
852.0231367233941,672.0316969075861,NO
851.4302984440153,672.4863862111092,NO
850.3432146711377,673.359092940376,NO
849.1919032293939,674.306472327038,NO
848.0302717450451,675.0620670140843,NO
847.212418846397,675.4717674662566,NO
845.0496124237601,676.1760614112665,NO
844.2306949942549,676.5373590364306,NO
842.5964312377,677.2959479648707,NO
841.0629749988468,678.099036476436,NO
840.0505137078629,679.0478673805147,NO
839.0851073137627,680.0722699022189,NO
838.0979438837618,681.0988289179069,NO
837.0807209304526,682.0849367676708,NO
836.0664703071365,683.0737518755027,NO
835.0617914435355,684.0539697387271,NO
834.1707879233516,685.1189375288263,NO
833.3179141901304,686.2280084219243,NO
832.4066883865748,687.3844244477884,NO
831.4883465037085,688.4163241571213,NO
831.0289276759528,689.0230364005317,NO
830.0684854217083,690.0647462741845,NO
829.0537551705975,691.0611875588559,NO
828.003130877151,692.0039806145794,NO
827.428807505176,692.4534515817458,NO
826.1942745163236,693.3220639839209,NO
825.0991785567239,694.1211453738192,NO
823.5465759480824,695.3603284429495,NO
822.3140070311321,696.3334537275408,NO
821.232389678805,697.2778751862988,NO
820.1326570869819,698.205258157551,NO
819.0136977661742,699.0236252572006,NO
818.2731554905699,699.4252606473145,NO
817.0749325900351,700.1422837666684,NO
816.0131357470193,701.0142203506829,NO
815.5517681858286,701.5172826826669,NO
814.3316473700957,702.4283218877807,NO
813.1922776137087,703.2462382807354,NO
812.0900846275458,704.134959496335,NO
811.037430336557,705.0427089757166,NO
810.0666947591291,706.05254738368,NO
809.1544797341297,707.1120335244176,NO
808.2490138851903,708.1907048464986,NO
807.3670412482725,709.3334476571268,NO
806.3275605167148,710.3980317112896,NO
805.192337920888,711.2758583530039,NO
804.0543762662126,712.0967301951774,NO
803.4414235449314,712.644668962362,NO
802.3455429740878,713.3234002599884,NO
801.2794364559809,714.4029374023074,NO
800.1131871908436,715.1756684382995,NO
799.1129104207977,716.1027839317397,NO
798.1194149051244,717.124764691194,NO
797.0642489438035,718.0825734631264,NO
796.009988280101,719.0122078973789,NO
795.4173246997553,719.4501849296207,NO
794.2482898868592,720.3253453849702,NO
793.2031565390671,721.2050822017019,NO
792.3215031479057,722.2432241113958,NO
791.9748866325225,722.982516771099,NO
791.0408708545701,724.0366908820349,NO
790.01590371906,725.0201277460081,NO
789.435359555315,725.5308815027477,NO
788.3155797114586,726.3505147257384,NO
787.3734996852962,727.3256622889255,NO
786.2357200014346,728.3548527973309,NO
785.1080896241143,729.151994503823,NO
784.0834877711497,730.0886379893611,NO
783.0333226325054,731.044786064744,NO
782.4814338221526,731.5523819248275,NO
782.0063853848143,732.005697860181,NO
781.0027420704922,733.0034744804383,NO
780.3241886022654,733.4541496884522,NO
779.1857787049346,734.2431620918672,NO
778.1595253851672,735.1724380629546,NO
777.0999620637681,736.1352199981915,NO
776.0418662035056,737.0439319732673,NO
775.1048330592467,738.0780913828814,NO
774.1473031017671,739.1431859376727,NO
773.0543301083817,740.0858766170643,NO
771.9861952210944,740.9831825193456,NO
771.2087668549937,741.4131153618061,NO
769.1359970648216,742.2109281911643,NO
768.0903388106756,743.1056342711663,NO
767.0381537098978,744.0473052196787,NO
766.3463905360285,744.545095158641,NO
765.151674278995,745.209032591134,NO
764.125542243913,746.1366558141276,NO
763.0859163159961,747.1044766383617,NO
762.0334726673339,748.0408449764768,NO
761.4514408338899,748.4895371315785,NO
760.2381841585624,749.343382166494,NO
759.1088430842307,750.1810775471622,NO
757.0855776262055,751.1629549472731,NO
756.6805152628326,751.393552958922,NO
755.0500476703228,752.1087159974201,NO
754.4863896393334,752.5539722024288,NO
754.0143041565894,753.0115476259796,NO
753.0976809100634,754.0763687124447,NO
752.1555991192799,755.130428674226,NO
751.3187135584884,756.2103325797975,NO
750.4458807475338,757.3912193532948,NO
749.5288976416973,758.5182128502169,NO
748.3241890418283,759.3824562899518,NO
747.21856717516,760.2925702478352,NO
746.1607230016745,761.2019814093552,NO
745.0658029865667,762.0915467490843,NO
744.0951850586782,763.067477490201,NO
743.1673855879772,764.1562265551474,NO
742.1287524373888,765.165469842912,NO
741.0218240104797,766.0322649934011,NO
740.4489991694028,766.4489991694028,NO
740.0066329343342,767.0055924739349,NO
739.0362085180475,768.0339521999861,NO
738.0184598590989,769.0229782145852,NO
737.4419416405386,769.5351783020162,NO
736.2098027258302,770.3367262551736,NO
735.0970891192344,771.1343442504034,NO
734.0634145265549,772.06966225904,NO
733.0596437786345,773.0576496098041,NO
732.025907156878,774.0338387985621,NO
731.4916682306086,774.5499846864576,NO
730.5013820588127,775.4827779097917,NO
729.3509313774229,776.4722035494609,NO
728.2092080167478,777.2679330868773,NO
727.2219569271838,778.1976042848821,NO
726.2750635445719,779.2254280156599,NO
725.55949173253,780.4018081509158,NO
725.0492524633146,781.0384262787783,NO
724.0330047273831,782.0432022008615,NO
723.4795959804319,782.614784091989,NO
722.3448129445629,783.3869275106952,NO
721.3028686547018,784.3008048136105,NO
720.2841681649804,785.3080981002001,NO
719.1670201829965,786.2292879202554,NO
718.1140105447859,787.1317245786076,NO
717.0844860715572,788.0921666296144,NO
716.0308753514553,789.043351299808,NO
715.475257625417,789.5927833769816,NO
714.3055798207798,790.3503534242436,NO
713.2345398964655,791.2880237581406,NO
712.1353338591575,792.2051466889772,NO
710.0305823913542,793.1142061095101,NO
709.1761247750993,793.3967987723258,NO
708.0668079396305,794.0808489300147,NO
707.094558254541,795.0792814339443,NO
706.1013459835326,796.1147470987611,NO
705.0964203257957,797.0751451229185,NO
704.3105116275187,798.1802839440088,NO
703.6088318306088,799.511323607923,NO
703.078337073216,800.060626081877,NO
702.179729002654,801.1241222378195,NO
701.298663399996,802.228546293101,NO
700.3649510053425,803.3197779173928,NO
699.557179306186,804.4896424339852,NO
699.063976475555,805.0443559063839,NO
698.2168689142591,806.1443795733182,NO
697.334818042389,807.2594968679781,NO
696.41681198657,808.4104605788397,NO
695.3538038751904,809.3260781924583,NO
694.3561490825152,810.5651930901652,NO
693.1634071802602,811.2301909931452,NO
692.0506980458863,812.0940872173845,NO
691.2463499542744,812.5132290756466,NO
690.0694236895381,813.1150931384644,NO
689.0241668106545,814.0258361043634,NO
688.0143581547428,815.014648637409,NO
687.018334767004,816.0170305152648,NO
686.0546732031406,817.0448656942733,NO
685.0855854220121,818.085837145754,NO
684.0753395919479,819.0742300267087,NO
683.0837530008752,820.0845086715701,NO
682.1128819180558,821.0915425975097,NO
681.1384162785326,822.1503563321415,NO
680.0741037505452,823.0902944871872,NO
679.0362109413563,824.0462214741306,NO
678.3346411982598,824.5732861677341,NO
677.1423485423314,825.1891841084996,NO
676.1316859166259,826.1409566094059,NO
675.0526425663495,827.0791142541702,NO
673.9572455558565,827.9214218322611,NO
673.1180341902738,828.208325298313,NO
672.0089389621497,829.0146795799876,NO
671.3392565620651,829.4150903682876,NO
670.3736328681432,830.3227655112273,NO
669.9837789946033,830.9878785926281,NO
669.0524811512792,832.040864231775,NO
668.1211004151809,833.0944036428316,NO
667.1400302309485,834.1589107092562,NO
665.1073700964452,835.237239497661,NO
663.2302347050933,836.3373879550334,NO
662.159832564095,837.1732595372256,NO
661.1711955295548,838.1675251942598,NO
660.1411285450768,839.1719926280181,NO
659.0904326456861,840.1030654875884,NO
658.1290303047151,841.1048603565408,NO
657.2100414708663,842.1647264080758,NO
656.3044663339878,843.2889058820007,NO
655.123400863463,844.2148925825286,NO
654.0426300203742,845.0490109483717,NO
653.0393138328608,846.0399945918424,NO
652.0381029204119,847.033846190685,NO
651.1054778349163,848.0911555246756,NO
650.1186693413306,849.1099463261332,NO
649.1895141688161,850.1497597598817,NO
648.3226814487225,851.2391299861478,NO
647.3547243029169,852.3547243029169,NO
646.3191418261346,853.3180654785942,NO
645.2604712252685,854.308864789932,NO
644.1382171787627,855.2052971263904,NO
643.0623531482745,856.0779935685498,NO
642.0208229733009,857.0266494331971,NO
641.4702470320386,857.5656882695478,NO
640.4286768393401,858.3970346085721,NO
639.4032914273313,859.3694909530064,NO
638.0122710153872,860.0501021801992,NO
637.2020279739661,860.3367133055468,NO
636.0440152746664,861.0829702237598,NO
635.3598191602671,861.5053639737666,NO
634.3790835096015,862.3231114565484,NO
633.9958451873943,862.9966168754677,NO
633.0738846945367,864.0535639373117,NO
632.1732629763035,865.1245103563303,NO
631.1772914465827,866.2326538286022,NO
629.2325376716084,867.3460442054956,NO
628.0960224098071,868.1536358535316,NO
627.0928612249518,869.0785748826515,NO
626.2237517166575,870.1390564257042,NO
625.4072497901701,871.3030842050474,NO
624.242587295239,873.2149559060902,NO
623.1248693905385,874.1713794459612,NO
621.0180744713668,875.056170830316,NO
620.2097897599322,875.3388911524871,NO
619.1177539827465,876.1474172012337,NO
618.1456224521384,877.1207334612418,NO
617.2320601207281,878.184801672121,NO
616.2608533320947,879.255529789819,NO
615.2481580940002,880.2567896778426,NO
614.3390979888844,881.2619314509313,NO
613.5823292780769,882.5049886489377,NO
612.2922307531295,883.3658637018766,NO
611.2826882985363,884.2886500880511,NO
610.2075056638772,885.2813776870527,NO
609.1159417822043,886.135676556812,NO
608.1739513441654,887.1384930090642,NO
607.2380580427732,888.2158597070279,NO
606.0822910528185,889.1530790519015,NO
604.2086849836705,890.2973537088723,NO
603.1240272996422,891.1684992469571,NO
602.0124125652956,892.0206371512376,NO
601.3187079866852,892.4272335774094,NO
600.1081252271249,893.1813928415476,NO
599.148393859438,894.1048857084821,NO
598.2525349609872,895.2561816850557,NO
597.261560142296,896.2282626911295,NO
596.357239688184,897.2939906885143,NO
595.6138319648547,898.4402440361747,NO
595.0777227395675,899.0457192592014,NO
594.1107323436713,900.1344315226398,NO
592.1624973783659,901.2777931512775,NO
591.0893816047442,902.1092816599495,NO
590.1040690011055,903.0933536279288,NO
589.1487043379786,904.1313202572652,NO
588.2076037474473,905.1569534458495,NO
587.3483568756238,906.686455763856,NO
586.2450090034976,908.2072560349369,NO
585.3686156266481,909.2713734806941,NO
584.1993187911585,911.126443707878,NO
583.2965964514101,912.2723647139288,NO
582.1302152399784,913.2136865641019,NO
580.2246762142915,914.4151377815165,NO
579.127504391922,915.144563299565,NO
578.2193983397832,916.1609331367242,NO
577.2350130028275,917.2312527958827,NO
576.2648230232288,918.234048480306,NO
575.3792127327418,919.3297232975524,NO
574.5314991656321,920.4702091850946,NO
574.076532389784,921.0372067757744,NO
573.5672875639636,922.2575750169387,NO
573.1218802316343,923.0509021579581,NO
572.565494466005,924.3411356662824,NO
572.055297079941,925.0431509017162,NO
571.1059303656014,926.1005583002031,NO
570.0803201674669,927.0918145037659,NO
568.1404946487561,928.2392028435041,NO
567.0828968138582,929.0966135549709,NO
566.0963455401748,930.0850282877882,NO
565.1263000192721,931.1179594472,NO
564.1202933215556,932.125041743368,NO
563.0347674936484,933.0562870250351,NO
562.3920544409672,933.4906950404984,NO
561.4724204932609,934.410350668394,NO
561.0458982756521,935.0317291511277,NO
560.1605430023537,936.1205737953138,NO
559.1406402184041,937.161356457885,NO
558.0604220913142,938.0863328275635,NO
556.9983990431568,938.9980614444169,NO
556.2772121207494,939.4297451030795,NO
555.051122799914,940.1095488590172,NO
553.9910105994546,940.9908393724425,NO
553.5443037825788,941.4979372028222,NO
553.0467603257134,942.0310047413478,NO
552.2661967234375,943.1450071671637,NO
551.113457857893,945.0797190702248,NO
550.5032084797884,946.2154677900899,NO
550.050805332158,947.0324881842396,NO
548.1170792824721,948.3042719582764,NO
546.0649489828622,949.1062226031129,NO
545.047134876782,950.0407046373762,NO
544.142533158282,951.0953114593519,NO
543.3484161499057,952.2363382207145,NO
542.1479587552939,954.0860392734128,NO
541.2327250943954,955.2146000867498,NO
540.2338617556903,956.2214572341139,NO
539.2479156190917,957.2407642246301,NO
538.2030068200171,958.2606877216181,NO
537.0328169753672,959.0707493074818,NO
536.4320453368529,959.4967173977894,NO
535.9883163655509,959.9902739955861,NO
535.0290779564617,961.0275803792332,NO
534.0278788788587,962.0283679815807,NO
533.0256732867729,963.0256732867729,NO
532.0332081818857,964.029721994771,NO
531.1093768341622,965.0792705858798,NO
530.2162945845987,966.1649397206887,NO
529.3675467502219,967.2813942291846,NO
529.0230684690431,968.0107685785132,NO
528.2783019118204,970.072195478869,NO
528.1576029715726,971.0061805087352,NO
527.3021104454638,973.24785011012,NO
526.2673829270367,974.2726602303348,NO
525.2560582473551,975.2770322880858,NO
524.1946419927004,976.2378957769987,NO
523.1820110770601,977.1820110770601,NO
522.2387158463897,978.1879104361329,NO
521.4321670877224,979.3190129370864,NO
520.9942497598784,979.9952322131994,NO
520.0590820280831,981.0435078044292,NO
519.1248588991245,982.1133656099511,NO
518.0869894489383,983.1094002924494,NO
517.0417205810729,984.048438869579,NO
516.0383778469906,985.0356560147344,NO
515.0479440996663,986.0509406058954,NO
513.1883522066894,987.3685568635203,NO
512.021935556442,988.0417006455551,NO
511.38801216366585,988.406868823801,NO
511.0078744614795,989.0055939862249,NO
510.0916785254839,990.0751713167066,NO
509.1638351824757,991.1183134778727,NO
508.3020620553198,992.2257881186274,NO
507.4257936294278,993.3836656328743,NO
506.3414191854882,994.3748538267924,NO
505.4119011118278,995.3572611674272,NO
504.3638003557568,996.415668945062,NO
503.57983007745383,997.4491349230902,NO
503.07613946181294,998.0463417826406,NO
502.29113490318053,999.1722890622566,NO
501.389954414833,1000.6097724720514,NO
500.33912421276244,1002.1899993962295,NO
499.5630008964914,1004.3101561690773,NO
499.04143098267724,1005.0292545058528,NO
498.14787052165934,1006.102648954427,NO
497.2459870886175,1008.0921483668452,NO
496.5443516623668,1009.4866174056964,NO
495.32249045147665,1010.3829574185888,NO
494.2264120700663,1011.3047335568256,NO
493.0866606164885,1012.1397468299753,NO
492.0091807699899,1013.014579200899,NO
491.33671119109624,1013.4329143792124,NO
490.33294000841727,1014.281480983379,NO
489.4351270114646,1015.3999497887152,NO
488.9997639348673,1015.99980771637,NO
488.0871525087139,1017.0572956760509,NO
487.2466835170125,1018.1678499031011,NO
486.1998866957267,1019.2939029219763,NO
485.0367093373104,1020.069026812737,NO
484.3178272989933,1020.4864072408385,NO
483.1728687266102,1021.2041877499037,NO
482.2754157986919,1022.2021292007531,NO
481.39118824676984,1023.3614606215798,NO
480.3126609246403,1024.3982859135367,NO
479.24886579015543,1025.262174122332,NO
478.40610291670095,1026.2825877620894,NO
477.986225439717,1026.9902491035723,NO
477.19848434136946,1028.0896091854697,NO
476.40097135668196,1029.3923017145828,NO
475.22100439311777,1030.3041093601196,NO
474.18076868415193,1031.1881470063602,NO
473.35411748540514,1032.2177619072136,NO
472.11870179453405,1034.112633972854,NO
471.0295750635269,1035.0496546523148,NO
470.3630081434997,1035.5095435593498,NO
469.2577281388954,1036.3099771223488,NO
468.19433990769426,1037.245173288755,NO
467.05317049414884,1038.090225400271,NO
466.35567954643517,1038.5903356585166,NO
465.15766797217674,1039.2402055627176,NO
464.1367165653781,1040.1399606892846,NO
463.1244877173588,1041.1295260060342,NO
462.1019242547806,1042.1091922017372,NO
461.059194017355,1043.0712334780442,NO
459.9968172477565,1043.9955996848003,NO
459.31396919288846,1044.4011477798042,NO
458.2947546444836,1045.2830231024095,NO
457.361369933884,1046.345142636414,NO
456.41536071468875,1047.3758721827535,NO
456.0192813909463,1048.0120868419237,NO
455.0312387307044,1049.0449165408409,NO
454.3481793469127,1049.5498953297174,NO
453.2791489660706,1050.2980743089759,NO
452.31372105446957,1051.3429610821274,NO
451.0748603321625,1052.1368727772835,NO
450.212870055462,1053.0786320882924,NO
449.2055985625313,1055.1219919800117,NO
448.068342528954,1056.1657456606927,NO
446.097213378791,1057.1965555164613,NO
445.01239949925053,1058.0135821635172,NO
444.18470926223216,1059.0704867515892,NO
443.899294818375,1059.9461610214187,NO
440.99416109070677,1061.868359129508,NO
440.0409263252882,1062.0798694367522,NO
439.4948110034158,1062.4479436399167,NO
439.0735704288797,1063.0378104446818,NO
438.45174612579,1064.2363931742816,NO
438.09784430139115,1065.0382236761739,NO
437.92055788038584,1065.9957942407716,NO
437.35579886842265,1068.192527760696,NO
436.22522028957275,1070.1222286180266,NO
435.11369582685893,1072.099235307467,NO
434.26984651245454,1073.141822740198,NO
433.11894015833815,1075.099058663458,NO
432.19956654698063,1076.1469401186635,NO
431.11853031160723,1078.07005963108,NO
430.2069123209901,1079.178506269225,NO
429.334578858097,1080.2466381908685,NO
428.56136830461537,1081.4307294791408,NO
428.09486605923536,1082.048910183934,NO
427.3503268772729,1083.2323220417868,NO
426.2590464283786,1084.398075952866,NO
424.00049452221236,1084.936948414256,NO
423.0150987347172,1084.875800730883,NO
422.01723342510036,1084.780273830381,NO
420.98135541596514,1084.7932883074393,NO
420.0331323907512,1085.0540911390194,NO
419.382955735957,1085.5210355963372,NO
418.8343552878223,1086.9312655206522,NO
418.069304467479,1088.042507801194,NO
417.2931993058232,1089.1673231670059,NO
416.38362221912473,1091.1806423611868,NO
415.28430812023873,1093.1471844144173,NO
414.33956079157224,1094.4036546015386,NO
413.2214318570017,1095.2312732715961,NO
412.38639766571504,1096.279928966459,NO
411.9806282302572,1096.9857876666288,NO
411.05106911372445,1098.041392862495,NO
410.15705339764133,1099.1014093252404,NO
409.54987877169475,1100.2923206043497,NO
409.05640529437045,1101.035499833312,NO
408.1568407783857,1102.1200401432302,NO
407.34606761587474,1103.225438329251,NO
406.245460177437,1105.1685517254857,NO
405.27638095856327,1106.278348077332,NO
404.1959705825323,1107.2484351636765,NO
402.1603086475654,1108.383473862962,NO
401.0217280552075,1109.0328867676778,NO
400.51154290054654,1109.4610432349505,NO
400.0675986192363,1110.0374015038956,NO
399.3162741483814,1111.2072757207038,NO
396.95968097225165,1112.263624403947,NO
395.97634578664986,1112.0972874880817,NO
395.0029503739556,1112.0287150251793,NO
394.1444537330953,1112.227167510657,NO
393.12555829284133,1113.1038694132014,NO
392.24956341701574,1114.1768161913112,NO
391.6031902803684,1115.4219310891963,NO
391.07570249817815,1116.0426529491058,NO
390.51951839139264,1117.2161800430883,NO
390.0500252185369,1118.0331733778016,NO
389.0600977803679,1119.074260952009,NO
387.32214540938827,1120.3497578722404,NO
386.18933850134374,1121.2800395826068,NO
385.0881095151566,1122.1116446049675,NO
384.2568921500454,1123.136860961945,NO
384.042427974254,1124.0074420039834,NO
383.95693960091324,1124.9998311356949,NO
383.1407011711019,1127.1233574260777,NO
382.1682593811506,1128.1335155625545,NO
381.34822988829563,1129.2270636193437,NO
380.28004419662216,1131.1689039494922,NO
379.50635197950083,1132.3828118469987,NO
379.11658159596686,1133.0449724966297,NO
378.09587794665515,1135.073318431911,NO
377.1979351315206,1136.1335529961873,NO
376.373825324854,1137.279773725864,NO
375.17226282323765,1139.1113808910482,NO
374.1821865429481,1140.1993260449624,NO
373.131230010543,1141.1406188295623,NO
372.1609445568828,1142.1241445583785,NO
371.38397065146006,1143.250814904699,NO
371.0196725268589,1144.0127585407574,NO
370.16930607960006,1146.048886683723,NO
369.23681145991645,1148.0937538367937,NO
368.1801544930155,1150.144289133782,NO
367.2188047310687,1151.1701083405633,NO
366.89665013539883,1151.9364000833223,NO
366.12940809119556,1153.0591297574874,NO
365.34226639997553,1154.252625195756,NO
364.51268112842166,1155.4315373538498,NO
364.0259263092912,1156.021628742517,NO
363.1524288206174,1157.083246666078,NO
362.2916338962258,1159.1560241411835,NO
361.2763402007715,1161.1133439922069,NO
360.4753639910986,1163.2255748612786,NO
360.0478202851738,1164.0284230775032,NO
359.16427657359844,1165.12081221323,NO
358.36879183218304,1166.2383128557485,NO
357.9771825955837,1166.9838935974701,NO
357.28287401609435,1168.094291335736,NO
356.30013611293566,1170.28661177525,NO
355.1150901287113,1171.1880490643746,NO
354.041853995795,1172.0471503367871,NO
353.3477850377686,1173.0904241115334,NO
353.20740636544525,1174.0134204124101,NO
353.0638978621325,1175.0136196642404,NO
352.33845894499717,1176.6619651107978,NO
351.5333774180612,1178.327916141984,NO
351.10548527568676,1179.0479921460296,NO
350.148033934464,1181.0807790119834,NO
349.4101717372739,1182.7422466192345,NO
349.17967523506894,1183.078498888427,NO
348.2559201866712,1185.0977951240347,NO
347.1370058785811,1187.1170700425546,NO
346.04959735355914,1188.081284550878,NO
343.5907272612149,1188.6046814947247,NO
342.20608146992623,1188.2111609292149,NO
341.6839255611947,1188.881523324855,NO
341.2584241143067,1190.07903128666,NO
341.0421753692446,1191.013521550421,NO
340.85585765003935,1191.9847378691454,NO
340.79287165374905,1193.000618293554,NO
340.8204394069319,1194.007550753205,NO
340.8457662233433,1195.001423696315,NO
340.851879022538,1196.0022107608556,NO
340.2780049586179,1198.1359690449835,NO
339.2619750841237,1200.1511529597494,NO
338.9876053983267,1200.995886332251,NO
338.18849624137897,1203.0668727249642,NO
337.2841108505158,1205.1546128155496,NO
336.10598648405454,1207.0769680218389,NO
335.08379533776906,1208.1059057731397,NO
334.12136899248105,1209.0797661255654,NO
333.888461553844,1209.9894069630604,NO
333.3529043364504,1211.558544406489,NO
333.11443856128085,1212.0471064068756,NO
332.1317912675427,1214.0905726009166,NO
331.32432732218865,1216.1202052363467,NO
331.05292139615545,1217.018845714507,NO
330.3834054962515,1219.1693660617261,NO
330.09540996276013,1220.0317357243707,NO
329.94561554535824,1220.9986137295832,NO
329.9246870770507,1221.9977960901435,NO
329.32050871772617,1223.6729125480754,NO
329.1827791737275,1224.063470568836,NO
329.00274561670034,1225.0003176301675,NO
328.9221643805006,1225.9967950041146,NO
328.8971345744998,1226.999394909281,NO
328.8818775356912,1227.995695942416,NO
328.4966609097457,1229.2238762824932,NO
328.10889185977203,1230.0418996950632,NO
327.9142329298203,1230.9892370735436,NO
327.8193251427597,1231.990831424833,NO
327.168334754824,1234.06111516641,NO
326.94003387291156,1234.9835387100657,NO
326.72829002086246,1235.942461416134,NO
326.3458066767226,1237.0869820453024,NO
326.06144347555875,1238.0243340501163,NO
325.82711202191774,1238.9575870892122,NO
325.6435929385733,1239.985324416087,NO
325.6129974129673,1240.9962058569545,NO
325.59240931688754,1241.9864136448077,NO
325.4833349597907,1243.0567153183183,NO
325.2217819925417,1244.0632711400249,NO
324.99878348878195,1244.9996343296168,NO
324.7836277075038,1245.9550285055138,NO
324.6057518016574,1246.9567100026661,NO
324.3304630067832,1248.0772724413278,NO
324.0714924421707,1249.0260737136964,NO
323.85796216591865,1249.9757700174484,NO
323.7158100417159,1250.9754816513912,NO
323.62219558202247,1251.9570340064008,NO
323.4582948598506,1253.0548111443015,NO
323.3372977705351,1254.0423275633711,NO
323.32702812954096,1254.9698621123623,NO
323.41559528583724,1255.9478468660789,NO
323.5212635096187,1257.0178352806504,NO
323.5702967877154,1258.0235915492115,NO
323.65915050382955,1259.0327482868572,NO
323.89645599166795,1260.0336314219323,NO
324.1262954759782,1260.9533255823476,NO
324.4079013482873,1261.9493140342247,NO
324.60704008520986,1263.0547061870675,NO
324.8007940099691,1264.0492155964578,NO
324.92685847645964,1265.0053063460912,NO
325.0280086000149,1265.9964472868503,NO
325.18481433671184,1266.9464147759754,NO
325.4090465480857,1267.9497238772071,NO
325.5000000004902,1269.0,NO
325.5000000004902,1270.0,NO
325.5812994552337,1271.0435120177908,NO
325.90346866535185,1272.0430503204086,NO
326.14953679023967,1272.9405385196235,NO
326.4606124336954,1273.9746617918618,NO
326.5000000004902,1275.0,NO
326.5000000004902,1276.0,NO
326.56582803934435,1277.0393147838645,NO
326.9132740308193,1278.0431043573494,NO
327.166820008453,1278.9305470481663,NO
327.4960486034079,1279.9951080018614,NO
327.5000000004902,1281.0,NO
327.5000000004902,1282.0,NO
327.5978759591976,1283.0532456711412,NO
327.94297357685434,1284.0308941512208,NO
328.21528761704474,1284.9129401149671,NO
328.5420730720505,1285.9802462892353,NO
328.5118022771376,1286.9894702454071,NO
328.5000000004902,1288.0,NO
328.6284281160942,1289.06850623809,NO
328.96105663048104,1290.021274994124,NO
329.24229569868635,1290.9184004193348,NO
329.51484608705636,1291.985730767745,NO
329.5000000004902,1293.0,NO
329.5000000004902,1294.0,NO
329.73900011098505,1295.0812349014532,NO
330.02363260120734,1295.987187735995,NO
330.34998948906696,1296.928133575512,NO
330.6280079078373,1298.0629986636711,NO
330.95965634061,1299.0217948516217,NO
331.2389403346288,1299.9218191156663,NO
332.04216574457644,1301.976833484952,NO
332.37577598894933,1302.9387911274212,NO
333.1180248625203,1304.9401428102924,NO
333.48136595142375,1305.9923440806485,NO
334.13392663252233,1307.9320781089798,NO
334.4690285221846,1309.0051438823796,NO
335.1595814273927,1310.9193207464732,NO
335.94953628334014,1313.0255322384585,NO
336.2226266446859,1313.89884904308,NO
337.18944240091895,1315.9299886739957,NO
337.49518866152454,1316.9852035256347,NO
337.8044571378897,1318.0712114727378,NO
338.0646723970149,1318.9674081786106,NO
338.23458651006206,1322.1315973077853,NO
337.192513074322,1323.1974918666788,NO
336.23941052190236,1324.209853669455,NO
335.4465220521065,1325.3413412844857,NO
335.0087275865291,1326.0058458360297,NO
334.1753300449601,1327.0991737193008,NO
333.34675868522896,1328.7276059425585,NO
333.1692633557107,1329.0716700689923,NO
332.9193015644638,1329.9689093850693,NO
332.1548829783012,1332.0412875651507,NO
331.96427011719027,1332.992414885329,NO
331.7917562807588,1333.9668438789824,NO
331.6538230841526,1334.9642219397197,NO
331.5637856836722,1335.9744120095684,NO
