X,Y,is_wing_root
232.568459167203,918.981918679435,NO
232.58504917841452,920.0278179302172,NO
232.72589127670142,921.0451743411633,NO
232.9457809123381,922.0162051454362,NO
233.18059699800196,922.9264033308974,NO
234.22520482338064,924.8261727155029,NO
235.14001350751843,925.8582824840578,NO
236.1896678551789,926.7398273469491,NO
238.09717517256507,927.7375060540725,NO
239.00439975537842,927.9857654980104,NO
239.95892887432333,928.2014173065508,NO
240.96136776018096,928.3737930320431,NO
242.0,928.4441340782123,NO
243.03929528664298,928.3802084582227,NO
245.1799169837265,928.8891603050267,NO
246.1856880098098,930.9306200395324,NO
247.07891951552082,932.9625519156235,NO
247.9607595718487,935.0188107352342,NO
248.22698140764206,935.9268814842641,NO
249.10167441672016,937.9507576838307,NO
250.00486600291728,939.9976242454959,NO
250.3116827808803,940.9008874832516,NO
251.1759873075685,942.9331386786031,NO
252.07161257713378,944.9648957966878,NO
253.09069056013865,946.9220920714478,NO
254.07507299312044,947.9211029172598,NO
255.08706121997375,948.9068126840473,NO
256.1006778297668,949.8950208514256,NO
257.10705418262205,950.891253261095,NO
258.1103733939147,951.8875880449554,NO
259.114376768681,952.8841182766456,NO
260.1165045499416,953.8819624983155,NO
261.11988768489647,954.8782168575946,NO
262.12275094859035,955.8759586317416,NO
263.1249527493927,956.8737336845024,NO
264.12715617317235,957.8711707224091,NO
265.13011171504337,958.8681762919018,NO
266.1326637145635,959.8662916851924,NO
267.13411898594654,960.8651779004304,NO
268.1352642333992,961.8636706897507,NO
269.14912743455693,962.8391598919262,NO
270.19574003331667,963.7838140043434,NO
271.28676092004014,964.6686543599802,NO
273.06773130119376,965.8867040058481,NO
275.06772926175194,966.8489820459665,NO
277.07959566799724,967.8219618851961,NO
279.0949019322654,968.7546874589939,NO
281.1203101024625,969.6562568656125,NO
282.00736270771097,969.9850399159261,NO
284.0377263784354,970.9245472431292,NO
286.0597552260405,971.8608439900717,NO
288.08484700117265,972.7438973863544,NO
288.9884769637199,973.0237706448563,NO
291.02547047052,973.9484526176761,NO
293.0574829213692,974.8655216122489,NO
295.0817723514847,975.7748397116203,NO
297.11432855418974,976.6263112786514,NO
298.016740673322,976.9646431406067,NO
300.052879774118,977.8783765211094,NO
302.0733290903636,978.8303941216859,NO
302.9620287326823,979.0838326685314,NO
303.9469359448421,979.4095248721444,NO
305.0244786387399,979.5541390857983,NO
306.0585953956585,979.7509695617802,NO
307.00208415794543,979.9943159331714,NO
307.9418261344668,980.235465651369,NO
308.9634811982348,980.4474653122923,NO
310.01756681466327,980.5284697020487,NO
311.0480420773492,980.6396844280061,NO
312.0390696139977,980.8534889520276,NO
312.97829720899796,981.0704995137685,NO
313.9409211570398,981.2995091538589,NO
314.96814503474803,981.4778244466677,NO
316.03954697836843,981.5966208236616,NO
317.0493056946256,981.8080465260164,NO
317.98813583626094,982.0351786249631,NO
318.9407465457475,982.2722456086987,NO
319.9664416188661,982.4647605844281,NO
321.0220858110259,982.5494494685157,NO
322.0576369042083,982.7252820592786,NO
323.0120050200389,982.965013941475,NO
323.9468634291301,983.1949615218787,NO
324.9519243392126,983.4243199502903,NO
326.01912151161656,983.5356204014982,NO
327.05512962160935,983.680498780341,NO
328.0265049465089,983.9155154831677,NO
328.9557382496379,984.1393425442088,NO
329.9431390703993,984.3888676928351,NO
331.01503903366483,984.5206307833961,NO
332.04604071380385,984.6212780003639,NO
333.0433029476937,984.839967363567,NO
333.97895207169614,985.0635174145802,NO
334.9399472264855,985.3032367923852,NO
335.9734377144056,985.4790697970118,NO
337.02198510379185,985.5515038960289,NO
338.0578221293716,985.7319155916638,NO
339.009371226144,985.9732998588587,NO
339.9454169586341,986.206202607779,NO
340.9550943969775,986.4304159681067,NO
342.0174725944703,986.5309987704385,NO
343.0553163713938,986.6719610587807,NO
344.02882098292275,986.9075553374682,NO
344.95737941139214,987.1317363692893,NO
345.94165485654224,987.3835722508546,NO
347.01413149625176,987.5195291113247,NO
348.0488426379008,987.628212767453,NO
349.04094259148354,987.8598609286544,NO
349.9695817369037,988.087153447137,NO
350.93885732864186,988.3426677060611,NO
352.01520999712505,988.5039578268687,NO
353.0360688460425,988.5819292720018,NO
354.0528130918858,988.7959494122888,NO
354.9900824159349,989.0282568033521,NO
355.94069252354876,989.2700608433652,NO
356.9680787584216,989.462401986334,NO
358.0207089590107,989.5408013512708,NO
359.05855407791114,989.7128598081441,NO
360.0142103382308,989.960179820195,NO
360.94488668469194,990.1938468314956,NO
361.95691494405753,990.4300057457568,NO
363.0158578988164,990.5242630035888,NO
364.0528795107987,990.64975907349,NO
365.03549186894924,990.8801267964379,NO
365.96769464012965,991.1017020564954,NO
366.9416595376006,991.3419958269009,NO
367.98149489839193,991.4918461275747,NO
369.03054536425503,991.5672740026165,NO
370.0549547911387,991.758388422853,NO
371.0028583659469,991.9915736032473,NO
371.9436157531584,992.2229144589987,NO
372.9574698348671,992.4400570246914,NO
374.01902026318976,992.5380792920263,NO
375.0589503553012,992.7081098862299,NO
376.0151977643017,992.9578757597268,NO
376.94493663305207,993.1923446449932,NO
377.95692209647996,993.4299343617776,NO
379.0167556733161,993.5252558926264,NO
380.0484072934977,993.6369453069541,NO
381.0390413375054,993.8645504543426,NO
381.96996467793167,994.0890582222165,NO
382.9403693790262,994.3379068521848,NO
383.9850758471205,994.4886456451206,NO
385.0174083509179,994.5327232026693,NO
386.0523991174915,994.6617272102538,NO
387.03284288621137,994.8875847520345,NO
387.96866860951445,995.105125058031,NO
388.94299756847124,995.3341521973645,NO
389.97802388132504,995.4834746180609,NO
391.01802824621086,995.5402797250513,NO
392.0558135195479,995.690598989111,NO
393.02349278759084,995.9264949578863,NO
393.95433286403306,996.1502596062496,NO
394.9441013157422,996.3928328099554,NO
396.0095520577505,996.5128450674293,NO
397.0281446516032,996.5650372196187,NO
398.0558009520747,996.7608530614915,NO
398.9989395821399,997.0028766655572,NO
399.9391145714531,997.2464410257127,NO
400.9694595933369,997.4572078381314,NO
402.01407711477236,997.5213780816854,NO
403.046619741526,997.6226020940276,NO
404.04311218767646,997.8371317298655,NO
404.9820460178593,998.0568728627038,NO
405.94079373002677,998.2875733137986,NO
406.9715890878579,998.4655723570746,NO
408.0139576314238,998.5254405156735,NO
409.04919725557164,998.6363681143205,NO
410.03958318443307,998.8588291935105,NO
410.9759233592441,999.0777157355883,NO
411.9412424363808,999.308931517741,NO
412.97418951878683,999.4753821470529,NO
414.0155168056125,999.5344958003939,NO
415.0576517351819,999.6872086704184,NO
416.0237941092306,999.9273353520151,NO
416.9539185607547,1000.152607366511,NO
417.94462719848303,1000.3945796429196,NO
419.00954919451686,1000.5129910923424,NO
420.0340042450274,1000.5770203486876,NO
421.05365894010265,1000.7810715254559,NO
421.9958489884169,1001.0121667584451,NO
422.94187231120156,1001.2470426840114,NO
423.9642113363084,1001.4493465753905,NO
425.01220502314163,1001.5211875551853,NO
426.0532341022217,1001.6427711425473,NO
427.037155125714,1001.8745091740742,NO
427.968224099866,1002.09762475523,NO
428.9389650257667,1002.3420641287898,NO
429.9878712458393,1002.4924274196577,NO
431.01476923373133,1002.5292306566092,NO
432.0576643692224,1002.6768260744261,NO
433.0271378762778,1002.9150900789888,NO
433.95821302575774,1003.1383854366967,NO
434.9438535850919,1003.3767720091182,NO
436.010265925624,1003.5038135852852,NO
437.02220619472513,1003.5469936411243,NO
438.05538681502105,1003.6994970670514,NO
439.0250566045028,1003.9039182809045,NO
439.97752926601265,1004.1005269658993,NO
440.9453076685075,1004.287557617029,NO
441.96569152765045,1004.4486492280136,NO
443.0038895046094,1004.5040881334356,NO
444.01127056102683,1004.5210011715313,NO
445.02763711508965,1004.5728809654289,NO
446.04753240627224,1004.7114103911126,NO
447.02344039718474,1004.9012016335265,NO
447.9792427216871,1005.0920540179663,NO
448.9469718581856,1005.2788077538387,NO
449.9619274953861,1005.4412949530439,NO
451.00292328902407,1005.5030408501696,NO
452.00947958848343,1005.5165409999543,NO
453.01849373753015,1005.5508663446036,NO
454.0499976351244,1005.6772304511239,NO
455.0311167228247,1005.8699218980875,NO
455.98595612363636,1006.0617446276688,NO
456.94637864800984,1006.2508888876882,NO
457.95770774596497,1006.4313809879277,NO
459.00195287017596,1006.5020180905263,NO
460.00951981582085,1006.5144894057997,NO
461.01435522731947,1006.5424271114973,NO
462.0494242039242,1006.6593737312362,NO
463.0352986478397,1006.8604472095075,NO
463.98755377897453,1007.0547204534705,NO
464.9483450838391,1007.2439259927755,NO
465.9543014603724,1007.4237500872227,NO
467.0009784269238,1007.5010022428551,NO
468.0086217744923,1007.5114328018273,NO
469.01448700485537,1007.5382267023783,NO
470.0447239207188,1007.637949214782,NO
471.0401187366269,1007.8280625565617,NO
471.9944229621391,1008.0231243040865,NO
472.9512447390642,1008.218115636822,NO
473.9522246025715,1008.4060908918511,NO
474.994652945107,1008.4953317075652,NO
476.007681346282,1008.5103142062194,NO
477.0128116219197,1008.5332909212487,NO
478.0326247484823,1008.5941799405905,NO
479.02252045577114,1008.662193148298,NO
479.99939436342345,1008.6911253298525,NO
480.9993906278612,1008.6892201930038,NO
482.0,1008.6882352941177,NO
482.99626412166174,1008.6824503326693,NO
483.9961265784976,1008.6707591634031,NO
485.0,1008.6647058823529,NO
486.0038735335645,1008.6707496381252,NO
487.00312322626814,1008.6814309236139,NO
487.9993829202533,1008.6852893127611,NO
489.0,1008.6843137254901,NO
490.0,1008.6843137254901,NO
491.0,1008.6843137254901,NO
492.0,1008.6843137254901,NO
493.0,1008.6843137254901,NO
494.0,1008.6843137254901,NO
495.0,1008.6843137254901,NO
496.00061706139354,1008.6852986728776,NO
497.0006132204959,1008.6872575307924,NO
498.0,1008.6882352941177,NO
499.0,1008.6882352941177,NO
500.0,1008.6882352941177,NO
501.0,1008.6882352941177,NO
502.0,1008.6882352941177,NO
503.0,1008.6882352941177,NO
504.0,1008.6882352941177,NO
505.0,1008.6882352941177,NO
506.0030077358273,1008.6932109484726,NO
507.0,1008.6980392156863,NO
507.9969922641727,1008.6932109484726,NO
509.0,1008.6882352941177,NO
510.0,1008.6882352941177,NO
511.0,1008.6882352941177,NO
512.0,1008.6882352941177,NO
513.0,1008.6882352941177,NO
514.0,1008.6882352941177,NO
515.0,1008.6882352941177,NO
516.0,1008.6882352941177,NO
517.0,1008.6882352941177,NO
518.0,1008.6882352941177,NO
519.0,1008.6882352941177,NO
520.0,1008.6882352941177,NO
521.0,1008.6882352941177,NO
522.0,1008.6882352941177,NO
523.0,1008.6882352941177,NO
524.0,1008.6882352941177,NO
525.0,1008.6882352941177,NO
526.0,1008.6882352941177,NO
527.0,1008.6882352941177,NO
527.9993867795041,1008.6872575307924,NO
528.9993829393021,1008.6852990276893,NO
530.0006170606979,1008.6852990276893,NO
531.0006132174444,1008.68725908704,NO
532.0006093576653,1008.689227574465,NO
533.0035736847885,1008.6962367847696,NO
534.0034360095967,1008.7079391763878,NO
535.0005594025572,1008.7147046809714,NO
535.9994406014481,1008.7147067236743,NO
536.999436763501,1008.7127493705048,NO
538.0,1008.7117647058824,NO
539.0,1008.7117647058824,NO
540.0,1008.7117647058824,NO
541.0,1008.7117647058824,NO
542.0,1008.7117647058824,NO
543.0,1008.7117647058824,NO
544.0,1008.7117647058824,NO
545.0,1008.7117647058824,NO
546.0,1008.7117647058824,NO
547.0,1008.7117647058824,NO
548.0,1008.7117647058824,NO
549.0,1008.7117647058824,NO
550.0,1008.7117647058824,NO
551.0,1008.7117647058824,NO
552.0,1008.7117647058824,NO
553.0,1008.7117647058824,NO
553.9971266813402,1008.7069214994316,NO
554.9964262065952,1008.6962275523842,NO
555.9993906430451,1008.6892279367958,NO
557.0,1008.6882352941177,NO
558.0,1008.6882352941177,NO
559.0,1008.6882352941177,NO
560.0,1008.6882352941177,NO
561.0,1008.6882352941177,NO
562.0,1008.6882352941177,NO
563.0,1008.6882352941177,NO
564.0,1008.6882352941177,NO
564.9917381991464,1008.6758831983063,NO
565.9748351568429,1008.6333122776009,NO
566.9764789818904,1008.5715814613403,NO
567.988910994955,1008.5287173005137,NO
568.9932636924736,1008.5092118816598,NO
569.9990215655718,1008.5009984155674,NO
571.0095822908451,1008.488696820353,NO
572.0444255351168,1008.4045897033699,NO
573.0454682543121,1008.2466894652031,NO
574.0152523327675,1008.0793743805094,NO
574.9831216543494,1007.9112581833275,NO
575.956863215132,1007.7471291826625,NO
576.9649974338707,1007.6033042584473,NO
577.9899866352365,1007.5357439878952,NO
578.9914458941098,1007.5152673557628,NO
579.9970766751247,1007.5030347554714,NO
581.0,1007.5000000004902,NO
582.0351188035711,1007.4477647446948,NO
583.0520429217497,1007.30161239073,NO
584.0255159495055,1007.1414471016116,NO
584.9954677298143,1006.9761705383776,NO
585.9623848476783,1006.80816271879,NO
586.9589670667391,1006.6453085432693,NO
587.9841979223878,1006.5522744392811,NO
588.9896796411534,1006.5215106255724,NO
589.9951482761555,1006.5051241724726,NO
591.0,1006.5000000004902,NO
592.0230247419955,1006.4697047226933,NO
593.0467661061937,1006.3613744796572,NO
594.0377835316757,1006.20072500575,NO
595.0065025563592,1006.0345448295782,NO
595.9741446242277,1005.8668056447397,NO
596.95321236986,1005.7017288651685,NO
597.9765931587681,1005.5736611115859,NO
598.9898528453582,1005.5295410024988,NO
599.9932904138166,1005.5111587223563,NO
600.9980470836067,1005.5020063051011,NO
602.0048481708974,1005.4945134269274,NO
603.0415135214181,1005.4234379152947,NO
604.0476303920125,1005.2729381931628,NO
605.0204570920986,1005.1053850161207,NO
605.9867145220811,1004.933572609396,NO
606.957831990115,1004.7636737994022,NO
607.9620285546061,1004.6126912598818,NO
608.9900309019009,1004.5377963514677,NO
609.9914804661071,1004.5172264355164,NO
610.9961103137476,1004.5040649739541,NO
612.0,1004.5000000004902,NO
613.0351188035711,1004.4477647446948,NO
614.0520429217497,1004.30161239073,NO
615.0255016070664,1004.141367594618,NO
615.9952547275518,1003.975305216149,NO
616.9616029485054,1003.806113888654,NO
617.959292261189,1003.6420526495418,NO
618.985033938503,1003.5510181249662,NO
619.9906341547609,1003.5223419052645,NO
620.9951674072089,1003.5070755398984,NO
621.9990215581845,1003.5009946480525,NO
623.0272229679,1003.4627904525723,NO
624.0480616480462,1003.3452315383919,NO
625.0337226356481,1003.1910949353392,NO
626.0053157741189,1003.028537314192,NO
626.975034064012,1002.8645465173372,NO
627.9562285156917,1002.7062702914887,NO
628.9729599504154,1002.5821083410535,NO
629.9898971853822,1002.5315967672901,NO
630.9923486891716,1002.5122289662651,NO
631.998047098606,1002.5020101299269,NO
633.0095822908091,1002.4886968185208,NO
634.0444712601677,1002.4050061279494,NO
635.0443526069503,1002.2541553804534,NO
636.0169972648847,1002.0932108137174,NO
636.9865991119475,1001.9288077844476,NO
637.9580410236942,1001.7648453062324,NO
638.9614149117674,1001.6141491407875,NO
639.9909531331602,1001.538609803205,NO
640.9915147394355,1001.519168590705,NO
641.9951480896543,1001.5051051493555,NO
643.0048490666239,1001.4946047910371,NO
644.0343922330616,1001.4385009707161,NO
645.0488380539017,1001.3000892402067,NO
646.0255806643208,1001.1418058467589,NO
646.9966299245973,1000.981112764918,NO
647.9638344948586,1000.8173820935777,NO
648.9564291882596,1000.6527950940249,NO
649.9860035627175,1000.5538635443712,NO
650.9897632158224,1000.5253854512134,NO
651.9942133800208,1000.5081372884874,NO
652.9990215618195,1000.5009965019126,NO
654.0272379721483,1000.463045524793,NO
655.0457009896835,1000.3531440333796,NO
656.0342906146626,1000.2057436879754,NO
657.0079271151694,1000.0400280093019,NO
657.9767770173988,999.8726481513422,NO
658.9581756606765,999.7155944960268,NO
659.968667349939,999.5902653689079,NO
660.9898997292,999.5317147079371,NO
661.9923486891716,999.5122289662651,NO
662.998047098606,999.5020101299269,NO
664.0095840478333,999.4887864267495,NO
665.0412492552776,999.4124925280679,NO
666.0459050038716,999.263051137823,NO
667.01858704913,999.1030368956639,NO
667.9885029314291,998.9389218251272,NO
668.9568309592695,998.7730287566255,NO
669.9622575984478,998.6150275070495,NO
670.9909911486855,998.5405485949442,NO
671.9905932091863,998.5202536810149,NO
672.9951481831914,998.5051146901287,NO
674.0,998.5000000004902,NO
675.0351441810817,998.4480883079551,NO
676.0502938556128,998.309034527631,NO
677.0271773547286,998.1506570647116,NO
677.9984192938091,997.9910426649179,NO
678.9684250492277,997.8304923665631,NO
679.9543089448046,997.6717966628873,NO
680.9810044525619,997.5596486763105,NO
681.9916219525916,997.5252440025932,NO
682.9942361752238,997.510074880791,NO
683.9980470688416,997.5020025400095,NO
685.0,997.5000000004902,NO
686.0,997.5000000004902,NO
687.0280959675039,997.4622239652666,NO
688.0404708108998,997.3685734642033,NO
689.0277495440985,997.2670239124946,NO
690.017962268975,997.163584953053,NO
691.0063963763528,997.0593118524024,NO
691.995030244055,996.9547397216867,NO
692.9827094889404,996.8479627509997,NO
693.9692310697686,996.7384640842046,NO
694.9676950020813,996.6338766975578,NO
695.9854769313871,996.5643079123797,NO
696.9945830534397,996.5395595299319,NO
697.9944432924104,996.5276798421288,NO
698.993343308635,996.5150124876789,NO
699.9961101948478,996.5040498142193,NO
701.0,996.5000000004902,NO
702.0,996.5000000004902,NO
703.009589388376,996.4890587944194,NO
704.03080833111,996.4364513611961,NO
705.0347266170745,996.3472661499432,NO
706.0253961172887,996.2490773048231,NO
707.0166759295246,996.1417454057444,NO
708.0034785450994,996.0290829177865,NO
708.9908639011087,995.9182559574822,NO
709.9752516967246,995.8058210014805,NO
710.9627077862383,995.688212641803,NO
711.9775045392531,995.5902612559231,NO
712.993831217568,995.5505601384067,NO
713.9936393384223,995.5365803721265,NO
714.993451073651,995.5228639388324,NO
715.9942359079728,995.5100521644534,NO
716.9980470688416,995.5020025400095,NO
718.0,995.5000000004902,NO
719.0,995.5000000004902,NO
720.0230460109395,995.4701386091378,NO
721.0416632828803,995.3794334771133,NO
722.0308879843145,995.2716012352765,NO
723.0188955064705,995.1606118104208,NO
724.0057055685062,995.0477022936452,NO
724.992767986891,994.9364081620237,NO
725.9803820837916,994.8274976372201,NO
726.9674334505002,994.7184925384367,NO
727.9692051116315,994.6169416161472,NO
728.9886716813884,994.5555813481752,NO
729.9945364293001,994.5355964779629,NO
730.9943971804603,994.5237603262618,NO
731.9942588347793,994.5120009430573,NO
732.9970765746501,994.5030176747819,NO
734.0,994.5000000004902,NO
735.0,994.5000000004902,NO
736.0230546020958,994.4703138687225,NO
737.0393085483399,994.3855261481798,NO
738.0296757742278,994.2855593343259,NO
739.0208595246695,994.1773059656767,NO
740.0077284078153,994.0646145565718,NO
740.9950835701417,993.9552253699857,NO
741.984591919272,993.8517335641471,NO
742.9702776188896,993.7473597520326,NO
743.9647762488185,993.6407177406379,NO
744.9854817358113,993.5644520451181,NO
745.9945830534397,993.5395595299319,NO
746.9944432943324,993.5276800054984,NO
747.9943049524417,993.5159209444686,NO
748.9961255150537,993.5060031405949,NO
749.9990215544321,993.5009927343833,NO
751.0,993.5000000004902,NO
752.009589388376,993.4890587944194,NO
753.03080833111,993.4364513611961,NO
754.0347191038315,993.347191017518,NO
755.0257893267083,993.2481614434386,NO
756.0157339518188,993.1458966415541,NO
757.0045290943833,993.0419970562654,NO
757.9915529952533,992.9316194856771,NO
758.9767012974368,992.814338463993,NO
759.9638055440447,992.697390616824,NO
760.9722459575395,992.5955839440891,NO
761.9946775382144,992.5475907360051,NO
762.9954553023982,992.5364408489351,NO
763.9981546992576,992.5294482968881,NO
764.9990715269464,992.5264787179611,NO
765.9971917387385,992.5225955704243,NO
766.9981085368973,992.5176768946645,NO
768.0,992.5156862736042,NO
769.0,992.5156862736042,NO
770.0,992.5156862736042,NO
771.0,992.5156862736042,NO
771.9971340406379,992.5127868930048,NO
772.9961253366566,992.5059803949624,NO
773.9990215544321,992.5009927343833,NO
775.0,992.5000000004902,NO
776.0,992.5000000004902,NO
777.0,992.5000000004902,NO
778.0,992.5000000004902,NO
779.0,992.5000000004902,NO
780.0,992.5000000004902,NO
781.0,992.5000000004902,NO
782.0,992.5000000004902,NO
783.0,992.5000000004902,NO
784.0,992.5000000004902,NO
785.0,992.5000000004902,NO
786.0,992.5000000004902,NO
787.0,992.5000000004902,NO
788.0,992.5000000004902,NO
789.0,992.5000000004902,NO
790.0,992.5000000004902,NO
791.0,992.5000000004902,NO
792.004852283995,992.4949329628773,NO
793.0047566480639,992.4851780980035,NO
794.0,992.480392157761,NO
795.0,992.480392157761,NO
796.0,992.480392157761,NO
797.0,992.480392157761,NO
798.0179638612932,992.4580784595598,NO
799.0210559822748,992.4130211751311,NO
800.0007631865999,992.3892251862608,NO
800.9961465552625,992.3930513595667,NO
802.0,992.3980392156863,NO
803.0,992.3980392156863,NO
804.0075969150093,992.3874426553722,NO
805.0172190524778,992.351268660066,NO
806.0092396724639,992.3141488743098,NO
807.0,992.3,NO
808.0,992.3,NO
809.0,992.3,NO
810.0,992.3,NO
811.0170385390338,992.2633228656116,NO
812.0130182824851,992.201191630485,NO
813.0016246567558,992.1657149875433,NO
814.0015280525685,992.1558613605358,NO
815.0,992.1509803921568,NO
816.0017044670342,992.1448797018205,NO
817.0052071436976,992.1154627496458,NO
818.0035673740284,992.0673837323745,NO
819.0006179790882,992.0315169326788,NO
820.0001847141452,992.0157007027657,NO
821.0000465217992,992.0039543530394,NO
822.0,991.9980392156863,NO
822.9999311665188,991.9929789849848,NO
823.9968272545885,991.9537685658744,NO
824.9936656972828,991.8923168542103,NO
826.0,991.8607843137255,NO
827.0002710446325,991.8617672301832,NO
828.0002672037483,991.8637260812803,NO
829.0,991.864705882353,NO
829.9946067821838,991.8471921521924,NO
830.9883670720914,991.8022402262907,NO
831.994835323309,991.760546803094,NO
833.0004901808474,991.7500077547868,NO
834.0,991.7509803921569,NO
835.0028594482611,991.7569468912372,NO
836.0,991.7627450980392,NO
836.9815523111087,991.7311908132767,NO
837.9812321033057,991.6699438762932,NO
839.0,991.6372549019608,NO
840.0,991.6372549019608,NO
841.0,991.6372549019608,NO
842.004199048822,991.6430808404899,NO
842.987020188629,991.632238654518,NO
843.9800218068984,991.5924448728896,NO
845.0,991.564705882353,NO
846.0008515873952,991.5656904057948,NO
847.0,991.5666666666667,NO
847.9991484123454,991.565690273514,NO
848.9991445705544,991.5637309600419,NO
849.9965403665929,991.5588967149091,NO
850.996479046198,991.5510783641131,NO
852.0,991.5470588235294,NO
853.0,991.5470588235294,NO
854.0,991.5470588235294,NO
855.0,991.5470588235294,NO
855.9973185647376,991.544155990964,NO
856.9963713551683,991.5373477570364,NO
857.9990830683853,991.5323648521295,NO
859.0,991.5313725490196,NO
860.0,991.5313725490196,NO
861.0,991.5313725490196,NO
861.9990792087457,991.5303964358104,NO
862.9962789802172,991.5255699500747,NO
863.9971687739438,991.5186915552176,NO
865.0009476993964,991.5166732825913,NO
866.0009438587133,991.5186320311132,NO
867.0,991.519607842239,NO
868.0,991.519607842239,NO
868.9952433519361,991.5148219019965,NO
869.995147716005,991.5050670371227,NO
871.0,991.5000000004902,NO
872.0,991.5000000004902,NO
873.0,991.5000000004902,NO
874.0,991.5000000004902,NO
875.0,991.5000000004902,NO
876.0,991.5000000004902,NO
877.0,991.5000000004902,NO
878.0,991.5000000004902,NO
879.0,991.5000000004902,NO
880.0,991.5000000004902,NO
881.0,991.5000000004902,NO
882.0,991.5000000004902,NO
883.0,991.5000000004902,NO
884.0,991.5000000004902,NO
885.0,991.5000000004902,NO
886.0,991.5000000004902,NO
887.0,991.5000000004902,NO
888.0095915505269,991.4891690641142,NO
889.0262387318553,991.4460584398752,NO
890.0157060003104,991.4005030049283,NO
891.0,991.3823529411765,NO
892.0,991.3823529411765,NO
893.0,991.3823529411765,NO
894.0036974886451,991.3771438382943,NO
895.0175364350168,991.3439839046093,NO
896.012348854921,991.2999007821761,NO
897.0,991.2803921568627,NO
898.0,991.2803921568627,NO
898.9972029525196,991.285298840343,NO
899.9745426287129,991.3245814833042,NO
900.9594946026745,991.4050539489922,NO
901.9817518903196,991.4869363815981,NO
903.011177499214,991.5249562984495,NO
904.0288437484608,991.5797053706035,NO
905.0476582895097,991.7237985463945,NO
906.0208724901987,991.9074350423599,NO
906.9799684870557,992.0928733748502,NO
907.9466846458482,992.2746548448672,NO
908.9606746302743,992.4403577122314,NO
910.0076815821824,992.5102991675743,NO
911.0119205824886,992.532346380765,NO
912.0388771156502,992.6112288667869,NO
913.0445315932424,992.7795037578405,NO
914.00810037367,992.9637614869122,NO
914.9685615012969,993.1484595770834,NO
915.9474563334886,993.3267959959365,NO
916.9717533579172,993.463791633776,NO
918.0085880864461,993.5133417910224,NO
919.0118152014464,993.5364805601017,NO
920.044167650548,993.6307294822947,NO
921.0414699437573,993.8128347612989,NO
922.0003152033609,993.9985774007165,NO
922.9637574710968,994.1812126472701,NO
923.950345692942,994.3517180246472,NO
924.9743403511192,994.4735371725195,NO
926.0103155719502,994.5217325635,NO
927.0246017506987,994.5673485098376,NO
928.0480940663621,994.7008783482584,NO
929.0260195693374,994.885603619738,NO
929.9843431653486,995.0719368099925,NO
930.947391854364,995.2555252810246,NO
931.9564546845118,995.4308026880549,NO
933.0067363078001,995.5092118617107,NO
934.011079906476,995.5291039896848,NO
935.0360989305237,995.5997727268023,NO
936.045999198976,995.7606164264647,NO
937.0124888213469,995.9441289582097,NO
937.9724440543976,996.12893148503,NO
938.9467398049723,996.3086670427596,NO
939.9677183538066,996.4564266086792,NO
941.0076508389943,996.5122590456889,NO
942.011864435116,996.5345490853799,NO
943.0448734719226,996.6308795061356,NO
944.0417592898785,996.8210316140238,NO
944.9970679554433,997.0126723958439,NO
945.9558668828647,997.20277378745,NO
946.949274733405,997.3861176893408,NO
947.9883766559379,997.4920549050429,NO
949.0103573575996,997.5197952288039,NO
950.0254816729998,997.5668115606192,NO
951.0483489837763,997.7029158894125,NO
952.0252992657056,997.8942407758905,NO
952.9804271770483,998.0860529268621,NO
953.9468081207731,998.2740187619437,NO
954.9612056540977,998.4396692447893,NO
956.0058094205918,998.50619923636,NO
957.0120729889913,998.5263673564485,NO
958.0362707579685,998.5978676833931,NO
959.0462203949483,998.7594653046308,NO
960.0120991295227,998.9485786981512,NO
960.9688905708041,999.1391737595078,NO
961.947163190908,999.3246599040838,NO
962.9722859636702,999.4629607117045,NO
964.0076815819208,999.510299184248,NO
965.0119113931861,999.5327068841714,NO
966.0476583333019,999.6372276230836,NO
967.0402940752978,999.8356001735922,NO
967.9919169469456,1000.0332448141927,NO
968.9476713284128,1000.2300657069245,NO
969.9537135126195,1000.4215376618439,NO
971.0038896271735,1000.504072506504,NO
972.0094379488379,1000.518664621821,NO
973.0255784085929,1000.5651670555446,NO
974.0504905700278,1000.7106720232006,NO
975.0228608844234,1000.9089136645,NO
975.9747948810758,1001.1062364497009,NO
976.9453259304345,1001.299825562995,NO
977.9687988516544,1001.454645314166,NO
979.0058092867334,1001.50621061432,NO
980.0129643548787,1001.5277270778071,NO
981.0404389074718,1001.6108708938863,NO
982.0451801213858,1001.7886067773491,NO
983.0042080797144,1001.9826925757792,NO
983.9591994139565,1002.1778487088131,NO
984.9479712256514,1002.3685371687365,NO
985.9853016640552,1002.4831485255671,NO
987.0076813466084,1002.5103141854161,NO
988.0127934771704,1002.5339519085398,NO
989.0478732990919,1002.6409502649071,NO
990.0395482335268,1002.8436465223035,NO
990.9899290676125,1003.0417575259073,NO
991.9483630029871,1003.2372510743972,NO
992.9536684715582,1003.421947857232,NO
994.0029232915016,1003.5030404289976,NO
995.0094763399484,1003.516706675238,NO
996.0256948635572,1003.5631873211585,NO
997.0504056219439,1003.7078765059757,NO
998.0230007703906,1003.9118015547796,NO
998.9699807746857,1004.1159833736162,NO
999.9437402377591,1004.3223873918517,NO
1000.9770229874694,1004.4687310416385,NO
1002.0048516308117,1004.5051336618203,NO
1003.0112144510254,1004.5233858465169,NO
1004.0409705618353,1004.6057549745849,NO
1005.0468199334131,1004.7941537449339,NO
1006.0004790963593,1004.9981900803585,NO
1006.9492011306941,1005.2039954558162,NO
1007.9500223867075,1005.411106172763,NO
1009.0009784344282,1005.5009984155674,NO
1010.0067361265379,1005.5092250679568,NO
1011.0119572280618,1005.53090874675,NO
1012.051188309619,1005.6472157055564,NO
1013.037591979016,1005.8579858521858,NO
1013.9834328072815,1006.0635283346874,NO
1014.9441639390624,1006.2686452084168,NO
1015.9642138426924,1006.4451449025719,NO
1017.00195287163,1006.5020177197289,NO
1018.0095143758391,1006.5147668448622,NO
1019.0265825562283,1006.562674090328,NO
1020.0509024730231,1006.7083116802651,NO
1021.0238864309914,1006.9001468881432,NO
1021.9804817884436,1007.0896782719742,NO
1022.9464573989989,1007.2730672713258,NO
1023.9612118399089,1007.439599138932,NO
1025.0048517330738,1007.5051232310835,NO
1026.0103099293897,1007.5219941731254,NO
1027.0340542379902,1007.586484230012,NO
1028.048775871999,1007.7512430471398,NO
1029.0126338292193,1007.9504365165498,NO
1029.9637319951496,1008.1503795372543,NO
1030.946826615262,1008.3476721200947,NO
1031.9799436457733,1008.4752889464714,NO
1033.0067361429517,1008.5092238720953,NO
1034.011963943702,1008.5306452870108,NO
1035.0452644095626,1008.6276637287837,NO
1036.042505370452,1008.8265780894071,NO
1036.9928708356904,1009.027968259752,NO
1037.9478131395401,1009.2294422269791,NO
1038.9537135222663,1009.4215375739892,NO
1040.001952842101,1009.5020252496546,NO
1041.011336650009,1009.518192389878,NO
1042.0573274414419,1009.6560353513482,NO
1043.0308106182474,1009.9107192300957,NO
1043.953555167242,1010.1409932372449,NO
1044.947006744667,1010.4000009527941,NO
1046.010462796136,1010.5149067147456,NO
1047.0559358966054,1010.6434086678804,NO
1048.0353713917657,1010.8913288546131,NO
1048.9591083173877,1011.1198549353084,NO
1049.941285803161,1011.3810813003455,NO
1051.0095396549666,1011.5134776093884,NO
1052.0504986224403,1011.6212603402377,NO
1053.0420077325193,1011.8626670357096,NO
1053.9659124781388,1012.0934657875658,NO
1054.93652361629,1012.3613543878291,NO
1056.0086086675462,1012.5121755287358,NO
1057.0469112318615,1012.6077913436478,NO
1058.0457068989526,1012.8456257006309,NO
1058.9699577264676,1013.079386317796,NO
1059.9347802533593,1013.3501270670582,NO
1061.0077035863078,1013.5088964046707,NO
1062.0412433470078,1013.5875665546274,NO
1063.0511916828932,1013.8148385855075,NO
1063.9816906785682,1014.0496689053613,NO
1064.9365587031007,1014.3052364393471,NO
1065.9807590308062,1014.4867965120737,NO
1067.0300230727569,1014.5625209304934,NO
1068.05694692172,1014.7695005498888,NO
1068.9959653038209,1015.0108872750856,NO
1069.9390103095282,1015.2570639798829,NO
1070.9683861597248,1015.4641277977737,NO
1072.0301690895963,1015.560393256503,NO
1073.056996003574,1015.7617380209583,NO
1073.9992285238075,1016.0021267721627,NO
1074.9398304222354,1016.2435435343874,NO
1075.9657360990211,1016.4571525863499,NO
1077.0206859760247,1016.5413109739941,NO
1078.06118696867,1016.7355478498105,NO
1079.005411660665,1016.985699756948,NO
1079.9411110068286,1017.229262500092,NO
1080.963196998659,1017.4500608004632,NO
1082.0147519811628,1017.5297805822557,NO
1083.0629764118892,1017.7132323962414,NO
1084.0118055247676,1017.9689648567334,NO
1084.9431751587197,1018.210004853002,NO
1085.9593241217879,1018.4396456682582,NO
1087.0139251096648,1018.5265462555177,NO
1088.063798039425,1018.7120619370137,NO
1089.0109437743097,1018.9720933770737,NO
1089.9412454597677,1019.2171363492918,NO
1090.9635416003082,1019.4467252049686,NO
1092.0130861106436,1019.5232916892779,NO
1093.0646044270713,1019.7084224882306,NO
1094.0128051976953,1019.9666803539233,NO
1094.9431839156775,1020.208461895176,NO
1095.9603915589414,1020.4382760097044,NO
1097.0131428040756,1020.521226428564,NO
1098.0637041113052,1020.6991750302017,NO
1099.0144810414936,1020.9632570610752,NO
1099.941072149292,1021.2072634731322,NO
1100.9641057894019,1021.445613501079,NO
1102.012239637868,1021.5198295928436,NO
1103.0629073363316,1021.6885170671998,NO
1104.0194333727625,1021.9481098432782,NO
1104.9455858113242,1022.1850082414973,NO
1105.956794248394,1022.4274433133071,NO
1107.0113816788778,1022.5162786630185,NO
1108.0584017126262,1022.6576451200327,NO
1109.0302079215046,1022.9129602277555,NO
1109.95301751221,1023.1434794597116,NO
1110.9475635590625,1023.4017498833126,NO
1112.0113894980889,1023.5159463465511,NO
1113.0516053829608,1023.6293134656601,NO
1114.0402909983834,1023.863917815716,NO
1114.9667063877746,1024.0927854813172,NO
1115.935268557949,1024.3565477834964,NO
1117.0104732192995,1024.5144234589773,NO
1118.042990903798,1024.601357080934,NO
1119.0479151064894,1024.8279105306312,NO
1119.9785346929684,1025.0594962346424,NO
1120.937247623154,1025.3137618889982,NO
1121.9805935118868,1025.490013804765,NO
1123.0375891308788,1025.5832509402555,NO
1124.052297863749,1025.8024302857364,NO
1124.9853432272073,1026.0393418611118,NO
1125.9362499603862,1026.2939424782187,NO
1126.9757503356143,1026.4879032749577,NO
1128.0445720125413,1026.6080736916426,NO
1129.0462224946082,1026.8362953303283,NO
1129.9762999571901,1027.0664122099522,NO
1130.9373344188211,1027.3208855729592,NO
1131.9797608455135,1027.4961061242657,NO
1133.0487945131174,1027.6229514658553,NO
1134.0422179118584,1027.855495738115,NO
1134.9706853423438,1028.0835222077558,NO
1135.9376727352844,1028.3396336118758,NO
1137.017914010241,1028.510511772303,NO
1138.0510642153329,1028.6332007258834,NO
1139.0392601559572,1028.8699825980357,NO
1139.9659410336703,1029.0975846751062,NO
1140.9382596713847,1029.357111686723,NO
1142.0175428522166,1029.5187569013497,NO
1143.053057335038,1029.6485812765438,NO
1144.0357077864892,1029.884740694461,NO
1144.972479359613,1030.1002537605245,NO
1145.9559512441226,1030.3120120352762,NO
1146.9691440688844,1030.437125694613,NO
1147.9913495800156,1030.4901904426463,NO
1149.0,1030.5000000004902,NO
1150.0009784381805,1030.5009965019126,NO
1151.0057867651465,1030.508124949256,NO
1152.009329602664,1030.5241902765458,NO
1153.0098171517388,1030.5448411374007,NO
1154.0085240511376,1030.565273403322,NO
1155.0073405375872,1030.5840362230203,NO
1156.018590636377,1030.6207510292274,NO
1157.026954242364,1030.6945185926356,NO
1158.0221514057648,1030.7907922745349,NO
1159.0113000776335,1030.8912634048875,NO
1160.0010412524384,1030.98958747624,NO
1160.99087287457,1031.0878270552307,NO
1161.9818124106978,1031.1855134094942,NO
1162.9767326094366,1031.275962068653,NO
1163.971272046429,1031.3573477303964,NO
1164.9703115189698,1031.4326035899576,NO
1165.9871087631293,1031.4865248158019,NO
1167.0057867650437,1031.5081249580085,NO
1168.009329602664,1031.5241902765458,NO
1169.0098167202214,1031.5448611441204,NO
1170.0093527090128,1031.566374391503,NO
1171.0080959643617,1031.5871058283253,NO
1172.019063470103,1031.6260627159907,NO
1173.0287580922356,1031.7066674613918,NO
1174.0205645266112,1031.805779466851,NO
1175.009735214627,1031.9063215204742,NO
1175.9996519423491,1032.003550188012,NO
1176.9911585821376,1032.095938785784,NO
1177.9837618867855,1032.1840319460946,NO
1178.9767671258662,1032.269290140061,NO
1179.9717396017904,1032.3515317976044,NO
1180.9715865093717,1032.4262023785175,NO
1181.983450720482,1032.4818204700039,NO
1183.0057866321245,1032.5081362561418,NO
1184.0102393888735,1032.5252646880385,NO
1185.0089076382387,1032.545710461676,NO
1186.0085233338082,1032.5653099871229,NO
1187.0089235010394,1032.5862740343127,NO
1188.0197381237356,1032.6271687698636,NO
1189.0272444159998,1032.704369114653,NO
1190.019597043075,1032.7960307881835,NO
1191.0108632888946,1032.8913671175621,NO
1192.0009293743608,1032.9913821651708,NO
1192.9916439817212,1033.0887826934645,NO
1193.9863332110356,1033.1742515589722,NO
1194.9808295266007,1033.2506907915822,NO
1195.9737135335429,1033.3269780113417,NO
1196.965726420922,1033.4065005810075,NO
1197.9804103438707,1033.475748823133,NO
1199.0048517332998,1033.505123208033,NO
1200.0103234084017,1033.5213692371005,NO
1201.0098589518695,1033.542903131303,NO
1202.0093940899333,1033.564455821517,NO
1203.0097085466218,1033.5873867816424,NO
1204.0196378924018,1033.629062028414,NO
1205.0266425015618,1033.7046157435539,NO
1206.0178852527104,1033.7878725883372,NO
1207.00844625558,1033.856413655674,NO
1208.0050067220782,1033.91488572499,NO
1209.0015495349173,1033.9767569751991,NO
1209.9979860924425,1034.036681887186,NO
1210.9952174345522,1034.090337348322,NO
1211.9911079738758,1034.146288166576,NO
1212.9874703041953,1034.206133697928,NO
1213.9844037854766,1034.2651356459066,NO
1214.9917304609348,1034.3108734095106,NO
1215.9986770468674,1034.33007681211,NO
1216.9937982874399,1034.349849561485,NO
1218.1028695317948,1034.5839157778141,NO
1219.0381317494764,1034.9039977127932,NO
1219.980261762684,1035.1051958367195,NO
1221.0014833987746,1035.1757827549402,NO
1222.0043024509348,1035.14484918048,NO
1223.0034797270803,1035.096997392586,NO
1224.001957641738,1035.0427338857296,NO
1224.998247366811,1034.9759411280227,NO
1225.989081647848,1034.8941494508408,NO
1226.975875005669,1034.8040884036936,NO
1229.0215232121761,1034.0491170732435,NO
1229.9147291344166,1033.749748551111,NO
1231.9029104593528,1032.7585208868782,NO
1233.9067860758103,1031.744476514601,NO
1235.9824508145082,1030.8831800527048,NO
1236.924248961397,1030.7104857518075,NO
1239.0020290771024,1030.0128317691701,NO
1239.988475410752,1029.8999068063913,NO
1240.9972338654875,1029.8357607586536,NO
1242.010488629528,1029.8645098932486,NO
1243.006483686339,1029.9553071094836,NO
1245.0820890049624,1030.6510164904862,NO
1246.0096972616818,1030.7871220187246,NO
1247.002949075402,1030.807467505126,NO
1248.0002072528594,1030.8111926398692,NO
1248.9976022776373,1030.8018609525404,NO
1249.99395813141,1030.780317658298,NO
1250.9886763051811,1030.7478406514454,NO
1253.0229312843842,1030.050992750598,NO
1253.906021168677,1029.7560412526152,NO
1255.9655030758731,1028.8173692258624,NO
1257.9851148845837,1027.9697604182334,NO
1259.9930802093866,1026.9846226868556,NO
1260.991837274258,1026.7306300540292,NO
1261.9951410548438,1026.715751696716,NO
1263.9975208971412,1025.9965764770523,NO
1265.0610358200877,1025.0737099210337,NO
1265.7784952796408,1024.7033418876472,NO
1267.9944920544183,1023.8992981209046,NO
1268.9988982547857,1023.8661379553298,NO
1269.9968079549155,1023.8455050141152,NO
1270.9928756870768,1023.8138051216507,NO
1271.9878845294618,1023.7735338943949,NO
1272.9866660782473,1023.728321338337,NO
1273.9831518970389,1023.6818300526043,NO
1275.1184912486626,1023.3443028495831,NO
1276.029463987854,1023.0852117251551,NO
1276.992635808853,1022.9021910966445,NO
1277.9884589989128,1022.8370682170834,NO
1278.9840329158696,1022.7753037754188,NO
1281.0125654050742,1022.0275316432092,NO
1281.9745740809688,1021.7830779716802,NO
1284.015042640854,1021.0348878135177,NO
1284.9268115011741,1020.7429019439033,NO
1286.0474705978065,1020.0685043203761,NO
1286.7263042619488,1019.6616125396877,NO
1287.7264607109937,1018.735059195119,NO
1288.7160603515356,1017.654305177053,NO
1290.9911225081937,1016.8581215446621,NO
1291.9988106624376,1016.8243744874696,NO
1293.001795109099,1016.8234809475873,NO
1293.9973334567171,1016.8184699368244,NO
1294.987626303292,1016.7843094730433,NO
1296.1708738982536,1016.1951439004818,NO
1296.7283641104495,1015.8463597875694,NO
1297.9951859626638,1013.9957283891412,NO
1298.973875096904,1012.9772876395413,NO
1299.9587937870012,1011.960357817727,NO
1300.9953062486502,1010.991689589753,NO
1302.997687222508,1009.9947490510663,NO
1303.986283540722,1009.7448738599054,NO
1305.143134649388,1009.41428027847,NO
1306.0452224496976,1009.1269945518412,NO
1306.9944392395944,1008.9428877206088,NO
1307.9542954725025,1008.8097952952323,NO
1309.102502730111,1008.236396931157,NO
1310.9140278854518,1007.7643077539688,NO
1312.9300959352959,1006.8183478866054,NO
1313.9973402685227,1005.9974033807869,NO
1314.9695620705163,1004.9755964138689,NO
1315.794204469398,1003.8804870205926,NO
1316.7977008768423,1002.7037941262802,NO
1318.9789823137385,1001.8798807427468,NO
1319.9136676106903,1001.6884839517918,NO
1322.000014531272,1001.000179351721,NO
1322.9961593762828,1000.932198221133,NO
1323.988861162702,1000.8626210073427,NO
1325.9676326457839,999.9647436595646,NO
1326.9658109140712,998.9680166629006,NO
1327.9543374746852,997.9582966544591,NO
1328.7570246842472,996.8615963326934,NO
1330.0141767202938,995.0123992112137,NO
1330.863906196656,993.9247302434648,NO
1331.7203636803347,992.6986677625724,NO
1333.982445911943,991.8156820816083,NO
1334.9907649311517,991.7527640063389,NO
1335.9924243803798,991.7160657803188,NO
1337.1294413994276,991.46982434727,NO
1338.0592750176481,991.1926438088582,NO
1339.0028255456468,991.0225016185456,NO
1339.9885154645092,990.9124666049147,NO
1340.9777411219152,990.8083263280029,NO
1341.909703893461,990.6276953695566,NO
1344.0003586718985,990.0071082250423,NO
1344.9986096239218,989.961764657135,NO
1345.995555028725,989.9129773408793,NO
1346.9865777247535,989.8453823604051,NO
1348.943481817942,988.9498078588717,NO
1349.675452894823,987.003445298524,NO
1349.6793392043242,986.0033682857215,NO
1349.7147252592051,984.9814211826684,NO
1349.8175114949124,983.9734240047271,NO
1350.8763444255248,981.9194312110019,NO
1351.8192218652807,980.7876448884278,NO
1352.8780416574334,979.869765033369,NO
1353.816931360086,978.8668868613919,NO
1354.4498976499099,977.6886733108669,NO
1354.8844097685349,976.9487968981514,NO
1355.1482159892353,976.0809225253457,NO
1356.0345842920492,975.031125861735,NO
1357.0086367759013,974.0079170446927,NO
1357.982128466484,972.9844814581277,NO
1358.745206991257,971.8844500947355,NO
1360.02974443171,970.0345257772756,NO
1360.6557126236316,969.4859798743902,NO
1362.925888450211,968.7572621592363,NO
1365.0009982637575,968.0078567053762,NO
1365.990248843738,967.906516087921,NO
1366.983719907251,967.821316046782,NO
1368.975795644233,966.9716463254665,NO
1369.9608457505049,965.9667218850569,NO
1370.8538666536924,963.9701254489732,NO
1371.1088784169463,963.0628825171324,NO
1373.0620950411067,961.069737509417,NO
1373.6627141267902,960.6015397175407,NO
1374.776190676963,959.7365414601061,NO
1375.946803372675,958.9138956929044,NO
1377.9397591928723,957.8417938216215,NO
1378.2821362171273,957.6218917976684,NO
1379.9094449530924,956.8462772785996,NO
1380.3181515318602,956.2143282366294,NO
1380.7759893193252,955.0031212636576,NO
1380.7592139518747,954.0069383389374,NO
1380.7527056738625,952.9941750798667,NO
1380.805292088045,951.9797985167453,NO
1381.043054918209,951.0198993325631,NO
1382.0304623075308,949.0154308469689,NO
1382.7639236691386,947.8885022062505,NO
1383.867274365155,945.9325610278221,NO
1384.150434513855,945.0798859155144,NO
1385.0130913035662,944.009753577111,NO
1385.742830027471,942.8933018218502,NO
1386.0503809440781,942.0244743037913,NO
1386.8180243901525,939.9869299288824,NO
1386.8718826794757,938.9945785546175,NO
1386.925623543491,937.9946813657257,NO
1387.873478366575,935.9283100856777,NO
1388.7181115063884,934.7526284752824,NO
1389.6521490581938,933.6792191866384,NO
1390.6680958518266,932.6256939857172,NO
1391.777273266459,931.7021365341336,NO
1392.9552665122203,930.9163471948717,NO
1394.0159083535023,930.0154791237609,NO
1394.7539593842148,928.9305711108271,NO
1394.9322454107182,927.9943153743013,NO
1395.026183813347,927.0036958015016,NO
1396.0193945349374,925.015140611051,NO
1396.9861132862488,923.9858462341296,NO
1397.9808282701435,922.9808282701437,NO
1398.770217039471,921.9067408055467,NO
1399.7711434074542,919.8960310451237,NO
1401.0264153089342,918.0262359171977,NO
1402.030974841464,917.0308687640432,NO
1403.0251428194026,916.0222964613176,NO
1403.9847834970087,914.9873633064916,NO
1404.7976315572282,913.8899498459051,NO
1405.869951497554,911.9483183875996,NO
1406.7070840440358,909.9212900728442,NO
1406.8393847558266,908.9887193304802,NO
1406.850887887347,908.0036942189471,NO
1406.8115186856996,907.0229653405016,NO
1406.0864050162477,904.9656389349997,NO
1405.8990037451229,903.9990921684824,NO
1406.9828931911613,901.9834951912882,NO
1408.974506863066,900.8172003725011,NO
1411.0421641004768,900.1166211122458,NO
1411.9894349532735,899.9110689786199,NO
1413.9454752488145,898.9508273710666,NO
1414.6756288091938,897.0054485638211,NO
1414.6673049588835,896.013601897176,NO
1414.349522316566,894.8826132623317,NO
1414.0955388394914,893.9678441587126,NO
1413.925032466264,893.0011643702434,NO
1414.0872512124004,892.029013401715,NO
1414.73645796044,889.9725777736878,NO
1414.8467065200455,888.977005976621,NO
1415.6880344000615,886.895747205297,NO
1415.8968610033603,885.9819387928269,NO
1416.6629131578554,883.9132001351394,NO
1416.836934569063,882.9826913780064,NO
1416.9391525481292,881.9905668450435,NO
1417.8549009117005,879.9391646966287,NO
1418.1350291269955,879.0741223724261,NO
1419.0277374881823,878.0232418108437,NO
1419.8812020016264,876.9331337006121,NO
1420.5114412451746,875.6959688160198,NO
1420.9343720182162,874.9751677899417,NO
1421.6963351123702,872.9374473058018,NO
1421.8305059506843,871.9884435873165,NO
1421.8973241905624,870.9903406036119,NO
1421.997682043061,869.9996370153918,NO
1422.8400770080784,867.9448168337082,NO
1423.8205900081782,865.922602479591,NO
1425.0210140766249,864.018168075863,NO
1426.002373497456,863.0023734974558,NO
1427.011384167951,862.012339483255,NO
1428.011074254576,861.0106260554628,NO
1428.6599259617356,859.8853238655943,NO
1428.810721043125,859.0082091241179,NO
1428.6690919559287,858.1371372741352,NO
1427.9957427161942,857.0038406689259,NO
1427.025485460533,855.9778752587636,NO
1425.9170051689193,854.0081246487813,NO
1426.5260015597687,851.5957072040065,NO
1427.7779916340403,850.6938388303914,NO
1428.9697785741466,849.9442066010429,NO
1429.6034820823418,849.4244095012449,NO
1430.7071159553107,848.6588604514574,NO
1431.6896377455328,847.716840808369,NO
1432.6319538246446,846.683209771696,NO
1433.50878583027,845.6008297911466,NO
1434.0315583511322,845.0262834677261,NO
1434.843683228506,843.924457356637,NO
1435.7209027912647,841.9157235894838,NO
1435.8891059606124,840.9877661374828,NO
1436.093487328498,840.0357936388059,NO
1436.3710419173087,839.1302594014891,NO
1436.3491979208693,837.8763650628957,NO
1436.0519925578149,836.9770045883208,NO
1435.7556018810917,836.1133950933983,NO
1434.9853422163992,835.0147967205326,NO
1433.9829775468093,834.016865564274,NO
1432.8056130381353,832.0115126674419,NO
1433.1032412981172,830.063017418449,NO
1434.885363858793,828.7999599393997,NO
1435.9651613869091,827.9639581687708,NO
1436.9557887435897,826.9581966213398,NO
1437.7128314431518,825.8677986114266,NO
1438.6911509286542,823.8949358092716,NO
1438.8802339081328,822.9917677409376,NO
1438.9311654756248,821.9983173783249,NO
1438.949825227756,820.9992728294027,NO
1438.9585822234253,819.9988300062739,NO
1438.992554863733,818.9993311697979,NO
1439.8213606702861,816.9299733830267,NO
1440.892583107031,814.9414655792465,NO
1441.648272118706,813.7432980344462,NO
1442.0813447599762,813.0605125694751,NO
1442.6044968186386,812.3068356400865,NO
1442.845639969324,811.9407526966621,NO
1443.6719964115055,809.8158385178018,NO
1444.0645890772912,809.048294565932,NO
1445.0040781140888,808.0037173330329,NO
1445.98464364316,806.9857491078102,NO
1446.7982751907764,805.9014430224294,NO
1447.6920922284849,803.9104779252821,NO
1447.900389093157,802.983182573622,NO
1448.7343439651943,800.9212746949878,NO
1448.9235272243088,799.9885202533326,NO
1449.764734276236,797.920376221716,NO
1450.7680301899702,795.8927179123515,NO
1451.8054451270532,793.9148312263725,NO
1452.8069619063451,791.9279394602348,NO
1453.7796467919845,789.9188172380472,NO
1454.706003670338,787.889990945785,NO
1455.1638329506638,786.0826246861305,NO
1456.0092125569624,785.0063799232687,NO
1456.8369012614114,782.9763708533197,NO
1457.7549352226847,780.902307510914,NO
1458.8291571569473,778.917813328297,NO
1459.8025889654741,776.9263473367159,NO
1460.9652325805127,774.9742207485822,NO
1461.6891397375962,772.996136200022,NO
1461.035500296369,770.98388731864,NO
1460.801275249275,770.020620242158,NO
1460.7481789360345,769.0148778310648,NO
1460.7266740366929,768.0067379387268,NO
1460.7299810170507,766.9965529490447,NO
1460.772257286975,765.9836454854059,NO
1460.8504118649525,764.9831242292141,NO
1460.9498378249816,763.9923996705205,NO
1461.8056774574575,761.9328518930541,NO
1462.0737886385384,761.0327640108333,NO
1462.3710295307326,760.1350567549974,NO
1462.3180030972292,758.8650262811367,NO
1462.0486890259217,757.9782379192692,NO
1461.833806840738,757.0093655810458,NO
1461.8682356713994,755.9851636597409,NO
1462.8899489495495,753.9411286076718,NO
1463.556085450382,752.7179214148482,NO
1463.9543546786722,751.9808157337445,NO
1464.225653783155,751.1002222510203,NO
1464.8408104146956,749.9599190125315,NO
1464.9854003173518,748.9985160978152,NO
1465.0604577224199,748.004608884454,NO
1465.1311236437596,747.0121439247421,NO
1465.7182040435707,744.9377153529529,NO
1465.8556559385413,743.9845345651528,NO
1465.9353171949747,742.9936876710279,NO
1466.0182020857671,742.0020614410416,NO
1466.6447840296435,739.930201616422,NO
1466.786585671117,738.9877292779337,NO
1466.8283023374781,737.992159924343,NO
1466.8634575259346,736.9928636335555,NO
1466.918493982127,735.990833063755,NO
1467.8782983670667,733.9371629561081,NO
1468.6588339789214,732.699225728233,NO
1469.6322677509756,731.6694280590433,NO
1470.5397899938953,730.6117570136263,NO
1471.0531107092154,730.0448359069222,NO
1471.8555014222713,728.9363397878291,NO
1472.6321114476148,726.9248914135113,NO
1472.7698398560253,725.9968326586006,NO
1472.7727209938619,725.0002615408731,NO
1472.764343645152,724.0035253539719,NO
1472.7451777452607,723.0078811008187,NO
1472.7244831685646,722.0050208080995,NO
1472.7167487684728,721.0,NO
1472.7157820339555,719.9996766576198,NO
1472.7075022492752,719.0039976913309,NO
1472.6836258973012,718.0143480327353,NO
1472.6481201080696,717.0158148260729,NO
1472.6335936123253,715.9942492274023,NO
1472.7126304732371,714.9630901523278,NO
1473.9704090951764,712.9714029897318,NO
1474.7738186505214,711.8841823120651,NO
1475.0478195780845,711.0226316893172,NO
1475.2624008005077,709.9786086308198,NO
1474.9450388697883,709.0542609895984,NO
1473.8805585859757,708.2312729809051,NO
1471.7934762598468,706.0437935634309,NO
1471.6859457776052,705.0119088821141,NO
1471.7237733921254,703.9729778329172,NO
1472.512294007955,701.537850654526,NO
1473.5760679848509,700.5362621386236,NO
1474.6271839842818,699.5977739002876,NO
1475.5735555897904,698.6087071817574,NO
1476.0564967411228,698.0481967211017,NO
1476.5172925829272,697.2431717312394,NO
1476.7069008164297,696.9037019878056,NO
1476.706328961371,696.0708861152563,NO
1476.1321230400754,694.9220611506514,NO
1475.6861912930272,693.0377957456192,NO
1475.7163220059626,691.9557740322243,NO
1477.0058792709176,690.0060665088065,NO
1477.9932875318484,688.9939698152441,NO
1478.77980682719,687.8891181304523,NO
1479.9731698131673,685.9792711393956,NO
1480.757249560917,683.9772065325991,NO
1480.8373090228558,682.9817468662229,NO
1481.0612235385493,682.0260781794742,NO
1481.7940312254595,679.9804414173616,NO
1481.8632551793198,678.9898098804047,NO
1482.0670978437297,678.0239103287039,NO
1482.3278450981632,677.1087366561752,NO
1482.638144413966,676.0015732850732,NO
1482.6400048411278,675.0003900272379,NO
1482.6492125782954,673.9931516556918,NO
1482.6810404925948,672.9821829848989,NO
1482.7522722430954,671.9719186260136,NO
1483.545893837179,669.5901499266467,NO
1484.742010155781,668.6608732848085,NO
1485.9559491350703,667.915508996402,NO
1487.0104882155777,667.0090231951565,NO
1487.7915625968112,664.9902433555326,NO
1488.1287383023086,663.0652642967794,NO
1488.9973684526385,661.9977892048596,NO
1489.7707912082844,660.8876302258586,NO
1490.0588975593269,660.0274047770863,NO
1490.3771883616798,659.1363641401874,NO
1490.6976075303514,658.0093248778988,NO
1490.684851326469,657.0051663716588,NO
1490.7051620262068,655.986144225485,NO
1490.7879718966174,654.9733490830442,NO
1490.9192940752505,653.9829331555748,NO
1491.9676486904907,651.9785348830999,NO
1492.2194392819797,651.0032589991686,NO
1491.9962995496553,650.0016206352304,NO
1491.0414235806982,647.9798708939845,NO
1490.7973146657653,647.0203632467923,NO
1490.7789939852057,645.9864585906511,NO
1491.8082590847764,643.8964158214357,NO
1492.9882807462395,641.9919713402927,NO
1493.72211085724,639.9827266294843,NO
1493.7819430502682,638.9815863018922,NO
1494.1304124165931,637.0755218490771,NO
1495.544117553972,635.4920166843992,NO
1496.9010734088245,634.8165029201396,NO
1497.9931695224734,633.9921335060601,NO
1498.988458858148,632.9888520828209,NO
1499.945779943469,631.9579187631945,NO
1500.6424343617975,629.9987933667984,NO
1500.6693656639738,628.9941089650391,NO
1500.6953768147187,627.9979826279215,NO
1500.4150906874575,626.8638502509727,NO
1500.126333208068,625.9540460971898,NO
1499.9402618148522,625.0054177828362,NO
1499.8747118519123,624.0097926372085,NO
1499.8204889094027,623.0097252061074,NO
1499.7962817089422,622.0002281279869,NO
1499.8124308209042,620.9941121782754,NO
1499.8423253669173,619.9944893871573,NO
1499.8719915746594,618.9956360766257,NO
1499.8931541771549,617.9979193826721,NO
1499.9056520508057,616.9983676825241,NO
1499.9247819187801,615.9967219447342,NO
1500.10085649939,615.0354360676977,NO
1500.3660565617388,614.1257732780576,NO
1500.6992554863164,612.9851768863402,NO
1500.7531898469203,611.9810988891355,NO
1500.8251919320846,610.9829552215393,NO
1500.926932032545,609.9882034846288,NO
1501.8408078155687,607.9411265217573,NO
1502.7686365613788,605.9198184866782,NO
1503.8038368949954,603.8915266447157,NO
1504.9010756265359,602.8095500358182,NO
1506.015681604684,602.0210347636568,NO
1507.0539958941438,601.0524222415722,NO
1507.76174959593,599.9483737367742,NO
1507.8597830183328,599.0064410627621,NO
1507.8026647086338,598.0190230297243,NO
1506.9977556784409,596.0011067503542,NO
1506.7194994024926,595.0301472619334,NO
1506.649557238198,594.0124156864748,NO
1506.6557763169806,592.9814253579651,NO
1506.7384432611143,591.9648562298177,NO
1507.009379913182,591.0046839052131,NO
1507.8118064258392,588.9819790396455,NO
1508.0370440593726,588.0147987716834,NO
1508.67608318126,585.9951984964144,NO
1508.6835195963806,584.999277442021,NO
1508.6953250622767,583.9930280335657,NO
1508.738332734147,582.9827969626664,NO
1508.8138071992432,581.9819251434765,NO
1508.9023440252772,580.9872518059445,NO
1510.0192121940172,579.0170604284342,NO
1510.9984944451248,577.9986763851964,NO
1511.96649946473,576.9709023914218,NO
1512.722279936492,575.8609463003985,NO
1513.7413180748931,573.8952265912804,NO
1514.0499489655253,573.0237144503456,NO
1514.7867363723162,570.9887755981242,NO
1515.013758170678,570.005438523644,NO
1515.6776044753735,567.9787897676099,NO
1515.73631072717,566.9797613348946,NO
1515.8007673101704,565.9837729038455,NO
1515.865961081596,564.9885824490855,NO
1516.0721922077498,564.0277798448861,NO
1516.6911335811883,561.9963428087424,NO
1516.7006873741277,561.0006423017624,NO
1516.7022727272727,560.0,NO
1516.7071070262643,558.9940097239984,NO
1516.7215268397488,557.9899786099301,NO
1516.738043611119,556.9918863066514,NO
1516.7476733164006,555.9951964687899,NO
1516.744820495974,555.0014384414368,NO
1516.7329650799816,554.0039137023583,NO
1516.7173608654623,553.0054047977819,NO
1516.6971524033008,552.0091566462311,NO
1516.6730504242917,551.0105467610177,NO
1516.6472467511817,550.0120832604756,NO
1516.6229087557701,549.0124043172444,NO
1516.6072256413013,548.006410898441,NO
1516.6099323888388,546.9961965235727,NO
1516.6302423547284,545.9883572510992,NO
1516.6650604539486,544.9812492682026,NO
1516.7269002516182,543.9733934176327,NO
1516.8203917607239,542.973859832311,NO
1517.7584314461305,540.8921384349262,NO
1518.9699368893528,538.9756675270143,NO
1519.2717872407977,538.0134770532794,NO
1518.980010117615,537.0164940367102,NO
1517.7985390505983,535.0381406643178,NO
1517.723722802377,533.9894109784524,NO
1518.9755033064578,531.9742245237511,NO
1519.9553979207194,530.9601284434151,NO
1520.254773202488,530.0198613516841,NO
1520.0372725354514,528.9831831039643,NO
1519.7578338207265,528.1039849055098,NO
1518.7956876719238,526.0208983725746,NO
1518.7632560540214,524.9869421799738,NO
1519.985262203157,522.9842544906732,NO
1521.0162258807256,522.0187862948478,NO
1522.04552249774,521.0499888578184,NO
1523.0498235156756,520.0476414667133,NO
1524.0075785897463,519.0060089142711,NO
1524.7701961681862,516.9885953433939,NO
1523.9975188018034,515.002579198801,NO
1522.978898868213,514.0250767069163,NO
1521.6639243960074,512.0330247704654,NO
1521.6518703181464,510.9766329346422,NO
1521.7638458081701,509.96101227904506,NO
1522.0273348465878,509.01354429273186,NO
1522.7730136699163,506.98959757163465,NO
1522.793765333949,505.9973152884346,NO
1522.7874674974103,505.00627309622826,NO
1522.7496842432097,504.0198385443693,NO
1522.0215973608035,501.99031472371934,NO
1521.7781857297325,501.0248183806227,NO
1521.7050448431785,500.0258500026765,NO
1521.653986339098,499.01789069584083,NO
1521.6272547068572,498.00528428431227,NO
1521.6359160682698,496.9860427845072,NO
1521.6755080294624,495.9783672029334,NO
1521.7230355483243,494.9808665557638,NO
1521.7771231056015,493.98058563720116,NO
1521.8661878616367,492.97711328081937,NO
1523.0196667715088,491.01706620684786,NO
1523.7948235920503,489.91662860765217,NO
1524.0802568983447,489.0342443565288,NO
1524.3966692734446,488.1422653531431,NO
1524.7332473767483,486.9954479072529,NO
1524.747316612196,485.99509072281523,NO
1524.7598621964328,484.9953022524929,NO
1524.772550773974,483.9965816878515,NO
1524.7719287197642,483.00316765674074,NO
1524.7531261459671,482.0076881128817,NO
1524.7306908154114,481.00983777820784,NO
1524.7076322368077,480.01087726744106,NO
1524.6779646715054,479.01543759075037,NO
1524.0596782029575,476.97882862146383,NO
1523.8657937512412,476.00324954586034,NO
1523.8513373620763,475.00231450815176,NO
1523.84181624814,474.0007568600723,NO
1523.8316000461962,473.00241722427654,NO
1523.8103588584086,472.00543125010455,NO
1523.7859378320552,471.00584036727906,NO
1523.7700149327861,470.0040633405555,NO
1523.7594223214423,469.0056209737562,NO
1523.7488899335146,468.0046501865897,NO
1523.7401142658841,467.0035846307737,NO
1523.7364231600393,466.0003019207766,NO
1523.7446464638715,464.9973735064187,NO
1523.7469165010773,464.0031743653063,NO
1523.7371709799943,463.00447495496934,NO
1523.7238583264602,462.00653773997965,NO
1523.0706863267121,459.97120186529435,NO
1522.8522911202815,459.016333193473,NO
1522.6586600840146,458.1110048489006,NO
1521.750159033059,456.1097035410473,NO
1520.994433255831,455.00465613471795,NO
1519.7718981112748,453.111582309367,NO
1519.0349638377772,451.9817112234613,NO
1518.05852358676,449.97464469237275,NO
1517.8471787239712,449.0034281040046,NO
1517.8904861510457,447.9874198117799,NO
1518.1024721607034,447.04615368002635,NO
1518.4324295323331,446.1712912143422,NO
1518.4457725529467,444.8315669757861,NO
1518.0880967640517,443.9571617382793,NO
1517.7994176124835,443.08753740168964,NO
1516.832330054794,441.02126545636685,NO
1516.765509458386,440.01147855806676,NO
1516.7395955662491,439.00420977122224,NO
1516.7329215833156,437.9987663813518,NO
1516.733074528989,436.9990721014613,NO
1516.7282460925019,436.00440342009745,NO
1516.0695741394022,433.97015635486514,NO
1515.8488472644055,433.0178584835815,NO
1515.7729573730908,432.02140914191347,NO
1515.7123334773146,431.01996320524347,NO
1515.673540071138,430.011332875222,NO
1515.6605839416059,429.0,NO
1515.6798398383678,427.9863914017646,NO
1515.7161931546825,426.98523177059315,NO
1515.7494936849075,425.9902549029524,NO
1515.7833696994774,424.99049428233553,NO
1515.8174063706876,423.9918942078091,NO
1515.8465689202817,422.99285088171735,NO
1516.0550842035411,422.02224154602146,NO
1516.793222301508,419.97152163555,NO
1517.0385840105766,419.0186531977583,NO
1518.0124105850257,417.0058668221609,NO
1518.715787361127,414.99602499813733,NO
1518.7196703585512,414.0058537512935,NO
1518.0526806290256,411.97687525529426,NO
1517.820267519858,411.02419475652647,NO
1517.0329537900295,408.9843859854678,NO
1516.7113474828639,408.1048574420866,NO
1515.8398128671633,406.018599928071,NO
1515.0687539087517,403.9687976986048,NO
1514.7675974416616,403.090250212158,NO
1513.8178097040918,401.0302169274484,NO
1513.7108601579591,400.0295177558831,NO
1513.6477698470883,399.0195905534968,NO
1513.6174977425317,398.0064539184982,NO
1513.6243323468927,396.9859920535845,NO
1513.686644669444,395.9663874915177,NO
1513.80703424413,394.96207061395364,NO
1514.994718819483,392.99542747631904,NO
1515.7373297192648,391.8913482883674,NO
1516.0314089277833,391.0137286752159,NO
1516.2868852459017,390.0,NO
1516.0331369591527,388.9854060022947,NO
1515.0240140248154,386.9869397409756,NO
1514.672264813722,386.137070141131,NO
1513.848830669285,384.00346467699376,NO
1513.8616877252555,383.00048873595637,NO
1513.869594496216,382.0003046857443,NO
1513.8548931123048,381.0043869522778,NO
1513.8068131218888,380.0138309305775,NO
1513.062805364878,377.9722869277212,NO
1512.758860939325,377.0994567755931,NO
1511.6828319068288,375.15144062219605,NO
1510.949588780508,374.0430871779322,NO
1509.8066182804941,372.02458642937586,NO
1509.0685558257255,369.9699130823028,NO
1508.791173372231,369.0766651202287,NO
1507.8633861812625,367.02841439087166,NO
1507.0254245046995,364.98885961061916,NO
1506.7972786401488,364.00185557315916,NO
1506.8501846266493,362.98182451806156,NO
1507.7996306518137,360.9178814161589,NO
1508.7659141329345,358.9199654969003,NO
1508.9572524105808,357.994244570899,NO
1509.1376413917917,357.0453309965984,NO
1509.3706365537214,355.9990937981776,NO
1509.1521970771128,354.95340906102774,NO
1508.9976035370937,354.00017575920384,NO
1508.9374216038293,353.00350439018183,NO
1508.8912939288798,352.0049188269768,NO
1508.851547767381,351.00681583554547,NO
1508.8081243424515,350.01146159887344,NO
1508.0424259447595,347.97969539136255,NO
1507.7307678929758,347.1367344718395,NO
1506.8572418082229,346.2568136856495,NO
1505.0264128614933,344.97547377223776,NO
1503.8026477499254,343.11034439496666,NO
1502.980927379409,342.0174041258159,NO
1502.0009333717333,340.9991579043705,NO
1501.00716583014,339.9932478171137,NO
1499.7387879484613,338.13100300290347,NO
1498.968130428959,337.032599805964,NO
1497.9631523104113,336.0368476895887,NO
1496.7655759008087,334.0058675878183,NO
1496.77535032358,332.9908853351064,NO
1497.0085313018271,332.0035029881538,NO
1497.2451636143028,331.09819052951906,NO
1497.229020814749,329.90739209473765,NO
1496.984231301077,329.0068370549215,NO
1496.7214917474114,328.0202797268676,NO
1495.9903903786687,326.00466824001404,NO
1494.9617852389315,324.0308410082578,NO
1493.711355379639,322.13254979528125,NO
1492.966097771887,321.03176930729296,NO
1491.9644253981958,320.03747022863615,NO
1490.9454856611044,319.0581938138899,NO
1489.932488399288,318.07219990263457,NO
1491.812233432529,315.2050988818161,NO
1488.9279491575367,317.0685588751075,NO
1487.7115495932956,315.0254003372178,NO
1487.6688286258504,314.01889103200733,NO
1487.654716751497,313.00158386809915,NO
1487.692636524845,311.9809660231802,NO
1487.7707632500667,310.9757848503108,NO
1488.0218039290353,310.0098960473607,NO
1488.743844927827,307.9780960035344,NO
1488.7655875275855,306.98990844173414,NO
1488.7544560280946,306.0091620885176,NO
1488.0117381607454,303.99386954371255,NO
1487.6594723960825,303.15359108960894,NO
1486.7529416203804,301.02335090811397,NO
1486.0546938259492,298.9769564084911,NO
1485.828641360186,298.01352831360214,NO
1485.783198629459,297.01177995848303,NO
1485.749607048752,296.009400418,NO
1485.021226207623,293.9899917882932,NO
1484.6850501415047,293.13693472286496,NO
1483.970500180027,292.02785840761635,NO
1482.9860503810125,291.0126479433803,NO
1481.725113886143,289.104942278634,NO
1480.8122424382193,287.0275317582923,NO
1480.02763595527,284.9876563972036,NO
1479.7896133220952,284.01663522610437,NO
1479.7360257930568,283.0173195742267,NO
1479.0330830889745,280.98551586151143,NO
1478.7930504842327,280.0225102983423,NO
1477.976896591128,278.0179618009287,NO
1477.0180753008244,276.9833877926852,NO
1476.0262558039938,275.9737441960062,NO
1475.0236399448931,274.97577220549505,NO
1473.7528739970803,273.1264035275666,NO
1472.9805753813168,272.0168846983841,NO
1472.0008444655814,270.9991140712807,NO
1470.9123457084806,270.19182316789994,NO
1469.107518755213,269.7652858566445,NO
1468.0189422812718,268.9753437252578,NO
1466.7665637405412,267.0156785542454,NO
1466.746310623166,266.0117644303626,NO
1466.4115766447387,264.85330529314655,NO
1466.1107787491503,263.95737009341053,NO
1465.9123788451716,263.0116828202047,NO
1465.8152407400803,262.02372056276226,NO
1465.6412807800948,261.10155946292275,NO
1464.8835185839607,259.0396532490277,NO
1464.442212585394,258.34412300656624,NO
1463.7595117263793,257.21042723465644,NO
1462.8043962257063,256.19963683819833,NO
1461.9101028021366,255.05127848714142,NO
1460.8843795572095,253.01647892719282,NO
1460.7946994583622,252.00826713586378,NO
1460.7615691362955,250.9967633820753,NO
1460.7464420980573,249.99795753134148,NO
1460.1440209441148,248.84964846261678,NO
1458.9805803785252,248.2293614681176,NO
1457.9827485770293,248.1794148031925,NO
1455.8683653489215,244.90276234797687,NO
1456.8139534440127,243.86402101610832,NO
1457.6121899305908,242.74104294674873,NO
1458.0031693996789,242.00191852271607,NO
1458.7676836907483,240.8878370937304,NO
1459.0454525163516,240.02010991680731,NO
1459.8694752171261,237.96253997300923,NO
1460.0675623756306,237.01486372263875,NO
1460.2469123427447,236.03950597409397,NO
1460.386454286087,235.0377866424378,NO
1460.464093799048,234.01443847404798,NO
1460.464093799048,232.98556152595202,NO
1460.3864542828471,231.962213357879,NO
1460.2469123427447,230.96049402590603,NO
1460.067469000896,229.9851568198029,NO
1459.8687264957223,229.03756985746895,NO
1459.0448683483569,226.9802619962952,NO
1458.7686447819062,226.1127115163105,NO
1458.0006419408242,224.99960074415233,NO
1457.610527518767,224.28337032765592,NO
1456.8073831347162,223.16685473423786,NO
1455.8439364877368,222.16711691845694,NO
1454.7833286139594,221.27832585368736,NO
1453.3464392117203,220.37847771036257,NO
1452.9385372333475,220.11777981654726,NO
1450.9224612038336,219.2315319410575,NO
1449.9979972003182,219.0073005275739,NO
1449.0365340857898,218.8057246249058,NO
1448.041772295414,218.64375327034142,NO
1447.0169615162724,218.54902324090776,NO
1445.9830384837276,218.54902324090776,NO
1444.9582417640513,218.64387317369957,NO
1443.9636628242777,218.806771723153,NO
1443.0024016262703,219.00875431475654,NO
1442.0778094825669,219.23234021447436,NO
1440.0636871909085,220.12104979178284,NO
1439.6626128736277,220.39509883762014,NO
1438.2173620747458,221.28137053236395,NO
1437.152530194428,222.1682549559028,NO
1436.170685727627,223.16778783705416,NO
1435.2630727270623,224.29728397718424,NO
1432.0862034224326,224.8430038245616,NO
1431.0350315545768,223.9572460564838,NO
1429.993045019235,223.00864497574486,NO
1428.8870167471928,222.25225819781926,NO
1426.8949766678911,221.27092975328742,NO
1426.0182508072903,220.9620105483534,NO
1423.9961431359538,220.0077545414766,NO
1422.9372392587654,219.06361173305407,NO
1421.9785907734297,218.010916166545,NO
1420.9638101514367,216.03069265591105,NO
1419.98889849116,215.0135051388984,NO
1417.9805016834296,214.19281668640647,NO
1416.983451417593,214.10660365678038,NO
1414.9196237413003,213.2254913663531,NO
1412.9088718374592,212.28584646001994,NO
1412.0133648108974,211.96914356659033,NO
1409.9718142999252,211.21761391662181,NO
1409.0165319922023,210.96535316592312,NO
1407.0189731403284,209.9645804094785,NO
1405.904612655471,209.16369541603765,NO
1404.600011622094,208.48841768539393,NO
1404.0363414857,207.95394783467498,NO
1402.9216036167882,207.23393480097468,NO
1401.0853843086359,206.80564905149362,NO
1399.9574258061602,206.117383133115,NO
1397.9152941899176,205.30434122181347,NO
1396.984600926673,205.13125876530387,NO
1395.996282838905,205.03574193372933,NO
1395.0057985856163,204.94381370451222,NO
1392.9272181875504,204.28729662902032,NO
1391.983736250398,204.1172563924431,NO
1391.0008527567884,203.99466237448067,NO
1388.9410680725725,203.19342979060548,NO
1387.9978534338015,203.01232498569095,NO
1385.9165098608237,202.26098887228437,NO
1384.9851144864808,202.06971802555753,NO
1382.9334425941113,201.16779965808485,NO
1380.9253106679707,200.26017373846278,NO
1380.0168703436589,199.95990812530468,NO
1377.973806138254,199.21795269722725,NO
1376.985743177052,199.0910734337671,NO
1374.9145016534846,198.29127402105854,NO
1373.9869999191712,198.11941311119224,NO
1372.9968066537149,198.02739890975013,NO
1370.9077345434766,197.30459182440012,NO
1369.9811269750599,197.11608947317058,NO
1369.0415055577864,196.90038666259912,NO
1366.9797342327201,196.20748284453651,NO
1365.9850618547323,196.120969687328,NO
1365.0371549376816,195.90912423030863,NO
1362.9795310995705,195.1914179618467,NO
1361.9863553010769,195.0889106257072,NO
1359.9194540209696,194.30821164408704,NO
1358.986427916423,194.13653843152323,NO
1358.0289319902706,193.92537606429258,NO
1355.9760032814747,193.22203279619697,NO
1354.984105978152,193.11446367320337,NO
1354.0057266908002,192.97164934443833,NO
1351.9627049628227,192.14122622748542,NO
1351.00170558461,191.9865764176308,NO
1348.9172132719973,191.26653286984939,NO
1347.9850366910212,191.0862952469391,NO
1345.909135687517,190.32943694050314,NO
1344.982385570632,190.1574173718749,NO
1343.991679526751,190.0552176875437,NO
1341.9288876459357,189.26711354965056,NO
1340.987319057605,189.08665310701844,NO
1338.9261062934106,188.2418913703616,NO
1337.9921510426902,188.05092695315778,NO
1335.9246810683064,187.29754705605725,NO
1334.9877359371367,187.1393071770695,NO
1333.9960276501465,187.07266089946026,NO
1332.9993990668117,187.02638096733114,NO
1332.000419403958,186.98515310036086,NO
1331.000732494662,186.9453070657692,NO
1329.9997636800379,186.92871014684263,NO
1329.0011338370846,186.9208930621889,NO
1328.001770202051,186.90597102962766,NO
1327.0019507721368,186.89075676522347,NO
1326.0035044384636,186.87033577491877,NO
1325.0036980014008,186.8448600344297,NO
1324.0040537411178,186.8224461487009,NO
1323.0052730294922,186.80031266460054,NO
1322.0040806212046,186.77964646316101,NO
1321.0038502511973,186.7645846518511,NO
1320.0088200963442,186.74178406235035,NO
1319.006801633014,186.712971093122,NO
1318.0067198678662,186.68864611369543,NO
1317.073394839912,186.59732020116127,NO
1315.9663879432997,186.37477444538527,NO
1314.9993474155588,186.31063018160702,NO
1314.0009756439383,186.30992955454084,NO
1312.9968101396285,186.30431267553766,NO
1311.9835232726991,186.26930926504616,NO
1310.9769747163332,186.18600425104353,NO
1309.9889163713315,186.06871850023367,NO
1309.0077019843193,185.9453285352853,NO
1308.0153951736127,185.83617955938087,NO
1307.071186727926,185.69535141901514,NO
1305.957470159176,185.39959355478462,NO
1304.991105308728,185.3053844041314,NO
1303.987144099063,185.2747575053384,NO
1302.985766230181,185.23079039900608,NO
1301.9884106746367,185.1790350834681,NO
1300.990924464617,185.11960742969657,NO
1299.995746342451,185.05594203772813,NO
1299.0006605456304,184.99135193333686,NO
1298.0077858103805,184.91718729218164,NO
1295.942106920749,184.3547583223607,NO
1294.9895679332108,184.23367829886845,NO
1293.9911859969686,184.19567087634442,NO
1292.9943378170394,184.16091557414316,NO
1291.995822442778,184.13069786117143,NO
1290.9974970205742,184.10405243597904,NO
1289.9984564163115,184.07926756502067,NO
1288.9988261797314,184.05141332496424,NO
1287.9994887942123,184.01449515844467,NO
1287.000780153185,183.97353480252445,NO
1286.0003455796575,183.94896940415268,NO
1285.0001889015707,183.94414810197253,NO
1284.0010624099025,183.93745947106842,NO
1283.0025453780986,183.91751089614695,NO
1282.0034281257938,183.89017300818344,NO
1281.0056908060644,183.85839935830955,NO
1280.0663574475652,183.73683607336832,NO
1278.9425575807995,183.40399586152242,NO
1277.9866893622473,183.28194350073395,NO
1276.9889402609924,183.24331426179634,NO
1275.9906111025934,183.20476737382256,NO
1274.9943067361535,183.17231611634773,NO
1273.9959214533728,183.14699081717046,NO
1272.9952144877846,183.11575766059272,NO
1271.9972025334393,183.08280500648823,NO
1270.998227294212,183.05571361048263,NO
1269.9993062041117,183.03562846064418,NO
1268.999906842471,183.0269846318241,NO
1267.9997791175683,183.01917259527724,NO
1267.0007661830584,182.9852722586652,NO
1266.010690545071,182.9044674659225,NO
1263.9566725255258,182.35995132390738,NO
1262.999135904898,182.2721899518088,NO
1261.9966364184472,182.26460175440894,NO
1260.9935274281695,182.24414542125717,NO
1259.9932753239004,182.21774038032964,NO
1258.9944312247812,182.19243212671063,NO
1257.9951294434172,182.1672224447563,NO
1256.995604753148,182.13958697728646,NO
1255.9958820962727,182.10477777144743,NO
1254.9971813397703,182.06262925291617,NO
1253.9991500829028,182.02401015799802,NO
1253.0004020825047,181.98907066683395,NO
1252.0017792297087,181.95196079750446,NO
1251.0039672750636,181.9101768200498,NO
1250.0057309940444,181.86477952490793,NO
1249.0045768430448,181.82787091037252,NO
1248.0024793161906,181.80593716605657,NO
1247.001926715404,181.79287809793556,NO
1246.005272717171,181.77380044579888,NO
1245.020170348808,181.7196321641346,NO
1244.1179007500095,181.56002889591937,NO
1242.9581695352824,181.19506206548036,NO
1241.9925539584071,181.07319300375354,NO
1240.9996588096224,181.00582598694902,NO
1240.0013999056882,180.9631907163349,NO
1239.0007926143421,180.9413465364915,NO
1238.0012489047524,180.9311541206508,NO
1237.0040342113284,180.90742546432492,NO
1236.0051491706945,180.87333039883922,NO
1235.0043460342936,180.84571578142703,NO
1234.0028461402362,180.82841840098595,NO
1233.0002098775053,180.82391277760576,NO
1231.9995861833183,180.82619700472105,NO
1230.9980041344743,180.8315489462314,NO
1229.9977344818005,180.83990338832425,NO
1228.9959083257186,180.8544045913064,NO
1227.9950569239645,180.88136617514985,NO
1226.9961771271821,180.91627908254085,NO
1225.9979935558908,180.95189956780132,NO
1224.9995876847975,180.97539852488774,NO
1223.999828624632,180.99382363187408,NO
1223.0018314513152,181.03093117858845,NO
1222.0082252533928,181.0902842482821,NO
1221.0140277861203,181.15998355451518,NO
1220.010370150771,181.21556675633207,NO
1219.00023935718,181.2357668389408,NO
1217.991278071432,181.21455943349292,NO
1216.9910977555514,181.17088818446018,NO
1215.9936557813155,181.1233316139878,NO
1214.996759442821,181.0822078226715,NO
1213.9985531562124,181.05128257327294,NO
1212.999319000317,181.0249350639456,NO
1211.9999675094816,181.01027783441316,NO
1211.0002029249315,181.01603106941303,NO
1210.0004868952703,181.03080424062563,NO
1209.0024017793944,181.05868963678623,NO
1208.0070158802807,181.1086329841547,NO
1207.0116353569479,181.17065189850354,NO
1206.0437515752085,181.28081684496516,NO
1204.9049768204761,181.63097795638654,NO
1203.9803447619047,181.7877731876015,NO
1202.9909517240803,181.8715728579138,NO
1201.995991767717,181.94119068863986,NO
1201.00051337383,182.00801925352388,NO
1200.0034169867374,182.0663767849872,NO
1199.0042017359665,182.11032558814912,NO
1198.0035274110555,182.14155654079207,NO
1197.0036010520803,182.16636860790408,NO
1196.0047427799577,182.19074223591895,NO
1195.0041031059657,182.21153791036653,NO
1194.004910731182,182.22884006694434,NO
1193.0110213865203,182.25790044072977,NO
1192.0129772757086,182.2978442974206,NO
1191.010862404783,182.33182892687847,NO
1190.0066836094961,182.35348870401646,NO
1189.0011353301452,182.36141343257873,NO
1187.897472507558,182.5462613094542,NO
1186.9431370857578,182.76410335959844,NO
1185.9979673482471,182.87658899139663,NO
1185.000824922682,182.8831359500655,NO
1184.054583274145,182.7735604802437,NO
1183.105121107152,182.556570359419,NO
1181.9944720893404,182.35194366608062,NO
1180.9909138450996,182.3326930380446,NO
1179.9946811513948,182.31514178601958,NO
1178.9983730538193,182.30749283333404,NO
1177.9990281659987,182.30547981090032,NO
1176.9990290004876,182.3045701866312,NO
1175.995877532528,182.2977690042801,NO
1174.9996879951236,182.29234856161128,NO
1174.0041506855096,182.29916863975245,NO
1173.0049944477819,182.31265242101222,NO
1172.0048863145807,182.32808113354886,NO
1170.8826167180837,182.60364723969133,NO
1169.9567831060865,182.86549349330133,NO
1169.0031788364372,183.0400159410322,NO
1168.0089852682922,183.1136831746517,NO
1167.0144017993878,183.18032675529798,NO
1166.086319101215,183.34397511495683,NO
1164.0121425712082,184.0828609013317,NO
1163.0587410378391,184.23971089995752,NO
1160.9894369276033,184.91776598564198,NO
1159.9999784131269,184.99974270782238,NO
1159.0037638266315,185.0568337785695,NO
1158.0064535132005,185.1083016796558,NO
1157.0115098689387,185.1655650293462,NO
1156.0634473386958,185.30243232166413,NO
1153.9979184992478,185.98768207729168,NO
1153.0120249121028,186.11632795513728,NO
1152.0059599398912,186.18516917403505,NO
1150.9971953150255,186.19481773139583,NO
1149.994722855315,186.1757093766148,NO
1148.9973988593085,186.15520140317435,NO
1148.0001634293114,186.14626924223754,NO
1147.0020402142657,186.15233599698766,NO
1146.0024075229983,186.1661190902785,NO
1145.0026013601782,186.1798940604825,NO
1144.0027865430814,186.19312885887797,NO
1143.0008831267792,186.1995866552781,NO
1142.0002194482636,186.1990395758311,NO
1141.0029340734234,186.20515942894724,NO
1140.0031155435445,186.2183277096121,NO
1138.9997523079371,186.22564747558667,NO
1137.999004365923,186.22600893646188,NO
1136.9939035071354,186.21197036595407,NO
1135.9925678842726,186.18058032206568,NO
1135.0014935362296,186.16727604524945,NO
1134.0654375904471,186.2744372462878,NO
1132.9173284811648,186.80377964691868,NO
1131.1338126042474,187.3620514627793,NO
1128.998712880671,187.99235608706488,NO
1128.0605053628033,188.18564145312976,NO
1127.7276706235948,188.3436966332882,NO
1126.0266782063104,189.07012042193935,NO
1125.2286542255194,189.46544825657833,NO
1123.0582080296954,190.1915823317028,NO
1120.9830993356943,190.85592601814668,NO
1119.995770788637,190.94105536927066,NO
1118.9997492481457,190.99386674539687,NO
1118.0002714872537,191.02238535876032,NO
1116.9998927671975,191.03227707409923,NO
1115.9994805206293,191.03099560416112,NO
1114.9993994095596,191.01828694263293,NO
1114.0004260222775,190.9914102019326,NO
1113.0021374724934,190.9556344127627,NO
1112.000376916403,190.93660265898748,NO
1110.9984088329438,190.95693583330154,NO
1109.9999199299966,190.99852740811383,NO
1109.0027602015514,191.04564948686985,NO
1108.0079561042412,191.1011232370772,NO
1107.0402536339393,191.21038219345866,NO
1104.9717609739082,191.8407632727512,NO
1103.9983631884397,191.99070333865853,NO
1103.0472883797393,192.1599346849583,NO
1100.9867808180707,192.93570670589355,NO
1100.0385874523029,193.12775367662096,NO
1097.987111527862,193.93509733740234,NO
1097.0140000140236,194.08630145987973,NO
1096.0705863880517,194.26581178548895,NO
1093.9982557224012,194.98891046880775,NO
1093.0121561380909,195.10704482694507,NO
1092.0148327709112,195.1907659117654,NO
1091.0531497009183,195.31413305093938,NO
1088.9852595765421,195.8911772226262,NO
1088.0031737015238,196.01986337651078,NO
1087.0209234705894,196.14459054467494,NO
1086.0531342687007,196.29526510401942,NO
1084.915263789967,196.6580744883194,NO
1083.9819789903358,196.808526773931,NO
1082.9906888047012,196.9026758378624,NO
1082.000407563053,197.00327506031664,NO
1081.0340646394907,197.1454878901548,NO
1080.1223483111241,197.40710585430799,NO
1078.9649198769769,197.79900037717735,NO
1077.9924683021445,197.95419913357821,NO
1077.0373305619917,198.12854960062177,NO
1074.99146083119,198.96405218252252,NO
1074.06353842177,199.18214347650758,NO
1073.7234085132372,199.38610180052797,NO
1072.0436816981808,200.11432206325273,NO
1070.910047813838,200.8058380709866,NO
1069.052976769723,201.21288812703574,NO
1066.9769648401045,201.9036101553337,NO
1066.047596516825,202.12292060307522,NO
1063.9832009105064,202.86485056826223,NO
1062.9972876403942,202.94857818151655,NO
1061.999932965431,202.99863398442483,NO
1061.0038536027316,203.05483973206418,NO
1060.0119973185983,203.12657845406704,NO
1059.0626920200941,203.26736303288973,NO
1056.9966019000751,203.9823258585249,NO
1056.0621216174097,204.18681995786707,NO
1055.730413591955,204.3683413481457,NO
1054.0327004110331,205.08611107790384,NO
1053.262054668509,205.53096043392688,NO
1051.1425919272315,206.34231998823924,NO
1049.0128942248862,207.06432864635997,NO
1048.063199140819,207.25017540077104,NO
1045.9861819612595,207.91275471718126,NO
1045.0307963465395,208.09511639012115,NO
1044.2271445807844,208.40861334420657,NO
1043.0493536011536,209.08483361000324,NO
1040.9906695962256,209.94024570979306,NO
1040.0380375796371,210.12853021054588,NO
1039.231860846206,210.5399045238679,NO
1037.1673453009091,211.33935348920116,NO
1035.1194412500622,212.26292098864596,NO
1033.02041749297,213.0684870261786,NO
1032.1275063457408,213.347701797485,NO
1030.0172806218618,214.05880985632663,NO
1029.1555194834632,214.3642704549058,NO
1027.0619405022815,215.1690032250523,NO
1026.7132292187957,215.35702971109916,NO
1025.0289936013742,216.0831285045005,NO
1022.9793452252197,216.92757531494755,NO
1022.0855886507994,217.17024699332518,NO
1020.9794161081181,217.97006358966044,NO
1020.1920417418257,218.37667532520152,NO
1018.0045432195624,219.04261061605945,NO
1017.0285662499172,219.16822347794985,NO
1014.9584010386534,219.80554903074196,NO
1013.9978584459268,219.99206477771847,NO
1013.076935594499,220.21755197049828,NO
1010.9949258510959,220.98481527865266,NO
1010.1302431153305,221.27979671394593,NO
1008.1195875281153,222.23953854782002,NO
1006.0987685385297,223.20448410535946,NO
1004.0162495838024,224.06086466735925,NO
1003.0613347091224,224.258726613124,NO
1002.0663622251932,224.48263437296114,NO
1000.9530012452271,224.68485331160807,NO
999.9719245412257,224.91634080442347,NO
999.0745907008645,225.1609588858216,NO
998.7140756110197,225.3943518378139,NO
997.0210022565295,226.06375153250147,NO
996.1764883943413,226.4223549825385,NO
994.0718112747131,227.1797457931402,NO
992.0584992930186,228.1378431620182,NO
991.6878707493538,228.3796676403083,NO
990.0308248440502,229.09885208204852,NO
987.9879219319849,229.9412755997244,NO
987.0419782998586,230.13929942110587,NO
985.9003364529873,230.7697645887269,NO
984.0687355766967,231.20420715850352,NO
982.0018672729855,232.00985070354045,NO
981.0549686497181,232.19284834992936,NO
978.9931631098746,232.97580792724858,NO
978.0939867684689,233.21813128646494,NO
976.0676262676001,234.14598985377484,NO
975.7010756280614,234.35387134040337,NO
974.0009488935755,235.0052589283607,NO
973.0113239086078,235.13646762565926,NO
972.0829699512028,235.31696816287499,NO
970.9601605935643,235.93658392748506,NO
970.198468026855,236.32717479681492,NO
969.0219329470435,237.0438070922408,NO
968.266121544533,237.48249336899647,NO
966.2082439664541,238.41648793290832,NO
964.1269211730153,239.30317714770277,NO
962.0426845342234,240.1095881924744,NO
961.3126143768833,240.56013894297286,NO
960.1049153209977,241.17415942122224,NO
958.0975130282064,242.21476433888412,NO
956.0861890478484,243.15409557103348,NO
954.1590890259006,244.27934530333158,NO
952.1518839076605,245.36630826387614,NO
949.9997886038628,245.99832978006296,NO
949.0562814865795,246.16925678032686,NO
947.9099975124208,246.79280951787163,NO
946.1778492378679,247.37738740778974,NO
944.2151137461493,248.36416894152248,NO
943.0631408027625,249.1040489247155,NO
941.1042135039597,250.19915734500645,NO
939.1453747952423,251.24721094613756,NO
938.01018087977,252.0191479810688,NO
937.2214139945518,252.42293281771254,NO
935.1166834412261,253.2870187387915,NO
933.1478651829902,254.2363078952894,NO
932.0363132129302,255.05477243217965,NO
930.9478552071503,255.91467215065262,NO
930.1246187305211,256.238574898695,NO
928.0043728497983,257.03545131890104,NO
927.075426126607,257.21932419597437,NO
926.7465661715295,257.43662344762896,NO
925.1219754364965,258.2236216272508,NO
923.0620453735288,259.1595452447594,NO
922.6993543554116,259.37814338543956,NO
921.0590588217785,260.13883102989035,NO
920.6960408891429,260.3852402240684,NO
919.0392064888781,261.1111745666151,NO
918.2303393613181,261.51923957720874,NO
916.1981331964977,262.36123730058677,NO
915.0208817282869,263.04278338602495,NO
914.2365195065141,263.444817941262,NO
912.2199265324207,264.41405164493756,NO
911.0660415019,265.1056962157155,NO
909.1832924173492,266.2875261921708,NO
908.0291054494166,267.0586541307114,NO
907.2537940660219,267.5356043876387,NO
905.1546131627524,268.3459469561756,NO
903.082662092545,269.1975648177853,NO
902.7573429610898,269.4179624891922,NO
901.0656102630825,270.13172913353554,NO
899.1098512808923,271.1965178761457,NO
897.1813375525193,272.3161539586222,NO
896.0294173885095,273.0537876773749,NO
895.2767534874529,273.5231315831026,NO
894.0615607455359,274.1134831947435,NO
892.0648172747239,275.1444238351169,NO
889.9963719735836,275.9896613106158,NO
889.1478198748805,276.2927734297099,NO
888.005969684147,277.01176027749847,NO
887.244983143025,277.44124805259344,NO
886.0410662549573,278.0869440878066,NO
884.9219803934794,278.8271774917889,NO
883.195536381051,279.42487736628976,NO
882.0108128310584,280.019755773277,NO
881.3356549179396,280.434050229424,NO
880.2280023545411,281.276576787968,NO
879.1249684243204,282.1682908154162,NO
877.2336268723544,283.37656566092187,NO
876.0396492691411,284.0779245541984,NO
875.3135276563135,284.5720504701922,NO
874.0815505841755,285.1530411193056,NO
872.1504325685102,286.2482507782107,NO
870.2361433372212,287.4086854163885,NO
869.024672100377,288.0600231657923,NO
868.25599139219,288.49122674741625,NO
867.0579834022824,289.1036590042724,NO
865.9925497945501,289.9920286355022,NO
865.4010771433736,290.52418953462654,NO
864.0675561915556,291.16272229907855,NO
862.0041255877436,292.01101016281416,NO
861.1700425037535,292.3430508699736,NO
860.008726294338,293.0171471682996,NO
859.2625503921109,293.41011033764596,NO
858.1102257911742,294.16918377249993,NO
856.0513055809714,295.1486992365346,NO
854.9138363012025,295.8060710037655,NO
854.0297450829768,296.0716865292523,NO
853.2620871296973,296.51691647407415,NO
852.0337138922458,297.0736504598555,NO
851.316365279128,297.5147348749324,NO
850.110856961341,298.1759138783157,NO
848.1900254816117,299.3135420228063,NO
847.0262199970651,300.05277021990014,NO
846.2653719472595,300.50420672696214,NO
844.2631160121991,301.45511958528135,NO
843.0944810517051,302.15005812788706,NO
841.0380166446123,303.1096683566506,NO
840.2620928659774,303.5282428897176,NO
839.0362545231302,304.0772463035832,NO
838.3465396336651,304.549074835566,NO
837.152549610921,305.2231167856587,NO
836.0156302727672,306.028631153527,NO
835.2701172221148,306.45640494624377,NO
834.053188791144,307.1048283952166,NO
832.1593011530751,308.26165405197565,NO
831.0068883581928,309.01454208973126,NO
830.2390754701718,309.41772525787206,NO
829.0614270742976,310.106779775248,NO
827.998766466798,310.9986959792078,NO
826.9783300494655,311.97476088177206,NO
826.3228659309959,312.47461289598255,NO
824.0693608380648,313.28836127177544,NO
822.9278116866763,313.6603350059899,NO
821.9718297471665,313.91674925387093,NO
821.0800013011612,314.1707799778754,NO
819.1613716059438,315.2536911689375,NO
818.0789011187393,316.10255588889174,NO
817.0034846573616,317.0051131310797,NO
816.3290064251381,317.4714958351447,NO
815.1304790427646,318.21961819229944,NO
813.1534440556335,319.31091435597784,NO
811.1289037246655,320.25817468384076,NO
809.1416010336676,321.2739233706055,NO
807.1578429890051,322.2908567444495,NO
805.1820282191549,323.3480890523077,NO
803.1631162829243,324.3286103398215,NO
801.1498540583142,325.2748004820377,NO
800.0173390474406,326.0312774598697,NO
799.33363496247,326.51727058918163,NO
798.1401320275002,327.23633076663094,NO
796.0507828481672,328.16722218962354,NO
794.908079456636,328.77963418076513,NO
793.1955107866311,329.3619277168581,NO
791.2227317921213,330.3981010937553,NO
790.015705897618,331.03515564312397,NO
789.2449460442415,331.4314390486453,NO
788.0456519983624,332.08307536930175,NO
786.9728522780905,332.9691438342903,NO
785.9407063563659,333.9279843473859,NO
785.2492749847769,334.3445314175531,NO
783.2017789618898,335.4305875104367,NO
781.0508788722091,336.1594684083027,NO
779.0080325258336,337.0192041988956,NO
778.2266771254915,337.37355468084604,NO
777.0915451341585,338.1375211444536,NO
775.1554151818824,339.29224810335626,NO
773.0677167048874,340.1882524509154,NO
772.7340883001074,340.41463730991876,NO
771.1627106726994,341.24464572127323,NO
770.0343066915896,342.05290415764875,NO
769.4318733864461,342.597814902876,NO
768.2024398090879,343.3112573265657,NO
767.0415467971776,344.0765335767534,NO
765.9471751797114,344.93102615295294,NO
765.2260865446812,345.32200206980457,NO
764.049539123981,346.0881322458442,NO
762.1482109684517,347.25396955256616,NO
760.2291207527203,348.3932125435248,NO
758.102879428772,349.2760815137283,NO
756.1951557414621,350.3252595464947,NO
755.1180714961384,351.1375987059049,NO
754.1125279050905,352.12786237299673,NO
752.1495680096116,353.32064580512434,NO
750.1308392101727,354.24637559399685,NO
748.1479943273908,355.2616474286513,NO
746.1900865409931,356.33810912402237,NO
744.13498352861,357.3059626701647,NO
742.0675338365727,358.16932396816134,NO
740.0359776679995,359.07229000967476,NO
739.3376505907182,359.5603752513849,NO
738.147008511237,360.2273776103591,NO
737.0246457576827,361.0421957042994,NO
736.3660817094755,361.5533357825377,NO
735.0567412636567,362.149946354028,NO
733.918363884316,362.8478239347992,NO
733.0885202263686,363.14627810565065,NO
732.0013948157273,364.00188156188113,NO
731.4150842631665,364.50838302441133,NO
730.2946387253064,365.4104672262248,NO
729.0683192552655,366.1290856252396,NO
727.9639784591789,366.95124904298666,NO
727.2547417618482,367.397450497396,NO
726.0414865734233,368.08361801744894,NO
724.9182875508586,368.8312413954461,NO
724.0446335803285,369.0987713453897,NO
722.9185391548098,369.82593104155353,NO
722.0410801211522,370.09259681406456,NO
720.91953283588,370.8313324715624,NO
720.0432675429986,371.10136617130433,NO
718.9283167409724,371.8582423310198,NO
718.0682621864368,372.14081309701925,NO
716.9723062951081,372.963379385559,NO
716.2947238807395,373.4163789518467,NO
715.1256071321195,374.1830597167143,NO
713.1508342298415,375.2874537119638,NO
711.2620346337233,376.38563588076454,NO
710.1859655818474,377.2337293801046,NO
709.14205888869,378.1766629856223,NO
708.0198001070237,379.0387026114758,NO
707.2466663673829,379.50065943203487,NO
705.1695520016999,380.3215641340569,NO
703.2085191965888,381.3395883861926,NO
702.0347213383691,382.0676620936562,NO
700.9274034538723,382.8635470344773,NO
700.0676904488456,383.1447874698474,NO
698.1359944330487,384.26654908663517,NO
696.1276324903731,385.24131607060446,NO
694.2154291767112,386.3456634365304,NO
693.042211720736,387.0756293336305,NO
691.9430129782412,387.8940914049212,NO
691.0846160757972,388.18413742794706,NO
689.9791602525676,388.9714023886296,NO
689.3207098609448,389.44495581611153,NO
688.177510041444,390.23253439383063,NO
686.1738084329725,391.4189819166404,NO
684.1781857689356,392.31845967769357,NO
683.0320974983271,393.05415569036535,NO
682.4278852557876,393.5838631346195,NO
681.243473303668,394.3275822507319,NO
680.1189267140214,395.17486028196817,NO
678.1394838220051,396.28018761893946,NO
676.1587857906532,397.2922705450806,NO
675.0060979487021,398.0115907575698,NO
674.3128072305947,398.4642718142117,NO
673.2303041774607,399.2985010520889,NO
672.1494431866364,400.18594313315293,NO
670.2089967008644,401.3879616113019,NO
668.0473006711879,402.1645158836613,NO
665.9619467900603,402.9093222411972,NO
665.1111156357251,403.194716932465,NO
664.0068301627279,404.01099275160186,NO
663.4124561149957,404.55164730359576,NO
662.3218287204871,405.4113542355832,NO
661.1456350757998,406.22228511235977,NO
659.1498348355893,407.27931168383526,NO
657.1461281097847,408.29760740712726,NO
655.1711533878796,409.29919179226636,NO
654.016463839605,410.0327638596602,NO
653.2584551051546,410.4746983405202,NO
652.0344461701122,411.0807081743169,NO
651.28666096014,411.5331038178477,NO
650.0736426513429,412.1359998085797,NO
648.1412608676795,413.23566116591144,NO
646.1708167630876,414.3076422770067,NO
645.0279506310205,415.0468550005962,NO
644.4090659129,415.5505185811885,NO
643.2090202066415,416.29985825962626,NO
642.082596547837,417.13142027533996,NO
640.0670902005606,418.15308426929215,NO
638.2189055949956,419.3182238946706,NO
637.050223436323,420.08469257047295,NO
635.1814952036922,421.29626422407466,NO
634.0402677662157,422.0702888254221,NO
632.9512669971864,422.9347592364684,NO
632.193811522463,423.3017922247812,NO
631.043821435964,424.07732593392234,NO
629.9269811447351,424.80465086023486,NO
628.2417688048303,425.45848033675435,NO
627.0381415669599,426.0781085488785,NO
626.3872091868286,426.5993503707951,NO
625.2406016719659,427.3285029902087,NO
624.0618089901799,428.1115505051836,NO
622.9691937340586,428.96076254764483,NO
622.3240105954834,429.41090433035345,NO
621.2269645581603,430.2610322748212,NO
620.1737475641843,431.2082098901631,NO
619.0350318197272,432.06571791887103,NO
617.9332936541435,432.87399912496556,NO
617.0748335641231,433.1599962675343,NO
615.14488128593,434.28218158819067,NO
613.0916323413925,435.21160741667956,NO
611.0770525217694,436.1454177478549,NO
609.0644796198037,437.14558819746026,NO
607.0836296187344,438.17809209601666,NO
605.9925811156907,438.9904831006188,NO
605.3918284281361,439.5454485365596,NO
604.2180955404712,440.29839435870684,NO
603.0579200104044,441.0959457592118,NO
601.9640369683839,441.9505341202988,NO
601.2513167413917,442.3833214974817,NO
600.0717174088396,443.1160689645203,NO
599.0097820891415,444.0104808093672,NO
597.9879460414737,444.9856209116458,NO
597.3673650198276,445.550075644792,NO
596.0638140483171,446.1439015943122,NO
594.0066545621912,447.0172475399098,NO
593.1454570183788,447.31297774508624,NO
591.2555815256562,448.3734497079248,NO
590.1973108695314,449.23742801346094,NO
589.1273250304413,450.16985997712834,NO
587.1864126176765,451.35354116365147,NO
585.2211018982202,452.3907991607087,NO
584.0379007703858,453.0677892652273,NO
582.9430887724448,453.92883476202303,NO
582.277282806089,454.35891279421725,NO
581.0645899032444,455.1237562264459,NO
579.1182048540205,456.2374375885719,NO
577.237609661336,457.30272150681634,NO
576.1058252743182,458.1605164891535,NO
574.1638716465114,459.3049709414901,NO
573.0148923689221,460.0286051445707,NO
572.2952529989088,460.4432494635739,NO
571.1276707401603,461.19443434051516,NO
569.183378174804,462.33008071914867,NO
567.2467087155093,463.42613325188825,NO
566.0764770949759,464.12161644992193,NO
564.212069929295,465.32471675649754,NO
563.0909761988695,466.1373409320847,NO
562.0001805324589,467.0002765757111,NO
561.3144845095227,467.4335964524297,NO
560.1422561790957,468.2106130367028,NO
559.0279105374572,469.04424841076013,NO
558.2853100141937,469.51578327835114,NO
557.0859157478428,470.1443698326193,NO
555.9978701900328,470.99689298295607,NO
555.3966691295996,471.4580888856024,NO
554.3629906246156,472.40712784361824,NO
553.1853134043213,473.2905642095723,NO
552.0156125028003,474.0329229172559,NO
551.2526021900118,474.44327158599685,NO
550.0447409046308,475.08339032759926,NO
549.3998464854026,475.60131153998395,NO
548.1675445797939,476.2553985790235,NO
547.0248076015519,477.0477349227014,NO
546.29285211938,477.5360392860637,NO
545.0433461940778,478.1016480938354,NO
544.3309679105997,478.5891422937745,NO
543.1000703337876,479.1745530623743,NO
541.1462735400487,480.2625225117277,NO
539.2320461698397,481.3699879688521,NO
538.0451342171287,482.08640608905296,NO
536.9386288505104,482.88240875695146,NO
536.0777786179702,483.1672658422599,NO
534.9827043988855,483.97868354098915,NO
534.4651689848926,484.5137083500453,NO
533.5058399699977,485.4264183559543,NO
533.0129541142717,486.00930909429314,NO
532.1247919456727,487.1082401384346,NO
531.0350438617278,488.06598684848285,NO
529.9343261207857,488.87568260097737,NO
529.0883769082446,489.1634623018538,NO
528.0295886947124,490.0296905509924,NO
526.0389248548306,491.10906421343344,NO
523.9714328742859,491.9399393591172,NO
523.1632392685384,492.24881404005134,NO
522.0975491228251,493.1174571076323,NO
521.0315904185459,494.0432473984165,NO
519.9723768360839,494.9652117836076,NO
519.258904058286,495.4361217971261,NO
518.0471251085646,496.0940145863055,NO
516.9400493537029,496.9150603622403,NO
516.1778435618188,497.2611066800058,NO
515.0425714832302,498.06724556874343,NO
513.9635471993498,498.9539346473366,NO
513.2732302196996,499.39350383355134,NO
512.1501940664255,500.2074742837999,NO
511.070491307654,501.08256803228335,NO
510.03932067638203,502.0424768518365,NO
508.15993812610964,503.3059685926582,NO
506.2088966145333,504.36642521425114,NO
505.042712164595,505.0768410210044,NO
503.95597855732467,505.94645619141994,NO
503.2934611978611,506.3885260806803,NO
502.1418668374406,507.2013281102858,NO
501.009326774716,508.01673589427315,NO
500.2530295140537,508.4118936175179,NO
499.04680701391237,509.0873874037942,NO
497.9499533778457,509.932040010409,NO
497.2400971278974,510.34070926241515,NO
496.16685351311486,511.2051943173652,NO
495.0718797617988,512.0997734084729,NO
493.0912644045445,513.1955665719786,NO
491.0419792256271,514.0947223538359,NO
490.35508112312493,514.5521511660236,NO
489.250722535141,515.2803316805237,NO
488.3167066410311,516.281270922527,NO
487.3465682332408,517.3788397396409,NO
486.17616788665674,518.2903175101267,NO
485.01441689113454,519.0302162240488,NO
484.28674055830004,519.4569448697858,NO
483.06904903595785,520.1146734473724,NO
481.9936440013472,520.9929686765645,NO
480.97608512925666,521.9749004924388,NO
480.47908510948895,522.5355711138596,NO
479.2543363782288,523.3714409231821,NO
478.07978364721663,524.1317357893768,NO
476.1701015605259,525.2737125830967,NO
475.0321759678155,526.0549466550666,NO
474.4402831654037,526.5952972903376,NO
473.33917845670805,527.3881468965786,NO
472.29479654372494,528.3186184850841,NO
471.24225348834864,529.2673975717876,NO
470.17100692356155,530.2073764978535,NO
469.0337205498526,531.0611434068709,NO
468.36024648148117,531.6024634877807,NO
467.2753450380597,532.3393787484558,NO
466.25489482756996,533.2655376304607,NO
465.13709556861426,534.1752740728305,NO
463.1419928438937,535.3485278701844,NO
461.1495274387841,536.2389707869766,NO
460.0800593521495,537.0923322599637,NO
459.079869819753,538.0769702583725,NO
458.088279903332,539.0929590510698,NO
457.0116416092902,540.018729945742,NO
456.3112599887924,540.4703655954253,NO
455.1440888827822,541.205975223056,NO
454.06828752809014,542.0842341510148,NO
453.0002626553541,543.0003697379157,NO
452.3901619326826,543.4857117929898,NO
451.2897195667491,544.3660296293422,NO
450.1575194504589,545.219264251719,NO
449.02346172601807,546.0404963001591,NO
448.3014312328766,546.502918406985,NO
447.0448625280808,547.0987444158461,NO
446.3356575456722,547.5791014483298,NO
445.1607639702932,548.2130287952319,NO
444.13785620891633,549.1383307658633,NO
443.1514723626766,550.1483384560822,NO
442.12971264118903,551.1515799065526,NO
441.02658285084203,552.0444615849229,NO
440.38103730742193,552.5750563078451,NO
439.18014847803886,553.2568249507606,NO
438.05147050999045,554.073787801285,NO
437.0080135284013,555.0078765448495,NO
436.0370172898367,556.0323503543043,NO
435.00234900986345,557.0036142190286,NO
434.26613837776,557.412578152336,NO
433.09638370492837,558.1499984251643,NO
432.0306905181324,559.0360372977149,NO
431.0001285871129,560.0001505822804,NO
430.4906298049227,560.5147591117968,NO
429.4099593782994,561.4833849391556,NO
428.2341901673411,562.3295427720651,NO
427.11016901374916,563.1606533101079,NO
426.0170364053218,564.024081535699,NO
425.45389505885595,564.5380610125288,NO
424.37793429460487,565.4236013334909,NO
423.37253564952516,566.3814231780991,NO
422.36132295300195,567.3530483714457,NO
421.33305126034406,568.3419836508747,NO
420.2238418350899,569.2938811237459,NO
419.05403792889643,570.0979054560198,NO
417.97536272356433,570.9714367841717,NO
417.45496501525946,571.4855508999714,NO
416.4959641420296,572.4665009405387,NO
415.47621221075224,573.4939592511863,NO
414.3574780331614,574.4274193831436,NO
413.24148280838983,575.3097163468434,NO
412.23322818858264,576.2416412371153,NO
411.3493036329309,577.2886697949656,NO
410.4065337485006,578.380358538064,NO
409.21519634775404,579.3036604476818,NO
407.1526192404179,580.3561115494284,NO
405.1502083290787,581.2641854925728,NO
404.02375332621216,582.0377140568244,NO
403.5547468967586,582.5787100622621,NO
402.9900315301931,582.9914794637699,NO
402.1257302207822,584.0732487211512,NO
401.1953424456197,585.199506044055,NO
400.1606247080915,586.1579871823483,NO
399.2529491910838,587.1882062402339,NO
398.0454857237155,589.0361072225172,NO
397.03936158016637,590.0478069774408,NO
395.2272166179384,591.3233873831359,NO
394.11995935912927,592.150189113597,NO
393.08295670942186,593.0879754435784,NO
392.07199135098585,594.0752694157762,NO
391.0187340838399,595.0252892866963,NO
390.44971921152114,595.5603562811327,NO
389.2348361430773,596.3430555794946,NO
388.096435583361,597.1428223143304,NO
387.0132455583058,598.0170435672978,NO
386.0993885291256,599.0531849233678,NO
385.3057885979778,600.2216355839181,NO
384.2875551155272,601.2959355828506,NO
383.18131170149917,602.2252660528554,NO
382.14032479339727,603.1529710435904,NO
381.2050326486414,604.1679315073607,NO
380.3287126768924,605.282819113227,NO
379.2776189438115,606.3288191698967,NO
378.1743350622096,607.2081209331257,NO
377.152607207199,608.150038058689,NO
376.18895884461654,609.1670152300661,NO
375.2551070976514,610.2298575910199,NO
374.2717572290109,611.2873158364865,NO
373.1902027906309,612.2312045791233,NO
372.11472779923065,613.1387455898034,NO
371.05106779625,614.0642344499732,NO
369.98978415471817,614.9862406515845,NO
369.38356854906556,615.4498439091358,NO
368.347619956558,616.3914376117762,NO
367.3391243755306,617.3299588503432,NO
366.42536983119123,618.3474744471047,NO
365.97878610422015,618.9838964546286,NO
365.0752512123657,620.0516258354077,NO
364.3403475510672,621.1890819702367,NO
363.08860515288353,623.0783486077192,NO
362.0314255883974,624.0454746747812,NO
361.3449709557307,624.5699924474592,NO
360.10412817110426,625.1679632639228,NO
359.06588674343976,626.0648291725697,NO
358.1409328294017,627.1086710930248,NO
357.2171683365335,628.189169774932,NO
356.2499495765344,629.2286953485482,NO
355.32132677763593,630.2678614387631,NO
354.95116448931276,630.9641872924034,NO
354.05134189622834,632.0379930052648,NO
353.12359202332993,633.1166898517047,NO
352.08029820159624,634.1057090268893,NO
350.99112335202733,634.9869760653252,NO
350.3382666777894,635.3787191615003,NO
349.3013083220544,636.2946861672033,NO
348.3643517667413,637.3181663502004,NO
347.44457945510635,638.3971794377127,NO
346.52472318175006,639.5664230195761,NO
345.34016528718115,640.4066094688137,NO
344.28877860068593,641.3173705502107,NO
343.37699117428735,642.3199330563464,NO
342.9577276734174,642.9673271372604,NO
342.12838417400627,644.06574974648,NO
341.3675541878432,645.2736306274949,NO
340.41567842308206,646.3784534881714,NO
339.4292322035135,647.3984570633398,NO
338.983309035447,647.9868106369343,NO
338.0527437491703,649.0424365742035,NO
337.111313148615,650.0997915833359,NO
336.0964832293806,651.1075200580418,NO
335.0375435605106,652.0476214146244,NO
333.9902281962258,652.9893487340325,NO
333.49009046701224,653.4474739012237,NO
333.0198080049788,654.0143268855454,NO
332.19877734087754,655.1169915670869,NO
331.41309168755055,656.3403642748498,NO
330.46431951019554,657.5085404198376,NO
329.45937537708244,658.4789232553698,NO
328.55406776951645,659.4432542156131,NO
328.0251794310109,660.0153323571624,NO
327.20243811458306,661.1335735312248,NO
326.4045531837365,662.2963115193286,NO
325.98001860261104,662.9854456489428,NO
325.0469285684288,664.0392990801747,NO
324.16963050227565,665.1124118574842,NO
323.47334711359207,666.292656709707,NO
322.99283239499835,666.9950378123216,NO
322.0366762897053,668.0363392948983,NO
321.0122273093685,669.013717513817,NO
320.0130884577191,670.0115421424737,NO
319.0924297321207,671.0687030570105,NO
318.20028154581775,672.1626490247888,NO
317.2803162038183,673.2554213402674,NO
316.35203522759366,674.3194996276562,NO
315.5433288467821,675.4089572274476,NO
315.0443907610015,676.0247983697326,NO
314.35819993072954,677.1850270208712,NO
313.07050514492835,679.0675244412416,NO
312.04784485653875,680.0518385860811,NO
311.07029919322116,681.054393508936,NO
310.3564110731995,682.1731957485638,NO
309.32897531905746,684.1981719810805,NO
308.003960777746,686.0045174275682,NO
306.99036570721034,686.9907048346548,NO
306.134139566099,688.0582984376817,NO
305.06021276114086,690.0377524424179,NO
304.09855731950023,691.1040903620884,NO
303.0837791174302,692.0826620633729,NO
302.1433075679927,693.115817746276,NO
301.2608701165056,694.2031859582411,NO
300.3882788847651,695.3076673320808,NO
299.5387742610459,696.4598786404723,NO
298.9992632070764,696.9993432697422,NO
298.05564756470176,698.0419879112388,NO
297.18012719621674,699.126063049661,NO
296.3456867972206,700.2560847692062,NO
295.5741906962096,701.4795922107369,NO
295.0245511794289,702.020087327936,NO
294.12713170608885,703.0876202724352,NO
293.39983015094896,704.2357344480234,NO
292.3111881355845,706.1625479906808,NO
291.2310618358381,708.1316665216888,NO
290.1373495400381,710.0741874355566,NO
289.518405005278,711.2819395608801,NO
289.0054946420489,712.0039854470317,NO
288.0535722017246,713.0508249103442,NO
287.0452535870246,714.047170532682,NO
286.11023658926894,715.0831161536465,NO
285.38558462265746,716.2231092781955,NO
284.3462077180208,718.1765758585057,NO
283.29760963091604,720.1525146376761,NO
282.24164469490415,722.132297091085,NO
281.11312612151653,724.0633743176638,NO
280.5191826144876,725.2723319881156,NO
280.08460287202104,726.0393429292301,NO
279.81396662640935,726.9228756095209,NO
279.0797509341269,728.0444703860476,NO
278.29256900294564,729.1905724627442,NO
277.08306688891537,731.051716576175,NO
276.432280236137,732.2126282326136,NO
275.2611528644461,734.1659088898712,NO
274.5366424848201,735.3927806298564,NO
274.029806675621,736.0200300861201,NO
273.2153450247907,737.1283613368305,NO
272.1798745470974,739.0973173793365,NO
271.41806026781705,740.3079299872616,NO
270.97946574537093,740.9855520747037,NO
270.1387409924748,742.0760224618883,NO
269.2765983340399,744.1052353539317,NO
268.3960599563882,746.193579866915,NO
267.35136209320854,748.1818409673126,NO
266.2479914550343,750.1365798673836,NO
265.1544582503721,752.0885674719116,NO
264.5243738629148,753.3272937375375,NO
264.0704182650057,754.0313849193769,NO
263.8011922184018,754.914151185219,NO
263.10897541442347,756.0442712616714,NO
262.37425761912687,757.2732774839877,NO
261.40238178289815,758.3672592519673,NO
260.98890093796956,758.9913459485217,NO
260.1075091579396,760.0717772538923,NO
259.29748562361704,761.2017975623364,NO
258.59061618785415,762.4288618348722,NO
258.05795226954785,763.0343449069019,NO
257.27044799545405,764.1738594270179,NO
256.3926981125821,765.7057792136948,NO
256.16519768373695,766.064419191577,NO
255.94242900909694,766.9873781720325,NO
255.11094875372518,769.0389205200488,NO
254.27500357182316,771.1238451477358,NO
253.25841662445495,773.1505825647752,NO
252.12666584916693,775.0574323415735,NO
251.39212809169794,776.7467200349365,NO
251.21187806513728,777.065652361191,NO
250.45011867599888,779.2224270699405,NO
250.0312203924969,780.0166636455474,NO
249.32325620081093,781.1689748302656,NO
248.42728168185965,783.1921252322518,NO
248.07111356953348,784.0247881582666,NO
247.3766115941797,785.7119907638678,NO
247.1602582631704,786.0718129212452,NO
246.17194340974393,788.0880793953695,NO
245.57095076681156,789.3614448652019,NO
245.04717481703872,790.0287621955689,NO
244.23295736620867,791.1458959262495,NO
243.17100147647284,793.0770353168381,NO
242.28892715128947,795.1172510942771,NO
242.0216315584841,796.0070658264858,NO
241.2953647632724,798.087039855648,NO
241.06604575177457,799.0165114379437,NO
240.19950897185643,801.0975267217175,NO
239.49863712282044,802.3364011288567,NO
239.0325009528328,803.018937271176,NO
238.36955824074002,804.1622450859945,NO
238.0291670724171,805.0132577594952,NO
237.17673555779785,807.070803431041,NO
236.269344107159,809.0971684464224,NO
235.98281229897182,809.9919880684449,NO
235.13456939410008,812.055147066938,NO
234.4494842763015,814.0659243576359,NO
234.10137073882038,815.0445236173381,NO
233.46842741595518,817.0467954754934,NO
233.1287999770416,818.0540454804483,NO
232.88399103325057,818.949956917264,NO
232.54662812055676,819.9522527108215,NO
232.1736821679869,821.0636834649031,NO
231.9240919062117,821.9654692589357,NO
231.60027524216986,822.9403988948474,NO
231.24008889831117,824.069202090452,NO
230.9725321245704,824.9870200823027,NO
230.67387637059548,825.9282077291193,NO
230.32200359080392,827.0644007171821,NO
230.02216905587957,828.0107802469247,NO
229.74894190793074,828.9243622859279,NO
229.4162873652164,830.0432612363844,NO
229.08723041579623,831.0403654465457,NO
228.46938381961326,833.0365388589281,NO
228.14519693041552,834.0580787712341,NO
227.89971846846692,834.9557581486216,NO
227.56700051221983,835.9476593996121,NO
227.21306797143134,837.0672626340925,NO
226.95462612072032,837.9790034601816,NO
226.648217497272,838.9310366985745,NO
226.28456493462215,840.0680723970144,NO
226.00045689274927,841.0002194876835,NO
225.71647748328652,841.9243008815465,NO
225.36999901412202,843.0551371058882,NO
225.05667811191023,844.0265609186062,NO
224.80100533165998,844.9301567722583,NO
224.51467882664969,845.9895322886307,NO
224.5000000004902,847.0,NO
224.5000000004902,848.0,NO
224.5000000004902,849.0,NO
224.5000000004902,850.0,NO
224.5000000004902,851.0,NO
224.5000000004902,852.0,NO
224.5000000004902,853.0,NO
224.5000000004902,854.0,NO
224.5000000004902,855.0,NO
224.5000000004902,856.0,NO
224.5000000004902,857.0,NO
224.5000000004902,858.0,NO
224.5000000004902,859.0,NO
224.5000000004902,860.0,NO
224.5000000004902,861.0,NO
224.5000000004902,862.0,NO
224.5000000004902,863.0,NO
224.5000000004902,864.0,NO
224.5000000004902,865.0,NO
224.5000000004902,866.0,NO
224.5000000004902,867.0,NO
224.5000000004902,868.0,NO
224.5000000004902,869.0,NO
224.5000000004902,870.0,NO
224.5000000004902,871.0,NO
224.5000000004902,872.0,NO
224.5000000004902,873.0,NO
224.5000000004902,874.0,NO
224.5000000004902,875.0,NO
224.5000000004902,876.0,NO
224.5000000004902,877.0,NO
224.5000000004902,878.0,NO
224.64234873169164,879.0617123750294,NO
224.95603984798143,880.0212905052655,NO
225.21972124087605,880.9280520672614,NO
226.10106082483276,882.9494695875836,NO
227.013588895239,884.9932588424228,NO
227.3248805096208,885.9096998785552,NO
228.1568313594027,887.9354223820171,NO
229.0800778514609,889.9599610742696,NO
229.975635611667,892.0118477811516,NO
230.25395479256008,892.917055091638,NO
231.12751455102654,894.9432435240354,NO
232.02864516215016,896.985789753436,NO
232.35968111731356,897.9026568356944,NO
233.1779892271901,899.9329922927407,NO
234.08389118972346,901.9580544051382,NO
234.96371594805993,904.0175728645925,NO
235.2317283390475,904.9265585408108,NO
236.10347697985674,906.9490730965323,NO
237.02231408486995,908.9889742172106,NO
237.32613836781636,909.905447274221,NO
236.19439445603484,912.2753045678405,NO
235.14210380186938,913.1432567723314,NO
234.2280689438568,914.176709915086,NO
233.195670202378,916.0762083934906,NO
232.95641011456033,916.9862411807189,NO
232.72785940044068,917.9467881494699,NO
