X,Y,is_wing_root
238.55945358261775,1073.9852330810734,NO
238.5794174592356,1075.0270206657813,NO
238.69271155217209,1076.0403423376583,NO
238.87719017281026,1077.0277865806768,NO
239.0923801979418,1077.9680677273768,NO
240.03425610536357,1079.980395602919,NO
240.48227565775846,1080.661780725785,NO
241.22592646917573,1081.7929007335442,NO
242.21766224930911,1082.7502829747725,NO
242.9550438393238,1083.0648205087741,NO
244.0429411114317,1083.920492787361,NO
245.23686179260417,1084.4298548075933,NO
246.05300558788036,1084.8471930966925,NO
246.98313865108847,1085.0649071296152,NO
247.95454721477446,1085.2667556927197,NO
248.9628876307687,1085.4151946420336,NO
250.0,1085.4748603364606,NO
251.03724706127153,1085.4167015092744,NO
252.52396376401109,1085.514119134868,NO
254.2771668977629,1087.9342407936292,NO
255.04272178345448,1089.9788904134996,NO
255.45936958886708,1090.755830570091,NO
256.13487675189225,1091.8644161619259,NO
257.215023560773,1092.667846315177,NO
259.0982809025118,1093.8409897543881,NO
260.2574047393255,1094.6699283196456,NO
261.41403404628716,1095.5103746793586,NO
262.0094043668461,1095.9880151663533,NO
263.06166625455245,1096.9193595156048,NO
264.1040785233212,1097.8816760903915,NO
265.1577824949525,1098.8008815255337,NO
265.94703833694865,1099.085948162367,NO
267.0301844627906,1099.9525672722789,NO
268.09367001546286,1100.8877574828985,NO
269.13777775826384,1101.838509750868,NO
270.22711123740083,1102.7182870971274,NO
271.5302234096122,1103.6585551642547,NO
273.09379759980686,1104.8879004309865,NO
274.1227876390768,1105.8675361600515,NO
275.14590765900755,1106.8444720626276,NO
276.3000712791438,1107.4210113068505,NO
277.0332513425997,1107.938688971798,NO
278.1086061291703,1108.8722371710187,NO
279.17742525883875,1109.7708746714575,NO
281.07313243138594,1110.8774222759957,NO
283.04900872615355,1111.9045321407402,NO
284.232456711978,1112.4759874119818,NO
285.0308424937902,1112.93867644946,NO
286.1922446769772,1113.5499849975547,NO
287.02158214842467,1113.957131349862,NO
288.1706905547549,1114.6210848515273,NO
290.14332376916883,1115.7072965314474,NO
292.11297370451,1116.7815519079734,NO
294.08495671798715,1117.8389933203932,NO
296.0804864186542,1118.8075840586205,NO
298.10251590493283,1119.7055394225945,NO
298.99737910298745,1120.005428619344,NO
301.04037701759665,1120.9108559347217,NO
303.0721863036997,1121.745179789322,NO
304.00085713567427,1121.99781820014,NO
306.06940874332645,1122.8358772388576,NO
308.0908556055725,1123.8168400659097,NO
310.08683939296185,1124.7990901024414,NO
312.1049798567961,1125.6672672307247,NO
313.01846321573004,1125.951341733464,NO
315.105360914258,1126.7065206434117,NO
317.1716132026474,1127.6148236996078,NO
318.0155826741934,1127.9718803559535,NO
320.06442392273027,1128.833555786829,NO
320.9718293111373,1129.078521748678,NO
321.9463884397905,1129.3253322581256,NO
323.07145325257454,1129.6282825261878,NO
324.03371165127265,1129.8999055347253,NO
324.96116367398974,1130.1239774969024,NO
325.95011017851124,1130.3648658348973,NO
327.0630032405078,1130.6136906564261,NO
328.0384458900004,1130.88749270516,NO
328.960459755976,1131.116508787219,NO
329.94120778480425,1131.3741322692838,NO
331.0592165445347,1131.6413488403416,NO
332.0354635817951,1131.8796201642458,NO
332.97335858765564,1132.0920506743953,NO
333.964715212631,1132.3045634340683,NO
335.0604945751785,1132.4450280528474,NO
336.07609832377796,1132.7498805869452,NO
337.00178311743514,1132.9946506475264,NO
337.9768015456457,1133.1892303707054,NO
338.99663476568844,1133.2799263117465,NO
340.1232429440239,1133.6358309898242,NO
341.0225247337402,1133.9339792267567,NO
341.98957004891054,1134.1067725918583,NO
343.000805705276,1134.150989175778,NO
345.14773207796634,1134.682769679404,NO
346.00638188914274,1134.9786868985857,NO
346.9933904176652,1135.1118907883383,NO
347.99498357201355,1135.1498239777627,NO
348.99616459623735,1135.1758229914287,NO
349.99911845228775,1135.1912958538283,NO
350.99977594542236,1135.1955996477234,NO
351.9979193405147,1135.2032110873072,NO
352.9919512811186,1135.229777936264,NO
353.98995389556785,1135.2712448216905,NO
354.9976797503631,1135.2979863539742,NO
356.00196171043365,1135.2975260782362,NO
357.00549121825355,1135.2812724078267,NO
358.00832651077366,1135.2511383018132,NO
359.00705079242465,1135.2158452103563,NO
360.00754017392677,1135.1771021355487,NO
361.00435605194707,1135.1417168857852,NO
362.0008852929568,1135.1248263101054,NO
363.0003677959787,1135.1222308670272,NO
363.9988582714015,1135.127746739939,NO
364.9974660693347,1135.1430263143484,NO
366.0,1135.1529411764707,NO
367.00145059167005,1135.1479603489643,NO
368.001868375172,1135.1361244764196,NO
369.0029633954924,1135.1162562843347,NO
370.00315901366895,1135.0847945791597,NO
371.0017767773198,1135.0476924448194,NO
372.000237292963,1135.0048407763006,NO
372.9984729153524,1134.9610593417767,NO
373.99655327107047,1134.9200985572297,NO
374.99498465949557,1134.8781988654187,NO
375.99329764239394,1134.837228447388,NO
376.9736661103171,1134.762001255378,NO
377.9460794060455,1134.6025145312049,NO
379.0139914044728,1134.423369542416,NO
380.007464881281,1134.3728049589834,NO
381.0112471118841,1134.334698526518,NO
382.00998184060904,1134.2914697383962,NO
383.0087177741598,1134.2500032813534,NO
384.0072339545437,1134.2107181041258,NO
385.0057149659834,1134.1744969572824,NO
386.00482105330633,1134.1398105391079,NO
387.00229255868175,1134.113300661537,NO
387.9988314330447,1134.1107801441826,NO
388.99713401500446,1134.1306070299197,NO
389.99695406697,1134.1550219597739,NO
390.99635769368706,1134.1777445523098,NO
391.99614941878093,1134.1996222323414,NO
392.9957949021079,1134.220214331669,NO
393.99595660808683,1134.2390358267567,NO
394.99623015650957,1134.2550927435645,NO
396.0035076507071,1134.2555574079104,NO
397.0077076613553,1134.2312298561724,NO
398.0086450674413,1134.1916949705285,NO
399.00662655804916,1134.1469367195302,NO
400.00490425490875,1134.100046797153,NO
401.00261900431167,1134.0494700819756,NO
401.9998547754377,1133.99725686935,NO
402.9980921709892,1133.9513503605874,NO
403.9961323434925,1133.9103406907216,NO
404.99428563480063,1133.8675306259115,NO
405.9924331080149,1133.8245856871083,NO
406.9642999695956,1133.7350388426314,NO
408.10163526426396,1133.458513627261,NO
409.01169879273334,1133.3260063550722,NO
410.0059762165692,1133.2855303298168,NO
411.0050813669352,1133.2603453355225,NO
412.0013922848791,1133.2453205909887,NO
413.00464587142363,1133.2302287341963,NO
414.0041447953119,1133.2081608303583,NO
415.0010661260822,1133.1951010690436,NO
416.0033622659342,1133.1829468273206,NO
417.0050343392162,1133.1570713765204,NO
418.0025186877621,1133.1326508904524,NO
418.9990569883484,1133.1291926003023,NO
419.99884564806774,1133.139676588485,NO
420.9987692532388,1133.1501511073877,NO
421.9988634127861,1133.1599340623943,NO
423.0008186978678,1133.162920871983,NO
424.0007942279945,1133.1596398237764,NO
425.00077064217544,1133.1564403549798,NO
426.00335675933206,1133.1426622670942,NO
427.00417089021704,1133.1119554765314,NO
428.00346123853706,1133.067893522578,NO
429.00090425252074,1133.018446750872,NO
429.99830712046236,1132.968023386167,NO
430.9965595846242,1132.9202449168827,NO
431.99470644884303,1132.8772858604575,NO
432.9932226324705,1132.8354067776988,NO
433.99452776572684,1132.8006543252418,NO
434.99377268045373,1132.773147647758,NO
435.99302213418036,1132.7458063195468,NO
436.96519614296136,1132.6630843152202,NO
438.0818234647795,1132.4163219071334,NO
438.99727283364496,1132.3245328016894,NO
439.997684655458,1132.3287789313993,NO
441.0066324123606,1132.3176188542627,NO
442.0133507456967,1132.271672150734,NO
443.0127626150471,1132.2062902691744,NO
444.0076554443872,1132.1441775409792,NO
445.0037324924053,1132.0980045921858,NO
446.00130508316846,1132.0714724952609,NO
447.0001361646538,1132.063997384409,NO
447.9992410192487,1132.0719513731606,NO
448.99670769149463,1132.098357713756,NO
449.99453263801263,1132.1381228256853,NO
450.9928726891088,1132.1800583758857,NO
451.9919536405659,1132.2204702465224,NO
452.99391393208714,1132.2532333339439,NO
454.0,1132.2668161434979,NO
455.00534754514905,1132.255077909741,NO
456.00489991674493,1132.2322560548355,NO
457.0077895135571,1132.1985273402508,NO
458.0061354681497,1132.1563715325772,NO
459.00332670554127,1132.1207849964815,NO
460.00173754873595,1132.0965872669426,NO
461.0003613617415,1132.085642732421,NO
462.0001758820425,1132.0837198488985,NO
463.000087066135,1132.0831481547466,NO
463.999912933865,1132.0831481547466,NO
464.9996457904424,1132.084124770949,NO
465.99972806284376,1132.0854789099228,NO
466.9987084602991,1132.0932889084866,NO
467.99694419282116,1132.1145316515779,NO
468.9981044728476,1132.1363321396045,NO
469.9978926041843,1132.1512461691548,NO
470.99535339481906,1132.1730395736101,NO
471.99726445695245,1132.195486116778,NO
473.0,1132.2033492822966,NO
473.9963196147164,1132.2125422494355,NO
474.99569053697496,1132.2319505015919,NO
475.9997325588747,1132.2431039933194,NO
477.00026743993726,1132.2431029134355,NO
478.00407452211823,1132.2322477594419,NO
479.00626194889423,1132.2048551885816,NO
480.006815450739,1132.1650056440305,NO
481.0037252052762,1132.127346828036,NO
481.9970298289175,1132.1247471896495,NO
482.98857625757864,1132.172479786958,NO
483.9796374990507,1132.2509540588583,NO
484.9816376429268,1132.3312569287689,NO
485.99539498174664,1132.3755183021763,NO
487.0050272544168,1132.3753683260597,NO
488.0052028616355,1132.358997460206,NO
489.00116240145337,1132.3483329733697,NO
489.9988376091647,1132.3483297915022,NO
490.9988203692794,1132.3527095765196,NO
491.9942932508661,1132.364416679952,NO
492.979814527052,1132.409812036944,NO
494.0459070656614,1132.5496981231356,NO
495.01687312009585,1132.6649480461324,NO
496.0,1132.7,NO
497.0,1132.7,NO
498.0,1132.7,NO
499.0,1132.7,NO
500.0,1132.7,NO
500.9994098636617,1132.6990304517608,NO
502.0110067493757,1132.7193278930117,NO
503.0095134830601,1132.7574061837756,NO
503.99683621368223,1132.769495568952,NO
504.9971414991952,1132.757027425032,NO
506.0033179730361,1132.7582619652228,NO
507.0116098170931,1132.7958273487384,NO
508.008678315351,1132.852468639583,NO
509.0040530550839,1132.901568655747,NO
510.0027272252795,1132.9484857441653,NO
511.000226482196,1132.9942247040444,NO
511.9973414923832,1133.0437367366742,NO
512.995199881044,1133.097922423781,NO
513.9947319043379,1133.1414067811857,NO
514.9909883443158,1133.1838377704723,NO
515.9920153879722,1133.2262306884563,NO
516.9939581151021,1133.2562766216492,NO
517.9994665517446,1133.2699248321696,NO
519.0010750089431,1133.2692897258944,NO
520.0013373153446,1133.2650558873515,NO
520.9986470123137,1133.2654561900436,NO
521.9986035347763,1133.2711935280777,NO
522.9985577168582,1133.2772068141508,NO
523.9985095014896,1133.2834928036132,NO
524.9987712011108,1133.2893821529715,NO
525.9980926316401,1133.296277887079,NO
526.9986836003725,1133.3034301186617,NO
527.9983010704574,1133.3102245498294,NO
528.9982385462802,1133.3181185543133,NO
529.9962720606633,1133.3310410153197,NO
530.9274558787995,1133.421540166661,NO
532.0368837819276,1133.6442019096023,NO
533.0115868416077,1133.731395946551,NO
534.0120308377169,1133.780866887246,NO
535.0093408163656,1133.83573046612,NO
536.0038029132453,1133.8787821356173,NO
537.0033586047809,1133.9143555787234,NO
538.0020514500675,1133.9581504198732,NO
538.999963030415,1134.0009923415118,NO
539.997718959096,1134.0447434929606,NO
540.996486939349,1134.0895830459326,NO
541.9949532792415,1134.128691378384,NO
542.9941498619111,1134.1657539230234,NO
543.9975692885187,1134.1901564372508,NO
544.9992157896548,1134.1980131079706,NO
545.9989926471998,1134.2016720359147,NO
546.9987496177802,1134.2063130738638,NO
547.9991401338787,1134.2106672054322,NO
548.9988939425627,1134.2147963397774,NO
549.9990891614916,1134.2190566554998,NO
550.9990649744956,1134.2230035931427,NO
551.9990397656112,1134.227095431468,NO
552.9987625402346,1134.2318999708948,NO
553.9987191942774,1134.2374613807576,NO
554.9989425674413,1134.242680771876,NO
555.9986349059013,1134.24817411067,NO
556.9988716373169,1134.2538816125643,NO
557.9967120387081,1134.264531423936,NO
558.922515301201,1134.3683769905515,NO
560.0488545678826,1134.6665144615843,NO
561.0103130466011,1134.771319405236,NO
562.0097959957922,1134.8215729360675,NO
563.0068315665868,1134.8755678959028,NO
564.0030631564356,1134.921889511475,NO
565.0015652223625,1134.9619874544005,NO
565.9999199839813,1135.0020404084623,NO
566.9976222541446,1135.0466403977034,NO
567.9966224304171,1135.0906610801264,NO
568.9937702088665,1135.1323830585,NO
569.9929377566227,1135.17552259244,NO
570.999217420319,1135.1983839549425,NO
571.9996011364983,1135.2006283430485,NO
572.9991867763962,1135.2028992925516,NO
573.9987419128388,1135.2071650109187,NO
575.0016771623598,1135.2050331104135,NO
576.0014164911277,1135.1960828519423,NO
576.9964450410345,1135.200541515451,NO
577.9963276082993,1135.2180482634187,NO
578.9990268438429,1135.2291782865316,NO
579.9982348072283,1135.2352749841302,NO
580.9978828994075,1135.243995841182,NO
581.9988979207307,1135.251274072936,NO
582.9985766777838,1135.2570520023473,NO
583.9988229815185,1135.2630636235147,NO
584.9885118659773,1135.2926095449527,NO
585.8961353129982,1135.434933377653,NO
587.0362399672895,1135.7397311265693,NO
588.0094501018855,1135.839348268547,NO
589.0065603677884,1135.901594478764,NO
590.0022019838581,1135.9659693417152,NO
590.9987182418572,1136.0242109874025,NO
591.9951025352634,1136.080571191221,NO
592.9898194045172,1136.1442251039298,NO
593.9946402676361,1136.1948645569933,NO
595.0012220421976,1136.2061177900669,NO
595.9991842788071,1136.2043381479368,NO
596.9989493949611,1136.2078096773816,NO
597.9989148374905,1136.2120407651068,NO
598.9988796455865,1136.2166765411632,NO
599.9983686331401,1136.2225650592113,NO
600.9985398862883,1136.229237862763,NO
601.9987368135685,1136.2352053207069,NO
602.9984247487806,1136.2415385224015,NO
603.9980746041565,1136.2494762864503,NO
604.9964525951705,1136.2625079671677,NO
605.9230822722883,1136.3665409026605,NO
607.0526060832939,1136.6782147318277,NO
608.0141747482478,1136.799191064739,NO
609.0076772548634,1136.8601642882052,NO
610.0046790212787,1136.9147749706578,NO
611.0016890583244,1136.9738963723785,NO
611.9982066565537,1137.032664469495,NO
612.9968650351079,1137.0799416041523,NO
613.9924725429595,1137.1279667692113,NO
614.9932433792549,1137.1761918903446,NO
616.0007688039049,1137.1937385944864,NO
617.0007561389713,1137.1882785909538,NO
617.9988545686155,1137.1878507467081,NO
618.9986075704877,1137.1931498552703,NO
619.9987553429414,1137.1987302503885,NO
620.998924440217,1137.2037110173685,NO
621.9984314843907,1137.2095088744434,NO
622.9990678285974,1137.2148655115068,NO
624.0027463128866,1137.2087197817182,NO
625.0025571840503,1137.1926412039563,NO
626.0031245017715,1137.173800409053,NO
626.9377817718993,1137.2687827440795,NO
627.8661004317404,1137.5001719374784,NO
629.011008421913,1137.7192852433138,NO
630.01075427337,1137.7615356813906,NO
631.008729651411,1137.806429471914,NO
632.0078533053661,1137.85695765409,NO
633.0060991075403,1137.9259394043256,NO
633.999066447456,1138.010130037844,NO
634.9942581274959,1138.0873278852039,NO
635.9938549408372,1138.1416156896817,NO
636.9963734390502,1138.173211452011,NO
637.9969200931845,1138.1905692342525,NO
638.9995939790407,1138.198950284033,NO
640.0012099015734,1138.1956007522272,NO
641.0009817282047,1138.1879027720768,NO
642.0011422431608,1138.1797129304382,NO
642.9990493945098,1138.1773829928406,NO
643.9988148605167,1138.1821164353948,NO
644.9985516437299,1138.1880794063825,NO
645.9989194160951,1138.1938567593947,NO
646.9957275146267,1138.2074529159809,NO
647.9147283727556,1138.333408026879,NO
649.0488942772375,1138.6927589318207,NO
650.0105448641746,1138.8079328335637,NO
651.0077599187678,1138.8635324591514,NO
652.0050931284279,1138.925785841324,NO
653.0006228006386,1138.9900741148979,NO
653.9976303762896,1139.0464810787118,NO
654.9950605375733,1139.096889451623,NO
655.9964004257987,1139.1355839617495,NO
656.9973678592305,1139.1562253000777,NO
657.9970786005842,1139.1716751726735,NO
659.0008918160574,1139.1760444863378,NO
660.0029794391698,1139.1612207693413,NO
661.004125370414,1139.1325619001034,NO
662.0031218329277,1139.0961725902778,NO
663.0013409599885,1139.063293310705,NO
664.0003195460879,1139.0425909294247,NO
664.9997564087976,1139.03751304458,NO
665.9996417255486,1139.0409328547626,NO
666.9996613149992,1139.043593596666,NO
667.9997473623024,1139.0449189825724,NO
668.9993960499035,1139.047931678086,NO
671.0705947358476,1139.6406448907285,NO
672.0094329471273,1139.781327136409,NO
673.002984552563,1139.8097347864227,NO
673.997015447437,1139.8097347864227,NO
674.9905740448933,1139.7814892241565,NO
675.9930279192577,1139.7460170616462,NO
677.0,1139.7313725490196,NO
677.9390745101064,1139.6189005340307,NO
680.0006553274436,1139.0813542234828,NO
681.000179532451,1139.0788147501798,NO
682.0002642273791,1139.0777709272547,NO
683.0,1139.0771276595744,NO
683.9999126148034,1139.0773358990082,NO
685.0003457654844,1139.0767599388996,NO
686.0003354870693,1139.0751491046474,NO
687.0009582860035,1139.0664165874846,NO
688.000840698879,1139.0507221620771,NO
689.0001397149314,1139.042426766342,NO
690.0000458772423,1139.0419776770332,NO
691.0000907977967,1139.0416761883166,NO
692.0002217385907,1139.0410216399919,NO
693.000129291014,1139.040209504253,NO
694.0,1139.0399061032863,NO
695.0001266683632,1139.039647197424,NO
696.0001241278023,1139.0391002569695,NO
697.0,1139.038812785388,NO
697.9994718342593,1139.045566301504,NO
698.9994464018993,1139.0586198875749,NO
700.0001351450802,1139.06473449745,NO
701.0000669133057,1139.0643036883387,NO
702.0002634761331,1139.0636294898125,NO
703.0001291769448,1139.0627799973468,NO
703.9998035061221,1139.0637295136225,NO
704.9990249779064,1139.0731266587254,NO
705.9975721955622,1139.095267047668,NO
706.9980825488602,1139.1179232419076,NO
708.0,1139.127105042305,NO
709.0006361445128,1139.126338304602,NO
710.0003724198144,1139.1242640737291,NO
710.9984517732079,1139.1295349771494,NO
711.9988850037535,1139.1404895322962,NO
713.0005680626749,1139.144287911235,NO
714.0,1139.143137254902,NO
715.0016126696545,1139.1370769243326,NO
716.0039953054962,1139.1132003295677,NO
717.0019847536793,1139.0843520286987,NO
718.0001403207655,1139.0715635941451,NO
719.0014681194863,1139.0575954565863,NO
720.0007864669193,1139.033424843011,NO
721.0,1139.021568627451,NO
722.0002075595438,1139.0075610975778,NO
722.9990108543964,1138.9747767872964,NO
723.9994014831453,1138.949126065977,NO
724.9991251824109,1138.9362632901275,NO
725.9974977756564,1138.914924369463,NO
726.998535680082,1138.8933138348582,NO
728.0002211079054,1138.8872349623641,NO
728.9942597023934,1138.8669294655665,NO
729.9924499164794,1138.8249753378711,NO
731.0003863787159,1138.8029468445952,NO
731.9972149131203,1138.7970865279283,NO
732.9934153008948,1138.7761202229121,NO
734.0,1138.7607843137255,NO
735.0065932839515,1138.7758283381322,NO
735.9970252278616,1138.7832666019833,NO
736.9973032672435,1138.770777709508,NO
738.0068759694799,1138.780828464353,NO
738.9971054423224,1138.7891107983937,NO
739.9941414040885,1138.7701627765052,NO
741.0036877687243,1138.7649047590453,NO
742.0,1138.7725490196078,NO
742.9893041571877,1138.7520509184726,NO
743.9956395829536,1138.722023431284,NO
745.0038358418026,1138.7205315266315,NO
745.9885725148804,1138.7085991316233,NO
746.9870794263734,1138.6705253749778,NO
748.0,1138.6490196078432,NO
748.9972168399726,1138.6451470758411,NO
749.9964352471669,1138.636395214413,NO
751.0,1138.6313725490197,NO
752.0,1138.6313725490197,NO
752.9940980078935,1138.6237480275663,NO
753.9946347496749,1138.6091031917435,NO
755.0,1138.6019607843136,NO
755.9944449894755,1138.5952778058256,NO
756.9925855150572,1138.5798458730694,NO
757.9974572379132,1138.5677304315543,NO
758.9956856136149,1138.559932592815,NO
759.9929005101948,1138.5474075542163,NO
760.9963562694467,1138.5354243274044,NO
762.0,1138.5313725490196,NO
762.9925305121293,1138.5238201790673,NO
763.9922864810952,1138.5082632016502,NO
765.0,1138.5000000004902,NO
766.0,1138.5000000004902,NO
767.0,1138.5000000004902,NO
768.0,1138.5000000004902,NO
769.0,1138.5000000004902,NO
770.0,1138.5000000004902,NO
771.0,1138.5000000004902,NO
772.0,1138.5000000004902,NO
773.0,1138.5000000004902,NO
774.0,1138.5000000004902,NO
775.0,1138.5000000004902,NO
776.0077113882887,1138.4916009715794,NO
777.0155358984917,1138.4660769860227,NO
778.0077969276922,1138.4418258817036,NO
779.0,1138.4333333333334,NO
780.0146102299129,1138.4139565404314,NO
781.0105372258807,1138.3838560811612,NO
781.9933064654272,1138.3793002745579,NO
783.0102445589031,1138.3731946413857,NO
784.0163789612585,1138.3341307997046,NO
785.0035968936352,1138.3057359672468,NO
786.0056755301325,1138.2894520292075,NO
787.015824677414,1138.2445631867708,NO
788.0086780082697,1138.1924253975824,NO
789.0016224269702,1138.1654875494241,NO
790.0088235649002,1138.1216221046977,NO
791.003639600175,1138.0562483641272,NO
792.0000442187428,1138.0225515599905,NO
792.9996743841969,1137.9938494792084,NO
793.9910751998419,1137.9172427636363,NO
794.9879801330122,1137.8297185495226,NO
795.9934265485579,1137.776502643469,NO
796.9860509627372,1137.7365181821965,NO
797.9878536523012,1137.6902681359895,NO
799.0012917572632,1137.6706018882326,NO
799.9974012389537,1137.668657947299,NO
800.9959880693211,1137.6589858830828,NO
802.0020239858237,1137.6559223990791,NO
803.000667068738,1137.6597949258394,NO
803.9952518997131,1137.6540669801107,NO
804.9979069713783,1137.6441851230447,NO
806.0020935503863,1137.6440964230574,NO
806.9921621088112,1137.636606855679,NO
807.9901507478073,1137.6136062613518,NO
808.9976303252112,1137.5971552731373,NO
809.9918577740169,1137.5847464856927,NO
810.9888531096539,1137.56269891857,NO
811.9946286649287,1137.5434365066017,NO
812.995381179647,1137.5307278280034,NO
814.0175860459179,1137.5009511013086,NO
815.0078588419494,1137.4682945351763,NO
815.9880456648812,1137.4689777608746,NO
816.9913427414714,1137.4905779601327,NO
818.0,1137.5000000004902,NO
819.0,1137.5000000004902,NO
820.0,1137.5000000004902,NO
821.0,1137.5000000004902,NO
822.0,1137.5000000004902,NO
823.0,1137.5000000004902,NO
824.0,1137.5000000004902,NO
825.0086572585286,1137.4905779601327,NO
826.0119486762744,1137.468755760055,NO
827.0035519638125,1137.4528754124585,NO
828.0,1137.4490196078432,NO
828.9964480548658,1137.452873030969,NO
829.9963867797012,1137.4606856149126,NO
830.9953974611126,1137.4694589621397,NO
831.9953014685242,1137.4792502060725,NO
832.9961715847653,1137.488122970832,NO
833.9961100174288,1137.4959728066917,NO
835.0038899825712,1137.4959728066917,NO
836.0038281790899,1137.4880928623686,NO
837.0083780396889,1137.4747555599602,NO
838.0190816118442,1137.4423464530887,NO
839.0142773337357,1137.4045244814772,NO
840.0037574462024,1137.3832595090714,NO
841.0,1137.3784313725491,NO
842.003660761524,1137.373397671972,NO
843.0035651418445,1137.363644464754,NO
844.0,1137.3588235294117,NO
845.0,1137.3588235294117,NO
845.9992945063372,1137.3598017868046,NO
846.9964156740549,1137.3656012429963,NO
847.9933108643593,1137.3790510017502,NO
848.9961475561337,1137.3929492707014,NO
850.0112422205759,1137.3822355124034,NO
851.0070316940296,1137.3586163861576,NO
851.9958249407324,1137.354880047329,NO
852.9992906867842,1137.3617497589219,NO
854.004195640776,1137.3566294755854,NO
855.0073256678434,1137.3396446069128,NO
856.0062566428378,1137.319088776403,NO
857.0091899296077,1137.2929290175723,NO
858.011012789067,1137.2552964719205,NO
859.0072645403335,1137.2179362246277,NO
860.0044677114519,1137.1898777306901,NO
861.0036046035007,1137.1671225293367,NO
862.007394862837,1137.1257126677606,NO
863.0036115972024,1137.0736765807303,NO
864.0,1137.049019607843,NO
864.9993536025985,1137.0549437806092,NO
865.9982942111747,1137.0724960227833,NO
866.9975311936059,1137.0968531736178,NO
867.9968837515238,1137.1222528244496,NO
868.9968549865694,1137.1458142620213,NO
869.9963898145903,1137.1673813269438,NO
870.9955330844294,1137.1898439057336,NO
871.9949801573941,1137.2133433039935,NO
872.9919632250363,1137.2411032650855,NO
874.0053339315342,1137.2473004670644,NO
875.0096314469331,1137.2135668632461,NO
876.0021911830504,1137.1862505643114,NO
877.0017198794181,1137.1754276990205,NO
878.001936198753,1137.1645768984513,NO
879.0034500114065,1137.1466254801296,NO
880.0043218946289,1137.1160087529338,NO
881.0029487308154,1137.0791501445547,NO
882.0012251126342,1137.04806211088,NO
883.0004319258268,1137.0275352696751,NO
883.9999595907473,1137.020608719946,NO
884.9990313154138,1137.0352877952264,NO
885.9993564690935,1137.0547001285274,NO
887.0015098046961,1137.042777802434,NO
888.0002571200827,1137.0187330345364,NO
889.0,1137.0117647058823,NO
890.0000193122489,1137.000895386104,NO
890.9997244789502,1136.9824355342087,NO
891.9998924160517,1136.9725660923912,NO
893.0,1136.9705882352941,NO
894.0000557432745,1136.9715709285265,NO
895.0000999569974,1136.9745109649132,NO
896.0000442188531,1136.977448383732,NO
896.9999557479291,1136.9774314426397,NO
897.9981566788088,1136.9552336252548,NO
898.9891235300437,1136.8890600072762,NO
899.9884856042837,1136.8105696255202,NO
900.9995598797747,1136.7755386733966,NO
902.0034093373855,1136.7826547557465,NO
903.0057191014527,1136.8055505440873,NO
904.0048583995368,1136.8348144102085,NO
905.003999660051,1136.8640115537046,NO
906.0017840527258,1136.8862666460896,NO
907.0002056998643,1136.8950930637493,NO
908.0,1136.8960784313726,NO
908.999584703976,1136.8940995107598,NO
909.9963891942556,1136.8772326005721,NO
910.9812793364467,1136.8163934915979,NO
911.9781301128663,1136.7279599289275,NO
912.9968223229071,1136.6758769395385,NO
913.9953585648418,1136.663164417973,NO
914.99581767227,1136.6486844536703,NO
915.9978409267441,1136.6387150713504,NO
917.0,1136.6365301684416,NO
918.0007100275805,1136.6393059931663,NO
919.0,1136.6411764705883,NO
919.9992945083933,1136.6401992618369,NO
920.9992906675287,1136.6382404207604,NO
922.0,1136.637254901961,NO
922.9918397907142,1136.624630375649,NO
923.9885325681128,1136.5937252754723,NO
924.9941629805996,1136.5640195660012,NO
925.9966862975157,1136.5469695193126,NO
926.998044341363,1136.5365089047552,NO
928.0009885225548,1136.5334173350032,NO
929.0047894441865,1136.5440449205798,NO
930.0066792354768,1136.566740269013,NO
931.0061289964051,1136.591808828472,NO
932.0015484531215,1136.6066929295032,NO
932.9956663363827,1136.6016969357795,NO
933.9877355759115,1136.570745144106,NO
935.0389414814963,1136.4923696857097,NO
936.0340536696519,1136.3947703209637,NO
937.0201507030154,1136.314813454367,NO
938.0101057765451,1136.2619308138114,NO
939.0029441928943,1136.2355354315482,NO
939.9992788176463,1136.2305379543036,NO
940.9935782623506,1136.2458241116128,NO
941.9866372743599,1136.2835867297388,NO
942.9838404032506,1136.334433392078,NO
943.9825324841123,1136.3855040128587,NO
944.9910609607568,1136.4237104621764,NO
946.0058606558333,1136.4278278806166,NO
947.0149699287076,1136.3967031114903,NO
948.0172669415687,1136.3467777563208,NO
949.0108532485602,1136.3017203124475,NO
949.9994172888761,1136.284363015731,NO
950.9964134425429,1136.291706672453,NO
952.0035851604217,1136.2915930469076,NO
953.0066892196292,1136.2720282696514,NO
954.003112620277,1136.2531597818988,NO
955.0,1136.24678111588,NO
955.996887379723,1136.2531597818988,NO
956.9933092388786,1136.2720909569991,NO
957.9891180660914,1136.3031395897153,NO
958.9851778194659,1136.3437334356313,NO
959.990727932567,1136.378609419474,NO
960.9939972657578,1136.3965806440658,NO
961.9959012498581,1136.408235530411,NO
963.0040987556097,1136.408236075002,NO
964.0078802473488,1136.3924363263056,NO
965.0074696381002,1136.3719879852931,NO
966.0035839791806,1136.3569643406163,NO
966.9964160208194,1136.3569643406163,NO
967.9925303618998,1136.3719879852931,NO
968.9921193502288,1136.3924563669423,NO
969.9869658997173,1136.4183525726569,NO
970.9905588798728,1136.4464301116082,NO
972.0075988183864,1136.4465423151519,NO
973.0119543626258,1136.4175782555972,NO
974.0113514069833,1136.3859478503762,NO
975.0137631529599,1136.3509603978607,NO
976.0133781535184,1136.3101299201587,NO
977.0054972774856,1136.280361144453,NO
977.9945028691859,1136.280353664209,NO
978.9879038361931,1136.308452174775,NO
979.9856731204401,1136.347938526577,NO
980.9879275229853,1136.384810219724,NO
981.987782794211,1136.4153850107602,NO
982.9842181547658,1136.4471523099724,NO
983.991620794422,1136.474821627009,NO
984.9961718209101,1136.4880928623686,NO
985.9961100160818,1136.4959729784287,NO
987.0,1136.5000000004902,NO
988.0,1136.5000000004902,NO
989.0,1136.5000000004902,NO
990.0,1136.5000000004902,NO
991.0,1136.5000000004902,NO
992.0,1136.5000000004902,NO
993.0086572585286,1136.4905779601327,NO
994.01195671693,1136.469071201159,NO
994.9917844563381,1136.4655474522033,NO
995.9876052878665,1136.4862540898582,NO
997.0,1136.5000000004902,NO
998.0,1136.5000000004902,NO
999.0,1136.5000000004902,NO
1000.0,1136.5000000004902,NO
1001.0,1136.5000000004902,NO
1002.0,1136.5000000004902,NO
1003.0,1136.5000000004902,NO
1004.0,1136.5000000004902,NO
1005.0,1136.5000000004902,NO
1006.0,1136.5000000004902,NO
1007.0,1136.5000000004902,NO
1008.0,1136.5000000004902,NO
1009.0,1136.5000000004902,NO
1010.0,1136.5000000004902,NO
1011.0,1136.5000000004902,NO
1012.0,1136.5000000004902,NO
1013.0123866622109,1136.4859382852044,NO
1014.0194231812034,1136.4502646518117,NO
1015.0122250256733,1136.415650886834,NO
1016.0046590600509,1136.39602011503,NO
1016.9953409873692,1136.3960160843112,NO
1017.9911101423938,1136.4121661337517,NO
1018.9923790529937,1136.4318536433093,NO
1019.9884537835454,1136.4529669517888,NO
1021.0045251496766,1136.4615652627206,NO
1022.0079031150522,1136.4478431651548,NO
1022.9920969595934,1136.4478389352405,NO
1024.0,1136.456862745098,NO
1025.0044298362388,1136.4518432921548,NO
1026.0008746596238,1136.4460764313783,NO
1026.9991253394955,1136.446076880535,NO
1027.991050722055,1136.456413163293,NO
1028.9878056087687,1136.478395346801,NO
1029.9961105506266,1136.495904823973,NO
1031.0,1136.5000000004902,NO
1032.0,1136.5000000004902,NO
1033.0,1136.5000000004902,NO
1034.0,1136.5000000004902,NO
1035.0,1136.5000000004902,NO
1036.0,1136.5000000004902,NO
1037.0,1136.5000000004902,NO
1038.0,1136.5000000004902,NO
1039.0,1136.5000000004902,NO
1040.0,1136.5000000004902,NO
1041.0086545470574,1136.4904243101012,NO
1042.0197390576302,1136.4575872416515,NO
1043.0216538858854,1136.4090178489105,NO
1044.014287870997,1136.3643407077047,NO
1045.0195304137649,1136.3112659670521,NO
1046.0157266105084,1136.250642853108,NO
1047.0025382456163,1136.2157508832147,NO
1047.9978949822294,1136.214711810605,NO
1048.997348541259,1136.2253739990608,NO
1049.9995444267886,1136.2323423499479,NO
1051.0,1136.2333333333333,NO
1052.0004555732114,1136.2323423499479,NO
1053.0026502055118,1136.2252674745855,NO
1054.0070043148353,1136.1984555995782,NO
1055.0081987521992,1136.0300817531145,NO
1055.955708686572,1135.8301611243985,NO
1056.9915784197583,1135.6420828510597,NO
1057.9932781403224,1135.6190946362458,NO
1058.995342918338,1135.6041480480528,NO
1059.9984161332002,1135.59611395419,NO
1060.9984007026626,1135.5921791669707,NO
1061.9991945538259,1135.589222429737,NO
1062.9967402374803,1135.584380254534,NO
1063.9941498115681,1135.57377198692,NO
1064.993085318041,1135.5591890536532,NO
1065.9937470936857,1135.5444311127246,NO
1066.9954169420052,1135.5325280888858,NO
1067.9943739840799,1135.5217886338644,NO
1068.9952054674325,1135.5109576826746,NO
1069.997076541275,1135.5030120009967,NO
1071.0,1135.5000000004902,NO
1072.0,1135.5000000004902,NO
1073.0086527702874,1135.4903236264813,NO
1074.0247120098911,1135.4501116029717,NO
1075.0217350075684,1135.395887632787,NO
1076.0175440339794,1135.3441329611765,NO
1077.0123201758631,1135.299204290725,NO
1078.011097515294,1135.2572605798985,NO
1079.0077192846315,1135.2187130784182,NO
1080.0061528366127,1135.1845851107646,NO
1081.0050540576945,1135.1516217410049,NO
1082.0012779206115,1135.1303479011603,NO
1083.0026686260958,1135.1134166054821,NO
1084.00240770345,1135.0877091960767,NO
1085.002613715479,1135.041656090133,NO
1085.996987423687,1134.9665996973977,NO
1086.9852227986503,1134.8700625427794,NO
1087.975657370619,1134.7657596061888,NO
1088.9844722030682,1134.6832329520412,NO
1089.9923419520078,1134.6449450404205,NO
1090.9918721597267,1134.6231637614878,NO
1091.9914077939134,1134.6016340733456,NO
1092.9926210545123,1134.5818597754221,NO
1093.9914376098804,1134.5633181152973,NO
1094.9885624567034,1134.5374657526045,NO
1096.0222544392288,1134.4900922015813,NO
1097.0195260706296,1134.4369500741675,NO
1098.0200290284995,1134.384330600008,NO
1099.0139328767712,1134.3383698867904,NO
1100.0095074127662,1134.3030487936421,NO
1101.0054537214041,1134.278139784351,NO
1102.0030904681907,1134.262689803303,NO
1102.9994944174928,1134.257847092174,NO
1104.0024883136539,1134.2538079903218,NO
1105.00332063582,1134.2419320376084,NO
1106.0056517830374,1134.221723795382,NO
1107.0101686902715,1134.1788286960896,NO
1108.0081227052642,1134.1150716589127,NO
1109.003219865549,1134.0356985093479,NO
1109.9945626647889,1133.9445391812612,NO
1110.9781494199071,1133.8379820019265,NO
1111.9649197318495,1133.7092913389308,NO
1112.9767454664468,1133.5930456635779,NO
1113.991700244792,1133.537288652531,NO
1114.9973324990376,1133.5235843240157,NO
1116.0005171994405,1133.5298656883651,NO
1116.9959828772253,1133.5350180326523,NO
1117.992868804861,1133.5252661477584,NO
1118.9909037531722,1133.5039870285057,NO
1120.0173434509697,1133.4643089731574,NO
1121.015390466689,1133.4181809643615,NO
1122.0109825247293,1133.378897104929,NO
1123.0060901609595,1133.3514381147327,NO
1123.9989710506768,1133.3412682048124,NO
1124.9986415348237,1133.3423332428883,NO
1126.010545748463,1133.3250007861675,NO
1127.0143524036687,1133.2815279074546,NO
1128.0129646491428,1133.2279990086795,NO
1129.0080437863958,1133.1783622171315,NO
1130.0048979849882,1133.1387762501288,NO
1131.0027695829722,1133.1086528701087,NO
1132.0018381000418,1133.0852210036708,NO
1133.0009286034488,1133.0676553939174,NO
1134.0003400860537,1133.057814630976,NO
1135.0010669469018,1133.0418571475554,NO
1136.000371648531,1133.009477037471,NO
1136.9979628355482,1132.9628945051018,NO
1137.9947535280792,1132.9077344566865,NO
1138.9891058685312,1132.8456664695145,NO
1139.9848160734464,1132.777522480817,NO
1140.9816278873313,1132.7104204968698,NO
1141.9886032894105,1132.6584440446686,NO
1142.9982055738117,1132.6400380860646,NO
1143.9964128989411,1132.6355505136692,NO
1144.9948495860583,1132.6247555567768,NO
1145.9938843720658,1132.6101287444317,NO
1146.9952505075692,1132.5962931324702,NO
1147.9942846399272,1132.5835951959198,NO
1148.9940965419044,1132.5698909114385,NO
1149.9939082772423,1132.556174486089,NO
1150.9937200011848,1132.5424572305112,NO
1151.9871428158856,1132.5185698725486,NO
1153.011969888997,1132.48310470707,NO
1154.0166705207978,1132.4465945018721,NO
1155.018212672676,1132.4038462135295,NO
1156.0181266293557,1132.3555607931246,NO
1157.0155579744946,1132.3051756419889,NO
1158.0116334705642,1132.257959560419,NO
1159.0099534037429,1132.2115098246086,NO
1160.011721000824,1132.1423264464813,NO
1160.9980343181721,1131.9920811106906,NO
1161.9450743938567,1131.790737973612,NO
1162.9469655283694,1131.5499646417861,NO
1164.0226745793557,1131.4102815508384,NO
1165.0384869935615,1131.2800068305357,NO
1166.025233842357,1131.0979549969927,NO
1166.9690955768458,1130.8947886144838,NO
1167.9413520621877,1130.6538621699247,NO
1168.9615664636576,1130.4867992709917,NO
1170.0358680664144,1130.3649668079165,NO
1171.0380475237928,1130.1940614931013,NO
1172.0000801211752,1130.0002900737454,NO
1172.948656033311,1129.7873541987892,NO
1173.9482625061023,1129.5650218190262,NO
1175.0265040740785,1129.4184167930287,NO
1176.0403017249782,1129.279888541688,NO
1177.0247353651648,1129.0899634372931,NO
1177.9635457304933,1128.8801088869513,NO
1178.9420740518617,1128.6272591300135,NO
1179.9668988341907,1128.4817955544308,NO
1181.0285886890983,1128.3923003572231,NO
1182.0421947056539,1128.2340307444733,NO
1183.0098960642856,1128.0343248078434,NO
1183.9527934627642,1127.8201564767521,NO
1184.9452168188066,1127.5877790172997,NO
1186.0418436217356,1127.3920300621874,NO
1187.052452797004,1127.1667998930138,NO
1187.9619230277567,1126.919508172633,NO
1190.010211595917,1126.0498879005547,NO
1190.9346538284158,1125.8354814028091,NO
1192.9121941274034,1124.7945969884922,NO
1194.907278922109,1123.7511506569579,NO
1196.993859096829,1122.9074629492575,NO
1197.99510172647,1122.8706279501025,NO
1198.9920679814234,1122.8366725274132,NO
1199.9865711254793,1122.7912834205415,NO
1200.922636580994,1122.64633865289,NO
1202.9806375460275,1121.9313197291435,NO
1203.8147959547107,1121.580645123291,NO
1205.8093614991778,1120.665546490591,NO
1207.8583491819704,1119.69842084544,NO
1209.9883549490803,1118.9383089537416,NO
1210.927968961705,1118.7466705021748,NO
1213.0017427508324,1118.0125800240426,NO
1213.9906251323703,1117.9015638873093,NO
1214.9899108897616,1117.8208173985315,NO
1215.997674959197,1117.771887669087,NO
1216.999715764403,1117.7512938608877,NO
1218.1546147711595,1117.4093440948739,NO
1219.03638256381,1117.080126995286,NO
1219.9002988952293,1116.8031837023198,NO
1220.867334815003,1115.9112801540255,NO
1221.7130787714555,1114.709192708013,NO
1222.9227826026429,1113.8798031097351,NO
1224.0032358198184,1113.003597792879,NO
1225.9229152669116,1111.7977533047883,NO
1227.993265868403,1110.9547851170037,NO
1228.9829453341729,1110.8511896769405,NO
1229.9817032096805,1110.7711648019786,NO
1230.9218801171512,1110.6140784378433,NO
1232.999075022393,1109.9915757412186,NO
1233.9906979676218,1109.899974442909,NO
1234.986937399566,1109.8270667783809,NO
1235.9169467012189,1109.6554171535058,NO
1237.0214068501753,1109.0276231551768,NO
1238.009038279586,1108.0061630682476,NO
1238.71521248931,1105.9785368244152,NO
1239.9418675106958,1103.8638669579398,NO
1242.010812318117,1103.0633510426246,NO
1242.9611554626633,1102.8791673911596,NO
1244.0937435466092,1102.1907196273428,NO
1244.9531289950908,1101.9076941487194,NO
1246.0310146120494,1101.0339576025128,NO
1247.0337921205896,1100.0327231271292,NO
1248.0170528972906,1099.0160651655287,NO
1249.0119946295017,1098.012158659166,NO
1250.037233613274,1097.045257491447,NO
1250.7053963703468,1096.590576496487,NO
1251.943106162465,1095.8955998031627,NO
1253.0437431166167,1095.057907553678,NO
1253.7512046662616,1094.6439545240978,NO
1254.8795432691866,1093.8275475656212,NO
1256.8039219366797,1092.6394309170316,NO
1258.9900094054783,1091.9216808783444,NO
1259.908329314862,1091.7338155039758,NO
1261.023105124847,1091.030761793551,NO
1262.0734842789425,1090.1277093155065,NO
1262.9049822894415,1089.827148632107,NO
1263.9890162219028,1088.9879629827474,NO
1265.003313042991,1088.0033463398083,NO
1265.9951046865056,1086.995417486137,NO
1266.9820179247417,1085.9825374707746,NO
1267.9763849649273,1084.976461760671,NO
1268.9800557511742,1083.9784794008353,NO
1270.0127963865284,1083.0161851525081,NO
1271.0789174865617,1082.155540856304,NO
1271.9525953494758,1081.8907361607107,NO
1273.076958835507,1081.1502529655197,NO
1273.933572751428,1080.8655825014123,NO
1274.9995884204784,1079.9996104447873,NO
1275.7590202594333,1078.9052558269782,NO
1276.88581750591,1076.9317690007213,NO
1277.9225959182188,1075.8763445911127,NO
1279.9817992957057,1074.8461213252722,NO
1281.9880721459883,1073.9873953883653,NO
1282.7626411989086,1072.0025461611133,NO
1282.7306955266827,1071.0022850074772,NO
1282.9759363279368,1069.989348866708,NO
1283.7426219925674,1067.9558688538461,NO
1284.9761508004774,1065.9769039347811,NO
1286.832840811351,1064.6506801508397,NO
1287.9514958601999,1063.9469247898824,NO
1288.9493884252738,1062.954330026086,NO
1289.6888927435616,1061.85378414999,NO
1291.0205232188744,1060.0233437693014,NO
1292.077824167135,1059.1497589378926,NO
1292.9371757532858,1058.8786500065053,NO
1294.0415363754444,1058.0521092717343,NO
1294.7124672709044,1057.6036711268023,NO
1295.7916618853249,1056.7478502870763,NO
1296.9419878458111,1055.9051077259508,NO
1298.0190670203706,1055.0215398757457,NO
1299.0212676028134,1054.020155570312,NO
1299.8014220995578,1052.9250546180415,NO
1300.0841450292407,1052.0360313310753,NO
1300.8395627590482,1049.9776653488339,NO
1302.003404565785,1048.0034155658232,NO
1303.8980286544295,1046.7729520193682,NO
1304.9818971263553,1045.9802705782047,NO
1305.8207314481108,1044.905772460733,NO
1306.972202144729,1042.9790575546672,NO
1307.9895540343534,1040.994545663492,NO
1308.6735374347152,1039.858813606991,NO
1310.01851469365,1038.0218680285084,NO
1310.6338877564103,1037.4985854208032,NO
1311.8447457132904,1036.805754911369,NO
1312.8242929949322,1035.8483441349724,NO
1313.620480680723,1034.7123955318257,NO
1314.0564670104911,1034.0457465974007,NO
1315.000091647029,1033.0000816491709,NO
1315.9791861758556,1031.9801706128126,NO
1316.9587023713802,1030.9634371333177,NO
1317.936369613884,1029.9424483252685,NO
1318.6772585310969,1028.8400658006906,NO
1319.9811463653577,1026.9830317292756,NO
1320.9657923253424,1025.9673883294302,NO
1321.7490989237917,1024.870815809572,NO
1322.0584471207858,1024.0289059119834,NO
1322.8254707875308,1021.9823986331138,NO
1323.7275118915425,1019.8997701072806,NO
1324.7545585441057,1017.8952047731599,NO
1325.7659481291005,1015.9019782740277,NO
1326.713037997955,1013.9169118085028,NO
1326.8596324129678,1012.9968952455038,NO
1326.8518783514096,1011.9996514784771,NO
1326.8776552366714,1010.9870423032603,NO
1328.0029472932288,1009.0026315117694,NO
1328.9830806266682,1007.9835865212904,NO
1329.9821410956943,1006.9820800395571,NO
1330.9723600345465,1005.974275676541,NO
1331.7512745008762,1004.880717121389,NO
1332.9921893903024,1002.993591914993,NO
1333.7511790384722,1001.8870295611977,NO
1334.813878936483,999.912381602809,NO
1335.8250399289307,997.9303211339322,NO
1336.7248068083861,995.9198613224764,NO
1337.5099745163168,993.6471816747821,NO
1338.5902086576261,992.5847447429239,NO
1339.5954877547495,991.6488833644818,NO
1340.0559940721466,991.0434767672987,NO
1340.8078743469616,989.9282664038775,NO
1341.6811646915999,987.8906731543161,NO
1341.8870666167807,986.9820152922748,NO
1342.6971123742094,984.9014037674485,NO
1343.1469808698344,983.0715958403413,NO
1343.926691427324,981.9604154263199,NO
1344.7494414198213,980.8001991415223,NO
1345.6586263480795,979.6876500268182,NO
1346.7510506985163,978.6670380050084,NO
1347.9669586687542,977.9324323353178,NO
1348.640380035314,977.4767434188042,NO
1349.7645613187065,976.7312873255657,NO
1350.7342365145678,975.7586278109073,NO
1351.6214873910474,974.6509617531686,NO
1352.0605045804093,974.0552782685415,NO
1353.023511557983,973.0201633926073,NO
1353.8544590316887,971.9267044759188,NO
1354.4630444274658,970.6375806410873,NO
1355.0356277173469,970.0262245063686,NO
1355.7194951251242,968.9072176199359,NO
1355.9169710245226,967.9892194724636,NO
1356.797583389502,965.9182257080391,NO
1357.8495106589062,963.8974995184524,NO
1358.7214341230742,962.7763761871496,NO
1359.6451345467835,961.6836059372094,NO
1360.5726546962978,960.6139840363156,NO
1361.027497988462,960.0230455415364,NO
1362.5817163114266,958.5100658581954,NO
1363.5727675765866,957.5339282722191,NO
1364.4504033337773,956.504655344955,NO
1365.0259952122094,956.0216229275037,NO
1365.8129409217345,954.9178386905284,NO
1366.0911408748923,954.04054646028,NO
1366.4340107079706,953.157766263315,NO
1366.7766454130985,951.992538265484,NO
1366.8089194241488,950.9929387916006,NO
1366.841200204744,949.989655328248,NO
1366.8831860125556,948.988276226381,NO
1367.6612370977646,946.8928207830354,NO
1367.8411782307899,945.9992382649166,NO
1367.8680478950232,945.0015414965753,NO
1367.8900361296544,943.998230466473,NO
1367.9423559401703,942.9950898291642,NO
1368.9382625129056,940.9574861600299,NO
1369.980271638158,939.9666724764925,NO
1370.5959601676366,939.5040458944214,NO
1371.049096729423,939.0478256180488,NO
1371.9203336493524,937.964092565828,NO
1372.1838664037914,937.0802326128896,NO
1372.8552784496455,935.9372036033054,NO
1373.5278203558278,934.5364842014243,NO
1374.680758802628,933.6144859390627,NO
1375.6355349184632,932.711801250145,NO
1376.0709919067501,932.0491980368427,NO
1376.723567001998,930.9219399046206,NO
1376.8864876319612,929.9908246354034,NO
1376.9259564490499,929.0000857978597,NO
1376.8866209741827,928.0095243599948,NO
1376.8016191724253,927.0209890970776,NO
1376.731450453549,926.004561996874,NO
1376.8063270622972,924.9719508167234,NO
1377.7190340197444,922.8464285249444,NO
1378.703309551269,920.8635657036427,NO
1379.214572019296,919.0904394412746,NO
1379.775660126356,917.9399817973236,NO
1379.8961285549294,916.99378759295,NO
1379.921374352076,915.9985704428395,NO
1379.9352458838584,914.9981680877834,NO
1380.1055988804428,914.0370001188847,NO
1380.8129032031607,911.9699229730904,NO
1381.809933866689,909.9091456937822,NO
1382.8889309239676,907.9468387359757,NO
1383.1613998313562,907.0777279646537,NO
1383.7558797173685,905.9453272311648,NO
1383.8695589574863,905.0009100537424,NO
1383.8542166132713,904.0088505373792,NO
1383.807939049054,903.0140111802185,NO
1383.7620663429789,902.0081682647367,NO
1383.761656646082,900.9907413789592,NO
1383.828378845452,899.9820058983659,NO
1383.9366580778424,898.9913890009531,NO
1384.0583491503683,898.0077247104527,NO
1384.1877457153867,897.0258879186805,NO
1384.3698573607428,896.1015981619664,NO
1384.7230178713523,894.9605258979119,NO
1384.8062302672738,893.9925808884622,NO
1384.8312177348876,892.9938344379449,NO
1384.8738749996758,891.9910643149483,NO
1384.96289187602,890.9947886893591,NO
1385.896204776184,888.949249298697,NO
1386.5882214951055,887.7244935261687,NO
1386.9976650185183,886.9987839335982,NO
1387.6146647817566,885.8228201392227,NO
1387.8938406728425,884.9801204821644,NO
1387.9930482160692,883.9995842234458,NO
1388.7146392151171,881.911032403774,NO
1389.0244456375694,881.0114915392279,NO
1389.7812383813682,878.97747306032,NO
1390.8384716288986,876.9006161713997,NO
1391.714751780824,875.683491679049,NO
1392.7458063259521,874.7436055092387,NO
1393.476830561821,873.6910267293603,NO
1393.8553388216387,872.9673345737687,NO
1393.9547039882007,871.9992643339173,NO
1393.9506532206638,870.9997677798474,NO
1394.106766698083,870.0359361101168,NO
1394.746779628598,867.977235460761,NO
1394.8317194602967,866.9825655294319,NO
1394.9154135179265,865.9927662646717,NO
1394.9669205490077,864.9989722149758,NO
1394.9564218952373,864.0015617585705,NO
1394.8991345274744,863.0065375772019,NO
1394.8447111141268,862.004323588553,NO
1394.8471324211116,860.9928062319841,NO
1395.0522776219852,860.0200090531614,NO
1395.7072815964293,857.9855408033686,NO
1395.7331128046246,856.9937933211187,NO
1395.7423883413906,855.9924742659707,NO
1395.7554926920745,854.9896371468553,NO
1395.7688289927626,853.9912970913706,NO
1396.0014923406814,853.0006192209033,NO
1396.6622421168618,850.9873484558609,NO
1396.6837895803797,849.9894717545999,NO
1396.7069796025783,848.9877340297178,NO
1396.7427269700693,847.978249864322,NO
1397.7132854074262,845.861661295057,NO
1399.026909143675,844.0264362251854,NO
1400.012039546579,843.0104368172238,NO
1400.8069518168052,841.9151020549316,NO
1401.7574799187187,839.9131319561952,NO
1402.990859356234,837.9908301531829,NO
1404.0097914801602,837.0110261320772,NO
1405.0100024041346,836.0084495196527,NO
1405.7180711777924,834.9000805645966,NO
1405.9299113425593,833.986050315018,NO
1406.6329516045196,832.3037725674292,NO
1406.8333218168805,831.9435587083414,NO
1407.0176244053198,831.0026586694377,NO
1407.2024460463174,830.0612767678339,NO
1407.4818631372584,829.1144896793805,NO
1407.676633375513,828.0021135072994,NO
1407.6920977787072,826.9906086471589,NO
1407.7500064750182,825.9773736547278,NO
1407.8624311112985,824.9772548587334,NO
1408.7409464161603,822.8447379980894,NO
1409.5995424206994,821.2952671396257,NO
1409.8382221010713,820.9355416198553,NO
1410.0319074194786,820.0059581419995,NO
1410.787343474232,817.9412611175601,NO
1411.7618393467783,815.8049778833769,NO
1412.710367782221,814.7870648158738,NO
1413.0584035960053,814.0273278869104,NO
1413.7775105019114,811.9761343452226,NO
1413.804037515321,811.0034229254775,NO
1413.7739573097806,810.0015002832826,NO
1413.7656422445496,808.9947453418844,NO
1413.7961391758988,807.9864404493542,NO
1414.0313669849904,807.0141458949706,NO
1414.8662746334635,804.9791437507098,NO
1415.6954701698733,802.9058038193757,NO
1415.8790253650643,801.9872097296841,NO
1415.9393958922535,800.9975595661432,NO
1415.9584144626465,799.9991051809664,NO
1415.975059614868,798.9990847564884,NO
1416.0004197798364,798.0000156197152,NO
1416.0483132123186,797.0036810067079,NO
1416.682587290347,794.9185818667836,NO
1416.864207003377,793.9772117497232,NO
1417.0060642821543,793.0012968119624,NO
1417.6999701605791,790.9476510447773,NO
1417.8017311287094,790.000466514987,NO
1417.8052946354403,789.0009119688567,NO
1417.8112632090788,787.996681064689,NO
1417.8305228741258,786.9923513882552,NO
1417.8799680040133,785.9864625566067,NO
1418.7819572327182,783.9238677449705,NO
1419.0712121427562,783.0301074123763,NO
1419.7543731933856,780.9825357090575,NO
1419.7972677265343,779.9917588508073,NO
1419.81366696648,778.9993461998897,NO
1419.8008628049615,778.0083359757133,NO
1419.0268732635634,775.9809195813355,NO
1418.1617778006746,774.914294817634,NO
1417.8629408148486,773.0057776704966,NO
1417.8913237526972,771.9928220787482,NO
1417.9926049967576,770.9990497075158,NO
1418.1107228767032,770.0120693188603,NO
1418.2053341574724,769.0123102008334,NO
1418.236209271097,767.9963047887176,NO
1418.1924992532288,766.9880263622944,NO
1418.1268867899382,765.9923235750449,NO
1418.0637378819006,764.9963126844985,NO
1418.0152127002807,763.9995335728811,NO
1417.9973277273327,762.9999968450146,NO
1418.0155142405304,762.000514690445,NO
1418.066736679589,761.0041313181938,NO
1418.146675484792,760.0133661110345,NO
1418.2608260246564,759.0340487183347,NO
1418.4313236895382,758.0923066215622,NO
1418.711947317486,756.9613950013572,NO
1418.821921855939,755.9813479339972,NO
1418.9154234918615,754.9898813655383,NO
1419.0210052549996,754.0028610184481,NO
1419.1458443557517,753.02263102072,NO
1419.7295469225105,750.9578856533183,NO
1419.798381028945,750.0041053636284,NO
1419.6531592322726,749.0890357547407,NO
1418.9116555095138,747.0118986027983,NO
1418.8482562516817,745.9980522973455,NO
1418.946053320344,744.9911373313855,NO
1419.6269264972889,743.3018534979266,NO
1419.848876232902,742.9400986086686,NO
1420.070306268123,742.0161713063131,NO
1420.292487703822,741.0956513896759,NO
1420.5720727683608,740.017711273552,NO
1420.00500350702,737.9991213353378,NO
1419.8933603274122,737.0077419903449,NO
1419.9080487144704,735.9921675100286,NO
1420.7569992124966,733.878853828644,NO
1421.0455380880703,733.0164161995716,NO
1421.2750213043857,732.0499729689468,NO
1421.409828703529,730.9989327378148,NO
1421.2605733895373,729.9518433962666,NO
1421.0210319120524,728.9914617528058,NO
1420.690303527315,728.1986829973753,NO
1419.8473022876094,727.1243395632887,NO
1418.9633445271447,726.0211015235336,NO
1418.0419646339271,723.9932218648022,NO
1417.9516697990764,723.0023696678177,NO
1417.9559695439375,721.9974336534209,NO
1418.6366266814453,719.7879821939699,NO
1419.4941903721783,718.4986567011927,NO
1420.042392635144,718.0415517889387,NO
1420.9340859211593,716.9649151752552,NO
1421.195950681331,716.0863748409034,NO
1421.6086460520216,714.9994385165605,NO
1421.1869583801556,713.9170555503958,NO
1420.9205444765005,713.0478129140989,NO
1419.9748797679683,712.033771599895,NO
1418.8973611171784,711.1124546664058,NO
1417.942809026901,710.0350200236329,NO
1416.9374128353202,708.0104311947437,NO
1416.8394410414705,707.0044394180951,NO
1417.1146057993749,705.0644866425813,NO
1418.0348965180574,704.0341553539324,NO
1419.0374055775744,703.0380982742215,NO
1420.0229134644958,702.0195960265062,NO
1420.9713443220103,700.9776647986431,NO
1421.9944106694293,698.9971592882115,NO
1422.641325664929,697.8485363563104,NO
1423.0042125474508,697.0020980567359,NO
1423.7579898222077,694.9880883344326,NO
1423.9967278968152,693.9986660199183,NO
1424.653734824601,691.9868808825036,NO
1424.6779154015305,690.9861267400178,NO
1424.7029837267994,689.981056723048,NO
1425.6459209637253,687.8518541650457,NO
1426.0187509349048,687.0094125244358,NO
1427.0384398065876,685.0170254102208,NO
1427.7856136882438,682.9695185340112,NO
1428.9906461473292,680.9907984903366,NO
1429.991798466259,679.9920630319733,NO
1430.9601436593898,678.9676095464857,NO
1431.8250490584062,676.9753533325692,NO
1432.7689241189894,674.897941481119,NO
1433.8122156250522,672.9205627823388,NO
1434.7630645428005,670.9230414254322,NO
1434.9483599127916,669.9932950228648,NO
1435.052590349004,669.0058851102585,NO
1435.8039847136445,666.9380747741205,NO
1436.640910743051,664.8101630094541,NO
1437.587263046377,662.8123922901228,NO
1437.938783690863,661.9800349684098,NO
1438.812956979034,659.888113235427,NO
1439.6486250050564,658.7011670367357,NO
1440.057230039706,658.0464189658936,NO
1440.8343878140768,656.9263437528776,NO
1441.906083530008,654.9536395356673,NO
1442.5349473965587,653.7284482905054,NO
1442.9628385000974,652.984406346247,NO
1443.475780006165,651.7473431426654,NO
1443.8624944622866,650.9594534938655,NO
1444.0242638123689,650.0041499901782,NO
1444.8767969722273,647.960903573455,NO
1445.1209843041577,647.0476793098491,NO
1445.4427409736168,646.1550213553362,NO
1445.7654667431138,644.9920586932288,NO
1445.7832596402966,644.0012217607979,NO
1445.7742350954763,643.0093124875626,NO
1445.6569354144565,642.0661026910243,NO
1445.1248792128301,639.9959130440233,NO
1445.1436700039064,639.0073985751047,NO
1445.772734447643,636.9420591903238,NO
1445.9310487546713,635.9919099186566,NO
1446.009947521845,635.0004644336861,NO
1446.0277274823384,633.9998484837,NO
1445.9958640448501,633.0001592501936,NO
1445.9528182935424,632.0010996845922,NO
1445.9537005618165,630.9975299958609,NO
1446.6776316415885,628.8997342556537,NO
1446.8818901856096,627.9812960095328,NO
1447.505595209107,625.7885468728161,NO
1447.893162611067,624.9625797977677,NO
1448.6201826335964,623.2875018774577,NO
1448.8455847360576,622.9425198701834,NO
1449.7370756378114,620.9213193934935,NO
1449.9342673990277,619.9908399387011,NO
1450.6053737505963,617.9069809515275,NO
1450.747021038671,616.9930175657952,NO
1450.7376291469254,616.0117229531138,NO
1450.6982169082676,615.0102734671727,NO
1450.7192409474967,613.9802028870009,NO
1450.8403416035317,612.9732745734992,NO
1450.9951567870562,611.9990182676863,NO
1451.6792661127936,609.8830887485356,NO
1451.9435909560425,608.9839027846588,NO
1452.7548668140646,606.9195176792259,NO
1453.1695551053253,605.0811954040494,NO
1453.926258363891,603.9607847932748,NO
1454.799081725005,602.8097209869346,NO
1455.7894179379357,601.7997744367664,NO
1456.7110251213305,600.7598499610508,NO
1457.5555131367553,599.6394122632784,NO
1458.0483117868307,599.0408085300473,NO
1458.8439561477608,597.9393633952964,NO
1459.1083392512865,597.0405259034138,NO
1459.4088142456174,596.1152535788707,NO
1459.6549942807096,595.0007356198671,NO
1459.699271715241,593.9692064704343,NO
1460.6259522217774,591.7500018989721,NO
1460.9764827821934,590.9915549145918,NO
1461.1761108672586,590.0310783883398,NO
1461.8076649535592,587.9500119326705,NO
1462.5011936088738,585.6727199105384,NO
1463.0339561613084,585.0280857721492,NO
1463.995202901935,583.9959710646763,NO
1464.859218203251,581.9895841629865,NO
1464.9065874590733,580.9967322514475,NO
1464.9211985163713,580.0,NO
1464.9023849730916,579.0033009912656,NO
1464.8594118449541,578.007594798409,NO
1464.8069966915891,577.0108118658882,NO
1464.75490314713,576.0136326058737,NO
1464.7005814130503,575.0224388627788,NO
1464.6446373605484,574.0209520170428,NO
1464.6080958965647,573.0063065027467,NO
1464.6170442460977,571.9854238298265,NO
1464.6787885298486,570.9703900743003,NO
1464.7663198008847,569.9727373099863,NO
1464.8636473785266,568.9829769899237,NO
1465.0825251185224,568.0335326336174,NO
1465.776643253938,565.9835805432755,NO
1465.8169621628967,564.9930765831534,NO
1465.831158437625,563.9993977114303,NO
1465.8239120183723,563.0031406894125,NO
1465.7943573635173,562.0118966815128,NO
1465.0503189333713,559.975969058328,NO
1464.7323986879603,559.1127970696493,NO
1464.0270753080558,557.9865712283595,NO
1463.014966608862,555.9922320045903,NO
1462.7402237718616,555.0372025230089,NO
1461.9956017870788,553.0019280602578,NO
1465.157562430619,550.9982296356209,NO
1465.5954504442236,550.1082637212309,NO
1464.9623462245138,546.9606673930361,NO
1465.9573239073163,545.9614178345829,NO
1466.7252603368659,544.8552363248338,NO
1467.9774568119208,542.9809916902597,NO
1468.6861031143444,541.8657243330405,NO
1469.0165944974858,541.0078693402669,NO
1469.7365561268552,538.9819814322025,NO
1469.9893253291723,537.9952777479297,NO
1470.6846112770845,535.972508489095,NO
1471.9216107125196,533.9289943195289,NO
1472.5937601260007,532.8077007602245,NO
1472.9967473105264,531.9981802520531,NO
1473.953772758718,530.9593457492173,NO
1475.0079348109045,529.0034524056688,NO
1475.6226869355908,526.9957700329669,NO
1475.6141230996832,525.9898569505237,NO
1475.6406532317428,524.9742418881609,NO
1475.9458223125757,523.9729445587134,NO
1476.6584118734995,521.9980300568599,NO
1479.911173627349,523.9979812188184,NO
1479.7553886816079,523.048922262935,NO
1476.6756926671842,521.0062579172162,NO
1476.6795470714633,520.0106817635678,NO
1476.6691069631272,519.0126295054407,NO
1476.6773962708464,517.9891649882667,NO
1476.7728147697887,516.9677591910187,NO
1477.678585474746,514.7629856931791,NO
1478.0793599422457,514.0611859075274,NO
1478.99224781934,512.994079558267,NO
1479.7363888500452,511.87712730270573,NO
1480.7295476328138,509.89436021513404,NO
1481.4991315806753,507.7639585623357,NO
1481.890498172704,506.9675807797174,NO
1482.0674898979337,506.01117930794027,NO
1482.9012598407535,503.95319910772355,NO
1483.9347194962052,502.8895380743642,NO
1484.9887611294407,501.9904954183898,NO
1485.799948135134,499.983498545971,NO
1485.8703726921544,498.98835146263724,NO
1485.9508644502391,497.9954171091297,NO
1486.1300047227899,497.04280449377416,NO
1486.3980335764597,496.1228623982013,NO
1486.6958689205294,494.9887112911912,NO
1486.7304933807402,493.9896457393005,NO
1486.7727008313032,492.9879310180115,NO
1486.83794011299,491.98622309666126,NO
1486.913679424954,490.99265148324395,NO
1486.9737114106936,489.9985462530897,NO
1487.0128498977642,489.00054041624725,NO
1487.0356667885524,488.000631643252,NO
1487.0150537490063,486.9992002140403,NO
1486.950840399008,486.0043544637268,NO
1486.87481507006,485.01088564644806,NO
1486.8148354488192,484.00650068090505,NO
1486.8183390070308,482.98941175927854,NO
1486.9027379398176,481.98560800018674,NO
1487.7000970289037,479.90907197550354,NO
1487.8770527869149,478.98614264061433,NO
1488.0867141874476,478.03472991702506,NO
1488.8301734481033,475.97952445809216,NO
1489.0546774317481,475.02305841190037,NO
1489.7645911115376,472.9815095007117,NO
1489.8269493552914,471.9819959539811,NO
1490.0538710519438,471.0240303622709,NO
1490.9998895622725,468.99994932533104,NO
1491.7242824598538,466.9776969403124,NO
1491.7897024239205,465.98203233591124,NO
1492.0239022814126,465.0097999355177,NO
1492.671398637873,462.99365922409623,NO
1492.69125525944,461.9933263367654,NO
1492.716940058962,460.988651662787,NO
1492.7586691174295,459.98286241674384,NO
1492.8325536684747,458.9799550342667,NO
1493.0593631565962,458.02615082736963,NO
1493.7826368695569,455.9874252733784,NO
1493.8100466015142,454.9997752030742,NO
1493.790689650702,454.01156003115887,NO
1493.6311070054371,453.09909093555274,NO
1492.8178567790403,451.06990090670024,NO
1491.907518657798,449.01580590243697,NO
1491.7937806855796,448.02301872705175,NO
1491.7237261608607,447.0112509709319,NO
1491.7130716454503,445.9951477731811,NO
1491.7446261213718,444.9875638991705,NO
1491.7891784694998,443.988929462881,NO
1491.8277876400189,442.9936657519932,NO
1491.8538052895929,441.99781296751644,NO
1491.8646731431131,441.0001553695294,NO
1491.8820227877125,439.99606290079254,NO
1491.9362503965065,438.9937916063174,NO
1492.7434223903908,436.91084438271383,NO
1492.9020840850194,435.98977348730057,NO
1492.9191216168851,435.0002011900052,NO
1492.8690564138715,434.01042336963593,NO
1492.8000065927656,433.0198540667937,NO
1492.0006516849548,430.99967718660577,NO
1491.7324793218645,430.02965211025884,NO
1491.6753603089226,429.0204318692624,NO
1491.6380775207697,428.01414409656996,NO
1491.6138060231033,427.0061861736813,NO
1491.612307438716,425.99154287220216,NO
1491.633212401862,424.9851244890991,NO
1491.6580377317953,423.98555089063257,NO
1491.675743137086,422.988738383914,NO
1491.9343415609421,421.9705389210934,NO
1492.1237840695649,420.99968820134313,NO
1491.9278590532758,420.0349585593025,NO
1491.64004825935,419.02604633053954,NO
1491.5993602038689,418.01898986416074,NO
1491.5849210026233,417.0009498374976,NO
1491.6094562622245,415.98301983767794,NO
1491.6383307058497,414.9895952446945,NO
1491.6421747277818,414.0053653154293,NO
1493.6303052409303,410.98655655446623,NO
1491.938034441345,407.9435424888936,NO
1492.7665276229714,405.98191013083,NO
1493.0113813702544,405.0049275663725,NO
1493.6789741360033,402.99306087448804,NO
1493.7194471039993,401.9796607219106,NO
1493.7931861293978,400.9782172376056,NO
1494.0308355634995,400.01351483097835,NO
1494.7416336893168,397.990165988438,NO
1494.7513879190665,397.00544824654446,NO
1494.0445417245814,394.97851930046824,NO
1493.7917418208565,394.0297511675534,NO
1493.0135568566486,391.99385944165624,NO
1492.7645129456128,391.015363923818,NO
1492.7326089639184,390.006521732879,NO
1492.7295052415973,389.00186548111327,NO
1492.7328830109743,388.0003052765692,NO
1492.7325979506982,386.9996943976476,NO
1492.7301643458627,385.9987622217804,NO
1492.7263778593124,384.999369534204,NO
1492.7072631793874,384.0107921414153,NO
1492.0271271281058,381.9884029003559,NO
1491.7358623732491,381.07421176622057,NO
1491.0280595661388,378.99765319989393,NO
1490.9872514909007,378.00070661481044,NO
1490.964414654509,377.0008069239543,NO
1490.9665366402517,375.9995859426969,NO
1490.9881046817666,374.9995972239823,NO
1491.0155558454044,374.0006222338139,NO
1491.020388238403,372.999858415009,NO
1490.9788271687762,372.0013493693429,NO
1490.920701378686,371.00526238032415,NO
1490.8639238328233,370.0102324389658,NO
1490.7013216077908,369.08593155506816,NO
1490.0508986732032,367.96379372600404,NO
1489.5663422481148,367.29475807012534,NO
1488.9059752021547,366.0430459299237,NO
1488.0350757035385,363.99541766363353,NO
1487.953224912592,363.00437539792966,NO
1487.8434368661362,362.02949212424454,NO
1487.1321729370775,359.9687591248098,NO
1486.9048038633505,359.0365037803063,NO
1486.4567771035056,358.310413094366,NO
1485.7981546960634,357.13679881271764,NO
1484.8018775268329,355.0387340566329,NO
1484.6634592845544,354.02253455998056,NO
1484.6679021028397,352.9748465922395,NO
1484.7575425832558,351.96854020155433,NO
1484.815539401582,350.9896702064996,NO
1484.7179093415398,350.0638148530951,NO
1483.9069643862438,348.02577562263065,NO
1483.725334170356,347.04055468683924,NO
1483.6488114697095,345.99536894257415,NO
1483.709538055267,344.9734196900605,NO
1483.797211623626,343.97992417574767,NO
1483.872183245951,342.99301781370434,NO
1483.910649589872,341.9995041597699,NO
1483.9015130889359,341.00368783577983,NO
1483.8424333199728,340.01513741025167,NO
1483.6702433540802,339.08737142135055,NO
1482.9067322819853,337.0148969271047,NO
1482.8042365430488,336.0070864595839,NO
1482.8271898881974,334.98829728374744,NO
1482.920397001356,333.99113512061643,NO
1483.0259225775487,333.0024645750646,NO
1483.0983986531187,332.00271444575503,NO
1483.0714476177998,330.9946924627967,NO
1482.9090603751877,330.0279814228011,NO
1482.5548334305574,329.2545935940733,NO
1481.8138401478745,328.1499341577174,NO
1480.9330576365037,327.0409647290628,NO
1479.7589848060297,325.11303021052004,NO
1478.7772233939402,323.0313732721355,NO
1478.683095195621,322.03090001650486,NO
1478.6281808623507,321.0078933668924,NO
1478.6373224946703,319.98497304907437,NO
1478.6773496993262,318.9787344116068,NO
1478.729753206917,317.9800279508318,NO
1478.771558930352,316.99281966340305,NO
1478.7753338555744,316.0085909419244,NO
1478.739364539218,315.02050609686626,NO
1477.9992246479592,313.00034492116174,NO
1477.7401897699965,312.0138688734981,NO
1477.6972905010525,311.0162291799039,NO
1476.9246168749262,309.0669420943275,NO
1477.2062873472653,306.5817446380547,NO
1478.976092883504,305.0049124213473,NO
1478.8846248077007,304.0134854123005,NO
1478.7051051069298,303.0287702330395,NO
1478.381171284521,301.9379488587858,NO
1478.0753451105668,300.97930079377477,NO
1477.7854382657526,300.07309245513346,NO
1474.5912922946607,300.00285144897333,NO
1473.9475762444526,298.0252269469682,NO
1472.9793288600451,296.0096741971523,NO
1472.7092886256032,295.02140630039224,NO
1472.6747228238378,294.0134907588216,NO
1472.6519269661298,293.0134482767333,NO
1472.6424118940768,292.002410706319,NO
1472.6542507002544,290.99730184490886,NO
1472.6639275405018,290.00149034359134,NO
1472.359420545489,288.87957078099356,NO
1472.0920093040893,287.9667936346802,NO
1471.9080319202408,287.006670692809,NO
1471.8586460311874,286.01069880972113,NO
1471.8020712469192,285.01512264687443,NO
1471.7370743687154,284.0163962534644,NO
1471.6734443899732,283.0098956246753,NO
1471.6328156883626,281.99663904507327,NO
1471.6238224788606,280.98857404698,NO
1474.0864033222642,279.5631760184473,NO
1471.0034893819309,277.998534992301,NO
1470.7750291517266,277.0030215866298,NO
1470.7837793726856,276.0049082340512,NO
1470.7804343256273,275.0051662512243,NO
1470.773157289678,274.00500582040473,NO
1470.7564954701766,273.00922577482413,NO
1470.7357181289042,272.0060064062508,NO
1470.4746082877134,270.85642102953096,NO
1470.1627801713696,269.9418795470646,NO
1469.9632609600174,269.0057771462941,NO
1469.7691428600601,268.08442953164064,NO
1468.8073537720486,266.08585903781045,NO
1467.8729177052446,264.01556418113785,NO
1467.728722083976,263.05647292324363,NO
1466.8325810985355,261.1246340686021,NO
1465.8939925084,260.1198345561363,NO
1464.8194636415442,259.21313320881666,NO
1463.8573443914092,258.09050194783356,NO
1463.0038028211193,256.99712941004736,NO
1462.1685904091908,255.91973047130418,NO
1461.5837061990972,254.2058156524427,NO
1460.628621144798,252.22502266057006,NO
1459.9250002994663,251.04209269951588,NO
1458.7393370849206,249.1442662698665,NO
1457.894161760671,247.01744061157103,NO
1457.7209996401223,246.06681236208135,NO
1456.9413294673068,244.02448455402822,NO
1456.4934138888639,243.31923110952744,NO
1455.785063952523,242.14487201241658,NO
1454.6789065834137,240.15828549501364,NO
1454.0067445478055,238.9966420762869,NO
1453.620009993543,238.31403513881534,NO
1452.6517024764007,237.44163779264437,NO
1452.0375031692365,236.95408490528376,NO
1451.0144073345143,235.98591851849613,NO
1449.9000408594175,234.01357178345012,NO
1449.8134017496811,233.01822003194255,NO
1449.0742793601823,230.96874383294463,NO
1448.8434634010923,230.02137080701374,NO
1447.9419439315602,228.0518516026854,NO
1446.9705390295203,227.02583643614565,NO
1445.7384681220417,225.12224166472268,NO
1444.9925545731026,224.00646126119213,NO
1443.9758787035075,223.033560066613,NO
1442.885001662863,222.19353378296157,NO
1440.896394765402,221.2030882563623,NO
1439.5463291807341,220.50385563117376,NO
1438.8184245206448,219.02862766516455,NO
1437.9714389350522,217.0249962357124,NO
1436.898758943599,216.19622563344961,NO
1436.0618211802241,215.8921650811056,NO
1435.0304037585759,214.96596758336213,NO
1434.0051606699587,213.99398954568255,NO
1432.9122054603074,213.20116286005623,NO
1430.9025055638667,212.22130638885702,NO
1429.0083963670452,210.9910878154208,NO
1427.9849023236247,210.0172469993555,NO
1426.0079957654734,208.98272155170594,NO
1424.8601808655803,208.30622963777728,NO
1422.746699421382,206.09948574573986,NO
1422.0109475399001,204.99135009203349,NO
1421.0508427735942,203.95254080486993,NO
1420.5279131311622,203.5312455982141,NO
1420.031266595243,202.96099353755258,NO
1418.9391094153684,202.124877300334,NO
1417.7221427560562,201.3362199524799,NO
1416.666868591282,200.32363275161893,NO
1415.665598080155,199.33721791950478,NO
1414.6237482394467,198.55210856687575,NO
1414.0063872578219,197.99024561603903,NO
1411.975820406199,197.12823335235535,NO
1409.823103138385,196.41752426624018,NO
1408.975128442774,196.07825885465004,NO
1407.3073823983166,195.35747164560115,NO
1406.9356159483302,195.15167222952866,NO
1404.911135340009,194.17049886241352,NO
1402.9113393530608,193.2269489502748,NO
1400.8272797066652,192.4066928357723,NO
1399.0739852842994,191.83453433556036,NO
1397.94634022183,191.10633882576474,NO
1396.7780649134052,190.27815864214847,NO
1395.6784234093052,189.4502072401636,NO
1394.9967089372988,189.00567373260466,NO
1393.8567545677104,188.3276118010248,NO
1392.9896647854034,188.0359271735421,NO
1390.8897292865227,187.30410296920937,NO
1389.9884551658174,187.03495079929922,NO
1387.931630158585,186.19011813172654,NO
1387.0085718192581,185.9663435508173,NO
1384.9157838830995,185.31050115744017,NO
1383.9789007781364,185.08485757328543,NO
1383.0250346087848,184.8940123576254,NO
1380.9554863971962,184.16213084117746,NO
1380.008043707957,183.9652451116043,NO
1377.9395121444609,183.2333103184072,NO
1376.989742461715,183.06343477555637,NO
1376.0101281592258,182.92832379956766,NO
1375.025548363008,182.79764792585306,NO
1374.0786452827465,182.63975385513945,NO
1372.9498884608852,182.3298709242385,NO
1371.9806283553664,182.20184004704353,NO
1370.9892186071108,182.10322383410534,NO
1369.999618098438,182.00371486071498,NO
1369.010091310584,181.90478198897537,NO
1368.020954142501,181.80209977301044,NO
1367.030277795233,181.69622387779785,NO
1366.0390273503021,181.58998326073092,NO
1365.032519278339,181.49130556967424,NO
1363.9797927998109,181.41537023506325,NO
1362.9846539370683,181.3644689932667,NO
1361.9940298832837,181.33748717789317,NO
1360.995906363839,181.32749089289567,NO
1359.9872156473125,181.3049068107449,NO
1358.9817827971733,181.25640033738156,NO
1357.9831099863504,181.1907335705486,NO
1356.9877167500335,181.10475525912096,NO
1356.0008302362537,180.99425371888748,NO
1355.02361101397,180.8593458131669,NO
1352.9541519105799,180.20743163558163,NO
1351.9928543307399,180.0684601242189,NO
1351.0011759784534,179.98263471799078,NO
1350.0029470761065,179.92302930795125,NO
1349.0005933863392,179.89402119890076,NO
1347.9977130709672,179.89708818739058,NO
1346.9964789802762,179.930498135113,NO
1345.9991258850753,179.98748923007076,NO
1345.0035286690356,180.05180982177382,NO
1344.0076338802655,180.1150007132454,NO
1343.0119218992768,180.17807154179238,NO
1342.012869471036,180.23462035940798,NO
1341.063749301085,180.3687121810765,NO
1338.9974076244166,180.9774899661756,NO
1338.005124796769,181.0670679940469,NO
1337.0058490447097,181.1293922861374,NO
1336.0048583152181,181.16966731593035,NO
1335.008023808021,181.20793125884796,NO
1334.0083307991624,181.25103474435073,NO
1333.0050624572125,181.28476320758912,NO
1331.998009346754,181.2972708758585,NO
1330.9951281441022,181.290037843163,NO
1329.999057659239,181.28050342940026,NO
1328.9993966582083,181.27090047422067,NO
1327.9942712334396,181.26744293765833,NO
1326.9916938332444,181.01908173487413,NO
1326.0910823753115,180.77933103060622,NO
1324.9178116096261,180.83169076000868,NO
1324.0314251170869,181.0654689899633,NO
1323.0139962444748,181.3715002972506,NO
1322.0129353443435,181.40358272546905,NO
1321.0073458658462,181.42973316962247,NO
1319.9990552233576,181.44121070550852,NO
1318.9946150680867,181.45184475434286,NO
1317.023869170262,182.05540159828354,NO
1316.0134780786657,182.32602379544264,NO
1313.9862018921067,182.96660457840076,NO
1313.0230241858594,183.1955938169406,NO
1312.1017427135182,183.38177741598813,NO
1309.9999136705987,183.99806894757637,NO
1309.0029679440054,184.041646957458,NO
1308.0427546545873,184.16872446894772,NO
1306.9042476962538,184.79989155992072,NO
1306.0471581978536,185.08706128425925,NO
1304.0885125916013,186.2181731792392,NO
1302.0427997566162,187.15530197976827,NO
1301.234034181934,187.53556134429152,NO
1300.8905094287284,187.7459818687142,NO
1299.0585585577812,188.17959408668952,NO
1296.9813323499648,188.8905167479526,NO
1296.004632432458,189.03053347974495,NO
1295.0212269669835,189.1560013696904,NO
1294.0800550233541,189.33912755477343,NO
1292.0034070095762,190.0239598653975,NO
1291.0675315369663,190.22018686994542,NO
1289.0850205490894,191.19023348107174,NO
1287.0765563109276,192.21654498868193,NO
1284.9900042962959,192.95229077643697,NO
1284.0252192791606,193.11859527933805,NO
1283.055431559354,193.29629489139975,NO
1281.9175039526363,193.65776392787976,NO
1280.9727311954605,193.897741986131,NO
1280.047788644657,194.12989530811222,NO
1278.9154863373203,194.81046935654942,NO
1277.1082445468055,195.29285339239945,NO
1275.0067807119337,196.08601817453885,NO
1274.004551867033,196.13685947511283,NO
1273.0116780824287,196.1795257692333,NO
1271.00052908774,197.0006683722402,NO
1269.172174735665,198.2795620526386,NO
1267.0691079683743,199.21459842315886,NO
1265.9488989305548,199.5653775007965,NO
1264.9802172547218,199.67190502194904,NO
1263.968967468964,199.80870356789254,NO
1263.0060323190346,200.01801516257873,NO
1262.137379771153,200.30817623877724,NO
1260.9964759699333,200.9934878522752,NO
1260.2372451940114,201.3974788557542,NO
1258.6389437446762,202.3288056591131,NO
1257.1329507720275,203.20623582124273,NO
1255.1751281577838,204.4054004772976,NO
1253.0026496373696,205.0308646954317,NO
1252.0099900230098,205.11745026999947,NO
1251.077879974718,205.2855599102395,NO
1249.0175989781374,206.09521498546516,NO
1248.0929098840322,206.27943085082023,NO
1246.0225458877396,207.08188744425874,NO
1245.1526728493877,207.36266141551235,NO
1243.1619503360696,208.27891446981138,NO
1242.0253723637343,209.0431330177518,NO
1241.3386060582134,209.5618421933582,NO
1240.0900583202306,210.1826182576019,NO
1238.1102849018537,211.21770938369033,NO
1236.2016388775523,212.3017078212588,NO
1235.0932211394627,213.1146343062146,NO
1234.029886354405,214.03756664554354,NO
1232.9727640679155,214.96178605237654,NO
1232.2635460322288,215.38124621698134,NO
1231.1405834905577,216.18754372778088,NO
1230.0471255328664,217.06961281777637,NO
1228.1026938206207,218.2116984354711,NO
1226.0257090458165,219.08424656435062,NO
1223.969710695263,219.91611402502156,NO
1223.0852368298288,220.17967536392166,NO
1221.2016593396531,221.29138440670712,NO
1220.0289892480464,222.06108953970602,NO
1219.2184429123724,222.48408028112146,NO
1218.0276075393078,223.05613533048506,NO
1217.2707114874886,223.54718280431177,NO
1215.6418788856897,224.27157682092073,NO
1214.0149580222148,225.04806668475487,NO
1213.170919978113,225.38398461145198,NO
1212.0139424028505,226.02558431044642,NO
1211.2779889463598,226.45347920482277,NO
1210.049304997443,227.09992129392904,NO
1208.932941076121,227.86005094227465,NO
1208.0466198408888,228.12183318418934,NO
1206.9179902246458,228.82567064443384,NO
1206.040900474512,229.09040537384868,NO
1205.3204511468648,229.56754599282223,NO
1204.0520804589994,230.10818846884771,NO
1202.9321372407567,230.8916525879398,NO
1202.1164241658269,231.19593334826916,NO
1200.2221401692223,232.35866962190548,NO
1199.0871290392986,233.1234328064234,NO
1198.0052682083651,234.00763309533957,NO
1197.4529195742412,234.547143944765,NO
1196.529162902349,235.46528002724935,NO
1194.9782134342367,236.97405354017542,NO
1194.2374231565566,237.4038641596348,NO
1193.0234503404233,238.06340277121097,NO
1191.0036958979124,239.0072318772068,NO
1190.2272967965016,239.3776623610837,NO
1189.051736437593,240.08442347650856,NO
1187.1593024657573,241.28831778909296,NO
1186.0142740531528,242.0271965220358,NO
1185.3195202147529,242.51932797239064,NO
1184.1449258181838,243.20289613654018,NO
1183.0614674574545,244.0813261794328,NO
1181.1131240805232,245.25006376211232,NO
1179.0670972067792,246.1635243356567,NO
1177.9746947182257,246.96848096420982,NO
1177.4428321642117,247.40740558820542,NO
1176.4854383370894,248.40334216017604,NO
1175.1420413818998,249.288904011674,NO
1173.190502749601,250.34252009760155,NO
1172.038007733595,251.06667736280238,NO
1170.134825719072,252.23920691644668,NO
1168.2157795203912,253.37291128660743,NO
1167.034899696043,254.06555483377127,NO
1166.3295354824272,254.56630627329736,NO
1165.052958148448,255.12394761650367,NO
1163.0761049902653,256.1279135415925,NO
1162.0054602501323,257.0069256848544,NO
1160.9866479940881,257.9869333798723,NO
1159.9734895762567,258.96932934435944,NO
1159.3269662425905,259.4491817758507,NO
1158.0988290179623,260.1832454699003,NO
1156.0610938850937,261.15189396663015,NO
1155.702171857914,261.3658489098797,NO
1154.0855284220213,262.15658280314756,NO
1152.978154640672,262.9674297565436,NO
1152.2751461668615,263.3523801954423,NO
1151.2077079961302,264.24829958093744,NO
1150.2236518031923,265.23936288124423,NO
1149.2055311403647,266.2557077624837,NO
1148.0260123366536,267.05641229653577,NO
1147.2675588838158,267.4751196954952,NO
1146.0314034255155,268.0669107093137,NO
1145.3161674280589,268.503783253971,NO
1144.130210170627,269.18020156938695,NO
1143.0559320835962,270.0700809112362,NO
1141.9985508576879,270.9981019838113,NO
1141.3416456058903,271.47356816830364,NO
1140.1169037400723,272.17859572375505,NO
1139.0169425785152,273.025069774177,NO
1138.3913545518217,273.539637564501,NO
1137.13850285181,274.2185132591002,NO
1136.0394856443418,275.0525075033157,NO
1134.9903228428482,275.98803839847403,NO
1134.3919568464512,276.4820813940987,NO
1133.1643195701013,277.26115075223595,NO
1132.045501193916,278.0710489914403,NO
1130.988103266674,278.98433707489477,NO
1130.4304424399625,279.5581440250231,NO
1129.3475464257278,280.41621822530794,NO
1128.1318183207914,281.2333832515068,NO
1126.0215621030738,282.0927402243688,NO
1125.1448264270118,282.34904211426186,NO
1123.2277462162199,283.30649956369035,NO
1122.1325205013275,284.14978370949297,NO
1121.094725901873,285.1025770566243,NO
1120.0583250415084,286.06919168350515,NO
1118.990510845093,286.98539035947135,NO
1118.3001491554319,287.42434879206763,NO
1117.1465546683985,288.21983199472385,NO
1115.18738303665,289.3812275538304,NO
1113.2338372017025,290.40536248656457,NO
1112.0316548121602,291.0697526380334,NO
1111.3025420296165,291.5475916327056,NO
1109.1009903235386,292.27958373984757,NO
1107.9744825360717,292.96314144188307,NO
1107.2990578757383,293.4168685457196,NO
1106.2775612163964,294.28103072836404,NO
1105.4239724403026,295.3616744699534,NO
1104.9495696062736,295.95685489617006,NO
1103.9866553827574,296.9879521955582,NO
1102.9833054265935,297.98108328152784,NO
1102.3800359037643,298.53921322342177,NO
1101.0903355115356,299.16223043555095,NO
1099.244197854839,300.32395824580533,NO
1098.2515413187773,301.23219199284176,NO
1097.3387385405824,302.2811829454357,NO
1096.2376525328302,303.2801069557611,NO
1094.6593805231867,304.3270184996794,NO
1093.1025113859307,305.18256790124565,NO
1092.0205404060323,306.02784020916204,NO
1090.984175921013,306.9827819564398,NO
1090.4785578003168,307.49284309312173,NO
1089.382820147928,308.4079746455295,NO
1088.2838024020548,309.3235347588641,NO
1087.1156869239421,310.19460097079843,NO
1085.1236450559115,311.24794432598264,NO
1084.0003272570204,312.0005338755034,NO
1083.3071964984363,312.43092843061777,NO
1082.1393905701148,313.1983857398127,NO
1081.0345544190577,314.05372832960353,NO
1079.9555403126524,314.9403058735858,NO
1079.2282430968678,315.2899549563727,NO
1078.111828500915,316.1522228361435,NO
1077.0408070377525,317.0539986586572,NO
1075.9841537344691,317.9786227511517,NO
1075.2794984785467,318.42327893235796,NO
1074.119040193873,319.179340035169,NO
1073.0494467957722,320.0611242645681,NO
1072.007711460158,321.0091380132904,NO
1071.4571563013797,321.5864981192353,NO
1070.2206552973214,322.3093204240087,NO
1069.1330600314968,323.17091811064006,NO
1068.0410219899063,324.0617904490795,NO
1066.0900796378094,325.21835760233125,NO
1064.993340507591,325.99191259451186,NO
1063.9922790414464,326.99304223338646,NO
1062.1456653354562,328.34389032344586,NO
1060.9913553725453,328.9818786420924,NO
1059.0124762226585,330.0147320715158,NO
1057.0941004959489,331.209430981921,NO
1055.96527538929,331.9507491580758,NO
1055.2614103021845,332.366754739497,NO
1054.1702335046673,333.19030169095544,NO
1053.1545929773274,334.15459297732747,NO
1052.152902900876,335.1511976650639,NO
1051.1181180836854,336.13365391541106,NO
1050.035035882849,337.0514356587464,NO
1048.9367617243388,337.88871303835043,NO
1048.144046056865,338.2243933446123,NO
1047.0531556745864,339.0711635140898,NO
1046.135223879773,340.0816854567915,NO
1045.3645847057926,341.2852666532149,NO
1044.4343643109194,342.40859692419247,NO
1043.233233904184,343.36045240202833,NO
1041.0925443848466,344.23973101815926,NO
1039.992070417992,344.99063389935844,NO
1038.9988542600734,345.999029154904,NO
1038.113499237289,347.0738328387199,NO
1037.0723994791526,348.11486938229547,NO
1035.094512399253,349.15933385338775,NO
1033.9977679129545,349.9969600305963,NO
1033.3972185956027,350.45107872897876,NO
1032.2626448379344,351.30479136338323,NO
1031.1651912285774,352.20817303172504,NO
1030.1297220464528,353.1364433986264,NO
1029.1624163563542,354.1431245314551,NO
1028.1971258673602,355.19302619862106,NO
1027.1591319221566,356.1947063169156,NO
1026.0957833881246,357.1263055587373,NO
1025.0428833335473,358.0529341166873,NO
1023.9961301451334,358.9951555152324,NO
1023.4158960818528,359.52680171968245,NO
1022.2127668062014,360.320786861864,NO
1021.0442210422258,361.08381160929895,NO
1019.0884872228888,362.17921778491336,NO
1017.9980191544768,362.99766155065106,NO
1016.9753010995739,363.9735001380171,NO
1015.9361433410867,364.88577294467945,NO
1014.7242789995296,365.3883430504548,NO
1013.0411001561638,366.09698552078106,NO
1012.3797398583711,366.5944736600539,NO
1011.2772596086323,367.30820952038704,NO
1010.33851980073,368.29479431665857,NO
1009.3625103310245,369.3409598341073,NO
1008.1260374385537,370.2036937550445,NO
1006.2740286106451,371.37367535304355,NO
1005.1311501780118,372.16898687254,NO
1004.0557042051756,373.07300236694493,NO
1002.9870406140185,373.9813617819439,NO
1002.2508591994016,374.4054290143007,NO
1001.0981344456434,375.15252767351376,NO
1000.0792738278883,376.07644766836177,NO
999.168012300788,377.1220415068982,NO
998.2879116192905,378.23864332115994,NO
997.2296670165624,379.2797226367613,NO
996.0737383384239,380.12084894235613,NO
994.0954153018166,381.21002179356265,NO
992.0919007379721,382.25323758872184,NO
990.9990155145939,382.99885913423515,NO
989.9806528638821,383.98109617090483,NO
988.9936807342907,384.99436761082274,NO
987.9783934212437,385.9736005473148,NO
987.3607779984549,386.43309430291123,NO
986.1632907515357,387.2653474712455,NO
985.0157977828571,388.0293060310177,NO
984.299190455314,388.47424870400016,NO
983.1521768938997,389.21636525692173,NO
982.1202621391915,390.13773613118946,NO
981.0459804944288,391.06397716154015,NO
979.9894886747408,391.98797386094594,NO
978.9462758799477,392.93241846433347,NO
978.2972319661071,393.35942650052175,NO
977.3251823300939,394.30175817897316,NO
974.254966152444,392.2941917179284,NO
973.1331494209551,393.1512035746402,NO
972.14421035611,394.20189448968085,NO
974.01869700137,397.0234766861998,NO
972.9752799229864,397.9691485640958,NO
972.3028590718098,398.4504278168056,NO
970.1128221554692,399.31835087878096,NO
968.9954740384732,399.9939979879205,NO
968.4630325381751,400.5632766824826,NO
967.3214238307181,401.3339739958098,NO
966.2120451159877,402.24002632921633,NO
965.0627535418589,403.1049721794909,NO
963.0791322614964,404.1572094265226,NO
961.978944002641,404.96938846796877,NO
961.3155225974425,405.3902705577867,NO
960.2116153974547,406.2620000206759,NO
959.1130300501738,407.1488746781211,NO
958.0268948547696,408.0385009342683,NO
956.9458546573122,408.9160218699713,NO
956.17338772587,409.2505391676196,NO
955.094736429818,410.114877242601,NO
954.0359812149981,411.04606155847733,NO
952.9683797221968,411.9533667352019,NO
952.2416511052534,412.3566053411077,NO
951.1170078453696,413.16510807491863,NO
950.0235567801927,414.0382119222866,NO
948.920176922068,414.82340678316785,NO
948.0279585365312,415.07809107967967,NO
947.3056109884407,415.5093516474011,NO
946.150241057017,416.1828725987487,NO
945.0546558785813,417.0737679568335,NO
943.1128547016966,418.22796006536174,NO
941.039186925681,419.1038848055337,NO
940.3698132901936,419.58385994863266,NO
939.2647225314321,420.2756389289427,NO
938.2490924624963,421.26020814063537,NO
937.135986574792,422.1929111770263,NO
936.0097475020729,423.0174682964549,NO
935.2951928768916,423.46108636562667,NO
934.1144804383233,424.17692431605604,NO
933.0001388718438,425.0002198554182,NO
932.2607150742264,425.3917085066897,NO
931.0291350391374,426.0735638344751,NO
929.0160380329205,427.02891210110124,NO
928.350664189885,427.52645407353566,NO
927.1462026555824,428.2342852302593,NO
926.0210470881669,429.0364426412866,NO
925.3228597537911,429.5116356966881,NO
924.0937058241284,430.1605384131951,NO
922.1341850276918,431.28483448079504,NO
920.0378313848245,432.1204250970425,NO
918.0153540214724,433.0276517921001,NO
917.3877916697522,433.51609806029984,NO
916.4776374715384,434.4610958895864,NO
915.9718663222603,434.97710648938533,NO
915.0248139091088,436.0220062181261,NO
914.0262352559515,437.02929528558,NO
912.1199094938028,438.27223752844316,NO
911.0273372561819,439.0324470235743,NO
910.0030643345007,440.0033815299936,NO
907.3344909858728,437.3135853043798,NO
906.3782251634153,438.34102268434435,NO
906.1392862306355,442.35427149398754,NO
904.0550772582116,443.14306009604644,NO
902.9174679224162,443.8536583955287,NO
902.0904930566601,444.1377068223631,NO
901.0247558202966,445.0307872406273,NO
899.9916030242903,445.99035271309464,NO
899.50562009396,446.544338748607,NO
898.3642100213848,447.4202423374665,NO
897.2027112864757,448.27221229262386,NO
896.097661366339,449.13034642407575,NO
895.0320491517373,450.04154519484314,NO
893.9797243435795,450.97300272315795,NO
893.2476704498218,451.38847800893,NO
892.0666555713191,452.11507662679907,NO
890.9784472193753,452.9687568225165,NO
890.2415917535623,453.3576965446933,NO
889.0922222980246,454.1410817915378,NO
887.9969575859825,454.9949603777235,NO
887.2247714676839,455.40330423533135,NO
886.0659186399084,456.1043327652662,NO
885.0002306372147,457.0002790582921,NO
883.982349563926,457.98172325814943,NO
882.9483923477638,458.9123489046424,NO
882.0671467249244,459.199405413752,NO
880.0568021356563,460.1210871880554,NO
878.9577525743337,460.94293510351235,NO
878.2289041564251,461.3411967392845,NO
877.0307423391639,462.06349913342103,NO
876.2315564771285,462.5148526749238,NO
874.041315168296,463.13729626096597,NO
873.3263652810637,463.55401511111126,NO
872.1586312675649,464.2007393295158,NO
871.0386786682959,465.0601379767037,NO
869.1986189641584,466.2931994232815,NO
868.0960076415454,467.1246056554491,NO
867.0289905581398,468.03672137475917,NO
865.9726745717861,468.9636880074218,NO
865.2445009503894,469.3649268056939,NO
864.0264439724946,470.0726103723736,NO
862.0032733036037,471.0065644943106,NO
861.284798221198,471.43679728196474,NO
860.0751430509608,472.1310283365402,NO
858.1600588792933,473.2951374578797,NO
856.2408374878839,474.3496393880446,NO
855.1002978839722,475.13221980813614,NO
854.034016058193,476.04405769746984,NO
852.9750248421566,476.9664723288885,NO
852.2813963636208,477.39264610685274,NO
851.126890862773,478.18049131898226,NO
850.0521130076016,479.06869907513106,NO
848.1429909525986,480.29953762232515,NO
846.1519635064435,481.28410568470724,NO
845.0351609817654,482.0493423317509,NO
844.0162047741003,483.0141948797875,NO
843.0061029020288,484.007885772398,NO
842.3157278242642,484.5359184033732,NO
841.0397690741215,485.09678738235584,NO
839.9166891437376,485.8265495304573,NO
838.6454060474822,486.3639822749538,NO
837.0486129732508,487.1239469873536,NO
835.9166610872163,487.85116552631627,NO
835.0816694638154,488.1387347068917,NO
833.2192026365136,489.31627808097977,NO
832.0757534392104,490.11113721178543,NO
830.9881991593785,490.98259954538895,NO
830.2984965690686,491.39665083695496,NO
829.1557835658401,492.1851007730034,NO
828.1263757850624,493.12557593885913,NO
827.1065054144653,494.12046746817043,NO
826.0316858754104,495.0501904249519,NO
824.9330727550442,495.85240311388475,NO
824.03834986948,496.11044762243006,NO
822.0156299673025,497.0305310760633,NO
821.4021564976609,497.52177225973924,NO
820.2509336185285,498.3106523849378,NO
819.0677485570081,499.12417665707943,NO
817.0669198406591,500.1428004555871,NO
815.9623546144563,500.946947012004,NO
815.2975966643966,501.423248606497,NO
814.1726549376152,502.22066143702625,NO
813.0242410802266,503.0399027742842,NO
812.3726230888053,503.49652260704755,NO
811.1405199793304,504.20416356026135,NO
810.0306765331867,505.0457693900762,NO
808.9528001787049,505.9273777028678,NO
808.1330398554328,506.24468636819597,NO
806.2015734836749,507.3765240611359,NO
804.58963150912,508.3419953085927,NO
803.1497714083587,509.24518132367155,NO
802.0163649802606,510.03038092047944,NO
801.2528034176174,510.4862793438867,NO
800.0396982846577,511.0817193378911,NO
798.9306731684749,511.8854181494604,NO
798.1113552055448,512.1955433289834,NO
796.1837421763294,513.324035360145,NO
795.0652101446586,514.0756534816056,NO
794.0517772979248,515.0506248634408,NO
793.0018152278572,516.0026836896905,NO
792.2747022955974,516.4714587818187,NO
790.6574684460938,517.3656823059898,NO
789.0959076363622,518.1778435443506,NO
787.1333118227479,519.2741130590423,NO
785.1117705795664,520.26008837413,NO
783.1249563797296,521.2394716608869,NO
781.993482133523,521.9891654767089,NO
781.3055955973346,522.4020248358016,NO
780.2421552599844,523.2646131986897,NO
779.1708327826825,524.2087176762146,NO
778.038262478287,525.0658869555607,NO
776.9230523590995,525.8489974899201,NO
776.0623663377816,526.1267337375908,NO
774.1229823234384,527.2039558364469,NO
773.0103470723582,528.0163940630125,NO
772.3811738846501,528.5450983980076,NO
771.2050984849784,529.3022232043403,NO
770.0378801081703,530.0770090104688,NO
768.9148822100186,530.8419241096709,NO
768.0661480142892,531.1240054755441,NO
766.2219649802477,532.2872197229419,NO
765.152037963084,533.1727435217786,NO
764.1369992915197,534.1426015016635,NO
763.1082656275146,535.1252818332334,NO
762.0334498786517,536.0476365217241,NO
760.9384776743134,536.8605017034907,NO
760.0401485281882,537.1109829646563,NO
759.2226622445745,537.520069754515,NO
758.0156861789709,538.0342836432574,NO
757.2465452482384,538.431802395927,NO
756.0894937585202,539.1304281198526,NO
755.0129654860747,540.0175777139522,NO
754.4190806615036,540.5566576398382,NO
753.1503470449508,541.2591920288492,NO
751.1189965954763,542.3030560781068,NO
749.0047312611231,543.0359068920375,NO
748.0376411663437,543.1805879676263,NO
745.9931301550391,543.985581313251,NO
745.2545140576855,544.3621675269205,NO
744.2720663061538,545.2572367004791,NO
743.3715220387746,546.3089812475928,NO
742.2107080735541,547.2820848138471,NO
740.1978578291352,548.4296165134068,NO
739.0118870228516,549.0240369041344,NO
738.2381383383131,549.4389615306792,NO
737.0715267419062,550.1158998141758,NO
736.0030066169561,551.0037402091851,NO
735.4814379168113,551.5227350836403,NO
734.3117275265369,552.3531187350109,NO
733.217211704734,553.2493912296882,NO
732.084878707017,554.1369130420417,NO
730.0924427520307,555.2014115762167,NO
728.2064236864912,556.3236519517637,NO
727.0756078505099,557.1186647168461,NO
725.1319886225505,558.2729950989426,NO
723.0678763086042,559.1787792931061,NO
722.7274424979344,559.401537438736,NO
721.0247807037302,560.0737810384082,NO
720.187180341097,560.4200301033126,NO
718.2025238634103,561.3371718935997,NO
717.0452765084378,562.0730433345864,NO
715.9859228460083,562.9843880280506,NO
714.9615599447604,563.9570214075844,NO
714.4265485025472,564.483421654153,NO
713.3149326181556,565.3680359878606,NO
712.2079249170056,566.2586859353661,NO
711.0516159671134,567.0850291988844,NO
709.1042629826127,568.253109802755,NO
707.991523514645,568.9880258492342,NO
706.9247452075923,569.8689864739474,NO
706.0788974059955,570.1513278121665,NO
704.0210896671026,571.1189457237546,NO
702.0280299269783,572.0320824485607,NO
701.0106249635303,573.0107631737843,NO
700.0000310172288,574.00003328804,NO
698.9643187394405,574.9560641204926,NO
698.3233500858307,575.4609458570386,NO
697.0781605928904,576.1345134108395,NO
696.0024611617183,577.0027502244116,NO
694.9680391744973,577.961280435283,NO
694.3043896482823,578.407323324392,NO
693.1309722985676,579.1891156048665,NO
692.01570739733,580.0265845015516,NO
691.3054769631846,580.4912739386187,NO
690.1376201453036,581.2023441047626,NO
689.0325965316783,582.0484768936224,NO
687.9663542979508,582.9587824871145,NO
687.2993859660029,583.4256052621711,NO
686.0966006234647,584.161323043876,NO
684.2952416780663,585.3431869198304,NO
683.3094165637716,586.3069945276433,NO
682.1666098489756,587.2791484132345,NO
680.0627077646614,588.1643960336638,NO
678.9547820650457,588.9458729568414,NO
678.4558974539085,589.4579236391382,NO
677.9523919754321,589.9600272245154,NO
677.0692761235115,591.0421594696999,NO
676.082583774955,592.1084656958451,NO
674.0569883979671,593.1427292490862,NO
672.9212128340283,593.8469222073891,NO
672.0823203122584,594.1356760702037,NO
671.0183709738999,595.022283924659,NO
669.9841883397934,595.9816563195492,NO
669.4007512403564,596.5228474378763,NO
668.0898614329993,597.2076490358393,NO
666.9829042869744,597.9741902732642,NO
666.2365056138383,598.4198884183177,NO
664.0698917244899,599.2050669197395,NO
663.7473419748594,599.403652759419,NO
662.0509093792097,600.1098570770844,NO
660.9885464332087,600.989068746408,NO
660.1743162774762,602.0820749483645,NO
659.271166460696,603.3301435432721,NO
658.0387527552084,604.0751286720565,NO
656.9375896609213,604.918173111122,NO
656.2398325057208,605.3120151056686,NO
655.1314088291216,606.172026103812,NO
654.0236494694577,607.0374585846051,NO
652.9329000596942,607.9047847470091,NO
652.1602525928681,608.2466063075892,NO
651.0299808083374,609.0448385545743,NO
649.99435934947,609.994752675523,NO
648.9856573363933,610.9832546327858,NO
648.3871711847294,611.436914804031,NO
647.1451168232159,612.2167644592623,NO
646.0232400869558,613.0382454976202,NO
645.3523326023449,613.5725404788104,NO
644.1158937422307,614.1984846844975,NO
643.0408172672287,615.0539938975055,NO
641.9900129679854,615.9875379970513,NO
641.3337454040194,616.4833844027869,NO
640.100009625644,617.1753285950105,NO
638.1401497037131,618.298355509708,NO
636.1149472084805,619.240725303412,NO
634.9831819339198,619.9694216972796,NO
634.2568665582206,620.3622143546086,NO
633.2235332055509,621.2418004376156,NO
632.1925583095862,622.220675232056,NO
631.035294196266,623.070888339692,NO
629.9136233979816,623.8250193204868,NO
629.0492846746256,624.0978904986573,NO
627.9575940080751,624.9489074930112,NO
627.3820358160576,625.4095080474644,NO
626.4676831438295,626.3843336712231,NO
625.3968640577012,627.4353266676774,NO
624.1570916538402,628.2506619835183,NO
622.1369696686511,629.3223081714536,NO
620.1306483500496,630.2210972171961,NO
619.0839984464325,631.0868140358502,NO
618.1117337530786,632.1044069470578,NO
617.1694674269532,633.1582792797573,NO
616.0858521732806,634.128476672202,NO
614.9956266409572,634.9917218557887,NO
613.0296439019722,636.0350537782102,NO
612.0001548934973,637.000151816146,NO
611.027557269974,638.0220132047956,NO
610.0371061596155,639.0414415837814,NO
608.084011428267,640.2249702012954,NO
606.0910234329775,641.1952036473979,NO
605.0033542616325,642.0039152945955,NO
603.2042093603992,643.3018973152908,NO
602.0930198714145,644.1058748286912,NO
601.0755332343315,645.0712672379138,NO
600.0920473561753,646.0904872296687,NO
599.0238118774425,647.0392074888714,NO
597.9139682157071,647.7921343948618,NO
597.0275847620477,648.0649907244267,NO
596.463047322664,648.5646636828475,NO
595.5535286375936,649.4159402454758,NO
594.9894277798346,649.9920557311638,NO
594.015467643882,651.0159131126459,NO
592.9803573830255,651.9745049600662,NO
592.2716493847876,652.388592601226,NO
591.0896039101485,653.1459585710046,NO
589.9954433565241,653.9931733800577,NO
589.3148518427948,654.4042460917402,NO
588.2027661975462,655.2313751842722,NO
587.2166438181318,656.2002158488801,NO
586.2825182846584,657.2546839905552,NO
585.1946816837765,658.2558460295862,NO
583.6166780671348,659.2646240773132,NO
582.0963043073699,660.1674355418172,NO
581.0083365690703,661.0125048531575,NO
579.9593684694939,661.9533975280784,NO
579.3797141573012,662.4325745935691,NO
578.2931899205269,663.3004591020364,NO
577.2374655324813,664.2287029536548,NO
576.1357564194221,665.1773634953674,NO
575.0136849287738,666.0253368425357,NO
574.2350887841397,666.4430519502635,NO
573.0447328402454,667.0798592783754,NO
571.1805202546255,668.287651433678,NO
570.0542441097089,669.0833835075844,NO
568.9924652366867,669.9907325032457,NO
568.4717722992818,670.5153205057572,NO
567.3350606219906,671.3691808443891,NO
566.1804927775656,672.2381046216959,NO
565.0575781144025,673.0860337137913,NO
563.9907631306941,673.98860228131,NO
563.469082655554,674.5083364056258,NO
562.4989392851057,675.4535811573166,NO
561.5314637321401,676.5357670885717,NO
560.2212213336278,677.3813010940871,NO
559.0328683140924,678.071032544035,NO
558.3092772586689,678.6108225960731,NO
557.129837721026,679.184868285416,NO
556.1075259213954,680.1049349339352,NO
555.0992619401491,681.0992619401491,NO
554.0669138971871,682.0701730245111,NO
553.0294684305769,683.0364415103438,NO
551.1786253805125,684.3487921569871,NO
550.0265345568746,685.050223763695,NO
548.9756637564168,685.97383527266,NO
547.9789197157246,686.9807108510788,NO
546.9864525168671,687.986541792444,NO
545.9679898495651,688.9633590873253,NO
545.3657743077628,689.5184280789829,NO
544.0515136227453,690.1134508229939,NO
542.9214393902009,690.8714301495534,NO
542.1180730245651,691.1699099591712,NO
541.0639161323924,692.0634990629235,NO
540.0923254004222,693.0770288855632,NO
539.1594268644963,694.1352413647744,NO
538.1746580756474,695.1839319561716,NO
537.1104815544535,696.1418634794693,NO
536.0390956915126,697.0519777967768,NO
534.9741643960701,697.9621856085411,NO
534.2304400276223,698.3554244703522,NO
533.0649756475808,699.1032129226727,NO
532.005806268004,700.0058412457055,NO
531.0536577979624,701.0386994875414,NO
530.14312667324,702.110009597022,NO
529.14718578795,703.1493760481131,NO
528.1036653297118,704.1245915604148,NO
526.5282377786549,705.2668391714078,NO
525.0487856848266,706.1155450506827,NO
524.6713428119573,706.3448766853777,NO
523.251382117275,707.2818208772819,NO
522.2422819933286,708.2432247060295,NO
521.179001454027,709.2232664574495,NO
520.082078492687,710.1117626628943,NO
519.0150848878153,711.019252307413,NO
517.9705668065203,711.9661010786939,NO
517.4113068988632,712.4251614570566,NO
516.3749651841381,713.3986471830631,NO
515.3665926149746,714.3757574225264,NO
514.4527593241249,715.4053881179055,NO
513.4744284617451,716.4663872919672,NO
512.2275810357568,717.3558436895646,NO
511.034691823936,718.0752573957877,NO
510.2390025172289,718.5287025601201,NO
509.03504708480637,719.069209144729,NO
508.3736408795787,719.6007975365494,NO
507.1526765994279,720.2182090199403,NO
506.07243978915585,721.0904408591862,NO
505.07108774790476,722.0660191005205,NO
504.18082509432054,723.1418883087376,NO
503.32729517957364,724.2605526387246,NO
502.3739242304492,725.337220015376,NO
501.3676225418384,726.3220259253721,NO
500.3883929586699,727.3483677152678,NO
499.2867797813394,728.3250170975747,NO
498.1671087567653,729.2101075033484,NO
497.092503592815,730.1112630618422,NO
496.0467996361847,731.0524944444927,NO
495.00557706854454,732.0071242554482,NO
494.38538310436184,732.5380989997042,NO
493.2416335362711,733.274685089501,NO
492.2994026116872,734.2570528951366,NO
491.5215450876528,735.3874082685982,NO
490.99381264967815,735.9949971298585,NO
490.01869563606857,737.0189527960246,NO
488.9932242161547,737.9916904726554,NO
488.3978222984889,738.5016020019838,NO
487.1938898984311,739.2914603144126,NO
486.0515267248198,740.0938682526711,NO
484.96826551243,740.9574835694294,NO
484.3154508268729,741.349656340926,NO
483.38347996468264,742.3309673882637,NO
482.4284828947315,743.4353800174739,NO
481.3248736064061,744.3905469968836,NO
480.23849408613086,745.2783240539734,NO
479.2448395100795,746.2215625065718,NO
478.2625468132538,747.2477293653765,NO
477.2189866777199,748.2299359983575,NO
476.2218816697775,749.2165443239307,NO
475.2583489022102,750.2405929561045,NO
474.23193938232754,751.2400919060098,NO
473.15608988172545,752.1817925019463,NO
472.0754394284896,753.0987867358948,NO
471.0327273413981,754.035431309661,NO
470.0404630811604,755.0352254725769,NO
469.0918303761094,756.0760684420627,NO
468.1191351632748,757.1117093907288,NO
467.09975426876656,758.1139415362483,NO
466.0617974696656,759.0720371656051,NO
465.02683175876643,760.032535515734,NO
463.98270541965144,760.9771265224891,NO
463.28912437841416,761.3954830424584,NO
462.1305278817227,762.1878810385679,NO
461.04369640593484,763.0614215747429,NO
459.98552315195,763.979978827917,NO
459.26581874215316,764.4529551443924,NO
458.06178232310947,765.1147386033894,NO
456.21361201769156,766.2915391612756,NO
455.1484558836733,767.1678437709056,NO
454.1756788621151,768.164679839876,NO
453.20495105948606,769.1968414903687,NO
452.22845422223634,770.202591487651,NO
451.4140235766171,771.2709853255882,NO
450.9852564962934,771.991104869444,NO
450.1211193283877,773.0893294786762,NO
449.12568790580525,774.146263145836,NO
448.12049305022276,775.1238227442655,NO
447.15423995860306,776.1313354426726,NO
446.1776531563846,777.1622298903902,NO
445.1250060202963,778.1525905437154,NO
444.0398461375074,779.0550451764342,NO
442.99064987173495,779.989365972888,NO
442.4900405146032,780.5095252130076,NO
441.4849857048106,781.4849857048106,NO
440.4049553983298,782.4539419513163,NO
439.34541501700824,783.3530065493736,NO
438.3299855280613,784.3276452230557,NO
437.32750220416335,785.3345960973943,NO
436.32704032681283,786.3305822980221,NO
435.3173937195805,787.3219523346576,NO
434.26002177307396,788.2842966749597,NO
433.2062658648536,789.2238353625497,NO
432.1905015620519,790.1948311297191,NO
431.1724113475774,791.1938141415238,NO
430.14533443236644,792.1566082582631,NO
429.1748133020584,793.1509389549227,NO
428.21036236475436,794.1866324786212,NO
427.13941198911266,795.1795201261959,NO
426.0370710107194,796.0621114306149,NO
424.94180258963934,796.9076717751026,NO
424.1747691394207,797.2255511146897,NO
423.22475262847763,798.1878165390306,NO
422.503120811257,799.3591300087975,NO
422.018554940886,800.0119790882153,NO
421.1727141376704,801.1116179862141,NO
420.25826951876525,802.2389760470136,NO
419.1487800071959,803.2018333574614,NO
418.05075080549676,804.0702564497784,NO
417.00313829113253,805.0035522375002,NO
415.9865195246496,805.9854215672581,NO
415.48456871416533,806.5516951113909,NO
414.2352355442594,807.3361994774176,NO
413.113348029433,808.1469007647837,NO
412.0896531490252,809.0879615805994,NO
411.11862305831625,810.1053630772165,NO
410.1961369858857,811.1584068198109,NO
409.33341996997564,812.2759726224856,NO
408.4223393913274,813.4092436092905,NO
407.38327438751287,814.4096535836447,NO
406.3675381652199,815.3524244474676,NO
405.48001494262934,816.4036292008336,NO
404.50612089133574,817.5247511369871,NO
403.33562013831107,818.3941664321319,NO
402.2722796421601,819.2770902291808,NO
401.31611950913606,820.2841882404684,NO
400.36447408069535,821.3526319753178,NO
399.37283009592784,822.375607241488,NO
398.3472539404199,823.3629195368944,NO
397.2848522215138,824.3136036540394,NO
396.2680988464344,825.263484409152,NO
395.37534617821893,826.308231299245,NO
394.96356358812864,826.9701022430813,NO
392.9582021582321,828.944509764361,NO
392.2015933340815,829.319228968227,NO
391.0943202157528,830.1155902021491,NO
390.1172754459993,831.095232486165,NO
389.17270923393255,832.1563645094195,NO
388.16715553301134,833.1807406163326,NO
387.1268543050774,834.1556959381106,NO
386.06220770544184,835.0814060734509,NO
385.0179488092796,836.0209233770809,NO
383.98150205282917,836.9777145393731,NO
383.4357321172257,837.4779616770805,NO
382.4199701232921,838.4570535849111,NO
381.94598724986497,838.9497715851411,NO
381.0778377664194,840.0377108751238,NO
380.46739158105487,841.2487729383034,NO
379.98110830903744,841.9869499941811,NO
378.102934659979,843.2323060943193,NO
376.9860734167016,843.9823536114845,NO
376.4900346490914,844.4204027314062,NO
376.0015919105099,845.0011199559438,NO
375.1651200505722,846.0968474169649,NO
374.33547747947483,847.2710824195849,NO
373.4181207142496,848.4104628250707,NO
372.5498618731379,849.48351653183,NO
371.9991888593104,849.9992851495641,NO
371.01709640436707,851.0167725212203,NO
370.01155677901306,852.0120423573195,NO
369.00822516962614,853.0079799747602,NO
368.023969664578,854.022555903091,NO
367.02421415636474,855.0250315125195,NO
366.0187033487984,856.0188587781977,NO
365.01614787942765,857.0167358979236,NO
363.99525069269225,857.9943597481617,NO
363.3962089091002,858.5081809979515,NO
362.21753027133,859.2715039380084,NO
361.18675059484525,860.1903885936525,NO
360.23267452772154,861.2166805241051,NO
359.2768173444916,862.2662444519368,NO
358.27040292791946,863.2771872332523,NO
357.2219068633592,864.2468311918497,NO
356.14688450990167,865.1780578497015,NO
355.12080802269395,866.1185604300255,NO
354.21689569257035,867.1590568401494,NO
353.4432395211902,868.3338876450697,NO
352.98019627027554,868.9835748582453,NO
351.99561623657877,869.9954219783905,NO
350.97748617594027,870.9751488630699,NO
350.4403107119637,871.4687178361236,NO
349.37584299825096,872.4023731057586,NO
348.2359148022183,873.3148820972846,NO
347.09606678251134,874.145088513785,NO
346.0225546051483,875.0278570506662,NO
344.99752506483577,875.9974653378872,NO
344.00709007604553,877.006358721407,NO
343.08451182342014,878.061991138341,NO
342.22355279083365,879.1640309964109,NO
341.37079515072406,880.303495506564,NO
340.5377494965265,881.4439676032919,NO
339.9967912348451,881.9975556266588,NO
339.06099749404365,883.0512781112195,NO
338.08951429264744,884.0804593825493,NO
337.17760006243344,885.1321384478271,NO
336.4227441107759,886.2907199182973,NO
335.98398076478736,886.9882552751692,NO
335.0017879198842,888.0022208158308,NO
334.27733151452566,888.5479398315028,NO
333.0996288507927,889.1428363020121,NO
332.11119333288354,890.0840808757371,NO
331.2492041907178,891.1884226785157,NO
330.2192096887388,892.2494173491145,NO
329.18169720517017,893.1770082555716,NO
328.2233086126252,894.18813666655,NO
327.25728585049893,895.2424898515559,NO
326.2328324962369,896.2526649101418,NO
325.18452363953014,897.2089182912499,NO
324.1778805562239,898.1762076947729,NO
323.1923581749719,899.1863186722841,NO
322.2100832310549,900.2001580376748,NO
321.2666789877823,901.2333441090292,NO
320.3183083327015,902.2970523506378,NO
319.36429683466423,903.3429415136716,NO
318.45188621427485,904.4147669854831,NO
317.9875321888749,904.9899393400692,NO
317.04293389536303,906.0376699677078,NO
316.03755916670565,907.0429837260887,NO
315.0325768051134,908.0355063747347,NO
314.0922134758685,909.075687762124,NO
313.29190323092746,910.2010889018068,NO
312.90056484079815,910.9214810847757,NO
311.39823273111233,912.4429989351887,NO
310.20450293707046,913.234767637794,NO
309.14332378443925,914.1397849245329,NO
308.1858872812296,915.1478914536169,NO
307.32443202426214,916.2375761914565,NO
306.94375293245025,916.9575425372187,NO
306.0294994481312,918.0214507885933,NO
305.11273789334706,919.0948171290402,NO
304.1064402681917,920.1313171100497,NO
303.0433482882699,921.057247540982,NO
302.01008898642306,922.0103346309356,NO
301.06983799039915,923.0487909243125,NO
300.2520643624119,924.1560398316178,NO
299.4157977542221,925.3177121248709,NO
298.6002685178928,926.4687913922987,NO
298.00278303665596,927.0022783223417,NO
297.0391880777143,928.0355975469923,NO
296.0481579701691,929.0461059674157,NO
295.0949440836433,930.0746415752366,NO
294.25206840864934,931.1698428810001,NO
293.9315543254593,931.9540746414069,NO
293.0238404746572,933.0178164207895,NO
292.1013600163704,934.0766441488545,NO
291.19479408374616,935.1561572382294,NO
290.3207818740184,936.2709615521037,NO
289.4323860130711,937.4323860130711,NO
288.3841214476893,938.4411456726682,NO
287.3333773392261,939.3538928570938,NO
286.3682594705952,940.3402904006622,NO
285.6035095870077,941.4502373209154,NO
285.0164282961639,942.0114620637954,NO
284.12350951837993,943.089098906294,NO
283.1687154201743,944.1587469982136,NO
282.217253383113,945.1990928968643,NO
281.4153692078922,946.3111930192812,NO
281.00824559524506,947.0050356312224,NO
280.1099566741351,948.0994198646584,NO
279.02136771250684,949.0380902709131,NO
278.3190101738901,949.4333852828712,NO
277.17777018274927,950.190468045181,NO
276.19462475543867,951.1705640000362,NO
275.3814684364301,952.2817600848133,NO
274.99247423991653,952.9951111220225,NO
274.08519881347684,954.0651288840661,NO
273.10935689816006,955.1011035468531,NO
272.1254138466048,956.1171691917015,NO
271.23116623888245,957.1750005399828,NO
270.33207254878215,958.577603511131,NO
269.12582370495744,960.1074256897533,NO
268.1706466776249,961.1500706744796,NO
267.34353595497976,962.2532849887149,NO
266.1161369266957,964.0778156546712,NO
265.28173270660193,965.1967656962727,NO
264.11451897449996,967.0704529170672,NO
263.2344977893527,968.1843660414165,NO
262.40861984973856,969.3205496458784,NO
261.98504292673465,969.9882401390507,NO
261.03228888537075,971.0267513211205,NO
260.0799859270629,972.0653168852034,NO
259.11370237336735,973.1007979370551,NO
258.1352659729022,974.1228435889692,NO
257.1770204866899,975.1574034472654,NO
256.2661975313559,976.2274640807921,NO
255.94686838706392,976.9628256019867,NO
255.04807250384553,978.0324871134904,NO
254.1140231611147,979.0926775940763,NO
253.13696770500215,980.1272953350621,NO
252.24833290764616,981.1903563618224,NO
251.0902936463653,983.0595428837818,NO
250.12932325338394,984.1158620988984,NO
249.14203429749693,985.1369290847653,NO
248.38931083370946,986.239888642785,NO
247.1130039325823,988.0861850231563,NO
246.13690388771093,989.127569533505,NO
245.2365925237651,990.185653022115,NO
244.0903928645787,992.0584780515453,NO
243.12938645066265,993.1162230604131,NO
242.15300819774225,994.1427945570708,NO
241.45637292033396,995.2718555636854,NO
241.02993516090189,996.0166577142392,NO
240.1208578089164,997.0944069742277,NO
239.20688361921773,999.0628763950868,NO
238.95325652330453,999.9793778782868,NO
238.66119966441195,1000.9335685631626,NO
238.5000000004902,1002.0,NO
238.4671230991208,1003.0228981918166,NO
238.25208308715517,1004.0637621941377,NO
237.99137127339392,1004.9963285615396,NO
237.72449583492238,1005.9319342665909,NO
237.5164043621485,1006.9876730523296,NO
237.47294226463472,1008.0194740919635,NO
237.26786186202432,1009.0640767599879,NO
236.99455101399948,1009.9974998770115,NO
236.7168340800966,1010.9261547718912,NO
236.5000000004902,1012.0,NO
236.47853308727258,1013.0159511018389,NO
236.2836919289321,1014.064526008589,NO
236.0051879136521,1015.0023803368522,NO
235.73247200135668,1015.9270855073215,NO
235.50497351040914,1016.9961174395233,NO
235.5000000004902,1018.0,NO
235.5000000004902,1019.0,NO
235.50451822842655,1020.0038861313155,NO
235.61346728927023,1021.0538114193969,NO
235.85549687524775,1022.0444842942596,NO
236.0746266654833,1022.9779046546455,NO
236.29754912152026,1023.9486581913611,NO
236.44617995029304,1024.9711295314914,NO
236.49357856618795,1025.994193193496,NO
236.5000000004902,1027.0,NO
236.5000000004902,1028.0,NO
236.5000000004902,1029.0,NO
236.5976872173549,1030.0520640038944,NO
236.8390404762355,1031.0486034631544,NO
237.05891843185447,1031.9822089444303,NO
237.2829227897256,1032.9478534466668,NO
237.44111844630632,1033.9697271660955,NO
237.49245067093918,1034.9932408731243,NO
237.5000000004902,1036.0,NO
237.5000000004902,1037.0,NO
237.5000000004902,1038.0,NO
237.58734213733726,1039.0485479822037,NO
237.82167690205875,1040.0513990077852,NO
238.04282929931767,1040.9867313145055,NO
238.26837813074167,1041.9473768383082,NO
238.43600974611314,1042.9683679187963,NO
238.4913065438304,1043.992293230186,NO
238.5000000004902,1045.0,NO
238.5000000004902,1046.0,NO
238.5000000004902,1047.0,NO
238.72457824982303,1048.0739858423613,NO
239.0079637477283,1048.996064971826,NO
239.3017696465116,1049.9301787870002,NO
240.10081664776084,1051.9495916761196,NO
240.98116489133204,1054.0091959653566,NO
241.25761570613176,1054.92776658105,NO
242.0895759743089,1056.9552120128455,NO
242.9342541305859,1059.031454886603,NO
243.19029221379904,1059.9305993116109,NO
244.04967023974896,1061.9751648801255,NO
244.36655727258005,1062.9387856631643,NO
242.95594354040028,1065.936476734599,NO
242.2188097539492,1066.2522317759024,NO
241.23045329398892,1067.2093284005107,NO
240.4890452093922,1068.3459621192753,NO
240.03496325286451,1069.0201751700201,NO
239.1111265527449,1071.0374637169382,NO
238.89151647415028,1071.970909447527,NO
238.68095315478985,1072.951875614775,NO
