X,Y,is_wing_root
72.0,444.53072625573316,NO
70.97457382146294,444.5665441912283,NO
69.96452135966886,444.65672017454176,NO
68.96675010969128,444.7982464215827,NO
67.99434928982038,444.9740646898754,NO
67.04702791375946,445.16829786203175,NO
64.97883282082896,445.947231116261,NO
64.0907186875169,446.2080439231138,NO
62.14292483420867,447.23711600541037,NO
61.04235631708257,448.06027255498884,NO
59.99042038933102,448.98840570794914,NO
59.406049337089186,449.4339786507612,NO
58.43927683238315,450.4088318903029,NO
57.98959470764309,450.9914027825728,NO
57.06048798676319,452.04267437273836,NO
56.23711600541036,453.14292483420866,NO
55.20789065116819,455.09065185244896,NO
54.94638456051146,455.9782353168652,NO
54.16747559149641,458.04602020382634,NO
53.974075969941275,458.99435174748845,NO
53.79890720985643,459.9674207201324,NO
53.65860427417541,460.96376246311326,NO
53.56573035826308,461.97331303885744,NO
53.52793295963632,463.0,NO
53.56573035826308,464.02668696114256,NO
53.65860427417541,465.03623753688674,NO
53.79890720985643,466.0325792798676,NO
53.9740736878884,467.0056487497186,NO
54.167122419686365,467.95437818009304,NO
54.94578099314422,470.0221630727633,NO
55.207758071856084,470.9094059594833,NO
56.23711600541036,472.85707516579134,NO
57.06027189081125,473.9576441496658,NO
57.98811500847414,475.0097828846805,NO
58.43140606933408,475.6003928900565,NO
59.393728271062926,476.58153486094204,NO
59.98731549765521,477.0153576829295,NO
61.03943741026866,477.94369969873185,NO
62.14022403875613,478.76440746750075,NO
64.0903156674768,479.79433380983875,NO
64.97735240745702,480.05567533248916,NO
67.04615568537079,480.8343549757487,NO
67.993549929748,481.029229432699,NO
68.96661903148943,481.2060411440267,NO
69.96423297607689,481.3460701316311,NO
71.28977301686352,482.17023166521193,NO
72.56876986622177,484.01268323880333,NO
72.57920883789062,485.01733913331145,NO
72.91075409830694,486.0458034527769,NO
73.17197925634484,486.9170583393199,NO
74.14252908220509,488.93339234935866,NO
75.12748198711215,490.93625900644395,NO
76.12748198711215,492.93625900644395,NO
77.12504716099588,494.93747641950205,NO
77.50000000049019,496.0,NO
78.14615618933207,497.8538438106679,NO
79.14111043201419,498.85888956798584,NO
80.12629460920239,499.9368526953988,NO
81.14615618933207,501.8538438106679,NO
82.14111043201419,502.85888956798584,NO
83.12629460920239,503.9368526953988,NO
83.94357380283829,505.0564261971617,NO
85.06314675460564,505.8737064907887,NO
86.14111043201419,506.85888956798584,NO
87.14111043201419,507.85888956798584,NO
88.14111043201419,508.85888956798584,NO
89.14111043201419,509.85888956798584,NO
90.14111043201419,510.85888956798584,NO
91.14111043201419,511.85888956798584,NO
92.14111043201419,512.8588895679858,NO
93.12629460920239,513.9368526953988,NO
93.94357380283829,515.0564261971617,NO
95.06314717876673,515.8737056424666,NO
96.14003469155011,516.8599653084499,NO
97.14980970574688,517.8418093315122,NO
98.17363660477164,518.9022415861174,NO
99.23331044852392,520.8770979810475,NO
100.25544089001761,522.7392650113485,NO
101.25737138650486,523.7452683144891,NO
102.24497518066471,524.7583075758685,NO
103.24187101859022,525.7556567052402,NO
104.2558050912058,526.7369508639617,NO
105.28556900518853,527.7026879892214,NO
106.34145270206254,528.637684603274,NO
107.43749471919803,529.5330773741173,NO
109.11065788104382,530.8851820485976,NO
110.12140391927007,531.87859608073,NO
111.1178865723565,532.7940023419626,NO
111.99865624327431,533.0124228938603,NO
114.16835103721239,533.7122889598453,NO
116.1920851303354,534.6757603161672,NO
118.2006027436336,535.6749924789955,NO
119.00746580065116,535.9522510991912,NO
121.17106921753765,536.7139936562745,NO
123.18029742266711,537.6979310221402,NO
124.00565151752325,537.9596255579731,NO
126.19077804545734,538.6796750651429,NO
128.20148594825963,539.6659574939829,NO
129.00859497671195,539.9402380528308,NO
131.20485263431817,540.6628803087865,NO
132.00874565574438,540.9406497084386,NO
134.1943713915653,541.6777526805351,NO
136.2013053268697,542.6662569452462,NO
137.00856377780573,542.941371061811,NO
139.20418478330313,543.6596920120581,NO
140.00929416074948,543.936370747997,NO
142.21385912491948,544.6462013962874,NO
143.01098171436414,544.9307606788675,NO
144.00002115476278,544.9892110704168,NO
145.0,544.9901960784314,NO
146.0,544.9901960784314,NO
148.2360678665904,545.5934386710919,NO
149.01500559099898,545.8937604201399,NO
149.99958425032278,545.9469919130707,NO
152.30482344292835,546.5207588825081,NO
153.02197582244023,546.8796823708184,NO
154.00057001652726,546.9676990649793,NO
155.00026801532215,546.9863312189275,NO
157.1386481604498,547.7763958628029,NO
159.09227040722993,548.909706813089,NO
160.08761341396104,549.9127017458903,NO
161.08759034283287,550.9120928722726,NO
162.1778152774447,552.8950683158007,NO
162.9891587789141,555.0015384438256,NO
163.2271988922805,555.8640925021392,NO
164.13679330121823,556.76853040972,NO
164.9995631046694,557.0030787467127,NO
167.1389149877384,557.7551759387117,NO
168.0011539416683,557.9908292003531,NO
170.1654685746738,558.7152198853763,NO
171.00455126723583,558.9664996894006,NO
172.0,559.0058823529412,NO
174.17721328416576,559.7037215450367,NO
175.00507010718476,559.964026384882,NO
177.17092879846092,560.7142284194148,NO
179.17721328416576,561.7037215450367,NO
180.00507010718476,561.964026384882,NO
182.17721328416576,562.7037215450367,NO
183.00507010718476,562.964026384882,NO
185.17721328416576,563.7037215450367,NO
186.00507010718476,563.964026384882,NO
188.17721328416576,564.7037215450367,NO
189.00507010718476,564.964026384882,NO
191.17721328416576,565.7037215450367,NO
192.00508655828173,565.9639096604403,NO
193.0,566.0058823529412,NO
195.18536374634382,566.6844872616132,NO
196.00704365360136,566.9480166747205,NO
198.2013053268697,567.6662569452462,NO
199.00858308027944,567.9412389141114,NO
200.0,567.9901960784314,NO
202.2013053268697,568.6662569452462,NO
203.00858308027944,568.9412389141114,NO
204.0,568.9901960784314,NO
206.2013053268697,569.6662569452462,NO
207.00858308027944,569.9412389141114,NO
208.0,569.9901960784314,NO
210.1943713915653,570.6777526805351,NO
212.2013053268697,571.6662569452462,NO
213.00856363665127,571.9413720281761,NO
215.2013053268697,572.6662569452462,NO
216.00858308027944,572.9412389141114,NO
217.0,572.9901960784314,NO
219.1943713915653,573.6777526805351,NO
221.19456803780696,574.6774266617535,NO
223.2064493048822,575.6570101317594,NO
224.00950374589416,575.9355051117686,NO
225.0,575.9862745098039,NO
226.0000249882105,575.9872560119744,NO
227.00002114738706,575.9892148320386,NO
228.0,575.9901960784314,NO
230.2013053268697,576.6662569452462,NO
231.00856363665127,576.9413720281761,NO
233.2013053268697,577.6662569452462,NO
234.00856363665127,577.9413720281761,NO
236.20077467551837,578.6671367093625,NO
237.00843748733766,578.9447840893112,NO
239.19106747405692,579.6761482386214,NO
240.00805200891108,579.9433823319283,NO
241.0,579.9901960784314,NO
243.2013053268697,580.6662569452462,NO
244.00858308027944,580.9412389141114,NO
245.0,580.9901960784314,NO
247.20489352148704,581.6595948725607,NO
248.00922022020268,581.9364591046441,NO
248.9998169661085,581.9813305432428,NO
251.21482963475577,582.6520207327619,NO
253.2064324489313,583.6602804563788,NO
254.00910273448238,583.9391554088636,NO
256.2013072549051,584.6662537487664,NO
257.00852034566964,584.9416684048854,NO
258.0000460074506,584.9941340497111,NO
260.1766073935344,585.7047345184205,NO
261.0047452940576,585.9683410999406,NO
263.1500949677968,586.7470048681744,NO
265.15537303668947,587.7381083291705,NO
266.00152475953877,587.9893028589184,NO
266.99975404638815,588.0313590873359,NO
269.13665849331596,588.7678200062652,NO
269.99895369970216,589.0079979906875,NO
271.0,589.0372549019608,NO
272.0000711177435,589.0362700510971,NO
273.00024780168303,589.0315947164283,NO
275.1654531046437,589.7152465101113,NO
276.00455121134263,589.9665001008111,NO
277.0,590.0058823529412,NO
278.0,590.0058823529412,NO
280.1709708026901,590.7141581935953,NO
282.17983521734817,591.6977638277573,NO
283.00578501655656,591.9589539330289,NO
284.0,592.0019607843137,NO
286.1829692789299,592.6947327111402,NO
287.00591594678605,592.9584020441156,NO
289.17653160939165,593.7054733662819,NO
291.17653160939165,594.7054733662819,NO
293.20755702700075,595.78999150332,NO
294.17588114259956,596.7018884658139,NO
296.2013068464823,597.6662544258884,NO
297.00858308027944,597.9412389141114,NO
298.0,597.9901960784314,NO
300.1994531132188,598.6686334349146,NO
302.2078006950863,599.6562241812235,NO
303.00948355001424,599.9356421662557,NO
305.20068805609503,600.6679910008286,NO
307.2078006950863,601.6562241812235,NO
308.00948355001424,601.9356421662557,NO
310.2078006950863,602.6562241812235,NO
311.00950379348285,602.9355047888193,NO
312.0,602.9862745098039,NO
314.20068805609503,603.6679910008286,NO
316.20068805609503,604.6679910008286,NO
318.2078006950863,605.6562241812235,NO
319.00950379348285,605.9355047888193,NO
320.0,605.9862745098039,NO
321.0,605.9862745098039,NO
322.0,605.9862745098039,NO
324.20068805609503,606.6679910008286,NO
326.20048769914496,607.6683224620613,NO
328.20261408672957,608.6655006025292,NO
329.00858312530414,608.9412386058651,NO
330.0,608.9901960784314,NO
331.0,608.9901960784314,NO
333.1943729312756,609.6777501278574,NO
335.1943729312756,610.6777501278574,NO
337.1943729312756,611.6777501278574,NO
339.2013068464823,612.6662544258884,NO
340.0085636366513,612.9413720281761,NO
342.2013068464823,613.6662544258884,NO
343.0085636366513,613.9413720281761,NO
345.2013068464823,614.6662544258884,NO
346.00858308027944,614.9412389141114,NO
347.0,614.9901960784314,NO
348.0,614.9901960784314,NO
349.0,614.9901960784314,NO
351.2026430161301,615.6622616241323,NO
352.0089543865664,615.9377390311984,NO
353.0,615.9862745098039,NO
355.2078006950863,616.6562241812235,NO
356.00948355001424,616.9356421662557,NO
358.1992431595081,617.6721116492677,NO
360.2013110229069,618.6662475018157,NO
361.00858308027944,618.9412389141114,NO
362.0,618.9901960784314,NO
363.0000403142065,618.9931465846734,NO
364.0000058171955,618.9990110767359,NO
366.17653160939165,619.7054733662819,NO
368.1817662552058,620.6983152305538,NO
369.00553034990907,620.9617162607359,NO
370.0,621.0058823529412,NO
372.1772144999796,621.703719512348,NO
373.0050282396858,621.9643234447345,NO
375.1626326542946,622.7311582726117,NO
376.0017988631001,622.987682594486,NO
378.1168846563885,623.8113588260038,NO
378.99185596106486,624.0558977243838,NO
380.6153067673515,624.6090976040468,NO
381.0824684241559,624.8564438597294,NO
382.6276511463668,625.589552337732,NO
383.0862451730985,625.8498695192285,NO
383.9904532460509,626.0786962135653,NO
384.99942916219237,626.0970424303716,NO
385.9998020019553,626.1009790080598,NO
388.0664034060701,626.8848689144845,NO
388.9875971331636,627.1143544297806,NO
391.0656520657517,627.8818262872874,NO
392.6049083050523,628.6397792086601,NO
393.07712775345675,628.8620932644706,NO
394.62720211403456,629.5902633055746,NO
395.0865302834135,629.8493732161065,NO
395.9912529682656,630.076224135809,NO
397.0,630.0882352941177,NO
397.9994636590269,630.0911779683107,NO
400.0728051332383,630.87469116607,NO
400.9877319789413,631.105367392771,NO
403.07386260212905,631.8687293323535,NO
403.99071533168944,632.0906736712216,NO
405.62885866199537,632.6004983668571,NO
406.09081545013663,632.838728236326,NO
406.9943787567211,633.0577914356298,NO
408.0005652314918,633.0576536116255,NO
409.00038428070144,633.0489957922866,NO
410.0005918129802,633.037728075046,NO
412.15428335389265,633.7344702382752,NO
414.1632718644982,634.731229398055,NO
416.16416571653457,635.7277972190159,NO
417.00269063562104,635.9796150151568,NO
418.00007525629115,636.0095951776772,NO
419.0,636.0058823529412,NO
421.1741520279767,636.7073151571748,NO
423.1973807529916,637.6685888216723,NO
424.00856350156795,637.9413729529775,NO
426.2007762494023,638.6671341000285,NO
427.0084434060328,638.9447453566728,NO
427.99999994028633,639.000007613494,NO
430.1557816413119,639.7468548328683,NO
431.0000738992848,639.9994895264417,NO
432.0,640.0372549019608,NO
433.0,640.0372549019608,NO
435.13175724881023,640.7806241716555,NO
435.99688323779316,641.0226719329726,NO
437.0,641.0529411764705,NO
438.0,641.0529411764705,NO
440.1188715183322,641.7964775381107,NO
440.99534386433066,642.0340198313825,NO
441.9993372187849,642.0676036833139,NO
443.0,642.0725490196079,NO
444.6568286377294,642.5414065768701,NO
445.0981218516526,642.8329276626788,NO
445.99177199850055,643.0651800788896,NO
446.9998327632636,643.085290740017,NO
448.6153067673515,643.6090976040468,NO
449.08653805178506,643.8493596933862,NO
449.99122590593646,644.0764599646834,NO
451.5840789220904,644.6427870830687,NO
452.0788568420527,644.8635834151781,NO
452.98984552470796,645.0913902803686,NO
454.0,645.1,NO
455.60513090755364,645.6358061484127,NO
456.0845880365495,645.8510240571659,NO
456.9912808224691,646.0759814063142,NO
458.00065979901666,646.0841243795211,NO
459.000601942573,646.0767476825251,NO
461.1061576816446,646.8182814624674,NO
461.99380346432315,647.0501255473943,NO
463.000508204648,647.0647960963922,NO
465.1093424846954,647.8174034426372,NO
465.9935069909949,648.0525238048469,NO
468.0967386125996,648.8358812697294,NO
470.09295530069716,649.9097439476201,NO
471.0872410923015,650.911473584614,NO
472.09788388486095,651.8991887445691,NO
473.09948029128145,652.825718669709,NO
475.12574028462626,653.7833398161108,NO
475.997920083894,654.0172308643297,NO
478.1389675811895,654.7633987836724,NO
478.9994603146545,655.004156038389,NO
480.0,655.0333333333333,NO
482.14164980715196,655.7598111987363,NO
483.00004434310904,655.9996464323834,NO
484.00014449774267,656.0245646170277,NO
486.1490737294026,656.7525527451537,NO
487.0002537530264,656.9980356016252,NO
489.1405266967236,657.7690842773997,NO
489.99875503124366,658.0105469996462,NO
492.16744537664124,658.7153428636468,NO
493.00426038649164,658.9653746769598,NO
493.99976810407014,658.9881733078851,NO
496.2535096373813,659.5905887227105,NO
497.01494014115036,659.9047295331939,NO
499.2278197633578,660.6369122705119,NO
500.010561438572,660.92706006826,NO
500.99980008171383,660.9745104170279,NO
503.21324269169463,661.6531326366113,NO
504.00950397326176,661.9355035687931,NO
505.0,661.9862745098039,NO
507.2078006950863,662.6562241812235,NO
508.00948355001424,662.9356421662557,NO
510.2078006950863,663.6562241812235,NO
511.00950379348285,663.9355047888193,NO
512.0,663.9862745098039,NO
514.2078038632101,664.6562189400267,NO
515.009503719434,664.9355052913344,NO
516.0,664.9862745098039,NO
518.2078038632101,665.6562189400267,NO
519.009503719434,665.9355052913344,NO
520.0,665.9862745098039,NO
522.2078038632101,666.6562189400267,NO
523.009503719434,666.9355052913344,NO
524.0,666.9862745098039,NO
526.2078038632101,667.6562189400267,NO
527.0094834827132,667.9356426229775,NO
529.2078038632101,668.6562189400267,NO
530.0094834827132,668.9356426229775,NO
532.2078038632101,669.6562189400267,NO
533.009503719434,669.9355052913344,NO
534.0,669.9862745098039,NO
536.2006433619919,670.668064940677,NO
538.2048583183445,671.662870954759,NO
539.0087819159203,671.9404036374665,NO
539.999978733187,671.9891539248194,NO
540.9999751205063,671.9873114575307,NO
543.1975393664944,672.6749155291228,NO
545.193270535175,673.6845584472402,NO
546.0065402756475,673.953057700964,NO
548.1927377685411,674.6854279886533,NO
549.0063933778248,674.9562299534371,NO
550.0,675.0019607843137,NO
552.1829692789299,675.6947327111402,NO
553.00597639497,675.957977002955,NO
553.9999941801995,675.9990106338713,NO
556.185424966339,676.6973633914272,NO
558.1713171888966,677.7147680127067,NO
560.1537874195545,678.7449953339277,NO
562.151673344907,679.7443444077277,NO
563.0011799689664,679.9908654129068,NO
564.0,680.021568627451,NO
566.16842705117,680.713674016971,NO
567.0042789376463,680.9675816084558,NO
569.1765260823183,681.7054825876916,NO
571.1765316093916,682.7054733662819,NO
573.1752742253732,683.7090903137565,NO
575.1702580715059,684.7153497910257,NO
577.1599996297776,685.734694474481,NO
578.0018805664922,685.9861577977458,NO
579.0,686.021568627451,NO
581.1510673581287,686.7430297342358,NO
582.0015485653392,686.9882751476672,NO
584.142269620023,687.761680332865,NO
586.1271736768005,688.7884667307128,NO
588.1219328603826,689.788024418229,NO
588.9976625184466,690.0196088729817,NO
590.0000787291896,690.0401518887994,NO
591.0000751029148,690.0383024885489,NO
593.1352679017308,690.7653947277654,NO
595.1506780695794,691.7460220110238,NO
597.1725739507202,692.7066242878332,NO
598.0050865021075,692.9639100590099,NO
599.0,693.0058823529412,NO
600.0000152562035,693.0019451660581,NO
600.9999557442832,692.9943573957703,NO
603.1943729312757,693.6777501278574,NO
605.1943729312757,694.6777501278574,NO
607.2014874705237,695.6659549702292,NO
608.0085979952646,695.9402170644568,NO
609.0,695.9882352941177,NO
610.0000614138386,695.9921697351311,NO
612.1738187300471,696.7115060579298,NO
614.1709301432026,697.7142261711749,NO
616.1772144999796,698.703719512348,NO
617.0050866696681,698.9639088701279,NO
618.0,699.0058823529412,NO
619.0,699.0058823529412,NO
620.0000097173088,699.0049558277495,NO
622.1912775718519,699.6788363378175,NO
623.0072214872262,699.9473186580718,NO
624.0,699.9901960784314,NO
625.0,699.9901960784314,NO
627.2013068464822,700.6662544258884,NO
628.0085830802794,700.9412389141114,NO
629.0,700.9901960784314,NO
631.2013068464822,701.6662544258884,NO
632.0085830802794,701.9412389141114,NO
633.0,701.9901960784314,NO
635.1925840388989,702.6856788945506,NO
636.0062452044461,702.957892180356,NO
638.1600058188044,703.7346842120636,NO
639.0018316266107,703.9865180273578,NO
639.9997999940348,704.0255007620424,NO
642.1366772623448,704.7677881180679,NO
642.9989418491743,705.0080885769286,NO
645.1287356036586,705.7823910893378,NO
647.1169074446403,706.8022242502599,NO
649.1194468301837,707.7954925344192,NO
649.9962868768041,708.0295095582635,NO
650.9998942708085,708.0539218905113,NO
651.9998904299248,708.0558807412569,NO
654.1073960139818,708.8194155989114,NO
654.9932688833259,709.0540276332505,NO
656.0,709.0725490196079,NO
658.0960128058271,709.8340726243737,NO
660.1097860021023,710.8054176560258,NO
660.996193716565,711.0318121472127,NO
661.9998942708085,711.0539218905113,NO
662.9998904299248,711.0558807412569,NO
665.1115262216907,711.8077231556957,NO
667.1151257385912,712.8028907674973,NO
669.1330821714818,713.7701931493337,NO
669.9991271101468,714.0067874712208,NO
671.0002444010031,714.0311611297153,NO
672.0001442091764,714.0245155607572,NO
673.0000404798341,714.0206447164614,NO
675.1678611777771,714.7158255642511,NO
677.180797749943,715.6970927774964,NO
678.0057864022875,715.9565776693838,NO
678.9999596932454,715.9931478514978,NO
681.2013068464822,716.6662544258884,NO
682.0085632131909,716.9413749272513,NO
684.1856250077499,717.6970368989632,NO
686.1763538948464,718.7057698665343,NO
688.1777538712062,719.7040513549181,NO
689.0046685503664,719.9688531063236,NO
691.1298567427881,720.7907163272828,NO
691.9936099411432,721.040923569934,NO
692.9984625346884,721.0871230302104,NO
695.0637359063669,721.8907599759906,NO
695.9844915101752,722.1266755380883,NO
696.9976954325548,722.1469161651189,NO
697.9984340389445,722.1597280261645,NO
699.2222411920861,722.5593939189389,NO
700.0323104179575,722.9413850999939,NO
700.9835178931978,723.1756842780048,NO
701.9989679063046,723.1754559337699,NO
703.0013681132773,723.1744344530027,NO
704.0025622289284,723.1633420836092,NO
706.0458983082825,723.9173384851181,NO
707.2367435650931,724.5049907126663,NO
709.2620111255242,725.4595479919846,NO
710.0738552778029,725.8687423493494,NO
710.9907640916194,726.0901974838434,NO
712.6429349584544,726.5757172700605,NO
713.0980763151031,726.830281042353,NO
713.9940928987697,727.0557482686439,NO
716.1131718965839,727.8126810023562,NO
716.9943236972748,728.0479037507837,NO
718.0005646167168,728.0575909045782,NO
719.0003860275982,728.0492185216426,NO
721.1687128670312,728.6976075469936,NO
722.0065429496184,728.9430191652016,NO
722.9994217713778,728.967233712953,NO
723.9992377480406,728.9514064407364,NO
726.3140912057971,729.4953944190905,NO
727.0234559161013,729.8648198599052,NO
729.2314095086247,730.6373788926451,NO
731.1827140278415,731.7062698618062,NO
732.0040919644475,731.9733275592417,NO
732.9998155549303,732.0235167477579,NO
735.1452257320971,732.7486040179067,NO
737.168876094739,733.7090340803481,NO
738.0051050756745,733.9630293725542,NO
738.9999131956228,734.0088540463943,NO
741.1544571123777,734.736467486026,NO
742.0021058085943,734.9856103086977,NO
742.9996830203933,735.032331919585,NO
745.1316367560588,735.7715814644223,NO
747.1530949424446,736.7285116300727,NO
749.179665872943,737.701801319531,NO
750.0049048742666,737.9675551667068,NO
750.9998617661741,738.0176248138253,NO
752.000040489045,738.0206494140394,NO
754.1482947074596,738.7568265698437,NO
754.9986591858575,739.0091809941018,NO
755.9996158045411,739.0489849238647,NO
757.0002952805564,739.0501976961804,NO
759.1168847438523,739.8022626538482,NO
761.1194468301837,740.7954925344192,NO
761.9962866598548,741.0295112824392,NO
764.1146144508265,741.8037661541842,NO
766.1146144508265,742.8037661541842,NO
768.1194468301837,743.7954925344192,NO
768.996324848948,744.0292077796444,NO
770.0002944480711,744.050056173677,NO
772.128293476522,744.7816072849463,NO
772.9977656676332,745.0181765964966,NO
775.1282097902568,745.7824022288812,NO
777.1283149006084,746.781570814936,NO
777.9977652568706,747.0181799381057,NO
779.0,747.0411764705882,NO
780.0,747.0411764705882,NO
782.1219664132559,747.7936658448143,NO
782.9962867492027,748.0295105723598,NO
785.1145169031222,748.8039331676894,NO
787.1182657779154,749.7969173521861,NO
787.9962652302416,750.0299773099392,NO
790.1232468168574,750.7846357297045,NO
790.9986264691171,751.0126981529068,NO
793.154390572744,751.7342857089964,NO
795.1771925355988,752.7037562340465,NO
796.0050866696681,752.9639088701279,NO
797.0,753.0058823529412,NO
797.9999230011034,753.0098173598918,NO
798.999861736843,753.0176285535442,NO
800.0,753.021568627451,NO
802.1557968203651,753.7373940133713,NO
803.0018665382069,753.9862610551222,NO
805.1553710125628,754.7381117409717,NO
806.0015380398353,754.989209689339,NO
806.99982129171,755.0303804102715,NO
808.0,755.0333333333333,NO
808.9999327170725,755.0343142947921,NO
811.1314067569588,755.7767425992555,NO
813.1366500092557,756.7678344205107,NO
813.9989535309464,757.0079992806671,NO
815.0,757.0372549019608,NO
817.1222226714339,757.7940547977062,NO
819.1137373507001,758.8023957175042,NO
819.9962360423042,759.031458397245,NO
821.0003829052097,759.0488204170778,NO
822.0003939541836,759.0401833263429,NO
823.0002460659158,759.0313734060979,NO
824.0001453401217,759.0247078214561,NO
826.1495744903351,759.7478821678332,NO
828.1321722805324,760.7840750032356,NO
830.1194757489934,761.7954430219083,NO
830.9962397501856,762.029884090866,NO
833.1051619740632,762.8217944776416,NO
835.0999984307693,763.8271847485202,NO
835.9926368183843,764.0583292016439,NO
836.9993542734692,764.082330137473,NO
838.6153471059415,764.6090337346142,NO
839.0862536855816,764.8498547012028,NO
839.9904532460508,765.0786962135653,NO
840.9994291754607,765.0970401747446,NO
843.0716000803657,765.8753110833,NO
844.6075311605626,766.6355319707549,NO
845.0823255724514,766.8532100147954,NO
845.9934275485048,767.0701570980674,NO
847.0018619145902,767.0558574414557,NO
849.185937272298,767.6811075783057,NO
850.0073744850118,767.9403337104665,NO
850.999384252734,767.9685968902538,NO
853.2832074881655,768.5468680061952,NO
854.0179667016168,768.8842732985427,NO
854.9995841584035,768.9469801933689,NO
857.2786123066268,769.5536211215629,NO
859.3025551159377,770.4996526134353,NO
860.0238664066729,770.861069059943,NO
861.0009145957679,770.9481729089301,NO
863.1922118030958,771.6987725502482,NO
864.0038045613713,771.9788976809905,NO
864.9982100511844,772.0536984680695,NO
866.5571352636714,772.6601190923716,NO
868.2502619329234,773.5087451055856,NO
869.0576814254237,773.8976709342296,NO
869.986424899776,774.1257054222339,NO
871.0007546576453,774.1282918037617,NO
872.0016267552256,774.118520737522,NO
873.0016286457989,774.1038261629578,NO
874.0013827524048,774.0881504600939,NO
875.0012719056564,774.0720746504613,NO
877.134392462438,774.7642854633422,NO
878.0001593465591,774.998669161152,NO
879.0000441279813,775.022505271626,NO
880.0,775.021568627451,NO
882.1403015233558,775.7682899140236,NO
884.1353457246253,776.7700503735039,NO
884.9987677677681,777.0095816680436,NO
886.0,777.0372549019608,NO
888.1541731510492,777.7269166978505,NO
889.003832633895,777.9721206774827,NO
889.9999135379734,778.0146985449996,NO
890.999963479991,778.0186252055421,NO
893.1548710776086,778.7389544148567,NO
895.1342643154667,779.7793279532517,NO
895.9952071300676,780.0302654654957,NO
896.9980690223906,780.0820665457993,NO
898.0,780.0941176470589,NO
899.6138689178764,780.6113741989957,NO
900.0865074599532,780.8494129458322,NO
900.9912467099158,781.0762786728585,NO
902.6149526771749,781.6096582468134,NO
903.0865310267858,781.8493719220883,NO
903.9912465977068,782.07627965068,NO
905.5986321376583,782.628809652484,NO
906.0831829080951,782.8552001284754,NO
906.9912398947702,783.0809646046583,NO
908.6260044849139,783.5948507938991,NO
909.0910071734825,783.8426004931217,NO
909.9923607888813,784.0689041721736,NO
912.1112948864036,784.8055897505358,NO
914.1265051840059,785.7815503188319,NO
916.1252336882666,786.7919002479686,NO
916.9950404787642,787.0352633683169,NO
918.6083801869382,787.5921798133936,NO
919.0850238360463,787.8567911744399,NO
919.9907231024916,788.0865212710333,NO
921.6455467346555,788.5683133509983,NO
922.0988101326986,788.8296890671119,NO
922.9941043802055,789.0556399125918,NO
924.0009436497406,789.0534734827761,NO
925.0005845094192,789.0372624730632,NO
926.000201931892,789.0257463177225,NO
928.1607750560092,789.7266824085644,NO
930.1668388281636,790.726758856983,NO
931.0022362958264,790.9841329497744,NO
933.1321722805324,791.7840750032356,NO
935.1161344360995,792.8051011105777,NO
935.9940920830214,793.0431659113274,NO
936.9998596813615,793.0715625093496,NO
939.1009250101068,793.8211226872629,NO
941.1194171504357,794.7955433497489,NO
941.9963058158877,795.0293590423875,NO
943.0001019355218,795.0519871188209,NO
945.1136650294342,795.8105582754976,NO
945.9947043037827,796.0447907005457,NO
947.0004462531269,796.0568972770033,NO
949.1489176391755,796.7360454537504,NO
950.0030277169777,796.9786640574094,NO
952.1720802426935,797.7022738739496,NO
953.0061612720858,797.9567748257565,NO
953.9999931577049,797.9988368098017,NO
954.9999399801891,797.9923474736567,NO
957.2266891181571,798.6270994765998,NO
959.2220718836655,799.6564825435262,NO
961.2368985898817,800.6141570475817,NO
962.0098518090731,800.9061936402238,NO
962.9966120713311,800.9214616541714,NO
964.0082062841503,800.8744438467812,NO
966.0819224031396,801.7351646325588,NO
968.0451807409444,802.7140800773722,NO
969.0111981458385,802.8124310619293,NO
969.9771512114044,803.0420785016017,NO
972.0062675399299,803.8401777329782,NO
973.0039259577493,803.8748600919035,NO
974.00262977334,803.9042011151645,NO
976.2139582398178,804.676923052563,NO
978.1900785115457,805.6743694977805,NO
980.262347035216,806.5382691990278,NO
981.9087811885694,807.1619880601543,NO
983.0287946744311,807.8286031250567,NO
984.000797181703,807.9186874670509,NO
985.0010751387704,807.9314599078241,NO
987.2664536379015,808.5640502186926,NO
988.0180749966839,808.8905596102516,NO
989.0005697507123,808.9677141278274,NO
991.2336225147071,809.5867679682855,NO
992.0176277103286,809.8850982051584,NO
994.2556370432118,810.5888166156841,NO
995.0161114449243,810.9075161200361,NO
996.0002592364301,810.9853099363222,NO
996.9999480050666,811.0029463794203,NO
997.9995776374876,811.0215404875689,NO
998.9992909083221,811.0401818598498,NO
999.9982779297511,811.0627325583336,NO
1000.9960190491154,811.0966802421556,NO
1003.0443794784669,811.9199919231486,NO
1003.9823190034502,812.1538901507098,NO
1004.9961379641047,812.1790580315136,NO
1007.179344700528,812.648060124039,NO
1008.0076377383393,812.9861704202011,NO
1008.9755077178978,813.2456962698751,NO
1009.9995060165118,813.2519315921161,NO
1011.0065444661448,813.2384055496244,NO
1012.0072957705078,813.2067135108191,NO
1013.0083034975445,813.1628762918194,NO
1014.0067838045499,813.1048406116439,NO
1015.0026378592181,813.0320311494269,NO
1015.9951452124324,812.9484178825279,NO
1017.0056504986775,812.8440119909495,NO
1019.0435170726691,813.7530112196796,NO
1019.9973701595073,813.8658781383718,NO
1020.9988472452101,813.8530237557322,NO
1022.0011527547899,813.8530237557322,NO
1023.0026086553888,813.8669585786419,NO
1024.003363315747,813.8927943064181,NO
1025.0034270150975,813.9352674919036,NO
1026.000554137762,813.9905796580802,NO
1028.2659206766805,814.5374677790536,NO
1029.0266113770028,814.9549305223999,NO
1029.966554865576,815.2215740092978,NO
1030.9840528201003,815.2904664873149,NO
1033.1082006084837,815.7665996758027,NO
1033.9816614509127,816.0378548018392,NO
1034.9936696017583,816.2951171361068,NO
1036.008804012952,816.2494470494476,NO
1037.1814909543923,816.5900905163268,NO
1038.0301089291404,816.9423035777303,NO
1038.9870559217832,817.1637250949332,NO
1039.9975081870098,817.1588530678404,NO
1040.9946766550706,817.1809937336675,NO
1041.9920346825309,817.2138058943258,NO
1044.1255616185806,817.7697098479516,NO
1046.091854634943,818.8409520946968,NO
1046.940843344123,819.1039357201186,NO
1047.9801656956981,819.4958575798157,NO
1048.99804712837,819.4979822802711,NO
1050.0,819.5000000004902,NO
1051.0,819.5000000004902,NO
1052.0,819.5000000004902,NO
1053.0,819.5000000004902,NO
1054.063354021068,819.8712727003702,NO
1054.9415054579881,820.1198080911075,NO
1056.0037357235165,820.4763047760738,NO
1057.0036810163506,820.4693296120229,NO
1058.0716489912581,820.8523276583057,NO
1058.945220084106,821.1069512650466,NO
1059.9798897032485,821.4709550911223,NO
1060.9922881192183,821.4916323680063,NO
1062.0625666847263,821.8748666305473,NO
1062.9374790712188,822.1250418575623,NO
1064.0,822.5000000004902,NO
1065.0,822.5000000004902,NO
1066.0625209287812,822.8749581424377,NO
1066.9374790712188,823.1250418575623,NO
1068.0,823.5000000004902,NO
1069.0,823.5000000004902,NO
1070.0,823.5000000004902,NO
1071.0,823.5000000004902,NO
1072.0,823.5000000004902,NO
1073.0,823.5000000004902,NO
1074.0625209287812,823.8749581424377,NO
1076.0637386807948,824.8725226384106,NO
1076.9374790712188,825.1250418575623,NO
1078.0,825.5000000004902,NO
1079.0,825.5000000004902,NO
1080.0,825.5000000004902,NO
1081.0058085071728,825.4937231230309,NO
1082.0184132558275,825.4695380201003,NO
1083.0760000048356,825.8415822111419,NO
1083.949434913128,826.0998391499653,NO
1085.0139828489016,826.404680100815,NO
1086.115442109643,826.7478744187222,NO
1088.1411069108972,827.6986737052538,NO
1089.0057039891285,827.9896791349047,NO
1089.9966531194677,828.2223284908117,NO
1091.0082602712803,828.1170205108225,NO
1092.0032945801813,828.0525073712491,NO
1092.9998173420977,827.9964170951267,NO
1093.9982268663414,827.9524053587176,NO
1094.9978037644116,827.9199942759341,NO
1095.999031892329,827.9012530184771,NO
1097.0102206853812,827.9027454387701,NO
1098.7056053187775,828.6040825832747,NO
1099.0400341241368,828.7748730524572,NO
1100.0,828.8803921568627,NO
1100.9987794332014,828.8755021877007,NO
1101.9986851061071,828.8658808241776,NO
1103.0129969688235,828.8573391597621,NO
1105.0565228630408,829.7219335103049,NO
1106.0024363498842,829.8619401797476,NO
1107.014577269253,829.8874242805928,NO
1108.679580368826,830.6377283710791,NO
1109.0363793125402,830.7980481771783,NO
1110.0007688412365,830.9019727366211,NO
1111.0,830.9058823529411,NO
1111.999429101536,830.9029472580326,NO
1112.9998020064263,830.8990232721362,NO
1113.9997981528336,830.8970579397218,NO
1114.9991542443254,830.8921661452188,NO
1115.9990937461118,830.8844526225289,NO
1117.0110720953116,830.8746962886673,NO
1119.0498452559168,831.7379301696869,NO
1120.0010607774284,831.8647508700136,NO
1121.0012396904567,831.8735515745932,NO
1122.012565931593,831.8828449003919,NO
1123.691670390617,832.5973886156752,NO
1124.041113854208,832.7865051594422,NO
1125.0,832.8960784313725,NO
1126.0102479783989,832.9024857330497,NO
1127.7177795703856,833.5980830502692,NO
1128.039028685815,833.7619799852928,NO
1128.997480741703,833.8572420365691,NO
1129.9987856208209,833.8451666456382,NO
1131.0,833.8411764705883,NO
1132.0,833.8411764705883,NO
1133.0,833.8411764705883,NO
1134.0,833.8411764705883,NO
1135.0,833.8411764705883,NO
1136.015304686272,833.8358704369863,NO
1138.0584993189345,834.7033248786836,NO
1139.0,834.8411764705883,NO
1140.0,834.8411764705883,NO
1141.0,834.8411764705883,NO
1142.015304686272,834.8358704369863,NO
1144.0907487613456,835.7277537074108,NO
1145.987183260859,837.0125578153448,NO
1146.9791641902666,838.0204120309237,NO
1147.97589611022,839.0235309628616,NO
1149.0496206154253,839.7530508843896,NO
1150.0002402931905,839.877450466462,NO
1151.0002364490122,839.879410997528,NO
1151.9997635439322,839.8794073991116,NO
1152.998500879424,839.8725747475937,NO
1153.9983630079364,839.8608556708361,NO
1154.9985299983036,839.8500598283753,NO
1155.9987547137343,839.8412259918936,NO
1157.0,839.8372549019608,NO
1158.0,839.8372549019608,NO
1159.0,839.8372549019608,NO
1160.0164880964985,839.8316764664822,NO
1162.0548717598392,840.7236930955818,NO
1163.0,840.856862745098,NO
1164.0,840.856862745098,NO
1165.0,840.856862745098,NO
1166.0,840.856862745098,NO
1167.0,840.856862745098,NO
1168.0,840.856862745098,NO
1169.0,840.856862745098,NO
1170.0002787243207,840.8578505890291,NO
1171.01534353433,840.8662507049852,NO
1172.717621819644,841.564756360712,NO
1173.0436638688682,841.763556034767,NO
1174.0,841.8764705882353,NO
1175.0,841.8764705882353,NO
1176.0,841.8764705882353,NO
1177.0125811052562,841.8789068610017,NO
1178.7173200835516,842.5653598328968,NO
1179.0436636231368,842.7635573654251,NO
1180.0,842.8764705882353,NO
1181.0,842.8764705882353,NO
1182.0125811052562,842.8789068610017,NO
1184.0705795218703,843.7882614277378,NO
1185.7173200835516,844.5653598328968,NO
1186.0436636231368,844.7635573654251,NO
1187.0,844.8764705882353,NO
1188.0125811052562,844.8789068610017,NO
1189.7173200835516,845.5653598328968,NO
1190.0436088214492,845.7638541217292,NO
1191.01258499088,845.8788694618731,NO
1192.7173200835516,846.5653598328968,NO
1193.0436636231368,846.7635573654251,NO
1194.0,846.8764705882353,NO
1195.0125811052562,846.8789068610017,NO
1197.0705795218703,847.7882614277378,NO
1198.7173200835516,848.5653598328968,NO
1199.0436088214492,848.7638541217292,NO
1200.01258499088,848.8788694618731,NO
1201.7173200835516,849.5653598328968,NO
1202.0436636231368,849.7635573654251,NO
1203.0,849.8764705882353,NO
1204.0,849.8764705882353,NO
1205.0125811052562,849.8789068610017,NO
1206.7173200835516,850.5653598328968,NO
1207.0436636231368,850.7635573654251,NO
1208.0,850.8764705882353,NO
1209.0125811052562,850.8789068610017,NO
1210.7173200835516,851.5653598328968,NO
1211.0436636231368,851.7635573654251,NO
1212.0,851.8764705882353,NO
1213.0,851.8764705882353,NO
1214.0,851.8764705882353,NO
1215.0,851.8764705882353,NO
1216.0,851.8764705882353,NO
1217.0125811052562,851.8789068610017,NO
1218.7173200835516,852.5653598328968,NO
1219.0436636231368,852.7635573654251,NO
1220.0,852.8764705882353,NO
1221.0125811052562,852.8789068610017,NO
1222.7173200835516,853.5653598328968,NO
1223.0436636231368,853.7635573654251,NO
1224.0,853.8764705882353,NO
1225.0125811052562,853.8789068610017,NO
1226.7173200835516,854.5653598328968,NO
1227.0436088214492,854.7638541217292,NO
1228.01258499088,854.8788694618731,NO
1229.7173200835516,855.5653598328968,NO
1230.0436636231368,855.7635573654251,NO
1231.0,855.8764705882353,NO
1232.0,855.8764705882353,NO
1233.0,855.8764705882353,NO
1234.0,855.8764705882353,NO
1235.0,855.8764705882353,NO
1236.0,855.8764705882353,NO
1237.0,855.8764705882353,NO
1238.0,855.8764705882353,NO
1239.0125811052562,855.8789068610017,NO
1240.7173200835516,856.5653598328968,NO
1241.0436636231368,856.7635573654251,NO
1242.0,856.8764705882353,NO
1243.0,856.8764705882353,NO
1244.0,856.8764705882353,NO
1245.0,856.8764705882353,NO
1246.0125811052562,856.8789068610017,NO
1247.7173200835516,857.5653598328968,NO
1248.0436636231368,857.7635573654251,NO
1249.0,857.8764705882353,NO
1250.0125811052562,857.8789068610017,NO
1251.7173200835516,858.5653598328968,NO
1252.0436088214492,858.7638541217292,NO
1253.01258499088,858.8788694618731,NO
1254.7173200835516,859.5653598328968,NO
1255.0436636231368,859.7635573654251,NO
1256.0,859.8764705882353,NO
1257.00116221698,859.8814538691446,NO
1258.0018496310804,859.895187577056,NO
1259.0007229054602,859.9078295484662,NO
1260.9134704519033,860.1506255038977,NO
1262.0308101314047,860.8213012378523,NO
1263.0,860.9117647058823,NO
1264.9192477535344,861.1443874376941,NO
1266.034409222563,861.8004265091351,NO
1267.0,861.8960784313725,NO
1268.0,861.8960784313725,NO
1269.0105945184425,861.9036003716163,NO
1271.0584758843784,862.8208447958855,NO
1272.7056053187775,863.6040825832747,NO
1273.0400341241368,863.7748730524572,NO
1274.0,863.8803921568627,NO
1275.000907056548,863.8843502834071,NO
1276.0008457921858,863.892161490027,NO
1277.0,863.8960784313725,NO
1278.0,863.8960784313725,NO
1279.0105945184425,863.9036003716163,NO
1280.680839084207,864.6383218315862,NO
1281.0362887797758,864.7959345334241,NO
1282.0,864.8960784313725,NO
1282.99979437962,864.8951336007161,NO
1284.0107162518764,864.8993984522658,NO
1285.7082593118193,865.6025494251891,NO
1286.0385344933893,865.7732494091355,NO
1287.0,865.8764705882353,NO
1288.0,865.8764705882353,NO
1289.0,865.8764705882353,NO
1290.0125811052562,865.8789068610017,NO
1291.7173200835516,866.5653598328968,NO
1292.0436636231368,866.7635573654251,NO
1293.0,866.8764705882353,NO
1294.0,866.8764705882353,NO
1295.0131832189238,866.8800457602624,NO
1296.6882751508379,867.603844328782,NO
1297.0387504993173,867.7901623939694,NO
1298.0,867.8960784313725,NO
1299.0105945184425,867.9036003716163,NO
1300.680839084207,868.6383218315862,NO
1301.0362420558627,868.7961972795724,NO
1302.0105995942015,868.903554187236,NO
1303.680839084207,869.6383218315862,NO
1304.0362887797758,869.7959345334241,NO
1305.0,869.8960784313725,NO
1306.0,869.8960784313725,NO
1307.0105945184425,869.9036003716163,NO
1308.674189816866,870.6390892037338,NO
1309.036980587295,870.8023136522244,NO
1310.0007229282912,870.9078266374962,NO
1310.9992779191145,870.9079346817336,NO
1312.0086745003862,870.8972405325864,NO
1313.723962192575,871.5653042634684,NO
1314.042382235244,871.7550932652451,NO
1314.9986413856639,871.8614213390003,NO
1316.0026076227218,871.8670112446503,NO
1318.2364521886884,872.7436930335721,NO
1318.9447817348994,873.1105634656005,NO
1319.947065758709,873.3856637654349,NO
1320.9941978936943,873.4931790493104,NO
1322.0,873.5000000004902,NO
1323.0625209287812,873.8749581424377,NO
1323.9374790712188,874.1250418575623,NO
1325.0,874.5000000004902,NO
1326.0,874.5000000004902,NO
1327.0,874.5000000004902,NO
1328.0,874.5000000004902,NO
1329.0288229469868,874.4593657141745,NO
1330.0531318453827,874.3225862034141,NO
1331.0289121280118,874.1734727680713,NO
1332.0053736238806,874.0415234598676,NO
1332.9966530669224,873.9482746726545,NO
1334.9114903836862,874.15363521114,NO
1336.029867314278,874.8230310936347,NO
1336.999274774168,874.9075337010423,NO
1337.9992170964445,874.9001797908583,NO
1339.010570355837,874.9038202274047,NO
1340.680839084207,875.6383218315862,NO
1341.0362887797758,875.7959345334241,NO
1342.0,875.8960784313725,NO
1343.0,875.8960784313725,NO
1344.0,875.8960784313725,NO
1345.0,875.8960784313725,NO
1346.0,875.8960784313725,NO
1347.0105945184425,875.9036003716163,NO
1348.680839084207,876.6383218315862,NO
1349.0362887797758,876.7959345334241,NO
1350.0,876.8960784313725,NO
1351.0,876.8960784313725,NO
1352.0,876.8960784313725,NO
1353.0105945184425,876.9036003716163,NO
1354.680839084207,877.6383218315862,NO
1355.0362887797758,877.7959345334241,NO
1356.0,877.8960784313725,NO
1357.0105945184425,877.9036003716163,NO
1358.680839084207,878.6383218315862,NO
1359.0362887797758,878.7959345334241,NO
1360.0,878.8960784313725,NO
1361.0,878.8960784313725,NO
1362.0,878.8960784313725,NO
1363.010423586445,878.8969970313522,NO
1364.6864401616676,879.6112432369288,NO
1365.0382476753812,879.7913323031079,NO
1366.0,879.8960784313725,NO
1367.0,879.8960784313725,NO
1368.0105945184425,879.9036003716163,NO
1369.680839084207,880.6383218315862,NO
1370.0362887797758,880.7959345334241,NO
1371.0,880.8960784313725,NO
1372.0,880.8960784313725,NO
1373.0105945184425,880.9036003716163,NO
1374.680839084207,881.6383218315862,NO
1375.0362887797758,881.7959345334241,NO
1376.0,881.8960784313725,NO
1377.0,881.8960784313725,NO
1378.0,881.8960784313725,NO
1379.0,881.8960784313725,NO
1380.0,881.8960784313725,NO
1381.0,881.8960784313725,NO
1382.9205610522301,882.1356040192222,NO
1384.0318834953634,882.8108828301639,NO
1384.999213348294,882.8997019016555,NO
1386.0,882.8960784313725,NO
1387.0105946034644,882.903599598002,NO
1388.701093303404,883.6174783098629,NO
1389.0371282956194,883.7797732617342,NO
1390.0,883.8803921568627,NO
1391.0,883.8803921568627,NO
1392.012212236201,883.8837949091411,NO
1393.691670390617,884.5973886156752,NO
1394.041113854208,884.7865051594422,NO
1395.0,884.8960784313725,NO
1396.0,884.8960784313725,NO
1397.9205274677229,885.13566134871,NO
1399.0525124807511,885.8457065649685,NO
1399.9176206272448,886.1434011248755,NO
1401.0309590331417,886.8228002694233,NO
1402.0001672433289,886.9147058978199,NO
1403.0,886.9156862745098,NO
1404.910153045384,887.1561202006336,NO
1406.0293894022363,887.8282002071478,NO
1407.000630290682,887.9196379333682,NO
1409.3256936677817,888.4779978135999,NO
1410.0244683497428,888.8523461604995,NO
1411.0,888.9313725490196,NO
1412.0,888.9313725490196,NO
1414.3163908671074,889.4929077819904,NO
1415.0402145355772,889.872736721868,NO
1415.9114162150424,890.1570348866308,NO
1417.0294976844186,890.8275672287589,NO
1418.0,890.9156862745098,NO
1419.0,890.9156862745098,NO
1420.0,890.9156862745098,NO
1421.0,890.9156862745098,NO
1422.910153045384,891.1561202006336,NO
1424.0294586783402,891.8277952441551,NO
1425.911689290598,892.154488955977,NO
1427.0499050807614,892.8494988507089,NO
1427.9175180927227,893.1435796108884,NO
1429.0308101314047,893.8213012378523,NO
1430.0,893.9117647058823,NO
1431.0,893.9117647058823,NO
1432.0,893.9117647058823,NO
1433.0,893.9117647058823,NO
1434.9134704519033,894.1506255038977,NO
1436.0307692521242,894.8215383376797,NO
1437.9134704519033,895.1506255038977,NO
1439.0504136138836,895.8487591535982,NO
1439.9175403457193,896.143540874192,NO
1441.0308101314047,896.8213012378523,NO
1442.0,896.9117647058823,NO
1443.0,896.9117647058823,NO
1444.0,896.9117647058823,NO
1445.0,896.9117647058823,NO
1446.0,896.9117647058823,NO
1447.0,896.9117647058823,NO
1448.0,896.9117647058823,NO
1449.9134704519033,897.1506255038977,NO
1451.0307692521242,897.8215383376797,NO
1452.9134704519033,898.1506255038977,NO
1454.0308101314047,898.8213012378523,NO
1455.0,898.9117647058823,NO
1456.9134704519033,899.1506255038977,NO
1458.0308101314047,899.8213012378523,NO
1459.0,899.9117647058823,NO
1460.0,899.9117647058823,NO
1461.0,899.9117647058823,NO
1462.0,899.9117647058823,NO
1463.0,899.9117647058823,NO
1463.9994636729919,899.9088244057315,NO
1464.9994291212847,899.9029506153308,NO
1465.999185067954,899.8960961580905,NO
1466.9991236952576,899.888271138837,NO
1468.0,899.8843137254902,NO
1469.0,899.8843137254902,NO
1470.0,899.8843137254902,NO
1471.0,899.8843137254902,NO
1472.0,899.8843137254902,NO
1473.0,899.8843137254902,NO
1474.0,899.8843137254902,NO
1475.0,899.8843137254902,NO
1476.0118286602656,899.8887140299836,NO
1477.7036109711523,900.5927780576952,NO
1478.0406425681972,900.7765953071945,NO
1479.0,900.8843137254902,NO
1480.0,900.8843137254902,NO
1481.0118286602656,900.8887140299836,NO
1482.7036109711523,901.5927780576952,NO
1483.0406425681972,901.7765953071945,NO
1484.0,901.8843137254902,NO
1485.011935396957,901.888964638868,NO
1486.6976706516828,902.6008073599514,NO
1487.0396785890846,902.7818941223796,NO
1488.0,902.8882352941176,NO
1488.9988560933593,902.8833215237453,NO
1489.9971482678654,902.867783325616,NO
1490.996692563244,902.8466552018336,NO
1492.0144062965499,902.822575089204,NO
1494.0659566504794,903.7037185299943,NO
1495.0049782062422,903.8663744612994,NO
1497.3473937741003,904.4696701364988,NO
1498.0254032091816,904.8587452142334,NO
1499.0012260146411,904.9553380385992,NO
1500.0001490355571,904.9973790297813,NO
1500.9975821539226,905.0493240585067,NO
1503.0640485146967,905.8921601750811,NO
1503.9801309273128,906.1370076323428,NO
1506.148736801332,906.7687654552743,NO
1506.955923355682,907.0673308727653,NO
1507.9545141330577,907.4681253823668,NO
1509.0,907.5000000004902,NO
1510.0,907.5000000004902,NO
1511.0,907.5000000004902,NO
1512.0625209287812,907.8749581424377,NO
1512.9374790712188,908.1250418575623,NO
1514.0,908.5000000004902,NO
1515.0625209287812,908.8749581424377,NO
1515.9374790712188,909.1250418575623,NO
1517.0,909.5000000004902,NO
1518.0142206253477,909.4835012780371,NO
1519.0232839825728,909.4398085644467,NO
1520.020004052486,909.3923871685183,NO
1521.1054992129204,909.7652846992139,NO
1521.9813104784594,910.0381162179648,NO
1522.9951930822872,910.2914193913591,NO
1524.0064941851917,910.2365738863537,NO
1525.0053983672806,910.2117821003374,NO
1526.1993340706622,910.5811611406689,NO
1528.1970672196421,911.6075791862089,NO
1529.0279625099647,911.949194874241,NO
1529.9426648412884,912.2162157253418,NO
1530.9374144402311,912.37998375492,NO
1532.0,912.5000000004902,NO
1533.0,912.5000000004902,NO
1534.0,912.5000000004902,NO
1535.0,912.5000000004902,NO
1536.0625209287812,912.1250418575623,NO
1536.9374790712188,911.8749581424377,NO
1538.0,911.5000000004902,NO
1539.0,911.5000000004902,NO
1540.0,911.5000000004902,NO
1541.0,911.5000000004902,NO
1542.0625209287812,911.8749581424377,NO
1542.9374790712188,912.1250418575623,NO
1544.0,912.5000000004902,NO
1545.0,912.5000000004902,NO
1546.0,912.5000000004902,NO
1547.0,912.5000000004902,NO
1548.0,912.5000000004902,NO
1549.0,912.5000000004902,NO
1550.0,912.5000000004902,NO
1551.0,912.5000000004902,NO
1552.0,912.5000000004902,NO
1553.0,912.5000000004902,NO
1554.074699152261,912.8506016954781,NO
1555.0,913.0,NO
1555.8320053591465,912.8320053591465,NO
1556.8526427546,911.8557247349981,NO
1557.8899780128563,910.8364223291763,NO
1558.9193623096114,909.928891138513,NO
1559.6376339967833,908.2848164036884,NO
1559.7690498744728,907.9009345476738,NO
1559.9511193280553,906.9963287048953,NO
1559.9616841176596,906.0003756459088,NO
1559.9558879408064,905.0000864942292,NO
1559.9549019607844,904.0,NO
1559.9585857890809,902.9996751826784,NO
1559.9064578328378,902.0135752803292,NO
1559.6012304480544,901.2498076975505,NO
1558.945089680692,899.000430669146,NO
1558.9313362008095,898.0013463490388,NO
1558.904368217882,897.0033752391549,NO
1558.8824815499404,896.0009217132801,NO
1558.8874641011562,894.9980140722796,NO
1558.904297297372,893.9983111286974,NO
1558.8327247745638,893.0253917210642,NO
1558.1531551394423,891.9090078295442,NO
1557.8902428215051,890.00301294219,NO
1557.8631064924352,889.003757861036,NO
1557.8357538032033,888.0045087191805,NO
1557.8114935117028,887.0040658261355,NO
1558.0124484825344,885.0075359265031,NO
1558.4615256374445,883.9895266494235,NO
1557.9995004864322,883.0003063242161,NO
1557.5058939881856,880.8154814713295,NO
1557.1451090610083,879.9377075217826,NO
1556.9656266906798,879.0027222789928,NO
1556.9549019607844,878.0,NO
1556.9549019607844,877.0,NO
1556.9549019607844,876.0,NO
1556.9558827639976,874.9999134956201,NO
1556.956862745098,874.0,NO
1556.9558827639976,873.0000865043799,NO
1556.9093031800373,872.0112996043026,NO
1556.662624344366,871.1731662652236,NO
1556.0392113468204,868.9996924600429,NO
1556.0323577978456,867.9998096600187,NO
1556.0284287623704,866.9999442573315,NO
1556.0225082293455,865.9997793310828,NO
1556.0097655013394,864.9998468156554,NO
1555.9931360393923,864.0001211287223,NO
1555.942151477611,863.0073488346247,NO
1555.7185338457516,862.1373869696059,NO
1555.051289726779,859.9956948519598,NO
1554.8736322869674,859.0510217045874,NO
1554.547119462174,858.1586231326106,NO
1554.2596498336293,856.9964361787437,NO
1554.247967555845,855.9975689455083,NO
1554.2391550508821,854.9981242742199,NO
1554.2346019667089,853.9915204108313,NO
1554.0109080229427,852.9954434841586,NO
1553.7554790490979,852.097596211494,NO
1553.396896527105,850.9961088575411,NO
1553.3839778800325,849.9939768171782,NO
1553.3683365738743,848.9942221710162,NO
1553.3547135418755,847.99582689962,NO
1553.340865320968,846.9946530926583,NO
1553.3241817727878,845.994279144916,NO
1553.3086356633244,844.9957638242165,NO
1553.2959555145421,843.9965181705112,NO
1553.2862222313076,842.9977551198851,NO
1553.2793837091226,841.9983565664689,NO
1553.2744988334705,840.998923534018,NO
1553.2715653883586,839.9994675188741,NO
1553.269602731743,838.9994713672203,NO
1553.2666397448606,837.9989543539724,NO
1553.2586958502088,836.9969565194915,NO
1553.2479580371737,835.9975690388286,NO
1553.2381409335428,834.9976652849435,NO
1553.2263141193237,833.9968937277649,NO
1553.2125669570098,832.997082414307,NO
1553.1947559645362,831.9957993812425,NO
1553.1732893606575,830.9962623864147,NO
1553.154754336025,829.9975724808464,NO
1553.1360174680078,828.9970662899653,NO
1553.1135385633106,827.997328504308,NO
1553.0930664838174,826.998357650208,NO
1553.0764024288537,825.9988015304502,NO
1553.0597313392327,824.9989459174932,NO
1553.0421201874806,823.9992567025388,NO
1553.0254358521468,822.999601006215,NO
1553.0048305604832,821.9998768680657,NO
1552.9795639784304,821.0005209181985,NO
1552.9628001231429,820.0002917637231,NO
1552.9578468091656,819.0000826533111,NO
1552.9558846788113,818.0000865006252,NO
1552.95588881374,816.9999135074825,NO
1552.9617901342592,815.9996253934696,NO
1552.9705748267322,814.9997692143407,NO
1552.9745098039216,814.0,NO
1552.9745098039216,813.0,NO
1552.9745098039216,812.0,NO
1552.9695571817472,811.0002984590053,NO
1552.9519189936236,810.001225594284,NO
1552.922802609899,809.002573246164,NO
1552.891582765877,808.0031887420731,NO
1552.865934445197,807.0028916099468,NO
1552.7508400199702,806.0455574667686,NO
1552.6256387636909,805.7374551497497,NO
1551.7708440967858,804.1507510962025,NO
1550.918314949994,802.0346252784119,NO
1550.6075174149103,801.1515624567402,NO
1550.2764705882353,800.0,NO
1550.279387625301,799.0016434565674,NO
1550.2823529411764,798.0,NO
1550.2783530219767,796.9978168391704,NO
1550.2684569589635,795.9968416829211,NO
1550.2525403104005,794.9950482290786,NO
1550.2299039202753,793.9941397039745,NO
1550.2075532644565,792.9959303280418,NO
1550.1859004432342,791.9956258717854,NO
1550.1624904244675,790.9961766957738,NO
1550.143064700914,789.9977558476835,NO
1550.130382936595,788.9987217359038,NO
1550.1245121879895,787.9997558584677,NO
1550.1235294117646,787.0,NO
1550.1205671359546,785.9992907815756,NO
1550.1146990687282,784.9993252996171,NO
1550.1107807976514,783.999782782761,NO
1550.1058506127988,782.9991697991636,NO
1550.098018167402,781.9992312301043,NO
1550.0901812012369,780.999292696502,NO
1550.0833189718412,779.9995098884165,NO
1550.0754512037456,778.9992602823094,NO
1550.0646759460305,777.9992391065379,NO
1550.0398456564694,776.995810220755,NO
1549.8335789855298,776.0842103662598,NO
1549.6611905000482,775.6353567368093,NO
1549.0811360425464,773.9885847560192,NO
1548.849022000184,773.0860637400955,NO
1548.5784438874437,772.6362363282827,NO
1548.028193271675,770.9985074150451,NO
1547.9797443075104,770.0009134920293,NO
1547.939572585581,769.0021327321384,NO
1547.9043923617746,768.0033743870176,NO
1547.8730476879587,767.0034849654694,NO
1547.8307390808109,766.011050194262,NO
1547.6846408299461,765.087353012842,NO
1547.3465703005188,763.9634796891646,NO
1547.2676160509068,762.9984257879856,NO
1547.2617156946533,761.9984604959626,NO
1547.2517516028781,760.9965445858327,NO
1547.2350050074758,759.9953920585567,NO
1547.2184943078355,758.9970010585112,NO
1547.2047668762734,757.997189474239,NO
1547.1910412260756,756.9973778655168,NO
1547.1763036229088,755.9972344527949,NO
1547.1595905453876,754.9971836961249,NO
1547.138922336699,753.996731239033,NO
1547.1155182512239,752.9972819234146,NO
1547.0959749400033,751.9984945106476,NO
1547.0752674391197,750.9980814182125,NO
1547.0499402149076,749.9987270141258,NO
1547.0284321910337,748.9994982554286,NO
1547.010772577036,747.9998098956904,NO
1546.9931447345753,747.0001209752779,NO
1546.9755249436175,746.0004319127801,NO
1546.9588879953712,745.000644894232,NO
1546.9461124399427,744.0005283094173,NO
1546.9363000978105,743.0006245088508,NO
1546.9274806815915,742.0005687789348,NO
1546.922554180013,741.0001518545411,NO
1546.921568627451,740.0,NO
1546.930572771904,738.9987748135641,NO
1546.951382673269,737.9987607348049,NO
1546.9251714991424,737.0087741387723,NO
1546.6813256228675,736.1726947931135,NO
1546.0065165233902,733.9993760775623,NO
1545.8167651500141,733.0827740496159,NO
1545.1617166142755,730.9984145429826,NO
1545.1518971615196,729.9985108121281,NO
1545.1400941192703,728.9980771395338,NO
1545.1263789008456,727.9982653876303,NO
1545.11166261012,726.9982484295318,NO
1545.0953349353417,725.9942428239945,NO
1544.9166729189362,725.033105116029,NO
1544.6268329835473,724.1372930497045,NO
1544.2936737184887,722.9942416916441,NO
1544.2709174477043,721.9930942611152,NO
1544.2444461015377,720.9932897147811,NO
1544.2171306588123,719.9940395504726,NO
1544.1928275156097,718.995840975238,NO
1544.1701907426689,717.9959955118104,NO
1544.1426804604284,716.9955237504341,NO
1544.115552227936,715.9972811239625,NO
1544.0960108635331,714.9984939471412,NO
1544.079318221862,713.998600266607,NO
1544.0617357859976,712.9989105449016,NO
1544.0480611570872,711.999528812181,NO
1544.0421639370204,710.999917325618,NO
1544.044059797741,710.0002591752726,NO
1544.0407075731555,708.9968885932102,NO
1543.8528642385547,708.0682123669828,NO
1543.477338205214,707.2173370690816,NO
1542.6944743333058,705.1279366127383,NO
1542.2980829992057,703.9912328532586,NO
1542.2676511610616,702.9916031011542,NO
1542.2386747283792,701.9820143266238,NO
1541.998310873631,701.0007937765456,NO
1541.7110898925753,700.1265701406888,NO
1541.3036591778655,698.9952367184702,NO
1541.2869386071695,697.9949363772815,NO
1541.2692880241552,696.995247858173,NO
1541.249490511647,695.9946188322111,NO
1541.2216117061014,694.9926129436255,NO
1541.187453324902,693.9933840007168,NO
1541.1543896907683,692.9951564020455,NO
1541.1230863497908,691.9961384676069,NO
1541.090885087614,690.9969704972827,NO
1541.0617352696129,689.9984263558677,NO
1541.0411672029804,688.9993542399114,NO
1541.0123465594145,687.9988987853733,NO
1540.8306650315415,687.0722133053054,NO
1540.1755942162486,684.9883415479968,NO
1539.966054365303,684.0148202605424,NO
1539.679223846077,683.1293822633978,NO
1539.3156862745097,682.0,NO
1539.30850568755,680.9957656081978,NO
1539.2899854002198,679.9827702528681,NO
1538.9620722375355,679.0350471733,NO
1537.9094336400096,678.142724993944,NO
1536.8588379389446,677.1411620610555,NO
1535.859129401562,676.1408705984379,NO
1534.872403249861,675.0644325543748,NO
1533.872271049611,673.0632271084635,NO
1533.4984108365627,672.0019545522429,NO
1533.5000000004902,671.0,NO
1533.12504740631,669.937476296845,NO
1532.87495259369,669.062523703155,NO
1532.5000000004902,668.0,NO
1532.5000000004902,667.0,NO
1532.5000000004902,666.0,NO
1532.5000000004902,665.0,NO
1532.5000000004902,664.0,NO
1532.5000000004902,663.0,NO
1532.5000000004902,662.0,NO
1532.5000000004902,661.0,NO
1532.5000000004902,660.0,NO
1532.5000000004902,659.0,NO
1532.5000000004902,658.0,NO
1532.5000000004902,657.0,NO
1532.5000000004902,656.0,NO
1532.5000000004902,655.0,NO
1532.5000000004902,654.0,NO
1532.5000000004902,653.0,NO
1532.5000000004902,652.0,NO
1532.5000000004902,651.0,NO
1532.5000000004902,650.0,NO
1532.5000000004902,649.0,NO
1532.5000000004902,648.0,NO
1532.12504740631,646.937476296845,NO
1531.87495259369,646.062523703155,NO
1531.5000000004902,645.0,NO
1531.5000000004902,644.0,NO
1531.12504740631,642.937476296845,NO
1530.87495259369,642.062523703155,NO
1530.5000000004902,641.0,NO
1530.5000000004902,640.0,NO
1530.5000000004902,639.0,NO
1530.5000000004902,638.0,NO
1530.5000000004902,637.0,NO
1530.5000000004902,636.0,NO
1530.12504740631,634.937476296845,NO
1529.87495259369,634.062523703155,NO
1529.5000000004902,633.0,NO
1529.5000000004902,632.0,NO
1529.5000000004902,631.0,NO
1529.5000000004902,630.0,NO
1529.5000000004902,629.0,NO
1529.5000000004902,628.0,NO
1529.5000000004902,627.0,NO
1529.5000000004902,626.0,NO
1529.5000000004902,625.0,NO
1529.5000000004902,624.0,NO
1529.4915260834637,622.9922897864269,NO
1529.4593007507058,621.9801870262924,NO
1529.4028917039745,620.9739305357754,NO
1529.3406309449297,619.9786270778056,NO
1529.2846172569612,618.984932027735,NO
1529.2355561450227,617.9889150046818,NO
1529.1920840531109,616.992090657159,NO
1529.1532694596106,615.9942899614251,NO
1529.1191381287015,614.9962623333618,NO
1529.0826704944627,613.996595921041,NO
1529.0185738303262,612.9973409259501,NO
1528.8029020567935,612.0976328447824,NO
1528.5626875735877,611.7022111578578,NO
1528.051779484433,609.9972587332066,NO
1527.9980228931738,609.0001705102407,NO
1527.8329624446585,608.0604096819781,NO
1527.250259449934,605.9931301326665,NO
1527.218593077506,604.9922849506945,NO
1527.182483500446,603.9932015952202,NO
1527.1474458467799,602.9950851387704,NO
1527.1121297816364,601.9958226160635,NO
1527.073129162897,600.9969887993738,NO
1527.0352031176994,599.9987575371011,NO
1526.9557773457207,599.0079145686706,NO
1526.6683787410127,598.2091114970509,NO
1525.9087154650015,596.0042957429235,NO
1525.8702525298509,595.0038161019352,NO
1525.8491632505725,594.0017745499454,NO
1525.8383122837718,593.0015851737032,NO
1525.8333333333333,592.0,NO
1525.8333333333333,591.0,NO
1525.8380544051658,589.9984122980751,NO
1525.7662967044957,589.028359500452,NO
1525.195735739743,587.9039886990338,NO
1524.6433936834035,586.2083918010283,NO
1523.9003172769192,584.0150297666905,NO
1523.6235733852961,583.2036593800601,NO
1522.9892451631301,581.0001897912479,NO
1522.970626625532,580.000575948534,NO
1522.9520222565168,579.0008466661014,NO
1522.8776820805072,578.018912336858,NO
1522.5830042661858,577.2265162014335,NO
1521.6814292299287,575.1851022896248,NO
1520.891638559978,573.0186748031402,NO
1520.6082126398821,572.2005302236174,NO
1519.9699495642699,570.0010016811239,NO
1519.8818314196615,569.0200913031849,NO
1519.5725622870564,568.2371676372528,NO
1518.958918338671,566.0011277318928,NO
1518.9315528088139,565.0018789425252,NO
1518.8474974729347,564.0237076691797,NO
1518.543682429679,563.2295332274201,NO
1517.9399511815043,561.0028258268186,NO
1517.8976760142798,560.0038120699785,NO
1517.8615669055969,559.0048858736105,NO
1517.8385582373953,558.0015827623932,NO
1517.823362568915,556.9807961448099,NO
1517.6653082894172,555.9552841020795,NO
1517.2741200620694,554.8520163893314,NO
1516.98336762461,554.0184415108599,NO
1515.7355276843923,552.0495102224056,NO
1515.5304679764108,551.1341520088188,NO
1515.316605581266,550.0263838000169,NO
1515.3802075544709,549.0432392914812,NO
1515.4739170895916,548.0204434824485,NO
1515.5000000004902,547.0,NO
1515.12504740631,545.937476296845,NO
1514.87495259369,545.062523703155,NO
1514.5000000004902,544.0,NO
1514.12504740631,542.937476296845,NO
1513.8725173861878,542.0637413069061,NO
1512.87495259369,540.062523703155,NO
1512.5000000004902,539.0,NO
1512.5000000004902,538.0,NO
1512.5000000004902,537.0,NO
1512.12504740631,535.937476296845,NO
1511.87495259369,535.062523703155,NO
1511.5000000004902,534.0,NO
1511.12504740631,532.937476296845,NO
1510.8725173861878,532.0637413069061,NO
1509.87495259369,530.062523703155,NO
1509.5000000004902,529.0,NO
1509.124375999681,527.9374454681109,NO
1508.8730743351891,527.065607701892,NO
1508.4969166392082,525.9587621045838,NO
1508.078401057653,524.9480744504611,NO
1507.796765873611,524.2406998913343,NO
1506.657922397808,523.1953312680216,NO
1505.656934050788,521.1503322720116,NO
1505.2505906434747,519.9735531302755,NO
1504.9907179283373,519.0049945853802,NO
1504.6792371493793,518.1597390456517,NO
1503.7029404391646,516.1368230049287,NO
1503.2819864798082,514.985158606658,NO
1503.0262953649067,513.9875412793264,NO
1502.753244400343,513.114085150084,NO
1501.8097309956897,511.08677540207475,NO
1500.8488412393215,509.07092140680845,NO
1500.4570160805893,507.9838700217072,NO
1500.4315300394578,506.9845882137957,NO
1500.0956646502652,505.9524119678298,NO
1499.8395910038867,505.0797000721194,NO
1499.4224177533235,503.9958586494387,NO
1499.4135744199418,502.9967562792481,NO
1499.3958303280283,501.98991020729295,NO
1499.354915477579,500.98121035727183,NO
1499.3195729428173,499.9924806364014,NO
1499.3231638384989,499.01013847297264,NO
1499.3610067894933,498.0176964117777,NO
1499.403888153484,497.014254875102,NO
1499.4343205400926,496.0102193071494,NO
1499.4553322997003,495.0080352762563,NO
1499.466615208029,494.0018298635072,NO
1499.4686274509804,493.0,NO
1499.4654235185722,491.9963496196747,NO
1499.856241667335,490.9286379503162,NO
1500.1115548243924,490.05771650304166,NO
1500.4783480400333,489.0128511408552,NO
1500.8721001788115,487.93413542334946,NO
1501.12379671071,487.0628769835819,NO
1501.5015604477476,486.0009853840301,NO
1501.87495259369,484.937476296845,NO
1502.12504740631,484.062523703155,NO
1502.5000000004902,483.0,NO
1502.87495259369,481.937476296845,NO
1503.8702988742643,479.93616670375246,NO
1504.8363991391652,478.8444671220676,NO
1505.8237364555903,477.82733367408383,NO
1506.833999727806,476.82655577505875,NO
1507.8489866593384,475.8430728535706,NO
1508.1179644647104,475.064255071122,NO
1508.5180493263126,474.011419925145,NO
1508.5000000004902,473.0,NO
1508.5000000004902,472.0,NO
1508.5000000004902,471.0,NO
1508.5000000004902,470.0,NO
1508.5000000004902,469.0,NO
1508.5000000004902,468.0,NO
1508.5000000004902,467.0,NO
1508.5000000004902,466.0,NO
1508.5000000004902,465.0,NO
1508.5000000004902,464.0,NO
1508.5000000004902,463.0,NO
1508.5000000004902,462.0,NO
1508.5000000004902,461.0,NO
1508.5000000004902,460.0,NO
1508.5000000004902,459.0,NO
1508.5000000004902,458.0,NO
1508.4980202779711,456.99804697935934,NO
1508.4960784318364,456.0,NO
1508.8747988693,454.93703047096693,NO
1509.1250292097502,454.06251460487516,NO
1509.5000000004902,453.0,NO
1509.5000000004902,452.0,NO
1509.5000000004902,451.0,NO
1509.8743687505569,449.93755606185243,NO
1510.8067290807599,447.92029639521473,NO
1511.0489268558388,447.0198850012242,NO
1511.1955420272661,445.9782283100519,NO
1511.0433832346625,444.99387530833184,NO
1510.917276463351,444.0105431956525,NO
1510.8174937764336,443.0125249366442,NO
1510.7684849449824,442.0049934618695,NO
1510.7641675595,440.9967630841405,NO
1510.8026910109036,439.9883935888334,NO
1510.8580354428154,438.992205867349,NO
1511.485277314484,436.6674643710714,NO
1511.8571772714567,435.975083378612,NO
1511.9351128008434,435.0005089191794,NO
1512.1549386527631,433.0848267455874,NO
1512.785818919973,431.9685605757936,NO
1512.8694530717905,431.0012798718571,NO
1512.8589548119369,429.98742561754017,NO
1513.727171075782,427.9447960178237,NO
1513.8670522780722,426.997393181855,NO
1513.901427725084,425.9953613046017,NO
1513.9645505282133,424.99721964926647,NO
1514.0539342175227,424.0057106817365,NO
1514.1637759156529,423.02119452892924,NO
1514.2865986258648,422.0393370655345,NO
1514.4078629261357,421.0399865616852,NO
1514.4840784706832,420.0132884287626,NO
1514.5000000004902,419.0,NO
1514.5000000004902,418.0,NO
1514.5000000004902,417.0,NO
1514.5000000004902,416.0,NO
1514.5000000004902,415.0,NO
1514.5000000004902,414.0,NO
1514.5000000004902,413.0,NO
1514.5000000004902,412.0,NO
1514.5000000004902,411.0,NO
1514.5000000004902,410.0,NO
1514.5000000004902,409.0,NO
1514.5000000004902,408.0,NO
1514.5000000004902,407.0,NO
1514.5000000004902,406.0,NO
1514.5000000004902,405.0,NO
1514.5000000004902,404.0,NO
1514.5000000004902,403.0,NO
1514.5000000004902,402.0,NO
1514.5000000004902,401.0,NO
1514.5000000004902,400.0,NO
1514.5000000004902,399.0,NO
1514.5000000004902,398.0,NO
1514.5000000004902,397.0,NO
1514.5000000004902,396.0,NO
1514.5000000004902,395.0,NO
1514.5000000004902,394.0,NO
1514.5000000004902,393.0,NO
1514.5000000004902,392.0,NO
1514.5000000004902,391.0,NO
1514.5000000004902,390.0,NO
1514.5000000004902,389.0,NO
1514.5000000004902,388.0,NO
1514.5000000004902,387.0,NO
1514.5000000004902,386.0,NO
1514.4838292342654,384.9867184130215,NO
1514.390606342934,383.9540463141473,NO
1514.2321811323548,382.9549295432788,NO
1514.12213530242,381.99018128002825,NO
1514.1036649730063,381.0046750870952,NO
1514.1320228746551,380.00181207867706,NO
1514.1238117087516,378.9963584792765,NO
1514.089813201143,377.9964779136544,NO
1514.0589020420705,376.99861406955443,NO
1514.0441544518633,375.9997402679384,NO
1514.044133777431,375.00025961044724,NO
1514.05097704651,374.00039981994934,NO
1514.0597849707876,373.00058612717004,NO
1514.068608321274,372.0005381044493,NO
1514.0764637690613,371.0005997158009,NO
1514.0872262879502,370.0011972235636,NO
1514.101864130664,369.0015978688197,NO
1514.1146165364667,368.0011236915445,NO
1514.1156160020394,366.9990932078799,NO
1514.1038081565744,365.9983716366542,NO
1514.0881504600939,364.9986172475953,NO
1514.071532221097,363.99873766662694,NO
1514.0588836744753,362.9995381672859,NO
1514.0638621633689,362.00112697940676,NO
1514.0924669760057,361.00362615594884,NO
1514.1666716548336,360.01993523732335,NO
1514.288669443885,359.04924360916755,NO
1514.4305402017887,358.0371446437491,NO
1514.4934564080097,357.0058053693492,NO
1514.5000000004902,356.0,NO
1514.5000000004902,355.0,NO
1514.5000000004902,354.0,NO
1514.5000000004902,353.0,NO
1514.5000000004902,352.0,NO
1514.5000000004902,351.0,NO
1514.5000000004902,350.0,NO
1514.5000000004902,349.0,NO
1514.5000000004902,348.0,NO
1514.12504740631,346.937476296845,NO
1513.87495259369,346.062523703155,NO
1513.5000000004902,345.0,NO
1513.5000000004902,344.0,NO
1513.12504740631,342.937476296845,NO
1512.87495259369,342.062523703155,NO
1512.5000000004902,341.0,NO
1512.5000000004902,340.0,NO
1512.12504740631,338.937476296845,NO
1511.87495259369,338.062523703155,NO
1511.5000000004902,337.0,NO
1511.5000000004902,336.0,NO
1511.5000000004902,335.0,NO
1511.5000000004902,334.0,NO
1511.5000000004902,333.0,NO
1511.5000000004902,332.0,NO
1511.5000000004902,331.0,NO
1511.5000000004902,330.0,NO
1511.5000000004902,329.0,NO
1511.12504740631,327.937476296845,NO
1510.87495259369,327.062523703155,NO
1510.5000000004902,326.0,NO
1510.5000000004902,325.0,NO
1510.5000000004902,324.0,NO
1510.5000000004902,323.0,NO
1510.5000000004902,322.0,NO
1510.5000000004902,321.0,NO
1510.4891138774817,319.99040953156396,NO
1510.4412655134308,318.9714475244775,NO
1510.3730434274337,317.97293606371346,NO
1510.3165192315848,316.9731438214263,NO
1510.0380181622356,315.9815855927985,NO
1509.7650185403165,315.10594079264627,NO
1509.3440336613246,313.9912132856674,NO
1509.0662564115,312.97145474810753,NO
1508.8222629418083,312.07506027190766,NO
1508.4698067101249,310.99078810348277,NO
1508.4412943911766,309.9844249048278,NO
1508.4049123302464,308.98809081421575,NO
1508.0908138149869,307.9588666840098,NO
1507.845129161765,307.06862903772384,NO
1507.5000000004902,306.0,NO
1507.5000000004902,305.0,NO
1507.497989559032,303.9980470998258,NO
1507.4877559945705,302.9923489250801,NO
1507.4677184274224,301.9889948601827,NO
1507.4442142999233,300.98954789849427,NO
1507.4195183570387,299.98930639478687,NO
1507.3884233102303,298.9862909428606,NO
1507.3511973981986,297.98622755290916,NO
1507.3197668653872,296.98568208092126,NO
1507.050029639689,295.97751245024324,NO
1506.7947156834996,295.0900982223073,NO
1506.4044301030726,293.99286299784427,NO
1506.384475007735,292.9893833329516,NO
1506.0789229378704,291.9629999097354,NO
1505.8238321093286,291.08605265801265,NO
1504.8224033444721,289.1635942851966,NO
1503.8718633021688,288.06356584963737,NO
1502.87495259369,286.062523703155,NO
1502.5000000004902,285.0,NO
1502.5000000004902,284.0,NO
1502.5000000004902,283.0,NO
1502.5000000004902,282.0,NO
1502.83751887292,280.92995400387997,NO
1503.6550918281646,278.88064037402256,NO
1503.8693784560724,277.95635008860575,NO
1503.8369725228256,277.0750582896923,NO
1503.4985770591236,276.2425280108655,NO
1503.0644055030602,274.98906063649315,NO
1502.8379617442065,274.08344864610154,NO
1502.618380648806,273.65623249294964,NO
1502.0617459039834,271.9969732399105,NO
1502.0236426147678,270.999350987038,NO
1501.9774815917308,270.002523407641,NO
1501.776740587938,269.1026581477802,NO
1501.568481321977,268.7223288560695,NO
1501.0831225323086,266.9900814722653,NO
1500.8705220258855,266.0653177521632,NO
1500.05698604181,263.98964453902767,NO
1499.8064188171968,263.1167057783186,NO
1498.918963306002,261.01167264354234,NO
1498.7284980835618,260.0952524607545,NO
1497.9724104515217,258.0126615773587,NO
1497.6635633727237,257.15368093136675,NO
1497.0715721931783,254.98698003207826,NO
1496.8464250088089,254.0751371995407,NO
1496.1987878479517,252.94456208613846,NO
1495.6381713172611,251.14358281539856,NO
1494.7553021655888,249.1159094988118,NO
1494.005407049438,246.99728140548885,NO
1493.709687676395,246.14031163346863,NO
1492.734869914212,244.12397720436863,NO
1492.2400769955066,241.9915266948132,NO
1492.2024079557475,240.98242627556186,NO
1491.969771595466,240.01483687652484,NO
1491.6694832214619,239.30483472549088,NO
1490.7379488956772,238.1359609009957,NO
1490.11205740875,235.98136308318757,NO
1489.8828212688945,235.06029297389418,NO
1489.0773243034846,232.99454181391923,NO
1489.012911987882,231.99921515365017,NO
1488.9594846639152,231.0019066040955,NO
1488.9210421641185,230.00232228921274,NO
1488.7902598529881,229.04459428484785,NO
1487.6978519570268,227.15448812269565,NO
1486.9352829519644,226.0670739704308,NO
1485.8215284342152,224.0377963580193,NO
1485.5093519683094,223.22500131954416,NO
1484.8758897941575,222.08631383572856,NO
1483.6200350029455,220.18030509905296,NO
1482.6327106544968,218.35126218915417,NO
1481.7000998764488,217.1473061070046,NO
1480.6890428364666,215.16114706710607,NO
1479.6813508201114,213.2914410615423,NO
1478.7823922991095,212.1029516159527,NO
1477.785264618036,210.12408058083753,NO
1476.710809708866,208.1359263723087,NO
1475.7499935498881,206.2205939183862,NO
1474.834158907469,205.0843935346922,NO
1473.8224907831025,203.08950996749923,NO
1473.0381605104837,200.98079821408075,NO
1472.7548131374092,200.22898833773394,NO
1471.81448840008,199.09577388370698,NO
1470.771801089174,197.13252032695058,NO
1469.9216701586754,195.03879368938433,NO
1469.5527438849065,194.20442453380656,NO
1468.5675434082314,192.26669270028952,NO
1467.825193066078,191.10778511123834,NO
1467.003963248524,188.9995146181119,NO
1466.7957984831842,188.09899862019532,NO
1466.5549099229695,187.7081713904131,NO
1466.0074319253026,185.99852022846804,NO
1465.723457394416,185.1830511094991,NO
1464.5695064546157,183.24473728135712,NO
1463.9171578037026,181.00211166383386,NO
1463.9000870488076,180.00078363094414,NO
1463.7970708650696,179.03531249543883,NO
1463.6258341558269,178.68094729228687,NO
1462.8616696194106,177.04261875899184,NO
1462.5474404713477,176.45062134417233,NO
1460.58420887778,175.42471367240896,NO
1459.563792925237,174.45533894059915,NO
1459.0692141615789,173.92722988155094,NO
1458.0414448710744,172.95573776737274,NO
1457.051262050952,171.95423031238153,NO
1456.5106786187882,171.41859915273236,NO
1455.870196106367,170.04798198590532,NO
1455.4207378529532,169.36806213097208,NO
1454.6226182493724,168.31987595303497,NO
1453.729061012789,167.2808312748697,NO
1452.7017770727305,166.3030426965119,NO
1451.768368759828,165.34773142319244,NO
1449.942471653682,164.04326918531567,NO
1449.5377288913683,163.39490920584166,NO
1448.6888503510397,162.30787440597555,NO
1447.690785802667,161.30921419733303,NO
1446.6931417851945,160.30685821480554,NO
1445.7016111467758,159.28731878230502,NO
1444.7486225844445,158.23583631871236,NO
1443.7884688684248,157.1183478096099,NO
1442.664418177001,155.20153657241553,NO
1441.9436139335055,153.00718645932233,NO
1441.85378495945,152.00688070795096,NO
1441.8368548386754,150.99680107518472,NO
1442.8325015575656,148.53234652399732,NO
1440.0548446338641,147.94515536613574,NO
1439.03728194246,146.96011380542677,NO
1437.9202443002969,146.2185363658092,NO
1437.065268934674,145.89377222713594,NO
1435.9546621811305,145.10006512594325,NO
1434.8129964931281,144.15562278080762,NO
1433.8710611610222,143.1332130571377,NO
1432.8485027175811,142.16004036734068,NO
1431.8097102213467,141.25400286227696,NO
1429.927121189886,140.15763113356658,NO
1428.77367683251,139.16815773579984,NO
1427.9067011955253,138.07853634166912,NO
1426.9346995741478,137.0720516295272,NO
1425.8895690906324,136.1248528505181,NO
1424.8756985443335,135.18905894825843,NO
1423.737325099138,134.37968465094275,NO
1422.6958697506036,133.29677650401152,NO
1421.708598067213,132.29443737138726,NO
1420.6744881879258,131.34871900625788,NO
1419.544143531773,130.50291261613177,NO
1418.4893014611484,129.4550582566582,NO
1417.6739596451787,128.30587292200556,NO
1416.7007433969097,127.30561249130376,NO
1415.693054032689,126.30373187166063,NO
1414.6970547800177,125.29980589601648,NO
1412.8840555717443,124.20476313325226,NO
1411.774848707699,123.23364755689975,NO
1409.9004449701797,122.19017297411557,NO
1407.9088208114085,121.17522914927541,NO
1406.8158015525828,120.17906040699705,NO
1405.8238610409676,119.17468125718015,NO
1403.9325267510233,118.12767622718249,NO
1402.8588973816393,117.14110261836065,NO
1401.8538515210175,116.14614847898245,NO
1399.936261619363,115.12747676127402,NO
1397.936261619363,114.12747676127402,NO
1395.9368553871334,113.12628922573306,NO
1394.8588973816393,112.14110261836065,NO
1393.8588973816393,111.14110261836065,NO
1392.8588973816393,110.14110261836065,NO
1391.8588973816393,109.14110261836065,NO
1390.8588973816393,108.14110261836065,NO
1389.8588973816393,107.14110261836065,NO
1388.8588973816393,106.14110261836065,NO
1387.8538515210175,105.14614847898245,NO
1385.936261619363,104.12747676127402,NO
1383.936261619363,103.12747676127402,NO
1381.9368553871334,102.12628922573306,NO
1380.8588973816393,101.14110261836065,NO
1379.8588973816393,100.14110261836065,NO
1378.8588973816393,99.14110261836065,NO
1377.8538515210175,98.14614847898245,NO
1375.9368553871334,97.12628922573306,NO
1374.8588973816393,96.14110261836065,NO
1373.8538515210175,95.14614847898245,NO
1371.936261619363,94.12747676127402,NO
1369.936261619363,93.12747676127402,NO
1367.9368553871334,92.12628922573306,NO
1366.8538515210175,91.14614847898245,NO
1364.9368553871334,90.12628922573306,NO
1363.8588973816393,89.14110261836065,NO
1362.8588973816393,88.14110261836065,NO
1361.8538515210175,87.14614847898245,NO
1359.936261619363,86.12747676127402,NO
1357.9368553871334,85.12628922573306,NO
1356.8538515210175,84.14614847898245,NO
1354.936261619363,83.12747676127402,NO
1352.9368553871334,82.12628922573306,NO
1351.8588973816393,81.14110261836065,NO
1350.8538515210175,80.14614847898245,NO
1348.936261619363,79.12747676127402,NO
1346.936261619363,78.12747676127402,NO
1344.936261619363,77.12747676127402,NO
1342.936261619363,76.12747676127402,NO
1340.936261619363,75.12747676127402,NO
1338.936261619363,74.12747676127402,NO
1336.936261619363,73.12747676127402,NO
1335.0,72.50000000049019,NO
1333.9374791769292,72.12504164614171,NO
1332.0,71.50000000049019,NO
1330.9374791769292,71.12504164614171,NO
1328.936261619363,70.12747676127402,NO
1326.936261619363,69.12747676127402,NO
1325.0,68.50000000049019,NO
1323.9374791769292,68.12504164614171,NO
1321.936261619363,67.12747676127402,NO
1320.0,66.50000000049019,NO
1318.9374791769292,66.12504164614171,NO
1316.936261619363,65.12747676127402,NO
1314.9368550246222,64.12628995075569,NO
1313.8588973816393,63.141102618360655,NO
1312.8538515210175,62.146148478982454,NO
1311.0,61.500000000490196,NO
1309.937479216957,61.125041566086175,NO
1307.9368554303276,60.12628913934475,NO
1306.8538515210175,59.146148478982454,NO
1304.936261704257,58.12747659148575,NO
1303.0,57.500000000490196,NO
1301.937479216957,57.125041566086175,NO
1299.9368554303276,56.12628913934475,NO
1298.8588973816393,55.141102618360655,NO
1297.8538515210175,54.146148478982454,NO
1296.0,53.500000000490196,NO
1294.937479216957,53.125041566086175,NO
1293.0,52.500000000490196,NO
1291.937479216957,52.125041566086175,NO
1289.9368554303276,51.12628913934475,NO
1288.8538515210175,50.146148478982454,NO
1286.936261704257,49.12747659148575,NO
1285.0,48.500000000490196,NO
1283.937479216957,48.125041566086175,NO
1282.0,47.500000000490196,NO
1280.937479216957,47.125041566086175,NO
1278.936261704257,46.12747659148575,NO
1276.936261704257,45.12747659148575,NO
1275.0,44.500000000490196,NO
1274.0,44.500000000490196,NO
1273.0,44.500000000490196,NO
1271.937479216957,44.125041566086175,NO
1269.9368554303276,43.12628913934475,NO
1268.8538515210175,42.146148478982454,NO
1267.0,41.500000000490196,NO
1266.0,41.500000000490196,NO
1264.937479216957,41.125041566086175,NO
1262.935071494171,40.13298608851778,NO
1262.0595926487656,39.880814702468946,NO
1261.0057825686924,39.50848164786743,NO
1259.937444865769,39.12511026846187,NO
1258.0,38.500000000490196,NO
1256.935357750327,38.13456142367925,NO
1254.9274578403783,37.15399840626285,NO
1252.919386982686,36.16358707695284,NO
1250.9183401749447,35.16383108755703,NO
1249.7967768011167,34.2190013866594,NO
1249.0236930442504,33.94961944715812,NO
1248.0175415907179,33.66803365301259,NO
1246.8879273801208,33.26308823993073,NO
1244.8368240727714,32.35005339093081,NO
1243.9843684153932,32.03152062995561,NO
1241.846568552612,31.306862894775975,NO
1239.8376329422517,30.373980562653173,NO
1238.969285102611,30.06719377123099,NO
1238.0102824505218,29.8637927469406,NO
1237.0023967898844,29.847204654765406,NO
1234.9500006300384,29.09463295649238,NO
1234.01644230599,28.86901892261825,NO
1232.7730962136113,28.452488356910944,NO
1231.9670213790414,28.060155444819994,NO
1231.0225958918393,27.818849884530167,NO
1230.006405740039,27.782204831368873,NO
1228.834112448464,27.350720493175814,NO
1227.9860911227202,27.027554078646777,NO
1227.0160362516804,26.794522168640746,NO
1226.0042243897117,26.784556130317807,NO
1223.8468483934653,26.328541655787664,NO
1222.9911216158248,26.017987649237273,NO
1222.0176226508354,25.78129839003647,NO
1220.8245153413272,25.396153974705236,NO
1219.9729052637529,25.055315662654497,NO
1219.016509199448,24.832996412714934,NO
1217.8029916325763,24.391827743111946,NO
1216.9795916405367,24.03822443197296,NO
1216.0199784721863,23.79723975486625,NO
1215.00479129004,23.77785836635388,NO
1213.8261711276632,23.40847093518959,NO
1212.9639527700501,23.0797235072213,NO
1212.006963441717,22.886578514477517,NO
1211.0006747213004,22.885297375288776,NO
1210.0007092694746,22.87942418552059,NO
1208.3977544677327,22.330218063469427,NO
1207.9221957006157,22.141115636708715,NO
1207.0156870974606,21.906681884953855,NO
1206.0080378272978,21.83602832801642,NO
1204.8023076376978,21.415557420512926,NO
1203.9687486358023,21.062502728395483,NO
1203.0135439821563,20.844488980699435,NO
1202.0016233308384,20.834420256034612,NO
1200.9938324118878,20.817028216151137,NO
1200.0075865823515,21.018171575366704,NO
1199.2476892667848,21.287214151465854,NO
1198.0703742077435,22.164422691502953,NO
1196.062520803057,23.125041606113857,NO
1195.0,23.500000000490196,NO
1194.0,23.500000000490196,NO
1193.0,23.500000000490196,NO
1192.0,23.500000000490196,NO
1191.0,23.500000000490196,NO
1189.937479196943,23.125041606113857,NO
1187.9368554134433,22.126289173113275,NO
1186.858894539448,21.141105460552012,NO
1185.8510793604241,20.151293877666635,NO
1183.930525415923,19.1505282696175,NO
1182.7887984932647,18.237814939973692,NO
1180.8499131224726,17.342372102413066,NO
1178.7798942881207,16.49523784365311,NO
1177.9445907788684,16.109130856474827,NO
1176.3791481904948,15.373112889381485,NO
1175.9189404888275,15.146468926482829,NO
1173.7500923008022,14.412638293355645,NO
1172.9895585752115,14.016534095866602,NO
1171.8595412670984,13.257451000847237,NO
1171.0155565045877,12.972292062965105,NO
1170.018141732792,12.689646790209302,NO
1167.8860651781376,12.183446577304778,NO
1167.0620926230854,11.90467153826581,NO
1166.0315175135386,11.47724399931631,NO
1165.0,11.52352941087373,NO
1164.0,11.52352941087373,NO
1163.0018761304175,11.521586729489966,NO
1162.0037978410026,11.51577524399978,NO
1161.0038591907798,11.507953146939231,NO
1159.9990869343012,11.464750418823177,NO
1158.0893263360936,12.155520345450855,NO
1156.0,12.625490196078431,NO
1154.9978147253241,12.62850329334987,NO
1153.9943460682528,12.639561874451207,NO
1152.99325322127,12.655914293742345,NO
1151.8852334965693,12.240750777144969,NO
1149.8298799620525,11.563916414933786,NO
1148.9091050023985,11.19589439537745,NO
1148.00016191906,10.998517077916654,NO
1145.8637644047924,10.233888174203589,NO
1145.0011376633154,9.992633427899076,NO
1142.8957664659315,9.17876051863629,NO
1142.004788880648,8.953192555905334,NO
1140.9988855190861,8.959401052900862,NO
1139.9999480285394,8.973494553656163,NO
1139.0020384065263,8.9527460308802,NO
1138.0036370713099,8.911671119495937,NO
1137.0,8.890196078431373,NO
1135.9970618900495,8.906347741707323,NO
1134.9983268826074,8.934362317887851,NO
1133.9992831324562,8.954299697037062,NO
1131.8770253577518,8.195104003553732,NO
1131.008579789683,7.9440448520217934,NO
1128.932021951825,7.116135990737526,NO
1128.020313543139,6.868963345726403,NO
1127.0250407209646,6.790643154445666,NO
1126.0430576506913,6.677067627097849,NO
1125.0325244181133,6.563488087107812,NO
1124.0077065408009,6.50870805574707,NO
1122.9374334508277,6.125133098344713,NO
1122.0419549164992,5.916090167001553,NO
1120.9580450835008,5.916090167001553,NO
1120.0625208014985,6.125041602997119,NO
1119.0,6.500000000490196,NO
1118.0,6.500000000490196,NO
1117.0,6.500000000490196,NO
1116.0,6.500000000490196,NO
1114.9374791985015,6.125041602997119,NO
1113.0,5.500000000490196,NO
1112.0,5.500000000490196,NO
1111.0,5.500000000490196,NO
1110.0,5.500000000490196,NO
1109.0,5.500000000490196,NO
1108.0,5.500000000490196,NO
1107.0,5.500000000490196,NO
1106.0,5.500000000490196,NO
1105.0,5.500000000490196,NO
1104.0,5.500000000490196,NO
1103.0,5.500000000490196,NO
1102.0,5.500000000490196,NO
1101.0,5.500000000490196,NO
1100.0,5.500000000490196,NO
1099.0,5.500000000490196,NO
1098.0,5.500000000490196,NO
1097.0,5.500000000490196,NO
1096.0,5.500000000490196,NO
1095.0,5.500000000490196,NO
1094.0,5.500000000490196,NO
1093.0,5.500000000490196,NO
1092.0,5.500000000490196,NO
1091.0,5.500000000490196,NO
1090.0,5.500000000490196,NO
1089.0,5.500000000490196,NO
1088.0,5.500000000490196,NO
1086.9941913604605,5.506265625800415,NO
1085.9826050771164,5.533083639384261,NO
1084.9747462769778,5.584535539080309,NO
1083.9821813712485,5.63649998431688,NO
1082.9973547451018,5.662729980833174,NO
1082.0039903419415,5.660820925817666,NO
1081.018006363774,5.632670189968916,NO
1080.0315815355868,5.576142562702072,NO
1079.015121869546,5.517990389585517,NO
1078.0,5.500000000490196,NO
1077.0,5.500000000490196,NO
1076.0,5.500000000490196,NO
1075.0,5.500000000490196,NO
1074.0,5.500000000490196,NO
1073.0,5.500000000490196,NO
1072.0,5.500000000490196,NO
1071.0,5.500000000490196,NO
1070.0,5.500000000490196,NO
1069.0,5.500000000490196,NO
1068.0,5.500000000490196,NO
1067.0,5.500000000490196,NO
1066.0,5.500000000490196,NO
1065.0,5.500000000490196,NO
1064.0,5.500000000490196,NO
1063.0,5.500000000490196,NO
1062.0,5.500000000490196,NO
1061.0,5.500000000490196,NO
1060.0,5.500000000490196,NO
1059.0,5.500000000490196,NO
1058.0,5.500000000490196,NO
1057.0,5.500000000490196,NO
1056.0,5.500000000490196,NO
1055.0,5.500000000490196,NO
1054.0,5.500000000490196,NO
1053.0,5.500000000490196,NO
1052.0,5.500000000490196,NO
1051.0,5.500000000490196,NO
1050.0,5.500000000490196,NO
1049.0,5.500000000490196,NO
1048.0,5.500000000490196,NO
1047.0,5.500000000490196,NO
1046.0,5.500000000490196,NO
1045.0,5.500000000490196,NO
1044.0,5.500000000490196,NO
1043.0,5.500000000490196,NO
1042.0,5.500000000490196,NO
1041.0,5.500000000490196,NO
1040.0,5.500000000490196,NO
1039.0,5.500000000490196,NO
1038.0,5.500000000490196,NO
1037.0,5.500000000490196,NO
1036.0,5.500000000490196,NO
1035.0,5.500000000490196,NO
1034.0,5.500000000490196,NO
1033.0,5.500000000490196,NO
1032.0,5.500000000490196,NO
1031.0,5.500000000490196,NO
1030.0,5.500000000490196,NO
1029.0,5.500000000490196,NO
1028.0,5.500000000490196,NO
1027.0,5.500000000490196,NO
1026.0,5.500000000490196,NO
1025.0,5.500000000490196,NO
1024.0,5.500000000490196,NO
1022.0635123052317,6.125541837575451,NO
1020.9851115991278,6.525432203845058,NO
1019.9787982395716,6.567484100165669,NO
1018.9797946573038,6.618343522736589,NO
1017.9843230194679,6.666864171456061,NO
1016.9923919765794,6.70153138982532,NO
1015.9951081765143,6.72279668222631,NO
1014.9969096663586,6.737321633393658,NO
1014.0,6.743137254901961,NO
1013.0,6.743137254901961,NO
1011.9994982860217,6.74412585768979,NO
1010.9980321279392,6.749096297636724,NO
1009.9967059100964,6.760002022004642,NO
1008.9956240649432,6.776827317920043,NO
1007.9948887029988,6.799479887507144,NO
1006.9958545301281,6.8238175360238635,NO
1005.9972514304544,6.844247733102734,NO
1004.9980764094503,6.859852688933042,NO
1003.9992329028304,6.869593477030896,NO
1003.0007670971696,6.869593477030896,NO
1002.0019238479874,6.859833932758079,NO
1001.0040690980555,6.84036615370747,NO
1000.0096005025505,6.804149753814411,NO
999.0140805230798,6.7523770008338975,NO
998.0346295022811,6.678890075444904,NO
997.0412195523635,6.579560569039763,NO
996.0077037578899,6.508885466308783,NO
995.0,6.500000000490196,NO
994.0,6.500000000490196,NO
993.0,6.500000000490196,NO
992.0,6.500000000490196,NO
991.0,6.500000000490196,NO
990.0,6.500000000490196,NO
989.0,6.500000000490196,NO
988.0,6.500000000490196,NO
987.0,6.500000000490196,NO
986.0,6.500000000490196,NO
985.0,6.500000000490196,NO
983.0625235721026,7.1250471442050625,NO
982.0,7.500000000490196,NO
981.0,7.500000000490196,NO
980.0,7.500000000490196,NO
978.0625235721026,8.125047144205062,NO
977.0,8.500000000490196,NO
976.0,8.500000000490196,NO
975.0,8.500000000490196,NO
974.0,8.500000000490196,NO
973.0,8.500000000490196,NO
972.0,8.500000000490196,NO
971.0,8.500000000490196,NO
970.0,8.500000000490196,NO
969.0,8.500000000490196,NO
967.0625235721026,9.125047144205062,NO
966.0,9.500000000490196,NO
965.0,9.500000000490196,NO
964.0,9.500000000490196,NO
963.0,9.500000000490196,NO
962.0,9.500000000490196,NO
960.9980478086458,9.5021911900727,NO
959.9530880213484,9.580261244638006,NO
958.9569437625419,9.707217588812176,NO
957.9888990793928,9.790315941827306,NO
956.9950218528799,9.830742992236043,NO
955.9809463522523,9.8624236568775,NO
955.0674491463366,10.110130596463849,NO
952.9998442858105,10.92058575918569,NO
952.0,10.92156862745098,NO
950.9920224162605,10.925405482109324,NO
950.091475255213,11.15532679277488,NO
949.6221671749844,11.416642686606155,NO
947.9990473459852,11.939268310490036,NO
946.9998980954357,11.948028669479983,NO
946.000429377344,11.945254385459034,NO
944.9948203832806,11.95296908306438,NO
944.1055489186045,12.181395636250397,NO
942.0,12.93921568627451,NO
940.995170577356,12.95351680670352,NO
940.0878834368199,13.165749073652382,NO
939.6353879097999,13.371761665892917,NO
937.9896277504417,13.9116438008943,NO
937.078652075878,14.138559067423998,NO
936.5881791834184,14.348908991131474,NO
934.9991832040837,14.916686817312328,NO
933.9992793124869,14.926489874352873,NO
932.9994924507744,14.935287469961064,NO
932.0,14.93921568627451,NO
931.0,14.93921568627451,NO
930.0005075492256,14.935287469961064,NO
929.0007187925873,14.926683156772736,NO
927.9928635281118,14.932240300246562,NO
927.0796027584239,15.14742756227883,NO
926.2630600749704,15.568317504755594,NO
924.3599855083619,16.381935863694324,NO
923.1609821663859,17.34076852535335,NO
921.1794052731831,18.333702934396175,NO
918.9972511289975,18.844230650541014,NO
917.9980768794584,18.859886932381706,NO
916.9842536177969,18.881186381687225,NO
916.0760145971293,19.124436076472225,NO
915.5689077933731,19.368346195344333,NO
913.9989117444154,19.9383321864522,NO
912.9992221372231,19.95592111139106,NO
911.9995696553827,19.972565532422248,NO
910.9998152491144,19.988222131802804,NO
910.0000092341846,20.000941886825466,NO
909.0,20.00588235294118,NO
908.0,20.00588235294118,NO
907.0,20.00588235294118,NO
906.0,20.00588235294118,NO
904.9999835171672,20.002101561312482,NO
904.0023662623995,20.022272139740814,NO
903.1262323570431,20.24042620883206,NO
900.9992602945015,20.924550039850036,NO
899.9994769041232,20.933305271823688,NO
899.0006614516456,20.932531932778698,NO
897.9932174942054,20.93745022371372,NO
897.0909109116985,21.160176371367356,NO
896.6282455212714,21.39511136883867,NO
895.0005832064444,21.900854901305106,NO
893.9906318305581,21.898910920573492,NO
893.061913210081,22.11458563952539,NO
892.2384074369752,22.50142465318616,NO
890.1959287771804,23.41009716134645,NO
888.2005984712696,24.403476461465903,NO
886.9962625296803,24.826717281653064,NO
885.986250728035,24.842131858028818,NO
885.0305481313538,25.061021205958745,NO
884.1895446394747,25.41180827881696,NO
882.996895867611,25.802111573011697,NO
881.9974853870392,25.816792484819917,NO
880.9837677513981,25.82728158587316,NO
880.0295500547071,26.0562085743519,NO
879.1995273210974,26.419654802411575,NO
877.9838396985683,26.80317580412443,NO
877.0195928050877,27.037244811900745,NO
876.1862191319523,27.38030669837125,NO
874.9961994751386,27.806173237124412,NO
873.9962616268526,27.82667542327993,NO
872.9823792065223,27.839685321069346,NO
872.0461850225172,28.07948120217839,NO
871.2454512085666,28.45913815075017,NO
870.0586778800522,29.104934897206967,NO
867.9989701155247,29.868689721758997,NO
866.9983461663777,29.87950640786764,NO
865.990373118572,29.896511025810774,NO
865.0505821823299,30.10272074317557,NO
864.2056060994564,30.45415524030012,NO
862.181729208107,31.372160941533416,NO
860.1463616373219,32.32199559578344,NO
858.1091839995271,33.24748372043783,NO
856.9894576730961,33.663963316946585,NO
855.9893194625871,33.6973847541249,NO
854.9910460691807,33.7313820573976,NO
853.9930132292304,33.76244978586527,NO
852.9942566771351,33.79077895523214,NO
851.9802208237732,33.817762730277124,NO
851.0284708282438,34.05289335913723,NO
850.3497033244288,34.361949740965365,NO
849.280536837298,35.29889924979936,NO
848.1200185274807,36.2541745769181,NO
845.9820028128277,36.959736524617,NO
845.0965267341196,37.217834165135045,NO
843.9837980596113,37.62809181640302,NO
842.9667469886252,37.93094693751753,NO
842.0921571761472,38.18983152400511,NO
839.9654622842256,38.92825641525174,NO
839.0897822215347,39.18699607348714,NO
836.9849066167701,39.65353824253757,NO
835.9719368835366,39.93856114825907,NO
835.0880291040603,40.192932148841564,NO
833.985349828104,40.60675853581912,NO
832.9851684204091,40.6426295599514,NO
831.9695645604248,40.93397850373195,NO
831.0872483922653,41.18814789091759,NO
828.9638603244473,41.92559478751188,NO
828.0890031952244,42.18509513146526,NO
826.0792263502626,43.165933299885765,NO
824.0721038169997,44.148994611284984,NO
822.9876535294646,44.550235721479,NO
821.9876105011779,44.57875702591923,NO
820.987740288431,44.609221678629105,NO
819.983614468741,44.64094315368238,NO
818.9693754412201,44.93515582383017,NO
818.091160421743,45.19350871673053,NO
816.1739358491726,46.18189858902107,NO
813.9888230506389,47.52497966719991,NO
812.9444373764962,47.88710382761186,NO
812.0660878872319,48.13703121129874,NO
810.9842211803535,48.52663537884548,NO
809.9781255013767,48.570923312485206,NO
808.9760729098138,48.63021771167892,NO
807.9694663012378,48.699802348525616,NO
806.9872812224208,48.97391381574886,NO
806.1212636947813,49.25600113717924,NO
803.9887973509684,49.771465966573984,NO
802.9914771550912,49.81888954990861,NO
801.9883067938906,49.860822324237326,NO
801.027262223508,50.062846599132996,NO
800.1496082070015,50.35655128137548,NO
798.2550396434569,51.267081988166865,NO
797.2101256517196,52.222700095656855,NO
794.9843369521501,53.57957081229176,NO
793.9843178773018,53.6191484236048,NO
792.9745750585332,53.66613036726625,NO
791.9779186012908,53.95555289223812,NO
791.112822553802,54.22774412284183,NO
789.2032269624403,55.222369216905825,NO
788.0720260554413,56.152902778262785,NO
786.0656269956007,57.13497374327191,NO
784.990628451984,57.522051063647844,NO
783.9434747487736,57.88514789071653,NO
783.0661356982413,58.1352048308222,NO
781.9843462799616,58.53038836734219,NO
780.9822287160816,58.56841164776227,NO
779.9780767041879,58.61747630458267,NO
778.9655198834704,58.928051006348745,NO
778.0874220545757,59.18682780491767,NO
776.0708079238365,60.15346782335635,NO
774.9806513124464,60.55146224641979,NO
773.9509042110053,60.900826505241405,NO
773.0776082958203,61.154583049818626,NO
770.9737351898383,61.66972001882023,NO
769.9777665054357,61.951860514509455,NO
769.0936774331188,62.2126546084212,NO
767.9836443669016,62.62307697940296,NO
766.9660548886751,62.9289454037788,NO
766.0897253217147,63.18556380034872,NO
764.0911435330218,64.17995004759773,NO
761.9874604616151,64.68024177356872,NO
760.9874378178811,64.72144727066592,NO
759.8238839396898,64.52977422985326,NO
758.9301592534986,64.16856623708897,NO
758.0007510867605,64.01113217917568,NO
757.1271109057003,64.23910592567016,NO
755.0915258326693,65.17051712869133,NO
754.0469568863002,66.05382443797033,NO
751.9960852407283,66.91319446975861,NO
750.9983974975461,66.95192492315742,NO
750.0021292793884,67.01365780639814,NO
749.1648166670407,67.27329296026674,NO
747.1435109166689,68.25114411279104,NO
745.4250324638764,69.478161521861,NO
744.2598895246017,70.43727442329967,NO
743.0863863355107,71.14464688036058,NO
741.0720092169445,72.16387613182883,NO
738.9846996787318,72.84810094080414,NO
738.0303245919922,73.06384926632364,NO
737.1791148753821,73.40327660580822,NO
735.9816102977525,73.79517675542976,NO
735.014502053777,74.02931266050035,NO
734.1570752732353,74.33324256402166,NO
732.1635914137236,75.31421266029551,NO
730.1763190312893,76.35263806257854,NO
727.9831551678681,76.87048810136963,NO
727.0559985676107,77.10181557306662,NO
726.2595609779063,77.50570999507445,NO
725.0607410523983,78.10858007197994,NO
722.9976180989282,78.92854296305138,NO
721.9989236917627,78.95777560005588,NO
720.9998242204142,78.99853303945603,NO
720.1208456444731,79.22324642523127,NO
718.1277471160465,80.2077061926195,NO
716.001069997952,81.03209994071223,NO
715.0198335449104,81.11873681944665,NO
714.2296305816083,81.42142430073743,NO
712.0008618292085,82.03995753684093,NO
711.0145002325621,82.10500974522567,NO
710.2097465846468,82.38345221229186,NO
708.0101269681358,83.06287159751963,NO
707.2022661442173,83.3413909894262,NO
705.1781702430653,84.30288940902199,NO
704.2013843866702,85.2013843866702,NO
702.0191961960223,86.1154365814312,NO
701.2491986434402,86.43627212724078,NO
699.0105870646112,87.07723350514004,NO
698.2110275611786,87.35777985499125,NO
696.2159771554426,88.34533845164074,NO
694.270394041251,89.41620863110981,NO
693.0389350173466,90.11031588596843,NO
692.3244428884584,90.51444808611036,NO
690.1746058919904,91.32937020711304,NO
688.0086676563807,92.04889447090457,NO
687.2263420117539,92.34294242423927,NO
686.2625788024046,93.28223127453013,NO
684.0003702884944,94.0037232304741,NO
683.1218411368491,94.22316165431663,NO
681.0015780562165,95.0090509160978,NO
680.1835442990507,95.28556396052498,NO
678.1572415695285,96.29102721306813,NO
676.1035462824206,97.18511214373602,NO
674.133064216722,98.20289933099022,NO
672.0211219767383,99.10634669936998,NO
671.3311377776344,99.48808328591007,NO
669.1951363263066,100.37284976723177,NO
668.1584742232499,101.1806020382821,NO
666.1577895672517,102.24640045568906,NO
665.158566814163,103.17748135009428,NO
663.1066142100977,104.19244539767496,NO
661.0069674233891,105.03832082951085,NO
660.1737833542609,105.30925961260783,NO
658.0004770603045,106.00415723991303,NO
657.1239641362241,106.22797625850598,NO
655.1233135646493,107.20410520653303,NO
653.1679207659162,108.27393135016912,NO
651.2762756678029,109.40059970236125,NO
649.2896047132118,110.50308474728577,NO
647.0133386146264,111.10009565624466,NO
646.2259505846488,111.38893134785643,NO
645.0211638731151,112.05413344491251,NO
644.3111765501933,112.45088847402029,NO
642.244192542531,113.47514573197684,NO
640.1705451659568,114.28992677811681,NO
639.1831725911998,115.1866883717298,NO
637.1985718912564,116.32754125875003,NO
635.2306275965335,117.38685918898945,NO
633.1379107435461,118.27980734877433,NO
632.0775359105384,119.09075225763198,NO
630.131970918166,120.20949229068334,NO
628.0056377855984,121.08712941036413,NO
627.0462176687109,121.22646657633906,NO
626.7177364932203,121.37749968594576,NO
625.9225756095334,121.89618454760765,NO
625.2031149442747,122.27452977170898,NO
624.0716112174541,123.10073112552277,NO
621.9837893131812,123.87763546814479,NO
621.0608146153758,124.10768356170094,NO
620.4601341850886,124.4620797868094,NO
617.9960696896923,125.97644382674206,NO
617.1244277520374,126.21931962046635,NO
615.1214455252451,127.21514968756578,NO
613.1033176479615,128.19179994061147,NO
611.1577868098519,129.23520556191315,NO
610.1494411989969,130.16913500500357,NO
609.0586488336388,131.07575943471087,NO
608.2419033298578,131.5455001156487,NO
606.2096402357636,132.4363442368109,NO
604.9915816040111,132.86150381279293,NO
603.99542585965,132.9195582191344,NO
602.9986345917001,132.9775368319853,NO
602.0129734845635,133.07330018733998,NO
601.1949570328698,133.35544650532643,NO
599.1859544852388,134.30704112629198,NO
598.1532090826888,135.17715759443396,NO
597.101270182557,136.11068191551058,NO
595.1130807943498,137.1957275018615,NO
594.0722947447313,138.08434386443886,NO
592.1035879951648,139.17363321748513,NO
590.0769261939608,140.17153901634413,NO
588.0403495650195,141.07219003625175,NO
585.9941020868024,141.96636005023575,NO
585.1113194123894,142.2044642336343,NO
583.0651725895708,143.1327212632282,NO
582.4411402187316,143.49543441166463,NO
581.2005338101508,144.37854779888758,NO
579.2174413759321,145.4508242196916,NO
577.9919571181451,145.8718165713943,NO
576.9971649081649,145.9196723929153,NO
575.9962969174578,145.97501105074915,NO
575.1227411127519,146.2132471819397,NO
573.2118735463832,147.2118735463832,NO
572.1213095954952,149.1153817270415,NO
571.0625492267478,150.08242921421305,NO
568.9957630940199,150.86494861666316,NO
567.9974656448115,150.89228990790116,NO
566.9898976003304,150.9329973159628,NO
566.1230515363558,151.18643307739194,NO
565.1200600842315,152.13188418512726,NO
564.0408600384775,153.05120820538127,NO
563.3994163244963,153.43270100650463,NO
562.3240253533099,154.3386156068843,NO
561.2787156043673,155.28947305874726,NO
560.2541524146448,156.26265247747898,NO
559.1039527900273,157.21458143980703,NO
557.2056491635544,158.21834355482136,NO
556.0829755597376,159.16823163037606,NO
554.0750691066949,160.1572800933356,NO
552.9775580022921,160.57609559428238,NO
551.9758207624326,160.63731142023985,NO
550.9780582144451,160.70551815096425,NO
549.8246956873842,160.54810339168284,NO
548.896732223579,160.15920448676403,NO
547.997011782266,160.03324392238414,NO
547.0159903813753,160.05253982685718,NO
546.188363681822,160.30743295776404,NO
545.3052941040635,161.25850137237288,NO
544.0553962167664,162.14365458598894,NO
542.9135647068841,162.83707720723328,NO
542.0436936217253,163.12000361352048,NO
540.92188483726,163.86619508747046,NO
540.0472683840075,164.1539152330031,NO
539.3041822307283,164.54254724637514,NO
537.1999062701872,165.35872068058066,NO
535.2258073623842,166.34585686893303,NO
534.3333320594764,167.30468631921232,NO
533.4796751004711,168.4183992436495,NO
532.0638962814044,169.194175091179,NO
530.9138349638215,169.82627265094416,NO
529.1940260626508,170.33954562129372,NO
528.1838674580243,171.19388357658187,NO
527.1111394099779,172.1353001535463,NO
525.1087736332327,173.1802534529423,NO
523.0321534099866,174.13142891557712,NO
522.3185372843349,174.5142960043972,NO
521.2343703738296,175.28779672753146,NO
520.1192790553886,176.14999880958015,NO
519.0412692861362,177.0527117862495,NO
518.2767798121014,177.54216279987324,NO
516.3151280888259,178.38985646337008,NO
515.0399309072045,179.15885177587626,NO
512.9583882813178,179.89650418055942,NO
512.0069088643852,180.078923618464,NO
511.0349786044904,180.1971521376552,NO
510.6796174909214,180.35398281097204,NO
509.08530801242216,181.23268601235088,NO
507.948038587735,181.9331924663417,NO
507.2600682922693,182.35908223049734,NO
506.13067265368585,183.1524082995286,NO
505.0742518124164,184.08760045477348,NO
503.2091516424501,185.41950528471835,NO
501.23999843354426,186.4391179951595,NO
500.07649088899444,187.12198107184688,NO
498.22641752874245,188.31677441130077,NO
496.18877187782044,189.4339301665651,NO
495.0635924192597,190.09046245343148,NO
494.4796283878313,190.521517352868,NO
493.2207178466226,191.41414264423602,NO
491.3612636586545,192.41853716671997,NO
490.26144668921256,193.27391772160254,NO
489.22398842389276,194.23549344173608,NO
488.19384426614334,195.2019816430419,NO
487.16595300992986,196.17393377727012,NO
486.0675081835317,197.13829611490235,NO
484.0700411505665,198.13666898127101,NO
482.07479740021563,199.14989762997777,NO
480.0724169812738,200.15038143224626,NO
478.08234450984463,201.15467851003496,NO
476.08116419252866,202.1699919566431,NO
474.17034084415,203.17509233464995,NO
473.1568326402908,204.15853503299343,NO
472.0698093223574,205.13728710112082,NO
470.07153943254684,206.14718358819232,NO
468.1573253344023,207.16247651460606,NO
467.06727366433455,208.13115757215945,NO
465.06646981078694,209.14066225419188,NO
463.06273178246994,210.1254635649399,NO
460.946632491072,210.69071102440225,NO
459.968858403532,210.83265668461422,NO
459.0282804143122,211.0633423566728,NO
458.16571990963234,211.39471468898034,NO
456.98661683176624,211.79925246749994,NO
455.99079395761305,211.8658548080703,NO
454.991500846446,211.94788676893575,NO
454.09256556815666,212.17204106126087,NO
453.03853379786824,213.0454518928712,NO
452.41388214265874,213.4415318898189,NO
451.31720532381337,214.339991327672,NO
450.1639020442899,215.2978604505494,NO
448.2279812616164,216.42356838630778,NO
445.99930919529385,216.99632782764402,NO
445.1419507868293,217.24453098624383,NO
444.0888521565544,218.10706942821582,NO
443.0406291969164,219.04455879356826,NO
442.4497517030555,219.45729472779294,NO
440.0122319101896,221.06010734479935,NO
439.1860803250226,221.33335245063196,NO
438.17837430729276,222.17837430729273,NO
437.13213993489086,223.15846469306945,NO
435.08142953104493,224.1665505255595,NO
434.61700963898454,224.4319805282342,NO
433.19380974474103,225.38654277225763,NO
431.3881560925999,226.38815609259993,NO
430.2763325387736,227.48339164334774,NO
428.3607654331315,228.4343910337904,NO
427.1182718356958,229.23763878508325,NO
425.25705927024933,230.26557116807413,NO
424.11093009674505,231.22338675977355,NO
422.10176471903134,232.21239884185437,NO
420.1117012732945,233.20854100439533,NO
418.1365801550184,234.25714747606546,NO
416.0410891989633,235.07370260127007,NO
415.2473655099243,235.48171177399033,NO
414.0489268158995,236.09252037985308,NO
413.2491125509498,236.50275441067072,NO
412.0549831966697,237.09841103144586,NO
411.29509469585537,237.55661573760813,NO
410.06548774643204,238.12429956112547,NO
409.30969160640075,238.58289387075658,NO
408.1240603650853,239.18444372545667,NO
407.13051810027747,240.13757312997552,NO
405.10943016216066,241.22152935643837,NO
403.10091858832214,242.17418161205492,NO
401.0112404410221,243.0701189385401,NO
400.15966684475694,243.3258697521622,NO
398.14119536411437,244.23300711653258,NO
396.18059184256265,245.302852972666,NO
395.1736501191124,246.18437754764182,NO
394.1535310093218,247.15925978324623,NO
393.00634513572686,248.0136276213807,NO
392.2923741712656,248.40342011383993,NO
391.91471988259946,248.92724061763926,NO
390.058325479263,250.2114298582431,NO
389.24425531185534,250.5555773315524,NO
388.89203205470994,250.7476332185255,NO
387.1711930206861,251.25947087830227,NO
386.22505176016193,252.21327333277083,NO
385.13677466785254,253.17055303039064,NO
384.05058635643957,254.06218101318152,NO
383.4516717156858,254.47863715787773,NO
382.3440126481332,255.36796708936183,NO
381.1667660830823,256.3195998209807,NO
379.30161676896125,257.33018519648067,NO
378.1147175300224,258.2291737551692,NO
376.1393683108639,259.2534819590556,NO
374.1633515918247,260.31608532811316,NO
372.22348282375714,261.3909534882558,NO
371.0544989054281,262.09628954254197,NO
370.30471750833044,262.5862801955283,NO
369.0557217134773,263.1136835013745,NO
368.4317586086706,263.49330520418005,NO
367.21047182616405,264.3668823085595,NO
365.5638515748454,265.37149895406463,NO
364.1266364985642,266.2074682972191,NO
362.1106145506261,267.2418306625563,NO
360.23333231983315,268.4163139875389,NO
359.0668842443505,269.1115737192584,NO
358.0218118475026,270.0275456902746,NO
357.20292440358827,270.43916475489505,NO
355.37237381663385,271.39273801023506,NO
354.3038767760397,272.32168638065497,NO
353.24581725374156,273.2615960603337,NO
352.2129557987486,274.21957962723707,NO
351.2050101319655,275.2050101319655,NO
350.20741001359687,276.20802821907745,NO
349.08179194963014,277.17583467590777,NO
347.164647178951,278.1719954402343,NO
346.0717447498601,279.1376498069051,NO
344.07458585490434,280.15270877695303,NO
342.08300480507165,281.1537840973485,NO
340.10890335354014,282.20586246149844,NO
338.10267873956434,283.2173526628342,NO
336.1012184682417,284.20043481817163,NO
333.96422645956596,284.77912723747085,NO
333.02572371324896,285.0445324498181,NO
332.23959542788697,285.4196089322763,NO
331.0761761590109,286.1247919589278,NO
329.0011592862588,287.01478089977275,NO
328.03161492433685,287.14798475259886,NO
326.9126636399918,287.8496806894578,NO
325.06145321754207,288.2669275727523,NO
323.99712000016353,288.9971104000238,NO
322.9637934643836,289.9554748254443,NO
322.35556840392195,290.4473818445928,NO
321.214131727499,291.2547040723519,NO
320.129516766925,292.15118688607595,NO
318.1971814648924,293.3088852285801,NO
316.20939013960924,294.37875833406684,NO
315.14043353431794,295.17374700444384,NO
313.1457004457656,296.242353222393,NO
312.1496525991894,297.1480318109689,NO
311.222788459524,298.18935073546777,NO
309.2776079890778,299.4815961852558,NO
308.0450652948694,300.1072719864546,NO
306.95627102652537,300.95656352837653,NO
305.92476401713066,301.85261463807973,NO
304.19373656328975,302.38190597764833,NO
302.2331210641658,303.3350077042852,NO
301.27552559134637,304.2798222957622,NO
300.2260895498527,305.23847802692393,NO
299.2114502934602,306.22620264123236,NO
297.162983683498,307.2930238481036,NO
296.10301146277266,308.1251861504785,NO
295.0333914420156,309.0419690616731,NO
294.3816191898909,309.4176653504779,NO
293.35245444612855,310.34853104550064,NO
292.1890826841023,311.35715617974387,NO
290.19188313739573,312.3770786362627,NO
289.0365110732139,313.0620531548803,NO
288.28198783012044,313.49542612646957,NO
286.6319941783136,314.3818732155368,NO
285.0018253735533,315.00858113770136,NO
284.1656385141319,315.2805033955236,NO
282.27257401585575,316.39549954848854,NO
281.0190433298587,317.09160844368154,NO
279.03946482468257,318.0428908223042,NO
277.9734773438165,318.96243079209444,NO
277.3332247437983,319.4381138969943,NO
276.35340428447927,320.30263165144544,NO
275.26400778399415,321.32559060757376,NO
274.09661020782465,322.1288784006801,NO
273.0565084093585,323.0589818379099,NO
272.0441399902902,324.0488021354449,NO
271.43907035206735,324.5011023752538,NO
270.32456232257545,325.33906788295167,NO
269.1551425195674,326.2929632907223,NO
268.016489048007,327.0277548570848,NO
267.2599998623632,327.43775487804703,NO
265.00341622841,328.0424945503272,NO
264.00603764778486,328.1099714403886,NO
263.0658586323237,328.27883431192345,NO
261.99818097345906,328.9981749202565,NO
260.99689949096654,329.99694015322945,NO
259.9861446642404,330.98386843077105,NO
258.9115558261149,331.87956146160616,NO
258.2059849091371,332.245630540744,NO
257.13743024166183,333.1616826372492,NO
256.05423710394456,334.068466606878,NO
255.42878647337827,334.465671359297,NO
254.21957827266516,335.4020696166279,NO
253.05598912928613,336.0937290232393,NO
252.0537678773673,337.0502877525602,NO
251.04560369513172,338.05112663321137,NO
250.29541934398344,338.5659238221016,NO
248.64056541450054,339.4121029124749,NO
247.1005841322778,340.17510893316836,NO
245.09298318239587,341.1806113150333,NO
243.34620533894537,342.373791410478,NO
242.1594523274475,343.30914225565283,NO
240.2131343625722,344.3796455914413,NO
239.05399387612607,345.09144908720765,NO
238.30945756154517,345.55338292958527,NO
237.09349036477056,346.1604618295922,NO
236.07782537265805,347.0811370892177,NO
234.1099827261904,348.19287610847726,NO
233.10609497855702,349.1031631622809,NO
232.11178552878374,350.1133627444601,NO
231.072967207342,351.0834284575297,NO
230.03142621671313,352.0352743246522,NO
229.29481394297602,352.5223604872512,NO
227.65655350825892,353.41287918805824,NO
226.07913452842558,354.1419877904923,NO
224.10958708049804,355.18473250456475,NO
223.10060112616534,356.10200079237404,NO
221.9992702843267,356.9986082364408,NO
221.2661694261677,357.39310179487586,NO
219.22976921595256,358.42974127937066,NO
218.2412500780434,359.23046794942843,NO
217.06779970948423,360.1340307867539,NO
215.07280612620394,361.19542696935554,NO
213.96612658217276,361.95990248866656,NO
213.376186563752,362.4502456445399,NO
212.25734956387197,363.2955540419524,NO
211.22994231077558,364.2351781914238,NO
210.16752471232638,365.19738059661006,NO
209.10369327780268,366.11744266683206,NO
208.05863327335626,367.0687388313912,NO
207.01000903280234,368.0117335623015,NO
206.248652636887,368.42819920153096,NO
205.1226865887559,369.16592858779114,NO
204.11637515189142,370.1378862665249,NO
202.17678214222866,371.36954733604955,NO
200.3769157720266,372.3914404572886,NO
199.20740992375553,373.3606684995901,NO
198.0498225663279,374.08635911140277,NO
197.46963811578203,374.49567351068276,NO
196.36101091359768,375.3837070874699,NO
195.31611364136606,376.32416017277427,NO
194.27340792485344,377.2876479155188,NO
193.2393933736384,378.2455812335253,NO
192.27054791752124,379.25430650323307,NO
191.23558662955213,380.26141505301104,NO
190.07552119957575,381.1694580827438,NO
188.1702129970472,382.1702129970472,NO
187.1622092993374,383.16354071281364,NO
186.1549681728789,384.1574914054176,NO
185.14662329115487,385.1489724018415,NO
184.14204656865624,386.1427931923201,NO
183.14111073385803,387.14111073385806,NO
182.1411104320142,388.14111043201416,NO
181.06314641303464,389.1262928260693,NO
179.14615654870406,390.1461565487041,NO
178.1411104320142,391.14111043201416,NO
177.06314641303464,392.1262928260693,NO
175.14615654870406,393.1461565487041,NO
174.1411104320142,394.14111043201416,NO
173.1411104320142,395.14111043201416,NO
172.1411104320142,396.14111043201416,NO
171.1411104320142,397.14111043201416,NO
170.1411104320142,398.14111043201416,NO
169.1411104320142,399.14111043201416,NO
168.1411104320142,400.14111043201416,NO
167.06314641303464,401.1262928260693,NO
165.14615654870406,402.1461565487041,NO
164.06314641303464,403.1262928260693,NO
162.0637400466942,404.1274800933884,NO
160.14615654870406,405.1461565487041,NO
159.06314641303464,406.1262928260693,NO
157.1513063115384,407.1513063115384,NO
156.12748198711213,409.06374099355605,NO
155.1307125826316,411.0635263166489,NO
154.14771197348128,412.14367613070135,NO
153.15274548806462,413.1527454880646,NO
152.14826467587253,414.1491058846828,NO
151.15141599330212,415.1497002301879,NO
150.16141889804595,416.1567603342552,NO
149.09518622685434,417.1938633954988,NO
147.07504481536674,418.16724272764264,NO
146.01171965695806,418.50679777404673,NO
144.93685721205753,418.8761906136642,NO
144.14411105322912,419.14411105322915,NO
143.0631764207911,420.1292009555051,NO
141.0637400466942,421.1274800933884,NO
139.0625227891895,422.125045578379,NO
138.0,422.5000000004902,NO
137.0,422.5000000004902,NO
135.06494858267712,423.12615012848545,NO
132.95285078057216,423.90865994257877,NO
132.08876346461705,424.16972155454073,NO
130.09885920190467,425.18880657673327,NO
127.96890813522614,425.8493240376495,NO
127.05737780853546,426.10149438476856,NO
124.99388588318747,426.9516522335816,NO
124.07116187398668,427.1550454188277,NO
122.0175271645652,427.758409365387,NO
121.0200236981549,427.68462673816776,NO
119.96654025822318,427.9217168301769,NO
119.07080331699986,428.1616514131424,NO
118.0029378116561,428.5015512789568,NO
116.9371320655656,428.8762211059001,NO
116.06637926104223,429.1281452944436,NO
114.98109498105855,429.5365964678755,NO
113.94720713549155,429.8995900437369,NO
113.17199806869822,430.1705567497059,NO
112.07946249589041,431.1576006120275,NO
110.17124882413486,432.17365738305483,NO
109.16158147101972,433.1624754163064,NO
108.16089304477329,434.1608930447733,NO
107.07701048617169,435.14950924165606,NO
105.1767998037546,436.1767998037546,NO
104.16434352671904,437.167579538485,NO
103.15492958323999,438.1579049102641,NO
102.06941591612949,439.13745453031436,NO
100.07310169189357,440.1410432692609,NO
98.08571592460281,441.16217942490783,NO
96.09383318883253,442.18420614824487,NO
94.19950687093514,443.2031233221417,NO
93.18194577897813,444.18514717316157,NO
92.0929745702001,445.1734886351042,NO
90.09994539084845,446.2040169725579,NO
88.19273901268633,447.1990962105802,NO
87.08669295920966,448.17044717326655,NO
85.02078970725314,449.05562279310317,NO
82.95856198887206,448.0589658161135,NO
81.85780752962539,447.2369874616064,NO
79.90845328667295,446.20994282335914,NO
79.02085171164822,445.9483810790826,NO
76.95297208624054,445.16829786203175,NO
76.00565071017962,444.9740646898754,NO
75.03324989030872,444.7982464215827,NO
74.03547864033114,444.65672017454176,NO
73.02542617853706,444.5665441912283,NO
