X,Y,is_wing_root
34.91947088168546,857.9756099795894,NO
34.67561306375004,858.9327927615813,NO
34.36056729041895,860.0542357484801,NO
34.169690263881066,861.0356025895795,NO
34.002400379378685,862.0004826849655,NO
33.8740493399378,862.9903644304292,NO
33.84815477787427,864.0062919286526,NO
33.8791137178768,865.0055638039137,NO
33.9045689174045,866.0028186395876,NO
33.93656035026455,867.0030551672309,NO
34.01134157909518,867.9987900164415,NO
34.1454632979297,868.9699041440347,NO
34.346809898215206,869.9175269122463,NO
35.057623767759885,871.9767686103754,NO
36.00719659657303,873.9963601028227,NO
36.36098482217549,874.7903743168919,NO
37.086029772899344,875.9475554280383,NO
37.976792284363334,877.0164501741392,NO
38.4095839042269,877.6456208737412,NO
39.28390108174419,878.7311938659185,NO
40.30758499416671,879.6430853483499,NO
40.98555482261675,880.0218574516041,NO
42.06348766728676,880.8946649373738,NO
43.221175144942116,881.6947159920585,NO
45.069687552105876,882.8660105835936,NO
47.08829601466842,883.7513770009824,NO
47.99857012764014,884.0044802666155,NO
48.9546852176179,884.189255856684,NO
49.93181171728912,884.3981315981886,NO
51.043445666786276,884.7212975157884,NO
52.013374768314364,884.8401552130222,NO
53.00155528557414,884.8902412757219,NO
53.99557253563866,884.8789826368802,NO
54.98436109758514,884.8170436817369,NO
55.96455281439395,884.7007746569459,NO
57.055097317546625,884.4432604016737,NO
58.04222049609538,884.2791086590731,NO
59.02559624526858,884.134380285112,NO
59.985564882916925,883.948657511892,NO
60.89419777514674,883.6765258113564,NO
62.92247947175487,882.8407238628422,NO
65.00230109236959,882.0795860537605,NO
65.99366871846972,882.093665724227,NO
66.98773151729246,882.1555030093402,NO
67.98286467930184,882.2254296136748,NO
68.97600751750961,882.3021837799578,NO
69.9728446855107,882.38576518874,NO
70.96651116857869,882.4776022584995,NO
72.0365764866203,882.6051401781591,NO
73.03162617762658,882.7244004444344,NO
74.01953859082745,882.841128832893,NO
75.00574676360245,882.9447426581464,NO
75.99665667386621,883.0364131818058,NO
76.98830447732436,883.1258840646735,NO
77.98275097494681,883.2118861740811,NO
78.98511519579384,883.2816662902902,NO
79.98838878997982,883.3312609926963,NO
80.9812092044419,883.3856197899892,NO
81.9727964071321,883.4708314056963,NO
83.0217048959473,883.5696768656654,NO
84.01384012906666,883.6302708226293,NO
85.0137362832059,883.6813852566588,NO
86.01378639911988,883.7341982178298,NO
87.01194193763135,883.7883020200308,NO
88.00926656538333,883.8427879210128,NO
89.00671531925553,883.8990667146343,NO
90.002861941455,883.9552821619279,NO
90.9995063705349,884.0084251676441,NO
91.99567505547398,884.0643653521312,NO
92.99191766810935,884.1244189277367,NO
93.99035446108172,884.1787055270736,NO
94.99036482944005,884.2233607704059,NO
95.98997844600207,884.2618452128794,NO
96.9859484940274,884.3028548016811,NO
97.97986596475067,884.3573791273425,NO
98.98412950458031,884.4156353912426,NO
99.99192153057628,884.4528695030776,NO
100.98475903177534,884.4903387464457,NO
102.0252654431069,884.5592583619879,NO
103.01853536163222,884.6225884897726,NO
104.01219229392846,884.6721627545662,NO
105.01060249678659,884.7131435774012,NO
106.00889137818395,884.7512954405314,NO
107.00749280615297,884.7891310371688,NO
108.00703226962935,884.8300248901842,NO
109.00585661121522,884.8731916352624,NO
110.00334131164107,884.9120707417331,NO
111.00190185099737,884.9470651477332,NO
112.00065226602912,884.9828007737408,NO
112.99938179223413,885.0177160679485,NO
113.99825745763181,885.0514562546955,NO
114.99772251782161,885.0816640039119,NO
115.99770414561138,885.1047744451673,NO
116.99726437833394,885.1248438244473,NO
117.99742099710285,885.1438510591203,NO
118.99758464620761,885.1615066561751,NO
119.99695159450027,885.1794972923781,NO
120.99496556001813,885.2011762217204,NO
121.9914595713894,885.2305915742056,NO
122.99074213036401,885.2647750737606,NO
123.98780347938583,885.303083528674,NO
124.98401481234899,885.3524007190398,NO
125.98607794632706,885.4080901822209,NO
126.98308423143838,885.4649273428536,NO
128.0205555873904,885.5364715081491,NO
129.01430508474823,885.5990241396333,NO
130.00833307469128,885.6431928965713,NO
131.00488106485318,885.6694821977084,NO
132.0039407541329,885.6880236278512,NO
133.00553583185155,885.7066009124151,NO
134.00626288150087,885.7278493403624,NO
135.00623930990855,885.7509475459179,NO
136.00564832807083,885.7735961800321,NO
137.0058172051664,885.7993064208242,NO
138.00542507975754,885.8300725094285,NO
139.00478636396087,885.8623216507741,NO
140.0038559866814,885.8943888092041,NO
141.00254118505333,885.9258571861709,NO
142.0013860158797,885.9555133613802,NO
143.00051554550794,885.9852848580301,NO
143.99930088589537,886.0180156324074,NO
144.99861142125894,886.0483129637933,NO
145.9982009168171,886.072754923364,NO
146.99740778339532,886.09725612868,NO
147.9969911637184,886.1221587532148,NO
148.99645634167834,886.1441560191603,NO
149.99560336381498,886.1659323020385,NO
150.995151435919,886.1902128979623,NO
151.99539539296262,886.2134863306175,NO
152.99542152745343,886.2335020937853,NO
153.9960712920225,886.2504551173523,NO
154.99689233393548,886.2641516226188,NO
155.9956280945752,886.278708952788,NO
156.99477891613913,886.2958614048201,NO
157.9947611762421,886.3134049112971,NO
158.99476349797408,886.3305541766086,NO
159.99587253018112,886.3453316474088,NO
160.99603838113782,886.3590667343783,NO
161.99306738272287,886.3782127906098,NO
162.98768875432935,886.4079692208884,NO
163.98722120326158,886.4453647129446,NO
164.9885256455065,886.481922904889,NO
166.01444607082294,886.5232796690615,NO
167.01478370091533,886.566652783981,NO
168.0116604622042,886.6052100677896,NO
169.0083808480911,886.6365759600691,NO
170.00675428336075,886.6605083777881,NO
171.00540552952341,886.6776952927104,NO
172.00385249390487,886.6930846563431,NO
173.00482136623302,886.7107180130845,NO
174.0066141710091,886.7337796234559,NO
175.00615264769797,886.7605389554859,NO
176.00523098813335,886.7872731455448,NO
177.0050667803719,886.8166576179237,NO
178.00491984596619,886.8493297129331,NO
179.00340719281212,886.8802615119764,NO
180.00236533089233,886.9066167410896,NO
181.00167741626294,886.9278710997526,NO
182.0007500371093,886.9428240944328,NO
183.00051366802302,886.9537231805992,NO
184.00057619194462,886.9683094432826,NO
185.00028020083815,886.9893092601087,NO
185.9995936745278,887.014453577342,NO
186.99900912844123,887.0395952274968,NO
187.99884717243586,887.0606144572524,NO
188.9981130390156,887.0819597421997,NO
189.9964886716708,887.1097290115146,NO
190.99567174668354,887.1394814577001,NO
191.99621412006724,887.164438875978,NO
192.99705326733223,887.184170798768,NO
193.99720489071532,887.1996506699916,NO
194.99788911112375,887.211088873468,NO
195.9982406658977,887.2199167537756,NO
196.99817597263979,887.2280034106818,NO
197.99763956551269,887.2360434329041,NO
198.99581704220063,887.2463024027438,NO
199.99369173348177,887.263370123333,NO
200.99257419390767,887.286179140061,NO
201.99291190337445,887.3084862988661,NO
202.9947426689683,887.3272688530639,NO
203.9961713067107,887.3435381866271,NO
204.99172581915272,887.3663205398964,NO
205.98830865090838,887.4000111560235,NO
206.9936444312178,887.4294548636534,NO
207.9981193274146,887.442898416137,NO
209.0,887.4471983850792,NO
210.00285263487535,887.4469127975559,NO
211.0,887.4494583878648,NO
211.99247793940987,887.4638604059379,NO
212.98596631654294,887.4933379719203,NO
214.0070586135819,887.5311063870447,NO
215.00514412526448,887.5580728734728,NO
216.0116398296888,887.5882949164117,NO
217.01415898405583,887.6307183828239,NO
218.01135727062612,887.6746476113562,NO
219.00684064205325,887.7088265921387,NO
220.00596175804762,887.734430792722,NO
221.00748764629762,887.7630522269935,NO
222.00531803592884,887.7908948198758,NO
223.00362481071002,887.8120821858862,NO
224.0032563705112,887.830840129715,NO
225.0024595565912,887.8481223766748,NO
226.00221684157813,887.8631100291085,NO
227.00186610438192,887.8769615187306,NO
228.0014405895795,887.8901827486424,NO
229.00136817444502,887.9030550668632,NO
230.0013321090103,887.9174092407457,NO
231.00133295518526,887.9337521290445,NO
232.0008145160174,887.9491945615331,NO
233.00066341108038,887.9650487108456,NO
234.00038996049028,887.9860171309765,NO
234.99978779085825,888.0085477841171,NO
235.99957469373547,888.0267942954141,NO
236.99896527922056,888.0453927500395,NO
237.9978557738669,888.0699294406181,NO
238.9976567212506,888.0949496603399,NO
239.99785473981592,888.1146020619673,NO
240.9982137680701,888.1296294036731,NO
241.9983232349502,888.1419661034951,NO
242.9980560144173,888.152079494132,NO
243.99761768979297,888.1618382744424,NO
244.9983144719522,888.1719238592742,NO
245.9989442200549,888.1794825963509,NO
246.99891099924872,888.1851301335797,NO
247.99849146381402,888.1923383749071,NO
248.99801229984655,888.2027454137634,NO
249.99746920776786,888.2151173455419,NO
250.99593118361932,888.2305662506911,NO
251.9951003434907,888.2498824754573,NO
252.99471401585677,888.2695851842738,NO
253.9954865169973,888.2877345227955,NO
254.9976448351486,888.3002835360334,NO
255.9981997389166,888.3060443938685,NO
256.99878482884424,888.3098686538056,NO
257.998770624544,888.3134907504705,NO
258.99813009145623,888.3178844625061,NO
259.9974620378253,888.3235901961071,NO
260.99642489443306,888.3311847700558,NO
261.99490876812007,888.343827858002,NO
262.9919860369623,888.3642710543253,NO
263.9896146934494,888.3930439040442,NO
264.98809290429756,888.4273324268686,NO
265.9919104928141,888.4563433913113,NO
266.9995104451633,888.4685039716614,NO
268.00097637853094,888.4686617123015,NO
268.9995122967666,888.468682819257,NO
269.99901514603243,888.4717450799976,NO
270.99950278815686,888.4748372862524,NO
272.00049928803156,888.4758215007583,NO
273.0,888.4767749381922,NO
273.9989809917874,888.4809718960528,NO
274.99526420820814,888.4919961242505,NO
276.0063056349087,888.5092114403486,NO
277.0040549295493,888.5235457715261,NO
278.0034642625227,888.5333143494748,NO
279.0048384621157,888.5432491728772,NO
280.0051516448239,888.5574268749556,NO
281.00757532469464,888.5780098764353,NO
282.0120627047894,888.6052583930214,NO
283.00924833305135,888.6331494615544,NO
284.00326957272335,888.6530619864043,NO
285.00382889738444,888.6668859284823,NO
286.00687416838343,888.6860796249116,NO
287.00805247842163,888.7133914138051,NO
288.007445852604,888.7436499341648,NO
289.0049859120835,888.7704106212216,NO
290.0036712729549,888.7907374427415,NO
291.0029763630741,888.8073300909757,NO
292.002351303173,888.8240139979126,NO
293.00181542874634,888.8390869952092,NO
294.0015323180137,888.8504457609706,NO
295.00086625049397,888.8590899164983,NO
296.0002799845016,888.8633675693278,NO
297.00068429598383,888.8662885579904,NO
298.0017948956076,888.8746137171578,NO
299.00161016932674,888.8875181677566,NO
300.00092634828565,888.8992338861904,NO
301.00110093276896,888.909907000426,NO
302.00123499801754,888.9238932459298,NO
303.00107970346346,888.9407362733731,NO
304.00080540915553,888.9581611159397,NO
305.00046867669226,888.9756534804033,NO
306.0001145742957,888.9936984137818,NO
306.9998217634977,889.011050663225,NO
307.99969787530966,889.0249756419346,NO
308.9996369047031,889.0360190534535,NO
309.9995794726137,889.0463981899499,NO
310.99949667837785,889.0556450043242,NO
311.9993523766133,889.0645032918916,NO
312.9990249038909,889.0747823742838,NO
313.9981182774185,889.0895162298046,NO
314.99792886362724,889.1088981657242,NO
315.99861913760606,889.1251563483696,NO
316.9985038583079,889.1356048449469,NO
317.9981069854595,889.1454708852878,NO
318.99812172101196,889.1565232507511,NO
319.9983308197947,889.1669180093368,NO
320.99823639019735,889.1763609684369,NO
321.9973732052542,889.1876282025204,NO
322.9970067991721,889.1997462741538,NO
323.99812123674127,889.2093777251862,NO
324.9987036312065,889.216925713732,NO
325.99753422395924,889.2248339303118,NO
326.99648100483813,889.235303475408,NO
327.9963243214498,889.2467605539817,NO
328.9964249070704,889.2579174182183,NO
329.9976099850266,889.267947227751,NO
330.99891247889946,889.2740553321448,NO
331.99833571448306,889.2795999605953,NO
332.99771512424854,889.2878943554114,NO
333.99883167072727,889.2944189926251,NO
334.9997042981732,889.2977717383305,NO
335.9975910281734,889.3029282297608,NO
336.99597846885564,889.3115139978293,NO
337.99712549715207,889.3216249187824,NO
338.9980240597577,889.3306406706978,NO
339.99932642317435,889.3367884200479,NO
340.99897272920293,889.3413963378089,NO
341.99685310420875,889.3479068297551,NO
342.99602761206506,889.3578760421381,NO
343.99543382883934,889.3736650121022,NO
344.99301790563857,889.397979376379,NO
345.9905697800942,889.4288504665491,NO
346.9917203848731,889.4592751115368,NO
347.99329968952975,889.4819069256104,NO
349.0100105772422,889.5084279391168,NO
350.0110339662717,889.543769467946,NO
351.0066901138505,889.5704946941589,NO
352.00345519044885,889.5827857747701,NO
353.00298536938186,889.5884455033607,NO
354.00336071491324,889.5950338736985,NO
355.00329096213954,889.6034390824994,NO
356.00361253520344,889.6126559584113,NO
357.0042525058789,889.6253928818849,NO
358.00333872084343,889.6390471819794,NO
359.0021598728158,889.6493806592396,NO
360.0020819630483,889.661334003241,NO
361.0026520937968,889.6757815144684,NO
362.00319138220516,889.687882810392,NO
363.0030767249646,889.6990962888767,NO
364.00266715325915,889.7104657068088,NO
365.00229518043335,889.7199879824389,NO
366.0027753533381,889.7291255125866,NO
367.0037171842878,889.7403281179572,NO
368.00352274988853,889.7529042648895,NO
369.00192431149713,889.7633096981947,NO
370.0016300210114,889.7706327513187,NO
371.00202993294005,889.7773840181421,NO
372.0021665884787,889.7859410624511,NO
373.0022641325862,889.7964338854958,NO
374.002334914364,889.8069804058673,NO
375.0027253751235,889.8192167866208,NO
376.0032936622131,889.8359756183058,NO
377.0040861686773,889.8595203420542,NO
378.00305517442945,889.8869585444256,NO
379.0018753723171,889.9106072508856,NO
380.00101498671347,889.9273559511785,NO
381.00054100832335,889.9398278504424,NO
382.0005834455173,889.951379539683,NO
383.00038373200005,889.9616268025684,NO
384.0002442714486,889.9694660701801,NO
385.0002444202353,889.9777577580913,NO
386.0001211192814,889.9865019291296,NO
387.0000525742379,889.9947215463546,NO
387.9998268211011,890.0086935806289,NO
388.99934040534293,890.0288214193871,NO
389.9995176845075,890.044153790476,NO
390.9997981819106,890.0508581612844,NO
391.99955067841023,890.0566145224227,NO
392.99943158562536,890.0637255655693,NO
393.99907845242706,890.071668049212,NO
394.99902260237906,890.0824271993415,NO
395.99945569819573,890.0918055736971,NO
396.9989185600513,890.099590789131,NO
397.9983669593354,890.1105024186134,NO
398.99855234777533,890.1225678848563,NO
399.99908353185197,890.1328878879034,NO
400.99930566382864,890.140672511693,NO
401.99840344391373,890.1470283030689,NO
402.99832392444955,890.1546560623494,NO
403.99871277853606,890.1634771256182,NO
404.99865332197794,890.1710281084846,NO
405.9994785969483,890.1764080273175,NO
406.9998217503563,890.1805668989961,NO
407.9985222669609,890.1869332416328,NO
408.9970648356758,890.1982214297594,NO
409.9971056578238,890.2100465477325,NO
410.99719428594744,890.2199248052301,NO
411.9977509322999,890.2294049032748,NO
412.99860732577855,890.2367546251388,NO
413.99905297280395,890.2414919420839,NO
414.9995213890701,890.2440915869922,NO
415.9995181482469,890.2457444068899,NO
416.9990242679634,890.2488116766201,NO
417.99900856914076,890.2528148765194,NO
418.99949917001,890.2554233082236,NO
419.99847808020945,890.258726372583,NO
420.99739189614473,890.2660265907593,NO
421.99729711827376,890.2756939335084,NO
422.99833106156467,890.2837195429934,NO
423.99829654103036,890.2895880340092,NO
424.9982632487675,890.2952477188771,NO
425.9982299440174,890.3009095265722,NO
426.99697645868935,890.3084012108122,NO
427.9975144712488,890.3169049342276,NO
428.99873482570547,890.322619454571,NO
429.99676335519814,890.3294904373281,NO
430.99352894638304,890.3443281634082,NO
431.99493811237767,890.3622865271924,NO
432.9954471655918,890.3771264507864,NO
433.99522769302575,890.3921245688,NO
434.9953715865217,890.4102457459257,NO
435.99461467167845,890.4308262657256,NO
436.9962225931722,890.4476227095122,NO
437.99854331618184,890.4569131669185,NO
438.9990127835099,890.4620173053289,NO
439.99594330971655,890.4715902416045,NO
440.9952278607927,890.4883489489051,NO
442.00432520660047,890.5047638082661,NO
443.0031478220411,890.5173339495028,NO
444.0010299002909,890.5252159829032,NO
445.00203510227936,890.5309089176205,NO
446.0054314746714,890.54326238266,NO
447.00473610858904,890.5595418827563,NO
448.0013823223352,890.5700977656593,NO
449.00270337612574,890.5782733322442,NO
450.0065168297632,890.5920464700489,NO
451.0058350838141,890.6082157870825,NO
452.0032326490154,890.6201637355634,NO
453.00158920355847,890.6265371620176,NO
454.0042944818875,890.633407423508,NO
455.00672911422123,890.6485907164739,NO
456.00727172910337,890.6727721708405,NO
457.0072999692063,890.6987969183564,NO
458.00471501328497,890.7194566954347,NO
459.00251126076347,890.7335273154528,NO
460.0031951946246,890.7454494983037,NO
461.00400921789907,890.7604492397923,NO
462.00350176882705,890.776587152914,NO
463.0026276185592,890.7897905152666,NO
464.0018687247204,890.8000464571506,NO
465.00158760310813,890.8086938352718,NO
466.0015133651035,890.8176395143691,NO
467.00142529589635,890.8282518532881,NO
468.00016882813867,890.8370808392622,NO
469.00016430067797,890.841121246789,NO
470.00201711178477,890.8496475954332,NO
471.0028464981782,890.8683833450448,NO
472.00173942176673,890.8871695107407,NO
473.0005199379333,890.898612106786,NO
474.0009409665191,890.9079734715003,NO
475.0011372203377,890.9202321185951,NO
476.0009422258958,890.9337749780598,NO
477.0007424981225,890.9478129876596,NO
478.0004114051287,890.9595177347613,NO
479.00029739940675,890.9674512869002,NO
480.0002751758201,890.9753092256032,NO
481.0001718398236,890.9845500367659,NO
482.0000524129214,890.9942287548994,NO
482.9999305171206,891.005296733323,NO
483.99976148130264,891.016866678356,NO
484.9996754292021,891.0268311868923,NO
485.9995557732948,891.036796778811,NO
486.9997777537968,891.0441380974744,NO
487.9998061380008,891.0480777761675,NO
488.9996212079075,891.053734363079,NO
489.9995696495321,891.0611712428696,NO
490.999444965184,891.0691018363249,NO
491.9996962569685,891.0756320096692,NO
493.00015349870165,891.0764423520244,NO
494.0001494170322,891.0744096806993,NO
494.99969138142336,891.0768460203263,NO
495.9994196580826,891.0826572720496,NO
496.99973956890227,891.0867235573023,NO
497.9998215280713,891.08923596625,NO
498.9995335959167,891.0931875347236,NO
499.9990939286729,891.1003725630547,NO
500.99842620719414,891.1119641162218,NO
501.99823440060504,891.1256097849248,NO
502.99890928062007,891.1357945662181,NO
503.99870214460464,891.1437735293138,NO
504.99766535722233,891.1554872131649,NO
505.99693501864544,891.1702767493913,NO
506.9970330426033,891.1854348443776,NO
507.99741577113673,891.1989856211742,NO
508.9977074736012,891.2090367138169,NO
509.9982714846306,891.2169286901758,NO
510.99821133458283,891.2244775215639,NO
511.9986189442781,891.2310966598965,NO
512.9993001501784,891.2344496965966,NO
513.9988263304874,891.2363770368361,NO
514.9992825217921,891.2408335205171,NO
516.0002438221885,891.245041314512,NO
516.9995076570107,891.247156163508,NO
517.9995034092797,891.2492885242833,NO
518.9997486282645,891.2521258443346,NO
519.9994915560779,891.2547303942648,NO
521.0002527797362,891.2535380689612,NO
522.0,891.2507060244723,NO
522.9982425546464,891.2523189348312,NO
523.997695240661,891.2578769527963,NO
524.9968252601951,891.2666781565231,NO
525.9961317515573,891.2785138816498,NO
526.9979906396508,891.2890608399111,NO
527.9991152186935,891.2964017457256,NO
528.9987958274351,891.3022472929782,NO
529.9981609871705,891.3077281500437,NO
530.9971741793571,891.3149220079945,NO
531.9983922250418,891.32187655512,NO
533.0003234879334,891.3238114268927,NO
533.9987135734817,891.322893033835,NO
534.9977433309272,891.3246379664291,NO
535.996345696879,891.3338704236056,NO
536.9913936946082,891.356444490221,NO
537.989655614942,891.3891080318804,NO
538.993087681125,891.4173312641294,NO
539.9968308579005,891.4341724811874,NO
540.9962513720656,891.4460867050883,NO
541.994652968,891.4593586597774,NO
542.9944437676587,891.4743001793855,NO
543.9947452427049,891.4897433660415,NO
545.004797344801,891.5048074016523,NO
546.00663012378,891.5221210790021,NO
547.0077242241289,891.543305212012,NO
548.0041687165491,891.5595056145595,NO
548.9990878884274,891.5658349088242,NO
549.9972624665372,891.5656446851743,NO
550.9981653460025,891.5633523514256,NO
552.0022739757443,891.5665802041713,NO
553.0065759101822,891.5804569380382,NO
554.004607704697,891.596616399387,NO
555.0032441153422,891.6074620304253,NO
556.0039625488804,891.6156327654062,NO
557.0031108082226,891.6228145112623,NO
558.0030387886005,891.6307871819407,NO
559.0047613630302,891.6428977644218,NO
560.0046082373859,891.6543821880117,NO
561.004141227719,891.6638703430447,NO
562.0049673749909,891.6771206349125,NO
563.0053023968543,891.6952681324576,NO
564.0038096772895,891.7131019926258,NO
565.0027690757189,891.728076777978,NO
566.002092344729,891.7421184952096,NO
567.0019907165871,891.7541465082453,NO
568.0023850668064,891.7643554040936,NO
569.0013817031748,891.7724795529904,NO
570.0017842512412,891.7796449777587,NO
571.001718280865,891.7877923189967,NO
572.0008344657153,891.793886961989,NO
573.0010193095217,891.7983805759643,NO
574.0009941704508,891.8029554270142,NO
575.0007762676935,891.8074856105846,NO
576.0011273813002,891.8136062958716,NO
577.0014408568101,891.8213337462327,NO
578.0017128754727,891.8300827531112,NO
579.0020747282605,891.8418418693826,NO
580.0020296220816,891.8564767323651,NO
581.0020710394983,891.8715955501456,NO
582.0019332198613,891.8868497732309,NO
583.00149164518,891.9008553194482,NO
584.0008860773422,891.9115694799997,NO
585.0006417669354,891.919939580692,NO
586.0006497361541,891.9278792860226,NO
587.0003910563432,891.934823943039,NO
588.0001225697976,891.9387150998899,NO
589.0001186731888,891.940663404353,NO
590.0002273861802,891.943153455059,NO
591.0,891.9442294036456,NO
592.0,891.9437984496124,NO
593.0002153121576,891.9461719607131,NO
594.0001963249612,891.9509187597988,NO
595.0000914419608,891.9542790186126,NO
596.000087547396,891.9562263010766,NO
597.0000415035578,891.9585379456472,NO
598.0003524422054,891.964826267394,NO
599.0004298944689,891.9795493063402,NO
600.0000200414783,891.9989979261177,NO
600.9997821169126,892.0155630782014,NO
601.9995632643062,892.0291448294442,NO
602.9993311832942,892.0419682508885,NO
603.9994191360506,892.0531754536502,NO
604.9994508994779,892.0615602681537,NO
605.9993982332703,892.0675984644416,NO
606.9992593161355,892.0749572080034,NO
607.9990928688047,892.0835385373881,NO
608.9990125767332,892.0911122379181,NO
609.9994262051391,892.0971625989113,NO
610.99959670019,892.10243814592,NO
611.9991417468964,892.1089981439621,NO
612.9995486067559,892.1146538775033,NO
613.9992895844323,892.1202970391923,NO
614.9983242363919,892.1308384703542,NO
615.9982970939964,892.1438955646795,NO
616.9996993112038,892.1524492148377,NO
618.0004560306876,892.1539863581299,NO
618.9995403065188,892.1549167015064,NO
619.9992088568641,892.1596526815997,NO
620.9986775152131,892.1666330893619,NO
621.9987998082792,892.1729990646107,NO
622.9991240259217,892.1771219473923,NO
623.998923681995,892.181538975518,NO
624.9987152602504,892.185920202646,NO
625.9986965097007,892.189006102544,NO
626.9982838398591,892.1939261060369,NO
627.9978268113855,892.2013162851003,NO
628.9975212247462,892.2106959022643,NO
629.9973918111225,892.2216960605806,NO
630.9977249564195,892.2320544430505,NO
631.9981099668408,892.2409792418254,NO
632.9985421614414,892.24783256282,NO
633.9985101216445,892.2532793284622,NO
634.9979562110279,892.2605831091065,NO
635.998423811896,892.2679519861542,NO
636.9989296966107,892.27292737228,NO
637.9994584317707,892.2761998113623,NO
638.9994543164917,892.2782986037612,NO
639.998897568497,892.2811200415131,NO
640.9988827822934,892.2848905235235,NO
641.9988679817263,892.2886646682657,NO
642.998274306806,892.2933678522709,NO
643.9976459918759,892.3001360532973,NO
644.9981934572182,892.3071122826155,NO
645.998159220169,892.312932581183,NO
646.9990625297115,892.3184274132101,NO
647.9987303402054,892.3231284297655,NO
648.9974214443852,892.3281212086368,NO
649.9976962355249,892.3347040689966,NO
650.9969437846213,892.3439940345169,NO
651.9960930893753,892.3569495638512,NO
652.9962748225079,892.371027693009,NO
653.9968906563278,892.3840039329742,NO
654.9963265162431,892.3987770554437,NO
655.9952301876561,892.4175753881844,NO
656.9949605102803,892.4356867959925,NO
657.996162714123,892.4518404466365,NO
658.9985127028777,892.4645324627089,NO
659.9994973998657,892.4699311431946,NO
660.9994940649945,892.4720373601991,NO
661.9994894959681,892.4752792675838,NO
662.9989638652459,892.4807665008555,NO
663.9978755027821,892.4896966160177,NO
665.003815592707,892.5012475293677,NO
666.0032069360958,892.5104077580078,NO
667.0057482067378,892.5208085639216,NO
668.0055734692777,892.5343619599529,NO
669.004906078396,892.547659555468,NO
670.0056776468764,892.5618749385544,NO
671.0059180575938,892.5770864951571,NO
672.0048315707455,892.5910734150451,NO
673.0034174020659,892.601872660805,NO
674.0033414516563,892.6107208834882,NO
675.0032655094477,892.6195681507548,NO
676.0035779412098,892.6290867386901,NO
677.0019415269295,892.6369344800828,NO
678.0,892.6408296379474,NO
679.0018830224207,892.6471215818619,NO
680.0050415417988,892.6614964671527,NO
681.0051099924412,892.6787518046191,NO
682.0048398532819,892.6950892347197,NO
683.0039787468323,892.710163594663,NO
684.0023514825479,892.7213493178248,NO
685.0028378981093,892.7309672669527,NO
686.0032369122399,892.7437444449712,NO
687.0020432658476,892.7563405296834,NO
688.0019603241523,892.7657412676256,NO
689.0014244224155,892.7730420328345,NO
690.001610614697,892.7798059560704,NO
691.003248285963,892.7923262464353,NO
692.0038895090997,892.8129146159985,NO
693.0019304839357,892.8306439104442,NO
694.0009948459384,892.8398298044445,NO
695.0018509153481,892.8506928243199,NO
696.0019301298291,892.8659938409754,NO
697.0018332559847,892.8808383644375,NO
698.0017203087883,892.8950611631323,NO
699.0009629905951,892.9060121173579,NO
700.0005315946049,892.9133500783439,NO
701.0007946657711,892.9219638251741,NO
702.0009956377725,892.9346197874756,NO
703.0004920608187,892.9460373295436,NO
703.9998420258106,892.948026491091,NO
704.9995298824583,892.9420580091819,NO
705.9998724971784,892.9371411050039,NO
707.0006587697037,892.9410101681915,NO
708.0005011571687,892.9506861338947,NO
709.0,892.9566074939412,NO
710.0000821727009,892.9595710282011,NO
711.0003734670534,892.9665577233731,NO
712.0003028351938,892.977007819219,NO
713.0001468534701,892.9888278393792,NO
713.9999564632307,893.0028763292421,NO
714.9998792704939,893.0149704595416,NO
715.9999570294359,893.0213133990984,NO
716.9999749948341,893.0247801193084,NO
717.9999439304707,893.0277544170339,NO
718.9996960580985,893.0334673810274,NO
719.9996606530192,893.0420790278175,NO
721.0,893.046511627907,NO
722.000136507962,893.0450931310352,NO
723.0001298219041,893.0427979532391,NO
724.0,893.041910331384,NO
724.9995262884195,893.0468027032483,NO
725.999107530727,893.058843473603,NO
726.9990585879845,893.0717645618299,NO
727.9993438315327,893.0813648941958,NO
728.9993797664962,893.0879845512861,NO
729.9991462257954,893.0943894861986,NO
730.9987494054935,893.103799344619,NO
731.9988554867558,893.1139935236598,NO
732.9986469272088,893.122637599782,NO
733.9988246934197,893.130459032,NO
734.9997298961686,893.1350519186143,NO
735.9997260574437,893.1369712810925,NO
737.0,893.1382769943477,NO
738.0,893.1386233269599,NO
738.9997208427153,893.1395786453646,NO
739.9995749505549,893.1418248265438,NO
740.9992753751031,893.14535976262,NO
741.9981901113852,893.1517289960663,NO
742.997105890424,893.1623917070476,NO
743.9972088401531,893.176540865167,NO
744.9969613653366,893.1921936477405,NO
745.9969315053719,893.2072256695714,NO
746.9971904335588,893.2193623096653,NO
747.9968187297121,893.2308693308111,NO
748.9968720888679,893.2442176843774,NO
749.9987429473132,893.2546788804577,NO
751.0002554814718,893.258291778126,NO
752.0007673476889,893.2580846022796,NO
753.0005092832123,893.256678746143,NO
753.9994907158169,893.2566792354243,NO
754.9989701160033,893.2595307812,NO
755.9989549823033,893.2633444738048,NO
756.9989369468223,893.2678894152524,NO
757.9986489076689,893.2726504269104,NO
758.9980849831466,893.2765831512083,NO
759.9977736766095,893.2816299272531,NO
760.9974407521398,893.2880575769831,NO
761.9973889062127,893.294473352496,NO
762.9976206766116,893.3021740697632,NO
763.9981676712217,893.3102743476903,NO
764.9987568250991,893.3157664068812,NO
765.9990537692897,893.3201413808889,NO
766.9990371223846,893.3251316662049,NO
767.9993506088803,893.3285919247811,NO
769.0006493941484,893.3285934572965,NO
770.0006456585447,893.3267032417092,NO
770.9993543414752,893.326703231693,NO
771.9983680026829,893.3299898365619,NO
772.9983372920988,893.3355344476792,NO
773.9979570638975,893.3432132575433,NO
774.9979203624937,893.3500723279685,NO
775.9986042194882,893.3538303701023,NO
776.9989404207303,893.3584909757086,NO
777.9970998704763,893.3668664086625,NO
778.9919917463623,893.3832521455159,NO
779.9909451038101,893.4082934887564,NO
780.9942797569987,893.4307783032637,NO
781.9949427558985,893.4464167184756,NO
782.9932827865728,893.4625281181596,NO
783.9939711591967,893.480297644254,NO
784.9942570217562,893.495462424077,NO
786.0046569118252,893.507919646647,NO
787.0045728575512,893.5157851965105,NO
788.007003423508,893.5237671837167,NO
789.0076966264231,893.5401265889951,NO
790.0064148918906,893.5592052791197,NO
791.0044295899003,893.5729875274124,NO
792.0047330979276,893.5847782301166,NO
793.0054002206226,893.5983066573046,NO
794.0048151438541,893.6115783846709,NO
795.00348556115,893.6247212527825,NO
796.0015020157163,893.6357611809195,NO
797.0,893.6410405577293,NO
797.99926268962,893.6424044789837,NO
799.0,893.6419393056528,NO
799.9992570895861,893.6411742799947,NO
800.9977572515124,893.6389174946834,NO
801.9992390005009,893.6331982245191,NO
803.0003872580339,893.6278450198286,NO
804.0,893.6277051520134,NO
805.0,893.6309008680558,NO
806.0,893.6324786324786,NO
806.9996215323074,893.6332647912,NO
808.000747613821,893.636659670484,NO
809.0032627779988,893.6458073346678,NO
810.005833843941,893.6626665346666,NO
811.0054868284448,893.6814412154876,NO
812.0034058847951,893.6943992641991,NO
813.0027195859892,893.7023564199791,NO
814.002936866912,893.711012291761,NO
815.0031086766835,893.7216321368805,NO
816.0019119412025,893.7304162835488,NO
817.0018701772583,893.736304999819,NO
818.0020922149015,893.7421344964642,NO
819.0022765774496,893.7503353365953,NO
820.0036098094254,893.7624745428628,NO
821.0025173421852,893.7745834526437,NO
822.0002236363202,893.7801655038106,NO
823.0,893.7835183373819,NO
824.0010601509731,893.7915743215949,NO
825.0016106514736,893.8018898790871,NO
826.0013362277284,893.8123554466057,NO
827.0009133780314,893.8207952262027,NO
828.0003574535433,893.824847751482,NO
828.9998221055721,893.825841346094,NO
830.000354096429,893.8268468588776,NO
831.0005232636466,893.8292416200388,NO
832.0,893.8302757533537,NO
833.0001733456404,893.8299479229358,NO
834.0001736660877,893.8292862409302,NO
834.9996448315145,893.8252570924288,NO
836.0001818832224,893.8208450132931,NO
837.001764197838,893.82569725698,NO
838.0031877006114,893.8418900501476,NO
839.0030448985167,893.8621491420739,NO
840.0013479649178,893.8775802836072,NO
841.0006836920134,893.8860513315417,NO
842.0002200393116,893.8899803418407,NO
843.0002160950644,893.8919524654659,NO
844.00121317691,893.8989019230335,NO
845.0013216236005,893.911803649267,NO
846.0008441754504,893.9230265517796,NO
847.0004143765672,893.9306609870316,NO
848.0001282366723,893.9356251949723,NO
849.000246560284,893.9381133729617,NO
850.0004544792927,893.942962845802,NO
851.0002484931733,893.9501522665748,NO
852.0001338397489,893.9553421386804,NO
853.0001634235265,893.9591441184651,NO
854.0000758762566,893.9620618708745,NO
855.0001421399354,893.9644650162184,NO
856.0003204699593,893.9708372330457,NO
857.0002447258441,893.9811184595283,NO
858.0000909514957,893.9898437493524,NO
859.0000238983823,893.9951868658661,NO
859.9999921479529,894.0009893579821,NO
860.9997001993737,894.014404707167,NO
861.9991298056566,894.0351906589783,NO
862.9993084802894,894.0537789584668,NO
864.0001802616042,894.0606279853138,NO
865.0001184417724,894.0596946549529,NO
865.9996307999688,894.0620256038482,NO
866.9995960705647,894.0678601436105,NO
867.9993351820082,894.0745334819475,NO
868.9994463022252,894.0799697794151,NO
869.9998365617478,894.0826997602,NO
870.9994814953761,894.087454449138,NO
871.9987658309675,894.096170248549,NO
872.9984258395159,894.1065181930571,NO
873.9986149533088,894.1172672831694,NO
874.9990048897799,894.1263789977122,NO
875.9989454028904,894.1339338326721,NO
876.9988859897576,894.1414793005263,NO
877.9986785110825,894.1493282554674,NO
878.9989285301687,894.1559753889176,NO
879.9990545944625,894.1607189464727,NO
880.9990252308042,894.1657107685323,NO
881.9996677028064,894.1694715775834,NO
882.9993243904719,894.1722804347347,NO
883.998771359581,894.1788549351337,NO
884.9970025525105,894.1907125872827,NO
885.9961773961292,894.2050122770851,NO
886.9978725386463,894.217001056052,NO
888.0,894.2218045112782,NO
889.0004330689964,894.2208651996397,NO
889.9991301932254,894.2218007340368,NO
890.9991154823894,894.2255519973434,NO
891.9991007442977,894.2293102108116,NO
892.999544826586,894.2321384532337,NO
893.9995411382978,894.2340194803346,NO
894.9995374536232,894.235898664426,NO
896.0,894.2368421052631,NO
897.0,894.2368421052631,NO
897.9995337634416,894.2377806571866,NO
898.9990565076741,894.2405905501571,NO
899.9995227128122,894.2434164784788,NO
900.9995190226847,894.2452984435756,NO
901.998535049811,894.2490415400036,NO
902.9979935530613,894.2558219995743,NO
903.9994882235678,894.2610059940214,NO
904.9994836719767,894.2633273056143,NO
906.0,894.2644859813084,NO
907.0007773502822,894.2640399834901,NO
907.9992147584787,894.2661968898987,NO
908.9981342688804,894.2710640797338,NO
909.997822406852,894.2770987336921,NO
910.9986026872102,894.2842134282633,NO
911.9988604156807,894.2894544006442,NO
912.9994246301104,894.2922879006699,NO
913.9997096300256,894.2947255139323,NO
914.9988172416024,894.2992378702751,NO
915.9981814398104,894.3055181050116,NO
916.9984504074749,894.3114680914524,NO
917.9990527727057,894.3166896490095,NO
918.9980599850447,894.3233358246806,NO
919.9973359878074,894.3316695263092,NO
920.9975913587596,894.3409947983596,NO
921.9968006248233,894.3508648154041,NO
922.9970903357408,894.3586161434843,NO
923.9981394184041,894.3657903366545,NO
924.9980803265772,894.3751042058078,NO
925.99763037239,894.3838796685337,NO
926.9987946290257,894.3893348236782,NO
928.0,894.3920868345714,NO
929.000406187179,894.3927829962398,NO
929.9983600305587,894.3952326375584,NO
930.9966443983304,894.4026722063458,NO
931.9969784178206,894.4122301569345,NO
932.9959637990745,894.4246980185395,NO
933.9962504003688,894.4396405481539,NO
934.9975779316703,894.4509891367212,NO
935.9980068600292,894.4604153338776,NO
936.9942812334311,894.4756974062353,NO
937.9933959191255,894.4975074400879,NO
939.0047445050109,894.5197506347075,NO
940.0050154675133,894.5385770128388,NO
941.0043523108952,894.5526791870649,NO
942.0018868902046,894.5622414741649,NO
943.0013870467857,894.5695531511084,NO
944.0018244080215,894.5749129371137,NO
945.0004540652646,894.5772652262954,NO
946.0004546739134,894.5776079483145,NO
947.0013568447398,894.5798304156001,NO
948.0013408287211,894.5838961570164,NO
949.0017676704591,894.5881327889705,NO
950.0017483004775,894.5926459946211,NO
951.0034381160704,894.5994594792927,NO
952.005812523577,894.6122216209799,NO
953.005919310183,894.6294511945565,NO
954.0052271510791,894.6475406693419,NO
955.0039094918665,894.6634282806492,NO
956.0023956958591,894.6752120874282,NO
957.0016616613858,894.683952018982,NO
958.0003279061323,894.688161264641,NO
958.9996711227966,894.6878955346905,NO
960.0,894.6872340425532,NO
961.0,894.6872340425532,NO
962.0003288753181,894.6878973237303,NO
963.0009770352466,894.6902798292246,NO
964.0006448758016,894.6930391306983,NO
964.9993551241984,894.6930391306983,NO
965.999350700377,894.6909333918597,NO
966.9996732039968,894.6892169973761,NO
967.9996711239573,894.6878966361766,NO
969.0006575842799,894.6883050542124,NO
970.0016218900864,894.6921652524766,NO
971.0015894125883,894.6976937396582,NO
972.0012498044229,894.7025465492958,NO
973.0006182768365,894.705700237655,NO
974.0006138401179,894.7078121155502,NO
975.0012143309092,894.7109892454966,NO
976.0014910659462,894.7158028182082,NO
977.0008791855737,894.7201259233539,NO
978.0,894.7217573221757,NO
979.0,894.7217573221757,NO
980.0,894.7217573221757,NO
981.0,894.7217573221757,NO
982.0,894.7217573221757,NO
983.000579895943,894.7228097407894,NO
984.0011466139947,894.7259592704573,NO
985.0011291126309,894.7301420961547,NO
986.0011116069498,894.7343259536952,NO
987.001094101257,894.7385098140738,NO
988.0010766096123,894.742690316928,NO
989.0002650492719,894.7463478506462,NO
990.0002612269077,894.7494834070018,NO
991.0012763449524,894.7546865051926,NO
992.0019611838756,894.7636773550961,NO
993.0016463636608,894.7725666139397,NO
994.0013687763095,894.779170758833,NO
995.0013307827742,894.7853003824297,NO
996.000867313498,894.7901101397412,NO
997.0012711554041,894.7949202646514,NO
998.0004146961926,894.7992870352964,NO
999.0008154001351,894.8026731731871,NO
1000.0011913308125,894.8077986319024,NO
1001.0013391075372,894.8146292484101,NO
1002.001100137029,894.822144515582,NO
1003.0001783103576,894.8272172566699,NO
1004.0006999022538,894.8306236596231,NO
1005.0008512345969,894.835030739741,NO
1006.0,894.8373983739838,NO
1006.9994924088461,894.8360480577227,NO
1007.999658463619,894.8346963853971,NO
1008.9996584621724,894.8346956853158,NO
1010.0005075782501,894.8360522256417,NO
1011.0006581044639,894.8400806067698,NO
1012.0001599334122,894.8440649209515,NO
1013.0003147763175,894.8463891638959,NO
1014.0007691554399,894.8497070194264,NO
1015.0008956099138,894.8540155822957,NO
1016.0007280797532,894.8577332090016,NO
1017.0007076338023,894.8617283480139,NO
1018.0006829992282,894.8662687556443,NO
1019.0002662820816,894.8695217708207,NO
1019.9998674742961,894.8702573292237,NO
1021.0001323009503,894.8707419723966,NO
1021.9998687258396,894.8717451461699,NO
1022.9998695184598,894.8722585655593,NO
1024.0005122055948,894.8745096258808,NO
1025.000250015703,894.877492296942,NO
1026.000609644855,894.8806315414114,NO
1027.0005889138417,894.8849262295024,NO
1027.999884672877,894.8873254014662,NO
1029.0001136066023,894.8887791305815,NO
1030.0004407847127,894.892007742473,NO
1031.0004244654633,894.8960059586627,NO
1032.0004081203895,894.9000105018905,NO
1033.0008604075313,894.9062155801421,NO
1034.0008569452255,894.9156765886171,NO
1035.0005355880269,894.9244820862876,NO
1036.0008089441592,894.9333969302994,NO
1037.0006719961643,894.944672315307,NO
1038.0003250099141,894.9540807408458,NO
1039.0002749388643,894.9610765102486,NO
1040.0002849612908,894.9685592697996,NO
1041.0001721711037,894.9755271083013,NO
1042.0000784337801,894.9804699901129,NO
1043.0000910295855,894.9848890887358,NO
1044.0000615623962,894.9897806421689,NO
1045.0000068573315,894.9931769550946,NO
1046.0000049268401,894.9951076478669,NO
1047.00000592972,894.9970588590568,NO
1048.0000019745185,894.9990206389184,NO
1048.999992094105,895.0019606620049,NO
1049.999985236614,895.004886680797,NO
1050.9999794331497,895.0068213389059,NO
1051.999935512224,895.0107049708666,NO
1052.9999004257718,895.0165293219659,NO
1053.9999579698615,895.0209310086098,NO
1054.9999520069975,895.0239005148172,NO
1055.9998901993504,895.0273403598903,NO
1056.9999392110465,895.0302728983589,NO
1057.9998338283042,895.0331346360825,NO
1058.9997347797419,895.0378507208369,NO
1059.9998294679986,895.0426330002567,NO
1060.999715132723,895.0474778793161,NO
1061.9996834761691,895.0527539716004,NO
1062.999888887413,895.0555562947673,NO
1063.9998860981843,895.0569509090753,NO
1064.9997606222805,895.0598444297343,NO
1065.9997430241012,895.0642439745894,NO
1066.999723168895,895.0692077761238,NO
1067.99947936091,895.0744513907148,NO
1068.9994392326353,895.0803499566437,NO
1069.9996597443865,895.0854041531403,NO
1070.9997337205075,895.0890261075627,NO
1071.9995314271912,895.093808278784,NO
1072.999303568499,895.0995897057836,NO
1073.999267281435,895.1049881084774,NO
1074.9991114273453,895.1115158739746,NO
1075.9992933329513,895.1182489540666,NO
1076.9995096959367,895.1230663114366,NO
1077.9997490863448,895.1259586462338,NO
1078.9997440513546,895.1284862110708,NO
1079.9994717816712,895.1325827913886,NO
1080.9994539673962,895.137054174115,NO
1081.9995830375346,895.1396824297246,NO
1082.9995815610896,895.1404559954528,NO
1083.9998598312852,895.1411498952658,NO
1085.0001413259315,895.1420325699568,NO
1085.9997146045714,895.1432684951657,NO
1086.99971077619,895.1451903424806,NO
1087.9997069440822,895.1471140605574,NO
1088.9994024132784,895.1499942567773,NO
1089.9993871008444,895.1538376774776,NO
1090.9992170568437,895.1573715713369,NO
1091.9990460040758,895.1602713116687,NO
1092.9995186075332,895.1622292596016,NO
1093.9996762380167,895.1638235726123,NO
1094.999672495094,895.1657174915908,NO
1095.9996687533862,895.1676107958061,NO
1096.9996643824313,895.1698224992177,NO
1097.9996593408268,895.1723735512136,NO
1098.9996549116238,895.1746147280905,NO
1100.0001736566785,895.175566908853,NO
1100.9998250466929,895.1765278807635,NO
1101.9996459643742,895.1784339603593,NO
1102.9996421816234,895.1803404668631,NO
1103.9996390015563,895.1819432207686,NO
1104.9996364108126,895.1832489555848,NO
1105.9994514283135,895.1845029412434,NO
1106.9998172509975,895.1847592488022,NO
1107.9996336758368,895.1853600368155,NO
1108.9996299223624,895.1872592949993,NO
1110.0001865171141,895.1885688098725,NO
1111.0001876024376,895.1892908527268,NO
1111.999621801002,895.1906123003703,NO
1112.9990431226754,895.1930978401844,NO
1113.9994206929896,895.1952264604378,NO
1115.0,895.1958174904943,NO
1116.0,895.1958174904943,NO
1116.9992185247536,895.1977132344779,NO
1117.9992009037978,895.2021713362428,NO
1119.000203585625,895.2058250750994,NO
1119.9997936052762,895.2082522689091,NO
1120.9995821953735,895.2105735376815,NO
1122.0,895.2115384615385,NO
1122.998944312165,895.2130378008209,NO
1123.9984976861688,895.2169770426588,NO
1124.9995643998336,895.2204136964336,NO
1126.0002193814678,895.2217946726726,NO
1127.000220659751,895.2226456808149,NO
1128.0,895.2223827905842,NO
1128.9986809121222,895.2220464685754,NO
1129.9977780812646,895.2253025562031,NO
1130.9990911239984,895.2308544913024,NO
1132.0,895.2341537302754,NO
1132.9992989517539,895.2371879829494,NO
1133.9988013832788,895.2428397535732,NO
1134.9995115991137,895.2471308621823,NO
1135.9997555615905,895.2476161224672,NO
1136.9992660294631,895.248326691015,NO
1138.0,895.2502378952514,NO
1139.0004921213108,895.249997623079,NO
1140.0002458340848,895.2495215875426,NO
1141.000247261149,895.2504755578947,NO
1142.0,895.2509578544061,NO
1143.0,895.2509578544061,NO
1144.000248701355,895.2514370798641,NO
1145.0,895.251923076923,NO
1145.9987470778904,895.2533408344968,NO
1146.9989854138964,895.2566902805135,NO
1147.999487007707,895.2595741146009,NO
1148.9989655473412,895.2617165188817,NO
1149.9989533285332,895.2648078772922,NO
1150.998397441917,895.2702981379625,NO
1151.9980927197714,895.2760107069851,NO
1152.998623973904,895.2793332856651,NO
1153.9988880767469,895.2824284902522,NO
1154.9983040341228,895.2871835625156,NO
1155.9979827763325,895.2930737829029,NO
1156.9991246822758,895.2973162584999,NO
1157.9988243032135,895.2998026893439,NO
1158.998813919464,895.3024505455542,NO
1160.0,895.3037735849057,NO
1161.0,895.3037735849057,NO
1162.0,895.3045330415939,NO
1163.0,895.3060553377267,NO
1164.0005997388146,895.305866811396,NO
1165.0008965986578,895.304544682441,NO
1166.000299665925,895.3047602339616,NO
1166.9993970568212,895.3062951314593,NO
1167.999393302447,895.3082023534917,NO
1168.9987753736805,895.3110550674756,NO
1169.9987603650188,895.3148672673029,NO
1171.0,895.3167938931298,NO
1171.9993745169782,895.317745371569,NO
1172.9993707632993,895.3196522403404,NO
1173.999367006687,895.3215605994702,NO
1174.9993647889185,895.3226872258243,NO
1175.9987245172233,895.3239726068568,NO
1176.9970887326022,895.3289732331208,NO
1177.9983561232098,895.3350221012299,NO
1178.9993371355185,895.3380609032098,NO
1179.9979878076551,895.3414019747152,NO
1180.9986379531792,895.3452788791649,NO
1181.9993128490144,895.3476984180296,NO
1182.9982669549756,895.3504216816555,NO
1183.9989483702877,895.3536981214063,NO
1184.999291949266,895.356857579897,NO
1185.9992867281956,895.3594889994398,NO
1187.0007132782594,895.359492252706,NO
1188.0010635334318,895.3577017389614,NO
1189.0003531251748,895.3570095658035,NO
1190.0007055423575,895.3570044526784,NO
1191.0010544184884,895.3560419668677,NO
1192.0007006121266,895.3552103369884,NO
1193.0003513294341,895.3558967363238,NO
1193.9989393955057,895.3574237107674,NO
1194.998931931158,895.3592271485992,NO
1196.0,895.3601941747572,NO
1196.9996428871978,895.3603268046468,NO
1197.9996431918657,895.3607330377714,NO
1198.9985693475764,895.3619550579367,NO
1199.9978369643186,895.3648320290165,NO
1200.999273213477,895.3677540010369,NO
1201.9992693945524,895.3696863769723,NO
1202.9981538646268,895.3732885487572,NO
1203.9988771201192,895.3776619277411,NO
1204.9988646889549,895.3810860773887,NO
1205.9984649778055,895.38529054424,NO
1206.998442229468,895.3894426322818,NO
1207.9988205363704,895.391975090547,NO
1208.9988101645797,895.394628762253,NO
1209.9983875499254,895.399887621501,NO
1210.998352385764,895.4069607287853,NO
1211.9974740301573,895.4142590534317,NO
1212.9965487175973,895.4227821102753,NO
1213.9986808801295,895.4295933745847,NO
1215.0,895.4315352697096,NO
1215.99911161083,895.4335338956452,NO
1217.0,895.4365249890203,NO
1217.9991013626318,895.4385350160943,NO
1219.0,895.4386061556626,NO
1220.0008926408066,895.4356086941264,NO
1221.0,895.4326430179442,NO
1222.0008804720749,895.429670353273,NO
1223.001307376508,895.4257689528481,NO
1224.00043207394,895.4230004089554,NO
1224.9991364255488,895.4231515107733,NO
1225.9995664834564,895.4252797389016,NO
1227.0004338356905,895.4264604708046,NO
1228.0,895.4265306122448,NO
1229.0004337517958,895.4263780024609,NO
1230.0004343279447,895.4260757234367,NO
1231.0008671242626,895.4248909185181,NO
1232.000862937147,895.4228392317976,NO
1232.9991351323856,895.4237851608925,NO
1233.9991270412072,895.4277498385763,NO
1234.9986772205684,895.4316670462956,NO
1235.9977657840857,895.436565811764,NO
1236.9986414336267,895.4415340704102,NO
1237.9995432219691,895.44444504646,NO
1238.9986178264298,895.4473635326098,NO
1239.9986027447012,895.451313460356,NO
1241.0,895.4522805123047,NO
1241.998596681963,895.452336201584,NO
1242.9985842208082,895.4554089553703,NO
1244.0,895.4574468085107,NO
1244.9995250188654,895.4574067967087,NO
1245.9985691865995,895.4583372192458,NO
1246.9990409643283,895.4603371396199,NO
1247.9990365843973,895.4624395064898,NO
1248.9980598268844,895.4656415303708,NO
1249.9980376475107,895.4709645799062,NO
1250.9990076992267,895.4763043888829,NO
1252.0,895.4784482758621,NO
1252.9995000176555,895.4794830464152,NO
1253.9989925627744,895.4815549911549,NO
1254.9994936427622,895.4825584544305,NO
1256.0,895.4825327510918,NO
1257.0015156343886,895.4814665192193,NO
1258.0024991603184,895.4783392688917,NO
1259.0019715780277,895.4741645031681,NO
1260.0019500580506,895.4699639928488,NO
1261.000968541501,895.4668370249209,NO
1262.0,895.4647817822523,NO
1263.0,895.462686815001,NO
1263.9985556591528,895.4636334129212,NO
1264.997063753299,895.4697994791666,NO
1265.9985074401807,895.4761266006533,NO
1266.999498111933,895.4793030798298,NO
1267.9989864240438,895.4824621358304,NO
1268.9984612775302,895.4867492289052,NO
1269.9974012145763,895.4922099459267,NO
1270.9984198103243,895.4977597381245,NO
1272.0015800610206,895.5022807882181,NO
1273.0031072980123,895.5090469337072,NO
1274.0025404443777,895.5168075016252,NO
1275.0015038493252,895.5222772026174,NO
1276.0009904968128,895.5265425261005,NO
1277.0004904391258,895.5296688999767,NO
1278.0,895.530701754386,NO
1279.0004904358439,895.5296720474067,NO
1280.0004936306545,895.5275954706685,NO
1280.9995031386231,895.5254974091113,NO
1281.9984961509579,895.5222772924883,NO
1282.9979789556232,895.5189914414467,NO
1283.9974703441137,895.5178475669891,NO
1284.9979735213622,895.5166848224776,NO
1285.9994905313533,895.5144763729526,NO
1287.0005116449674,895.5134256303901,NO
1288.0010219389223,895.5145790403056,NO
1289.0005081208867,895.5167770311725,NO
1290.000504794642,895.5189306993939,NO
1291.0015009988135,895.5221820402919,NO
1292.0014843293052,895.5264989334512,NO
1293.0019634312132,895.5297582363715,NO
1294.00194962942,895.5330637657557,NO
1295.0014473484239,895.5373309633381,NO
1296.0019147608139,895.54045742177,NO
1297.0014340224066,895.5415908468141,NO
1298.0019090558592,895.5427811333185,NO
1299.001887709025,895.5469498508874,NO
1300.0009273183375,895.5530325406895,NO
1301.0004570156793,895.5580658446758,NO
1301.999544092286,895.5591372472014,NO
1302.9995411750062,895.5572338621868,NO
1303.9995382274467,895.5553130661834,NO
1304.9990734923142,895.5543498141978,NO
1305.999538231222,895.5553167017691,NO
1307.000457701841,895.5583177046077,NO
1308.000452567841,895.5623669042207,NO
1309.0,895.5643776824035,NO
1310.0013424400001,895.5663918810366,NO
1311.0022067047348,895.5714579694961,NO
1312.0017426421248,895.5765379412047,NO
1313.0017302317408,895.5795536646773,NO
1314.00172187154,895.5815851935788,NO
1315.0008565993178,895.5836927172336,NO
1316.0008522400583,895.5858113173722,NO
1317.0012678259873,895.588801776465,NO
1318.0016764155175,895.5917928191798,NO
1319.0020857422683,895.5941145562682,NO
1320.0008304480996,895.5964022096675,NO
1321.0,895.5974576271186,NO
1322.0,895.5974576271186,NO
1323.0,895.5974576271186,NO
1324.0008260838379,895.5985232409469,NO
1325.0008217290604,895.6006396628889,NO
1326.0,895.6016949152543,NO
1327.0,895.6016949152543,NO
1328.0008173652902,895.6027604552143,NO
1329.0004052308068,895.6057104051478,NO
1330.0004005367034,895.6094767087093,NO
1331.000792100702,895.6134548747366,NO
1332.0007834914004,895.617656213697,NO
1333.0023244551307,895.6218886236173,NO
1334.002298627142,895.626089976567,NO
1335.001515285285,895.6302704104565,NO
1336.000751215846,895.6334066835083,NO
1337.0,895.6344537815127,NO
1338.0007469058266,895.6355099729216,NO
1339.0007426053612,895.6376085999673,NO
1340.0,895.6386554621848,NO
1341.0011108882288,895.6389613263811,NO
1342.001111812998,895.6394019886893,NO
1343.0,895.6395348837209,NO
1344.0007345881156,895.6422555970464,NO
1344.999637363045,895.6457036970588,NO
1345.9989088768682,895.6446575639307,NO
1347.0010911147301,895.6446603000651,NO
1348.001077953174,895.6482279270155,NO
1349.0,895.65,NO
1350.0,895.65,NO
1351.0,895.65,NO
1352.0,895.65,NO
1353.0010719902023,895.6501738436128,NO
1354.001073229128,895.6504850445097,NO
1355.0,895.6506276150627,NO
1355.9992819371362,895.6495853381286,NO
1356.998920363519,895.6483983831881,NO
1357.9996415929688,895.6491194983465,NO
1359.0,895.65,NO
1360.0,895.65,NO
1361.0,895.65,NO
1362.0,895.65,NO
1363.0,895.65,NO
1364.0,895.65,NO
1365.0,895.65,NO
1366.0,895.65,NO
1366.998922046826,895.6482279270155,NO
1367.9989088839122,895.6446598579442,NO
1369.0003670698236,895.6421069169393,NO
1369.9996295333717,895.6395359524953,NO
1370.9992523834226,895.6366583308143,NO
1372.0007479100345,895.6365157106717,NO
1373.0007441622383,895.6383371396764,NO
1374.0,895.6393880009409,NO
1375.0,895.6396830204507,NO
1375.9996306212854,895.6405944926012,NO
1377.000729694788,895.6439089593165,NO
1378.001077953174,895.6482279270155,NO
1379.0,895.65,NO
1379.999641744372,895.6492677219951,NO
1381.0,895.6485355648535,NO
1382.0003582547422,895.6492685892116,NO
1383.0007121486685,895.6510471278585,NO
1384.0007079014488,895.6531282657404,NO
1385.0003541475892,895.6532894923291,NO
1386.000356683413,895.6515203077024,NO
1387.0,895.6506276150627,NO
1387.998926770872,895.6504850445097,NO
1388.9989280097977,895.6501738436128,NO
1390.0,895.65,NO
1391.0,895.65,NO
1392.0,895.65,NO
1393.0,895.65,NO
1394.0,895.65,NO
1395.0,895.65,NO
1396.0,895.65,NO
1397.0,895.65,NO
1398.001071981915,895.6501765480342,NO
1399.0017832560532,895.6515517495562,NO
1400.0003536442912,895.654489529578,NO
1400.9993017412307,895.6578531789638,NO
1401.9996544198511,895.6602947239298,NO
1403.000686591773,895.6621968231116,NO
1404.001360545372,895.6653058185293,NO
1405.0006739980747,895.6683929231863,NO
1406.0006701481575,895.6702870825511,NO
1407.0013291154896,895.6730375700705,NO
1408.0009910366202,895.6752703238537,NO
1409.0006585384065,895.6766576482516,NO
1410.0003261624013,895.6793823692724,NO
1411.0,895.6810699588477,NO
1412.000646130433,895.6821038038645,NO
1413.0006419491203,895.6841610098213,NO
1414.0006377670716,895.6862185780242,NO
1415.0009532901586,895.6876385815114,NO
1416.0003186821045,895.6873728482591,NO
1416.9996813180885,895.6873730376823,NO
1417.999683277954,895.6886622381991,NO
1419.0,895.6893004115226,NO
1420.0,895.6893004115226,NO
1421.0,895.6893004115226,NO
1422.0,895.6893004115226,NO
1423.0,895.6893004115226,NO
1424.0,895.6893004115226,NO
1425.0,895.6893004115226,NO
1426.0,895.6893004115226,NO
1427.000316722877,895.6886614213638,NO
1427.9996802612677,895.6863362965805,NO
1428.9993543163775,895.6836150027297,NO
1430.0,895.6825726141079,NO
1431.0,895.6825726141079,NO
1432.0,895.6825726141079,NO
1433.0,895.6825726141079,NO
1434.0,895.6825726141079,NO
1435.0006456836225,895.6836150027297,NO
1436.0003197387323,895.6863362965805,NO
1436.9996832773163,895.6886616113036,NO
1438.0006294055443,895.6903324497216,NO
1439.0,895.6913580246913,NO
1439.9993705944655,895.6903324545829,NO
1441.0,895.6893004115226,NO
1442.000316722046,895.6886622381991,NO
1443.0003186819115,895.6873730376823,NO
1444.0,895.6867219917012,NO
1444.998712893486,895.6846588955757,NO
1445.9983750927038,895.6811931813144,NO
1446.9996748895842,895.6804164708278,NO
1448.0,895.6810699588477,NO
1449.0,895.6810699588477,NO
1450.0016148927846,895.6825120829795,NO
1451.002237786435,895.6863902223876,NO
1452.001261692774,895.6908852620359,NO
1453.0006245152824,895.6939874900879,NO
1454.0006202804013,895.6960625819905,NO
1455.000616053418,895.698133803868,NO
1455.999383946582,895.698133803868,NO
1456.99937972046,895.6960630040476,NO
1458.0,895.695020746888,NO
1458.9987467642347,895.6929572292187,NO
1459.998729862933,895.6888164102031,NO
1461.0,895.6867219917012,NO
1462.0,895.6867219917012,NO
1463.0,895.6867219917012,NO
1464.0,895.6867219917012,NO
1464.9996813180885,895.6873730376823,NO
1465.9996832781474,895.6886624281394,NO
1467.0006294020309,895.6903341783265,NO
1468.0009407052962,895.6917622214888,NO
1469.000314460279,895.6915144591959,NO
1470.0006287475517,895.6919136780141,NO
1471.0006245179613,895.6939861774399,NO
1472.0,895.695020746888,NO
1473.0,895.695020746888,NO
1473.9987467642347,895.6929572292187,NO
1474.998729862933,895.6888164102031,NO
1476.0,895.6867219917012,NO
1476.9996813178955,895.6873728482591,NO
1477.9990467098414,895.6876385815114,NO
1478.9993622337365,895.6862189755911,NO
1480.0,895.6851851851852,NO
1481.0,895.6851851851852,NO
1482.0009595729443,895.6855799219393,NO
1483.0009591890641,895.6863451641526,NO
1484.0,895.6867219917012,NO
1485.0,895.6867219917012,NO
1486.0,895.6867219917012,NO
1487.0,895.6867219917012,NO
1488.0,895.6867219917012,NO
1489.0006372155442,895.6877643613396,NO
1490.0006329859734,895.6898368512093,NO
1491.0,895.6908713692947,NO
1492.0,895.6908713692947,NO
1493.0,895.6908713692947,NO
1494.0,895.6908713692947,NO
1494.999685539085,895.691513835473,NO
1495.9996874729868,895.6927859551946,NO
1497.0003125270132,895.6927859551946,NO
1498.000314460915,895.691513835473,NO
1499.0,895.6908713692947,NO
1500.0,895.6908713692947,NO
1500.999685539085,895.691513835473,NO
1501.9996874729916,895.6927859600273,NO
1503.0,895.6934156378601,NO
1503.9993747756869,895.6923896156122,NO
1504.9993705979691,895.6903341783265,NO
1506.0003167218526,895.6886624281394,NO
1507.000318682749,895.6873722161614,NO
1507.9993585460236,895.6856875294283,NO
1508.999354316432,895.6836150293788,NO
1509.99967709777,895.6832329051163,NO
1510.9990341250332,895.6835149591461,NO
1511.9993538703573,895.6821041926474,NO
1513.0006461296427,895.6821041926474,NO
1514.0009658749668,895.6835149591461,NO
1515.0003229030717,895.6832320794114,NO
1516.0,895.6825726141079,NO
1517.0003238466757,895.6829540881645,NO
1518.0,895.6843749737739,NO
1518.9996793384228,895.6860722997218,NO
1520.0,895.6867219917012,NO
1521.0,895.6867219917012,NO
1522.0006372155442,895.6877643613396,NO
1523.0006329824141,895.6898385952223,NO
1524.0012574639293,895.6919213289833,NO
1525.00124900975,895.6939926030173,NO
1525.9996897592139,895.6956537818844,NO
1526.999691668192,895.6969098420533,NO
1528.0006126736957,895.6985645198416,NO
1529.0009155357468,895.7000094441488,NO
1530.0003060191475,895.6997952093525,NO
1531.0,895.6991701244814,NO
1532.0,895.6991701244814,NO
1532.9993839501046,895.698135530024,NO
1533.9993797195987,895.6960625819905,NO
1534.9993754856146,895.6939879296466,NO
1535.9990598145869,895.6925593582536,NO
1536.999687473621,895.6927865786167,NO
1537.9993747756869,895.6923896156122,NO
1538.9993705979791,895.6903341831877,NO
1540.0,895.6893004115226,NO
1541.0,895.6893004115226,NO
1542.000316722046,895.6886622381991,NO
1543.0003186819115,895.6873730376823,NO
1544.0,895.6867219917012,NO
1544.9996813178955,895.6873728482591,NO
1545.999046708025,895.6876379862659,NO
1546.9987203282672,895.6852007349286,NO
1547.9993538731162,895.6821055500337,NO
1549.0,895.6810699588477,NO
1550.0,895.6810699588477,NO
1551.0,895.6810699588477,NO
1551.999677073018,895.6819169001097,NO
1552.9996794275992,895.6835950253818,NO
1554.0006367299175,895.6854554149336,NO
1555.0003172644049,895.6868600176065,NO
1556.0003173207901,895.6874389995199,NO
1557.000317572688,895.6878260571588,NO
1558.0003176263701,895.688408523718,NO
1559.0012608728782,895.6910861364858,NO
1560.0006215654207,895.6954329224586,NO
1561.0003077099561,895.6987519374437,NO
1562.0003066350382,895.700417569505,NO
1562.999384819371,895.699791866481,NO
1563.9993805395334,895.6977033058414,NO
1565.0,895.6964477417685,NO
1566.0,895.6960380381736,NO
1567.000310682303,895.696463391858,NO
1568.0006211505015,895.6962574269199,NO
1569.0009397510435,895.6939544077455,NO
1570.0,895.691422561836,NO
1570.99968136505,895.6893309193183,NO
1572.0,895.6865886668276,NO
1572.9996730226985,895.6831589821758,NO
1574.0,895.6805696936214,NO
1575.0003307440243,895.6795090276571,NO
1576.0003295580043,895.6799991644607,NO
1577.000654884542,895.6817261016705,NO
1578.0,895.6827731092437,NO
1579.0,895.6827731092437,NO
1580.000650561837,895.6838269363874,NO
1580.9996770131077,895.6857337379467,NO
1581.999679425279,895.6874396427154,NO
1583.0,895.6882845188285,NO
1583.9983975256926,895.6868765044727,NO
1585.0025147628232,895.6919415425232,NO
1586.0146834180362,895.731891654782,NO
1587.0205518567464,895.8252213965377,NO
1588.0080658868142,895.9421560702896,NO
1588.992938496425,896.0567162032492,NO
1589.9874029742405,896.1526639554467,NO
1590.9928586338935,896.2134008155493,NO
1591.9973804572444,896.2398072294362,NO
1593.0,896.2470968996627,NO
1594.0031100576573,896.2389959670217,NO
1595.0097613439114,896.2037680592776,NO
1596.0146005648644,896.1044983266424,NO
1596.9863314597405,895.9443696047417,NO
1597.9105005520007,895.7278976319624,NO
1599.9177615796796,894.8555730212844,NO
1600.993037410966,893.9914806913583,NO
1601.4714982351677,893.4672701942123,NO
1601.989808972047,892.9915053348735,NO
1602.8591155278596,891.9182440647734,NO
1603.1173812642537,891.0430154927109,NO
1603.4400402300344,890.0803208893724,NO
1603.7614495555797,888.9508940059234,NO
1603.9017002207581,887.9859855726315,NO
1603.9788081299705,886.9991285189196,NO
1603.9861439401388,886.0002793560465,NO
1603.950878673354,885.0027372573576,NO
1603.8884512439165,884.0097491796643,NO
1603.7780675655285,883.039352965726,NO
1603.569949447258,882.1047373354902,NO
1602.899002883751,880.0399537389108,NO
1602.47178989146,879.2753276591042,NO
1601.8742182838469,878.0739637043757,NO
1601.0737035701231,875.9933799187555,NO
1600.9951858903212,875.0004076463888,NO
1600.9113972240411,874.0092219214141,NO
1600.808463537282,873.0223360368209,NO
1600.6929193119813,872.0311252114006,NO
1600.578399895125,871.036777883864,NO
1600.4427012705676,869.9665183909958,NO
1600.3421834415735,868.9718847267533,NO
1600.2662831452658,867.9814099271001,NO
1600.1926866477402,866.9843052087231,NO
1600.1083455528553,865.988961828048,NO
1600.0115846217707,864.9986145025154,NO
1599.9050519398784,864.011153245216,NO
1599.7990091406705,863.0203903771643,NO
1599.692885319954,862.0316813031438,NO
1599.5631903868602,861.0494860551275,NO
1599.3886671033395,859.9642978024764,NO
1599.288299952229,858.977867300553,NO
1599.2096502837808,857.9824430803088,NO
1599.1265262343932,856.9870840414588,NO
1599.029557024328,855.9964982642546,NO
1598.915967666261,855.0111181234295,NO
1598.786654581183,854.0267524807588,NO
1598.6546199748793,853.0376304019103,NO
1598.5243692943407,852.0485122225527,NO
1598.3733334981769,850.9633229752586,NO
1598.2585881059754,849.9696685918661,NO
1598.1608136837262,848.9826276594305,NO
1598.0678097545535,847.9930086042128,NO
1597.9613214596802,847.0050109847007,NO
1597.83688367833,846.0230143519489,NO
1597.7049974210272,845.0354003102736,NO
1597.576914698611,844.0421253751631,NO
1597.4153903889119,842.9612771655549,NO
1597.2854771816203,841.9664313249747,NO
1597.1740045806391,840.9791745251539,NO
1597.072515416183,839.9920550834556,NO
1596.9651751149574,839.0043531106303,NO
1596.8416272045215,838.0225782748638,NO
1596.7017926367573,837.0407215918357,NO
1596.5544111362672,836.050152859483,NO
1596.3900344671333,834.9638112358808,NO
1596.2653013221582,833.9673637250096,NO
1596.1482354578125,832.9804991925386,NO
1596.038459894281,831.995418691442,NO
1595.926400449218,831.0092280783019,NO
1595.7965093197154,830.0283990127451,NO
1595.6425649868793,829.0490597067345,NO
1595.4394033732567,827.9566785402016,NO
1595.315774681164,826.9684543947461,NO
1595.2167673756746,825.9754846412628,NO
1595.112349928621,824.985012496056,NO
1595.0003345293683,823.9999581412903,NO
1594.883010128873,823.0147141896363,NO
1594.7535421967598,822.0354299255912,NO
1594.6013850269878,821.055100123502,NO
1594.4086469295128,819.9606741449738,NO
1594.2892284697173,818.9703576787122,NO
1594.1748728761352,817.9783130097761,NO
1594.0458135243914,816.9927135551907,NO
1593.9063458678436,816.0150074572167,NO
1593.7618874754564,815.0336624785178,NO
1593.6105818056149,814.0519224239666,NO
1593.4047365544136,812.9553129981019,NO
1593.2713262612872,811.9681744543606,NO
1593.1555925651355,810.9797852194066,NO
1593.036720719799,809.9947227708801,NO
1592.9066452720344,809.0140175129633,NO
1592.7594556582426,808.0355234270528,NO
1592.58655191508,807.0594560277078,NO
1592.35974504762,805.9531424498726,NO
1592.2274401000682,804.9684872145149,NO
1592.1133584826443,803.9848779547386,NO
1591.9878435848912,803.0019494966,NO
1591.8340918751526,802.0320662771197,NO
1591.6445051666913,801.0608644328546,NO
1591.407082984953,799.9594641923318,NO
1591.274628914543,798.9693029563092,NO
1591.1492543438055,797.9785097280345,NO
1591.0245401194563,796.996445237636,NO
1590.9029431939925,796.0121444424454,NO
1590.7780576328187,795.0305170768228,NO
1590.6263627705355,794.0560455821677,NO
1590.4010854227956,792.9542959108073,NO
1590.2661473347282,791.968594615173,NO
1590.1473950072989,790.9794434257027,NO
1590.0191187194052,789.9969610082978,NO
1589.8702763466401,789.0221807291279,NO
1589.6995803657853,788.0470928094115,NO
1589.468089903778,786.9499791444524,NO
1589.312387114921,785.9627725193399,NO
1589.195160302463,784.9747485659,NO
1589.0850290818357,783.9887084112203,NO
1588.9643935020408,783.0051074896371,NO
1588.826690210269,782.0273072143071,NO
1588.6658856653862,781.0522961554952,NO
1588.4365397385673,779.9524466510447,NO
1588.2955747998892,778.9680217371553,NO
1588.181709791033,777.9786540323403,NO
1588.0645749945697,776.9908850406805,NO
1587.9380554868358,776.0094768201819,NO
1587.7989041695814,775.0317739764299,NO
1587.6386879861752,774.0533977832317,NO
1587.4144776333314,772.9525677996015,NO
1587.2661394682086,771.9644255798398,NO
1587.132487757958,770.9792330685908,NO
1586.9899579035402,770.0018055486174,NO
1586.830415109612,769.0305288104563,NO
1586.6487296133455,768.0556241592055,NO
1586.3963496461379,766.9517266444423,NO
1586.2428516793718,765.9664193058062,NO
1586.1146098442616,764.9827800138822,NO
1585.9849509868768,764.0023375623134,NO
1585.8383647691753,763.0275880024897,NO
1585.6586638025944,762.0622657225815,NO
1585.3825596966772,760.9488556563856,NO
1585.2307411870177,759.9665090382965,NO
1585.0972686483244,758.9841114955984,NO
1584.9570408238442,758.0073494311139,NO
1584.8005349689972,757.0364568445366,NO
1584.6162118761254,756.0643149886022,NO
1584.3807056324843,754.9589396027183,NO
1584.2471995228666,753.9695300797033,NO
1584.1218705988765,752.9823830616393,NO
1583.9909348437996,752.0013784880002,NO
1583.8491370844322,751.0250659752311,NO
1583.6838829822016,750.0529122929106,NO
1583.4265553876912,748.945170444062,NO
1583.2634189285923,747.9640429180619,NO
1583.1272841941914,746.9796751792354,NO
1582.983571817253,746.00305094826,NO
1582.818876350544,745.0343080765597,NO
1582.6231169813732,744.0633029358785,NO
1582.3712819495315,742.9551629849555,NO
1582.2309178124701,741.9676715066711,NO
1582.0973992485287,740.9840265239591,NO
1581.9513178104023,740.0084621391832,NO
1581.7895214145183,739.0392568076297,NO
1581.5922151579516,738.0739365191794,NO
1581.3271784972662,736.958001931397,NO
1581.1894525092343,735.9740630498059,NO
1581.057629146223,734.9905676846171,NO
1580.9105402636212,734.0166820418832,NO
1580.7375880104053,733.0520347873847,NO
1580.454045223025,731.9377194626737,NO
1580.276345284735,730.9637122351701,NO
1580.1318555328319,729.9777182495507,NO
1579.9823419613947,729.0034165247057,NO
1579.8153253289497,728.0326356284835,NO
1579.6231027774977,727.0673030713718,NO
1579.353943439211,725.9529568835843,NO
1579.2135207529116,724.9705929496786,NO
1579.081736839894,723.986240692671,NO
1578.9283406516686,723.0146273715067,NO
1578.7451985896594,722.0534701027506,NO
1578.4483663578717,720.9377817571977,NO
1578.2643765648977,719.9608626850577,NO
1578.1216699707682,718.9793985112553,NO
1577.9702473259765,718.0057321669402,NO
1577.796646490384,717.0420435537047,NO
1577.586364721816,716.0752064125068,NO
1577.320461131015,714.9562858149536,NO
1577.1617847381876,713.9720728724,NO
1577.005879682919,712.9988857052475,NO
1576.837918984298,712.0298391826426,NO
1576.6411610353557,711.0693755336002,NO
1576.3354687703538,709.9486346675179,NO
1576.1794232674822,708.9711992556296,NO
1576.039694946617,707.9928588990937,NO
1575.878219718442,707.0258321818359,NO
1575.6727744285463,706.0746176225118,NO
1575.3359634281917,704.9492684590929,NO
1575.1771369381,703.9726803714021,NO
1575.0308395805425,702.9941788742577,NO
1574.868061903852,702.0273212077727,NO
1574.6758191903286,701.0662533466908,NO
1574.3835589105317,699.9489405104028,NO
1574.2265601492704,698.9676342653643,NO
1574.0782454393868,697.9855101046517,NO
1573.9081424405194,697.0204340105125,NO
1573.7002631460007,696.0632593789097,NO
1573.3818874626613,694.9459200782474,NO
1573.2167782727474,693.9667168713936,NO
1573.0770480445738,692.9864855236501,NO
1572.925336999524,692.0141882958783,NO
1572.7455915717992,691.0514347471379,NO
1572.426617031284,689.9305729829014,NO
1572.2391236449685,688.9638279981989,NO
1572.1023235916325,687.9848597660773,NO
1571.9565774441567,687.0083318407306,NO
1571.7824901519962,686.0483098376199,NO
1571.5468925990626,685.0895858082048,NO
1571.2545645837336,683.9567916938407,NO
1571.0897197610186,682.9825594854996,NO
1570.9222528702746,682.0164141724345,NO
1570.728219119493,681.0583650913767,NO
1570.3925577757038,679.9366564287317,NO
1570.2043215198778,678.9657400272754,NO
1570.05195624271,677.989964187009,NO
1569.8854699554036,677.0260241045594,NO
1569.6742820626373,676.0693557694179,NO
1569.3474431928246,674.9471767342083,NO
1569.172896234314,673.9685485230469,NO
1569.008828464638,672.9980768796099,NO
1568.8269887187173,672.0389961949684,NO
1568.6025278856375,671.0845302640896,NO
1568.2762742762463,669.9516162150068,NO
1568.1045942471033,668.9793329328485,NO
1567.9320648161274,668.0151278350586,NO
1567.725209509286,667.0678681246148,NO
1567.1383472673563,664.9722748174404,NO
1566.961416633082,664.0094668463853,NO
1566.7487010423945,663.0685360786413,NO
1566.1830360625377,660.9712345713946,NO
1566.02736369113,659.994250860569,NO
1565.8407325514747,659.042358363656,NO
1565.579589116096,658.0984353074534,NO
1565.2573429865433,656.9630118635849,NO
1565.0953580116436,655.9816874661385,NO
1564.917843993643,655.0211742284295,NO
1564.6931918852963,654.0760232528289,NO
1564.3222083038586,652.9467537115906,NO
1564.1485929844239,651.9740222061176,NO
1563.9789915771034,651.0050265551913,NO
1563.7720900346376,650.0644365908981,NO
1563.1749245852454,647.9697313615972,NO
1563.0155524240788,646.9965403791625,NO
1562.8251087028348,646.0462226192536,NO
1562.5546882444305,645.1070210005005,NO
1562.2337300391368,643.9622709902754,NO
1562.0650856823368,642.986067084975,NO
1561.870913348354,642.0368429141571,NO
1561.5994446906432,641.1047748773054,NO
1561.224315494832,639.9590698540911,NO
1561.0353532715571,638.9914467893667,NO
1560.8267154093874,638.0505491114476,NO
1560.1924477281327,635.9671145955939,NO
1560.0277293854629,634.9936482640181,NO
1559.8309482379054,634.0507701214239,NO
1559.1643686580483,631.9668598147906,NO
1558.9811354758804,631.0051236980817,NO
1558.7583051484496,630.0748231286864,NO
1558.1235223229269,627.9768861648461,NO
1557.9468946744391,627.0131383239653,NO
1557.7191630506727,626.0831635638493,NO
1557.0898971412585,623.9823481322594,NO
1556.9164528611689,623.0211278705218,NO
1556.68437374365,622.0878547253108,NO
1556.0744601449564,619.9854657375049,NO
1555.8930614549847,619.0295502769926,NO
1555.6363725586755,618.1060052198964,NO
1555.0314063476324,615.993288159594,NO
1554.846087796268,615.0403650367485,NO
1554.5690605840946,614.1183785368688,NO
1553.9810481569787,612.0044752813671,NO
1553.781503347674,611.0602005035872,NO
1553.1053669348785,608.9739276092965,NO
1552.9104134714705,608.0245184178099,NO
1552.6633712474547,607.0959023072273,NO
1552.0059768146803,604.9982870572551,NO
1551.774004036109,604.0708120679329,NO
1551.100034719653,601.9775679722899,NO
1550.8973233178115,601.0342981494157,NO
1550.5925373238765,600.1289063807554,NO
1549.9742503058071,598.0066739002766,NO
1549.7512450880472,597.0803242120451,NO
1549.0494748319757,594.9878062037001,NO
1548.8419142789553,594.0538345942598,NO
1548.0719712537523,591.9816773797336,NO
1547.8684865621296,591.0404764476727,NO
1547.150767966364,588.9648726189643,NO
1546.9633148984701,588.009589881627,NO
1546.738168100753,587.079021343074,NO
1546.0361398799582,584.9899221784838,NO
1545.814999308825,584.0628800156129,NO
1545.081265926155,581.9797247287072,NO
1544.8696635144356,581.0448469608755,NO
1544.1270923665707,578.971068404579,NO
1543.9279716961594,578.0226979948321,NO
1543.6527129177757,577.115487396774,NO
1542.9662451899408,575.00953486395,NO
1542.731543981252,574.0842155313511,NO
1542.0138241712705,571.996082678454,NO
1541.7863594849268,571.0724851733162,NO
1541.0204513323845,568.9938051983413,NO
1540.7954384236966,568.07109203117,NO
1540.0392099193946,565.9888952338711,NO
1539.815438187105,565.0646476158764,NO
1539.0646379757386,562.9833149942939,NO
1538.8437669775258,562.0529833751477,NO
1538.0456863410682,559.9873015400289,NO
1537.8312624934704,559.0575996757804,NO
1537.015228902342,556.9947437260125,NO
1536.7680771904993,556.0855560827589,NO
1535.95834655577,554.0154938526354,NO
1535.658728359821,553.1403752786159,NO
1534.8354902423262,551.06240025273,NO
1533.9993162262574,549.0002298339045,NO
1533.7472210664635,548.0929761599231,NO
1532.9538235452642,546.0164603763973,NO
1532.6562354903256,545.1361609945907,NO
1531.8570770334009,543.0512777075772,NO
1531.0226005423249,540.9923876833656,NO
1530.776645127525,540.0817524682553,NO
1529.9586504576068,538.0146836620474,NO
1529.6747558983466,537.1286031774802,NO
1528.8457135465487,535.060151325544,NO
1527.9641929218456,533.0140779967647,NO
1527.6629774129458,532.1389698117935,NO
1526.8249340601824,530.0708553226558,NO
1526.6715943246227,529.717172298694,NO
1525.913639200258,528.0341120471522,NO
1525.0171917278046,525.9936508859635,NO
1524.7605391059637,525.1026260930074,NO
1523.8743317301912,523.0483761173169,NO
1522.9497152668914,521.0206798689381,NO
1522.615043232431,520.1629997111595,NO
1521.74076304265,518.1136894574596,NO
1520.8148581165408,516.079406702973,NO
1520.5989654095692,515.7379526284425,NO
1519.8708667506999,514.0573605259118,NO
1519.1502858893823,512.9337375888294,NO
1518.8941993555825,512.047918678929,NO
1518.4239258166394,511.2626097877073,NO
1517.9267489565527,510.03285345634737,NO
1517.520729251967,509.2191706544517,NO
1516.582480843513,507.1844595253315,NO
1515.6204688512416,505.1892513006251,NO
1514.634373966556,503.16904268630947,NO
1513.6384098498988,501.1755752678791,NO
1512.6065122544085,499.19513561289716,NO
1511.9523563534915,498.02360817447305,NO
1511.5457019718808,497.24058784875126,NO
1510.906599805948,496.0469663450703,NO
1510.1242527020122,494.93758602628867,NO
1509.854810436438,494.0746301502675,NO
1508.821562267803,492.09144668267174,NO
1507.7490597979677,490.13329243095063,NO
1506.6175447375338,488.19963324351653,NO
1505.9334921753584,487.03492420030756,NO
1505.4640561373722,486.29070895071595,NO
1504.8702580554404,485.0697439094326,NO
1503.7620399828318,483.13353368004306,NO
1502.9744540704196,482.01483312028796,NO
1502.5635129513623,481.271151031444,NO
1501.866571124203,480.0806402660409,NO
1500.7116053473324,478.16080644266214,NO
1499.9389286242954,477.0354999699832,NO
1499.4137411959994,476.35213288309143,NO
1498.8370386353745,475.090098829856,NO
1497.689904140663,473.18554916650135,NO
1496.9048938091557,472.0602721166591,NO
1495.726422915324,470.17260969809746,NO
1494.6217293766556,468.6093739735679,NO
1493.7671776464758,467.13670849933516,NO
1492.9691756322748,466.0182225360875,NO
1492.5211408347031,465.2881954805467,NO
1491.8596656230475,464.0815502488873,NO
1490.6975622277782,462.17034777370606,NO
1489.9384013698616,461.03532229099375,NO
1489.4161212937747,460.3447219979197,NO
1488.8356787664914,459.090673646536,NO
1487.6573086830174,457.2171849225976,NO
1486.8761863429731,456.0816184548432,NO
1485.6490432534886,454.21802621659015,NO
1484.881616694753,453.0709156012756,NO
1483.7352330821768,451.1567698824161,NO
1482.9433765489514,450.0351802501342,NO
1482.937363518251,446.94685894149956,NO
1483.9045501270136,445.9137406228494,NO
1484.8624324389668,444.8846693856642,NO
1485.771462764985,443.82078734596456,NO
1486.5321743097475,442.65589682093304,NO
1486.9709351923373,441.9826018123506,NO
1487.6862939394834,440.85106883243003,NO
1487.9677452431715,439.9895854549039,NO
1488.6996718549187,437.91175026983314,NO
1488.8922557369924,436.9823206013357,NO
1489.000553173976,436.00004423207355,NO
1489.060400113443,435.00236863191736,NO
1489.0877310234857,434.0012041513063,NO
1489.0871697060522,432.99897447407415,NO
1489.0517768708116,431.99740861597337,NO
1488.9787545371314,431.0020003161825,NO
1488.8700984737086,430.0190558026854,NO
1488.6932848255865,429.07756015568754,NO
1487.9589974584705,427.01521203068864,NO
1487.646419748358,426.1918615555999,NO
1486.908847523986,425.0667222288406,NO
1485.6793720191538,423.07006597473315,NO
1485.4679793612238,422.0073209768928,NO
1485.4768113376404,420.99711722297724,NO
1485.4470013109242,419.9866805333732,NO
1485.400620574156,418.98785998244296,NO
1485.354681863413,417.98829832308616,NO
1485.3103290406414,416.9906797731634,NO
1485.2718092043451,415.99287836177444,NO
1485.2302859766917,414.9906707176642,NO
1485.1760575175329,413.9894728494685,NO
1485.1231965355287,412.9935937800275,NO
1485.0840422816257,411.9970221236623,NO
1485.043435574326,410.9977004696193,NO
1484.9855404457671,410.0011407932992,NO
1484.919523748274,409.0062403537806,NO
1484.8586735414108,408.00820983589995,NO
1484.797534785894,407.01323727620405,NO
1484.7089787106595,406.0281211596371,NO
1484.575496051925,405.04559111712103,NO
1484.4153042851049,403.97030062989023,NO
1484.3272346038689,402.98139468732296,NO
1484.247222433185,401.9818334961511,NO
1484.1706252287076,400.9880232543844,NO
1484.1092416675415,399.99417089902266,NO
1484.055460750385,398.9969550960183,NO
1483.9974994538402,398.00017228172186,NO
1483.930111814976,397.00603452220156,NO
1483.8556756639423,396.0112636062066,NO
1483.7697570638406,395.0210679810189,NO
1483.6349562151422,394.05385891727457,NO
1483.3941721997721,392.95351742698455,NO
1483.2733489853122,391.9801310195601,NO
1483.1838851562463,390.9838764574874,NO
1483.0966593662438,389.99091401933003,NO
1483.0125426747375,388.998902361835,NO
1482.9307024668801,388.0061367962059,NO
1482.835183821592,387.02010791713997,NO
1482.6907249511594,386.0537106481368,NO
1482.4010816907798,384.9354310309662,NO
1482.2387876562252,383.97154870512566,NO
1482.13525042196,382.9875069895426,NO
1482.049075610022,381.99584596218716,NO
1481.9599116931006,381.0041003927482,NO
1481.8575919365496,380.0170654296387,NO
1481.7249631455845,379.04033873688024,NO
1481.4480414871828,377.9192766819931,NO
1481.2398825735368,376.962856893123,NO
1481.108098197958,375.98743547979535,NO
1481.0019472456547,374.9997870499838,NO
1480.889475297435,374.0156286204013,NO
1480.7336354398635,373.0512581436112,NO
1480.3736812451264,371.91960994587134,NO
1480.17685686855,370.97160639868076,NO
1480.0520489448643,369.99361712818535,NO
1479.9385736966854,369.0087574404842,NO
1479.7997892466894,368.0325423272269,NO
1479.6005692529427,367.07760096909163,NO
1479.26532225029,365.9508011726376,NO
1479.1081041904763,364.9846505205989,NO
1478.9925905275336,364.0008967814101,NO
1478.8691087173102,363.0213644854892,NO
1478.687032710523,362.06760093796225,NO
1478.315370200144,360.9364978563863,NO
1478.143932189975,359.97834387610493,NO
1478.0166058793116,358.99784403348883,NO
1477.8807816741155,358.0202168805142,NO
1477.6894360336078,357.07008144215087,NO
1477.1086226285847,354.98282558041325,NO
1476.9782135930461,354.0033685808603,NO
1476.8229577385334,353.0395965483942,NO
1476.1806525635316,350.9669444234041,NO
1476.0318472332551,349.9950659217436,NO
1475.8839131575442,349.0236047278341,NO
1475.6740928703466,348.07976748099895,NO
1475.0861915027217,345.9833942965248,NO
1474.926654844144,345.0146087884528,NO
1474.730009023212,344.0593553977594,NO
1474.118060537508,341.9776576218204,NO
1473.9666936623955,341.00610784900573,NO
1473.792956954047,340.0480231160328,NO
1473.1391611914166,337.97240018160494,NO
1472.9724656903543,337.00546227226056,NO
1472.7872467322256,336.0519136515097,NO
1472.111760147514,333.9763003426061,NO
1471.940632289309,333.0129904806347,NO
1471.7306262389282,332.07775106217116,NO
1471.0225916934176,329.99533457383467,NO
1470.838423851502,329.04350126998224,NO
1470.0703050795971,326.9826952481544,NO
1469.8864314157465,326.02559125907925,NO
1469.636748498622,325.1114670711344,NO
1468.9603422653045,323.00888950252295,NO
1468.7467371265004,322.07150616627774,NO
1468.0093402826526,319.9978650781978,NO
1467.8153321666011,319.0469629401944,NO
1467.0744357846222,316.9819526142055,NO
1466.8919597281445,316.02565956506214,NO
1466.6454953368354,315.10796664753747,NO
1465.9342881814862,313.01860804797656,NO
1465.6753870412194,312.1133815628544,NO
1464.9334274665573,310.0170398089624,NO
1464.6865507932712,309.10622238581726,NO
1463.9411069842322,307.0148756689576,NO
1463.7045315921546,306.09503369902484,NO
1462.9328454709425,304.0181122174151,NO
1462.68239369306,303.1016489146305,NO
1461.9313761563697,301.01881967645363,NO
1461.6705146357237,300.1106185881229,NO
1460.916153602709,298.02494164949707,NO
1460.0508055912096,295.98366963037455,NO
1459.8223213140475,295.05510166196757,NO
1458.9965206165311,293.0010391083068,NO
1458.7549134183548,292.0787180090288,NO
1457.953795061357,290.01432937952325,NO
1457.6882165856032,289.11347860803016,NO
1456.884558992404,287.03609076339063,NO
1456.0015135344784,284.9994689910595,NO
1455.7373274998995,284.09487938043833,NO
1454.8863117136787,282.0411949932937,NO
1454.5030283693245,281.22905117530036,NO
1453.9559766729685,280.01723890819676,NO
1453.04066266871,277.9855879147249,NO
1452.7872124974185,277.08009688566995,NO
1452.5748378895253,276.7580053052904,NO
1451.900383228049,275.03377748557796,NO
1451.5487176513811,274.1996878657947,NO
1450.6902227616122,272.121941654402,NO
1449.804454883996,270.07804068429033,NO
1449.5776234085845,269.7399871779528,NO
1448.8599528181114,268.05338814890484,NO
1448.0102067148512,265.99707436839697,NO
1448.8132849233577,263.86998088877044,NO
1449.4482192900634,262.66930948160734,NO
1449.9345746185334,261.9664117880208,NO
1450.8079517663896,259.9396160426046,NO
1451.0211817960878,259.00549516281984,NO
1451.217566047274,258.04041938128,NO
1451.3770801127453,257.0408358658642,NO
1451.4636231233999,256.01443808993554,NO
1451.458761600161,254.98312600935418,NO
1451.372143189586,253.9603558798214,NO
1451.216310814709,252.96019880878256,NO
1451.0173765495583,251.99538342562033,NO
1450.8016452173931,251.06252742309928,NO
1449.9360804553837,249.03296576984877,NO
1449.4589609333023,248.32976746178335,NO
1448.8170201762111,247.1389341615904,NO
1447.8940600123904,246.10034688016182,NO
1446.8859046257317,245.1361783577898,NO
1445.7758323787132,244.34140781667728,NO
1443.8661320194622,243.3529246769863,NO
1442.9775714703796,243.06954457668854,NO
1442.0282738993762,242.85927677031287,NO
1441.0387844414947,242.69325031923984,NO
1440.0296048187197,242.59352115614058,NO
1438.9860248821014,242.58411977965838,NO
1437.9637983313219,242.64815233726392,NO
1435.6661375493409,241.1746697524099,NO
1434.9599486929844,240.02011465642414,NO
1434.548766475788,239.22341409653788,NO
1433.921781295852,238.03714295858538,NO
1433.4329484052607,237.29452828929354,NO
1432.6473705367275,235.6560844009981,NO
1431.8265046131382,234.09089830085588,NO
1430.6796470197849,232.18564929150673,NO
1429.9275182113402,231.04043371288307,NO
1429.1134458507095,229.9374781385673,NO
1428.8435256577284,229.08485795803247,NO
1427.740631513938,227.1390058071474,NO
1426.9768231606313,226.01215245809357,NO
1426.566016454735,225.2289616145363,NO
1425.6854919705308,223.5945772326293,NO
1424.8084463792734,222.10662607259414,NO
1423.9945939794206,221.00321174005543,NO
1423.591650834838,220.23844779933978,NO
1422.8899499142585,219.0664477966062,NO
1421.7121499198843,217.1815306279934,NO
1420.6253728638328,215.604649313105,NO
1419.7758065605326,214.13314170407995,NO
1418.9671819065309,213.019735967208,NO
1418.4844149387927,212.30115212434856,NO
1417.8391945246358,211.09664074793787,NO
1416.9877094039582,210.00797810620261,NO
1416.5533847341376,209.30403385010385,NO
1415.8329361374922,208.11671000660604,NO
1414.9565134528677,207.02958720345185,NO
1414.0592631073023,205.96103151216855,NO
1413.7462730708412,205.16778716604762,NO
1412.646804671595,203.56255288796788,NO
1411.7472468716678,202.17022148421214,NO
1410.9008695968173,201.07028806306155,NO
1410.0017497346576,199.99879536701164,NO
1409.5833388600465,199.29630692148334,NO
1408.8255718039577,198.12038002173114,NO
1407.645117748702,196.534018638793,NO
1406.7257835889675,195.1883080683923,NO
1405.8944223363608,194.07371004884024,NO
1404.9885436522275,193.00800712447378,NO
1404.5079991259386,192.35027887048162,NO
1403.785972851284,191.15189023659116,NO
1402.9161437118514,190.06172898257554,NO
1402.004876745793,188.9966282787026,NO
1401.579809129683,188.29730486280997,NO
1400.8161986941186,187.13314740928996,NO
1399.92830662157,186.05705114548132,NO
1398.9867187399125,185.01065492904215,NO
1398.419844354503,184.4854363251503,NO
1397.661777386554,183.27770994355862,NO
1396.8123912020937,182.14183828557344,NO
1395.9139583101448,181.06339357305336,NO
1394.9852244341816,180.0110996939697,NO
1394.4605069611478,179.42044551067144,NO
1393.7369328100692,178.2006315654645,NO
1392.8641794437258,177.10556001602353,NO
1391.9264299490872,176.0596187142454,NO
1390.970905636372,175.02454370806765,NO
1390.0163712471663,173.9863084456761,NO
1389.579925538904,173.35006206177758,NO
1388.7386487095134,172.20369469048916,NO
1387.8525001159621,171.1207888494453,NO
1386.9152215415747,170.07249490747617,NO
1385.952658959293,169.0419165484615,NO
1384.9759463795187,168.0216138507094,NO
1384.0049433740674,166.99554454348325,NO
1383.5138471355517,166.45350080402255,NO
1382.5924210720202,165.38403646150022,NO
1381.6742492841702,164.28943751949004,NO
1380.7707931890518,163.1977805356824,NO
1379.8361541398497,162.14267476360587,NO
1378.8746534673362,161.11012225611282,NO
1377.9136411254904,160.0770899881942,NO
1376.9439860406885,159.04958732504565,NO
1375.9612417962799,158.0358565195985,NO
1374.9678935792056,157.03140271869964,NO
1373.9759600177372,156.02319304427948,NO
1372.989845296634,155.00958068256534,NO
1371.9986304876315,154.00136202869996,NO
1371.0000894793093,152.99991027721083,NO
1370.0025670273928,151.99748825178784,NO
1369.441762912553,151.54718287846927,NO
1368.4854523873503,150.52269883719987,NO
1367.4490503696256,149.56893979849454,NO
1366.9977157364006,149.00234719095835,NO
1365.9896707542437,148.01058569660145,NO
1364.9850581547887,147.01548066427134,NO
1363.9809705062057,146.01934490093043,NO
1362.9738217884678,145.02639727643464,NO
1361.9663010266072,144.0345521122147,NO
1360.9627006333328,143.03898283491887,NO
1359.9507307699096,142.05439550474992,NO
1358.9242821133987,141.08826151302014,NO
1357.8887156741364,140.12750251408448,NO
1356.8514399301337,139.1666829683185,NO
1355.8064034522408,138.22703291781372,NO
1354.7140211688404,137.33660408881278,NO
1353.5622262099362,136.50069816520917,NO
1353.0000706175874,135.99991826477896,NO
1351.971840758426,135.03325631552192,NO
1350.9310603579795,134.08471579358996,NO
1349.8763795323575,133.14624122916706,NO
1348.8194508209097,132.2109446531425,NO
1347.730546477724,131.31753444984497,NO
1346.5667520032282,130.50560673450914,NO
1345.9958895107768,130.00512699356906,NO
1344.9512018979285,129.06424952124385,NO
1343.892854100145,128.13950540635508,NO
1342.7999489410265,127.27468550404306,NO
1341.5533243598518,126.5660544071281,NO
1340.9815476898589,126.02443524409455,NO
1339.92381817791,125.10550265877988,NO
1338.8353511631092,124.22558428815248,NO
1337.6702783736318,123.42275512067087,NO
1337.0033264723852,122.99555939826293,NO
1335.94682301793,122.07256169503643,NO
1334.8678496932082,121.19033590602098,NO
1333.6984334638064,120.41192706384986,NO
1333.0017668955143,119.99751710751553,NO
1331.9346987658796,119.09195479577501,NO
1330.8477407972941,118.22212958701368,NO
1329.6339133131034,117.50601312758135,NO
1328.985027633424,117.02110858193087,NO
1327.9144477587042,116.1270973971693,NO
1326.782540605515,115.3319603060255,NO
1324.9424038039938,114.08715884506331,NO
1323.8337023487509,113.2620036420034,NO
1322.3968196202075,112.37841537174542,NO
1320.8466312240914,111.23508414334157,NO
1320.0430409280798,110.93124427343817,NO
1318.9618187403648,110.06089493220618,NO
1317.8510514069646,109.24004111418874,NO
1316.4506861715956,108.30894789972534,NO
1314.8441593488867,107.25299654576769,NO
1312.9379586975238,106.10663349276739,NO
1311.7762196662359,105.36683624179331,NO
1309.8888025563574,104.2001553890032,NO
1309.0478350737205,103.91764287299245,NO
1307.9560641669723,103.07455777366387,NO
1306.8203038614045,102.30592564830299,NO
1304.916505518443,101.15351081598865,NO
1303.659359019955,100.5916396097703,NO
1302.9640723969308,100.06316864735626,NO
1301.8247425211966,99.31481436464614,NO
1299.9059068850602,98.16495335388817,NO
1298.651556495646,97.61071281388872,NO
1297.962200982333,97.06928552323487,NO
1296.801540068144,96.37832996067854,NO
1294.8665731814028,95.26653058188185,NO
1292.898263813983,94.19994802239893,NO
1291.2960419790174,93.39656338853382,NO
1290.9276982375313,93.14924675217516,NO
1289.377376432816,92.25896991824946,NO
1288.069485657942,91.84977862737179,NO
1286.9531024966345,91.09492879367112,NO
1285.740625933965,90.54944328352789,NO
1284.9626761376287,90.07400970818526,NO
1283.7741821226862,89.46736121407297,NO
1282.971386131861,89.05991028585976,NO
1281.7789743624132,88.49714174765386,NO
1280.9666555646922,88.06726377355379,NO
1279.7648302398852,87.50907337722838,NO
1278.9606917620765,87.091394087212,NO
1277.3069200225218,86.29140608882928,NO
1276.932660470204,86.15231161077882,NO
1275.2854954498894,85.39419258096831,NO
1274.9251901057264,85.15908261603175,NO
1272.9145669215218,84.2037250413971,NO
1270.8848141992503,83.28451877513774,NO
1270.0045532848094,82.98935367244971,NO
1267.9825000148744,82.04024576964834,NO
1265.9577359626333,81.102265830033,NO
1263.9212427215457,80.19398025679361,NO
1261.872792233772,79.31407935138827,NO
1260.9921944545051,79.01933186957142,NO
1258.9605571103107,78.09634747171515,NO
1256.9250264527818,77.18848099367791,NO
1256.0211822040005,76.9423867786284,NO
1253.9645859060745,76.09543798008364,NO
1251.9104323597796,75.24134993838526,NO
1251.008097801171,74.97842780789469,NO
1248.943865764205,74.16770103833169,NO
1248.0258209430615,73.92784890236243,NO
1245.9671480701745,73.0993719855611,NO
1243.8861341127733,72.35710628455129,NO
1242.9757682404918,72.067295058565,NO
1240.9154004581483,71.25102487396711,NO
1239.9996703352997,71.00102227256379,NO
1237.9173197771572,70.23559976061351,NO
1237.0040693844696,69.9888724183428,NO
1234.9405603116672,69.17947322719435,NO
1234.0208736937184,68.94168523983441,NO
1231.956659802785,68.14760344949401,NO
1231.0234344345151,67.92747190526215,NO
1228.9482286737316,67.18129515649261,NO
1228.0149842872522,66.95467601054447,NO
1225.9480456678273,66.19472647475943,NO
1225.009635645193,65.96796799138208,NO
1222.9357704467145,65.25503700798323,NO
1221.9886149761073,65.04680509742742,NO
1219.8875630956215,64.42066913237274,NO
1218.9636679711991,64.14181211121969,NO
1218.0180439667038,63.9312378595932,NO
1215.93161103097,63.24350616698513,NO
1214.9918824103731,63.03141984718182,NO
1214.038800995237,62.83743720789301,NO
1211.958320255685,62.14333034868766,NO
1211.0199388168342,61.93070907582376,NO
1208.9336762919065,61.25566274329825,NO
1207.9888910907082,61.04236886534877,NO
1207.0421702501128,60.84398611378804,NO
1204.9560699937333,60.1874869883664,NO
1204.0037064456974,59.985765518484584,NO
1203.0558361628998,59.78488618175995,NO
1201.9187085607632,59.42132192928918,NO
1200.9597767993987,59.202366463768115,NO
1199.9994779271046,59.00202432217194,NO
1197.920471940246,58.4273435471945,NO
1196.9596951096014,58.18479411358818,NO
1196.0061771538833,57.977395688922485,NO
1195.055372516579,57.7683779410475,NO
1193.91904983993,57.41657497137086,NO
1192.9572587620214,57.19154406812107,NO
1192.0011009969908,56.99574338969555,NO
1191.0468603481565,56.80326731983353,NO
1190.0738781409254,56.572628975123955,NO
1188.9481305026563,56.25513473267117,NO
1187.9879493315639,56.04475322882392,NO
1187.0425477940214,55.845549942022544,NO
1186.0762488865112,55.60512447592944,NO
1184.946238398915,55.28365928357345,NO
1183.9811678949384,55.07912717311316,NO
1183.0265701041715,54.889216177324116,NO
1182.0577364698415,54.69536834207282,NO
1180.937253539753,54.40985452177577,NO
1179.9610574701678,54.2056586591476,NO
1178.995877763491,54.01854082179497,NO
1178.032367369525,53.841005165863734,NO
1177.0577410426533,53.65640515949103,NO
1175.935420263608,53.36335827458489,NO
1174.9678571495958,53.17560529608856,NO
1173.9999901852987,53.00004790160007,NO
1173.036172123115,52.82986986594625,NO
1172.063056487829,52.63567361363343,NO
1170.938318055994,52.31789925358923,NO
1169.974517624132,52.12051809447507,NO
1169.0101470974266,51.94843192936133,NO
1168.0404045201108,51.78711596660123,NO
1167.0675153382767,51.60637286099943,NO
1165.9426867896068,51.322944485296276,NO
1164.9728833594097,51.152198024063125,NO
1164.0005220759795,50.996942126274305,NO
1163.0276954028068,50.84728847178241,NO
1162.0530120602018,50.68745650071812,NO
1160.9366637374283,50.44047493506025,NO
1159.9583745033938,50.2656363930794,NO
1158.9822798345467,50.123541993056534,NO
1158.0016006504347,49.98897206999949,NO
1157.023693802513,49.85374196470322,NO
1156.040325351585,49.71001327448346,NO
1155.0502428054551,49.542790468643915,NO
1153.9545845693906,49.324148303596154,NO
1152.9758426903454,49.17605555054235,NO
1151.994673339085,49.03728662752699,NO
1151.0147914663573,48.903271600089354,NO
1150.033155959364,48.7720242018095,NO
1149.0495131481684,48.63375390425153,NO
1147.9433847386072,48.426199688738556,NO
1146.959932309108,48.27706380153722,NO
1145.9784854627874,48.13830772998745,NO
1144.999477095727,48.003499972578204,NO
1144.0177123406374,47.87527043762317,NO
1143.0361208504048,47.74508999484423,NO
1142.0454394496774,47.597046384636634,NO
1140.961576495186,47.41994629646414,NO
1139.9717125766444,47.307947175780946,NO
1138.9786991370127,47.20298469202473,NO
1137.9892167906462,47.08497168894217,NO
1137.0053027653626,46.96196505774622,NO
1136.0196164711872,46.84582679716199,NO
1135.031278938452,46.73688892658824,NO
1134.0424398296075,46.61804154784985,NO
1132.9487210464033,46.44329937368744,NO
1131.9648341955467,46.31517762888825,NO
1130.9786079087023,46.21067968883956,NO
1129.9886097425037,46.112080132823706,NO
1128.9987119631512,46.01173413427926,NO
1128.008578861594,45.91497583421142,NO
1127.0140213966113,45.82866536727527,NO
1126.020443761145,45.7470084506279,NO
1125.0313331561308,45.653894696489374,NO
1124.0380621766571,45.54024897522914,NO
1122.9703716253111,45.40956869705497,NO
1121.975398024513,45.31654540989126,NO
1120.9819401857328,45.23525918614746,NO
1119.9880091205268,45.15977036838841,NO
1118.9931258682718,45.081343887555896,NO
1118.0000931326501,44.999005264064714,NO
1117.0066371775579,44.9198797855806,NO
1116.010486669128,44.84949414356772,NO
1115.0124269894131,44.788741180764625,NO
1114.0169250801043,44.730785435735015,NO
1113.0309648470927,44.65802559845936,NO
1112.0326441810778,44.56399893274927,NO
1110.976707749965,44.473278685124654,NO
1109.981042014184,44.41535225582102,NO
1108.982220204258,44.35855920811031,NO
1107.983713428795,44.29838228675141,NO
1106.986321483064,44.23790848893108,NO
1105.9894471603898,44.177942714508674,NO
1104.9919431034102,44.11279655394055,NO
1103.9968602417132,44.04273560025064,NO
1103.0012891997583,43.97817251449759,NO
1102.0052799205425,43.92096118791678,NO
1101.0097823842118,43.86290884104679,NO
1100.0087532726006,43.810092032483254,NO
1099.0058688637212,43.77472593064381,NO
1098.0108692476151,43.742243554082656,NO
1097.02376991521,43.6878217583133,NO
1096.0233923599005,43.6166032035971,NO
1095.007290620742,43.5662080440355,NO
1094.003897443477,43.54302476126949,NO
1093.0161687043008,43.50631557355175,NO
1091.9814660567918,43.4443394065784,NO
1090.9895843487254,43.397877872757284,NO
1089.9942192943927,43.37189205900672,NO
1088.9928115341575,43.349359423414924,NO
1087.9874927742073,43.31396345497207,NO
1086.989572261035,43.27647601493028,NO
1085.9958848459326,43.25205319191563,NO
1084.9985276745306,43.24047981227591,NO
1083.99856712515,43.23403621146785,NO
1082.999065001947,43.22907452919089,NO
1082.0,43.2258208934334,NO
1081.0,43.22327509273642,NO
1079.9997751695594,43.220558667396844,NO
1079.0004457031455,43.21884024046247,NO
1078.0008931506725,43.21926849246868,NO
1077.0006722179544,43.2202634233465,NO
1076.000223181843,43.219834131084276,NO
1075.0,43.21797147389714,NO
1074.0,43.21540865443769,NO
1073.000214367065,43.21329522905424,NO
1072.000428305763,43.213296266135394,NO
1071.000214927814,43.214283026373565,NO
1070.0006489626358,43.2161045620602,NO
1069.0020022450697,43.222249205425314,NO
1068.0020899546785,43.2315205232511,NO
1067.0021851025438,43.241575237666396,NO
1066.0060382533152,43.26016996990402,NO
1065.0114697770546,43.29640317772778,NO
1064.0098212925527,43.3402376267067,NO
1063.0007590167213,43.365087033876485,NO
1062.002747582066,43.375633729923294,NO
1061.0178256104673,43.409989045333035,NO
1060.0333345501156,43.48926518354499,NO
1058.9781256477804,43.586137238221134,NO
1057.9897886468195,43.635038683512946,NO
1056.9872240529558,43.67320472553713,NO
1055.9798707827194,43.73563626114565,NO
1054.9898830657285,43.7937384160667,NO
1053.9983772059588,43.81914862173949,NO
1052.9944454184495,43.83662995998086,NO
1051.9926092580713,43.87731368435098,NO
1050.9965264741606,43.92168777725375,NO
1049.9986558827593,43.95425366694854,NO
1048.9996576795584,43.993997166720675,NO
1048.0025486949255,44.04545945103193,NO
1047.0032138848921,44.09044789896236,NO
1046.0069931882977,44.13561301079833,NO
1045.0147659773581,44.20004865477499,NO
1044.0215495502848,44.27957704933291,NO
1043.0211136235068,44.35674744039029,NO
1042.0199703393757,44.420245393791525,NO
1040.9659577711452,44.50822075311823,NO
1039.9645142370678,44.61745567230762,NO
1038.9808219248578,44.698544629459434,NO
1037.9887365581212,44.752204274971014,NO
1036.9880849943966,44.802523435175374,NO
1035.9912457550515,44.85548319650731,NO
1034.9946934087104,44.90680880929014,NO
1033.9973098254425,44.96278591741714,NO
1033.0029586193918,45.03335170968851,NO
1032.0101698633932,45.11537534534196,NO
1031.0146154437796,45.19600711565148,NO
1030.0194320202247,45.272329918713645,NO
1029.030177274298,45.35760068238436,NO
1028.0437458825836,45.47391369902941,NO
1026.9671886649069,45.62501329398988,NO
1025.9769456217296,45.72362522166017,NO
1024.985831857246,45.799450948361425,NO
1023.9896137742933,45.87423907775171,NO
1022.9960302827664,45.96022343373041,NO
1022.0039446379133,46.04800912888454,NO
1021.0105517329021,46.1308414907245,NO
1020.0237665876568,46.2220478351052,NO
1019.0449052823669,46.33838074503791,NO
1017.9443622725775,46.53264306861091,NO
1016.9675296372166,46.665149387085,NO
1015.978643445004,46.756439300030735,NO
1014.9831733566109,46.84331153025717,NO
1013.9930090271952,46.93971032650136,NO
1013.0063811605721,47.050745420930554,NO
1012.023309467632,47.174114661242804,NO
1011.0389764075644,47.31148373035128,NO
1010.0582620594765,47.473511648375236,NO
1008.9622704737702,47.66113949940508,NO
1007.9737161224592,47.77978970411046,NO
1006.986633290409,47.884539288038766,NO
1005.9986063583419,47.98709591127517,NO
1005.013809027484,48.09904748315573,NO
1004.0325784881163,48.225755164938946,NO
1003.0482998008654,48.36823767799009,NO
1001.9490925263542,48.57092270327258,NO
1000.9661285236118,48.70466450234619,NO
999.9767641140661,48.820904947059326,NO
998.9919206475662,48.94228204060225,NO
998.0092822942566,49.06846564623271,NO
997.0290093477206,49.20139582141613,NO
996.0548793769526,49.357291597105856,NO
994.951384958641,49.598286239254264,NO
993.9691791124737,49.73683704259081,NO
992.9808671890894,49.85164713538998,NO
991.9962280617619,49.97390859161753,NO
991.0152994355803,50.10582109662874,NO
990.0315598576772,50.24049099692959,NO
989.0521683851076,50.38555696312411,NO
987.9422333791468,50.61890077070892,NO
986.966078910766,50.765850275538725,NO
985.9844319261504,50.890804218898055,NO
985.0040186898848,51.0250592190998,NO
984.0270469223879,51.1724913035571,NO
983.049555146057,51.33201947958231,NO
981.9422924900742,51.583521760076664,NO
980.9626830356907,51.75122022794187,NO
979.982474730246,51.8895146082187,NO
979.0056350711055,52.03280067252827,NO
978.031175106102,52.18499718341234,NO
977.0604397346251,52.35921728526863,NO
975.9390843983283,52.64169519461195,NO
974.9679488380663,52.79850638118409,NO
973.9902975665225,52.9442674142766,NO
973.0225112072262,53.106845878400065,NO
972.0595314171278,53.294540254891615,NO
970.9410446946221,53.586432930937065,NO
969.9594952885211,53.764507498688694,NO
968.984679499618,53.91834499405416,NO
968.0155492656409,54.079349347901456,NO
967.0501157836509,54.256443518228515,NO
965.9282054394225,54.55448032100041,NO
964.9556809691636,54.759692370338946,NO
963.9857269906975,54.93410405099812,NO
963.024866564463,55.1127669799791,NO
962.0600595854838,55.309487379380485,NO
960.94117078718,55.598426665874676,NO
959.9607602760021,55.773861247220786,NO
958.9869021678498,55.93076860434169,NO
958.018127276792,56.095483249652894,NO
957.057826179487,56.28253931612776,NO
955.9304845246348,56.61662423921691,NO
954.9668666540952,56.79058026533862,NO
953.9899289475096,56.945484955626206,NO
953.0268898751916,57.11894530141794,NO
952.0682173275317,57.3252381774293,NO
950.9400252029855,57.64311294240873,NO
949.96501816104,57.82680560133062,NO
949.0015737000126,58.00660427244758,NO
948.0453073683457,58.205265770659715,NO
947.088989402269,58.457364151452104,NO
945.9519619208154,58.77627978940554,NO
944.9897126712697,58.955391628302216,NO
944.0331669100444,59.14016624361279,NO
943.0850911268167,59.36422182702097,NO
941.9473473407608,59.70801706425713,NO
940.9756479062917,59.88156566629695,NO
940.0163424029947,60.06412260017227,NO
939.0675697620403,60.278052547929946,NO
937.9372662077727,60.6477837504427,NO
936.9684147043929,60.8458262355311,NO
936.0086278146551,61.033000551462,NO
935.0623635889968,61.23889278363581,NO
933.9314358027503,61.60266832858281,NO
932.961105941615,61.805136829825514,NO
932.0005502180753,62.00204247603109,NO
931.0612990032746,62.222687786408926,NO
928.9661432601935,62.83696172265172,NO
928.0078788754494,63.02798553961034,NO
927.0659863119636,63.24487108758278,NO
925.937253527702,63.622322208075154,NO
924.9631489378793,63.83491385796031,NO
924.0107485583237,64.03666494232156,NO
923.0749892272258,64.27120611135881,NO
920.9768124858842,64.90070987408961,NO
920.0265548919729,65.09830321033945,NO
919.0851433669795,65.34244887328808,NO
916.9869203477377,65.95274140253797,NO
916.0513661889614,66.16343788000208,NO
913.9697050249888,66.87357919144098,NO
913.0206172144153,67.07234499364331,NO
912.09363041391,67.31862823352823,NO
909.9925767736737,67.97021619845285,NO
909.0527133738813,68.17362236821434,NO
906.9748157175316,68.91085851780711,NO
906.035349463274,69.12089264668442,NO
905.1082849571894,69.40360756317729,NO
903.018340642494,70.05764201978198,NO
902.0937437191221,70.31120127029286,NO
900.0112554220723,71.0345473993126,NO
899.0919754385433,71.29438733324643,NO
897.0088183236363,72.02694945471953,NO
896.0868305642424,72.27362071598408,NO
893.9970700332267,72.98946055132063,NO
893.0701027192267,73.21830645092739,NO
891.0101790940133,74.02933621015742,NO
890.0947742855362,74.29143902033363,NO
888.0322902011671,75.08187568050073,NO
885.9778258808628,75.93559576710459,NO
885.0656901989989,76.17101471270543,NO
883.0190365500995,77.04759137601253,NO
882.1345588831017,77.37070527560375,NO
880.0568731400249,78.1522524621254,NO
878.0016120917081,79.00454740314673,NO
877.0988524587424,79.26796621839515,NO
875.0535664348561,80.13349095479951,NO
873.0058259470129,81.01527342786552,NO
872.1063829975822,81.29113590583366,NO
870.0437127905465,82.113842799118,NO
868.0038256163136,83.00903895595108,NO
867.1233826253793,83.31647082711254,NO
865.0699281012971,84.17538724423544,NO
863.035412954437,85.08367949850009,NO
860.999572496766,85.99894968752433,NO
860.1175673211154,86.28070849448459,NO
858.0813342194506,87.20124157499885,NO
856.041567332416,88.10100968035073,NO
853.9994742715612,88.9986692498947,NO
853.1143528028281,89.28294150746558,NO
851.0921398812411,90.20615135035159,NO
849.0785283483755,91.17071379838134,NO
848.72887763706,91.39505819249885,NO
847.0617933452745,92.13873211675919,NO
845.9339970375423,92.84302923299232,NO
845.0419364834461,93.09329132868898,NO
843.0197495455827,94.04497982669545,NO
841.0000211130694,95.0000491618329,NO
840.1200534841197,95.29399460796907,NO
838.0808674722798,96.20062203801388,NO
836.0528935986961,97.12099247590719,NO
834.9291617689995,97.83757294481302,NO
834.0417098089997,98.09258985653923,NO
833.2294484174209,98.53346757180176,NO
832.0304354454619,99.06428293845133,NO
831.20155352231,99.47277987508903,NO
829.164342375828,100.36100692370314,NO
827.1701300193579,101.37127821211445,NO
825.1728631414231,102.36961795542246,NO
823.160410997613,103.36114879937594,NO
821.14655917571,104.33516735035431,NO
819.1483662118004,105.30703032366532,NO
817.1788610999553,106.36004505577841,NO
815.2127073244425,107.44086266995811,NO
813.2122868073336,108.44496272811325,NO
812.0335501305933,109.06724676809199,NO
811.2429030143827,109.50622398760775,NO
810.0379126038962,110.07927181052717,NO
809.2703848595867,110.5423236278505,NO
808.0512388972865,111.10373870254452,NO
806.9347466809827,111.85497489785293,NO
806.0504282764527,112.11122832517309,NO
805.272407571616,112.61056868057264,NO
804.0482041534567,113.09651424610826,NO
802.9382774903556,113.86982421853354,NO
802.0599189875193,114.12984797530363,NO
800.9419729329095,114.88016432635678,NO
800.0755131209072,115.1452681563091,NO
798.0900935201065,116.1894329054604,NO
796.1252873928898,117.23082227695656,NO
794.1811099280745,118.35486515633929,NO
793.0297344094006,119.05491274096207,NO
792.2661897513751,119.50583224633763,NO
791.0506156283222,120.10487923279601,NO
789.9363764790997,120.86154310602618,NO
788.6377072951504,121.27869819384837,NO
787.0907132827848,122.17516351378872,NO
785.1464598873496,123.27248350405827,NO
784.016342042674,124.03048291232449,NO
783.2353021687302,124.43543031348563,NO
782.04793048926,125.09350037470965,NO
780.9387047640829,125.88008617241192,NO
780.0826262201338,126.14838292177875,NO
778.1514497637149,127.27995259295871,NO
777.0195910344718,128.0355742135582,NO
776.2348941190384,128.44287327059595,NO
775.0421017033656,129.08383730549767,NO
774.3118852229816,129.59964179759348,NO
773.0723503715157,130.13322869588134,NO
771.1477223825078,131.26243231224518,NO
770.0273021401371,132.04685567627536,NO
769.298033045545,132.5117739137399,NO
768.0712157058199,133.13824224429544,NO
766.1070160123967,134.20624904685812,NO
764.1788891716278,135.31585768794278,NO
763.0386232789054,136.06747802089058,NO
762.3447386327161,136.61339056168586,NO
761.0860477244662,137.15911410514798,NO
759.1522592546363,138.27117957294428,NO
758.0259543241715,139.04530667438303,NO
757.3058817690747,139.51185238361484,NO
756.0895226101871,140.14979879405723,NO
754.2348110729396,141.38089171770545,NO
753.067629666408,142.11476955529076,NO
751.1441129870443,143.26582325444002,NO
749.2188546737227,144.41252147551768,NO
747.5769856780689,145.28493194480143,NO
746.120315050914,146.20818845741428,NO
745.019624120802,147.0311096935911,NO
744.3165058426137,147.4915941914614,NO
743.0904845197853,148.16136406689998,NO
741.1937600622379,149.33426969090988,NO
739.5677087304376,150.31648181977909,NO
738.1457026526523,151.24449464329462,NO
737.0285598008838,152.046859231232,NO
736.3633575813901,152.55880662182133,NO
735.101984802705,153.17944161169373,NO
733.2244433655264,154.36053120786798,NO
732.0740540694138,155.1183454563099,NO
730.2258128152798,156.34657357699535,NO
729.0795703924998,157.1263407797499,NO
727.1982023870487,158.34234959049067,NO
726.0475306521873,159.08438344252357,NO
724.9490734579912,159.90954236346656,NO
724.1136814838383,160.19356576435428,NO
723.0144130681653,161.02326643299327,NO
722.300844629563,161.46673091753715,NO
721.098599761671,162.16315210616037,NO
720.01131097725,163.0175501292303,NO
719.3004668656429,163.45941453296086,NO
718.0946825549996,164.16086471237676,NO
717.0024791405472,165.00392642253357,NO
716.2737915480022,165.4067237597515,NO
715.0984714061169,166.15621580823503,NO
714.0115301660171,167.01760933943487,NO
713.317994011036,167.45427714445793,NO
712.1090898331553,168.17920344577703,NO
710.2488678276137,169.4009537175785,NO
709.0792931978732,170.12940527894904,NO
707.2585384249309,171.37640969869867,NO
706.1063928485862,172.15879529112595,NO
705.030836320094,173.04325363124016,NO
703.9642078707438,173.94568166412824,NO
703.162936013048,174.26576982740434,NO
702.0423189628391,175.06899658654282,NO
700.9613622859633,175.93964162376017,NO
700.1611283598376,176.25009493236155,NO
698.5873676805863,177.3795079938422,NO
697.2124815709985,178.30072998275097,NO
696.0867479854099,179.13004239308066,NO
695.0097491838831,180.0143725086149,NO
694.3285723203095,180.45970984727438,NO
693.1204156557415,181.19024248275997,NO
692.0289242421352,182.04338636475686,NO
691.4567453288681,182.60476466346603,NO
690.1710246801449,183.26260787448797,NO
689.0555513147591,184.08565003276178,NO
687.2245513031395,185.33897234453985,NO
686.0825583493979,186.12845833443464,NO
685.0080670942451,187.01165851497223,NO
684.3397440799733,187.46584993687435,NO
683.1391670785382,188.20875061033036,NO
682.0526496953484,189.07520085916528,NO
680.9929446754863,189.99064549689672,NO
680.3064503698178,190.39580550636745,NO
679.1289516996046,191.19682101223333,NO
678.0397520262079,192.05878820872545,NO
676.965974051879,192.9493443836209,NO
676.1896959300259,193.2711008810343,NO
675.0824142572919,194.12079490182973,NO
674.0094819105268,195.0136890098281,NO
673.350271012458,195.46702800501197,NO
672.1665787903254,196.23625052516886,NO
671.0667071564139,197.1024475118714,NO
669.2712446202872,198.37317369820883,NO
668.1294904242939,199.17819567607594,NO
667.0505662373794,200.07038273567218,NO
665.9904263458137,200.98716853675677,NO
665.297666081177,201.37928417239854,NO
664.1380713160428,202.19574991592668,NO
663.055214039872,203.0777192405715,NO
661.996625620472,203.99549539329374,NO
661.3207281612325,204.41405481852712,NO
660.1502571831796,205.2200910068544,NO
659.0599832367765,206.0887496201063,NO
657.9952902606171,206.9933408647844,NO
657.2906841775184,207.39771432731408,NO
656.1357662528417,208.19431229695527,NO
655.0491026582259,209.0715153674963,NO
653.2677973573694,210.3428017375539,NO
652.1541724263841,211.19085483042517,NO
651.0909813030081,212.11450838083172,NO
650.0419451567719,213.05288157196333,NO
648.9983581748241,213.99796030921974,NO
648.3684242553977,214.4478001923481,NO
647.1754123264651,215.25150289330617,NO
646.0788603760653,216.1138162178075,NO
645.0110989373662,217.01556045534736,NO
644.372873970606,217.4867408483722,NO
643.181611892196,218.2451077785652,NO
642.0969717765413,219.12835957318853,NO
641.0455341256552,220.05587313555895,NO
640.0116952463904,221.0137899175949,NO
639.4656048845455,221.56013376143758,NO
638.2224699054341,222.30512670584153,NO
637.110705208092,223.15199844449796,NO
636.0463532462234,224.06089543789702,NO
634.989057369562,224.9854914015377,NO
634.3121129268847,225.38533224604942,NO
633.1886074584179,226.23318134055054,NO
632.117486574266,227.14905013575236,NO
631.0647866574193,228.08299808577922,NO
630.0160926220356,229.02058241322433,NO
629.4681206568727,229.55633181468312,NO
628.2664217391475,230.3268576741239,NO
627.157958238048,231.20141764213017,NO
626.0831565607731,232.10865790705546,NO
624.4763186216566,233.35197422129838,NO
623.98218517644,233.97794872384677,NO
623.3086951692385,234.3717427432936,NO
622.1822827109337,235.23726205088278,NO
621.1082458233091,236.141214088069,NO
620.0544581749907,237.06909653695055,NO
619.0084191717177,238.0105466666099,NO
618.435950025881,238.51058031850243,NO
617.2733824900756,239.31903076475086,NO
616.17412126363,240.2211309101333,NO
615.0945999256252,241.12661835546845,NO
614.0386503700736,242.04769491811592,NO
613.001740810382,243.00204603414326,NO
612.4373349988566,243.4963618116631,NO
611.304206579707,244.34145636608991,NO
610.215816365945,245.25354648541798,NO
609.1478105533104,246.17854344610382,NO
608.101364044036,247.12057997975853,NO
607.0575481722154,248.07116366713842,NO
606.0151108750342,249.01869650552393,NO
605.5177633717743,249.57699901470244,NO
604.3605317310067,250.3877416938098,NO
603.2519081410234,251.2940455042212,NO
602.1769988746926,252.2086912412101,NO
601.1308076416573,253.1499400798158,NO
600.0844325907397,254.10452266545468,NO
599.032088222723,255.04187435692825,NO
597.9847327024565,255.9801931302887,NO
597.2923998576781,256.3685276506872,NO
596.1674066835869,257.2106461091905,NO
595.1193506513705,258.13581281724083,NO
594.0889514225596,259.1015221371955,NO
593.0645338850522,260.07268553692256,NO
592.0379552613834,261.04327239242707,NO
591.0008394388769,262.0009913848027,NO
590.4234127727967,262.48193325815794,NO
589.2716116524849,263.31671322582883,NO
588.1946688381926,264.22600252275726,NO
587.1333807859602,265.16139074352395,NO
586.091279627159,266.1067799383611,NO
585.0626076168545,267.0702814956987,NO
584.0319156260663,268.0368771003169,NO
583.0008650134803,269.0010143313298,NO
582.4284919266363,269.4898302696247,NO
581.2692053649972,270.32700086608855,NO
580.178208363927,271.21973866097034,NO
579.1238179971884,272.1457856964375,NO
578.0847830542499,273.0987814964164,NO
577.0505813085066,274.05838659315793,NO
576.0244994296148,275.0269884871917,NO
575.0022045762205,276.00247855524447,NO
574.475905001131,276.52867474797205,NO
573.3447278493553,277.385284095929,NO
572.2707534181837,278.29169040990405,NO
571.1999241212859,279.22936500830895,NO
570.154661311699,280.17247829149267,NO
569.11985006716,281.1343660698163,NO
568.0848930471875,282.0974118361366,NO
567.0570249040362,283.0647309736779,NO
566.0343556031513,284.0381784799906,NO
565.0104414287308,285.0116502772739,NO
564.5375452189082,285.5944885586525,NO
563.3930511890143,286.4392924991687,NO
562.2816827496815,287.32501856126873,NO
561.2106672773926,288.2393294907111,NO
560.1635144487993,289.1843205300143,NO
559.1253164654652,290.14070967344804,NO
558.0969711791564,291.1085542581284,NO
557.0731721200466,292.0799130924391,NO
556.0535292633703,293.05740819258295,NO
555.0352022385293,294.03813154900513,NO
554.0190632207186,295.0203593032521,NO
553.002613594338,296.00276841943366,NO
552.5268245152629,296.5572391099608,NO
551.3998933459864,297.45097752964165,NO
550.3072812438154,298.34155051539807,NO
549.2434492655228,299.26535126806857,NO
548.1943634596757,300.21577913765265,NO
547.1589380766767,301.175371086939,NO
546.1262941762654,302.13884515301424,NO
545.1044850710022,303.1129823478613,NO
544.0866849995502,304.0939629036236,NO
543.0627378155472,305.0710775912064,NO
542.0315570929687,306.03646283111283,NO
541.0095663573577,307.010363553524,NO
539.9947472035886,307.99435699605215,NO
539.478134398694,308.5090441268808,NO
538.4142687041195,309.44172508574866,NO
537.3610464927264,310.36500676156084,NO
536.3325424082814,311.3372930060476,NO
535.283901532565,312.31031097628875,NO
534.2259514271243,313.250146564089,NO
533.1838770124917,314.19767527591455,NO
532.1555847755981,315.1674200624877,NO
531.1338041218562,316.141192076944,NO
530.1182218163285,317.12499773077275,NO
529.1080395254215,318.1141671418344,NO
528.0976829626198,319.1029159750009,NO
527.0802171972875,320.0884570304996,NO
526.0469128552778,321.0547793375748,NO
525.0220340734418,322.02348617576894,NO
524.0143762255057,323.0144559821608,NO
523.015361315937,324.0152769133576,NO
522.0228279908365,325.0216604761909,NO
521.0265976993712,326.02580157757404,NO
520.0234603739593,327.02444887317415,NO
519.011645567266,328.01288552743017,NO
517.9900602099303,328.9887232793329,NO
517.4073484677565,329.45116684658444,NO
516.3212102940706,330.34842148809884,NO
515.2852093684303,331.301334269408,NO
514.2617773851885,332.2707117732939,NO
513.2550935192286,333.261976293179,NO
512.2510526187502,334.2535927905557,NO
511.2344846199252,335.23998343596935,NO
510.19714711445835,336.2183885523924,NO
509.1623833735905,337.17489445188244,NO
508.15097737864727,338.15006098402085,NO
507.1507645090537,339.14893982897286,NO
506.16275767473644,340.15687487159886,NO
505.17581825554856,341.17044975273365,NO
504.17529121442124,342.1780473656851,NO
503.16336315075023,343.1711547077404,NO
502.14224157912395,344.1539821606916,NO
501.11244319482904,345.12509305399664,NO
500.0957207344336,346.101721137787,NO
499.08630256671785,347.0878013062616,NO
498.088673149597,348.0861611606444,NO
497.0993239369655,349.0959378896379,NO
496.10511826776235,350.10181925980595,NO
495.1034035714721,351.1037037331722,NO
494.0930241560354,352.09828444853264,NO
493.0809660289615,353.08403919784166,NO
492.07337843541166,354.07317085851685,NO
491.0745242879415,355.0741044323746,NO
490.0840376102557,356.0821384555778,NO
489.0920639397095,357.08996561575077,NO
488.090576641341,358.0916252815569,NO
487.0888055611129,359.09034776792333,NO
486.0826824476415,360.08581162129997,NO
485.0705847846618,361.0744890404931,NO
484.0635332846776,362.06498340453123,NO
483.0607593116543,363.0600794855713,NO
482.061813133356,364.060782918945,NO
481.0687969275041,365.0682171758116,NO
480.0737114492568,366.07267179733964,NO
479.07262319530975,367.07303700424706,NO
478.06544311787394,368.0688575416614,NO
477.05489777971763,369.05693103169125,NO
476.04835513415236,370.04835513415236,NO
475.05053606314175,371.0501160972329,NO
474.0603432776297,372.0575289119747,NO
473.0728133352268,373.0688015819929,NO
472.078460657887,374.0775728402747,NO
471.0836079054187,375.08242029028304,NO
470.08484093546497,376.0845978378604,NO
469.08080116538713,377.0817285835019,NO
468.0811496458181,378.08068856681234,NO
467.08533166176085,379.08316221249225,NO
466.0919769430514,380.0886135044853,NO
465.10205862698007,381.1000116110555,NO
464.1088282377531,382.1078777717974,NO
463.1077405751968,383.10837156546626,NO
462.103936135934,384.1073337577849,NO
461.09664165889535,385.0992073606632,NO
460.09348202930977,386.0918771885102,NO
459.10301853553466,387.10036570300787,NO
458.12005011450975,388.1141771589976,NO
457.1368504338759,389.128835768096,NO
456.1544407448561,390.1465799836316,NO
455.174985721727,391.16748250773657,NO
454.18578885245734,392.1817055847195,NO
453.18399710978537,393.1834120495449,NO
452.1906885608436,394.18767133748617,NO
451.20110351128534,395.19601227891394,NO
450.20389390928,396.20128824095565,NO
449.2215775765302,397.2144757299504,NO
448.2547010954353,398.2397431238879,NO
447.2693508469264,399.26211994193426,NO
446.2627439828979,400.27363493866727,NO
445.25172262194144,401.25772623687857,NO
444.2656212186125,402.2507183877362,NO
443.31162282272686,403.2865677295175,NO
442.3947306635324,404.3562873446685,NO
441.51603568653127,405.4572227767504,NO
440.99337018214226,405.99400322276495,NO
440.0098970571882,407.0093011607992,NO
439.02217603616486,408.02146450518944,NO
438.022392126143,409.0223316074232,NO
437.0214294898644,410.0210273262778,NO
436.03268459361755,411.0309483590633,NO
435.05029957472266,412.0465588389353,NO
434.06869716990644,413.064235107207,NO
433.08351635297595,414.0811736807122,NO
432.09589904103245,415.0918355206008,NO
431.1077659370193,416.1037517344412,NO
430.11103288605034,417.1130097334708,NO
429.1145026809145,418.1118320643387,NO
428.13617839111544,419.12294963155915,NO
427.17351794387423,420.15606347211406,NO
426.22075387584306,421.20158765391295,NO
425.26336056578424,422.2388815544594,NO
424.3234345996149,423.28820904711654,NO
423.40019460328455,424.3704982064728,NO
422.436291742366,425.4265963630394,NO
419.2714114535103,425.4818508583108,NO
419.006743049182,429.0061833149977,NO
418.02333677160874,430.02210365273555,NO
417.0374078090656,431.03531854102147,NO
416.0589283365139,432.05241520671115,NO
415.0782866285491,433.07148833736863,NO
414.0922126230864,434.08805069627084,NO
413.11822917039865,435.10910864294465,NO
412.15139421208,436.13640904934636,NO
411.1856167816464,437.1732047128047,NO
410.21120448679176,438.2045207965081,NO
409.235116923266,439.2194672953649,NO
408.27678744324953,440.25268014850815,NO
407.3260055691256,441.30931586056477,NO
406.3826558825584,442.350712437715,NO
405.48857646630717,443.4355663618165,NO
404.9923156092006,443.9931521378069,NO
404.02029293141015,445.01846708815515,NO
403.0391418024679,446.03625767052483,NO
402.05238258362834,447.0498411096737,NO
401.06816917909913,448.06391438615464,NO
400.0974091440701,449.08559401602867,NO
399.12637556698,450.11288603647927,NO
398.16501157986824,451.1485346598466,NO
397.2210069482992,452.19592334748467,NO
396.27196613168707,453.24402737826335,NO
393.23361688761577,453.57170238724404,NO
392.9877078147348,456.9888152191251,NO
392.00665676704085,458.0062272984799,NO
391.0215893285703,459.0201351241524,NO
390.04328553156176,460.03868784797834,NO
389.06622457701184,461.0617620081759,NO
388.08666283617447,462.0809566428581,NO
387.11486957096236,463.1031449563021,NO
386.1572162048017,464.13634287045005,NO
385.22204891290346,465.1915130276674,NO
381.8312793927663,465.2169264950147,NO
381.12305177681367,464.86156674970465,NO
382.14621282823964,465.7911245310862,NO
382.0229655971106,469.0204987046689,NO
381.05022669811666,470.04585916249886,NO
380.06902910539696,471.06401892400265,NO
379.08975750359673,472.0833638202094,NO
378.1242277361712,473.1120655790666,NO
377.1625996071288,474.142565835302,NO
376.2305059362233,475.19557040123914,NO
375.3432315578935,476.29806951365447,NO
374.46998420497397,477.41719612438766,NO
373.5463200213745,478.51270033256066,NO
372.9938626339176,478.9940725966342,NO
372.0075900881956,480.00702424570454,NO
371.0344429945519,481.0294852912615,NO
370.0675651789142,482.05790045979626,NO
369.108448193085,483.09459746864684,NO
368.17672114095694,484.1432940575826,NO
367.27271757233,485.22388497836386,NO
364.2200827529467,485.63319542025437,NO
363.9930506511535,488.993605882458,NO
363.01356432318283,490.0123848167239,NO
362.0427766382173,491.0380602391283,NO
361.0703892161386,492.06139554817,NO
360.10741650434466,493.0924815863202,NO
359.155033386724,494.13910985131844,NO
358.18151168225995,495.1727244293916,NO
357.19204728549073,496.1855069714674,NO
356.2122881218876,497.2023371104384,NO
355.25817306602977,498.23061298475704,NO
354.3421967220029,499.29220043810545,NO
353.5076239328718,500.44876896774485,NO
352.9997965116185,500.9998244214955,NO
352.03627663849375,502.0306677814363,NO
351.0679887660019,503.0593356509157,NO
350.09485151876873,504.0878542781075,NO
349.12609774611644,505.11544159898784,NO
348.16116681485204,506.14442221707725,NO
347.2072232997968,507.1837873394256,NO
346.29770795269866,508.2553798161861,NO
345.46617152589863,509.37836526335127,NO
344.98642769740263,509.9884923116366,NO
344.01824874743147,511.0161724049283,NO
343.05261671218,512.0467552660225,NO
342.07617242646086,513.0715937601717,NO
341.08297900724915,514.0799949783366,NO
340.1130831143567,515.1007914665847,NO
339.1719993903917,516.1425001930072,NO
338.2608454869363,517.2092919506507,NO
337.38305452528135,518.3293373689695,NO
336.5904257500132,519.5193970798995,NO
336.0097038958282,520.0083003396504,NO
335.03951371749,521.0347518106968,NO
334.05986458678603,522.0561879907914,NO
333.0871087160529,523.0789785642687,NO
332.1269467780648,524.1097219784225,NO
331.18111259562596,525.158246146648,NO
330.24548748298173,526.2190503703349,NO
329.33320193828735,527.2858323500445,NO
328.4812299983089,528.4084957727837,NO
327.99173875988896,528.9927986925184,NO
327.02111233016603,530.0187162260922,NO
326.05418456694525,531.0453241978785,NO
325.0996324543222,532.0841223851824,NO
324.14909889059373,533.1310897501123,NO
323.2012107855085,534.1780967270782,NO
322.2573312712183,535.2272433150061,NO
321.32586171876875,536.3008372946906,NO
320.4731190186027,537.4080338667421,NO
319.99199044862985,537.9931503832669,NO
319.02364568202347,539.0204535143912,NO
318.06724470811764,540.0561931129555,NO
317.12377997494696,541.1030402472722,NO
316.1732597882365,542.1469418434913,NO
315.23692397377835,543.2056187013306,NO
314.336259698952,544.2943650386775,NO
313.4511669547195,545.3997885238804,NO
312.98378162688647,545.9857114077694,NO
312.0166265211013,547.0142807003458,NO
311.07005147967607,548.0571081358632,NO
310.1146733782495,549.1003780548684,NO
309.1409044111919,550.1303921724211,NO
308.1748442598324,551.1608980400873,NO
307.22238724108064,552.19670118015,NO
306.2844365957688,553.2450805947185,NO
302.90120549776674,554.0987945022333,NO
303.05857009414126,557.0469863943966,NO
302.10174457576323,558.0915425505917,NO
301.1367901512106,559.1225331544995,NO
300.19497794722156,560.1619687715682,NO
299.26312332380104,561.2279857243864,NO
298.3830836018038,562.3278990391165,NO
297.97496750763037,562.9788768639197,NO
297.0113888367387,564.0095542032271,NO
296.05855462293346,565.0482000097896,NO
295.11738495356104,566.099301743155,NO
294.16732370120945,567.1457798762814,NO
293.2150844582078,568.1886025806559,NO
292.27624379428835,569.2513729800289,NO
291.35875482632355,570.3233674234641,NO
290.48523812341625,571.4193843712691,NO
289.9917182060057,571.9927821142516,NO
289.0272829645505,573.0238725956024,NO
288.06742576256136,574.0568825156847,NO
287.11691333833085,575.0968357532796,NO
286.1728087297427,576.1508963824654,NO
285.2322829296651,577.2066713302471,NO
284.30206119848697,578.2590461483189,NO
283.44300344644114,579.3732152519038,NO
282.9897112567908,579.9912744285427,NO
282.0340381092685,581.0286526006175,NO
281.0753600700475,582.0629117751304,NO
280.12410734939084,583.103505864137,NO
279.1963431952408,584.1651776018975,NO
278.26466863258025,585.2346589659677,NO
277.3189957890315,586.2862511836873,NO
276.427038245378,587.3693103762018,NO
275.9863194619497,587.9882713790216,NO
275.02399318750173,589.0204165637327,NO
274.05807955328896,590.0507447646626,NO
273.09357162119835,591.0837616916,NO
272.1519861641077,592.1268990442281,NO
271.231657755306,593.1920230970636,NO
270.334889223434,594.2879828964857,NO
269.5432464740985,595.4499519317866,NO
269.0070340151212,596.0058689251873,NO
268.0431778352366,597.0372110491309,NO
267.0803647845384,598.0702665948149,NO
266.1373895560997,599.1142424070255,NO
265.20525944929994,600.1674562635826,NO
264.30365288335594,601.2480146361269,NO
263.4397337638617,602.3841884221413,NO
262.9858845255894,602.9877070301995,NO
262.3482614249002,603.4329998683211,NO
261.05729218985516,605.0498900959897,NO
260.08959724706386,606.0808678750991,NO
259.13559617416604,607.1164133631835,NO
258.1941648684494,608.1658196307353,NO
257.26892901160755,609.2368432789274,NO
256.38695137879273,610.3344833967777,NO
255.97551450967222,610.9796979612813,NO
255.0216536964072,612.0177458606349,NO
254.06689186433127,613.0580652514717,NO
253.1083684344304,614.0939780504282,NO
252.15650555660585,615.130640494467,NO
251.22137926468199,616.1893726214946,NO
250.32033414418052,617.2686673539669,NO
249.5092605480144,618.4127690630089,NO
248.99729240169992,618.9977291112526,NO
248.03973240845406,620.0327149925498,NO
247.10245498752113,621.0839244708393,NO
246.1570897129262,622.1393059645203,NO
245.1803789827528,623.1677497100077,NO
244.21670195033167,624.2017803882738,NO
243.25253253360646,625.2360809004706,NO
242.32840293167618,626.2801871667458,NO
241.4989878304562,627.4279575044659,NO
241.00141114423997,628.0012173541303,NO
240.0461351840923,629.0375492315683,NO
239.10759173240072,630.0845564259813,NO
238.16879896716338,631.1453478741739,NO
237.2312026783331,632.199385794825,NO
236.31644885142723,633.266429500621,NO
235.4435778434417,634.3784370541388,NO
234.98580742890786,634.9876223361277,NO
234.02188279029104,636.0189428969928,NO
233.06040968660693,637.0516455874128,NO
232.1026418731308,638.0890303701649,NO
231.1564148770536,639.1379866904451,NO
230.19882008268527,640.1829388965989,NO
229.21344456445908,641.205235164922,NO
228.25375850087693,642.2295910284881,NO
227.3726695149481,643.3050212316218,NO
226.97012509476355,643.9758261315446,NO
226.02042362577504,645.0162187613705,NO
225.0820177837093,646.0655931704853,NO
224.16407508669366,647.1273150948634,NO
223.2703344556693,648.2154483755838,NO
222.35995139110364,649.3207062641055,NO
221.47171571993658,650.4270358887244,NO
220.9913575100037,650.9923483685322,NO
220.02629844102518,652.0220195959198,NO
219.0722375964235,653.0616754422346,NO
218.1269636419831,654.1091011702574,NO
217.18613307227992,655.1571253152877,NO
216.2579119073314,656.2167725867839,NO
215.34233000891194,657.3046108376388,NO
214.44149745891727,658.3976608232507,NO
213.98218332522214,658.9842713934366,NO
213.01488884412203,660.0127860057657,NO
212.05954629261146,661.0508850171664,NO
211.10973508206493,662.0912007377614,NO
210.17626558604115,663.1429045799442,NO
209.2675978684408,664.2208809504511,NO
208.4015871811611,665.3333173606748,NO
207.97694246851418,665.9805298389157,NO
207.0156085179558,667.0127353077767,NO
206.07293718912615,668.0586689132311,NO
205.1426701241442,669.1170878933941,NO
204.20993466747927,670.1758744639974,NO
203.28066973297643,671.2433655175902,NO
202.3874711227211,672.3411070699038,NO
201.55069511826073,673.4950068488666,NO
201.00291030874322,674.0025553029743,NO
200.04491296988357,675.0367055244002,NO
199.11810221704133,676.0932881852498,NO
198.1873123516359,677.1573205530623,NO
197.23417412540147,678.2073076405841,NO
196.29943576658826,679.2636966644101,NO
195.41375373965573,680.3570751545534,NO
194.56155959996687,681.504451844038,NO
194.00594521041552,682.0050549381547,NO
193.0529934956948,683.0440927795229,NO
192.12580267074878,684.0974010058776,NO
191.22261023334602,685.1723639297187,NO
190.32555409400612,686.2815177849909,NO
189.42460665128291,687.3912447042895,NO
188.98233632311846,687.9845075315062,NO
188.01826171255567,689.0152953429963,NO
187.06041280672068,690.0514981365615,NO
186.1152643479553,691.0935456286559,NO
185.19074355387286,692.1499083218283,NO
184.29096777197609,693.237250652416,NO
183.41582954722764,694.3664815622909,NO
182.981645496484,694.9841302689698,NO
182.01549017421453,696.0135042540979,NO
181.04094606580074,697.037561190392,NO
180.07640724384785,698.0669463155709,NO
179.13074474848605,699.1071032311899,NO
178.20304906797386,700.163843630353,NO
177.31696761717916,701.2584352348896,NO
176.5022183092389,702.426885562853,NO
176.0015139722914,703.0012342371026,NO
175.05207238568576,704.0406177772177,NO
174.1145673463367,705.0954988378816,NO
173.16428152859257,706.1442239010864,NO
172.22150720054262,707.1871752333078,NO
169.26935466548224,707.4997698948674,NO
168.01441919291895,707.7692929132967,NO
166.9383446971925,707.6670613587847,NO
169.03074915299237,711.0253877621655,NO
168.08451087225248,712.0674759565921,NO
167.15317915937052,713.1254060912299,NO
166.21777571208878,714.1841224026239,NO
165.28901255958243,715.2472713452822,NO
164.4164643040607,716.3647652760812,NO
163.9830518104436,716.9853776095962,NO
163.02021250042586,718.0173287454643,NO
162.056990883706,719.0486875775073,NO
161.10648263671428,720.0907935196656,NO
160.17912828187315,721.1430015642816,NO
159.2683661807025,722.2172874369029,NO
158.3751603593373,723.3247186241377,NO
157.9737410800533,723.9781230996439,NO
157.022706798999,725.0185782894542,NO
156.06515989647218,726.0546585636771,NO
155.11135724236712,727.0946003399254,NO
154.1710049245827,728.1455621356469,NO
153.25542872957254,729.2101725878233,NO
152.340022356956,730.3017416876129,NO
151.50936496781685,731.4498770735803,NO
151.01586597993764,732.0122699544778,NO
150.0786472837144,733.06201430466,NO
149.12399719012151,734.1057926171216,NO
148.16334598186668,735.1457512227306,NO
145.12395373902774,735.8406309069643,NO
144.02072071044125,735.9674388855641,NO
143.03694493164394,737.9556660827152,NO
143.08108626184892,741.0630204096851,NO
142.14216203479106,742.1211450543979,NO
141.19928969842695,743.1719419186119,NO
140.29314431603322,744.2375634269807,NO
139.47419592519577,745.3943313281994,NO
138.99817731588698,745.9985141662753,NO
138.05023420990133,747.0406038200425,NO
137.10737370690703,748.0861852917342,NO
136.17330667629787,749.1404797784467,NO
135.251564028831,750.2173117484316,NO
134.34538482334463,751.3054229347814,NO
133.46251460981506,752.4268712523497,NO
132.56108816779098,753.5389980835404,NO
132.00969617950233,754.008580802002,NO
131.05734794982627,755.0450276763721,NO
130.1280426617724,756.0977566195768,NO
129.23661144848649,757.1803869467537,NO
128.39591838698763,758.3277470218774,NO
127.98168173270494,758.9854229476235,NO
127.36137710843414,759.5001570660086,NO
126.08794867710817,761.0719157569462,NO
125.14586724153762,762.1224962412663,NO
124.21622122182912,763.1781012983326,NO
121.32570564113968,763.3020593240195,NO
120.01213462418433,763.8746088865573,NO
121.03894146352785,767.0324680795023,NO
120.08089428991468,768.0684819395549,NO
119.1342054765334,769.1143231868272,NO
118.19511217121502,770.161348090156,NO
117.2793476399401,771.2286339827535,NO
116.43356649048941,772.3759597393997,NO
115.99374727634621,772.9948305506728,NO
115.04555354904241,774.0362211961253,NO
114.10249702356143,775.0810035457944,NO
113.17064544660434,776.1412972730299,NO
112.24564759557069,777.2103449497603,NO
111.3322591823342,778.2921496076407,NO
110.48239411117265,779.4298648318235,NO
110.00419663207148,780.0034616889803,NO
109.06008843005513,781.0483938820948,NO
108.11297750812321,782.0920002525028,NO
107.16934615267853,783.1445405187477,NO
106.2403442927957,784.2077675168446,NO
105.35506294504567,785.2963653364076,NO
104.52760129025866,786.4576431295146,NO
100.99700888850273,786.0927244571063,NO
100.02105017418971,786.0789381550375,NO
99.29445882781934,786.3637432480494,NO
99.23502578413488,787.0783419231228,NO
99.36821231931576,787.8085295949453,NO
99.95870606062354,789.0412939393765,NO
99.46380560424711,792.4212546396033,NO
98.9915952956232,792.9927334327018,NO
98.02295350730995,794.019344838619,NO
97.07383149937107,795.0603210964579,NO
96.1449240715194,796.1132696054303,NO
95.24077835125071,797.1896938266921,NO
94.3894164618845,798.3346241868173,NO
93.9820986389536,798.9850519089476,NO
93.02620716207166,800.0216668133509,NO
92.06900269167012,801.0567473881599,NO
91.11152275648057,802.0957187353482,NO
90.16570013553408,803.1417988616599,NO
89.24702438721351,804.2022421918116,NO
88.3480098222557,805.302294252668,NO
87.50771230635787,806.464140007567,NO
87.00618653428249,807.0052335378051,NO
86.05035668676554,808.0412126338288,NO
85.0881725206297,809.0765094918561,NO
84.1230549186149,810.1093449909243,NO
83.18863397371354,811.1551919389473,NO
82.27455808415122,812.2336042167012,NO
81.41013975723378,813.3607253141383,NO
80.98653233009583,813.9887116756366,NO
80.03216891049759,815.0260993042309,NO
79.08922844848696,816.0690003382126,NO
78.16490509532363,817.1335156508062,NO
77.22962769265312,818.204303633152,NO
76.300439055652,819.2659388826195,NO
75.44168785257078,820.3801285624791,NO
74.9933960140126,820.9946027497829,NO
74.04538218644512,822.0367162412948,NO
73.09645755842088,823.076847385049,NO
72.15860852367912,824.125547639683,NO
71.26133797934354,825.2157871916933,NO
70.42400994925794,826.3623891476944,NO
69.99074631040378,826.9928180321427,NO
69.04844173278872,828.0374212379317,NO
68.10701607402817,829.0890631774058,NO
65.09020996968044,829.8857340412973,NO
64.33186862022264,827.633567369755,NO
64.1179666840817,828.1061700118896,NO
64.34209659226399,828.7605323854152,NO
63.214571828019395,831.6995994539751,NO
63.04312691350352,835.0353446135973,NO
62.090050759877506,836.0763398055611,NO
61.154664420914294,837.1261300725714,NO
60.25211292041127,838.2003787724918,NO
59.420671252155124,839.3448240022559,NO
58.99262489663827,839.9942757712078,NO
58.059538973409055,841.0455469531863,NO
57.151461800459174,842.1056098456576,NO
56.289676451413946,843.2183068843406,NO
55.479648774970926,844.4253819236599,NO
53.01595060733716,845.6987613895227,NO
52.09244548088856,845.6126957224837,NO
50.97067596135935,845.3445574591805,NO
49.9866778529327,845.2630349481823,NO
48.99487138472821,845.2437441928657,NO
48.00393919841385,845.2796830936354,NO
47.024391723361475,845.393371971842,NO
45.93658256472058,845.7104577780915,NO
44.97901018326199,845.9344576009621,NO
44.05336526700211,846.1738077101146,NO
42.00644885101072,847.0152820175242,NO
41.1984963806397,847.3897180348478,NO
40.05086646410187,848.0772015835797,NO
39.004095579193375,849.0041847346754,NO
38.05836019791442,850.0413327524161,NO
37.285992670382036,851.1572778899678,NO
36.30707890906615,853.1206779250077,NO
35.994781451687466,853.9981226286056,NO
35.378363960830846,856.0448123380419,NO
35.140957921235085,857.0274954954194,NO
