X,Y,is_wing_root
299.53072625573316,1225.0,NO
299.59013560306647,1226.0366359227548,NO
299.7361037605835,1227.0442284207936,NO
299.93590947106316,1228.0164701914136,NO
300.1502644781058,1228.9503436363557,NO
301.05646115137915,1230.9692337432855,NO
301.54823077275734,1231.6431773569072,NO
302.21095701982966,1232.8266554749796,NO
303.1513719564532,1233.8448750147084,NO
304.1924145612835,1234.7560202517673,NO
305.6457308056316,1235.676075504781,NO
306.0594096819487,1235.883472410449,NO
308.07291396418617,1236.7831768911287,NO
308.99880713935505,1237.0044483764525,NO
309.96166922352694,1237.2048122088952,NO
310.95914334873345,1237.3656670281503,NO
311.9834385667298,1237.4560763711627,NO
313.0165614332702,1237.4560763711627,NO
314.04085665126655,1237.3656670281503,NO
315.03833077647306,1237.2048122088952,NO
316.00119286064495,1237.0044483764525,NO
316.92708603581383,1236.7831768911287,NO
318.96539668760187,1235.9012670001741,NO
319.9652377489914,1236.3255618571732,NO
321.0584821837176,1235.9007984199734,NO
323.0637413069061,1236.8725173861878,NO
325.0679491175944,1237.8512701678153,NO
327.08166495488865,1238.7931430910435,NO
329.1047012739932,1239.721089879013,NO
331.1295575283792,1240.6505406764345,NO
332.0072826686926,1240.9854346626148,NO
334.023580352861,1241.952839294278,NO
336.0418586072549,1242.5643288073209,NO
337.0446264476745,1242.6882261996946,NO
338.0192600001885,1242.7910085168435,NO
339.010697464026,1242.8787620767898,NO
340.00309056214314,1242.964973629743,NO
340.9941276475663,1243.0575942259413,NO
341.978112748066,1243.1666044500123,NO
342.956367044065,1243.2928001101816,NO
343.9611789574712,1243.4212495937877,NO
344.99135271688584,1243.4900126866771,NO
346.0,1243.5000000004902,NO
347.0,1243.5000000004902,NO
348.0,1243.5000000004902,NO
349.0,1243.5000000004902,NO
350.0,1243.5000000004902,NO
351.0288362630189,1243.540422061567,NO
352.051398845813,1243.6723323659733,NO
353.03076525810707,1243.833082110055,NO
354.00045779098474,1243.9975679854697,NO
354.9749008103189,1244.1561047264804,NO
355.9652700254765,1244.2952047934155,NO
356.9628228604848,1244.4034114979618,NO
357.98218904633126,1244.4780835029683,NO
359.0,1244.5000000004902,NO
360.0,1244.5000000004902,NO
361.0,1244.5000000004902,NO
362.0,1244.5000000004902,NO
363.0,1244.5000000004902,NO
364.0,1244.5000000004902,NO
365.05823054813925,1244.6287802647112,NO
366.02450590624153,1244.950007949608,NO
366.92732553583284,1245.2117941534784,NO
367.99516194429793,1245.4934816770142,NO
369.0752433961275,1245.7631226473075,NO
369.98304553004635,1246.0339089399072,NO
370.9364482728572,1246.3485094949276,NO
372.01499014998757,1246.522188950669,NO
373.06485265480933,1246.83626310813,NO
373.9598068451829,1247.0857678215325,NO
374.95656299596084,1247.4179787143319,NO
376.0544351548207,1247.614417635462,NO
377.03049754273627,1247.935461632013,NO
377.93192583870297,1248.1897148851992,NO
378.9867942674291,1248.4810659665914,NO
380.06898633422264,1248.6801542801286,NO
381.0095589567549,1248.9805774176668,NO
381.92693192817876,1249.2569980435196,NO
382.9961177677216,1249.4949846443103,NO
384.07475855166035,1249.7845940076063,NO
384.97567787144226,1250.0486442571155,NO
385.9427463130049,1250.3743510186325,NO
387.05438927814566,1250.6147425952588,NO
388.0293491908318,1250.9391541151933,NO
388.92968943691875,1251.1959474806463,NO
389.9913880566249,1251.4880101015583,NO
391.0744319924034,1251.7326738263732,NO
391.99287334498524,1252.0142533100295,NO
392.93031421565945,1252.3145110718383,NO
394.0,1252.5000000004902,NO
395.0,1252.5000000004902,NO
396.0,1252.5000000004902,NO
397.0,1252.5000000004902,NO
398.0,1252.5000000004902,NO
399.0,1252.5000000004902,NO
400.0,1252.5000000004902,NO
401.0,1252.5000000004902,NO
402.0,1252.5000000004902,NO
403.0,1252.5000000004902,NO
404.01692494903125,1252.4795402529403,NO
405.03268784341685,1252.4167700027865,NO
406.02308603074755,1252.3462904767277,NO
407.02861196873425,1252.2515879952796,NO
408.01436628852457,1252.1558895076225,NO
409.0055486543276,1252.074468779305,NO
409.9979768970754,1251.9825121611732,NO
410.9938693234897,1251.895778499714,NO
411.97935992187803,1251.8153256172404,NO
412.9726069371853,1251.7148885466986,NO
413.97069708837773,1251.6263878775142,NO
414.9646289630621,1251.549019279885,NO
416.0,1251.5000000004902,NO
417.0,1251.5000000004902,NO
418.0,1251.5000000004902,NO
419.0,1251.5000000004902,NO
420.0,1251.5000000004902,NO
421.0,1251.5000000004902,NO
422.0,1251.5000000004902,NO
423.0,1251.5000000004902,NO
424.0,1251.5000000004902,NO
425.0,1251.5000000004902,NO
426.0,1251.5000000004902,NO
427.0,1251.5000000004902,NO
428.0,1251.5000000004902,NO
429.0,1251.5000000004902,NO
430.0,1251.5000000004902,NO
431.0,1251.5000000004902,NO
432.0,1251.5000000004902,NO
433.0,1251.5000000004902,NO
434.0,1251.5000000004902,NO
435.0,1251.5000000004902,NO
436.0,1251.5000000004902,NO
437.0213686203489,1251.4738259216392,NO
438.02397598829646,1251.4216467027745,NO
439.0208282140065,1251.366289291266,NO
440.00712439889634,1251.3303130464524,NO
440.99220825094926,1251.331149324168,NO
441.9958964413669,1251.3488024932365,NO
442.9913896760634,1251.365938755713,NO
444.02022871659557,1251.3438881808413,NO
445.0227468821785,1251.2697885972343,NO
446.018604452453,1251.1725140105998,NO
447.0072557299669,1251.0474413098368,NO
447.99209322616383,1250.9253249122157,NO
448.9760221767494,1250.8147168086941,NO
449.9758304852596,1250.706513018997,NO
450.9706628733689,1250.6259516361526,NO
451.9646289630621,1250.549019279885,NO
453.0,1250.5000000004902,NO
454.0,1250.5000000004902,NO
455.0,1250.5000000004902,NO
456.0,1250.5000000004902,NO
457.0,1250.5000000004902,NO
458.0,1250.5000000004902,NO
459.0,1250.5000000004902,NO
460.0,1250.5000000004902,NO
461.0,1250.5000000004902,NO
462.0,1250.5000000004902,NO
463.0,1250.5000000004902,NO
464.0,1250.5000000004902,NO
465.0,1250.5000000004902,NO
466.0,1250.5000000004902,NO
467.0,1250.5000000004902,NO
468.0,1250.5000000004902,NO
469.0,1250.5000000004902,NO
470.0,1250.5000000004902,NO
471.0,1250.5000000004902,NO
472.0,1250.5000000004902,NO
473.0,1250.5000000004902,NO
474.0,1250.5000000004902,NO
475.0,1250.5000000004902,NO
476.0,1250.5000000004902,NO
477.0,1250.5000000004902,NO
478.02649598204016,1250.4659638353953,NO
479.0276631165307,1250.4030911351904,NO
480.01251749043104,1250.3546622513543,NO
481.02446708508165,1250.2901910033552,NO
482.01345234179485,1250.2213127120701,NO
483.0124425082569,1250.1475739322152,NO
484.0058441200615,1250.0584411971142,NO
484.9987515456386,1249.979460912841,NO
485.98691902821093,1249.8923984581506,NO
486.98049098691473,1249.7883064621133,NO
487.9609349310729,1249.6887002320605,NO
488.9532233147663,1249.573998036184,NO
490.0,1249.5000000004902,NO
491.0,1249.5000000004902,NO
492.0,1249.5000000004902,NO
493.0,1249.5000000004902,NO
494.0,1249.5000000004902,NO
495.0,1249.5000000004902,NO
496.03585361184963,1249.4459839713018,NO
497.05308930595726,1249.2911349232672,NO
498.02368945412366,1249.1161694393404,NO
498.98510705348286,1248.9333736616031,NO
499.94542863630664,1248.7469873229015,NO
500.9591188795212,1248.5656380985697,NO
502.0,1248.5000000004902,NO
503.0,1248.5000000004902,NO
504.0,1248.5000000004902,NO
505.0,1248.5000000004902,NO
506.0,1248.5000000004902,NO
507.0,1248.5000000004902,NO
508.0,1248.5000000004902,NO
509.02635379013685,1248.4634632190932,NO
510.05386046085215,1248.323162765113,NO
511.0305528645546,1248.1343272467864,NO
511.98363624361406,1247.9362937707388,NO
512.9425759592997,1247.733761275437,NO
513.9657524167575,1247.5521470141093,NO
515.0,1247.5000000004902,NO
516.0,1247.5000000004902,NO
517.0,1247.5000000004902,NO
518.0,1247.5000000004902,NO
519.0,1247.5000000004902,NO
520.0,1247.5000000004902,NO
521.0132815273838,1247.4838270633156,NO
522.0457953988691,1247.3892609035286,NO
523.0453192558545,1247.200981050105,NO
523.9998629050611,1246.9994703149946,NO
524.9495857625642,1246.795942367809,NO
525.9494041681543,1246.5904146963394,NO
527.0,1246.5000000004902,NO
528.0,1246.5000000004902,NO
529.0,1246.5000000004902,NO
530.0,1246.5000000004902,NO
531.0,1246.5000000004902,NO
532.0,1246.5000000004902,NO
533.0271992051445,1246.4623864857313,NO
534.0514547263864,1246.3321760875683,NO
535.0320169338104,1246.163286366152,NO
535.9958623031984,1245.9813254386336,NO
536.9491625152557,1245.7925830632616,NO
537.9493933263625,1245.5903269294536,NO
539.0,1245.5000000004902,NO
540.0,1245.5000000004902,NO
541.0,1245.5000000004902,NO
542.0,1245.5000000004902,NO
543.0,1245.5000000004902,NO
544.0,1245.5000000004902,NO
545.0186721958431,1245.4761409904481,NO
546.0484024843579,1245.3684368101567,NO
547.0398470507619,1245.1973009343344,NO
548.0037240551272,1245.017424477636,NO
548.9656875007067,1244.8364544509054,NO
549.9472590633178,1244.6595205293636,NO
550.9770024456024,1244.5308499042865,NO
552.0,1244.5000000004902,NO
553.0,1244.5000000004902,NO
554.0,1244.5000000004902,NO
555.0,1244.5000000004902,NO
556.0,1244.5000000004902,NO
557.0,1244.5000000004902,NO
558.0177859932008,1244.477413511449,NO
559.0485492195739,1244.3695537498277,NO
560.0405784467357,1244.1864415175617,NO
560.9965653221341,1243.9867296533469,NO
561.946903459348,1243.7833661152038,NO
562.9537934071972,1243.5791899495039,NO
564.0,1243.5000000004902,NO
565.0,1243.5000000004902,NO
566.0,1243.5000000004902,NO
567.0,1243.5000000004902,NO
568.0,1243.5000000004902,NO
569.0,1243.5000000004902,NO
570.0,1243.5000000004902,NO
571.0358170868482,1243.4455296358976,NO
572.0547219283961,1243.2790818411772,NO
573.0202335108147,1243.0867150467277,NO
573.9688780195387,1242.8858114369204,NO
574.9389273979217,1242.6721365515095,NO
575.9849281510319,1242.519584795565,NO
577.0,1242.5000000004902,NO
578.0,1242.5000000004902,NO
579.0,1242.5000000004902,NO
580.0,1242.5000000004902,NO
581.0,1242.5000000004902,NO
582.0,1242.5000000004902,NO
583.0408948128481,1242.4345073828529,NO
584.0540581003336,1242.2552743624703,NO
585.0148624214121,1242.0631652926936,NO
585.9710976526336,1241.8718243710168,NO
586.9462858060788,1241.6851236789894,NO
587.9711869866168,1241.540792602633,NO
589.0,1241.5000000004902,NO
590.0,1241.5000000004902,NO
591.0,1241.5000000004902,NO
592.0,1241.5000000004902,NO
593.0,1241.5000000004902,NO
594.0,1241.5000000004902,NO
595.0,1241.5000000004902,NO
596.0319591638175,1241.4527548246942,NO
597.0563964825587,1241.2847743321763,NO
598.0206597645167,1241.079821819573,NO
598.965792409164,1240.8735806396778,NO
599.9418616147615,1240.659188763397,NO
600.9849213763381,1240.5193688521929,NO
602.0,1240.5000000004902,NO
603.0,1240.5000000004902,NO
604.0,1240.5000000004902,NO
605.0,1240.5000000004902,NO
606.0,1240.5000000004902,NO
607.0048478154451,1240.4944771707956,NO
608.0440781035367,1240.4162932087322,NO
609.0492113707293,1240.2436679563261,NO
610.0118311537442,1240.0494581010714,NO
610.9558179352351,1239.8467152771655,NO
611.9409097462121,1239.6185312663167,NO
613.0,1239.5000000004902,NO
614.0,1239.5000000004902,NO
615.0,1239.5000000004902,NO
616.0,1239.5000000004902,NO
617.0,1239.5000000004902,NO
618.0,1239.5000000004902,NO
619.0,1239.5000000004902,NO
620.0402420952573,1239.4366695270414,NO
621.0527507073376,1239.271746058353,NO
622.0197389290755,1239.0958747992004,NO
622.9842629076277,1238.9205354701676,NO
623.9489692883067,1238.7473236562219,NO
624.9542575880446,1238.5758430966532,NO
626.0,1238.5000000004902,NO
627.0,1238.5000000004902,NO
628.0,1238.5000000004902,NO
629.0,1238.5000000004902,NO
630.0,1238.5000000004902,NO
631.0,1238.5000000004902,NO
632.0,1238.5000000004902,NO
633.0048489769144,1238.4945956406673,NO
634.0351103734466,1238.4367388102842,NO
635.0499958848759,1238.2897488814442,NO
636.023659903882,1238.116024529501,NO
636.9851070534828,1237.9333736616031,NO
637.9454279073173,1237.7469839430419,NO
638.9591188795212,1237.5656380985697,NO
640.0,1237.5000000004902,NO
641.0,1237.5000000004902,NO
642.0,1237.5000000004902,NO
643.0,1237.5000000004902,NO
644.0,1237.5000000004902,NO
645.0,1237.5000000004902,NO
646.0,1237.5000000004902,NO
647.0132856278032,1237.483976435732,NO
648.0423618560686,1237.4000842045302,NO
649.0446747355044,1237.242384203581,NO
650.01393021905,1237.0670227544197,NO
650.976199059651,1236.8876066706691,NO
651.9457558862919,1236.7087947528769,NO
652.9656820298453,1236.5512265699263,NO
654.0,1236.5000000004902,NO
655.0,1236.5000000004902,NO
656.0,1236.5000000004902,NO
657.0,1236.5000000004902,NO
658.0,1236.5000000004902,NO
659.0,1236.5000000004902,NO
660.0,1236.5000000004902,NO
661.0132856278032,1236.483976435732,NO
662.0424211947605,1236.4006446255214,NO
663.0430128256107,1236.2521441595945,NO
664.016235774462,1236.078115521419,NO
664.9763869580383,1235.8952812909183,NO
665.9458942557557,1235.7095375784324,NO
666.9656820298453,1235.5512265699263,NO
668.0,1235.5000000004902,NO
669.0,1235.5000000004902,NO
670.0,1235.5000000004902,NO
671.0,1235.5000000004902,NO
672.0,1235.5000000004902,NO
673.0,1235.5000000004902,NO
674.0,1235.5000000004902,NO
675.0186804001698,1235.4763502007795,NO
676.0452328896872,1235.3781766153472,NO
677.0408475128652,1235.2170024053096,NO
678.0085634277684,1235.0408163358939,NO
678.9709325695305,1234.8614543103884,NO
679.9461449523535,1234.6842979847067,NO
680.9711869866168,1234.540792602633,NO
682.0,1234.5000000004902,NO
683.0,1234.5000000004902,NO
684.0,1234.5000000004902,NO
685.0,1234.5000000004902,NO
686.0,1234.5000000004902,NO
687.0,1234.5000000004902,NO
688.0,1234.5000000004902,NO
689.0132856278032,1234.483976435732,NO
690.0423618560686,1234.4000842045302,NO
691.0446747355044,1234.242384203581,NO
692.0138331690513,1234.06655581573,NO
692.9737741845132,1233.88369420819,NO
693.9436280332217,1233.6973715414574,NO
694.9712132249496,1233.5412107760587,NO
696.0,1233.5000000004902,NO
697.0,1233.5000000004902,NO
698.0,1233.5000000004902,NO
699.0,1233.5000000004902,NO
700.0,1233.5000000004902,NO
701.0,1233.5000000004902,NO
702.0,1233.5000000004902,NO
703.023022631548,1233.4696616695642,NO
704.0473369932089,1233.3603263553862,NO
705.0365852590013,1233.2050382572297,NO
706.0070510981442,1233.035604556774,NO
706.9681265383697,1232.85740820072,NO
707.9441551492961,1232.6726336215183,NO
708.9770189060689,1232.531185697795,NO
710.0,1232.5000000004902,NO
711.0,1232.5000000004902,NO
712.0,1232.5000000004902,NO
713.0,1232.5000000004902,NO
714.0,1232.5000000004902,NO
715.0,1232.5000000004902,NO
716.0,1232.5000000004902,NO
717.0,1232.5000000004902,NO
718.0,1232.5000000004902,NO
719.0,1232.5000000004902,NO
720.0,1232.5000000004902,NO
721.0,1232.5000000004902,NO
722.0272929058752,1232.4639793981487,NO
723.035889968233,1232.3813309092654,NO
724.0310531041019,1232.2778435623593,NO
725.0211867108397,1232.158900327715,NO
726.0048182049143,1232.0416488899052,NO
726.987645767562,1231.917096594958,NO
727.966840104996,1231.7803695198052,NO
728.9680104242643,1231.6528790855084,NO
729.9729930460268,1231.5695766742642,NO
730.9848726409441,1231.5178154114467,NO
732.0,1231.5000000004902,NO
733.0,1231.5000000004902,NO
734.0,1231.5000000004902,NO
735.0,1231.5000000004902,NO
736.0,1231.5000000004902,NO
737.0,1231.5000000004902,NO
738.0,1231.5000000004902,NO
739.0,1231.5000000004902,NO
740.0,1231.5000000004902,NO
741.0,1231.5000000004902,NO
742.0,1231.5000000004902,NO
743.0,1231.5000000004902,NO
744.0,1231.5000000004902,NO
745.0187153130238,1231.477240478547,NO
746.0294363387135,1231.4170148020744,NO
747.0342902025799,1231.323851919994,NO
748.0247933658844,1231.2180106261485,NO
749.0112720306689,1231.117321128616,NO
749.9987961558305,1230.9925126760188,NO
750.9744255188491,1230.8465531130948,NO
751.9684665647657,1230.7075990602787,NO
752.9636656669085,1230.6057338479764,NO
753.9777970788247,1230.528187936021,NO
755.0,1230.5000000004902,NO
756.0,1230.5000000004902,NO
757.0,1230.5000000004902,NO
758.0,1230.5000000004902,NO
759.0,1230.5000000004902,NO
760.0,1230.5000000004902,NO
761.0,1230.5000000004902,NO
762.0,1230.5000000004902,NO
763.0,1230.5000000004902,NO
764.0,1230.5000000004902,NO
765.0,1230.5000000004902,NO
766.0,1230.5000000004902,NO
767.0038888025879,1230.4958223588126,NO
768.0218564006296,1230.4644485025553,NO
769.0290068057741,1230.399823519029,NO
770.0359150897115,1230.2954305758717,NO
771.0230581042363,1230.1755169075673,NO
772.0066871146915,1230.0655851634908,NO
772.9919119546139,1229.9457249565276,NO
773.9707098728629,1229.8084876362536,NO
774.9596491090506,1229.6733499318104,NO
775.9667015814596,1229.564559167193,NO
776.9922937310157,1229.5087253840516,NO
778.0,1229.5000000004902,NO
779.0,1229.5000000004902,NO
780.0,1229.5000000004902,NO
781.0,1229.5000000004902,NO
782.0,1229.5000000004902,NO
783.0,1229.5000000004902,NO
784.0,1229.5000000004902,NO
785.0,1229.5000000004902,NO
786.0,1229.5000000004902,NO
787.0,1229.5000000004902,NO
788.0,1229.5000000004902,NO
789.0,1229.5000000004902,NO
790.0038890955469,1229.4958597110933,NO
791.0175327179631,1229.470615070719,NO
792.0297120761862,1229.4095448134121,NO
793.0362426265443,1229.308062336027,NO
794.02315898524,1229.196851381185,NO
795.0092861482768,1229.0928614772056,NO
795.9962161223879,1228.9742696325475,NO
796.9783907408224,1228.8425611086616,NO
797.9650810679874,1228.7173229325392,NO
798.9702332015396,1228.610741888662,NO
800.0,1228.5627450980392,NO
801.0,1228.5627450980392,NO
801.9930222657739,1228.5551694718824,NO
802.9927782984215,1228.539616554171,NO
804.0,1228.5313725490196,NO
805.0,1228.5313725490196,NO
806.0,1228.5313725490196,NO
807.0,1228.5313725490196,NO
808.0,1228.5313725490196,NO
809.0,1228.5313725490196,NO
810.0,1228.5313725490196,NO
811.0,1228.5313725490196,NO
812.0,1228.5313725490196,NO
813.0,1228.5313725490196,NO
814.0,1228.5313725490196,NO
815.0,1228.5313725490196,NO
816.0,1228.5313725490196,NO
817.0,1228.5313725490196,NO
818.0,1228.5313725490196,NO
819.0,1228.5313725490196,NO
820.0,1228.5313725490196,NO
821.0,1228.5313725490196,NO
822.0,1228.5313725490196,NO
823.0,1228.5313725490196,NO
824.0,1228.5313725490196,NO
825.0,1228.5313725490196,NO
826.0,1228.5313725490196,NO
827.0,1228.5313725490196,NO
828.0,1228.5313725490196,NO
829.0,1228.5313725490196,NO
830.0,1228.5313725490196,NO
831.0,1228.5313725490196,NO
832.0,1228.5313725490196,NO
833.0,1228.5313725490196,NO
834.0,1228.5313725490196,NO
835.0,1228.5313725490196,NO
836.0072217015785,1228.539616554171,NO
837.0069795658759,1228.5550527042135,NO
837.9930204341241,1228.5550527042135,NO
838.9927782984215,1228.539616554171,NO
840.0,1228.5313725490196,NO
841.0,1228.5313725490196,NO
842.0,1228.5313725490196,NO
843.0,1228.5313725490196,NO
844.0,1228.5313725490196,NO
845.0072217015785,1228.539616554171,NO
846.0069777342261,1228.5551694718824,NO
847.0,1228.5627450980392,NO
848.0,1228.5627450980392,NO
849.0,1228.5627450980392,NO
850.0,1228.5627450980392,NO
851.0,1228.5627450980392,NO
852.0,1228.5627450980392,NO
853.0,1228.5627450980392,NO
854.0,1228.5627450980392,NO
855.0,1228.5627450980392,NO
856.0,1228.5627450980392,NO
857.0,1228.5627450980392,NO
858.0,1228.5627450980392,NO
859.0,1228.5627450980392,NO
860.0,1228.5627450980392,NO
861.0,1228.5627450980392,NO
862.0,1228.5627450980392,NO
863.0,1228.5627450980392,NO
864.0,1228.5627450980392,NO
865.0,1228.5627450980392,NO
866.0,1228.5627450980392,NO
867.0,1228.5627450980392,NO
868.0,1228.5627450980392,NO
869.0,1228.5627450980392,NO
870.0,1228.5627450980392,NO
871.0,1228.5627450980392,NO
872.0,1228.5627450980392,NO
873.0,1228.5627450980392,NO
874.0,1228.5627450980392,NO
875.0,1228.5627450980392,NO
876.0,1228.5627450980392,NO
877.0,1228.5627450980392,NO
878.0,1228.5627450980392,NO
879.0,1228.5627450980392,NO
880.0,1228.5627450980392,NO
881.0,1228.5627450980392,NO
882.0,1228.5627450980392,NO
883.0,1228.5627450980392,NO
884.0,1228.5627450980392,NO
885.0,1228.5627450980392,NO
886.0,1228.5627450980392,NO
887.0,1228.5627450980392,NO
888.0,1228.5627450980392,NO
889.0,1228.5627450980392,NO
890.0,1228.5627450980392,NO
891.0,1228.5627450980392,NO
892.0,1228.5627450980392,NO
893.0,1228.5627450980392,NO
894.0,1228.5627450980392,NO
895.0,1228.5627450980392,NO
896.0,1228.5627450980392,NO
897.0,1228.5627450980392,NO
898.0,1228.5627450980392,NO
899.0,1228.5627450980392,NO
900.0075521369964,1228.5720455903984,NO
901.0072437264511,1228.589522187143,NO
902.0,1228.5980392156862,NO
903.0,1228.5980392156862,NO
904.0,1228.5980392156862,NO
905.0,1228.5980392156862,NO
905.9927562735489,1228.589522187143,NO
906.9924478630036,1228.5720455903984,NO
908.0,1228.5627450980392,NO
909.0,1228.5627450980392,NO
910.0,1228.5627450980392,NO
910.9930222657739,1228.5551694718824,NO
911.9927782345283,1228.5396124809797,NO
912.9925323889917,1228.523939829039,NO
913.9922864810952,1228.5082632016502,NO
915.0,1228.5000000004902,NO
916.0,1228.5000000004902,NO
917.0,1228.5000000004902,NO
918.0,1228.5000000004902,NO
919.0,1228.5000000004902,NO
920.0151128100545,1228.5182791608866,NO
921.0383436337162,1228.5925988951956,NO
922.0371086245968,1228.7042906478134,NO
923.0201936818563,1228.812749498831,NO
924.0092201980333,1228.921628314071,NO
924.9962699894801,1229.0322424637916,NO
925.9873231609906,1229.1346914133405,NO
926.9735033667664,1229.2329876318124,NO
927.9684061374195,1229.3356847870919,NO
928.9711337078988,1229.420623122449,NO
929.9821737492086,1229.478494109954,NO
931.0,1229.5000000004902,NO
932.0,1229.5000000004902,NO
933.0,1229.5000000004902,NO
934.0,1229.5000000004902,NO
935.0,1229.5000000004902,NO
936.0,1229.5000000004902,NO
937.0,1229.5000000004902,NO
938.0,1229.5000000004902,NO
939.0,1229.5000000004902,NO
940.0,1229.5000000004902,NO
941.0,1229.5000000004902,NO
942.0,1229.5000000004902,NO
943.0,1229.5000000004902,NO
944.0150994404304,1229.5187053176714,NO
945.0474498674585,1229.6158820269845,NO
946.0384719443344,1229.7516368106944,NO
947.0139705447942,1229.8680559630866,NO
948.0022438130636,1229.9829202294318,NO
948.9870320680571,1230.103338207645,NO
949.9785615915507,1230.2143840716503,NO
950.9593668460516,1230.3188139830281,NO
951.9646552156614,1230.4291866908036,NO
952.9913512750079,1230.4900943930925,NO
954.0,1230.5000000004902,NO
955.0,1230.5000000004902,NO
956.0,1230.5000000004902,NO
957.0,1230.5000000004902,NO
958.0,1230.5000000004902,NO
959.0,1230.5000000004902,NO
960.0,1230.5000000004902,NO
961.0,1230.5000000004902,NO
962.0,1230.5000000004902,NO
963.0,1230.5000000004902,NO
964.0,1230.5000000004902,NO
965.0,1230.5000000004902,NO
966.0,1230.5000000004902,NO
967.0,1230.5000000004902,NO
968.0077024037556,1230.5089717923684,NO
969.045052882587,1230.5896969534765,NO
970.0398679753562,1230.713624417299,NO
971.0185145066545,1230.8251407668465,NO
972.0078935644627,1230.941656263201,NO
972.9945057081729,1231.053886323828,NO
973.9862275372269,1231.1494458667435,NO
974.9720251958427,1231.2459853413675,NO
975.9758732931235,1231.3417950170626,NO
976.9717473749845,1231.4116811161534,NO
977.9777728629207,1231.4723266519263,NO
979.0,1231.5000000004902,NO
980.0,1231.5000000004902,NO
981.0,1231.5000000004902,NO
982.0,1231.5000000004902,NO
983.0,1231.5000000004902,NO
984.0,1231.5000000004902,NO
985.0,1231.5000000004902,NO
986.0,1231.5000000004902,NO
987.0,1231.5000000004902,NO
988.0,1231.5000000004902,NO
989.0,1231.5000000004902,NO
990.0,1231.5000000004902,NO
991.0,1231.5000000004902,NO
992.0077024037556,1231.5089717923684,NO
993.0451201770184,1231.5890840934644,NO
994.0371147837178,1231.7042415673177,NO
995.0201337290057,1231.8133054252537,NO
996.0094087052113,1231.9304573969007,NO
996.995803118427,1232.0419688132163,NO
997.9846499611888,1232.142336721001,NO
998.9751764679405,1232.2434615650611,NO
999.9772252022472,1232.3318613457648,NO
1000.9675334797834,1232.4038518540694,NO
1001.9777850167112,1232.4720683838834,NO
1003.0,1232.5000000004902,NO
1004.0,1232.5000000004902,NO
1005.0,1232.5000000004902,NO
1006.0,1232.5000000004902,NO
1007.0,1232.5000000004902,NO
1008.0,1232.5000000004902,NO
1009.0,1232.5000000004902,NO
1010.0,1232.5000000004902,NO
1011.0,1232.5000000004902,NO
1012.0,1232.5000000004902,NO
1013.0,1232.5000000004902,NO
1014.0,1232.5000000004902,NO
1015.0,1232.5000000004902,NO
1016.0,1232.5000000004902,NO
1017.028917924998,1232.5391205737842,NO
1018.0401004075741,1232.6347998518704,NO
1019.0335373793006,1232.7590977105397,NO
1020.0156211009627,1232.886189119357,NO
1021.0006084100975,1232.9931046856993,NO
1021.9882756249299,1233.0949116073032,NO
1022.9754467545198,1233.2087025936273,NO
1023.9743813027624,1233.311084198018,NO
1024.9635763228823,1233.3952356297154,NO
1025.9777970761618,1233.4718121205663,NO
1027.0,1233.5000000004902,NO
1028.0,1233.5000000004902,NO
1029.0,1233.5000000004902,NO
1030.0,1233.5000000004902,NO
1031.0,1233.5000000004902,NO
1032.0,1233.5000000004902,NO
1033.0,1233.5000000004902,NO
1034.0455432451256,1233.5776899163147,NO
1035.0537297339856,1233.782522500528,NO
1036.0046125661042,1233.981330089169,NO
1036.9640507966096,1234.1746104179858,NO
1037.9491881189872,1234.3501899891965,NO
1038.9778501252695,1234.470684827054,NO
1040.0,1234.5000000004902,NO
1041.0,1234.5000000004902,NO
1042.0,1234.5000000004902,NO
1043.0,1234.5000000004902,NO
1044.0,1234.5000000004902,NO
1045.0,1234.5000000004902,NO
1046.0408803479604,1234.5656463065766,NO
1047.0542708341661,1234.748380687023,NO
1048.0132711592032,1234.9467063694951,NO
1048.9679125105201,1235.1423010420026,NO
1049.9483649046724,1235.3291737246452,NO
1050.9728037460998,1235.4623363145777,NO
1052.0,1235.5000000004902,NO
1053.0,1235.5000000004902,NO
1054.0,1235.5000000004902,NO
1055.0,1235.5000000004902,NO
1056.0,1235.5000000004902,NO
1057.007698914072,1235.509194259681,NO
1058.053723531329,1235.6194583020942,NO
1059.0442131497782,1235.8196103497903,NO
1059.9984375686424,1236.0072439996695,NO
1060.9618779133987,1236.1887598495105,NO
1061.9483246259913,1236.3610197220808,NO
1062.982221362676,1236.4772160642244,NO
1064.0,1236.5000000004902,NO
1065.0,1236.5000000004902,NO
1066.0,1236.5000000004902,NO
1067.0,1236.5000000004902,NO
1068.0,1236.5000000004902,NO
1069.0150915486752,1236.5189568673763,NO
1070.0517581062609,1236.6333800636407,NO
1071.0404741386285,1236.8250694025212,NO
1071.995045532219,1237.0203772460354,NO
1072.955058462273,1237.2142073185016,NO
1073.9547128580793,1237.3914651247776,NO
1074.9867177903798,1237.483851916212,NO
1076.0,1237.5000000004902,NO
1077.0,1237.5000000004902,NO
1078.0,1237.5000000004902,NO
1079.0,1237.5000000004902,NO
1080.0,1237.5000000004902,NO
1081.007698914072,1237.509194259681,NO
1082.0537101904515,1237.6195527999816,NO
1083.0439013940425,1237.8223038773604,NO
1083.9950918687598,1238.0201866683308,NO
1084.9526147977247,1238.2157719136815,NO
1085.9536825727685,1238.4003709808492,NO
1086.9913562102897,1238.4898147271292,NO
1088.0,1238.5000000004902,NO
1089.0,1238.5000000004902,NO
1090.0,1238.5000000004902,NO
1091.0,1238.5000000004902,NO
1092.0,1238.5000000004902,NO
1093.034274924671,1238.551789472371,NO
1094.0561258293894,1238.7247675654053,NO
1095.018750885774,1238.9270003659435,NO
1095.971692230248,1239.1244565715492,NO
1096.947915387742,1239.3125076735485,NO
1097.968767567081,1239.4551011751037,NO
1099.0,1239.5000000004902,NO
1100.0,1239.5000000004902,NO
1101.0,1239.5000000004902,NO
1102.0,1239.5000000004902,NO
1103.0,1239.5000000004902,NO
1104.0,1239.5000000004902,NO
1105.0456813812161,1239.5764090180442,NO
1106.0522072070094,1239.7579484125868,NO
1107.0130623239777,1239.9377403281205,NO
1107.9782902052277,1240.1129795381005,NO
1108.9517260340185,1240.2797695786508,NO
1109.9605597509226,1240.4279686433063,NO
1110.9951515319924,1240.49454373217,NO
1112.0,1240.5000000004902,NO
1113.0,1240.5000000004902,NO
1114.0,1240.5000000004902,NO
1115.0,1240.5000000004902,NO
1116.0,1240.5000000004902,NO
1117.0343126648006,1240.551295947631,NO
1118.0545131964427,1240.7103986529548,NO
1119.0234319707006,1240.8903641768204,NO
1119.9853882644022,1241.0703017492472,NO
1120.9552303301446,1241.2455111093097,NO
1121.958259689533,1241.4016520404844,NO
1122.98671368489,1241.4840014733347,NO
1124.0,1241.5000000004902,NO
1125.0,1241.5000000004902,NO
1126.0,1241.5000000004902,NO
1127.0,1241.5000000004902,NO
1128.0,1241.5000000004902,NO
1129.0409216229805,1241.5652077594941,NO
1130.0535307618843,1241.7374933773024,NO
1131.0175293297912,1241.9164489930786,NO
1131.9807233575336,1242.0945296897091,NO
1132.9522187082048,1242.2677852519105,NO
1133.9612802541799,1242.4201504167786,NO
1134.9913527742399,1242.490009436612,NO
1136.0,1242.5000000004902,NO
1137.0,1242.5000000004902,NO
1138.0,1242.5000000004902,NO
1139.0,1242.5000000004902,NO
1140.0,1242.5000000004902,NO
1141.0287608941758,1242.5416232524972,NO
1142.058166834772,1242.7119894539644,NO
1143.0212228073594,1242.920995388306,NO
1143.9700557174638,1243.1241592243566,NO
1144.9458847357923,1243.3209160963954,NO
1145.9736489440454,1243.4634151351986,NO
1147.0,1243.5000000004902,NO
1148.0,1243.5000000004902,NO
1149.0,1243.5000000004902,NO
1150.0,1243.5000000004902,NO
1151.0,1243.5000000004902,NO
1152.0,1243.5000000004902,NO
1153.0,1243.5000000004902,NO
1154.0,1243.5000000004902,NO
1155.0288631474173,1243.5399935914716,NO
1156.0481755011988,1243.6587568506752,NO
1157.031070249489,1243.796848375087,NO
1158.0097085339667,1243.9282412713378,NO
1158.9943317950544,1244.048179743663,NO
1159.9807230535982,1244.1611679111118,NO
1160.973687435352,1244.2683881573987,NO
1161.972654684735,1244.3575925636785,NO
1162.9704357963528,1244.4307926909082,NO
1163.9867011792028,1244.4844570376497,NO
1165.0,1244.5000000004902,NO
1166.0,1244.5000000004902,NO
1167.0,1244.5000000004902,NO
1168.0,1244.5000000004902,NO
1169.0,1244.5000000004902,NO
1170.0,1244.5000000004902,NO
1171.0,1244.5000000004902,NO
1172.0,1244.5000000004902,NO
1173.0,1244.5000000004902,NO
1174.023046008085,1244.5298614490966,NO
1175.041626036805,1244.6209057282238,NO
1176.0323662148783,1244.7337617815497,NO
1177.018243216875,1244.8499348293315,NO
1178.0031786064337,1244.9783854765112,NO
1178.9802653968322,1245.1198172332597,NO
1179.9644861398544,1245.2624937465,NO
1180.9632172991953,1245.3828403327416,NO
1181.9781675000838,1245.4639406124027,NO
1182.9961111974121,1245.4958223588126,NO
1184.0,1245.5000000004902,NO
1185.0,1245.5000000004902,NO
1186.0,1245.5000000004902,NO
1187.0,1245.5000000004902,NO
1188.0,1245.5000000004902,NO
1189.0,1245.5000000004902,NO
1190.0,1245.5000000004902,NO
1191.0,1245.5000000004902,NO
1192.0,1245.5000000004902,NO
1193.023046008085,1245.5298614490966,NO
1194.041552357263,1245.6215767383505,NO
1195.0349397974512,1245.7454386136462,NO
1196.0177202208888,1245.8810879868777,NO
1196.9952455371179,1246.0278709903546,NO
1197.971765462813,1246.177773007746,NO
1198.96352633168,1246.3152808615082,NO
1199.9654093443871,1246.420029412912,NO
1200.9867060751694,1246.4842786845816,NO
1202.0,1246.5000000004902,NO
1203.0,1246.5000000004902,NO
1204.0,1246.5000000004902,NO
1205.0,1246.5000000004902,NO
1206.0,1246.5000000004902,NO
1207.0,1246.5000000004902,NO
1208.0,1246.5000000004902,NO
1209.0,1246.5000000004902,NO
1210.0,1246.5000000004902,NO
1211.0,1246.5000000004902,NO
1212.0288631474173,1246.5399935914716,NO
1213.0482591224888,1246.6581645331764,NO
1214.0297395483328,1246.7893448562013,NO
1215.0110729740434,1246.9181562795595,NO
1215.9933664972002,1247.0469873136792,NO
1216.9819464688317,1247.1674054678685,NO
1217.973640752008,1247.2688643275073,NO
1218.9681335344194,1247.3611532693767,NO
1219.9750772176064,1247.4382972201306,NO
1220.9866969469313,1247.484611213255,NO
1222.0,1247.5000000004902,NO
1223.0,1247.5000000004902,NO
1224.0,1247.5000000004902,NO
1225.0,1247.5000000004902,NO
1226.0,1247.5000000004902,NO
1227.0,1247.5000000004902,NO
1228.0,1247.5000000004902,NO
1229.0,1247.5000000004902,NO
1230.0,1247.5000000004902,NO
1231.023046008085,1247.5298614490966,NO
1232.041552357263,1247.6215767383505,NO
1233.0349168504404,1247.7456057990148,NO
1234.0179732633283,1247.8824825126874,NO
1234.996996970264,1248.0204206019591,NO
1235.9797063175072,1248.152202615264,NO
1236.9701709129595,1248.2716577627207,NO
1237.9640350222064,1248.3743293386374,NO
1238.9739862778,1248.4574827138267,NO
1239.9961114884775,1248.4957852479797,NO
1241.0,1248.5000000004902,NO
1242.0,1248.5000000004902,NO
1243.0,1248.5000000004902,NO
1244.0,1248.5000000004902,NO
1245.0,1248.5000000004902,NO
1246.0,1248.5000000004902,NO
1247.0,1248.5000000004902,NO
1248.0,1248.5000000004902,NO
1249.0,1248.5000000004902,NO
1250.0151128100545,1248.5182791608866,NO
1251.0382865788497,1248.5932051031457,NO
1252.0399178736598,1248.7172483817908,NO
1253.0221377021949,1248.8552534901805,NO
1254.0010962589527,1248.992545439211,NO
1254.9866987727974,1249.1169590641512,NO
1255.9772771424293,1249.2228587959826,NO
1256.9638095950131,1249.3238088859575,NO
1257.9864048915324,1249.4078532813926,NO
1259.0326840534924,1249.3704192655248,NO
1260.0363292246554,1249.243788227362,NO
1261.0160492867503,1249.0962957205018,NO
1261.9892071692716,1248.9401701816191,NO
1262.9632990906568,1248.782355076094,NO
1263.9541613999622,1248.6347236560339,NO
1264.9769710308415,1248.5302090431853,NO
1266.0,1248.5000000004902,NO
1267.0,1248.5000000004902,NO
1268.0,1248.5000000004902,NO
1269.0,1248.5000000004902,NO
1270.0,1248.5000000004902,NO
1271.0,1248.5000000004902,NO
1272.0,1248.5000000004902,NO
1273.0123762392132,1248.4855293829828,NO
1274.032559061224,1248.4257723146102,NO
1275.0396179398824,1248.315705458363,NO
1276.0280476070436,1248.1765960402033,NO
1277.0049511814016,1248.0311741043897,NO
1277.9801358169004,1247.8822007765873,NO
1278.9527547426944,1247.729268758462,NO
1279.9597190461075,1247.580749280124,NO
1280.9922959630728,1247.5088676776866,NO
1282.0,1247.5000000004902,NO
1283.0,1247.5000000004902,NO
1284.0,1247.5000000004902,NO
1285.0,1247.5000000004902,NO
1286.0,1247.5000000004902,NO
1287.0,1247.5000000004902,NO
1288.0,1247.5000000004902,NO
1289.0132988207972,1247.4844570376497,NO
1290.0294878697216,1247.429680396541,NO
1291.037451641436,1247.3293161500476,NO
1292.0312446914133,1247.1852882832286,NO
1293.0047502179925,1247.0257724593544,NO
1293.9746305117762,1246.8623570318005,NO
1294.9476614673642,1246.7000825748687,NO
1295.9648867860583,1246.5523065230793,NO
1297.0,1246.5000000004902,NO
1298.0,1246.5000000004902,NO
1299.0,1246.5000000004902,NO
1300.0,1246.5000000004902,NO
1301.0,1246.5000000004902,NO
1302.0,1246.5000000004902,NO
1303.0,1246.5000000004902,NO
1304.0132911450748,1246.4841774220515,NO
1305.0372607541983,1246.4131083617651,NO
1306.0425667822833,1246.2819358394256,NO
1307.0226058365447,1246.1280997404203,NO
1307.994474819213,1245.9690347022172,NO
1308.9646719177535,1245.8083263620333,NO
1309.9497649574253,1245.6490428669952,NO
1310.9769899616435,1245.5305952315325,NO
1312.0,1245.5000000004902,NO
1313.0,1245.5000000004902,NO
1314.0,1245.5000000004902,NO
1315.0,1245.5000000004902,NO
1316.0,1245.5000000004902,NO
1317.0,1245.5000000004902,NO
1318.0,1245.5000000004902,NO
1319.0086527702874,1245.4903236264813,NO
1320.024655824832,1245.4490882322684,NO
1321.035185723934,1245.3662187377208,NO
1322.0314994594123,1245.2549956227197,NO
1323.0177250375807,1245.1310111461362,NO
1323.999724482574,1244.9981264815258,NO
1324.9747800155062,1244.8538387246217,NO
1325.9475488078688,1244.6994369980032,NO
1326.9648867860583,1244.5523065230793,NO
1328.0,1244.5000000004902,NO
1329.0,1244.5000000004902,NO
1330.0,1244.5000000004902,NO
1331.0,1244.5000000004902,NO
1332.0038885695467,1244.49579264606,NO
1333.0252126044868,1244.4592295758478,NO
1334.0305440781729,1244.389436995977,NO
1335.0250570727824,1244.3116855527837,NO
1336.0176398340886,1244.2367451338948,NO
1337.0113846316247,1244.1658903500715,NO
1338.0083962214435,1244.0713678846794,NO
1338.9933458462558,1243.9515197360697,NO
1339.9744538878563,1243.8215271687286,NO
1340.950135314322,1243.6860371716193,NO
1341.9648461186252,1243.5517880133082,NO
1343.0,1243.5000000004902,NO
1344.0,1243.5000000004902,NO
1345.0,1243.5000000004902,NO
1346.013277460609,1243.4836789165252,NO
1347.0489126724942,1243.3779615839314,NO
1348.0431596390886,1243.159503017663,NO
1348.9818936653364,1242.9411832427545,NO
1349.9422408112287,1242.714007895362,NO
1350.9712391058242,1242.5416232524972,NO
1352.0,1242.5000000004902,NO
1353.0150593734902,1242.5199824514377,NO
1354.0646082174642,1242.700452820732,NO
1355.017980540212,1242.9490551376762,NO
1355.9486597095886,1243.1805761923172,NO
1356.9520554748942,1243.4144357251746,NO
1358.0,1243.5000000004902,NO
1359.0077004570035,1243.5090958978028,NO
1360.0500693692181,1243.6071480188723,NO
1361.046294447072,1243.7891949182892,NO
1362.0085510659444,1243.952597355107,NO
1362.99597257837,1244.0684661674554,NO
1364.004089886607,1244.0695280720608,NO
1364.999000935425,1243.9903863598383,NO
1365.9880511127824,1243.8892012295817,NO
1366.9404127581547,1243.7399579837663,NO
1369.0101844728817,1243.0553745945908,NO
1369.9564306641817,1242.860820185215,NO
1370.7049329981437,1242.451783598905,NO
1371.9788703906574,1241.9226306822572,NO
1373.9987627810222,1240.9974484021873,NO
1376.0085878758678,1240.0198452349855,NO
1376.9781226650425,1239.7871167013473,NO
1379.0099021161604,1239.020745157228,NO
1379.835782538414,1238.7024272898466,NO
1380.679242640631,1237.8285465742356,NO
1382.8943768997065,1235.785199180544,NO
1384.896141738954,1234.754439249253,NO
1385.9750147804823,1233.9706627667651,NO
1386.2942349109671,1233.3219119481173,NO
1386.4214212479797,1233.0469518226562,NO
1386.3519829116349,1232.409216819689,NO
1386.1025786354078,1231.9451323575634,NO
1385.8344580420048,1231.097126098544,NO
1385.6515326046995,1227.6131943484518,NO
1386.929091844404,1226.8525722535774,NO
1388.97487166981,1225.8808199222635,NO
1389.8078393970611,1225.6001253244026,NO
1390.1306708831112,1225.103052206476,NO
1390.6098039215685,1224.0,NO
1390.6977711416157,1222.9620732412918,NO
1391.9749291162752,1220.9539370089392,NO
1392.7776388743125,1220.5406235584087,NO
1394.9759412799006,1219.8426929888908,NO
1395.9731809222371,1219.7150473011693,NO
1396.9768756573242,1219.631455791354,NO
1398.0982767574442,1219.335130805517,NO
1399.0281249548088,1219.087934990826,NO
1399.965989071063,1218.8695318468997,NO
1400.7956417068735,1218.550654299345,NO
1402.9727843223125,1217.8422727753039,NO
1403.9616261979725,1217.6942087651646,NO
1405.0998115458926,1217.3933749190114,NO
1406.0442219138233,1217.1725179017285,NO
1407.0021277513265,1217.0538321076165,NO
1407.9990393892226,1217.0441880954274,NO
1408.9565747982533,1217.161647429095,NO
1411.0388233908373,1217.775000800628,NO
1413.230080256633,1218.5535942748425,NO
1415.2035390242925,1219.6512861587228,NO
1417.0811495544738,1220.8355805948133,NO
1418.3683302290503,1221.4217309329383,NO
1419.0093776778779,1221.9868900695035,NO
1420.1247503991733,1222.6850504386398,NO
1421.0179070940917,1222.9046252569628,NO
1421.9528859978072,1223.1171877886836,NO
1422.8575043511464,1223.4460496069044,NO
1423.985124960945,1223.6839054274492,NO
1425.0373128661774,1223.0348356613351,NO
1425.1765175205821,1221.930427948006,NO
1424.959627700311,1221.0261011611942,NO
1424.698883534817,1220.4581120578875,NO
1423.7868776880039,1219.1567541411282,NO
1422.8742821762469,1218.1497063772983,NO
1421.7717961331264,1217.4253433465778,NO
1419.7599397375436,1216.4663841223426,NO
1418.9741943462643,1216.048420586472,NO
1417.8501020938265,1215.203662446973,NO
1416.7237448966252,1214.402613928933,NO
1420.069797918591,1210.8346696463857,NO
1420.9833968708244,1211.0670274472216,NO
1423.0391898722587,1211.8547848136568,NO
1423.992588552441,1212.036601147593,NO
1426.0423341206204,1212.8166834096355,NO
1427.0043487793334,1212.9630167926887,NO
1427.9516239488241,1213.139668787458,NO
1428.8594081834763,1213.4373967777321,NO
1430.0044618337465,1213.7155581170716,NO
1430.9902410374184,1213.7072311029094,NO
1432.103603023894,1213.0898656105612,NO
1432.589019704233,1212.005640906037,NO
1432.6341721953897,1210.9713076231142,NO
1433.923891396211,1208.8337319739317,NO
1435.9162821865693,1207.8286154217126,NO
1437.0115834405246,1207.0154257530362,NO
1437.6649030582228,1206.5604572705956,NO
1438.7448552749452,1205.7059018837558,NO
1439.8416215759216,1204.7878916108598,NO
1441.9152253038742,1203.7533329729258,NO
1443.9405640116809,1202.89693408124,NO
1444.5440417563261,1202.0105729449851,NO
1443.9397416070483,1201.085582742142,NO
1442.7324784388643,1200.284303360777,NO
1441.6712367363812,1198.0212729178952,NO
1442.8384600662264,1195.6824032081781,NO
1445.001256777703,1195.114595269727,NO
1445.952098245006,1195.198214156919,NO
1447.0318419380126,1195.2611038905277,NO
1447.956359220042,1194.9452111103037,NO
1448.8190774811821,1193.910967653518,NO
1449.112003875326,1193.0607866976873,NO
1449.9933083305216,1191.9947583311996,NO
1450.8893544650875,1190.919127128893,NO
1451.944453364511,1189.90795128793,NO
1453.891355775161,1188.7801124089149,NO
1454.9839267244563,1187.980266963321,NO
1455.9995865642256,1186.9996037667977,NO
1456.9727720633978,1185.9767751570523,NO
1457.817960570002,1184.8929445526062,NO
1458.5062689287345,1183.6200079968548,NO
1459.0161634326062,1183.012733526343,NO
1459.8069444511164,1181.916479513379,NO
1460.0661180136965,1181.0278810904222,NO
1460.2890628119846,1179.9777643994105,NO
1459.9725136834109,1179.0187758643865,NO
1459.4378917086638,1178.3875638345526,NO
1458.7310681171255,1177.1849152012066,NO
1457.8391442274603,1175.0097775080862,NO
1458.875299553755,1172.7727050859796,NO
1460.9957202182468,1171.9167088643815,NO
1461.9961499756125,1171.8772804679058,NO
1463.0020535991105,1171.8690830651794,NO
1464.0054547318714,1171.9072695585326,NO
1465.0019156554204,1171.9575224239925,NO
1466.0000695872259,1171.9822552569012,NO
1466.9975604878025,1171.9555660283977,NO
1467.9812263029457,1171.8651466901608,NO
1469.9679843494232,1170.9614170384766,NO
1470.8692210893466,1169.9263466007126,NO
1471.1546548765748,1169.0728112963623,NO
1471.7969411270763,1167.945143135074,NO
1471.9773737598573,1166.996458305477,NO
1472.6515972328075,1164.9111914563323,NO
1472.8424704211702,1163.977451647637,NO
1472.9895882646445,1162.9979261609853,NO
1473.848194373023,1160.9508328534873,NO
1474.6564062016528,1158.8923177807324,NO
1474.8554926625075,1157.9793156155877,NO
1474.9791931058267,1156.997470534427,NO
1475.1109949781314,1156.0193872739565,NO
1475.7667141842712,1153.9549111436095,NO
1475.8549019607842,1153.0,NO
1475.7373013435708,1152.0673219023279,NO
1474.845007787206,1150.0772260857318,NO
1473.849782168165,1148.0241127331772,NO
1473.7760676415962,1146.9929746713806,NO
1475.3655972633273,1144.637529125478,NO
1476.9391562086403,1143.85089927408,NO
1478.892834536416,1142.8290455677063,NO
1479.2332930392563,1142.1658900033724,NO
1479.37917853874,1140.8460478157403,NO
1478.9806869460247,1140.0176583886446,NO
1477.9364286534908,1139.106039080589,NO
1476.7742648202473,1138.321143954654,NO
1475.5522480237112,1137.573936636774,NO
1475.0060480614438,1136.993545791859,NO
1473.8379289696456,1135.021989536794,NO
1473.7763626681644,1133.9969304679855,NO
1473.8487528720314,1132.9813200765116,NO
1474.7825212019402,1130.9010995319093,NO
1475.9789594815245,1128.9818765231284,NO
1476.9794747683752,1127.9766622749269,NO
1478.919370822464,1126.7912153651541,NO
1480.9854655796967,1125.9195762061938,NO
1481.9152003922711,1125.7161872852328,NO
1483.8138940403794,1124.739451667982,NO
1484.7740448658378,1123.82278710883,NO
1485.7695547680978,1121.933583471249,NO
1485.9519144792803,1120.9922537003338,NO
1486.7438912647729,1118.9213298291857,NO
1487.0327893490823,1118.0154240524,NO
1487.7863637713033,1115.9932976872021,NO
1487.6848611150888,1115.0676040544522,NO
1486.969768868901,1113.0041336447255,NO
1486.8982482234915,1112.0029926992088,NO
1486.8988750572641,1110.9968274528997,NO
1486.9384817127116,1109.9962586086478,NO
1487.094328695069,1109.0293012758243,NO
1487.3267904573388,1108.0962370137797,NO
1487.6211808423452,1106.9762309546363,NO
1487.745942762328,1105.9613391146745,NO
1488.868110735876,1103.9155646926652,NO
1489.5769794634298,1102.739041643764,NO
1489.9439472740112,1101.978863321709,NO
1490.7920105847702,1099.934876551749,NO
1491.7115551443349,1097.8925656897475,NO
1492.1721995676637,1096.0803046060196,NO
1492.8201981026564,1094.9484319502128,NO
1493.00487941619,1094.0008453699943,NO
1493.655140017172,1091.9343123869635,NO
1493.8011336220777,1090.9840127036334,NO
1493.914781925031,1089.9881363065917,NO
1494.8496030332535,1087.9100699305727,NO
1495.1383188937173,1087.074844944511,NO
1495.7479956374848,1085.9423912023858,NO
1495.8942874955824,1084.9872713512952,NO
1496.7952992829353,1082.916114284717,NO
1497.9736729838373,1080.9808005416774,NO
1498.8432352502766,1078.9723916334435,NO
1499.7580636154767,1076.9130366895824,NO
1500.6814601268995,1074.8866590677055,NO
1501.7125601499872,1072.868518991378,NO
1502.7927826326895,1070.9081253126894,NO
1503.781734394127,1068.9257395194709,NO
1504.0527016003189,1068.020848377236,NO
1504.3378634025653,1067.1194697228789,NO
1504.6736065921627,1065.990400194209,NO
1503.960410998639,1064.0331006648544,NO
1502.9773284139571,1063.023718470182,NO
1501.963859921892,1062.039586964863,NO
1500.6877280868455,1060.0292366142303,NO
1500.6743346168817,1058.9676971583349,NO
1503.0063785265284,1057.0161456452104,NO
1503.9896682679746,1056.8063756933643,NO
1504.980050105567,1056.7456388464557,NO
1507.0142024572528,1056.0320145650228,NO
1507.8889075449617,1055.7345606138047,NO
1508.977474209496,1054.9742418088638,NO
1509.9610617625233,1053.968966515313,NO
1510.7225884627935,1051.9820498410036,NO
1510.785556301631,1050.9865447090215,NO
1510.8577712291296,1049.9844527256198,NO
1511.7613421268545,1047.910537704901,NO
1512.6851529571793,1045.8819769313131,NO
1513.9139019145896,1043.8945795673837,NO
1514.9472373704898,1042.9482262263216,NO
1515.9909105080787,1040.9963623612516,NO
1516.6318240674361,1038.9711234562155,NO
1516.761223649226,1037.9631925783392,NO
1517.013611678383,1037.0061768464232,NO
1517.7426016453444,1034.9833448116901,NO
1517.7813926245533,1033.9961422226042,NO
1517.7901960784313,1033.0,NO
1517.7958622800459,1031.9932836045875,NO
1518.677079133125,1029.8540111973366,NO
1519.9623937205054,1027.9672175613161,NO
1520.7050557830296,1026.8749152212306,NO
1521.0185547731005,1026.0084085677968,NO
1521.7271860730718,1023.9780679009277,NO
1522.8649906648443,1021.843275876931,NO
1523.8519086863803,1020.87709723052,NO
1524.4982300435242,1019.7462312917734,NO
1524.853423364425,1018.957248480153,NO
1525.0921777125002,1018.036391200787,NO
1525.4060909042746,1017.1382539569142,NO
1525.7205069951474,1015.9912315923436,NO
1525.7531194562753,1014.9917706490946,NO
1525.7923067810975,1013.9880966331478,NO
1525.8255979318737,1012.9929959006878,NO
1525.8332361857501,1012.0040184051402,NO
1525.7205013693815,1011.0624907979744,NO
1524.9074834524993,1009.0210568035484,NO
1524.7540983597164,1008.0313404045547,NO
1524.6819013430684,1006.9950102168232,NO
1525.6548900539397,1004.5961784171598,NO
1526.921251530555,1003.8469395967677,NO
1528.0099970969948,1003.0117108853133,NO
1528.4459387823958,1002.4273927946529,NO
1529.0068087538666,1002.0056537801786,NO
1529.7243390248896,1000.9159376787782,NO
1530.0202741457028,1000.0082598370657,NO
1530.742410178789,997.9712105493259,NO
1530.8628358546193,996.9780648436085,NO
1531.6298033472315,994.909228615258,NO
1531.7877004701554,993.99292334948,NO
1531.8129892136028,992.996699809496,NO
1531.8392080964363,991.9936445886806,NO
1532.0330918709778,991.0125404331304,NO
1532.8053938097084,988.961540276145,NO
1533.725818366233,986.8935457285098,NO
1533.9452172001438,985.9899027780788,NO
1534.0900762733022,985.0118335499856,NO
1534.191521678197,984.0117335415638,NO
1534.2909184064908,983.048879006118,NO
1534.4573643687406,982.0742319166129,NO
1534.5895123312125,980.9927560996207,NO
1534.5980392156862,980.0,NO
1534.4870313380763,978.92337653986,NO
1534.305669710011,977.9443369395574,NO
1534.1875332228249,976.9841073529997,NO
1534.0898471764406,975.9897820855867,NO
1533.995203616931,975.0004232102792,NO
1533.9408301682088,974.0010441735515,NO
1533.9544836725954,972.9980365505679,NO
1534.032743140376,972.0040153603185,NO
1534.6544980501283,969.9187272555238,NO
1534.8087693092054,968.9816268541149,NO
1534.868125612356,967.9958627644692,NO
1534.8682022464648,967.0041348313235,NO
1534.8150747706316,966.014866537413,NO
1534.63399481021,965.1164937532709,NO
1533.9788678229677,964.0184572185283,NO
1532.9361472752805,963.1082493042409,NO
1531.7617745449909,962.2907476078625,NO
1530.6419920349563,960.0400126550114,NO
1530.5571862803295,959.0078143601277,NO
1530.6114348334193,957.9634291604845,NO
1531.6378986347963,955.5678625714561,NO
1532.9208549945795,954.8418919301496,NO
1534.0186771417048,954.0254464535975,NO
1534.699980375223,953.609597896329,NO
1535.7247631876776,952.7158526522147,NO
1536.6827502459068,951.6995953492305,NO
1537.4948225046123,950.6296502876475,NO
1537.9946912204134,949.9964960809339,NO
1538.3225857459565,949.1135559672684,NO
1538.340451496745,947.8854983708299,NO
1538.0195051733315,946.9886535622076,NO
1537.622337810419,946.2270436056262,NO
1536.9029524112364,945.0512291541411,NO
1535.9549582796467,943.0056530096986,NO
1535.9134950463258,941.9976253541851,NO
1535.9995887895623,940.9999320243966,NO
1536.8705824831698,938.9497279659064,NO
1537.7516315835057,936.9332578236022,NO
1537.9097416156749,935.9923298209882,NO
1538.0798200726038,935.0245230348639,NO
1538.3064762701383,934.0873410398764,NO
1538.5671448201242,932.9855714949722,NO
1538.5914867042127,931.9927909414988,NO
1538.6009669940597,930.9992175823821,NO
1538.5934128160306,930.0071750682911,NO
1538.304969242947,928.9032555594503,NO
1538.064702424948,927.9783014156953,NO
1537.8879702833701,927.0077490906248,NO
1537.8231093954735,926.0114458630965,NO
1537.759436431886,925.0155658785496,NO
1537.696332485412,924.0190536481164,NO
1537.0581751492136,921.9781318966951,NO
1536.8630856428404,921.0116350147031,NO
1536.7894612855966,920.0132102723749,NO
1536.7265399831697,919.0176944723738,NO
1536.663534780524,918.0211115433405,NO
1536.3321111208695,916.8904969832397,NO
1536.0898321793948,915.9712793942575,NO
1535.9314931382298,915.0036555045697,NO
1535.8918063339572,914.0031821665416,NO
1535.8764705882354,913.0,NO
1535.885551015836,911.9979803119488,NO
1535.9101815883535,910.9971821675867,NO
1535.942217806766,909.9973526087992,NO
1536.0962155546893,909.0310727292688,NO
1536.3358939217183,908.1008766485476,NO
1536.5980392156862,907.0,NO
1536.5980392156862,906.0,NO
1536.605267141343,904.9945820980025,NO
1536.627452529241,903.9890427218158,NO
1536.6490979282303,902.9944956534198,NO
1536.6490807310738,902.0055046163395,NO
1536.350311719945,900.8855648384442,NO
1536.0960899548522,899.9680370212014,NO
1535.928546840181,899.0055511421535,NO
1535.8583905227806,898.0108289606451,NO
1535.7821874016981,897.0175104238224,NO
1535.6992277575448,896.0283079759988,NO
1535.0629156659722,893.9779570225489,NO
1534.8857218386822,893.0063236929335,NO
1534.835457346674,892.0080658165801,NO
1534.7743385423962,891.0176989378843,NO
1534.0236941614953,888.9893784796232,NO
1533.7193167868347,888.1076548568911,NO
1532.9872911381349,887.0100401639735,NO
1531.7647821953371,885.1155861377736,NO
1530.782484292551,883.0253732187434,NO
1530.7059943056947,882.0092237077,NO
1530.7166843582825,880.9861119779328,NO
1530.8087387442695,879.9750197155564,NO
1531.7815915224191,877.8890495646198,NO
1532.976219800437,875.9836206341544,NO
1533.6664961554377,874.0045775037623,NO
1533.0131986793972,871.9943861433741,NO
1532.7055122316008,871.1027124162143,NO
1531.8293270536506,869.0210982632393,NO
1531.7369599188241,868.0211463585649,NO
1531.0066131935785,865.9969991744713,NO
1530.0107595812385,863.9945133261806,NO
1529.7462287833705,863.0354514557603,NO
1529.6424146731529,862.0280459080404,NO
1529.587972365915,861.0056552812687,NO
1529.6189179276112,859.9760889678284,NO
1529.7307646878298,858.9638181803681,NO
1530.7829456010513,856.8739069198397,NO
1531.460486397144,855.5411612921155,NO
1532.0095087937589,855.0076584336406,NO
1532.6542876501292,853.9113052730074,NO
1532.8019607843137,853.0,NO
1532.7720319067691,852.0143038804664,NO
1532.012681803816,849.9941937100765,NO
1531.7720693312913,849.0220431454676,NO
1531.7086207587558,848.0097126407231,NO
1531.681791500618,847.0056154443718,NO
1531.6519260142843,846.0156974545174,NO
1530.971199296735,844.0187422508635,NO
1530.1100674631127,842.9405076728585,NO
1529.6758525777288,841.0457619869031,NO
1529.5604181116391,840.0206862069932,NO
1529.5601403066662,838.9793007198313,NO
1529.6628977822525,837.95703599265,NO
1529.8010631361421,836.9622425957073,NO
1530.9567196616242,834.9638668708146,NO
1531.9953281286405,832.9977078469608,NO
1532.2792654207449,832.1250492201094,NO
1532.3362383031247,830.8662454738716,NO
1531.9784429004285,830.0182044274042,NO
1530.9983724462331,829.0016714757226,NO
1529.9863321724415,828.0143072582256,NO
1528.993624502026,827.0057526542273,NO
1527.8838583989802,825.0119574946813,NO
1527.8819803401502,823.9890103146636,NO
1528.972044977443,821.9753467519705,NO
1529.9627478489253,820.9618007589103,NO
1530.3237722358285,820.1546628454569,NO
1530.35809312672,818.8378102433751,NO
1530.045587426413,817.9784642183674,NO
1529.8136955935902,817.0230305944389,NO
1529.7529411764706,816.0,NO
1529.7992505385073,814.9838613184901,NO
1529.8975983878388,813.9854896503108,NO
1530.7479530705011,811.9165598038069,NO
1531.032920463626,811.0140293958192,NO
1531.648105483582,809.0055199143403,NO
1531.3244626013648,807.8863666223049,NO
1531.0673320365624,806.9758934689438,NO
1530.8908844115754,806.0058223734353,NO
1530.8647058823528,805.0,NO
1530.9005001332969,803.9931175985495,NO
1531.070938806957,803.0253978438839,NO
1531.3001529881142,802.0152840637159,NO
1531.0912309729642,800.966347635547,NO
1530.8918035015115,800.0214218199065,NO
1530.7381053536628,799.0374868822189,NO
1530.6266025384577,798.0175716456586,NO
1530.6260149419452,796.9824007027402,NO
1530.7135636664984,795.9679865273564,NO
1530.8073259412677,794.9798187255926,NO
1530.8623897320897,793.994473483066,NO
1530.8786564816148,793.0009746467096,NO
1530.8826290102397,792.0009278338507,NO
1530.8923634643224,790.9983115836447,NO
1530.9165485550152,789.9968664476811,NO
1531.0653935695711,789.0208702886833,NO
1531.2492570347188,788.0023343530339,NO
1531.0439039140847,786.9842779579575,NO
1530.8062547756938,786.0575416820145,NO
1530.1347901960894,784.9333977874649,NO
1529.8567652674228,784.0730446772864,NO
1529.026918841728,782.9797519099841,NO
1528.5954543545952,782.2761983473861,NO
1527.702181484563,780.0332855988629,NO
1527.70303950487,778.9668102975246,NO
1528.7332394044909,776.7902254198192,NO
1529.389366280249,775.6194601618222,NO
1529.8227207515852,774.9458098366567,NO
1529.9771018837466,773.9981446190529,NO
1530.0161943319838,773.0,NO
1530.001061724685,771.999960132867,NO
1529.9716677107192,771.0008333025979,NO
1529.943290071339,770.001556743158,NO
1529.9150283351028,769.0024991665308,NO
1529.892361505106,768.001688447088,NO
1529.8843137254903,767.0,NO
1529.8843137254903,766.0,NO
1529.876407033921,765.0019387133189,NO
1529.8445497501598,764.0076201105137,NO
1529.776295155824,763.0219318476325,NO
1529.0806544830982,760.9702147347126,NO
1528.9005709238825,760.0068775048688,NO
1528.8636484392011,758.9974170691924,NO
1529.0303978119755,758.011598326903,NO
1529.2167374759426,756.9937143802103,NO
1528.943537009403,756.0394705739859,NO
1527.884359662349,754.0217120627659,NO
1527.7486042155265,753.0315477062943,NO
1527.6413584354864,752.0274255329804,NO
1527.3015436993785,750.9007577692261,NO
1527.061731105561,749.979131387981,NO
1526.893020974307,749.0040169990358,NO
1526.8697604456274,748.001787601732,NO
1526.8560057468542,747.0019763917156,NO
1526.8480389670103,746.0002979627942,NO
1526.8316485950181,745.0052816125011,NO
1526.8008306026861,744.0062484514389,NO
1526.7843137254902,743.0,NO
1526.8008306026861,741.9937515485611,NO
1526.831483722927,740.9947132150413,NO
1526.8399566184085,740.0021966738714,NO
1526.7163606362287,739.0630309678027,NO
1525.82896729872,737.0872870909783,NO
1524.9921327325292,736.006897041867,NO
1523.7713975868542,734.1133266511838,NO
1522.7611526914548,732.0304506526965,NO
1522.674765168553,731.0102034452979,NO
1522.664954452716,729.9947443832318,NO
1522.672549019608,729.0,NO
1522.3523376761534,727.8752391387782,NO
1522.0564103152994,726.9765866859467,NO
1521.8351157190625,726.0253540665691,NO
1520.965171955426,724.0254900916193,NO
1519.7902174259439,722.103755280964,NO
1518.7961796544882,720.0266206042976,NO
1518.7099427241742,719.0090998357524,NO
1518.7006326040937,717.9953040405445,NO
1518.7453219359004,716.9835208304978,NO
1518.841392958466,715.9766990671588,NO
1519.765954339037,713.9035295680815,NO
1520.0547609803195,713.0253169451943,NO
1520.38346085475,712.1287332893627,NO
1520.659369159538,711.0113543605869,NO
1520.6215702525164,710.0185504783714,NO
1520.5869091163345,709.0064798574182,NO
1520.6045802782194,707.9821673455856,NO
1520.671055675011,706.9742004450507,NO
1520.767753318805,705.9740430179227,NO
1520.8679806173252,704.9855357242252,NO
1521.0636619783506,704.0233072096219,NO
1521.326266744952,703.1092346861434,NO
1521.633528266865,701.9942514234218,NO
1521.6411764705883,701.0,NO
1521.627223367176,700.0109640182447,NO
1521.597438525016,699.012629379119,NO
1521.286109787641,697.9044303372272,NO
1521.0439918241275,696.9845049033263,NO
1520.8586185581196,696.0078234792601,NO
1520.8155853797514,695.0061471535959,NO
1520.7831142655286,694.0068042580732,NO
1520.7509533567998,693.0083015542164,NO
1520.718805440709,692.0088217897543,NO
1520.7117030040272,690.9949124057133,NO
1520.7763131492807,689.978947119755,NO
1520.9113286557617,688.9813899652895,NO
1521.7519469612807,686.9379183685885,NO
1521.8988982587487,685.9930067969567,NO
1522.0674911714773,685.0208707643186,NO
1522.2943630627703,684.0918558318766,NO
1522.6020767619013,682.975032267227,NO
1522.6743478617468,681.9744586557756,NO
1522.760322741194,680.9769721835804,NO
1522.8271017284098,679.991524594277,NO
1522.8597633814159,678.9975252360258,NO
1522.8686274509803,678.0,NO
1522.8445369537858,677.0076207377869,NO
1522.7900000269121,676.0135882340877,NO
1522.7267657182733,675.0176798659842,NO
1522.6753035754382,674.0108232134259,NO
1522.6568627450981,673.0,NO
1522.684869185436,671.9845524105898,NO
1522.7531822722312,670.9796738353126,NO
1522.8328449159922,669.9865620428393,NO
1522.9311533888508,668.9907973879706,NO
1523.7459934134724,666.9173985256605,NO
1524.1897985323817,665.0852388604371,NO
1524.8452496749337,663.9487615985262,NO
1525.6795553803795,661.9109876034584,NO
1525.844500215744,660.9861709674585,NO
1525.8952039067283,659.9957913214408,NO
1525.9105184265982,659.0008984093357,NO
1525.903717764914,658.0024736541703,NO
1525.8884423702857,657.0017499237166,NO
1525.889522826638,655.998050402731,NO
1525.9140905113056,654.9973048004589,NO
1525.9442898139257,653.9983614651704,NO
1525.976567570078,652.9990738169829,NO
1526.1175518361188,652.0351814988218,NO
1526.3543688152147,651.1091548169201,NO
1526.6753179303803,649.9745347395901,NO
1526.7851698731733,648.9721984559222,NO
1526.9281401380003,647.986639121278,NO
1527.5981152643794,646.3056642038551,NO
1528.1232968036668,645.0624341861965,NO
1528.8554589455123,643.9429613811939,NO
1529.6337789500371,641.9162923344759,NO
1529.7589268346528,640.9942828496313,NO
1528.9483323019058,639.0552106247272,NO
1527.876546935273,638.1954256941227,NO
1526.803305064738,637.1137720999402,NO
1525.8441342204553,635.0051281860449,NO
1525.8451577763274,633.9975711022165,NO
1525.8439619249395,633.0027536132193,NO
1525.80431887151,632.0126617205772,NO
1525.6290079195458,631.1110880244169,NO
1524.8251502620235,629.0306509493669,NO
1524.6968134058793,628.0196179568625,NO
1524.7086831904148,626.9765804143461,NO
1525.6289691804952,624.6954224462269,NO
1526.6077552565496,623.6288436818863,NO
1527.5554541691656,622.5936262637724,NO
1528.0207661185896,622.0182817452885,NO
1528.6168660100886,621.3803678563577,NO
1528.895049301601,620.9460150006537,NO
1529.7009030457884,618.9343916382348,NO
1529.8425960386357,617.987345956587,NO
1529.9045325547288,616.9955074142355,NO
1529.9579522142412,615.9975266008285,NO
1530.030602039848,615.0027001800405,NO
1530.1289291266532,614.0155428392605,NO
1530.6912025968377,611.9215906258495,NO
1530.9064193240563,610.9781645090419,NO
1531.631792083888,608.8623688818581,NO
1531.8930797298967,607.9727370130233,NO
1532.1098130367936,607.0381407275622,NO
1532.3901500596485,606.112652022954,NO
1532.6500422592123,604.9951966584457,NO
1532.650084407445,604.0048027630492,NO
1532.643137254902,603.0,NO
1532.669772097416,601.9844598630456,NO
1532.7282352584853,600.9818823513774,NO
1532.7985376661504,599.9820833888355,NO
1532.847456330318,598.9951380506157,NO
1532.8342197712655,598.0121222704488,NO
1532.6729576632642,597.0936497132195,NO
1531.8518363388466,595.0302283659248,NO
1531.0820412984972,592.969872801304,NO
1530.8976712986898,592.0086959174259,NO
1530.8301745815227,591.0083247756639,NO
1530.6833465653074,590.0684368575733,NO
1530.0390819735217,588.9692812467839,NO
1529.6058516509106,588.3734036821048,NO
1528.621883727841,587.3557507935503,NO
1527.7397166481019,585.0086761111478,NO
1527.794103796987,583.967644881585,NO
1528.9986343751607,581.9986303821387,NO
1529.978017307482,580.9820660013296,NO
1530.6739895936767,579.010867012815,NO
1530.4094827738136,577.8818888080451,NO
1530.1533410975571,576.9541259876671,NO
1530.0055367285509,575.9995698557302,NO
1529.9498207531346,575.0021645949789,NO
1529.920827972566,574.0010866748895,NO
1529.919716466256,572.9990554878639,NO
1529.9324108343392,571.9990723055666,NO
1529.9471111164598,570.9991703704005,NO
1529.9627115966289,569.9994150838309,NO
1529.9705882352941,569.0,NO
1529.9626631030433,568.0005856768529,NO
1529.940169914358,567.0017597083422,NO
1529.903409326502,566.0043560500533,NO
1529.858059849064,565.0066795366704,NO
1529.8185877923818,564.0056913631562,NO
1529.8019607843137,563.0,NO
1529.8358777301607,561.9900239401101,NO
1529.9247400720642,560.9900914057315,NO
1530.6841660966738,558.9069010171976,NO
1531.4727620273643,556.6843183415758,NO
1531.939125581634,555.9685785942011,NO
1532.7318637998173,554.8164967574718,NO
1533.6219565925257,553.301245740063,NO
1533.840515457454,552.936279005735,NO
1534.9781237114883,550.981614908437,NO
1536.8529729680738,549.6486738010631,NO
1538.8623232132484,548.705196254662,NO
1538.894164089093,547.9736795503569,NO
1538.8618673606957,547.115510425627,NO
1537.9899299570898,546.0049544180298,NO
1537.0130330676786,543.9940328859653,NO
1536.7684146287083,543.0270144457726,NO
1536.6744036388513,542.0255369695495,NO
1536.0113245241944,539.9953151866539,NO
1535.7005938256739,539.1086837378718,NO
1534.9727066251796,538.0238588664369,NO
1533.9864564326003,537.0135435673998,NO
1532.7576285573705,535.0436661085048,NO
1532.6494002290044,534.0061870550743,NO
1532.664414021793,532.9848657301443,NO
1532.7092478173502,531.986317544027,NO
1532.7313725490196,531.0,NO
1532.7238164529406,530.0043322912147,NO
1532.7530391597445,528.9845044177506,NO
1533.614322096842,526.6454023744038,NO
1534.6784421389818,525.6467303219067,NO
1535.8982437303364,524.821926534201,NO
1537.8631823804956,523.6858545198182,NO
1538.9623888794943,522.9547391596531,NO
1540.0051430525725,522.0063521809586,NO
1540.5533899655236,521.4430149210225,NO
1541.5832560261645,520.6099905394635,NO
1542.039072380897,520.0321645552335,NO
1542.838338118243,518.9337205098051,NO
1543.6348008654495,516.9190245772947,NO
1543.7923984542754,515.9865669582772,NO
1543.8621051000039,514.9894550952765,NO
1543.918241025186,513.995475787803,NO
1543.8638369898904,513.023456032157,NO
1543.6153476469228,512.2251760517037,NO
1542.8461553822685,511.1389641750963,NO
1541.7130455251393,509.0455751235475,NO
1541.6396570874927,507.9773902484582,NO
1541.8194762382466,506.9575238219018,NO
1542.0281926968885,506.00885558403627,NO
1542.814430658401,503.9600967819548,NO
1542.9725202643526,502.99598122445553,NO
1543.150093629516,502.04652748093474,NO
1543.427031845396,501.12248944977955,NO
1543.7437736671009,499.9713629391964,NO
1543.848990823924,498.98341860062465,NO
1543.9493587953916,497.9948958468584,NO
1544.119607045908,497.0390478197944,NO
1544.7693149450404,494.97059896412713,NO
1544.8883829442557,493.98599315378567,NO
1545.0113296049662,493.00167382100057,NO
1545.1868714462619,492.0586736156365,NO
1545.4777907926898,491.11917183513293,NO
1545.6836217323257,489.99441685383636,NO
1545.700447934859,488.99530114377205,NO
1545.7335994022994,487.9874635009925,NO
1545.779360479658,486.9896169635066,NO
1545.8019607843137,486.0,NO
1545.6595139624433,485.08887262422803,NO
1545.0129486795772,483.98970571488223,NO
1544.5178594574766,483.41363972276264,NO
1543.6266608743429,482.3322253990948,NO
1542.8551349824822,481.0437754113739,NO
1542.017353209835,478.9933529586213,NO
1541.8154259188166,478.0072954183564,NO
1541.7759902045073,477.01054163768066,NO
1541.7297876048497,476.0127158777152,NO
1541.7039215686275,475.0,NO
1541.7508583563224,473.98045947889074,NO
1541.8704851943758,472.97719071261577,NO
1542.9766059314354,470.9807675190065,NO
1543.704035073031,469.86389933774353,NO
1543.845917434251,468.983709331564,NO
1543.751761870962,468.08045909047286,NO
1543.4201784220354,467.4064728396342,NO
1543.1273700850204,466.9305109558599,NO
1542.7332468523923,465.025629225497,NO
1542.702004044793,463.98539235470105,NO
1542.8161707552567,462.9654851223962,NO
1543.9659493434845,460.97214037289535,NO
1544.9889830529623,458.99505738644126,NO
1545.6691390971446,456.9837813278075,NO
1545.7386786403213,455.97847941863336,NO
1545.8405764484294,454.9810960215907,NO
1546.0531368453514,454.02127678571816,NO
1546.7156868464829,451.9860630802941,NO
1546.7310679735467,451.00421854186453,NO
1545.9453599728854,449.0500284672197,NO
1544.9059425930468,448.13535936841123,NO
1543.7667469434023,447.23408017819344,NO
1542.7700683518826,445.00811523412517,NO
1542.8033941653814,443.98226692472065,NO
1543.4474930862568,441.6930517208659,NO
1543.9941362644727,440.9954280282962,NO
1544.9908987637436,439.9886803370654,NO
1546.9939254723974,438.9625213085877,NO
1547.9922898688008,438.86440803365934,NO
1548.9911162707524,438.8112207578876,NO
1549.9215566548285,438.6595711067996,NO
1551.0260899150576,438.03435784644716,NO
1551.590516220474,437.58891977677587,NO
1552.035462840252,437.0270962704163,NO
1552.6648841973324,435.9217439050755,NO
1552.809143232219,434.9936381081675,NO
1552.8335824302185,433.9973895281482,NO
1552.8648919510938,432.9939068918113,NO
1552.908255939121,431.9960424130306,NO
1552.9444451254242,430.9983660331555,NO
1552.990360867297,429.99941409191314,NO
1553.0799012579366,429.0110906507063,NO
1553.79851540715,426.9445809947912,NO
1553.9900533051327,425.99797438124426,NO
1554.7816534991243,423.93784981483674,NO
1555.2085921606565,422.08643055029285,NO
1555.8140444583867,420.9441335309777,NO
1555.964626659538,419.99729497969156,NO
1555.9888136896602,419.00035094305593,NO
1555.9209874706407,418.0085209591995,NO
1555.7653462724868,417.05954654051624,NO
1554.9817857209478,415.00416326388677,NO
1554.8138480503233,414.03212033606155,NO
1554.6727010672266,413.03080460569686,NO
1554.6307815268744,411.98841667580086,NO
1554.765434683696,410.95781532874344,NO
1555.8740615049603,408.926388061044,NO
1556.737068605283,406.93160420123434,NO
1556.892467166215,405.98840332164133,NO
1556.9601570928712,404.99875002649134,NO
1556.9764705882353,404.0,NO
1556.9601449329848,403.00125035499525,NO
1556.8841032175023,402.0155612915458,NO
1556.6937132505172,401.1109938163596,NO
1556.0179610696425,399.98774220903454,NO
1555.6164379141626,399.38216985047154,NO
1555.0241044611157,398.9700746482107,NO
1553.9467093805806,398.08411657376917,NO
1552.8339142595198,397.18850583182063,NO
1551.811542584219,396.1660430828408,NO
1550.9164103678775,395.0526604557497,NO
1549.8085479546362,393.0799844097608,NO
1548.8627969715678,391.04858965993196,NO
1548.415470875587,390.27233742816054,NO
1547.7463877305227,388.0442578287575,NO
1547.6192206706337,387.00597300947476,NO
1547.7362638584327,385.95345832795874,NO
1548.9009481519547,383.8964748411455,NO
1549.9749074952854,382.9614107697843,NO
1550.6318556865624,382.4601730217782,NO
1551.7371506529078,381.6988079291992,NO
1552.493298676112,380.68073049386965,NO
1552.8143109250088,379.9606114069638,NO
1552.8735641499811,379.00991653727493,NO
1552.7070495695705,378.10616994792133,NO
1552.0079738146687,376.9939289160545,NO
1551.500585990075,376.4239629935229,NO
1550.5372179722933,375.46278202770674,NO
1550.0277509424427,374.9702668485949,NO
1548.991509445966,374.01122671321735,NO
1547.886196429733,373.29187268170307,NO
1545.7873796289846,372.3090956871435,NO
1544.5932365140295,371.43092763142215,NO
1543.6355092967833,370.25577291259,NO
1542.7859098557376,368.02770578163427,NO
1542.670021098239,367.03170385713656,NO
1542.0720185420928,364.97711151643955,NO
1541.9027377286782,364.00672762707535,NO
1541.8178471622675,363.02071542122775,NO
1541.193744511911,361.84028426981143,NO
1540.8563377402174,361.2289709756095,NO
1538.9319295643973,360.1672587803188,NO
1536.923446148886,359.2276201079611,NO
1534.8832285274623,358.3153187054259,NO
1533.9816784748855,358.088733657222,NO
1531.919137051328,357.2222459515729,NO
1529.8219001965772,355.0147815623789,NO
1530.5943394079661,352.62796174858676,NO
1531.793219947344,351.6943251242498,NO
1532.955568609088,350.92161894732106,NO
1533.484859408037,350.37520639785555,NO
1534.0098729331457,350.0094947633176,NO
1534.850951596849,348.93485527556044,NO
1535.8098967314872,346.92172218535563,NO
1536.808077097362,344.9247054523781,NO
1537.7495092637073,342.9204656517708,NO
1538.031298108679,342.0127964464379,NO
1538.7332220479732,339.9743683913332,NO
1538.8256907861964,338.9832526431765,NO
1538.9129135694288,337.990888341028,NO
1539.0992171581422,337.0374628439337,NO
1539.3984444224818,336.1478564890957,NO
1539.7421634722148,334.9914054496505,NO
1539.7421634433097,334.008594551313,NO
1539.0494966285742,331.9778638575504,NO
1538.7605940069207,331.08823178825236,NO
1537.7557504205156,329.10637633879264,NO
1536.7803152663741,327.02915775134466,NO
1536.7059718232408,326.0092244130318,NO
1536.7169232031338,324.9861236860141,NO
1536.818589178212,323.9721046662191,NO
1537.7838218062218,321.9079985806613,NO
1538.6581212756012,319.8954838821838,NO
1538.8386064177462,318.98449355686915,NO
1538.892654826166,317.99810567331355,NO
1538.8781618401486,317.00573356059726,NO
1538.8170104826586,316.0150697241206,NO
1538.6862344149736,315.05783391120224,NO
1538.0548861696136,312.9890450096828,NO
1537.8532799355187,312.0492222161628,NO
1537.4293169297216,311.28327684759466,NO
1536.7082673770383,309.0961649180689,NO
1535.9283923691448,307.00906696769067,NO
1535.7776571577028,306.0487036705082,NO
1535.010745992406,303.9965787334182,NO
1534.7475909839225,303.1251070731538,NO
1533.9851745030348,302.0094088268536,NO
1533.5412925052228,301.3510438901184,NO
1532.7037906733672,300.2322134672873,NO
1531.8768711528026,299.07168064072783,NO
1530.965880497023,297.00182060593386,NO
1530.9678492777978,295.99770582786175,NO
1531.1217426987862,295.0442820887704,NO
1531.354727346121,293.9909675906014,NO
1531.0033891321139,292.99758540659957,NO
1530.532290925139,292.4512982362457,NO
1530.0249710749404,291.9690794412386,NO
1528.9206350726342,291.2608538369527,NO
1527.9923150669956,291.09043200107374,NO
1527.0260008721884,290.91818833680253,NO
1526.0954875951174,290.68226253058293,NO
1524.9873697667676,290.4025886998472,NO
1523.9897418116548,290.37369114248713,NO
1522.9951455858106,290.35367874703917,NO
1521.9940417652533,290.337633286372,NO
1520.9852140276591,290.301633826752,NO
1519.9812333426444,290.23343891852977,NO
1518.9840463541282,290.129148561266,NO
1516.7971162642039,289.40025433284836,NO
1514.8053672322321,288.3846191421724,NO
1512.7365418568195,286.04649261350244,NO
1512.5872960485974,285.02589515008526,NO
1512.5470588235294,284.0,NO
1512.5979055421712,282.9684631797192,NO
1512.7350521752544,281.95740054860084,NO
1513.926753391558,279.8961107682645,NO
1514.974226600387,278.9747846152241,NO
1515.753270719247,277.89194760089663,NO
1515.9238910322397,276.99346303372323,NO
1515.8748831059293,276.0283151945887,NO
1515.620629850688,275.23582467229863,NO
1514.8151869638025,274.17861126067464,NO
1513.8822931726745,273.0833882160733,NO
1512.7965491415894,271.0245266843249,NO
1512.7090886476358,270.0096970444282,NO
1512.6901960784314,269.0,NO
1512.6824861781895,268.004980609292,NO
1512.6530686977364,267.01632617931057,NO
1512.4245037553076,265.8972449846744,NO
1512.1799593541682,264.95000088636516,NO
1512.0286093207217,263.99694795886427,NO
1511.9291366282507,263.007503180382,NO
1511.7582293945413,262.06919180533805,NO
1511.5899923351308,261.7490455009254,NO
1510.853432449297,260.0625218208002,NO
1510.5952854033098,259.6822709720493,NO
1509.8669937544785,258.0287141791867,NO
1509.064643024694,255.9748420052604,NO
1508.8785392766863,255.00701665561076,NO
1508.8644992378472,253.9965187552503,NO
1509.047145986205,253.01784950872295,NO
1509.6710460087731,250.9896798751841,NO
1509.6793331247072,250.00440131006593,NO
1509.6518524532135,249.0157007719775,NO
1509.0365508336006,246.98607409413577,NO
1508.7656365476448,246.07070625786588,NO
1508.011700642443,244.98908375793332,NO
1507.4880539157464,244.62189426396588,NO
1506.9914726287554,244.01064597269493,NO
1505.8969657109046,243.1912833795488,NO
1504.5684412836931,242.52281341233638,NO
1503.0817318416202,240.95027644025475,NO
1502.7811878188768,240.11363434519828,NO
1501.7902257217384,238.03731162962987,NO
1501.6420621162013,237.03368827169996,NO
1501.5965453613164,235.98892477449465,NO
1501.6916332192557,234.96069835220038,NO
1501.8375149087767,233.97100216127964,NO
1502.7327483962645,231.89839512745505,NO
1503.027205994778,231.01212034221683,NO
1503.3146898044033,230.1151478572516,NO
1503.312950820431,228.88548845277623,NO
1502.995137829466,228.00312774590623,NO
1502.504760238568,227.29962781090697,NO
1501.607306740135,225.65987032463747,NO
1500.8385227478718,224.0618227203285,NO
1500.6355432087946,223.69413887344766,NO
1499.9188891578658,222.01738089491963,NO
1499.680922896087,221.1226083343317,NO
1498.9840643010505,220.0115681367197,NO
1498.3999686511077,219.3949444839412,NO
1497.7010126604014,218.25127120316628,NO
1496.763726754331,217.23712468855385,NO
1495.7687122785544,216.21237492067144,NO
1494.8891207881588,215.0682547867044,NO
1494.0083726173848,213.99298390243862,NO
1493.467399880348,213.4155036303071,NO
1492.646651057576,212.3240623448756,NO
1491.6962462777024,211.27919718577223,NO
1490.772919324342,210.17344506352276,NO
1489.6015966296568,208.2255879245802,NO
1488.8987494798225,207.06024720470805,NO
1487.9844729308236,206.0169490464614,NO
1486.960675080628,205.0440462121276,NO
1485.9479258845295,204.05081086259173,NO
1484.694666349473,202.09356999274772,NO
1484.0016638143227,200.9986371113796,NO
1483.5027178809244,200.54962759599334,NO
1482.9773181540018,200.03585765623455,NO
1481.85533024595,199.2230196939027,NO
1480.6520347346989,198.45680021235265,NO
1480.015868618972,197.98101298276703,NO
1478.9754768643104,197.03068279180383,NO
1476.9828981036635,196.15574941635774,NO
1475.9946605457867,196.0643277108797,NO
1475.0302753084975,195.90095362474662,NO
1474.0987206743946,195.6657600257027,NO
1472.9768252211934,195.36934803447363,NO
1471.9806817866854,195.30788402240432,NO
1470.987976453831,195.25550035013572,NO
1469.9964621632641,195.2255370773049,NO
1469.0035368504753,195.2254742031991,NO
1468.0037789164048,195.24090590520663,NO
1466.996224039013,195.24071749733926,NO
1465.9899048550499,195.20594095083632,NO
1464.9868394910513,195.12429369821217,NO
1464.000037509108,194.9997597517893,NO
1461.907608457393,194.36524147344429,NO
1460.9720298932061,194.16396270115155,NO
1459.9978656612193,194.01295848542674,NO
1457.8688320159515,193.34436801944335,NO
1455.783864065851,192.32209409970298,NO
1454.6746005710154,189.98468708533792,NO
1455.927986342153,187.8748762691143,NO
1457.9832811306148,186.90240845711577,NO
1458.9785552583191,186.77214962155918,NO
1459.9850397585922,186.69481108438484,NO
1461.0,186.66666666666666,NO
1462.0099223322807,186.68372564632514,NO
1463.0129837756913,186.7240947729906,NO
1464.0142303560617,186.78007632406843,NO
1465.0054869720009,186.82510276071048,NO
1465.9914007766797,186.8172665087015,NO
1467.9413970112923,185.94477647496618,NO
1468.7412916161597,183.9913763877839,NO
1468.6720067894012,183.04695629385654,NO
1468.0848490018263,180.98743298691986,NO
1467.9391729295305,180.0122399719325,NO
1467.7091207243254,179.12476352721535,NO
1466.9793973399517,178.01595544295884,NO
1466.4258402530686,177.39935180922822,NO
1464.7630197331282,176.33011660825886,NO
1463.5420481937308,175.5187505618051,NO
1463.0214182982515,174.97759619742047,NO
1462.0167208652736,173.9829244507631,NO
1461.0018428917795,172.99797593297941,NO
1459.9828954547277,172.01835854346012,NO
1458.9687245069142,171.03342316570462,NO
1457.957906372454,170.0430251568058,NO
1456.9559141275708,169.04408587242904,NO
1455.9535982236291,168.04742864468605,NO
1454.8854686703185,167.18815862242624,NO
1453.6269400834633,166.42280125442545,NO
1452.5134716762277,165.5367505984551,NO
1452.0186080344135,164.97961695495346,NO
1450.9902833167537,164.011152796722,NO
1449.9051219267724,163.1957610901786,NO
1448.2733625603319,162.41274480495474,NO
1447.9354894681758,162.2276992338911,NO
1446.9945794596727,162.06233621329739,NO
1446.0313736136727,161.89780277829553,NO
1445.0951143203717,161.66303366645096,NO
1443.9823363698924,161.39167179156001,NO
1442.9749714008528,161.32729704695714,NO
1441.9798938319066,161.25010112597664,NO
1440.9860134196563,161.1698370564621,NO
1439.991885189139,161.07663988194884,NO
1439.0052434234065,160.96351603890045,NO
1436.9276980577606,160.39553414790782,NO
1435.9832790111107,160.25841527266388,NO
1434.9900348686542,160.2032886733904,NO
1433.9924196137633,160.15463987461197,NO
1432.9951162569682,160.10829169152166,NO
1431.9978953265445,160.0715588998899,NO
1430.999231890096,160.04896700320626,NO
1429.9992230530381,160.0264161975933,NO
1428.9999298969371,160.00510750885158,NO
1428.0004403931227,160.0140375313292,NO
1427.0013959642972,160.04449636369569,NO
1425.9986284050015,160.04371959226685,NO
1423.8054198905743,159.40845287037337,NO
1421.758015636154,158.44846015512135,NO
1421.0008979855081,157.9986101033457,NO
1419.885073601601,157.30958297436914,NO
1419.0047151313936,156.9898931263464,NO
1416.9798588896135,156.12839957556662,NO
1415.9991405612823,156.00811692139231,NO
1415.0030587973895,155.9321744937889,NO
1413.9986817160059,155.91595940080975,NO
1412.998924280504,155.93142288657228,NO
1411.9992603062335,155.94610802575014,NO
1410.999447218419,155.95972591349087,NO
1410.0009149388375,155.95791281379525,NO
1409.040292357913,155.84327224092814,NO
1408.096682376755,155.63042383827047,NO
1406.9761848088472,155.3680529396911,NO
1405.980304337645,155.30438749713957,NO
1404.9848113768994,155.2420686788574,NO
1403.9907977035032,155.18772684293367,NO
1402.9931935897241,155.1388507654864,NO
1401.9948880742936,155.08409941995467,NO
1400.9985170940733,155.02520940066026,NO
1400.0019270172622,154.9672407066656,NO
1399.0038108994297,154.9154974488237,NO
1398.0055525544315,154.87128169368293,NO
1397.0121436513493,154.81784522159734,NO
1396.0398360296367,154.7176585011515,NO
1394.8990460765779,154.32496848984906,NO
1392.7232068168219,153.5559932922509,NO
1391.9552838981413,153.11008909519128,NO
1389.9337826898452,152.2134181499288,NO
1388.9952423439524,152.0346629233025,NO
1388.0037995625419,151.93749107005783,NO
1386.9975216318448,151.92100201199804,NO
1385.9984955084608,151.98331976771806,NO
1385.015065272793,152.09725682606728,NO
1384.0682643527878,152.27219330711378,NO
1381.9925040947808,152.96361743745265,NO
1381.0218832622222,153.12682345290932,NO
1380.0903679486023,153.3328008495189,NO
1378.0061404722476,154.0436800953067,NO
1377.0019254044612,154.12274452646076,NO
1375.9942541689986,154.1038353710366,NO
1375.0239834765587,153.9307379811126,NO
1372.9789157628431,153.3360300271789,NO
1371.97840138222,153.26226894474996,NO
1370.9852438273917,153.18355239881208,NO
1369.9910198373464,153.1111988049253,NO
1369.0264786336475,152.92727913881168,NO
1368.114718943142,152.66261345757584,NO
1366.9893267412028,152.34021013731603,NO
1365.9944130030901,152.316596476619,NO
1365.0055869969099,152.316596476619,NO
1364.0106732493668,152.34020983672676,NO
1363.0170016110696,152.37699223922397,NO
1361.8999309594615,152.7072283588522,NO
1360.9834581032633,152.95294855453824,NO
1360.0100803431474,153.1416848217732,NO
1359.0134449017269,153.2077848366901,NO
1358.018155318328,153.2723297871199,NO
1356.8702556513936,153.54325768132904,NO
1355.9455058699266,153.80172521110418,NO
1354.9966212681377,153.92789642387305,NO
1353.9988391372792,153.9629974993442,NO
1353.000057970839,154.00128544032046,NO
1352.0032635887726,154.05369129727308,NO
1351.0095160502774,154.12132964080894,NO
1350.0159559394735,154.19847632874735,NO
1349.0222774273393,154.2771094738472,NO
1348.0869379866856,154.43006557681545,NO
1345.9960220948988,154.9685496861701,NO
1345.0103725965278,155.08532297121045,NO
1344.0184120197773,155.1916352965865,NO
1343.0177685181943,155.27460436128456,NO
1342.020522177514,155.33762290852334,NO
1341.0184809149926,155.39271943443927,NO
1340.0144786140215,155.43435844978637,NO
1338.9513504166737,155.52323407840296,NO
1337.9557126126053,155.6499187507673,NO
1336.9701097847549,155.78697958978069,NO
1335.9970763994183,155.99122919797958,NO
1335.1462872804957,156.27017651198003,NO
1333.0972486718676,157.26030032884455,NO
1331.0027881534634,158.0443891751825,NO
1330.0024975807503,158.08491774835923,NO
1329.0036174776592,158.11530710484482,NO
1328.0045951341283,158.14646990600056,NO
1327.0026717058379,158.17032123613947,NO
1326.0,158.17843137254903,NO
1325.0033048948571,158.18727736639408,NO
1324.0146481638296,158.226380704819,NO
1322.8473001830728,158.58058452908946,NO
1321.9633959996543,158.91104938373485,NO
1321.024171602066,159.13000402330695,NO
1320.1133197851298,159.34933755642962,NO
1318.0118144393332,160.09963510524216,NO
1317.0124871999396,160.19298399146965,NO
1316.0076531857123,160.24394530401662,NO
1315.0420498441388,160.3328946194318,NO
1312.980024282177,160.8947515929272,NO
1312.0081126474593,161.048675884755,NO
1311.0230871838091,161.18689624908112,NO
1310.027991738906,161.29741222337228,NO
1308.8959421979528,161.54103974499844,NO
1307.9465266142477,161.77723214816692,NO
1306.991055491948,161.91917998051153,NO
1306.0022018343343,162.02118746227143,NO
1305.0083925318206,162.1097484867302,NO
1304.0116752256274,162.1804352980491,NO
1303.0158098442873,162.24433394754993,NO
1302.0148059986157,162.3020423627469,NO
1301.0157586815305,162.34943162815776,NO
1299.8920229578744,162.6527428284506,NO
1298.969090069245,162.90688978212734,NO
1298.0082917922032,163.08391293393024,NO
1297.0205620203808,163.18397597139256,NO
1296.1085927164097,163.37732799376082,NO
1294.0185850554844,164.1166212218445,NO
1293.078601156795,164.3086697788711,NO
1291.0054574274131,165.03134847992854,NO
1290.0272197390282,165.17352583205096,NO
1289.1031412751026,165.37708451007057,NO
1287.0011235186796,166.00997369206962,NO
1286.036624067682,166.15686769602615,NO
1283.9713854677811,166.8560468884297,NO
1283.0001390682244,167.00104301165976,NO
1282.0149068135668,167.12262056288478,NO
1281.029512721307,167.23891250479207,NO
1278.9669006717568,167.90807843599507,NO
1278.015296691232,168.1060291151918,NO
1277.0842210576154,168.30407521773725,NO
1275.0672078414689,169.1698810492507,NO
1273.0801487053477,170.18138917152802,NO
1271.021919314513,171.121286875843,NO
1270.0940042477469,171.32919634237766,NO
1268.0382458615554,172.12675771077983,NO
1265.987229040175,172.9414463560818,NO
1265.0375579582442,173.13393309121778,NO
1264.202382493659,173.4705392989018,NO
1262.0727440058713,174.21093480798925,NO
1261.7391326350364,174.37288179920512,NO
1260.0134661269165,175.06111549872344,NO
1259.0750350770522,175.26995377787148,NO
1256.9932225469634,175.95929469919037,NO
1256.013934800656,176.09870484256038,NO
1255.060004949741,176.26391065510975,NO
1253.008932729435,177.02348605386618,NO
1252.1573894379715,177.3268857566188,NO
1250.058477104792,178.18485045263972,NO
1248.003942005183,179.01224096318035,NO
1247.133507646952,179.28326226329284,NO
1245.0753545474136,180.1923414452057,NO
1244.7278430687136,180.39288067039223,NO
1243.007117619604,181.0444631560554,NO
1242.0201367228683,181.17706428330618,NO
1241.072431414207,181.33389115453696,NO
1238.991523906541,181.94847562732147,NO
1238.0099645788414,182.080665637893,NO
1237.056267355089,182.2392629772424,NO
1234.998998095105,182.99692815313426,NO
1234.1342500874525,183.26884353192574,NO
1232.1897312296376,184.32822118800982,NO
1230.1162295189315,185.2904082382796,NO
1228.0855867455946,186.25279264120186,NO
1226.0322791166009,187.1232956389231,NO
1225.177121827818,187.42321634237223,NO
1223.1462272479766,188.33293550399648,NO
1221.0082535244135,189.0501106838305,NO
1220.0683818286057,189.23972346645738,NO
1218.0265572041988,190.07261108697386,NO
1217.221877809967,190.4357210527459,NO
1215.0949626474853,191.25571267368937,NO
1213.0227655188514,192.12900460682505,NO
1212.1077990946237,192.34237599244008,NO
1210.0126011844845,193.083897357396,NO
1209.0901525681668,193.28099099543016,NO
1207.0554727413928,194.15216835437909,NO
1205.0042800251779,195.0255757605862,NO
1204.0803148325238,195.2280321479485,NO
1202.9945793297586,195.99401311538873,NO
1202.0082990865924,197.0068338987724,NO
1201.1669454149637,198.09689544958607,NO
1200.0829331993575,199.16044087020612,NO
1198.04369844353,200.13410901852492,NO
1197.3049927691036,200.56346121523083,NO
1196.0740508413471,201.13161001203846,NO
1195.008669835178,202.00927913599364,NO
1193.9886484535284,202.98710688570392,NO
1193.3721078108872,203.52481243338255,NO
1192.052191079107,204.1382442315117,NO
1189.9956246006238,204.97320067978157,NO
1189.007954948561,205.08631965119065,NO
1188.0205548873594,205.18391214962128,NO
1187.1040145193444,205.37254601353723,NO
1185.0681081751766,206.1822353816801,NO
1184.720933052398,206.4112367798575,NO
1183.0602818808047,207.15113652340744,NO
1182.6828070753527,207.36174592487956,NO
1181.0207124149724,208.09574607086432,NO
1180.1204490921818,208.32907742357082,NO
1178.0648289157903,209.22554547280174,NO
1176.0212599448441,210.06105419929332,NO
1175.246139509624,210.40942018400943,NO
1174.0834755537394,211.1243551673734,NO
1173.0279893715642,212.02988695760752,NO
1172.0208921123833,213.02142477351325,NO
1171.0015037132034,214.00175510796473,NO
1169.94323192731,214.89536127890278,NO
1169.0813964341735,215.17940867975796,NO
1167.0663983421366,216.18731544415888,NO
1166.7253867838904,216.3926823059426,NO
1165.017683621899,217.08098106887724,NO
1164.1240288217552,217.31495364427414,NO
1162.0979040558602,218.28276236681373,NO
1160.0189134836148,219.12299944615785,NO
1159.1264435280038,219.33679605746192,NO
1158.016811102479,220.02188615181845,NO
1156.1986892500572,221.33552241261333,NO
1154.0599409934848,222.1958635362604,NO
1152.9269600581858,222.8331332938301,NO
1152.0423836609157,223.09762780026338,NO
1150.9370273589238,223.8864835284335,NO
1150.1006265841704,224.17980089801145,NO
1149.0195153390678,225.02317821848175,NO
1147.1075172785772,226.23971529679437,NO
1145.0831996896725,227.22744682796355,NO
1143.0614161075239,228.16514941114949,NO
1142.6966082053289,228.36769745746753,NO
1141.066668922042,229.15387907828128,NO
1139.0743309805748,230.1789449609356,NO
1137.0820706741995,231.20701409578456,NO
1135.1174142103037,232.23539564764968,NO
1133.0764075173765,233.2487427246515,NO
1131.0816510309496,234.1763493931393,NO
1130.0054995797764,235.00603858919152,NO
1128.9953069623953,235.99529291125756,NO
1127.9908412149496,236.99039170403665,NO
1126.0909713181652,238.21637810811535,NO
1124.0734264881178,239.19293746460278,NO
1122.052091878427,240.13687805596794,NO
1120.9373652694105,240.88371848780184,NO
1120.0918617122786,241.17337578404917,NO
1118.1416637951172,242.30663000241177,NO
1116.1059405738674,243.33290223793318,NO
1114.0853935376701,244.20215146547142,NO
1112.087797556795,245.2075648794405,NO
1110.086292119046,246.2281347870017,NO
1108.1225411413766,247.26893695803972,NO
1107.00932053949,248.01283951901348,NO
1105.923452941763,248.84072026212596,NO
1104.1084528903148,249.30470098948476,NO
1102.1166617144047,250.24797941951064,NO
1101.0206533870771,251.02627424643012,NO
1099.1238163717512,252.24552395042508,NO
1098.0259360578286,253.03233799638795,NO
1096.1107661286574,254.23923200162875,NO
1094.0241992964832,255.16872287954632,NO
1092.038127169894,256.0465350024724,NO
1091.0203559803952,257.0208259609654,NO
1090.014541975559,258.0152283226769,NO
1088.1253526729713,259.2838367088432,NO
1087.0079209024261,260.0109013095074,NO
1085.939641915657,260.8908757820008,NO
1085.0936762103686,261.1810199958213,NO
1083.9934306467014,261.9911630521396,NO
1083.3312455117584,262.50094765150413,NO
1082.0711213830496,263.14906754393843,NO
1080.1047496135184,264.23470635492276,NO
1078.0831082518446,265.24066199945787,NO
1076.0345148997706,266.1037710243218,NO
1075.199225391716,266.4479552851559,NO
1073.0077383640707,267.08222011755845,NO
1072.0395269449307,267.2152022531981,NO
1071.2593426808228,267.568590417045,NO
1070.065030955161,268.09941513631503,NO
1069.1396434883309,269.0773540275578,NO
1068.4552064325203,270.3314023716173,NO
1067.4246836911989,271.50289094775513,NO
1066.0931218529713,272.1905277702584,NO
1064.9882803563478,272.9839456928642,NO
1064.3309177610831,273.46451333722683,NO
1063.096440069645,274.1654708684751,NO
1062.0071680397755,275.00914778384373,NO
1060.9414194071924,275.89238719458876,NO
1060.0780960251536,276.17581827106073,NO
1058.1796045932144,277.28515810002216,NO
1057.0415568226742,278.0686518743488,NO
1056.449970811529,278.61631077484464,NO
1055.2998156556005,279.37791887476726,NO
1054.19890828577,280.24785837408893,NO
1053.0612337964196,281.09872884366445,NO
1051.9904137348367,281.98858920325,NO
1051.3641756606744,282.51222837115887,NO
1050.069177331237,283.1565592201041,NO
1048.0523111534576,284.1478796111152,NO
1046.9266965711547,284.85250569472265,NO
1046.0641386393427,285.13321102051214,NO
1044.1201788397184,286.24796393812977,NO
1043.0309954649435,287.0355978228399,NO
1041.9964236114586,287.9956224074807,NO
1041.3649949381877,288.55114236572564,NO
1040.0624728291348,289.138555223295,NO
1038.0944178435104,290.19863601815325,NO
1037.0051961501204,291.0062188842136,NO
1035.0991600386612,292.210076160098,NO
1033.1242633897118,293.28971714144416,NO
1031.1362758078342,294.31874681842277,NO
1030.0424523993752,295.04958181209554,NO
1028.1655923955013,296.3639342849152,NO
1027.0620636454553,297.0694853068617,NO
1026.035840207886,298.0409915551423,NO
1025.0110302347332,299.01159912983144,NO
1024.0115778850152,300.01120837761744,NO
1022.0284106726913,301.20536856787913,NO
1020.0354520730718,302.04761362649396,NO
1018.1180048430441,303.2386191340802,NO
1017.0244874329622,304.03004048924095,NO
1015.1296120519298,305.2647464077487,NO
1014.0242375850222,306.03059112595906,NO
1012.13469592469,307.27249226854366,NO
1011.0501071339492,308.0525548925833,NO
1010.0282529355255,309.03293286804427,NO
1008.1063445133522,310.2465660869686,NO
1006.0645116923357,311.13283544137914,NO
1004.2346895333283,312.3404795456546,NO
1003.0706557358252,313.12394693227856,NO
1001.9922949935923,313.9906152285002,NO
1001.3889522187438,314.49934218368895,NO
1000.2166307852613,315.2981535696347,NO
999.0486166244309,316.0906283229184,NO
997.9553540282587,316.9407313095979,NO
997.2160190185645,317.31520657297443,NO
996.0342173884216,318.0744119899537,NO
995.2556328067491,318.4953788311505,NO
993.0807063035973,319.2618600217878,NO
991.0972825910028,320.1938719611603,NO
990.0125927390477,321.01500045555326,NO
988.9702384555253,321.96221067063453,NO
988.2579367682858,322.37397960254515,NO
987.0756056729938,323.12362348041466,NO
986.0047612187686,324.0056674328741,NO
984.9586598198171,324.9454768145508,NO
984.218964531212,325.32551422277027,NO
983.0467913176503,326.08868465999217,NO
981.9348738908682,326.8698995923343,NO
981.0708044583546,327.1465094609947,NO
979.9789512581486,327.9732076208329,NO
979.3073104023956,328.413969117518,NO
978.075245726628,329.15526312349846,NO
976.1053679986861,330.22894092586876,NO
975.0262208958353,331.02812095932273,NO
974.0210417210576,332.0210417210576,NO
973.0049415194823,333.0057315662519,NO
971.9450097207132,333.8970446306629,NO
971.0832405099075,334.1843494120956,NO
969.9911164043917,334.9889984608725,NO
969.446984835828,335.5427673245967,NO
968.1266902337414,336.21968921032084,NO
967.037770852325,337.0441707527466,NO
965.117865426988,338.278377322066,NO
963.9915961194652,338.98351966267535,NO
961.9865390465205,339.9707064025644,NO
961.0914268638398,340.27428060013597,NO
959.1246506802753,341.2483780200923,NO
958.0485357017841,342.0496068322137,NO
957.0436604150444,343.04462395317006,NO
956.0266999362159,344.03044589689034,NO
954.1396886919873,345.2746536053936,NO
953.0418835688585,346.05018481452896,NO
952.0024345815965,347.00298255813954,NO
950.9480527622422,347.9092861673191,NO
950.0986408829351,348.20597806710487,NO
948.1130128321031,349.26496286156225,NO
947.0148626220939,350.01869344549044,NO
945.1018343367397,351.2273835120032,NO
943.9831983933157,351.96784328183355,NO
941.9941592202448,352.988711204569,NO
940.0045373640002,354.0087953575009,NO
938.006054761493,355.00889899086746,NO
937.3410395348236,355.5289592846266,NO
936.2794651105465,356.28899232695676,NO
935.4591727130188,357.3288669599402,NO
934.9830026444921,357.98738477524836,NO
934.0439230067152,359.0386732435945,NO
933.0424084998385,360.0462922928951,NO
931.1504207857014,361.31842322181575,NO
930.0394651736973,362.04939274761625,NO
929.0027818534243,363.0031917188033,NO
927.1427628103104,364.26371463931196,NO
926.0307335371286,365.0410447916572,NO
924.1007393251901,366.2111455534214,NO
922.1457593425449,367.2955170693308,NO
921.0546308709495,368.06128158571636,NO
920.0453865321674,369.0452613259171,NO
919.0419857661191,370.04374004899995,NO
918.0264503692522,371.02870786771246,NO
917.0017941258185,372.0020922433609,NO
915.9475299775867,372.90665859241216,NO
915.104253965869,373.2021747407817,NO
914.0275048534376,374.03024727439254,NO
913.0278353883281,375.0266033922644,NO
912.0317560092913,376.03175600929126,NO
911.0110091708906,377.01339875856297,NO
909.943166791877,377.8909210149965,NO
909.0977683412209,378.176408088454,NO
908.0255299080396,379.0286378968643,NO
907.0117418770965,380.0120076051166,NO
906.0096784882091,381.00986773238054,NO
904.9842530813589,381.9804038343802,NO
904.3009194858126,382.44441346640934,NO
903.0814526478629,383.1442924259176,NO
901.9982923477841,383.99786808638413,NO
901.410683266189,384.5298547532491,NO
900.311037779367,385.3735002914826,NO
899.1077888915502,386.1734184092796,NO
898.033336846089,387.03796161081215,NO
896.9977833384191,387.9972560572151,NO
896.3561665901076,388.5286981688563,NO
895.0700530724907,389.15461208047884,NO
893.0585942493598,390.1443579033589,NO
892.672366939664,390.36228562943205,NO
891.9723422621813,390.9690834948323,NO
891.4532633489348,391.3913464482016,NO
890.9972592387019,391.9980499068221,NO
890.131478922529,393.0877638482501,NO
889.2378798350745,394.22207386564435,NO
888.0860262907023,395.1481563906775,NO
887.0199783769164,396.02132391922584,NO
886.0144823577147,397.01448235771466,NO
885.0100083422358,398.0106824033961,NO
883.075555660605,399.2058552446876,NO
881.000356984546,400.0017992738927,NO
880.0786092578015,400.22000703776416,NO
878.1055615494864,401.2153245529676,NO
877.0327344946893,402.0349521474294,NO
876.0268561385343,403.0269344352898,NO
875.0281057210439,404.02762390901864,NO
873.1689513028211,405.35157751575576,NO
872.0581364390741,406.06939432315795,NO
871.030616507176,407.03357641074297,NO
870.0305726874725,408.02879422055537,NO
869.046877929701,409.04283355934007,NO
868.048584526296,410.05183704679627,NO
866.9905163504337,410.9815763499227,NO
865.0208229273595,412.02565921954294,NO
863.9975160810816,412.9974483379677,NO
862.9983513386043,413.99838508309716,NO
862.0005098999927,415.00051880653774,NO
860.9774888847052,415.97311071149323,NO
860.3260846658635,416.4583427987346,NO
859.0646746015483,417.1381158321838,NO
857.1231376670119,418.2230997687776,NO
856.0544403312001,419.05596527159656,NO
855.0482492451423,420.0501959017858,NO
854.03472465458,421.03793798216986,NO
852.0327070514035,422.19947264043543,NO
849.9912534015131,422.9799494442968,NO
849.1364643644246,423.29517836391267,NO
848.7960465991645,423.81681963209274,NO
848.0045745955848,425.00237182274304,NO
847.0576754280154,426.05638838736496,NO
845.1615514141118,427.37633608399403,NO
844.0595411511125,428.06641458672897,NO
843.0537065649456,429.0537065649456,NO
842.051560232173,430.0527237913609,NO
841.0382303298026,431.04184442462554,NO
839.1653926161426,432.3303707227567,NO
838.0784292410193,433.0799251692526,NO
837.0245982119137,435.01231240212985,NO
836.0133120196957,437.0075373992464,NO
834.036726151152,438.28347999504473,NO
832.0086210227796,439.01878841706537,NO
830.0450095711241,440.05278395542496,NO
829.0289454026829,441.029621500898,NO
828.0314063075356,442.0314063075355,NO
827.0184538920114,443.02028497699,NO
825.1317422388782,444.26709835308407,NO
824.0269113914723,445.03218651704753,NO
823.0165477235774,446.0158303359439,NO
822.0544913224775,447.0424436829012,NO
821.0909599293348,448.0831936231578,NO
820.0838041039461,449.0876966479084,NO
819.0794243147411,450.08092288722736,NO
818.3198060697747,451.1609061879989,NO
817.9856570838826,451.9928756194405,NO
816.9413912897704,453.94412921820316,NO
816.178334927341,454.3486447680129,NO
815.0440140939871,455.05795070600306,NO
813.1549049410046,456.27811669086896,NO
812.0786531648598,457.0769907453755,NO
811.0682741918245,458.0746387326264,NO
809.1021348449042,459.33747216870273,NO
807.0915417166408,460.2161401631248,NO
806.0069250319989,461.0078525859687,NO
804.9868038823802,461.9858685641036,NO
803.9796498787904,462.9809551343103,NO
803.0280930976411,464.02061532670484,NO
802.2935188572352,465.1283499817092,NO
800.0375977364682,467.2797713995013,NO
798.0052799645529,468.0120112941996,NO
797.1644783518784,468.37135763262535,NO
796.0960439877638,469.0878435964388,NO
795.4850922841084,470.2022755002272,NO
794.9917574174816,470.99194186701226,NO
793.0166297306044,472.03725516243327,NO
791.058460777663,473.06404458589907,NO
790.0542746620368,474.0530735650367,NO
789.0523468916551,475.05586215308887,NO
787.1040655351273,476.2946179725364,NO
786.0081168407183,477.0095060943801,NO
784.9966699489084,477.996915918576,NO
784.0214791356855,479.02008753035835,NO
782.140985011125,480.32371418373424,NO
781.0297660456268,481.0363606452716,NO
780.0186504349758,482.01708809384695,NO
779.1761309568062,483.0971830987146,NO
778.1432842258703,484.20375779016194,NO
777.0658633236507,485.07052127086234,NO
776.0761652454428,486.0680856219457,NO
775.3624362407409,487.1750789871032,NO
773.993258308745,488.99211491829595,NO
772.9514927706308,489.91908710746617,NO
772.1336465039494,490.23640445742075,NO
771.0705507534844,491.0659806650757,NO
770.0877446565307,492.0803263562722,NO
769.0891578387697,493.0913502394648,NO
767.0215679443894,494.30314943769065,NO
765.0650257565096,495.07746715610125,NO
764.0497786477049,496.0497786477049,NO
763.0696073207262,497.0610512313216,NO
762.0807886103765,498.0807886103765,NO
761.0569581269895,499.06761092546805,NO
760.0421084388639,500.042957887265,NO
758.9775016537077,501.9896218101,NO
757.9761667202248,503.9865266193596,NO
756.9882273742479,504.97938589183394,NO
754.996242581281,505.9929648330772,NO
754.175780574011,506.34024852970407,NO
753.0814951717979,507.0835018928639,NO
752.3503235759615,508.1713587880686,NO
751.0237930496651,510.0237930496651,NO
749.1462327661108,511.3087980189881,NO
748.0391925367228,512.0480777982395,NO
747.0193561110515,513.0193561110515,NO
746.0387203906887,514.0344944276014,NO
745.0572897348242,515.0549125660498,NO
744.0511984066126,516.0533926256766,NO
743.0462678156417,517.0461385758354,NO
742.0548009862786,518.0522590602025,NO
741.0600183069442,519.0603545436311,NO
739.0315413498594,520.2933050729191,NO
737.071412732769,521.0797388776939,NO
735.9963581358151,522.9984228747272,NO
735.2796980278034,525.0317585410975,NO
734.0098744911693,527.0174584088786,NO
732.0030402414853,528.0065051727303,NO
730.0415067231437,529.0509574845522,NO
729.0227984250024,530.0227984250024,NO
728.0358279285568,531.0326473806124,NO
727.0391638312527,532.0417893399127,NO
726.0031392031472,533.0039837862583,NO
724.9418721222045,533.8958277198584,NO
724.1055218679728,534.1971723270074,NO
723.0428794472447,535.0427560535154,NO
722.0520964993274,536.0487541882381,NO
721.0611634266139,537.05979855046,NO
720.051556494939,538.0551692118338,NO
719.0404737580214,539.0423645033449,NO
718.0283090992208,540.0301599175023,NO
717.0203013936948,541.0202425494172,NO
716.0411730120404,542.0352604401718,NO
715.268026860067,543.133513997776,NO
713.9916312867578,544.9917057857116,NO
713.0034100917428,546.0030834915327,NO
712.0494156370474,547.0385744521694,NO
711.2644060731027,549.0369371291506,NO
709.123649320074,551.281627163832,NO
707.1236710510464,552.2933752060493,NO
705.9963168499569,552.9925392601691,NO
703.9924497432014,553.9835505999342,NO
703.1337121806165,554.3015791057993,NO
702.0505814020713,555.054113621505,NO
701.043438118402,556.0444088026121,NO
700.0408250723565,557.0416404082188,NO
699.0368962681509,558.0378559990626,NO
698.0278835073715,559.0291029028426,NO
697.0202949266093,560.0207043336883,NO
696.0190606445551,561.0190606445551,NO
695.0187642156635,562.0188178281744,NO
693.1530557869302,563.3135112037725,NO
692.058248614991,564.0638510267573,NO
691.0382010863914,565.0427152478248,NO
689.1495216974527,566.33852386083,NO
688.0506502703245,567.0579302819777,NO
687.0362874159907,568.0372522226721,NO
686.0433159741266,569.0395287834511,NO
685.0662977851031,570.0604123406292,NO
684.2369726728529,571.1443908509559,NO
683.9236948147618,571.9526447723518,NO
682.9800879915741,572.9813160444696,NO
682.0005349428562,574.0004765854569,NO
681.0353944775131,575.0309405530517,NO
680.0454212659253,576.0462983661741,NO
679.0024334673897,577.0033757188396,NO
678.3407742904122,577.5369776892686,NO
677.1033372217079,578.1678702732812,NO
676.0532907072005,579.051013937305,NO
675.0657259232397,580.0629178763729,NO
674.0607354820554,581.0648942587844,NO
673.0052323902853,582.0099295258498,NO
671.0449177880632,583.0523925500269,NO
670.0347498451496,584.0334879788626,NO
669.0544498061589,585.0478879102325,NO
668.2820246234568,586.1480983646998,NO
667.1609084229697,587.2912740297492,NO
666.0414847328868,588.0541569215341,NO
664.1470075079876,589.2568520419278,NO
663.3051954721665,590.1488017744624,NO
662.2418481003117,592.1200238651126,NO
660.9518267134647,593.9236935167098,NO
660.1333053787527,594.2406817974648,NO
659.0446024975442,595.049733756456,NO
658.0322608317645,596.0328227039282,NO
657.0431800224748,597.0396065016392,NO
656.0676124167634,598.0592155305359,NO
655.0715454342342,599.0747033008513,NO
654.0504462940062,600.0576852245384,NO
652.1669485207466,601.363090222325,NO
651.0668021730329,602.0729714878191,NO
650.0556062175148,603.0570199370414,NO
649.0574787263631,604.0551734261181,NO
648.0611299098927,605.0598378633048,NO
647.0656392782397,606.0654642381162,NO
646.0523936413049,607.0582822650531,NO
645.0324149666703,608.035579740988,NO
644.0187901413913,609.0197241551267,NO
643.0173858727127,610.0166184963074,NO
642.1604481275273,611.0867287187575,NO
641.5220048751917,612.3454317942936,NO
640.9961718875956,612.9972029003092,NO
640.1825043473232,614.0982036745781,NO
639.3962289314807,615.3511869293553,NO
638.4332599566819,616.4216621906975,NO
637.5480447699101,617.4992826008838,NO
636.987981138373,617.989258666971,NO
636.0139239484419,619.0127668337284,NO
635.0221929710813,620.0227719182188,NO
633.1434600406586,621.2970637098305,NO
632.0341685146639,622.0431237589873,NO
630.9989299918535,622.9987871025157,NO
629.1331150132888,624.2571833658045,NO
628.0492457230381,625.0526864684919,NO
627.0562944732554,626.0505016358264,NO
626.2794455667186,627.1339714798671,NO
625.1680820314601,629.0861197684113,NO
624.5440743175456,630.3701125616644,NO
623.9992322739544,630.9993725690558,NO
622.9868803075959,631.977338713404,NO
621.0424016404193,633.0496554170169,NO
620.0160121341488,634.0166904094644,NO
619.0480080390629,635.0369619404928,NO
618.0010741314937,637.0005904788418,NO
617.0511683280612,638.0499402910175,NO
616.0254286937617,639.0314491945779,NO
614.0938572666656,640.2216742875199,NO
613.0059341469652,641.0066841182205,NO
611.9997697162407,641.9997844866268,NO
611.0208467130082,643.0194233246384,NO
610.0290753653879,644.0284126788247,NO
609.0351335096125,645.0335827892801,NO
608.054101146836,646.0484435112446,NO
607.3018563878527,647.1384121930603,NO
606.0467242878673,649.0409809669036,NO
605.1740399012376,650.1159515447949,NO
604.113694973292,651.176124681396,NO
603.0490430760179,652.0501254036479,NO
602.0466353498066,653.0467627684295,NO
601.037041624546,654.0406921022129,NO
599.1295923760166,655.2837209041467,NO
598.0512733727122,656.0537426290357,NO
597.2336501536824,657.1171149635139,NO
596.0330274171188,659.0258065160251,NO
595.2133356713707,660.1269212165892,NO
594.3429729379142,661.3744007196433,NO
593.1185247672992,662.1784789290009,NO
592.0654982953131,663.062591057693,NO
591.2726449312404,664.1469139340153,NO
589.99289852693,665.99289852693,NO
588.9892462423753,666.988989051839,NO
587.9897438624912,667.9902229818983,NO
587.0125346006402,669.0111379874436,NO
585.1990339296783,670.3934865236724,NO
584.0791731950575,671.0902690062425,NO
583.0416130438588,672.0523038781562,NO
582.0010555055275,673.0012202674377,NO
581.0073040744631,674.0058451545158,NO
580.260229120934,675.1045669499944,NO
579.1768490145794,677.1475550117566,NO
578.0971738355058,678.1275406602961,NO
577.0663637703296,679.0609255108666,NO
576.3289349953599,680.1510456643153,NO
575.043433288895,682.0413704942661,NO
574.0339990291061,683.0375727932023,NO
573.0001973128437,684.000239638614,NO
571.950022839046,684.9146833372137,NO
571.1233257858036,685.2255263194878,NO
570.0638417314042,686.0599156323435,NO
569.282951511806,687.142354487013,NO
568.1195287565465,689.0674189323482,NO
567.3953372441058,690.2679299716985,NO
566.9652716004842,690.973748611594,NO
566.0189931753099,692.0170812790109,NO
565.0188693783142,693.0206145227925,NO
563.9853228769052,693.9821240174858,NO
563.3706092302009,694.4718328759616,NO
562.3195831614775,695.3292127852077,NO
561.4063866861314,696.3500844642205,NO
560.5978439616304,697.4780573780046,NO
559.9966946509894,697.9970476922623,NO
559.0095623221333,699.0095102822871,NO
558.0176398831401,700.0161794011523,NO
557.038657160074,701.0363537568916,NO
556.024917869872,702.0295378988739,NO
554.1286998159252,703.2459193659975,NO
553.0459839519717,704.0490284073973,NO
552.0407517262558,705.0408606893691,NO
551.0438393498434,706.042912757894,NO
550.182724982444,707.1093598617756,NO
549.4712215488701,708.3794792886094,NO
548.9698539166563,708.973175095819,NO
547.9886578933165,709.98869096041,NO
546.9823228212982,710.982006686193,NO
546.0082743338586,712.0064472601226,NO
545.2626336804052,713.1101765242828,NO
544.1651734144026,715.0906315306089,NO
543.3495692094036,716.3193361823592,NO
542.386460628337,717.386460628337,NO
541.1203276033376,718.2121351231079,NO
540.0033623126824,719.0062265049829,NO
538.047626476124,720.0582101394774,NO
537.012584601172,721.0144593275553,NO
535.9978144032167,721.9978716678177,NO
535.0257645497217,723.0216876681804,NO
534.2274483038684,724.1155426227965,NO
532.9834990500103,725.983840785046,NO
531.9900981716767,726.9905553985643,NO
531.0114024863071,728.0099676349898,NO
530.0536995193563,729.0439602303909,NO
529.322605782449,730.1560995687074,NO
527.9960668463622,731.9955736608291,NO
526.9467275765072,732.9036862813351,NO
526.104846732538,733.1986955607975,NO
525.0461887139292,734.0422501428408,NO
524.1404822002829,736.021319409436,NO
523.1662739100192,738.085546723033,NO
522.4452424347219,739.3594689185909,NO
521.965731822123,739.9695502763385,NO
520.9848146864272,740.9851735718997,NO
519.989562175162,741.98996009867,NO
519.0057750938373,743.0054275955275,NO
518.017297468832,744.0161846239981,NO
517.044580768682,745.0388622946869,NO
516.2547021835104,746.1321387273623,NO
515.0088721944902,748.0079137025215,NO
514.0294496201767,749.0275367895334,NO
513.0324287144773,750.033146359835,NO
512.0159489038235,751.0179125816123,NO
510.99683531263446,751.9966717876264,NO
510.0058185605992,753.0050764376095,NO
509.12088464724934,754.0802248693906,NO
508.0522266195262,755.0967963825756,NO
507.31006158607465,755.5741250220934,NO
506.15041606065563,756.2002615365758,NO
505.2324000558715,757.1827044465507,NO
504.47015096813965,758.3653031630349,NO
503.969763191304,758.9730936222389,NO
502.9798054693738,759.9788661887579,NO
502.499901469017,760.5494606717201,NO
501.4272910804416,761.4428603873524,NO
500.5697597808315,762.4564373749723,NO
500.0008135394362,763.0006261272542,NO
499.2714453306234,764.1064428097201,NO
498.0295223369776,766.0269243712283,NO
497.03793305616256,767.0371139905433,NO
496.04660564386137,768.0446355246665,NO
495.0489321344481,769.0488016472293,NO
494.04366884538615,770.0464665722328,NO
493.0275500402734,771.0294364905409,NO
492.03336381299636,772.0305430967002,NO
491.2549818427862,773.110140091668,NO
490.2858090334535,775.1191999680333,NO
488.98514715171285,776.9821524323136,NO
488.3512278513962,777.4984090531893,NO
487.0857415645193,778.1586711636463,NO
486.0322377820516,779.0300175491062,NO
485.3023140673667,780.1123293536688,NO
484.27553842572536,782.1238907438675,NO
483.00852906741744,784.0083304281355,NO
482.0020815148908,785.0021885822277,NO
480.99675470707825,785.9967449905446,NO
480.0033887019963,787.003159283534,NO
479.0267299196791,788.0238382934925,NO
478.16754090513365,789.0998518548736,NO
477.4042687846095,790.3248090571267,NO
476.9564367034454,790.9632320913197,NO
475.9967231977923,791.9970348501339,NO
475.01027601372573,793.0101332913009,NO
474.00820523693983,794.008392784737,NO
473.00727073594953,795.0071267614669,NO
472.0195852702684,796.018285002256,NO
471.19394042251633,797.0948259060893,NO
470.5793687876886,798.3885178797133,NO
470.04499631198695,799.0272213710396,NO
469.1901972055954,800.1389266616023,NO
468.4939074586369,801.2902656211922,NO
468.00514762598084,802.0035214163701,NO
467.06178921249585,803.05672582071,NO
466.06364962781123,804.0636496278113,NO
465.2400984205778,805.1384598041003,NO
464.02241587959736,807.0171083419056,NO
463.2853110923961,808.1264993747403,NO
462.0272819326125,810.0254929548842,NO
461.02316865954276,811.025315829714,NO
460.00189874988627,812.0020383210884,NO
458.99554399341736,812.9955439934174,NO
457.99856465514773,813.9985981815169,NO
457.006187575439,815.0059083052558,NO
456.01418597070267,816.0142265023999,NO
455.00354287603255,817.0037861181172,NO
453.9993244362151,817.9993586419939,NO
453.0314079366083,819.0257332259905,NO
452.2373944786214,820.1252671942248,NO
450.1458147178736,822.2699267780224,NO
449.0486147407314,823.0552762314422,NO
448.04779723551417,824.0439184044837,NO
447.3112833561143,825.1315281823279,NO
446.3893034825994,827.2648741909891,NO
445.9631637834496,827.9725748424656,NO
445.1493328116419,829.0752923491474,NO
444.4937214475181,830.3280754827657,NO
443.99128036265455,830.9936910223927,NO
443.20588821812555,832.1002415228825,NO
442.01194651449396,834.0095239006491,NO
441.2034837534028,835.1074914232398,NO
440.54280328975335,836.4450188749688,NO
439.9815319048818,836.9835171605267,NO
438.9989315425267,837.9989500975076,NO
437.9959258525354,838.9957537919814,NO
436.9880146516725,839.9880146516724,NO
436.00735318050334,841.006260139925,NO
435.2306671576185,842.0954296768437,NO
434.0232362943853,844.020714525988,NO
433.0207265841857,845.023043085521,NO
432.005367163768,846.0054951439317,NO
431.01750599823646,847.0156683517342,NO
430.0489265611985,848.0420266622816,NO
429.2401071828086,849.1345324176937,NO
427.99724107272556,850.997542046594,NO
427.03047389650027,852.0265628081407,NO
426.22465646300446,853.1159880469636,NO
425.91469507866174,853.9489885161023,NO
424.9844053789011,854.985869454287,NO
424.0062043373194,856.0058062908922,NO
423.0176021470177,857.0172049184287,NO
422.0190328214846,858.0190328214846,NO
421.0252325096132,859.0236640021475,NO
420.040163065359,860.0376430299499,NO
419.1530489761266,861.1017716984646,NO
418.3410299139977,862.2767279907488,NO
417.94347744826445,862.9575513363608,NO
417.1776618231912,864.067417234061,NO
416.23950846451976,866.0885624343886,NO
415.05456450707277,868.0438416312633,NO
414.2874478953008,869.1535481156338,NO
412.98576567080755,870.9850681224045,NO
412.5475938877497,871.5658851622009,NO
411.5276525280785,872.5108683343068,NO
410.97982641219403,872.981152104129,NO
410.00987423047775,874.0084598845438,NO
409.18006593724743,875.0942359821242,NO
408.5151718066328,876.3970548189218,NO
407.98021194558817,876.9828577019061,NO
407.0161442060858,878.0137587824019,NO
406.25659029954,879.1047617196862,NO
405.2512987933991,881.1106195713709,NO
404.0165158665595,883.0142243975945,NO
403.1694812386827,884.0881624474258,NO
402.42266453833565,885.7577891173792,NO
402.24393814497495,886.0757788123743,NO
402.06482776344217,887.0078810222434,NO
401.9535652757809,887.9948609791571,NO
401.80262973903496,888.9469478485395,NO
401.54212593142887,889.8799947603832,NO
401.26663640056995,891.0250951908531,NO
401.1406288442466,892.0249341919706,NO
400.0254660719405,894.0214019880074,NO
399.0491826753841,895.0459298526304,NO
398.25472973165057,896.1321530192546,NO
397.0091932878318,898.0081760499796,NO
396.0265541902253,899.0258866268703,NO
395.01830239258845,900.019490158404,NO
393.14111400321747,901.3181982441764,NO
392.00520693394606,902.0101258250755,NO
390.0075932480188,903.015697251955,NO
388.03144135152536,904.0362259048941,NO
387.0204517266459,905.0199795361777,NO
386.25077508510645,906.0937784918431,NO
385.95810166265085,906.9825836127849,NO
385.26447926157215,909.0217806438611,NO
385.1428378630775,910.0260631775859,NO
384.0408665612074,912.0293300672927,NO
383.01664037074744,914.0087129836038,NO
382.28306543133914,915.137528714538,NO
381.1778132319054,917.080363988636,NO
380.4548036692474,918.7559162872179,NO
380.24620293222904,919.0764078057591,NO
380.0559917503028,920.0083846939189,NO
379.1808648130617,922.0750330611041,NO
378.17502674341875,924.0791046148162,NO
377.47181330370034,925.3919025910168,NO
376.54834851804884,926.5096415559594,NO
375.9812273135928,926.9821456896607,NO
375.00736126455286,928.0062140547611,NO
374.1730855330719,929.0902694875656,NO
373.88720412750223,929.9404576949074,NO
373.1255313989489,931.0587017324598,NO
372.29352681507356,932.275577342036,NO
371.26158691590695,933.2673999639329,NO
370.31304021323024,934.261393830815,NO
369.93713784248814,934.954100645497,NO
369.25228340360223,936.0679438767463,NO
369.0741981282787,937.0119083418936,NO
368.0026120938943,939.0020951170152,NO
367.0344679236368,940.0336976926164,NO
366.0373988695931,941.035847048394,NO
365.2332439331524,942.1128969391177,NO
364.03586649791134,944.0273961809919,NO
363.2943787748297,945.1389525145527,NO
362.03458082474395,947.0330374682189,NO
361.02586566089684,948.0282029190956,NO
360.0083496991081,949.0087478963981,NO
359.0147827928843,950.0135186085961,NO
358.22988226222446,951.0911974251454,NO
357.2705252755258,953.114575411429,NO
356.00179036955643,955.0018321884827,NO
354.99300345552246,955.9928572592415,NO
354.01048771837617,957.0088874123829,NO
353.3173491298381,958.0985902968001,NO
352.99266070738736,958.9966540313294,NO
351.99835810000917,960.9992056429605,NO
351.1414455791904,963.0255624536061,NO
350.26319292959425,965.095158999277,NO
349.268808628269,967.1090272744715,NO
348.2123295067409,969.1064218071142,NO
347.91306653385703,969.948780898035,NO
346.9879555337734,970.9890087876609,NO
346.0119799608176,972.010736139749,NO
345.2391327330502,973.0911115314324,NO
344.3431260117462,975.1190757014822,NO
343.2503072311886,977.2177129727418,NO
342.34569965366353,978.2878863954205,NO
341.6074275410758,979.4408920557092,NO
341.014706625224,980.0107534268587,NO
339.99439997074074,981.9971383110873,NO
339.24176048175866,983.1248186931155,NO
338.0006261576013,985.0005312852375,NO
337.23354166808144,986.0939794181135,NO
336.24655453380655,988.09348039081,NO
335.2590896481726,990.101221404123,NO
334.03116643367997,992.0292511764134,NO
333.0276143172011,993.0287513783834,NO
332.03829459346184,994.0342581355848,NO
331.00535630651484,996.0020973489055,NO
330.33673721845355,998.0422572195805,NO
329.90633667711893,999.9440798746502,NO
328.9918852016837,1000.9932304351947,NO
328.2349854323053,1002.0870925065384,NO
327.1724335631013,1004.0909424276089,NO
326.52669007589293,1005.3718858863665,NO
325.9943823277191,1005.9957092234168,NO
325.19402486864703,1007.0928348690925,NO
324.18127301321545,1009.0733622552264,NO
323.8977807344763,1009.944130155731,NO
322.1513236863771,1011.2754509506339,NO
321.06051053708484,1012.0647361315976,NO
320.05813737584896,1013.0581373758489,NO
319.22541621141704,1014.132100315318,NO
318.55288075182926,1015.4119695563091,NO
318.07516509423243,1016.0324171738275,NO
317.37402079432934,1017.2298330601595,NO
316.7813594301107,1018.9467382837622,NO
316.0856050688115,1020.0501025960967,NO
315.064996870256,1022.0401889052396,NO
314.20783180224737,1024.0745749370903,NO
313.94502080397444,1024.9725104019872,NO
313.11279946090724,1027.0499856431725,NO
312.358656819905,1029.0785353472127,NO
312.0428095185437,1030.0201456559512,NO
311.3696425654539,1032.0694480004067,NO
311.0608227624849,1033.027400961641,NO
310.29738015230777,1035.092504472761,NO
309.99398461533093,1035.9968404039917,NO
309.22025703179594,1038.0751465145272,NO
308.95713688570544,1038.9789886701608,NO
308.64556815571666,1039.9659467423648,NO
308.3903318793255,1041.0878892981607,NO
308.05742765849027,1042.0282661761491,NO
307.24419429544736,1044.1032715941196,NO
306.9658388738529,1044.9838002343997,NO
306.149392056604,1047.0625290496962,NO
305.46281670216314,1049.1105938008723,NO
305.0905637655462,1050.0420714221439,NO
304.32154254170285,1052.1102532849463,NO
303.9992586033733,1052.9995966495032,NO
303.13967224327433,1055.0579330185676,NO
302.8936978807677,1055.9535188763414,NO
302.5712013931124,1056.9604832640796,NO
302.29301907071385,1058.072392945295,NO
302.00147445468394,1059.000737227342,NO
301.7119254875629,1059.927134092194,NO
301.5000000004902,1061.0,NO
301.2929633829422,1062.0723791871399,NO
301.00147445468394,1063.000737227342,NO
300.7119254875629,1063.927134092194,NO
300.5000000004902,1065.0,NO
300.37378271566615,1066.0586325842867,NO
300.0768917893687,1067.0324151650825,NO
299.8330574123146,1067.9427157789416,NO
299.55739786700485,1068.9652861071513,NO
299.41475267671126,1070.0455414694209,NO
299.10974721174733,1071.044974838989,NO
298.86825279913114,1071.9485927587446,NO
298.5682543718442,1072.9610582374605,NO
298.44115425868284,1074.034600334079,NO
298.13449468451074,1075.0535341618156,NO
297.891565827793,1075.954287556298,NO
297.5789909806419,1076.9570735902944,NO
297.4542911376224,1078.0285045421813,NO
297.15880261019555,1079.0591617607997,NO
296.91337926121895,1079.9621246565941,NO
296.6012862723883,1080.9491835454596,NO
296.4780742556567,1082.0149984074405,NO
296.1783264249592,1083.0664353393481,NO
295.9266791943721,1083.9656398584077,NO
295.60233064859665,1084.9493166522288,NO
295.5000000004902,1086.0,NO
295.2140126285732,1087.0746946065326,NO
294.950376032205,1087.9751880161025,NO
294.6239385526518,1088.94322209696,NO
294.5000000004902,1090.0,NO
294.2140126285732,1091.0746946065326,NO
293.950376032205,1091.9751880161025,NO
293.6239385526518,1092.94322209696,NO
293.5000000004902,1094.0,NO
293.43703679390035,1095.0419898120858,NO
293.3386217022094,1096.0371819900445,NO
293.28725139967185,1097.0039426662815,NO
293.2803921568627,1098.0,NO
293.2803921568627,1099.0,NO
293.28713949860736,1099.9960588696154,NO
293.30076409908577,1100.9958718652945,NO
293.3078431372549,1102.0,NO
293.3078431372549,1103.0,NO
293.3078431372549,1104.0,NO
293.3164478694407,1104.99441562557,NO
293.33392381189503,1105.9941072265708,NO
293.34313725490193,1107.0,NO
293.34313725490193,1108.0,NO
293.333809959719,1109.005890764273,NO
293.30760524350075,1110.0102535074288,NO
293.2755265961894,1111.008643971311,NO
293.24443531585354,1112.0076685586323,NO
293.22159873516927,1113.003476058816,NO
293.2225510041823,1113.9960726291526,NO
293.24635997379403,1114.9922710599446,NO
293.27660228997644,1115.991864638803,NO
293.30767700921,1116.9897441003811,NO
293.3407872421714,1117.988640426023,NO
293.3662182734482,1118.9942553992603,NO
293.37450980392157,1120.0,NO
293.37450980392157,1121.0,NO
293.3662313025102,1122.005744805117,NO
293.34192237883735,1123.010726976176,NO
293.3106929557105,1124.009747229606,NO
293.2795930021631,1125.0087715448267,NO
293.2557352728421,1126.004512975616,NO
293.24608038960633,1127.0004825105427,NO
293.2450980392157,1128.0,NO
293.24607991859926,1128.9995174903809,NO
293.25475981674475,1129.9960037673218,NO
293.26939908399976,1130.996302365503,NO
293.27647058823527,1132.0,NO
293.27647058823527,1133.0,NO
293.26940925561763,1134.0036977741076,NO
293.25578466910804,1135.0035107699784,NO
293.24901960784314,1136.0,NO
293.2557846652826,1136.996489230074,NO
293.26955671227444,1137.9963002019776,NO
293.3222491951912,1138.9639839133933,NO
293.42514334913,1139.9524839785142,NO
293.5000000004902,1141.0,NO
293.5000000004902,1142.0,NO
293.5000000004902,1143.0,NO
293.6079258836068,1144.0538140933663,NO
293.8957803734072,1145.0404617350705,NO
294.13372797368226,1145.9514908320784,NO
294.41469328710036,1146.9536519266262,NO
294.5000000004902,1148.0,NO
294.5000000004902,1149.0,NO
294.5110225203802,1150.0086290147535,NO
294.6988280826567,1151.0667302462796,NO
294.9853964323223,1152.0068149985377,NO
295.2565794326382,1152.9285602373989,NO
295.48987684010785,1153.9923156569125,NO
295.5000000004902,1155.0,NO
295.5000000004902,1156.0,NO
295.5529027516341,1157.0333131294099,NO
295.796437359665,1158.0594722224469,NO
296.0460573042596,1158.980403069194,NO
296.3293119158499,1159.9315547807116,NO
296.5000000004902,1161.0,NO
296.5000000004902,1162.0,NO
296.5000000004902,1163.0,NO
296.6180551031412,1164.0569172765813,NO
296.902939117427,1165.0376824581392,NO
297.1404859925781,1165.950692170519,NO
297.41511483296745,1166.953604812676,NO
297.5000000004902,1168.0,NO
297.5000000004902,1169.0,NO
297.509631721463,1170.007692051926,NO
297.6817277260629,1171.0649025808773,NO
297.969873879614,1172.0135862902619,NO
298.23041141118233,1172.9317801529692,NO
298.4776013908344,1173.9840799547069,NO
298.5000000004902,1175.0,NO
298.5000000004902,1176.0,NO
298.61188253181604,1177.0532710240147,NO
298.9435029664581,1178.0282485167709,NO
299.204463207207,1178.925831972331,NO
299.5000000004902,1180.0,NO
299.5000000004902,1181.0,NO
299.73426654585154,1182.0745095716825,NO
300.01523550887686,1182.9923822455617,NO
300.31619049673554,1183.9305620903588,NO
300.5000000004902,1185.0,NO
300.5678685084535,1186.0381292500147,NO
300.89051917357875,1187.0476563586478,NO
301.13507214812824,1187.9443820571653,NO
301.4519024074899,1188.9707592548348,NO
301.5000000004902,1190.0,NO
301.67199548485996,1191.0675303407652,NO
301.97788465357274,1192.0110576732136,NO
302.254885349672,1192.9250337206847,NO
302.5000000004902,1194.0,NO
302.567503596577,1195.038161448122,NO
302.88368930012695,1196.0490329405543,NO
303.12707034820403,1196.9476769159273,NO
303.4408096668485,1197.9654266927316,NO
303.5169008911752,1199.0123142910481,NO
303.7631141440649,1200.069672310569,NO
304.02986137619797,1200.9858304840307,NO
304.3289584668486,1201.9322732574142,NO
304.5000000004902,1203.0,NO
304.539303535433,1204.0252931395546,NO
304.82651066896716,1205.06191187698,NO
305.0745126560284,1205.9668345632958,NO
305.3848225464014,1206.9449175549257,NO
305.5000000004902,1208.0,NO
305.6463525777586,1209.062408368631,NO
305.9631451710553,1210.0184274144724,NO
306.2324636955462,1210.9247911598932,NO
306.4865532908352,1212.0,NO
304.95755801046624,1214.935004293159,NO
304.193429394598,1215.245266546773,NO
303.1513517550722,1216.155738757588,NO
302.21099394195517,1217.173374864131,NO
301.55523861771013,1218.3589904951011,NO
301.0589741704339,1219.0319590556785,NO
300.15058541608255,1221.0500506934086,NO
299.9359129150171,1221.9835306936247,NO
299.7361037605835,1222.9557715792064,NO
299.5901356799325,1223.963364084116,NO
