X,Y,is_wing_root
250.53826201953203,1183.9871022906975,NO
250.53826201953203,1185.0128977093025,NO
250.59989232478168,1186.0312933369414,NO
250.71475742515503,1187.0374480471044,NO
250.874611516771,1188.0238168070298,NO
251.05882984887432,1188.985867690444,NO
251.2666656090805,1189.926919631593,NO
252.0377602345159,1191.9840783056395,NO
252.36979006824117,1192.8352295956897,NO
253.0320785219434,1193.9824331901048,NO
253.45800547993238,1194.71141931877,NO
254.16336399911546,1195.8818400526861,NO
255.07219234410294,1196.9389531401262,NO
256.0468676489593,1197.953307885085,NO
257.0600102860015,1198.9290334797615,NO
258.1169556057919,1199.8384091499738,NO
259.2866177521462,1200.5402948721546,NO
260.0171004207859,1200.9693655566482,NO
261.1597046322343,1201.6411200082214,NO
262.0140334016279,1201.9659327079542,NO
264.0690266469087,1202.7464101212458,NO
265.5966139225906,1203.5618229698987,NO
266.4549714338548,1205.970560670768,NO
266.5000000004902,1207.0,NO
266.58381272652673,1208.0473311027538,NO
266.81600133895694,1209.0515917781913,NO
267.0514033355081,1209.9809505280484,NO
267.3087088419352,1210.9322051203528,NO
267.59777288402057,1212.054054235472,NO
267.9375197262824,1213.0312401368587,NO
268.19742948244254,1213.9260607219362,NO
269.0872130900685,1215.9563934549658,NO
269.9927439373805,1218.0036280313097,NO
270.2906093081604,1218.9033303769902,NO
271.1827564698486,1220.92624985076,NO
272.0902990993673,1222.955558680558,NO
272.98544611715533,1225.0072769414223,NO
273.2702926970114,1225.9202810965999,NO
274.13880856808555,1227.9341339726234,NO
275.02907925487284,1229.9811360878325,NO
275.5374464597338,1230.5439567867893,NO
275.99585031383833,1231.0056785182364,NO
277.0872650497598,1231.8654784542603,NO
278.1947854710012,1232.7504005448425,NO
280.08486480308613,1233.8662736536342,NO
281.1781648143915,1234.7893414535708,NO
283.07786841632026,1235.8684858462943,NO
284.170206947973,1236.8065255368358,NO
285.7174101258076,1237.6230007299962,NO
287.1744253937451,1238.7975183221467,NO
289.07625949111343,1239.869017889512,NO
290.1707989799781,1240.805273887773,NO
291.7178520351185,1241.618461892749,NO
292.07542957906116,1241.8682352179562,NO
294.0261654291121,1242.582988476639,NO
294.979814761118,1242.5882211390935,NO
295.9709723181023,1242.537371323209,NO
297.0,1242.5000000004902,NO
298.0,1242.5000000004902,NO
299.0,1242.5000000004902,NO
300.0,1242.5000000004902,NO
301.0,1242.5000000004902,NO
302.0,1242.5000000004902,NO
303.0,1242.5000000004902,NO
304.0,1242.5000000004902,NO
305.0,1242.5000000004902,NO
306.0,1242.5000000004902,NO
307.0,1242.5000000004902,NO
308.0,1242.5000000004902,NO
309.0,1242.5000000004902,NO
310.0,1242.5000000004902,NO
311.0,1242.5000000004902,NO
312.0,1242.5000000004902,NO
313.0,1242.5000000004902,NO
314.0,1242.5000000004902,NO
315.0,1242.5000000004902,NO
316.0,1242.5000000004902,NO
317.0,1242.5000000004902,NO
318.0,1242.5000000004902,NO
319.0,1242.5000000004902,NO
320.0,1242.5000000004902,NO
321.0,1242.5000000004902,NO
322.01783398742606,1242.47870177752,NO
323.02443679120705,1242.4297504783299,NO
324.0164287045484,1242.3808472389628,NO
325.02949855358463,1242.3008852443106,NO
326.0268674537665,1242.1671024672403,NO
327.0025958804351,1242.014875269459,NO
327.97673486693367,1241.860409201602,NO
328.95028669397817,1241.708577160659,NO
329.95967609967636,1241.5624428009971,NO
331.0,1241.5000000004902,NO
332.0,1241.5000000004902,NO
333.0,1241.5000000004902,NO
334.0,1241.5000000004902,NO
335.0,1241.5000000004902,NO
336.0,1241.5000000004902,NO
337.0,1241.5000000004902,NO
338.0,1241.5000000004902,NO
339.0358222766289,1241.44559419171,NO
340.05432433448294,1241.2798526221443,NO
341.0201553907346,1241.0815813452384,NO
341.9693768927208,1240.8807802654226,NO
342.9440840625983,1240.6759417228582,NO
343.9770209500151,1240.5312273942952,NO
345.0,1240.5000000004902,NO
346.0,1240.5000000004902,NO
347.0,1240.5000000004902,NO
348.0,1240.5000000004902,NO
349.0,1240.5000000004902,NO
350.0,1240.5000000004902,NO
351.0038871800577,1240.4956154862016,NO
352.0430127680407,1240.421855995339,NO
353.0487606352812,1240.2617676255775,NO
354.0175404620017,1240.0836040669878,NO
354.97589010187414,1239.9000321264332,NO
355.99191335885,1239.7422383033777,NO
357.0176489790611,1239.9533628019528,NO
357.9371392834104,1240.1831940890065,NO
358.97387329555374,1240.4594696430408,NO
360.0,1240.5000000004902,NO
361.0709036703934,1240.6935519359847,NO
362.0056338657493,1240.988552702541,NO
362.92761804761665,1241.2694510648307,NO
363.9961173705975,1241.4950352776357,NO
365.0,1241.5000000004902,NO
366.0751816962897,1241.7542136984644,NO
366.9859934745267,1242.0280130509466,NO
367.9343446485946,1242.338224525408,NO
369.0,1242.5000000004902,NO
370.015017870761,1242.5213053509817,NO
371.0684361748499,1242.7858745414956,NO
371.97878015871953,1243.0452808337184,NO
372.9366157675238,1243.3513690905254,NO
374.0,1243.5000000004902,NO
375.0,1243.5000000004902,NO
376.0,1243.5000000004902,NO
377.0,1243.5000000004902,NO
378.0,1243.5000000004902,NO
379.0343179701547,1243.5512265699263,NO
380.0543846206714,1243.7080404523244,NO
381.0239961146212,1243.878831494341,NO
381.99142167079583,1244.0465419989337,NO
382.9626768631947,1244.2091736161997,NO
383.9529358803837,1244.3636773107953,NO
384.9778346202125,1244.4710143095053,NO
386.0,1244.5000000004902,NO
387.0,1244.5000000004902,NO
388.0,1244.5000000004902,NO
389.0,1244.5000000004902,NO
390.0,1244.5000000004902,NO
391.0,1244.5000000004902,NO
392.0,1244.5000000004902,NO
393.0,1244.5000000004902,NO
394.0288665299642,1244.5399396821294,NO
395.0476184251015,1244.6579521755516,NO
396.0324872020699,1244.8050767875807,NO
397.0074941522139,1244.9539515958522,NO
397.98481930488776,1245.0992583880109,NO
398.96162943695816,1245.2415924282968,NO
399.955179320052,1245.380975792419,NO
400.9813182255889,1245.4763852439314,NO
402.0,1245.5000000004902,NO
403.0,1245.5000000004902,NO
404.0,1245.5000000004902,NO
405.0,1245.5000000004902,NO
406.0,1245.5000000004902,NO
407.0,1245.5000000004902,NO
408.0,1245.5000000004902,NO
409.0,1245.5000000004902,NO
410.03435629334564,1245.5507254205347,NO
411.05184670546225,1245.696071025539,NO
412.02665841704237,1245.86538818441,NO
412.99388448456364,1246.0328306623924,NO
413.9700224613699,1246.1911068040827,NO
414.95851245358256,1246.3306038854364,NO
415.9698747322873,1246.4389681960376,NO
416.9913492417231,1246.490209612553,NO
418.0,1246.5000000004902,NO
419.0,1246.5000000004902,NO
420.0,1246.5000000004902,NO
421.0,1246.5000000004902,NO
422.0,1246.5000000004902,NO
423.0,1246.5000000004902,NO
424.0,1246.5000000004902,NO
425.0,1246.5000000004902,NO
426.0,1246.5000000004902,NO
427.0,1246.5000000004902,NO
428.0,1246.5000000004902,NO
429.0,1246.5000000004902,NO
430.00388903147683,1246.4958515421627,NO
431.01840774325996,1246.4693974496288,NO
432.02955154675675,1246.4073321105764,NO
433.03800378344783,1246.2981835371804,NO
434.0244598290346,1246.1685744966458,NO
435.00546177743803,1246.0464251097906,NO
435.98787819540155,1245.9197127203067,NO
436.9629837418719,1245.777902451231,NO
437.9546824943278,1245.633144003275,NO
438.97696891127225,1245.5301658039734,NO
440.0,1245.5000000004902,NO
441.0,1245.5000000004902,NO
442.0,1245.5000000004902,NO
443.0,1245.5000000004902,NO
444.0,1245.5000000004902,NO
445.0,1245.5000000004902,NO
446.0,1245.5000000004902,NO
447.0,1245.5000000004902,NO
448.0,1245.5000000004902,NO
449.0,1245.5000000004902,NO
450.0,1245.5000000004902,NO
451.0222029238383,1245.4718121205663,NO
452.03637554940735,1245.3947133928796,NO
453.029021081176,1245.302056133205,NO
454.0230159388599,1245.1956354869135,NO
455.0100465339223,1245.0788266522327,NO
455.99544855791135,1244.9619469599234,NO
456.9817796177263,1244.8476656577495,NO
457.96226543525063,1244.7289489152251,NO
458.9566001525114,1244.6047513805843,NO
459.98489435302827,1244.5185074841581,NO
461.0,1244.5000000004902,NO
462.0,1244.5000000004902,NO
463.0,1244.5000000004902,NO
464.0,1244.5000000004902,NO
465.0,1244.5000000004902,NO
466.0,1244.5000000004902,NO
467.0,1244.5000000004902,NO
468.0,1244.5000000004902,NO
469.0,1244.5000000004902,NO
470.0,1244.5000000004902,NO
471.0,1244.5000000004902,NO
472.0,1244.5000000004902,NO
473.0178185721667,1244.4782879994962,NO
474.03313493447047,1244.4121662756306,NO
475.03337009154103,1244.315161982224,NO
476.0273823196051,1244.1887159856228,NO
477.00775161101086,1244.050042046645,NO
477.98841610518434,1243.914379908668,NO
478.96210567184266,1243.7778608266026,NO
479.94832672556566,1243.6288257945384,NO
480.98490757794565,1243.5189290284159,NO
482.0,1243.5000000004902,NO
483.0,1243.5000000004902,NO
484.0,1243.5000000004902,NO
485.0,1243.5000000004902,NO
486.0,1243.5000000004902,NO
487.0,1243.5000000004902,NO
488.01864536280465,1243.4754567479738,NO
489.0567672718588,1243.3327736751098,NO
490.03096372872216,1243.1066993375198,NO
490.9620270117473,1242.8847248612237,NO
491.9375590972476,1242.6339671080586,NO
493.0,1242.5000000004902,NO
494.0,1242.5000000004902,NO
495.0,1242.5000000004902,NO
496.01417375074595,1242.4819075415269,NO
497.05792938646687,1242.3395860713435,NO
498.0305262835559,1242.092120734175,NO
498.9552196127964,1241.864059543721,NO
499.9453094878694,1241.6071526798216,NO
501.0,1241.5000000004902,NO
502.0,1241.5000000004902,NO
503.0,1241.5000000004902,NO
504.0,1241.5000000004902,NO
505.0558551823051,1241.3902211213633,NO
506.04439998746545,1241.1415249597699,NO
506.96814055501284,1240.9107235304837,NO
507.93458695239644,1240.6488352119652,NO
509.0,1240.5000000004902,NO
510.0,1240.5000000004902,NO
511.0,1240.5000000004902,NO
512.0,1240.5000000004902,NO
513.0485010438256,1240.4122588864343,NO
514.0503784518268,1240.1690329599078,NO
514.9742181648153,1239.9325705875494,NO
515.9320613318796,1239.6636046472365,NO
517.0,1239.5000000004902,NO
518.0,1239.5000000004902,NO
519.0,1239.5000000004902,NO
520.0,1239.5000000004902,NO
521.05617382436,1239.3871439229101,NO
522.0421494942012,1239.1221377404102,NO
522.960800511895,1238.8895484027557,NO
523.9413996924028,1238.6216942101344,NO
525.0,1238.5000000004902,NO
526.0,1238.5000000004902,NO
527.0,1238.5000000004902,NO
528.0186348556186,1238.475188814733,NO
529.0591741641393,1238.317671834113,NO
530.0242419675711,1238.0718802525241,NO
530.9509237738638,1237.843569529496,NO
531.9497576703617,1237.593276380863,NO
533.0,1237.5000000004902,NO
534.0,1237.5000000004902,NO
535.0,1237.5000000004902,NO
536.0186167922708,1237.474728199364,NO
537.0627642549479,1237.293667606765,NO
538.0146800198193,1237.039612750734,NO
538.9433491716434,1236.802110112897,NO
539.9607679463566,1236.5650359269962,NO
541.0,1236.5000000004902,NO
542.0,1236.5000000004902,NO
543.0095736770006,1236.4882575142974,NO
544.0571447667181,1236.3598003745954,NO
545.0375254701692,1236.1259078249655,NO
545.9682393447908,1235.9024220815882,NO
546.9375907816728,1235.657755876419,NO
547.9923057157249,1235.509489409216,NO
549.0,1235.5000000004902,NO
550.0,1235.5000000004902,NO
551.0086413253174,1235.4896750782107,NO
552.0512039414442,1235.3840295521723,NO
553.0443232246221,1235.1649988661245,NO
553.9822237587662,1234.9440377603748,NO
554.938460521106,1234.7120629966307,NO
555.9770630906223,1234.5320870626558,NO
557.0,1234.5000000004902,NO
558.0,1234.5000000004902,NO
559.0,1234.5000000004902,NO
560.0440646765487,1234.4240185818217,NO
561.0537485607653,1234.189046660386,NO
561.9832346439407,1233.9540304744276,NO
562.9355154945641,1233.7010263946609,NO
563.9849406265098,1233.5199824514377,NO
565.0,1233.5000000004902,NO
566.0,1233.5000000004902,NO
567.0141736683087,1233.4819047386607,NO
568.0581864366434,1233.3410929172624,NO
569.0326066449727,1233.1086888210846,NO
569.9621505221638,1232.8850998035464,NO
570.9375590972476,1232.6339671080586,NO
572.0,1232.5000000004902,NO
573.0,1232.5000000004902,NO
574.0,1232.5000000004902,NO
575.0229507915521,1232.4681961336942,NO
576.0598257406147,1232.2991287076188,NO
577.020932746755,1232.0667231301513,NO
577.9532494291352,1231.8441647573193,NO
578.9456731184554,1231.6041898553779,NO
580.0,1231.5000000004902,NO
581.0,1231.5000000004902,NO
582.0,1231.5000000004902,NO
583.0086379952057,1231.489486371889,NO
584.0567590797513,1231.361839124545,NO
585.0365856734436,1231.1117287079883,NO
585.9597344224247,1230.8826546020725,NO
586.941316895697,1230.6211596997462,NO
588.0,1230.5000000004902,NO
589.0,1230.5000000004902,NO
590.0,1230.5000000004902,NO
591.0318146968584,1230.4507082094224,NO
592.0603365139852,1230.2229827741644,NO
592.9902051785739,1229.9753923219705,NO
593.934341884131,1229.7137979557951,NO
594.9849463428967,1229.520164661276,NO
596.0,1229.5000000004902,NO
597.0195105613049,1229.4738279486971,NO
598.0597445855474,1229.3173931007946,NO
599.0282402527353,1229.1021455995692,NO
599.9742058275926,1228.8964171047596,NO
600.9444850345659,1228.6955630722532,NO
601.9712066999261,1228.5411067834991,NO
603.0,1228.5000000004902,NO
604.0,1228.5000000004902,NO
605.0,1228.5000000004902,NO
606.0220591008114,1228.4687558813143,NO
607.0636018079663,1228.2637148221947,NO
608.0023605654993,1228.0058441188703,NO
608.9357004549835,1227.751569933104,NO
609.9771074936264,1227.5329928839121,NO
611.0,1227.5000000004902,NO
612.0,1227.5000000004902,NO
613.0141677015522,1227.4817018689319,NO
614.0606907950647,1227.3258137476448,NO
615.025700867395,1227.0740533453854,NO
615.9510414541362,1226.8439446353639,NO
616.9497576703617,1226.593276380863,NO
618.0,1226.5000000004902,NO
619.0,1226.5000000004902,NO
620.0,1226.5000000004902,NO
621.0497724820915,1226.4094188032107,NO
622.0500833580141,1226.1737585984874,NO
622.9805452229641,1225.943943863797,NO
623.9358239672725,1225.6969465123766,NO
624.9849389810195,1225.5199300014333,NO
626.0,1225.5000000004902,NO
627.0,1225.5000000004902,NO
628.0186270626602,1225.474990094296,NO
629.0610036714759,1225.3080383565898,NO
630.021608044634,1225.0640703647628,NO
630.9505290583954,1224.8361676579393,NO
631.9496974730864,1224.5927890695891,NO
633.0,1224.5000000004902,NO
634.0,1224.5000000004902,NO
635.0271554531547,1224.4616427019073,NO
636.0562617221119,1224.3052497692986,NO
637.0249509587381,1224.0922100670064,NO
637.9609272863041,1223.8762292919712,NO
638.9374415920123,1223.6332782842399,NO
640.0,1223.5000000004902,NO
641.0,1223.5000000004902,NO
642.0,1223.5000000004902,NO
643.031117346743,1223.4534242050727,NO
644.0588789915597,1223.2611155309082,NO
645.0082949061667,1223.0244531916787,NO
645.9434683665855,1222.7940633372373,NO
646.9600222996506,1222.5661994388681,NO
648.0,1222.5000000004902,NO
649.0,1222.5000000004902,NO
650.0141744182237,1222.4819302357678,NO
651.0577908206461,1222.3427130004968,NO
652.0330212846527,1222.110070953409,NO
652.9622824847922,1221.8861779166195,NO
653.9375756782334,1221.6340643069452,NO
655.0,1221.5000000004902,NO
656.0,1221.5000000004902,NO
657.0,1221.5000000004902,NO
658.0221007841618,1221.469641652492,NO
659.0594527470209,1221.3032090167133,NO
660.0209051659637,1221.0634621086851,NO
660.9504895140462,1220.8370945327065,NO
661.949707571876,1220.592870821695,NO
663.0,1220.5000000004902,NO
664.0,1220.5000000004902,NO
665.0,1220.5000000004902,NO
666.0532261744116,1220.3991962990851,NO
667.047420112718,1220.1591069538908,NO
667.9772436577741,1219.9321302078458,NO
668.9370482717976,1219.6882972627873,NO
669.9849348416391,1219.5197980586784,NO
671.0,1219.5000000004902,NO
672.0,1219.5000000004902,NO
673.0186257725447,1219.474957196348,NO
674.0611186259056,1219.3055931341719,NO
675.0194829569896,1219.0548967300995,NO
675.9467557232897,1218.8225190702692,NO
676.9553338653608,1218.5781531640723,NO
678.0,1218.5000000004902,NO
679.0,1218.5000000004902,NO
680.0141789479835,1218.482084247609,NO
681.0553965811483,1218.353153196165,NO
682.0363479348259,1218.1278444593295,NO
682.9691363563774,1217.9057457550678,NO
683.9368822996489,1217.6611576026944,NO
684.992306142145,1217.5095165934958,NO
686.0,1217.5000000004902,NO
687.0,1217.5000000004902,NO
688.014168442501,1217.481727061192,NO
689.060351287838,1217.327437838692,NO
690.0261453098494,1217.0753339422643,NO
690.9511197478478,1216.845161934116,NO
691.9497676136908,1216.59335687448,NO
693.0,1216.5000000004902,NO
694.0,1216.5000000004902,NO
695.0,1216.5000000004902,NO
696.0406951651422,1216.4323861259954,NO
697.0556535446808,1216.2056761480794,NO
697.9874929432094,1215.9666041944997,NO
698.9340919818358,1215.7127086380958,NO
699.9849463428967,1215.520164661276,NO
701.0,1215.5000000004902,NO
702.0,1215.5000000004902,NO
703.041488011912,1215.4318139760721,NO
704.0550857965364,1215.226562544891,NO
705.0010327120393,1215.0033124725906,NO
705.9435422633259,1214.7802026972715,NO
706.95996618752,1214.56559056258,NO
708.0,1214.5000000004902,NO
709.0,1214.5000000004902,NO
710.0,1214.5000000004902,NO
711.0364058212517,1214.4420707111785,NO
712.0577949359251,1214.2250031931146,NO
712.9943339434845,1213.9846293143148,NO
713.9362603630198,1213.7378450476772,NO
714.9770922638662,1213.5326821968135,NO
716.0,1213.5000000004902,NO
717.0,1213.5000000004902,NO
718.0,1213.5000000004902,NO
719.0086487249921,1213.4900943930925,NO
720.0353112126736,1213.4287790348483,NO
721.0427408734115,1213.3070118916003,NO
722.0269829400106,1213.156378404054,NO
722.9989639366175,1212.9944959134532,NO
723.9690237098966,1212.8301300105597,NO
724.9489942373813,1212.670722286173,NO
725.9711603971325,1212.5403688327299,NO
727.0,1212.5000000004902,NO
728.0,1212.5000000004902,NO
729.0,1212.5000000004902,NO
730.0,1212.5000000004902,NO
731.0,1212.5000000004902,NO
732.0,1212.5000000004902,NO
733.0,1212.5000000004902,NO
734.0038877614975,1212.4956896197878,NO
735.0360323767472,1212.4375360276574,NO
736.048614015874,1212.2987126210307,NO
737.0248890456311,1212.144243334221,NO
737.9963295407973,1211.9807017094918,NO
738.9592331441813,1211.8092560009907,NO
739.9486247934809,1211.6309668456493,NO
740.9849075779457,1211.5189290284159,NO
742.0,1211.5000000004902,NO
743.0,1211.5000000004902,NO
744.0,1211.5000000004902,NO
745.0,1211.5000000004902,NO
746.0,1211.5000000004902,NO
747.0,1211.5000000004902,NO
748.0,1211.5000000004902,NO
749.0320666592082,1211.4542776760757,NO
750.0484276019209,1211.3293076890943,NO
751.0293973898412,1211.1874083556438,NO
752.0068691898373,1211.0454972327968,NO
752.9810780674085,1210.8951066852758,NO
753.9460052072662,1210.7326471381975,NO
754.9597846677844,1210.563620880421,NO
756.0,1210.5000000004902,NO
757.0,1210.5000000004902,NO
758.0,1210.5000000004902,NO
759.0,1210.5000000004902,NO
760.0,1210.5000000004902,NO
761.0,1210.5000000004902,NO
762.0,1210.5000000004902,NO
763.0186984110153,1210.476809477334,NO
764.0376566112217,1210.4001014908615,NO
765.0343561022723,1210.2920268791731,NO
766.0237453017946,1210.1614680502578,NO
767.0022747690007,1210.0131833204896,NO
767.9736515253829,1209.8555083552603,NO
768.9480102986768,1209.6952327739084,NO
769.9656437066543,1209.5507254205347,NO
771.0,1209.5000000004902,NO
772.0,1209.5000000004902,NO
773.0,1209.5000000004902,NO
774.0,1209.5000000004902,NO
775.0,1209.5000000004902,NO
776.0,1209.5000000004902,NO
777.0,1209.5000000004902,NO
778.0142085380759,1209.4830903107845,NO
779.034432610073,1209.4181102883929,NO
780.0363205531324,1209.3139573234475,NO
781.0267936274198,1209.1846587827422,NO
782.0063597954535,1209.0377150654385,NO
782.9758907823946,1208.8770429874116,NO
783.9455943408522,1208.7079275089225,NO
784.9656820298453,1208.5512265699263,NO
786.0,1208.5000000004902,NO
787.0,1208.5000000004902,NO
788.0,1208.5000000004902,NO
789.0,1208.5000000004902,NO
790.0,1208.5000000004902,NO
791.0,1208.5000000004902,NO
792.0,1208.5000000004902,NO
793.023048152014,1208.470182287055,NO
794.0409657813672,1208.3798645114039,NO
795.0350986399014,1208.255718667084,NO
796.018378329077,1208.1115827120125,NO
796.9923930649265,1207.956894034584,NO
797.9598387962469,1207.7951778561937,NO
798.9490174042452,1207.628555366603,NO
799.984906704517,1207.518901187875,NO
801.0,1207.5000000004902,NO
802.0,1207.5000000004902,NO
803.0,1207.5000000004902,NO
804.0,1207.5000000004902,NO
805.0,1207.5000000004902,NO
806.0,1207.5000000004902,NO
807.0,1207.5000000004902,NO
808.0230332113392,1207.4698774973,NO
809.0448650431928,1207.3690511607645,NO
810.0351895614019,1207.2330737255836,NO
811.0140357348176,1207.0778067854587,NO
811.9830536658363,1206.912700705925,NO
812.9535053308617,1206.7450292165656,NO
813.9564343350675,1206.5885464892965,NO
814.9922971460526,1206.5089430926394,NO
816.0,1206.5000000004902,NO
817.0,1206.5000000004902,NO
818.0,1206.5000000004902,NO
819.0,1206.5000000004902,NO
820.0,1206.5000000004902,NO
821.0,1206.5000000004902,NO
822.0095868846901,1206.488931106444,NO
823.0358708970693,1206.4254455149476,NO
824.0423198232605,1206.3039874470112,NO
825.0257902890056,1206.162383297335,NO
826.0026861945353,1206.0169130763068,NO
826.9784539843168,1205.8691849050633,NO
827.9484304872793,1205.7171994273017,NO
828.959717395515,1205.5628909047603,NO
830.0,1205.5000000004902,NO
831.0,1205.5000000004902,NO
832.0,1205.5000000004902,NO
833.0,1205.5000000004902,NO
834.0,1205.5000000004902,NO
835.0,1205.5000000004902,NO
836.0,1205.5000000004902,NO
837.0186886723867,1205.476561142307,NO
838.0419981526638,1205.3894374087126,NO
839.0357562076607,1205.2681715514084,NO
840.0200262531871,1205.1326414213147,NO
840.9983699568269,1204.989736765447,NO
841.9740773895937,1204.842612722873,NO
842.948195234658,1204.692785698976,NO
843.9656388814002,1204.5506623210604,NO
845.0,1204.5000000004902,NO
846.0,1204.5000000004902,NO
847.0,1204.5000000004902,NO
848.0,1204.5000000004902,NO
849.0,1204.5000000004902,NO
850.0,1204.5000000004902,NO
851.0,1204.5000000004902,NO
852.0142029733848,1204.4829011112804,NO
853.0390705697561,1204.406652844912,NO
854.0424203206846,1204.270429537736,NO
855.0204869351194,1204.114816884929,NO
855.9922296590688,1203.9559680680563,NO
856.9638550973522,1203.7974296738923,NO
857.9509130259416,1203.6423663249448,NO
858.9778423972714,1203.5291509529925,NO
860.0,1203.5000000004902,NO
861.0,1203.5000000004902,NO
862.0,1203.5000000004902,NO
863.0,1203.5000000004902,NO
864.0,1203.5000000004902,NO
865.0,1203.5000000004902,NO
866.0,1203.5000000004902,NO
867.0,1203.5000000004902,NO
868.0320414333605,1203.4539203098957,NO
869.0506286805382,1203.3187731662777,NO
870.0292029794988,1203.1551408237356,NO
870.996406418454,1202.982377628828,NO
871.9592325977026,1202.8056880923507,NO
872.9491088106256,1202.6292213273878,NO
873.984906704517,1202.518901187875,NO
875.0,1202.5000000004902,NO
876.0,1202.5000000004902,NO
877.0,1202.5000000004902,NO
878.0,1202.5000000004902,NO
879.0,1202.5000000004902,NO
880.0327676211721,1202.45166178273,NO
881.054852172756,1202.294469564174,NO
882.0244884882687,1202.113537532428,NO
882.9859890011312,1201.9325885879482,NO
883.9477600650731,1201.7533114186097,NO
884.9549682471554,1201.5747001031723,NO
886.0,1201.5000000004902,NO
887.0,1201.5000000004902,NO
888.0,1201.5000000004902,NO
889.0,1201.5000000004902,NO
890.0,1201.5000000004902,NO
891.0141974611423,1201.4827136950291,NO
892.0433956316256,1201.395210224948,NO
893.043713605497,1201.237169562045,NO
894.0128877219388,1201.062006966253,NO
894.9754899225775,1200.8831762724087,NO
895.9463315614838,1200.7056891882921,NO
896.9656725016221,1200.5511019700905,NO
898.0,1200.5000000004902,NO
899.0,1200.5000000004902,NO
900.0,1200.5000000004902,NO
901.0,1200.5000000004902,NO
902.0,1200.5000000004902,NO
903.0328286318324,1200.4525027404381,NO
904.0503597714463,1200.317080034998,NO
905.028799625437,1200.1546085182176,NO
905.9963192358555,1199.9819500987749,NO
906.9555218060142,1199.8027488764872,NO
907.9472011924996,1199.6153229664867,NO
908.9923007170439,1199.509170743327,NO
910.0,1199.5000000004902,NO
911.0,1199.5000000004902,NO
912.0,1199.5000000004902,NO
913.0,1199.5000000004902,NO
914.0,1199.5000000004902,NO
915.0328286318324,1199.4525027404381,NO
916.0502325421086,1199.3162789614087,NO
917.029178557496,1199.1444763551237,NO
917.9921284866717,1198.9638335863376,NO
918.9540726438788,1198.781093921166,NO
919.9510286535984,1198.6035652927355,NO
920.9922991637898,1198.5090717233797,NO
922.0,1198.5000000004902,NO
923.0,1198.5000000004902,NO
924.0,1198.5000000004902,NO
925.0,1198.5000000004902,NO
926.0,1198.5000000004902,NO
927.0141881261852,1198.4823963064775,NO
928.0500723083849,1198.3755423044179,NO
929.0416375796206,1198.1948180276945,NO
930.0001324845506,1198.0005448961224,NO
930.9491020764875,1197.8018477721291,NO
931.9494580086163,1197.5908505476966,NO
933.0,1197.5000000004902,NO
934.0,1197.5000000004902,NO
935.0,1197.5000000004902,NO
936.0,1197.5000000004902,NO
937.0,1197.5000000004902,NO
938.0141927747011,1197.482554356024,NO
939.0470182481627,1197.3867630080501,NO
940.040546403221,1197.2376858209059,NO
941.0139717361607,1197.0783031338592,NO
941.9786259648063,1196.9043793180829,NO
942.9439884721957,1196.7199423567224,NO
943.9657151163971,1196.5516592401939,NO
945.0,1196.5000000004902,NO
946.0,1196.5000000004902,NO
947.0,1196.5000000004902,NO
948.0,1196.5000000004902,NO
949.0,1196.5000000004902,NO
950.0186804001698,1196.4763502007795,NO
951.0453158668088,1196.378870358488,NO
952.0394261544913,1196.2284924887692,NO
953.0118358340256,1196.0609724761262,NO
953.9711523354238,1195.8794073053955,NO
954.9415011637248,1195.6859536102736,NO
955.9770351588289,1195.5315172540897,NO
957.0,1195.5000000004902,NO
958.0,1195.5000000004902,NO
959.0,1195.5000000004902,NO
960.0,1195.5000000004902,NO
961.0048487969503,1195.4945772843323,NO
962.0366127492417,1195.4342442265845,NO
963.0475588745323,1195.2957930194125,NO
964.0249464608762,1195.13252806926,NO
964.9916510321262,1194.959447869975,NO
965.953801387114,1194.781839883779,NO
966.9510396653039,1194.6036544351127,NO
967.9922991637898,1194.5090717233797,NO
969.0,1194.5000000004902,NO
970.0,1194.5000000004902,NO
971.0,1194.5000000004902,NO
972.0,1194.5000000004902,NO
973.0,1194.5000000004902,NO
974.0230205241395,1194.4696186784327,NO
975.0477444126,1194.3580830864255,NO
976.0373118265525,1194.1922124329196,NO
977.0028671549078,1194.0134151280965,NO
977.961591325985,1193.8296658784186,NO
978.9453297300349,1193.642540553728,NO
979.9849136554885,1193.5191227501032,NO
981.0,1193.5000000004902,NO
982.0,1193.5000000004902,NO
983.0,1193.5000000004902,NO
984.0,1193.5000000004902,NO
985.0048487969503,1193.4945772843323,NO
986.0365668678293,1193.4337000517037,NO
987.0501200825142,1193.2840138009142,NO
988.0223838792507,1193.117688436414,NO
988.988210477332,1192.9432768228794,NO
989.9466173309775,1192.763259464983,NO
990.9550275029369,1192.57525974112,NO
992.0,1192.5000000004902,NO
993.0,1192.5000000004902,NO
994.0,1192.5000000004902,NO
995.0,1192.5000000004902,NO
996.0,1192.5000000004902,NO
997.0048482600191,1192.4945225173467,NO
998.0408194498956,1192.4248554738629,NO
999.048240685654,1192.273363885373,NO
1000.0202056457962,1192.105151824465,NO
1000.9814693194932,1191.9218954802986,NO
1001.9427672282876,1191.7297341338092,NO
1002.973007516584,1191.5559301271526,NO
1004.0074692295705,1191.5238366457058,NO
1005.0,1191.5313725490196,NO
1006.0,1191.5313725490196,NO
1007.0,1191.5313725490196,NO
1008.0,1191.5313725490196,NO
1009.0314777603456,1191.5775353356319,NO
1010.0308327227712,1191.6581589431894,NO
1011.0046434434377,1191.7039805000106,NO
1012.0,1191.7117647058824,NO
1013.0,1191.7117647058824,NO
1014.0043941067084,1191.7198757154713,NO
1015.0041501421629,1191.7354284542419,NO
1016.0,1191.743137254902,NO
1016.9958512415636,1191.7355166668021,NO
1018.0080036729134,1191.7448829160176,NO
1019.0175599896668,1191.8094554387985,NO
1020.0039596469737,1191.8653719983777,NO
1020.9979997920613,1191.8724867521576,NO
1022.0002633442635,1191.8656944185846,NO
1023.0002595144706,1191.8676476130959,NO
1024.0,1191.8686274509803,NO
1025.0,1191.8686274509803,NO
1026.001707355557,1191.8756069526385,NO
1027.0015154979544,1191.8895851493567,NO
1028.0050199972975,1191.9431066984305,NO
1028.9977076223847,1192.025980279123,NO
1030.0,1192.0725490196078,NO
1031.0,1192.0725490196078,NO
1032.0,1192.0725490196078,NO
1033.0,1192.0725490196078,NO
1034.0,1192.0725490196078,NO
1035.0,1192.0725490196078,NO
1036.0010162933647,1192.0647886978034,NO
1036.9980499676806,1192.0710368908021,NO
1037.9898469158468,1192.123287457278,NO
1038.9927648781165,1192.184495606652,NO
1040.0,1192.2058823529412,NO
1040.9970806712588,1192.2126939505292,NO
1041.9940891244285,1192.231888194768,NO
1042.997049616934,1192.250782567394,NO
1044.0,1192.256862745098,NO
1045.0,1192.256862745098,NO
1046.0029548987989,1192.2511664046908,NO
1046.98336113971,1192.273736079017,NO
1047.9713384468125,1192.339939345021,NO
1048.995346936944,1192.3955103704259,NO
1050.0,1192.4019607843138,NO
1051.0,1192.4019607843138,NO
1051.996817075763,1192.4058228638626,NO
1052.9967558114668,1192.4136340620546,NO
1054.0,1192.4176470588236,NO
1054.9950188476241,1192.423397963391,NO
1055.9815573948404,1192.4478918691739,NO
1056.9857744768956,1192.4836678017748,NO
1058.0,1192.5000000004902,NO
1059.0,1192.5000000004902,NO
1060.0,1192.5000000004902,NO
1061.0,1192.5000000004902,NO
1062.0,1192.5000000004902,NO
1063.0,1192.5000000004902,NO
1064.0,1192.5000000004902,NO
1065.0,1192.5000000004902,NO
1066.0,1192.5000000004902,NO
1067.0,1192.5000000004902,NO
1068.0,1192.5000000004902,NO
1069.0,1192.5000000004902,NO
1070.0,1192.5000000004902,NO
1071.0,1192.5000000004902,NO
1072.0,1192.5000000004902,NO
1073.0,1192.5000000004902,NO
1074.0,1192.5000000004902,NO
1075.0,1192.5000000004902,NO
1076.0,1192.5000000004902,NO
1077.0,1192.5000000004902,NO
1078.0,1192.5000000004902,NO
1079.0,1192.5000000004902,NO
1080.0,1192.5000000004902,NO
1081.0,1192.5000000004902,NO
1082.0,1192.5000000004902,NO
1083.0,1192.5000000004902,NO
1084.0,1192.5000000004902,NO
1085.0,1192.5000000004902,NO
1086.0,1192.5000000004902,NO
1087.0,1192.5000000004902,NO
1088.0,1192.5000000004902,NO
1089.0,1192.5000000004902,NO
1090.0,1192.5000000004902,NO
1091.0,1192.5000000004902,NO
1092.0,1192.5000000004902,NO
1093.0,1192.5000000004902,NO
1094.0,1192.5000000004902,NO
1095.0048518256738,1192.4948862141202,NO
1096.0094027586304,1192.4795406776386,NO
1097.0183904275887,1192.4466246995057,NO
1098.0300256893622,1192.3828275386531,NO
1099.0152693006346,1192.324472630923,NO
1100.0198626515526,1192.2597423515263,NO
1101.0160938149872,1192.178431427033,NO
1102.0049571747052,1192.1149163218552,NO
1103.0041290207191,1192.056913525983,NO
1104.0,1192.0,NO
1104.9958240855892,1191.942440101544,NO
1105.9881262149556,1191.8654304388476,NO
1106.9872605865176,1191.7904161081394,NO
1107.978908164073,1191.7241836998842,NO
1108.98953226973,1191.666341084744,NO
1109.9715310574363,1191.6179168361084,NO
1110.9661837909975,1191.5461508941682,NO
1112.0,1191.5000000004902,NO
1113.0,1191.5000000004902,NO
1114.0,1191.5000000004902,NO
1115.0,1191.5000000004902,NO
1116.0,1191.5000000004902,NO
1117.0,1191.5000000004902,NO
1118.0,1191.5000000004902,NO
1119.0,1191.5000000004902,NO
1120.0,1191.5000000004902,NO
1121.0,1191.5000000004902,NO
1122.0,1191.5000000004902,NO
1123.0,1191.5000000004902,NO
1124.0,1191.5000000004902,NO
1125.0,1191.5000000004902,NO
1126.0,1191.5000000004902,NO
1127.0048518256738,1191.4948862141202,NO
1128.0094064024997,1191.4797265149728,NO
1129.0098938720732,1191.4587158963573,NO
1130.0229153392345,1191.4173865307166,NO
1131.0159828631529,1191.3705118248718,NO
1132.0079637191195,1191.338458051858,NO
1133.0114542727936,1191.3074568023105,NO
1134.0070478864989,1191.276494007927,NO
1135.0144393701535,1191.2301274601036,NO
1136.0089147609187,1191.1748664575503,NO
1137.0068615812472,1191.1206691908985,NO
1138.0043088644065,1191.051105134971,NO
1138.999507189581,1190.988575758553,NO
1139.9963404435755,1190.9377875410144,NO
1140.9932196280554,1190.880758972739,NO
1141.9892207583562,1190.8226640953199,NO
1142.980865695189,1190.7560376141164,NO
1143.9854642331793,1190.6911149622595,NO
1144.9727163354648,1190.6338245143854,NO
1145.9745012702829,1190.566521596427,NO
1146.9925374326724,1190.5242613636594,NO
1147.9922864661014,1190.5082622457933,NO
1149.0,1190.5000000004902,NO
1150.0,1190.5000000004902,NO
1151.0048518256738,1190.4948862141202,NO
1152.0094064024997,1190.4797265149728,NO
1153.0099011631075,1190.459053935224,NO
1154.009439280432,1190.4376393743785,NO
1155.0041421512756,1190.4224994261745,NO
1155.9958578868905,1190.4224955332334,NO
1156.9957626987048,1190.4322047280777,NO
1158.0,1190.4372549019608,NO
1158.9947884198907,1190.4429843212556,NO
1160.0,1190.4490196078432,NO
1161.0052089343253,1190.442759429601,NO
1162.0170346949062,1190.4136997607613,NO
1163.0238331784963,1190.3574976934613,NO
1164.0153453906134,1190.3010057275544,NO
1165.0153207771416,1190.2441748838708,NO
1166.0073088529111,1190.196185003199,NO
1167.0064526800668,1190.1567079548295,NO
1168.005981959619,1190.1089571202401,NO
1169.001879906482,1190.068482306756,NO
1170.0014211851385,1190.0329456552392,NO
1170.9995097632984,1189.989129534188,NO
1171.996353216161,1189.9380046749673,NO
1172.99540228553,1189.888341212636,NO
1173.9980775432682,1189.8599352956637,NO
1174.9920209890004,1189.8304460202085,NO
1175.9968362626096,1189.798311754413,NO
1176.9890691165901,1189.7677187329534,NO
1177.9734047595268,1189.7051397251896,NO
1178.9432084943057,1189.5816503555038,NO
1180.0560360205782,1189.3491475035105,NO
1181.0088025775974,1189.262006126183,NO
1182.0,1189.2450980392157,NO
1183.7548008383303,1189.5842205013735,NO
1184.1048915587028,1189.7993587981503,NO
1186.1548694332585,1190.6228026650367,NO
1187.0202136785392,1190.959054343472,NO
1189.1209594104514,1191.690797519217,NO
1190.019516760596,1191.8949182304727,NO
1190.9979018813485,1191.9534765002343,NO
1191.9941583724942,1191.903895808928,NO
1192.990168136659,1191.8433046791727,NO
1193.9862873246464,1191.781454238184,NO
1194.9824104061222,1191.7196658496653,NO
1195.9848711914894,1191.6645351211812,NO
1196.9897533165006,1191.6267279626047,NO
1198.0,1191.6117647058823,NO
1199.0052320642608,1191.6188067478229,NO
1200.0,1191.6254901960785,NO
1201.005042652403,1191.6326067545717,NO
1202.0048543963649,1191.6463225515915,NO
1203.0053164238602,1191.6610780008562,NO
1204.0050721863515,1191.676648141025,NO
1205.0,1191.6843137254903,NO
1206.0,1191.6843137254903,NO
1207.0,1191.6843137254903,NO
1208.0042355784676,1191.6914078553987,NO
1209.0046109274908,1191.7060533914942,NO
1210.0005593776762,1191.7147173703245,NO
1211.0043327010824,1191.723790323885,NO
1212.0040872210543,1191.7394396746508,NO
1213.0038413735679,1191.7551124509084,NO
1214.0035969190244,1191.7706964270374,NO
1215.0,1191.778431372549,NO
1216.0,1191.778431372549,NO
1217.0,1191.778431372549,NO
1218.0033477878978,1191.786578535329,NO
1219.0074429184494,1191.8116941665285,NO
1219.9951763470813,1192.0129022912038,NO
1220.914255908996,1192.238840783384,NO
1222.0868768943596,1192.2537650314157,NO
1223.0108833012916,1192.0304300805321,NO
1223.9937938895425,1191.8429854081758,NO
1224.994055860811,1191.8105305560189,NO
1225.9966516697045,1191.7865439574814,NO
1226.996404473973,1191.7707852306087,NO
1227.9961586264321,1191.7551124509084,NO
1228.9959127789457,1191.7394396746508,NO
1229.9956677899513,1191.7238216272774,NO
1231.0043322100487,1191.7238216272774,NO
1232.0040872210543,1191.7394396746508,NO
1233.0038399656378,1191.7552022064322,NO
1234.0105866604174,1191.77856234151,NO
1235.00044884209,1191.9989001655067,NO
1237.0200888374748,1192.6584897642044,NO
1238.0123232293024,1192.7030688571215,NO
1239.0178863814394,1192.9587981936513,NO
1241.0109595333815,1193.627375852526,NO
1242.0076891519118,1193.6462990146945,NO
1243.0404381889134,1193.9080446695054,NO
1244.0,1194.081589958159,NO
1244.9565098006058,1193.904589778284,NO
1245.986717615045,1193.626617410456,NO
1247.9759270392174,1192.949272951938,NO
1248.9743240435805,1192.660807117512,NO
1250.9828703469882,1191.9625944314284,NO
1251.9760147899894,1191.6912673109855,NO
1253.9280895997956,1190.9144027220948,NO
1255.8118338320955,1189.580658260646,NO
1256.9690748768378,1188.9409725340752,NO
1258.9645590486944,1187.9291180973887,NO
1260.9757686471976,1186.949858932986,NO
1262.8994885023264,1185.9037373360395,NO
1263.9295044884905,1183.96533245465,NO
1264.8978477059022,1182.8978477059022,NO
1265.9149723754765,1181.903038674598,NO
1267.9728033586166,1180.688957955124,NO
1269.9862720131434,1179.9692543697936,NO
1270.9881692880335,1179.7149361795455,NO
1271.9860432938426,1179.676458177854,NO
1272.9849533991346,1179.6345825262765,NO
1273.987375727042,1179.5976012839026,NO
1275.9718578263455,1178.9379364564604,NO
1276.9821009941422,1178.6516578156745,NO
1278.0887376466555,1178.0887376466555,NO
1278.4525779364783,1177.7731597351694,NO
1278.987429683042,1176.987429683042,NO
1280.9623870528526,1175.9240761341462,NO
1282.963758591324,1174.9259013208912,NO
1284.8898987434338,1173.8916890030532,NO
1285.920141927944,1171.9588153334198,NO
1286.8958310972732,1170.8958310972732,NO
1287.8955537251657,1169.893242335847,NO
1288.9479813280793,1167.9753709719273,NO
1289.6188786831701,1165.9947689230871,NO
1289.6319665819417,1164.9912719344406,NO
1289.926238277369,1163.9663776902812,NO
1290.5470588235294,1162.0,NO
1290.5470588235294,1161.0,NO
1290.5817551772404,1159.9638864900016,NO
1291.9749666684968,1157.950411682215,NO
1293.974101300088,1156.948914401945,NO
1294.7869427085,1156.4901136742,NO
1295.881082884311,1155.8903371401116,NO
1296.9187608500054,1153.956476022498,NO
1297.9067766039623,1152.900804071473,NO
1298.9690412260704,1151.9394229346592,NO
1300.8915815715375,1150.8938975830126,NO
1301.9254268256846,1148.964235316371,NO
1302.6260561635515,1146.985958630482,NO
1302.926548355084,1145.9656531783044,NO
1303.5709571603793,1143.9932699158055,NO
1303.580106566593,1142.986616943041,NO
1304.8861008222907,1140.8857896232446,NO
1305.8869274237265,1139.8866184831481,NO
1306.8880802223928,1138.8883818964568,NO
1307.9011498504515,1137.892808060252,NO
1309.98406200281,1136.6521358712905,NO
1310.9828212188188,1136.6190792061934,NO
1312.9846840820378,1135.963798739362,NO
1313.9886835036507,1135.7136926473788,NO
1314.9951153086217,1135.6886009447908,NO
1315.9948676952981,1135.6728155964352,NO
1316.9904414270864,1135.6517948479348,NO
1317.9956663331698,1135.6316383094877,NO
1319.0,1135.6254901960785,NO
1320.0,1135.6254901960785,NO
1320.994005770814,1135.6178679141326,NO
1321.9937616113643,1135.6023027502229,NO
1322.9935156276629,1135.58662129027,NO
1323.9863226237615,1135.5640336155395,NO
1324.9927801074007,1135.5397318765836,NO
1326.0,1135.5313725490196,NO
1327.9787496512618,1134.950548251727,NO
1329.1311110613365,1134.1177965433774,NO
1329.9246916405662,1132.9637290355158,NO
1330.9352556808553,1130.965924042211,NO
1331.9011598498353,1129.904864701066,NO
1332.8918295700832,1128.8980674437234,NO
1333.8858417415263,1127.8882545994643,NO
1334.888284538606,1126.8858723271278,NO
1335.958820334809,1125.9169628129098,NO
1337.964601181761,1124.9273947644158,NO
1338.9833898222848,1124.6209859506423,NO
1339.9937628875425,1124.6023841065733,NO
1341.9636488213434,1123.9254414124136,NO
1343.8913240215181,1122.8913240215181,NO
1344.8953800418979,1121.8953800418979,NO
1345.8940848481052,1120.8963473851172,NO
1346.8948288957858,1119.8948288957858,NO
1347.8877051025243,1118.8900785763176,NO
1348.9049600216842,1116.9540191181848,NO
1349.921054476286,1114.9560855045354,NO
1350.968141211802,1113.936282423604,NO
1352.9066637772405,1112.9029880955309,NO
1353.900724423187,1111.906571977903,NO
1354.891856036679,1110.8980923840677,NO
1355.890843736341,1109.8887841834953,NO
1356.9623131937453,1108.924006026584,NO
1358.9679046170525,1107.9330777083871,NO
1360.9573000263201,1106.9186188722103,NO
1361.9766125987303,1106.5773562626744,NO
1363.9483732312947,1105.8937597865577,NO
1365.8681274531405,1104.8681274531405,NO
1366.5654675970488,1103.000852024275,NO
1366.5637305253097,1102.0008554302979,NO
1365.9069832457674,1100.0465083771162,NO
1365.5703646197203,1099.0110380627248,NO
1365.5703646794043,1097.9889619388086,NO
1366.8870563230175,1095.8849020801233,NO
1367.8558250546141,1094.8589381373147,NO
1368.0501136815076,1093.9995841188043,NO
1367.857956682236,1093.138670261569,NO
1366.8817157882756,1092.1208382586724,NO
1364.56406873342,1090.0138942229305,NO
1364.5574290305335,1088.9965014154893,NO
1364.8954313673387,1087.9489755490947,NO
1365.8923418792801,1085.9457385783444,NO
1366.8623278468408,1084.865237696308,NO
1367.5255915563728,1082.996249735868,NO
1367.9649234812596,1081.9649234812596,NO
1369.9451315329377,1080.891137462483,NO
1371.947558361353,1079.8925270071395,NO
1373.8634186149948,1078.8663054099004,NO
1374.5373289495253,1076.989027563632,NO
1374.8961392516921,1075.946387670972,NO
1375.9799002000957,1073.9803295677584,NO
1378.0,1073.5313725490196,NO
1379.0,1073.5313725490196,NO
1380.8733169738477,1072.8677254486367,NO
1381.1186436677015,1072.0573361665606,NO
1381.112769951351,1070.943147099465,NO
1380.896061799432,1070.0536523094454,NO
1380.537361336767,1069.0109716682912,NO
1380.9809620031676,1066.980546440352,NO
1382.9583540023082,1065.9139199910633,NO
1384.9614207129364,1064.9231602637817,NO
1386.8923504959141,1063.887902173816,NO
1387.8879703023288,1062.8903892920696,NO
1388.1415343702297,1062.0689448550538,NO
1388.1428671891347,1060.9304058962439,NO
1387.9133007031244,1060.0451483885172,NO
1387.0812229812652,1058.916964507552,NO
1385.9510909075275,1058.091956780704,NO
1384.5718696799509,1056.0264383253273,NO
1384.5322358606727,1055.0036977399907,NO
1385.945770968257,1052.8924061429323,NO
1387.9527708621101,1051.9032094165973,NO
1388.982807230398,1051.5650229366947,NO
1390.8715489540389,1050.8687753801432,NO
1391.8763787301068,1049.8763787301068,NO
1392.8763787301068,1048.8763787301068,NO
1393.9456094718255,1047.8946316815652,NO
1395.9553662708608,1046.905414483322,NO
1396.990148311176,1046.58458713596,NO
1398.9573294673703,1045.913230631308,NO
1400.0797366856125,1045.072849843572,NO
1400.5390320414378,1044.0072308704064,NO
1400.5313725490196,1043.0,NO
1400.5313725490196,1042.0,NO
1400.5313725490196,1041.0,NO
1400.5313725490196,1040.0,NO
1400.5373289269128,1038.9890275630958,NO
1400.8937904880731,1037.9464687004383,NO
1401.9026556695328,1035.9497514088907,NO
1402.86909997354,1034.8745755312618,NO
1403.5650231369352,1032.9828072383127,NO
1404.885607052452,1030.885607052452,NO
1405.875012995962,1029.8802412115215,NO
1406.5396156536242,1027.9927782842951,NO
1406.5530427024382,1026.989400221817,NO
1407.8853853510045,1024.8829105389377,NO
1408.8750005079385,1023.880229245873,NO
1409.5313725490196,1022.0,NO
1408.8682084616978,1020.1317915383021,NO
1407.8700270437037,1019.1299729562963,NO
1406.5373288909566,1017.010972437757,NO
1405.8684754001874,1015.1287446855168,NO
1404.5530426449236,1013.010599779547,NO
1404.5396165502993,1012.0072217016393,NO
1403.8930646181623,1010.0521793103892,NO
1402.9157107967585,1008.041450862804,NO
1402.5923133889319,1007.0194909923523,NO
1402.5711198778515,1006.0067275317633,NO
1402.58618782704,1004.9752701888054,NO
1404.9815452240243,1002.7011516785939,NO
1405.9852136486309,1002.6572254935462,NO
1406.9903555000094,1002.6216388477114,NO
1407.9880680699578,1002.5943143649569,NO
1409.9860367610584,1001.9660204909391,NO
1410.9978831172828,1001.732214318799,NO
1412.0,1001.7352941176471,NO
1413.0035362508684,1001.7423588660654,NO
1414.0038105830467,1001.7570753465006,NO
1415.003563763449,1001.7728100948352,NO
1416.0056427531524,1001.7944425661369,NO
1417.0,1001.8078431372548,NO
1417.9835669191632,1001.7734899781861,NO
1418.8001549001574,1001.5428045059392,NO
1419.1232635628228,1001.1104344512587,NO
1419.6707200245094,999.9948348235795,NO
1419.6794246653478,998.9993714209452,NO
1419.6872277578425,997.992582476208,NO
1419.950674911992,996.9783329061972,NO
1420.5627450980392,995.0,NO
1420.5551694718824,994.0069777342261,NO
1420.539616538243,993.0072217018284,NO
1419.9224930107057,991.0354851278124,NO
1419.6252567481736,990.0074059929121,NO
1419.6170094786874,988.9969724071435,NO
1419.9183825363987,987.9616695309052,NO
1421.9735590647902,985.5718274166895,NO
1422.992781689289,985.5398327219503,NO
1424.0,985.5313725490196,NO
1425.8682068960188,984.8682068960188,NO
1426.8656191739067,983.8656191739066,NO
1427.8924725410484,981.9475317845265,NO
1428.891137462483,979.9451315329376,NO
1429.5398344708144,977.992781716722,NO
1429.5718700972368,976.9735617004413,NO
1431.9812493358272,974.5907463542932,NO
1433.965176259769,973.9255284513723,NO
1434.9866475897759,973.6246489223845,NO
1435.987309131275,973.5954785437441,NO
1436.9932719478838,973.5710867053634,NO
1438.006754047835,973.5694294783917,NO
1439.877662325852,972.8828337982342,NO
1440.5627450980392,971.0,NO
1439.9132740756588,969.0419584952365,NO
1438.9052996021642,967.0485097979816,NO
1437.905527284441,965.0472363577795,NO
1437.5603012821325,964.0070071504483,NO
1437.8743327321577,962.9386804324085,NO
1438.0357268179357,962.0005785719359,NO
1437.8463850789628,961.1503681039729,NO
1435.9880800452327,960.4052784756813,NO
1434.9795780291201,960.359145015385,NO
1433.9761877018977,960.2868814988408,NO
1432.9872603505708,960.0299685093693,NO
1430.9736391940492,959.3633516314011,NO
1429.9688329984237,959.2605765682476,NO
1428.0615136874492,958.8833655029315,NO
1426.6506726149787,955.9837357700876,NO
1428.9997392343014,953.9993663393736,NO
1429.98754066746,953.7748420695153,NO
1430.987668212728,953.7265560258827,NO
1431.9901967916237,953.6875227209213,NO
1433.0445790648464,953.0458387566126,NO
1433.1148046051128,951.9426645250107,NO
1432.9140643551784,951.090220524413,NO
1431.8167317133993,950.3964172861096,NO
1429.9384740650523,949.0705473354881,NO
1428.9176802028012,948.0840972840141,NO
1427.7544754819644,945.9817582188194,NO
1428.735342784789,943.8712478448047,NO
1429.0456275094036,943.0239151088534,NO
1429.4200766987435,942.1693332374632,NO
1429.3423018747994,940.846090309239,NO
1429.0171136683705,939.9912885788225,NO
1428.7475229598979,939.0498966514247,NO
1428.5967776915961,938.0118594792611,NO
1428.7230665656311,936.9401601131899,NO
1430.0366673812853,935.0473568566158,NO
1430.719991365007,934.6350314931541,NO
1431.8952112642417,933.8415888988989,NO
1432.9334452167207,932.9404330430621,NO
1433.6246299549916,931.8431766997129,NO
1433.9815145873538,930.9913579727144,NO
1434.6490825264827,928.9944954118238,NO
1434.6490979282303,928.0055043465802,NO
1434.6274234651373,927.0109581330107,NO
1434.5974387137342,926.0126293731984,NO
1434.5654030289782,925.0144865647288,NO
1434.539763452967,924.0072193972835,NO
1434.5494947632872,922.9821934685926,NO
1436.9789371175054,920.6954908812494,NO
1439.0057845224865,920.0133295517978,NO
1439.8765729025708,919.7057842310115,NO
1440.2040137089316,919.1980230997874,NO
1440.7603048602593,918.0097834752738,NO
1440.7221823311443,917.0304381924535,NO
1440.6604706138949,916.0113176454441,NO
1441.8231211853795,913.6158789710572,NO
1442.9875977892818,912.9735802799839,NO
1445.008381929113,912.0179724150377,NO
1446.9424057932483,910.9435446599374,NO
1447.9111771049245,909.9288313505858,NO
1448.5547669237126,908.0078570546582,NO
1448.5470588235294,907.0,NO
1448.5846398979313,905.9672846990005,NO
1450.9870462350818,903.7348443475404,NO
1452.0,903.7196078431373,NO
1453.0,903.7196078431373,NO
1454.0,903.7196078431373,NO
1454.9954799979898,903.7118498905028,NO
1455.9803403273445,903.6765666870385,NO
1457.9803751061029,902.9577741296357,NO
1459.877720357441,901.8800090178386,NO
1460.0945498532644,900.998185610426,NO
1459.8762337308726,900.1191271056524,NO
1458.5798083324246,898.0227814770294,NO
1459.8837028656772,895.876993410575,NO
1460.9637244160476,894.922423642711,NO
1462.045449466265,894.0463963310326,NO
1462.1431442336366,892.9331775198906,NO
1461.9518415268228,892.0248661386682,NO
1461.64977897539,891.0333206247221,NO
1461.593287593196,890.023924259313,NO
1461.545151046408,889.0142697705413,NO
1461.545601287307,887.9857443546629,NO
1461.619433075297,886.9561031150967,NO
1462.9278219521539,884.9290052011153,NO
1463.9131997229817,883.9199546124057,NO
1465.9058039445185,881.8123654914699,NO
1466.298589864289,880.9872940481623,NO
1465.909878373485,880.1988981767631,NO
1463.6981934532582,878.0306356393113,NO
1463.6344359853424,877.0157694282009,NO
1463.6098039215685,876.0,NO
1463.6179632194187,874.994007265799,NO
1463.63163743551,873.9956663228878,NO
1463.653574638303,872.9869919329057,NO
1464.8894386823436,870.8957482771274,NO
1465.6186903507519,868.9947663381323,NO
1465.618700210506,868.0052335265378,NO
1465.5972387064082,867.0126356479378,NO
1465.5721563357652,866.0075501826664,NO
1465.5627450980392,865.0,NO
1465.5627450980392,864.0,NO
1465.5627450980392,863.0,NO
1465.5551694718824,862.0069777342261,NO
1465.5396218947542,861.0072216178047,NO
1465.5397385832655,859.9927802126034,NO
1465.5642607316208,858.9863297489716,NO
1465.5952949017765,857.9873033699585,NO
1465.6178555594902,856.9940055770157,NO
1465.6209671100924,855.9970036927652,NO
1465.9197894959193,854.9624926591512,NO
1466.6067601376142,852.9790168447832,NO
1466.9235329927697,851.963004827184,NO
1467.5627450980392,850.0,NO
1467.5807607460824,848.9834292782109,NO
1467.9166625855144,847.9573108325476,NO
1468.9219130318043,845.9612752392179,NO
1469.6330212526714,843.978068999109,NO
1469.9405574011143,842.9697155616033,NO
1470.956847129297,840.9781925536005,NO
1471.9441108730882,838.9734468677477,NO
1472.624648529847,836.9866475758122,NO
1472.9277980191414,835.9653725213323,NO
1473.9135217503035,833.9581613311645,NO
1474.914621616998,831.9562653567875,NO
1475.888490420436,830.8884904204361,NO
1476.8875761637971,829.887576163797,NO
1477.6178444795023,827.994005403212,NO
1477.6254901960785,827.0,NO
1477.6209744898817,825.9970037511035,NO
1477.8922028515256,824.9508635511273,NO
1478.0316332270584,823.9984631631243,NO
1477.8653336193852,823.0678740183511,NO
1477.5161943319838,822.0,NO
1478.8699887748091,819.867181512808,NO
1479.8790698565695,818.8737905040849,NO
1480.856224307577,817.8530859610344,NO
1481.0218940740006,816.9994549193377,NO
1480.8529641696095,816.1439280695042,NO
1479.5689014437876,814.0102236815369,NO
1479.5689014437876,812.9897763184631,NO
1480.8906692048477,810.8862006495559,NO
1482.9867166486438,809.6265902438402,NO
1483.933000641497,808.9254427849551,NO
1483.7532025461164,808.2345910922966,NO
1482.9835394969525,807.0329922628989,NO
1481.9203857899172,806.0854698505501,NO
1480.6445780320348,804.0238821080578,NO
1480.6095707708141,802.992284007544,NO
1481.9611792319845,800.9250704926818,NO
1483.971613793968,799.9390659311296,NO
1484.9876233294367,799.6520780476886,NO
1486.8838854528883,798.8863926443211,NO
1487.5990961293815,796.9903396658223,NO
1487.5920042266614,796.0163853728692,NO
1487.568061584849,795.0239017312853,NO
1487.5398645630441,794.007217811243,NO
1487.5494944746133,792.9821934571826,NO
1488.915100310101,790.8994109460688,NO
1489.9841892669117,789.9685803745127,NO
1490.8169562116157,789.5630035769217,NO
1491.9199747350724,788.914495117586,NO
1492.9141597615635,787.9194387111171,NO
1493.6529411764707,786.0,NO
1492.926316697105,784.0647938957524,NO
1491.9400035969602,783.0642946525439,NO
1489.9770012508532,782.052356598262,NO
1487.9513348128266,781.2955519825555,NO
1485.9607579554593,780.0408050279186,NO
1484.8827763107292,779.2937487666388,NO
1483.9896477173024,779.0753166095536,NO
1483.03538138532,778.8913768936496,NO
1482.0928225953928,778.6424047769333,NO
1481.013712234112,778.43707747922,NO
1480.0,778.4529411764706,NO
1478.974772258033,778.4150370306719,NO
1477.9589276759307,778.2992412240062,NO
1475.6101745055546,777.5159712814315,NO
1474.7132512030091,774.9709512249964,NO
1476.9866427898287,772.8967663710997,NO
1477.9943292705848,772.8192454929033,NO
1479.0033285556715,772.8113818541815,NO
1480.0089447417772,772.8528445759346,NO
1481.0066797943823,772.9310208979014,NO
1481.9634790717287,773.1062627000266,NO
1482.8735554699488,773.381059796118,NO
1484.009579055678,773.6946675884624,NO
1485.0005671410645,773.7107580420409,NO
1485.9911050928335,773.6975731461935,NO
1486.9854534255853,773.6627839592632,NO
1487.988994535834,773.6258142058066,NO
1489.9679011511148,772.9341632121854,NO
1491.8927408876775,771.8927408876774,NO
1492.9394203322097,769.9690398960514,NO
1493.9482400113695,767.9748779968057,NO
1494.6254901960785,766.0,NO
1494.6187962568417,765.0052322082547,NO
1494.6051503088943,764.0054195055801,NO
1493.9027244212004,762.083926456288,NO
1492.9251241640436,761.0750849837233,NO
1490.9820389870886,760.2290029141926,NO
1489.9892686110709,760.1597083206804,NO
1489.0147561600768,759.9610901246842,NO
1486.9561863924941,759.1802883258644,NO
1485.6865693518564,756.97353535646,NO
1488.0432453138624,755.1360157814518,NO
1488.9978696741996,754.9759440728096,NO
1489.9909405012454,754.894992170384,NO
1490.9895517154227,754.8223791628498,NO
1491.9891138229198,754.7686687424347,NO
1492.987492686378,754.7226639199233,NO
1493.9930456158488,754.6800983314251,NO
1495.0609385315709,754.8606313210629,NO
1496.5926132715026,754.8659431707413,NO
1496.7385971158765,753.9964121172662,NO
1496.6267050003592,752.9897526861644,NO
1496.6668973981878,751.9822257500689,NO
1496.9499636831138,750.9766429028695,NO
1497.6499831889428,748.9842149278677,NO
1497.6728768058185,747.9915956494697,NO
1496.9425187919906,746.050169657666,NO
1495.9761823579083,745.0211601655242,NO
1494.7841240542862,743.0426421635332,NO
1494.0043815026288,740.9982059279174,NO
1493.789689754894,739.9983107611259,NO
1494.0047247455539,739.0019669966757,NO
1494.6982745687287,736.9852095372414,NO
1494.714487577231,736.0039187979711,NO
1493.9520444855118,734.0400362581528,NO
1492.983316094229,733.0159688803335,NO
1491.9840945900041,732.0164238095837,NO
1490.9724717947634,731.0296073747872,NO
1489.9518160204618,730.0552568565469,NO
1488.623075776399,728.0438988027171,NO
1488.5559173865347,727.0069660022308,NO
1489.9795764918142,724.6464620448156,NO
1491.9267224569137,723.9124404748592,NO
1492.9437896073252,722.9423400558442,NO
1493.8898816585192,721.9100303757724,NO
1494.1238200862083,720.9988403946384,NO
1493.8902737878302,720.087644665182,NO
1492.9475644582424,719.0492400241675,NO
1491.9568326201527,718.0432907162906,NO
1490.6841997463973,716.0409133908931,NO
1490.6048067012239,715.0178224431808,NO
1490.5711909973572,714.0067264161631,NO
1490.5703679527826,712.9889620229073,NO
1490.9069788468385,711.9534894234192,NO
1491.5627450980392,710.0,NO
1491.5627450980392,709.0,NO
1491.5627450980392,708.0,NO
1491.5627450980392,707.0,NO
1491.55516944544,706.0069777346408,NO
1490.927487577963,704.0320336013301,NO
1490.644333590801,703.0077318785185,NO
1490.6263086854865,702.0102581930676,NO
1489.9407380125267,700.0281232903324,NO
1489.652182391718,699.015935865776,NO
1489.6256676159826,698.0110097756312,NO
1489.6024238439636,697.0062364891259,NO
1489.6022185592583,695.9937602907216,NO
1489.6098039215685,695.0,NO
1488.8952229187466,693.1025625046154,NO
1486.6125816229815,691.0360753967806,NO
1486.5752007882977,690.0066635174777,NO
1486.5749927359357,688.9933332189556,NO
1486.5980887439086,687.9881790810997,NO
1486.6187015622515,686.9947664920156,NO
1486.6187001778624,686.0052335269859,NO
1485.8779293895002,684.1305950911399,NO
1483.9553655006844,683.4083230166787,NO
1482.6001045022676,680.9936271637775,NO
1484.8833622831892,678.8805251530875,NO
1485.639633425208,676.9901075841055,NO
1485.6460420143846,676.0048582468756,NO
1485.0002746698501,673.9998804783932,NO
1484.6423918240157,673.1506902361514,NO
1483.917228867439,672.0987178664949,NO
1482.5522223909734,670.0071358977099,NO
1482.5800996049284,668.9868266547817,NO
1482.617618676356,667.9835051192492,NO
1482.6409763811237,666.992904671762,NO
1482.9282208491952,665.9673070682735,NO
1483.5950733004204,663.9872964177594,NO
1483.6098039215685,663.0,NO
1483.6022055326723,662.0062399136169,NO
1483.5941176470587,661.0,NO
1483.5941176470587,660.0,NO
1483.5865289051396,659.0064858215158,NO
1483.578431372549,658.0,NO
1483.5865289051396,656.9935141784842,NO
1483.5941176470587,656.0,NO
1483.5941176470587,655.0,NO
1483.5865188550383,654.0064859791644,NO
1483.5709579262214,653.0067300721812,NO
1482.9197234204298,651.0375382384966,NO
1482.6209671100924,650.0029963072348,NO
1482.6178555513068,649.0059944231126,NO
1481.9675471109276,647.0148125219877,NO
1480.9912837752236,645.0041589638282,NO
1480.7285298413333,644.0297427480725,NO
1480.6446021995957,643.0209057530429,NO
1480.6163204932398,641.9954861235718,NO
1480.679257378439,640.9597448513019,NO
1481.987629658609,638.978167087006,NO
1482.7997252324906,638.5708397738271,NO
1483.9025527636982,637.9025527636982,NO
1484.6872491114414,635.9925829826175,NO
1484.6682297956697,635.0152006261867,NO
1483.8859782429404,633.1189995155353,NO
1481.9520798678454,632.0958402643092,NO
1480.537336687652,630.0109722528551,NO
1480.5400434465002,628.9927849947721,NO
1482.9927848984312,626.5400373047606,NO
1484.0072314365336,626.5389959508208,NO
1485.0791514371663,626.0943211035725,NO
1485.5035312932991,625.7671778094032,NO
1485.951278619307,624.9734632995448,NO
1486.973589241318,623.9515098483962,NO
1487.7844362773706,623.4935551418966,NO
1488.9008875395646,622.8967919875071,NO
1489.8965656383755,621.9006701725326,NO
1490.9113767042247,619.9567915465925,NO
1491.0847131573655,618.9972963885007,NO
1490.867376319909,618.1384774134074,NO
1488.9932727697465,617.4288609009071,NO
1487.9804232029642,617.3962343792157,NO
1485.6799738725338,614.997470149355,NO
1485.7287023416827,613.9789230893208,NO
1487.9749384332638,611.6689235282196,NO
1488.9956221821742,611.6278854747603,NO
1490.0050972590473,611.6286282705042,NO
1491.000713581882,611.6360732211746,NO
1492.9105647242704,610.9044320217887,NO
1493.90377589292,609.9118365563992,NO
1494.9391673187347,607.9689105899035,NO
1495.8942736506915,606.9025013870919,NO
1496.1036838727478,606.0496841605647,NO
1496.0383561913175,604.9655373028031,NO
1495.7930128875132,604.4944692309132,NO
1494.9731408038106,604.0527194991886,NO
1493.8070851247132,603.4035570550791,NO
1493.816020107248,599.6050431674862,NO
1495.9790070579684,598.7049325398154,NO
1496.9904552510611,598.652298435582,NO
1497.9896925823448,598.6245155041049,NO
1499.8783817317794,597.8835227933507,NO
1500.5627450980392,596.0,NO
1499.9296059708142,594.0319195598673,NO
1499.6443748064,593.0077309825272,NO
1499.6392156862746,592.0,NO
1499.6555573718306,590.987066383375,NO
1499.93857824107,589.9721488379909,NO
1500.5876356984845,587.992722982571,NO
1499.8935168911185,586.100342538131,NO
1498.9038022985949,585.096197701405,NO
1497.6088780680088,583.0031415415434,NO
1498.9168269835266,580.9110188142563,NO
1499.9113489851052,579.916911401584,NO
1500.7071265927113,577.9816236292094,NO
1500.7528143055633,576.9917604774049,NO
1500.7873653833628,575.9911752431454,NO
1501.0002785621161,575.000107530055,NO
1501.58906048845,572.9935538895976,NO
1500.9574691262894,571.0197666472408,NO
1500.564462671762,570.1904440759248,NO
1500.1135390161796,569.8806820542987,NO
1498.9816441976247,569.2925455981728,NO
1497.9887217391124,569.2396630382767,NO
1496.9936829720966,569.2013552722036,NO
1495.9949813525982,569.1706340173871,NO
1494.990639224798,569.1127750546657,NO
1492.8757292752346,568.2850522478153,NO
1490.6706110801597,566.1661301472845,NO
1489.716675322606,563.9971089318902,NO
1491.9693299355395,561.7294462107052,NO
1492.9854922613326,561.6636842424906,NO
1493.9949596997194,561.6327781234937,NO
1495.0,561.6254901960784,NO
1496.0,561.6254901960784,NO
1496.9947674800446,561.6187735472212,NO
1498.0398244318808,561.0467889591516,NO
1498.1584478677748,559.9266882978103,NO
1497.943907249099,559.0585493691398,NO
1496.9348600103651,558.0730700753804,NO
1495.8254398834154,557.396365841966,NO
1494.568180637799,556.2300346145992,NO
1493.8917760863749,555.1039293180658,NO
1492.9015751253744,554.09656278669,NO
1491.6068096636616,552.0180146958495,NO
1491.6023540463304,550.9937624160092,NO
1491.6177729083224,549.9940042805267,NO
1491.6187009806752,549.0052335159669,NO
1491.6051598534607,548.0054193745763,NO
1491.589622043244,547.0072419642845,NO
1490.8849480712624,545.1058120058892,NO
1489.901032779852,544.0952174535297,NO
1488.9271937385092,543.0390953246368,NO
1487.908488444303,541.0468763297864,NO
1487.568870153916,540.0102244235892,NO
1487.5480918467213,539.0035723962357,NO
1487.8871693198646,537.9449440682866,NO
1488.5313725490196,536.0,NO
1488.5313725490196,535.0,NO
1487.9053462475244,533.0446659287635,NO
1487.5845872041364,532.0098516872072,NO
1487.5709579548804,531.0067300717317,NO
1487.5552851932418,530.0069759189889,NO
1487.5396165502993,529.0072217016393,NO
1486.8634272409342,527.1336861464787,NO
1485.0070058432339,526.4466224772517,NO
1484.0072216322062,526.4603790233484,NO
1482.9927817730852,526.4601619360253,NO
1481.9773648108383,526.4242002014979,NO
1480.956461425639,526.0870771487221,NO
1478.959725274669,525.0753980286328,NO
1477.9014598843207,524.1001316126632,NO
1476.562128177624,522.0242300621309,NO
1478.9927798802305,519.5397173944839,NO
1480.0,519.5313725490196,NO
1481.0063337354384,519.5385421336945,NO
1482.0061465539586,519.552179641468,NO
1483.0043981442122,519.5549078002516,NO
1484.0029323706124,519.7079358753587,NO
1484.8391379927791,519.5554035029766,NO
1484.7938276440818,518.1980765929065,NO
1483.8796924476046,517.1131389761592,NO
1482.890747736884,516.102674244233,NO
1481.6171910230412,514.0228770305524,NO
1481.5738801129442,513.0200527010347,NO
1481.5470588235294,512.0,NO
1482.9764330914923,509.61836810928384,NO
1484.9018620028828,508.8932922048318,NO
1485.6492757728115,507.00489057687315,NO
1485.0862972863383,505.9117102747297,NO
1483.9736355404061,505.3102422411379,NO
1481.8141362534084,504.44295669560296,NO
1480.5600595906121,502.0207030785714,NO
1483.0054783056873,499.6895626923694,NO
1484.0051714886763,499.70694898883966,NO
1484.9954168276063,499.70782277880795,NO
1486.893220849199,498.90608909840125,NO
1487.5863973591922,496.9935121150183,NO
1487.586410577343,496.0064876776381,NO
1488.9782573852185,493.5452169506925,NO
1490.0639236786487,493.0697597906922,NO
1490.9111725257305,491.9555862628652,NO
1491.5535753807185,490.0070027395793,NO
1491.539616554171,489.00722170157854,NO
1491.5313725490196,488.0,NO
1491.5579629787874,486.97182234051473,NO
1493.9833898287693,484.62098609861107,NO
1494.9937631086264,484.602398200667,NO
1496.0032635806106,484.58715702585135,NO
1497.062305101138,484.05958509355406,NO
1497.554322862868,483.00699101436834,NO
1496.9281932291988,481.0317218678405,NO
1496.648776366038,480.0027764712337,NO
1496.6529411764707,479.0,NO
1496.6529411764707,478.0,NO
1496.6596111540148,476.9919275369636,NO
1496.941491760035,475.97277575640396,NO
1497.9796023937815,473.9800476357892,NO
1499.9653041701956,472.9254793909133,NO
1501.1114715409276,472.12309416445305,NO
1501.6926233229929,471.00246888890985,NO
1501.0114913422437,468.9946224009889,NO
1500.7605868427358,468.0334456565481,NO
1499.9613220303818,466.0183839732136,NO
1499.6807070753257,465.02208547770704,NO
1499.6500396501547,463.9945104255294,NO
1499.7315983742267,462.95782260062316,NO
1500.9531339786129,460.9591488691177,NO
1501.801761425177,458.9871727975947,NO
1501.8250960534199,458.0027435914965,NO
1501.7880540956937,457.013298566644,NO
1501.7204613926099,456.02247271061583,NO
1501.000263357274,453.9998840360986,NO
1500.7541506350406,453.02399724767844,NO
1500.9450406185395,451.97708171469054,NO
1501.9183288687395,449.9553737900349,NO
1502.703112402564,447.9827113645454,NO
1502.7262733924995,447.0021986072339,NO
1502.3909904193554,445.8470879025763,NO
1502.060465280174,444.97283443874085,NO
1501.7795098258343,444.0845255393919,NO
1501.0263503971903,442.98003134073764,NO
1500.5895940243747,442.31416338122807,NO
1499.7447087740504,441.24903189626775,NO
1498.7300366665283,440.35032978639697,NO
1498.031763881087,439.9572115421525,NO
1496.9313832787302,439.15758432977975,NO
1494.9266434363583,438.1824615417606,NO
1492.923845405384,437.1567239504472,NO
1491.6388866204795,436.5065736048625,NO
1491.0046899847225,435.9938572251645,NO
1489.6537184501656,434.04976920944296,NO
1489.5876173608183,432.977641904048,NO
1490.973145875966,430.94834041619526,NO
1491.7762092233434,430.4926971647041,NO
1492.889097023145,429.89115078266167,NO
1493.8765413095955,428.8842075688067,NO
1494.5530485145398,426.98940035965336,NO
1494.8972056450104,425.9486028225053,NO
1495.1140278432308,425.0574870659405,NO
1495.1226097431688,423.94047576906956,NO
1494.8784002111988,423.11396999832596,NO
1493.8898202628386,422.11288906856385,NO
1491.961803101966,421.0770225535731,NO
1489.9813092171012,420.3637513833729,NO
1487.7834233199007,419.43947259625605,NO
1486.6380095592963,417.0106467773106,NO
1486.628888394291,415.9949063112793,NO
1486.659245933064,414.9853008048461,NO
1487.7653855406322,412.53449510156054,NO
1489.979715868738,411.6052396067587,NO
1490.9863350506787,411.56442972353983,NO
1491.9927801074007,411.53973187658363,NO
1493.0,411.53137254901964,NO
1494.0,411.6913521586308,NO
1494.8561086291527,411.54968409264956,NO
1494.7875640654856,410.2079458718787,NO
1493.8763716319029,409.1236283680972,NO
1492.8946271217214,408.05439288193986,NO
1491.9036868387852,406.0469961788813,NO
1491.5688879659633,405.01022400116915,NO
1491.5627450980392,404.0,NO
1490.9431336098373,402.0263270318602,NO
1489.9213130347728,400.0752138855885,NO
1488.9173460987447,399.0939864746452,NO
1486.9743467020646,398.04609497996756,NO
1485.6653767374705,396.03359671246136,NO
1485.600539388906,395.01801489060216,NO
1485.5672713642634,394.00678790060783,NO
1485.564957546582,392.98968278730075,NO
1486.9585350958885,390.91612974762876,NO
1488.8921058187075,389.88734359401855,NO
1489.9226751853064,387.9638420402162,NO
1490.5627450980392,386.0,NO
1490.5627450980392,385.0,NO
1490.5551694718824,384.0069777342261,NO
1490.5396165416878,383.00722170177437,NO
1489.8753916978274,381.1167897422359,NO
1487.9615145118528,380.0776044842696,NO
1485.5980468322089,378.0274425849933,NO
1485.5644298913821,377.0136649440557,NO
1485.5397557020312,376.00721951886686,NO
1485.5620389974836,374.97576500299954,NO
1487.9873302248159,372.75342668762624,NO
1488.8729775564664,372.6264321593532,NO
1488.816625788388,371.17583827971407,NO
1487.828361815695,370.39779674685957,NO
1485.9541862005267,369.04898704899574,NO
1484.8789255864986,368.2250921498221,NO
1482.9880414562156,367.0145744750618,NO
1481.9075219208105,366.1439155920185,NO
1480.8551511060157,365.0955149583751,NO
1479.7541560395907,363.0313426561159,NO
1479.6803921568628,362.0,NO
1481.9815472854007,359.7059098632683,NO
1483.0050610061764,359.67736087713365,NO
1484.024651472589,359.7434234636907,NO
1485.0233513442133,359.8785730115651,NO
1487.0818496177906,360.7044867274762,NO
1488.0087650581634,360.86030688656274,NO
1488.996372187546,360.8766543724267,NO
1489.9834272545356,360.82016808822993,NO
1490.9826751420455,360.8159233857826,NO
1491.8643254412125,360.6616615531354,NO
1491.7677072770762,359.9087988885828,NO
1491.8515183750683,359.1182630020616,NO
1490.9717106183382,358.02828938166186,NO
1489.9032670224299,357.20350659127837,NO
1487.9178361787485,356.22731127366404,NO
1485.9225095782149,355.15588822237504,NO
1484.3188167662936,354.3595113962854,NO
1483.937940872311,354.1514377594949,NO
1481.9837493653556,353.0184773965297,NO
1482.9996452730013,348.9977670388584,NO
1483.9877584393691,348.88220385159923,NO
1484.9758213559055,348.77980162948194,NO
1487.0394931972473,348.10990922833076,NO
1487.9923597406278,347.9289738832431,NO
1488.9904365569269,347.8475826271611,NO
1489.982638796654,347.778644657754,NO
1491.9430203586815,346.93750619886856,NO
1492.731429312343,345.0111462143574,NO
1492.6937996747768,344.0192125695692,NO
1492.6391727259743,343.0162726028232,NO
1491.9640556346767,341.0161180551991,NO
1491.697563798575,340.02151720030673,NO
1491.6750741993485,338.9871570827532,NO
1492.9545078237177,336.94931613569054,NO
1493.9657075852592,335.964933708716,NO
1494.7776995383822,334.0069741318595,NO
1494.7247954855534,333.025361985666,NO
1493.987808920893,331.0054182574692,NO
1493.7351730946486,330.0230284267245,NO
1493.6647608361682,329.01511862920717,NO
1493.619381614267,328.01716514316985,NO
1492.9747715807953,326.0105714228037,NO
1492.7256833123938,325.0195166024666,NO
1492.660345708413,324.0206456537438,NO
1491.9531379822006,322.03015657740696,NO
1490.8351322670526,320.0812391714072,NO
1490.0033539220105,318.9971355695216,NO
1489.41987993444,318.4787608040996,NO
1488.603698185399,317.33199888129616,NO
1487.7600244842963,316.18831152741296,NO
1486.8755932185704,315.1117426164987,NO
1485.8804627400134,314.1545024543529,NO
1488.0023498747219,310.9201042567753,NO
1488.9962414500962,310.91286998015613,NO
1489.9829959070257,310.8423256861232,NO
1491.146545988448,310.1509277589814,NO
1491.5959631574979,309.1027854554,NO
1491.4190167907034,308.8205820737732,NO
1490.9947323230676,308.0050125473828,NO
1489.9777478072474,307.028398035687,NO
1488.8738649216643,306.2710287043155,NO
1486.973819489814,305.0306021091366,NO
1485.8868753775475,304.24749600259975,NO
1484.9967278608324,304.01572839813247,NO
1482.9279103205363,303.1899775166408,NO
1482.0503584400158,302.9108718810897,NO
1480.5866067268446,300.0251278272908,NO
1482.9992192873256,298.04424038279694,NO
1483.9858383559101,297.94294095144454,NO
1484.6978346316612,297.5757267062875,NO
1484.7110084413832,297.02519963446815,NO
1484.6946442987648,296.3840363000662,NO
1483.9834470486521,296.0582158879247,NO
1482.9999052493204,295.95167715084807,NO
1480.5758640897914,293.9808723017723,NO
1482.9916927289482,290.95914179071184,NO
1483.9135218149513,290.7964361787195,NO
1483.9332805166355,289.0671300617804,NO
1482.9719029928306,288.0376481358138,NO
1481.849596120844,287.345886798985,NO
1479.9393534040182,286.07253443945683,NO
1477.9800487286518,285.0386503700518,NO
1476.9185445777016,284.0889779940709,NO
1475.9055654335248,283.09469258367596,NO
1474.6128428742604,281.02853548467186,NO
1474.5712729262755,280.0067251310036,NO
1474.5689016713852,278.98977632386067,NO
1474.906026423921,277.9530132119605,NO
1475.5845798099124,275.9901481374357,NO
1475.8848252104533,274.9456504490239,NO
1476.0551914089106,274.00089378797605,NO
1475.8913762612947,273.0495132279359,NO
1474.896474930664,271.10160793778186,NO
1473.9032910383974,270.094918054308,NO
1472.620924202764,268.0194782033889,NO
1472.5868152722662,267.0064813294821,NO
1471.9208779679861,265.0382796889001,NO
1470.9194786411715,263.0397676909678,NO
1470.6024001050628,262.00942924685404,NO
1470.595114322146,261.0007938934446,NO
1470.5865242756083,260.00648589413584,NO
1469.9041224175355,258.0479387912322,NO
1468.8788556969735,256.12114430302665,NO
1467.8794687026586,255.1234631360401,NO
1466.8765550621465,254.12051353130113,NO
1465.9053135118488,253.04734324407556,NO
1464.9377940300408,251.0273252951111,NO
1463.965756787269,249.0250886590697,NO
1462.8693742071914,247.0278560168403,NO
1462.7238189801906,246.03790719806432,NO
1462.6126817302613,245.02278342771672,NO
1462.5775126652022,243.9991715935044,NO
1462.6130935411934,242.97724079645585,NO
1462.6795798057863,241.97612555336804,NO
1462.7274998687678,240.99145097660565,NO
1462.7274993540889,240.00854903954115,NO
1461.9806120837968,238.00971489579206,NO
1461.5844041193545,237.17977430504425,NO
1460.9095579311243,236.09044206887572,NO
1459.6234001975708,234.03100520563527,NO
1459.5791707407484,233.0123773307393,NO
1459.5808125139113,231.9834313243702,NO
1459.918991916175,230.95749575926098,NO
1460.6304702255588,228.99558330954426,NO
1460.0930586829452,227.9074753728295,NO
1458.9560254218347,227.25259817064796,NO
1456.9709183190007,226.0296683422029,NO
1455.6474149358546,224.14705376537967,NO
1454.7419508392995,222.0323846551085,NO
1453.90702970595,220.08737260360033,NO
1451.989897766545,219.0225004279226,NO
1449.9638966559132,218.28768061938084,NO
1447.6387418325846,216.0446175409576,NO
1447.555975713695,215.00696508729487,NO
1447.5962795282767,213.96991886581918,NO
1448.8858211950987,211.7629042157928,NO
1449.974628160083,210.97156207621532,NO
1450.9616537491645,209.9686979521388,NO
1451.2880352846819,209.10977453923985,NO
1451.3112339254283,207.88727518454385,NO
1451.0339624936144,206.98522576783384,NO
1450.8029746242642,206.02712811573568,NO
1450.701908528491,205.02337972329929,NO
1450.647863803318,204.00552370540356,NO
1450.6760198786915,202.98030708997325,NO
1450.7942202911488,201.96203248890515,NO
1451.7085669992694,199.90840676885787,NO
1451.8988950394612,198.9884108938333,NO
1451.9627722997682,197.99857966603088,NO
1451.938785353581,197.00516268100125,NO
1451.7702925886056,196.08006943971463,NO
1451.0029396230639,194.99718600188032,NO
1449.9460210956147,194.10157848510912,NO
1448.7578248310926,193.42913941421742,NO
1446.799403323953,192.34388001269068,NO
1444.929989325551,191.1215362038655,NO
1443.756396170497,190.315339919686,NO
1442.6203232787998,189.40326830260062,NO
1441.5714353595026,188.36625560953223,NO
1440.6972562901165,186.03264883203633,NO
1440.0196824460488,183.99203280804642,NO
1439.2682105851814,182.77004448158272,NO
1438.892810592748,182.18301771735716,NO
1437.6568435164488,181.50230148734585,NO
1436.9747634666157,181.05176252536788,NO
1435.8016555605107,180.37932716174768,NO
1433.8163630763797,179.3137315152933,NO
1431.9867017148943,178.01422204447218,NO
1430.7099653181572,176.1193050438466,NO
1429.997367610056,175.0018095671914,NO
1429.4853720649298,174.36485465780694,NO
1428.692195625392,173.32895124065394,NO
1427.6144593667077,172.58409405338915,NO
1426.9551222833798,172.1062386736669,NO
1424.9285624355066,171.22974519490438,NO
1423.9944238764913,171.0317024552529,NO
1421.9079126562842,170.34692498510992,NO
1420.9764443982829,170.1520678112244,NO
1418.7652651982648,169.52138913799504,NO
1417.95592233134,169.1782270941844,NO
1416.9969935788934,169.03710363638007,NO
1416.0365838304817,168.87940885452255,NO
1413.963459604191,168.2166930413343,NO
1411.7657873940086,167.36166782435194,NO
1411.032632834773,166.95799624750106,NO
1409.991552293863,166.0096217075182,NO
1408.9671280771631,165.03687117764002,NO
1407.640603991152,163.04876227258444,NO
1407.5647058823529,162.0,NO
1407.6171812905625,160.9633958201093,NO
1407.9403422759392,159.9685349560118,NO
1408.9603220279412,157.98001184884134,NO
1409.6851964706352,155.99012381122537,NO
1409.7088986024971,154.9948629162722,NO
1409.7107809540466,154.00396967319136,NO
1409.6890505136034,153.00975527762736,NO
1408.928193601835,151.06296277103255,NO
1407.9433863805389,150.0592856494333,NO
1405.9838365788212,149.03945776223244,NO
1403.9799635710128,148.4257741060515,NO
1402.9774952143673,148.3702400086834,NO
1401.977053115799,148.30007462230347,NO
1400.9744296757037,148.2102683727747,NO
1400.0113062278808,147.97485385804214,NO
1397.9762904816218,147.2204763603278,NO
1397.0073964257354,146.98360696003212,NO
1394.994728648547,146.01028419336376,NO
1393.003552770423,144.99314768022253,NO
1391.0025796993016,143.9944635224391,NO
1388.9820312124298,143.03988989435504,NO
1386.6177601838913,141.02650708459004,NO
1386.6053106268432,139.99458269486237,NO
1386.6181078212717,138.9864149023785,NO
1385.9241277252488,137.06931034517393,NO
1384.9335552470293,136.0724499618135,NO
1382.9895226459557,135.0203751104596,NO
1380.9904806948534,134.0203238249546,NO
1378.9896195156452,133.31141455153582,NO
1377.9856431253386,133.2690584594086,NO
1375.8614925242412,132.21708926643677,NO
1374.8262576350535,131.04896705668065,NO
1374.0189196848098,128.99292199376399,NO
1373.7304513894223,128.06856114321897,NO
1372.9818667841653,127.02125861447536,NO
1370.9917895941542,126.26170669645842,NO
1369.989576845586,126.2214920261345,NO
1368.9898299933323,126.16731300703916,NO
1367.9934679077428,126.10746344948426,NO
1366.9969466726207,126.04544069658154,NO
1366.0342227225947,125.8896767551922,NO
1365.1074451963254,125.64631029718576,NO
1363.9841502905838,125.35145007254954,NO
1362.9861836565847,125.30636239240181,NO
1361.9846336374326,125.25280143980335,NO
1360.9872899146487,125.19938945855104,NO
1360.0058943159534,124.98540164203769,NO
1357.9686906893096,124.06695584213841,NO
1355.955881129767,123.08612846758741,NO
1353.9652768930675,122.06719694575163,NO
1351.9749543811577,121.2776796871654,NO
1350.9799319095955,121.17507678842996,NO
1350.018636940444,120.95536452809071,NO
1347.975150277733,120.16991837221326,NO
1347.0212397461366,119.94784642490211,NO
1344.971156367783,119.18900169779114,NO
1344.0176460376513,118.95909126582036,NO
1341.9887547477827,118.28450487611208,NO
1340.9851778862094,118.03503408714138,NO
1338.9940721777716,117.43188418966932,NO
1337.9827037968262,117.40095743422351,NO
1336.979518678564,117.3481824631127,NO
1335.9715590037094,117.27529778559149,NO
1334.9956954640334,117.0086750056226,NO
1332.9822151863957,116.19298414000298,NO
1331.9880510222113,116.09016046876918,NO
1331.0405815547197,115.89485171732987,NO
1330.1493919753746,115.5791703962937,NO
1328.9852830288514,115.23455172592801,NO
1327.9914798997406,115.18105212629371,NO
1326.993679640598,115.13430763416315,NO
1325.9961491339495,115.08927007596081,NO
1324.9977649212228,115.02999710891301,NO
1324.0060224301246,114.94458259526586,NO
1323.0561246924437,114.79506960140624,NO
1322.1056183869916,114.54232033703472,NO
1320.9951966614592,114.34995752123282,NO
1320.0048033383457,114.3499575070262,NO
1319.0392297199858,114.41532335005158,NO
1317.9366489928539,114.62961036692622,NO
1316.970335134318,114.7828185414235,NO
1315.9886819679048,114.9385936555739,NO
1315.0521797804527,115.14431705682752,NO
1313.9288027434745,115.85210231613357,NO
1312.6514645573427,116.38719041617806,NO
1311.0619147055645,117.16142048089219,NO
1310.6941556279244,117.36154990994977,NO
1309.0151628497936,118.0755063733378,NO
1308.0743867399042,118.26705123878912,NO
1305.9906068720595,118.90932019044101,NO
1305.0017255573416,119.01466723789842,NO
1304.0216338556636,119.13966160230535,NO
1303.0944575603037,119.33240410056716,NO
1301.0079670617272,120.04581060493139,NO
1300.0499909059222,120.22060206833584,NO
1297.973268431259,120.81400851737978,NO
1296.9923136128245,120.94149168146777,NO
1296.0055028249428,121.05295171123515,NO
1295.013750348543,121.14920590383014,NO
1294.0236111237941,121.24083346089803,NO
1293.0251418082094,121.32877747307025,NO
1291.8952542533584,121.5988368209465,NO
1290.9547513420669,121.83283609376791,NO
1289.997823928406,121.96854022028602,NO
1289.0010751291754,122.02383982045474,NO
1288.000737460059,122.05372923271413,NO
1287.0,122.06078431372549,NO
1285.9994076304893,122.05994779521504,NO
1285.0205725987203,121.93030507858458,NO
1283.9938490737127,121.78296017133786,NO
1282.9911139041042,121.97381493596406,NO
1282.0089508139342,122.1509703931101,NO
1281.0135854237822,122.20995654109389,NO
1280.0176916803018,122.2734168666279,NO
1278.868096275518,122.57771121091908,NO
1277.9538099856763,122.86053014871209,NO
1277.004064048916,123.03398091304506,NO
1276.017856277617,123.14229221222828,NO
1275.0769783591275,123.31472567640775,NO
1273.0070492021096,124.03292937109075,NO
1272.0698403379063,124.23321243081666,NO
1270.0078696418477,125.02648541725249,NO
1269.090501625722,125.26677277479705,NO
1266.9864078720643,125.87621454653954,NO
1265.9973415291815,125.96335621487859,NO
1265.0009880332163,126.02190856226056,NO
1264.0016072483556,126.05854976083836,NO
1263.0025649278539,126.08720754995372,NO
1262.008639084296,126.13351311568279,NO
1261.0461149185685,126.24767337494374,NO
1258.978327265411,126.89273091194887,NO
1258.010569208319,127.05796017856076,NO
1257.0809180307097,127.25961200945291,NO
1255.0096928558567,128.04770405485328,NO
1254.0733355508714,128.24923458355278,NO
1251.9984837043955,128.99231130925895,NO
1251.023970604546,129.15092602508102,NO
1250.0715566471517,129.32643461237546,NO
1248.9316502886059,129.69178150131194,NO
1247.9822493718407,129.83367004164097,NO
1246.9931870641844,129.93318082163557,NO
1246.0013650795788,130.01832080426882,NO
1245.0037156128296,130.0789567707875,NO
1243.999798229016,130.10290320722686,NO
1242.9973084976898,130.0857916394537,NO
1241.9982876100362,130.0545824322037,NO
1240.9992483522472,130.01597251437505,NO
1239.9999867007734,129.99321739408498,NO
1239.007217823064,130.05842999598107,NO
1238.0664899364738,130.2201760205968,NO
1236.0138569021994,131.03668452757054,NO
1235.158610871053,131.3515874126336,NO
1233.0584925308976,132.19075399167684,NO
1230.9837721384224,132.88383652835873,NO
1230.0002026555092,133.00172257188578,NO
1229.0115590094074,133.10916842445366,NO
1228.0447709918506,133.24369665247266,NO
1225.9745031050643,133.86420131651192,NO
1225.004683680476,134.02596387910518,NO
1224.0550249829485,134.20918228499067,NO
1221.9850238671143,134.931082057345,NO
1221.0166035147054,135.0973309519253,NO
1220.0531613757316,135.26745956201972,NO
1218.913048467364,135.61958703090727,NO
1217.9739187376233,135.78396020741314,NO
1216.9890487176783,135.88829692115496,NO
1215.9984829571647,135.98512131061617,NO
1215.0096102755028,136.08752215375168,NO
1214.049987435755,136.2287160926874,NO
1211.9731086709985,136.8739151840133,NO
1211.0094175294566,137.04802940132245,NO
1210.0621110199324,137.24182569492137,NO
1207.9847332880454,137.90199755845663,NO
1207.0033832883953,138.02783027543515,NO
1206.017790969863,138.14402213636737,NO
1205.062812571501,138.3037020219692,NO
1202.9881864082975,138.8910278922748,NO
1201.9980616689393,138.9681113288326,NO
1201.0026674944445,139.03580058215277,NO
1200.0306046893854,139.15461744454208,NO
1197.9894298637269,139.97465380883284,NO
1197.1327594798765,140.26585506474694,NO
1195.1465320515902,141.28349165477937,NO
1193.164674670146,142.330207024073,NO
1191.2222797841318,143.3887158910131,NO
1190.0326535066056,144.07355284995705,NO
1189.236802457618,144.48313144646383,NO
1187.0662479675052,145.22051110252355,NO
1184.9964411222832,145.9780056927572,NO
1184.0134931580403,146.1075236031082,NO
1183.0470332557013,146.25067173179968,NO
1180.9708540339038,146.85688025915357,NO
1180.0043636710845,147.02392981078663,NO
1179.0493530149795,147.20397833940459,NO
1176.990940587542,147.97577254167902,NO
1176.1343694828565,148.25640553350254,NO
1174.1929097659931,149.36350348354813,NO
1172.171330341924,150.3538954672829,NO
1170.1732770250069,151.33064083862786,NO
1168.1558285123997,152.34653083369597,NO
1166.050805577227,153.16153134842924,NO
1163.9829640730375,153.9139555997624,NO
1163.021666678423,154.0911494763815,NO
1162.12451982195,154.33948890280067,NO
1160.057395294755,155.1393455315672,NO
1158.9344696805986,155.853942372013,NO
1158.04753576985,156.11413536291502,NO
1157.2654733273594,156.55905561761293,NO
1155.1050289249674,157.3074102489669,NO
1153.0242443168272,158.0734588318755,NO
1152.0883629591788,158.33136108669976,NO
1150.9513426611816,158.68102411539593,NO
1149.9742104111829,158.82693827898282,NO
1149.0010762890975,159.0043485551453,NO
1148.0871446758204,159.2277816088964,NO
1146.0358785042442,160.08950742256596,NO
1145.2188063103404,160.48790541368717,NO
1143.0780201826853,161.22820903597204,NO
1141.0225163214945,162.07282034472814,NO
1140.1326141248428,162.36057172346747,NO
1138.0675087531422,163.1448457415573,NO
1136.9822081415944,163.97710069873534,NO
1136.2788337528345,164.40372161438503,NO
1135.0893712641519,165.16261987026775,NO
1133.123765885834,166.2012810553853,NO
1132.0538438381216,167.0658472414599,NO
1131.016365929938,168.01917428434388,NO
1130.4691792068265,168.59789212465915,NO
1129.1358950237454,169.27819700881668,NO
1127.0573195952504,170.15241801376075,NO
1125.9280098023062,170.8702342361135,NO
1125.1008044078353,171.16107919742086,NO
1123.2079863678389,172.37792009367763,NO
1121.1344410846646,173.34468850728197,NO
1119.028672070165,174.1035146070571,NO
1118.1248292306807,174.37448768027764,NO
1116.027052818179,175.0861418693327,NO
1113.9842674680901,175.94609132169683,NO
1113.0538524150754,176.16748275619236,NO
1110.982342119332,176.91838315944335,NO
1110.0486687044506,177.13158575430987,NO
1109.2388563867034,177.54033975037817,NO
1107.1530185875713,178.35346399393578,NO
1105.0085189249055,179.05570066110022,NO
1104.050337598403,179.22346129098642,NO
1101.9937664744464,179.97686039935147,NO
1101.0539154188498,180.18575101003464,NO
1098.9717219893691,180.86733120635193,NO
1098.02226666092,181.07178067954501,NO
1097.1347733250864,181.3530977228103,NO
1095.0670441668342,182.15416754636524,NO
1093.1903196281578,183.2954405111316,NO
1092.0427704395397,184.07746406073102,NO
1090.94418072539,184.89838029263726,NO
1090.0881775156415,185.18159123201477,NO
1088.1854120330886,186.3010819123358,NO
1087.0998998584464,187.12248591626675,NO
1086.015921151742,188.02651423506035,NO
1085.2095681569408,188.44925021278962,NO
1083.0177514482255,189.11606715783952,NO
1082.0996662223827,189.32035572122888,NO
1080.0722956530403,190.1810412041892,NO
1079.7276704836715,190.41478124805207,NO
1078.1330338105602,191.23273409397652,NO
1076.2501944336966,192.40634413927955,NO
1075.094653259466,193.14846821666475,NO
1073.1946326957748,194.34166756454104,NO
1072.0324465051392,195.0649672601688,NO
1071.2949539258361,195.51578332563224,NO
1070.0465589679804,196.11196620500385,NO
1069.2602046696145,196.5551033146663,NO
1067.0615075276423,197.22314357197214,NO
1065.9265677219419,197.825499640192,NO
1064.6029898634213,198.34591799122376,NO
1063.0195159773452,199.107337873773,NO
1062.082378296604,199.31290192579394,NO
1060.0669178472851,200.1408461319523,NO
1058.970201272232,200.95881518121212,NO
1058.2638419806353,201.3549771787764,NO
1057.0999622651066,202.16730972756173,NO
1055.0355215972909,203.11985518561923,NO
1052.9661848557635,203.8767543253686,NO
1052.0334042772681,204.09834551468714,NO
1051.2077158814932,204.45919385605183,NO
1049.1626688179501,205.33764771416475,NO
1047.0602011069213,206.1900225355133,NO
1045.0064011164075,207.03194092548256,NO
1044.0539455879973,207.21762664308292,NO
1042.917589805911,207.810022816706,NO
1042.0448437266846,208.08661867886616,NO
1040.9519473100836,208.9316239535114,NO
1040.169259114021,209.27271636670648,NO
1039.0242029049855,210.04506930565736,NO
1038.3344882224299,210.48262987204927,NO
1037.2464638943766,211.28518045568018,NO
1036.195408172745,212.21727694616493,NO
1035.1421319151352,213.16469253226308,NO
1034.0446641484773,214.0681190660377,NO
1032.9663542285725,214.9551200583309,NO
1032.2404917931453,215.3487927147091,NO
1031.0714096117558,216.12064769160452,NO
1029.1516289770884,217.30404769138573,NO
1027.073127455105,218.1962007549913,NO
1026.7293057016493,218.35897477242995,NO
1025.024445340937,219.07773618349964,NO
1022.9741985985982,219.88663727745336,NO
1022.0204078468514,220.07764738703227,NO
1021.1688658873069,220.3661166496797,NO
1020.0142230713341,221.0266290984752,NO
1019.3145999930274,221.43816749836233,NO
1018.2684637460346,222.2949033611682,NO
1017.2739249364282,223.27593169554135,NO
1016.2190871505695,224.25715249447347,NO
1015.0529446518736,225.09777036664005,NO
1013.9232734928536,225.8150269061279,NO
1012.0826686328476,226.25127991184377,NO
1010.0264049243343,227.08297412423195,NO
1009.2041533134106,227.41688450561904,NO
1007.204759383928,228.38748429165315,NO
1005.2097315966195,229.42003778199108,NO
1004.0337033548617,230.06553013155627,NO
1003.3341079237414,230.5433472195341,NO
1002.0768168508862,231.15398933652847,NO
1000.0810105325595,232.19207335855384,NO
998.2251122286933,233.33316610996994,NO
997.0770205331548,234.11755765410427,NO
996.0064731686974,235.00787865821525,NO
995.4392361384889,235.60447260925025,NO
994.2606482399748,236.34771704897346,NO
993.083043241583,237.13505012358638,NO
992.005053354858,238.00626036625414,NO
990.9379496985971,238.8833906681879,NO
989.1024919642808,239.3599324305443,NO
987.0169233080884,240.1123707613719,NO
986.0841241694872,240.30072733651437,NO
984.0489741131748,241.13352516376247,NO
983.328116890727,241.57709446356796,NO
982.1390080151571,242.20185888296263,NO
981.0242458111519,243.04028088820422,NO
980.3390289889859,243.50571147751808,NO
979.1766819662267,244.25088104248042,NO
978.0505823216608,245.08044997351337,NO
976.9792692920355,245.97445401369413,NO
976.3339606548067,246.38310957770503,NO
975.1426570606745,247.24438299951157,NO
973.0425389394898,248.1465230087458,NO
971.0096209130825,249.02123235957083,NO
970.2506952675318,249.39872485861954,NO
969.0829537912732,250.1304476500731,NO
968.0163867220099,251.0190453345884,NO
966.9745798990974,251.96700437125332,NO
966.2609210963684,252.37521839163907,NO
965.1139677413178,253.1612914991413,NO
964.0204475107563,254.03067126503583,NO
963.3698401489651,254.53305599697873,NO
962.1879627844542,255.27397963244778,NO
961.0538419294826,256.0867336851273,NO
959.984052230531,256.9806738877734,NO
959.3350168494117,257.4508985219186,NO
958.1571467405797,258.23893064363176,NO
956.0847971096416,259.2270374244528,NO
954.152880103455,260.2550271667654,NO
953.0348871503711,261.05612280437873,NO
952.4048265644709,261.5883994487729,NO
951.1751884463588,262.27562471642045,NO
950.0295962520867,263.0566217819276,NO
949.3480618496623,263.51707267005906,NO
948.2311206496186,264.27869111388446,NO
947.1599123542871,265.19307936707946,NO
946.0455952593591,266.07404670157234,NO
944.974641718956,266.97021408147305,NO
944.3671758885055,267.42774097866715,NO
943.2982066709272,268.3255232972731,NO
942.1959724249451,269.2555480304579,NO
940.1927235303056,270.408442496371,NO
939.0242321273514,271.0460464150378,NO
938.360339529938,271.48751820456755,NO
937.2847109118406,272.3399275736911,NO
936.0943189893161,273.1585110342819,NO
935.0047781707314,274.00632658000484,NO
934.3102766404617,274.53864024206143,NO
933.0414999736446,275.10363401427475,NO
932.327978766929,275.52233657107774,NO
931.2660186783984,276.25356295842886,NO
930.5113635584952,277.34117919239486,NO
930.0536854086567,278.03020597515314,NO
929.07376903356,279.0919089612271,NO
927.082532126407,280.26281507577636,NO
925.0848781051809,281.1781417602707,NO
923.2243532323284,282.35003258875366,NO
922.0610249999705,283.10853262884996,NO
920.9767515717944,283.97072706201897,NO
920.3253923278423,284.4153496049831,NO
919.1977302224035,285.2536618701567,NO
918.0487364099231,286.08593819188224,NO
916.965739238682,286.95810077619046,NO
916.3072265088591,287.377486207138,NO
915.2885816077602,288.29177623873625,NO
914.3048452399875,289.3071117584702,NO
913.1749170202286,290.24127730112303,NO
911.0785724872035,291.24809531323405,NO
909.024859511149,292.0533958122183,NO
908.2118426350185,292.4209623470978,NO
907.0719635313096,293.1042683236639,NO
906.0155423473054,294.02077599530935,NO
905.5011485189716,294.5695355503028,NO
904.5163086039897,295.53725419026557,NO
903.3712168088099,296.4403876354997,NO
902.2676935465538,297.2987159804039,NO
901.2172587587282,298.2422669659161,NO
900.1446085552242,299.18102847967185,NO
899.0360673424146,300.0598732189194,NO
898.3936897602397,300.5699127804406,NO
897.1924547189051,301.27727882877406,NO
896.0550978826284,302.09034354440945,NO
894.9742423484149,302.96609960902543,NO
894.2795032353537,303.3674628495256,NO
893.2021308962552,304.2344718315372,NO
892.1638593811601,305.18072313149725,NO
891.1283310887604,306.14170340680283,NO
890.1026408635688,307.1116974178004,NO
889.0625011213458,308.0730361595065,NO
888.0244638563549,309.0278331280404,NO
887.0082272419435,310.00818264993615,NO
886.0000735216422,311.0000840247359,NO
885.3274566464983,311.54079960002434,NO
883.096352256598,312.32318894120573,NO
881.0298598356641,313.1031920721181,NO
880.1737332154631,313.40677719008954,NO
878.1225065902012,314.25592344235804,NO
877.0047461123967,315.0073301073517,NO
876.4111254545087,315.4647140952756,NO
875.9704644588153,315.9734543767007,NO
875.0091891924613,317.0079019902022,NO
874.0183354960369,318.019592786755,NO
872.9787066886597,318.97158469467223,NO
872.2610670265764,319.4017840327846,NO
871.0744420011479,320.1193111540174,NO
870.0118210855445,321.013113750946,NO
868.9940831067767,321.99368634691416,NO
867.9758536756974,322.9730562356867,NO
867.3498864181312,323.44298925324796,NO
866.1612269691441,324.23141200114185,NO
865.0942503584469,325.1020669791773,NO
864.1346112814639,326.1123994584234,NO
863.157177371121,327.1672155839415,NO
862.0405351636689,328.0734205235327,NO
861.3665967636224,328.5936750459536,NO
860.1934513715853,329.26357748525913,NO
859.060677827915,330.0954852595355,NO
857.9781356700528,330.970932446622,NO
857.2545949759738,331.3919578604665,NO
856.063519594651,332.1153273332594,NO
854.9967123481707,332.9964713181188,NO
853.9968939532034,333.99696268994626,NO
852.9829607375361,334.9796347553783,NO
852.2606148260287,335.41783024555326,NO
851.034164825464,336.0877883529692,NO
848.9692112905691,336.91554605336063,NO
848.0993938109121,337.179855460949,NO
847.0036536862339,338.00537155969744,NO
846.3538146894748,338.4668495782592,NO
845.2517664828665,339.31243311849875,NO
844.1644724706891,340.19694602155744,NO
843.1401721397189,341.1312249796729,NO
842.2537398755898,342.17112690344555,NO
841.5728109616532,343.4013445227484,NO
841.0275569720905,344.0225337506772,NO
840.0161847067359,345.02095270554247,NO
839.4165708613515,345.5735115525128,NO
838.2035404860048,346.2927753681413,NO
837.0841370019677,347.1188358344597,NO
836.0068147953587,348.00968541121665,NO
835.3582264715168,348.47323195733804,NO
834.3167452830363,349.33430970592264,NO
833.4003041723307,350.35906503531055,NO
832.6140927621367,351.46627577183716,NO
832.0588935606665,352.0370811298682,NO
831.1284523636683,353.12803799503257,NO
830.0277648289365,354.0500481899093,NO
829.2701444961523,354.49794203265503,NO
828.047072683862,355.1017002401904,NO
827.3680779587927,355.59138490910783,NO
826.1715878422424,356.2410651297895,NO
825.0804733584835,357.10512541388744,NO
824.0159278707902,358.0209248487552,NO
823.3022486608056,358.5022440226434,NO
822.0821962333458,359.14838020904375,NO
821.0299662146521,360.0315620497197,NO
820.087016537565,361.06407476414006,NO
819.1938129549723,362.15750961473117,NO
818.2046414733541,363.2095388758069,NO
817.1553472184294,364.1734355925126,NO
816.1347225585679,365.1368576245927,NO
815.1591813045895,366.1450210076771,NO
814.2055458767693,367.18609358314205,NO
813.2098190621275,368.2098190621275,NO
812.1903174448321,369.19787974160516,NO
811.1684857742257,370.18144620931463,NO
810.149756412406,371.1581864048746,NO
809.1398236666719,372.1434320226724,NO
808.149533892019,373.1394271451503,NO
807.1964100328497,374.1745529702788,NO
806.2319037335416,375.2211886985172,NO
805.187826999381,376.22191538175923,NO
804.0829224186188,377.1190562095856,NO
802.2406020147016,378.3593131418064,NO
801.099676123738,379.15433087991323,NO
799.1291881195211,380.29409491511456,NO
797.2401736016055,381.36556948968285,NO
796.1353792345311,382.1724303839647,NO
795.1225973709173,383.1335580608365,NO
794.0629794498323,384.0807643468788,NO
793.0831784050145,385.0642644489561,NO
792.1545451258987,386.1405175534478,NO
791.1987325937297,387.17825129902815,NO
790.2620091149631,388.23567654692823,NO
789.2559576936372,389.2709864141177,NO
788.169417364662,390.2073466256454,NO
787.0743204660741,391.10055122231336,NO
785.9951924953452,391.9929540803665,NO
785.2791298778642,392.4041503719291,NO
784.1661011657559,393.21419139430714,NO
783.1658355824547,394.15476229703074,NO
782.3198902961884,395.21629762844395,NO
781.094595157719,397.0572549637091,NO
780.2242661040079,398.1869460223664,NO
779.2660851960899,399.25165345419896,NO
778.253343732715,400.26694000603413,NO
777.1859404717397,401.2167630364859,NO
776.0864319520109,402.12226192452,NO
774.1424538745009,403.2987878725354,NO
773.0022228492746,404.0041361880555,NO
772.3194071870782,404.40157831274837,NO
771.39108913267,405.33265815977984,NO
770.5672856840122,406.48624489745856,NO
769.4981315441772,407.5811534377915,NO
768.2347206551391,408.35631018186916,NO
767.0608460469214,409.10819903880565,NO
765.9760087466426,409.9688624152571,NO
765.3018539226904,410.38973547424104,NO
764.2799860800234,411.28199675719765,NO
763.2795662625579,412.2866438915727,NO
762.1915279234858,413.2374072475697,NO
761.0635684561511,414.09652987352143,NO
759.9993726421708,414.9992594347534,NO
759.4605012662529,415.5684949080934,NO
758.3602287042504,416.41780621959634,NO
757.2539524680086,417.319656789456,NO
756.0673807694025,418.1215182386358,NO
754.9845016302746,418.9815157054628,NO
754.4461957166451,419.43456303214094,NO
754.0028100627113,420.0018078723952,NO
753.1121294538474,422.02780445743804,NO
752.0371097501657,424.03415999901284,NO
751.0040355677467,425.00539988289245,NO
750.3068190437978,425.4878201947114,NO
749.1389567575912,426.1927292943959,NO
748.0988242847942,427.1104887983042,NO
747.027906312963,428.04307049537294,NO
746.3613956910531,428.576031715139,NO
745.0790288761913,429.1656933963473,NO
743.234627793491,430.3258719234369,NO
742.2106795320723,431.20031825610846,NO
741.2889993779436,432.2469800975095,NO
740.3828753547767,433.34250183513325,NO
739.4909736251185,434.437119127245,NO
738.5178376918127,435.5178376918127,NO
737.4534223046447,436.4918945248404,NO
736.471061688105,437.4566506451342,NO
735.4427771279261,438.4860628593039,NO
734.2027130690446,439.32651451573616,NO
732.2177593768823,440.3549227437782,NO
731.1736414495223,441.1650400188942,NO
730.3150226873993,442.2313300850481,NO
729.5399513039079,443.44963915948796,NO
728.9995911326403,443.99965659300136,NO
728.1156245817009,445.07032547203136,NO
727.2595995087522,446.21558577895746,NO
726.2368058450788,447.2624990472886,NO
725.1717388105901,448.1933185641702,NO
724.2031714227097,449.1796060929811,NO
723.3301077612106,450.2722707125326,NO
722.2747312146877,451.3581938526512,NO
720.2297537542709,452.4595075085417,NO
719.0639050059897,453.0949812970771,NO
718.1238210401066,454.07299235865656,NO
717.5779873327141,455.298782844188,NO
717.0956601723892,456.04406817046674,NO
716.342699857827,457.2383554056038,NO
715.4459516218288,458.4229982276431,NO
714.4491890791458,459.45963533145516,NO
713.5151183513148,460.46907425148123,NO
712.9877317702169,460.9890282807738,NO
712.0515707308563,462.0379482735049,NO
711.1162138339622,463.1012623471966,NO
710.2031322425881,464.1477065723222,NO
709.5817826958798,465.328833700269,NO
709.1101580507435,466.04653735837366,NO
708.1144097435783,468.0733044481332,NO
707.1571877356201,469.15718773562014,NO
706.1439192588547,470.153325745952,NO
705.1602790712624,471.14557457333734,NO
704.2810557320491,472.2208295052746,NO
703.2825232283049,473.3253131463659,NO
702.1258902879215,474.1844204333433,NO
701.0202053077569,475.031761991047,NO
700.3616153448719,475.5020168091716,NO
699.2621361202432,476.29825915357304,NO
698.2740968476012,477.260159728538,NO
697.3996915735055,478.3101502890356,NO
696.6021095662936,479.4846768109073,NO
696.027922505468,480.0224017043825,NO
695.0649891659696,481.06083890962844,NO
694.0828107958127,482.07909730868045,NO
693.0865293921553,483.0870651793602,NO
692.0799759126401,484.0817037880951,NO
691.0871779166255,485.0815120008907,NO
690.1033260148319,486.1026901606696,NO
689.0808891899524,487.08839570937386,NO
688.0692434932569,488.06882948022565,NO
687.1206634648888,489.0894934115264,NO
686.3026713794816,490.2009331024839,NO
685.2828735640561,491.3512484620459,NO
684.1304572182573,492.18698027579904,NO
683.1205915688981,493.1099197468342,NO
682.3044682983655,494.1831863235813,NO
681.0556480931824,496.04135444297253,NO
680.0990407647904,497.094274899775,NO
679.1184796736103,498.11029639059046,NO
678.1668712886318,499.1441848658986,NO
677.2956331891927,500.21945774938115,NO
676.576728559722,501.39853670426993,NO
676.0287251182261,502.0210603100437,NO
675.0927812336515,503.07551961309764,NO
674.2782914245389,504.1597598886772,NO
673.2574795198198,506.1257458131966,NO
672.1371780477739,508.09499715300194,NO
671.2117740800835,509.1974511889371,NO
670.2318494055426,510.20862700146193,NO
669.2968378264602,511.2376496247809,NO
668.2881611182567,512.2825475846681,NO
667.1797881696166,513.2123239472759,NO
666.1432864211203,514.1448006785342,NO
665.1419974849305,515.1419974849305,NO
664.290235188101,516.20980400296,NO
663.112105632649,518.073592324675,NO
662.1485874127811,519.1375668540632,NO
661.1694959293114,520.1591963059708,NO
660.3344857395142,521.2535693665295,NO
659.2116075558998,523.1128739024191,NO
658.3441383078625,524.3056491651168,NO
657.2210330514681,525.2568367521,NO
656.1559626516265,526.1687573326233,NO
655.153940974671,527.1483065379483,NO
654.2384724487854,528.2002909676557,NO
653.9377695688015,528.9595200130077,NO
653.0589805227503,530.0363100781673,NO
652.1397326748762,531.1135741896188,NO
651.1453791072917,532.1434787201996,NO
650.1570075104198,533.1528483676977,NO
649.1866223075957,534.1754503565235,NO
648.3173735819774,535.2576650874387,NO
647.0924444343291,537.0616296250935,NO
646.1408129998658,538.1245119897186,NO
645.1411123680338,539.1411123680338,NO
644.1418227056355,540.1418227056355,NO
643.2683578479321,541.2017068931585,NO
642.1053051970918,543.0688752888816,NO
641.1410874269087,544.1297579545468,NO
640.1413508175336,545.1413508175336,NO
639.2029540857001,546.1737711377783,NO
638.919929814613,546.9520582920328,NO
638.0714184389604,548.0418149407668,NO
637.1405919959268,549.1191975648688,NO
636.2116133957566,550.1773126498936,NO
635.5364601503859,551.3841422896879,NO
635.0323689279445,552.020204808975,NO
634.1283290000661,553.0969498185083,NO
633.1773086141384,554.1562059072975,NO
632.2744459203053,555.2350706149839,NO
631.9511873545902,555.9656463337603,NO
631.0590201966197,557.0376407625861,NO
630.1607593183844,558.1201256786966,NO
629.229752855285,559.1979311310275,NO
628.4174585386716,560.3351614767215,NO
627.3422057183448,562.1659853502871,NO
626.1774022380803,564.1405325028579,NO
625.2252828197503,565.2138083059187,NO
624.2016765363217,566.2185134201236,NO
623.1617111386871,567.1741287366932,NO
622.1200963522139,568.1299564835675,NO
621.1134031412083,569.1026802128667,NO
620.2385384235914,570.1554590718132,NO
619.190087730116,572.0917429432509,NO
618.0201532368861,574.0162269597864,NO
617.0471529770354,575.0450600231945,NO
616.1159818713553,576.0899700986477,NO
615.1829088235999,577.173250284298,NO
614.2875248794555,578.2127505994125,NO
613.3645620805183,579.608488257933,NO
612.275372644006,581.1991280713836,NO
611.4115564078793,582.366394462753,NO
610.4824678238027,583.4694281507203,NO
609.4490270005651,584.4817496112232,NO
608.3521420145828,585.3851553216455,NO
607.333212492012,586.323675105781,NO
606.415180341005,587.3588602419632,NO
605.9703565462171,587.9745913263263,NO
605.377769889123,588.5889761272402,NO
604.2725027208772,590.1836345907278,NO
603.5255012234478,591.3663103224621,NO
603.0276046790469,592.0187150354965,NO
602.1414399806998,593.1025535126528,NO
601.2906763233873,594.2180072479548,NO
600.4037095848328,595.3497894646888,NO
599.4894281468057,596.422336043774,NO
599.0145983545311,597.0101945752926,NO
598.2415633047727,598.1177294132626,NO
597.370921531378,600.1756996701829,NO
596.4189638133597,601.5326432730064,NO
595.1262286714456,602.2211745855479,NO
594.0374906258978,603.0495648994198,NO
593.002859381394,604.0030245726579,NO
592.01344451872,605.0118886749743,NO
591.1106240829897,606.0742956837813,NO
590.2677840238888,607.2010415023094,NO
589.5615466912843,608.3667800679995,NO
589.0507157206209,609.0304535537941,NO
588.2447885283648,610.14766063678,NO
587.1070869458633,612.0612809651942,NO
586.2890563296187,613.2044340450592,NO
585.5760793071,614.4018504481865,NO
585.0526610786629,615.0331795228001,NO
584.2760943475608,616.1530678502328,NO
583.1932083176389,618.1107532488996,NO
582.4177310579593,619.3205529155534,NO
581.4163469565817,620.4523376601279,NO
580.4040493414822,621.3907533947057,NO
579.9692930998374,621.974732832904,NO
579.0804407240054,623.051260293497,NO
578.1519931583904,624.1434167382591,NO
577.1310515755978,625.1409341508347,NO
576.1331153788658,626.1215919672151,NO
575.3197053164527,627.1927174696368,NO
574.1192153629387,629.0710158498946,NO
573.3438506919795,630.2372465340995,NO
572.9548975512545,630.966992692715,NO
572.1280883416122,632.0605666574157,NO
571.3934223526657,633.7281444875975,NO
570.5503905831772,635.3887247187463,NO
569.9939582334272,635.994613929028,NO
569.0076490577395,637.0074674180679,NO
568.0516772237144,638.0397317359284,NO
567.1400524038128,639.1114864704637,NO
566.225905202144,640.1889515707434,NO
565.2713854340986,641.249854026594,NO
564.2384062460095,642.2575453053812,NO
563.2667606661457,643.2313611304079,NO
562.6211751232813,644.3913304353639,NO
562.0801098500115,645.0432053125791,NO
561.2749247921918,646.1816667113901,NO
560.4373522796651,647.3674923604885,NO
559.5539914551691,648.5067120572437,NO
559.0626001674894,649.0383251323547,NO
558.3926499088587,650.189445642027,NO
557.2819442006413,652.1983739026126,NO
556.4517038750365,653.3646284250775,NO
555.9757324984448,653.9787252721669,NO
555.0620249178723,655.0394566324533,NO
554.2491961671357,656.1504644476222,NO
553.0565846186464,658.0485562396722,NO
552.0534332765998,659.0586622191317,NO
551.0121593730915,660.014840477352,NO
550.5353664315485,660.570257938593,NO
549.9962327542751,660.9964523023148,NO
549.0831087363989,662.0505750647665,NO
548.2403683164348,663.1859319602345,NO
547.2374112305209,664.2549662741615,NO
546.1920887246755,665.2136565681417,NO
545.1902499290957,666.1871208174257,NO
544.3004682060886,667.2230469334273,NO
543.1661181795403,669.0711407098123,NO
542.237227003546,671.0851317919959,NO
541.3467537319832,673.2082500973232,NO
540.9580472622446,673.9677938598909,NO
540.0421465367446,675.0308235875963,NO
539.1187065784662,676.0983859047647,NO
538.2452037393768,677.1749406740959,NO
537.5455656499951,678.3660798836827,NO
537.0047965558368,679.003779283621,NO
536.1035719997874,680.0719606963388,NO
535.2207932055732,681.1828072830604,NO
534.3508092114799,682.2807621995169,NO
533.57685384073,683.429402444015,NO
533.041762125341,684.0269629275548,NO
532.175348861522,685.1171302659905,NO
531.4538248694771,686.278872084413,NO
531.0226701091799,687.0140772031584,NO
530.2949591297152,688.1367926329867,NO
529.1011377020452,690.0837677951428,NO
528.1057471217405,691.11504735156,NO
527.0440140075368,692.0567131282871,NO
526.0173388015152,693.0170142779269,NO
525.1324496979553,694.075182803796,NO
524.5026291962126,695.2893925612309,NO
524.064092287991,696.0315926593491,NO
523.2992010401929,697.197837244324,NO
522.6031146932803,698.4222830313067,NO
522.009574744521,699.0077146448497,NO
521.1632566665276,700.0913064220077,NO
520.4569401525443,701.3194925705045,NO
519.9794820045596,701.9831319654279,NO
519.0516969049622,703.0378347574833,NO
518.187590364347,704.1270937448687,NO
517.5824075066179,705.3239531050035,NO
517.0976893427387,706.0461804177384,NO
516.3607210802753,707.2365559561539,NO
515.3829947032315,708.4247217763531,NO
514.168172561292,709.2561289154579,NO
513.0593850263834,710.0814394289554,NO
512.0929063675542,711.0667618610838,NO
511.1710285293666,712.1552412813492,NO
510.1608144700697,713.1588167766301,NO
509.2138661055069,714.1652870912923,NO
508.6099030828483,715.3600632739158,NO
508.0980495177555,716.0494529212673,NO
507.40960279891596,717.2365957550513,NO
507.0044329606391,718.0028616530856,NO
506.08190912372385,719.0705800587754,NO
505.13131178358896,720.1112555096588,NO
504.2750464351459,721.1954170382911,NO
503.93178640587814,721.9511761843097,NO
503.0866919180568,723.0465853343069,NO
502.2842208871247,724.1997570228218,NO
501.52964060713043,725.3674705136971,NO
501.0386868665409,726.0249336154851,NO
500.1473637778624,727.1165839345732,NO
499.253018969458,728.1956016519293,NO
498.48852198803417,729.3329417123791,NO
498.0221773109517,730.0144032720667,NO
497.14229150357886,731.0980808239013,NO
496.4900203499181,732.260236786286,NO
496.09371745809796,733.0361820563801,NO
495.5745267640841,734.2994249036591,NO
495.02811347729926,735.0226331276068,NO
494.03333489080654,736.0372214684678,NO
492.99271619343426,736.9910628135449,NO
492.39256703907375,737.4502058726889,NO
491.53215314910614,738.4573640863659,NO
491.00018316571845,739.0001484510248,NO
490.0984051234237,740.0675233146387,NO
489.19565932110174,741.168315633943,NO
488.275756792022,742.2124410383941,NO
487.5619033754892,743.3737145932578,NO
487.07264971831694,744.0386982453903,NO
486.4145694086457,745.2131276265061,NO
486.0116073071657,746.0072110060889,NO
485.1026434976962,747.0850879169585,NO
484.14085522182324,748.1309630947891,NO
483.16067545881515,749.1521661665627,NO
482.21860410943816,750.1827237864167,NO
481.3198817904115,751.272029559127,NO
480.3337919375059,752.3326061763372,NO
479.3498226924667,753.3316027473994,NO
478.4489231515666,754.3767885031385,NO
478.0086583016727,755.0059119634636,NO
477.13738337980084,756.0923630745357,NO
476.2422825922267,757.2072986262009,NO
475.188563155882,758.2151304726157,NO
474.21592683676465,759.1844375060505,NO
473.4374161876444,760.3018976830039,NO
473.02681371870517,761.0155171987864,NO
472.1753339193115,762.1284479712696,NO
471.1789879374817,763.1954256095614,NO
470.134239740426,764.1433334054342,NO
469.21605159084777,765.1534628232579,NO
468.12367643122207,767.0613513015318,NO
467.3608834297325,768.2656191557326,NO
466.44299836206335,769.3830089990796,NO
465.9892006761377,769.9914799302801,NO
465.0697844507966,771.0491330716583,NO
464.3255618119043,772.1658993177003,NO
463.12340303387697,774.0947974798793,NO
462.2076063656405,775.1762091045354,NO
461.3701566159661,776.2782144746183,NO
460.9684648051917,776.9782878824985,NO
460.248015846224,778.0882203979387,NO
459.1336321035398,780.1162018273294,NO
458.0959291579206,781.1142161399837,NO
457.0659607884317,782.067691539477,NO
456.1091686121104,783.0911771326676,NO
455.22348155351347,784.1667139661786,NO
454.4373807322247,785.310421717628,NO
453.9811235063663,785.9849931877409,NO
453.09431010569284,787.0564087470106,NO
452.4723837278275,788.2385042372603,NO
451.49061296950333,790.2659264495582,NO
451.05855820701163,791.030158153773,NO
450.30367214283007,792.1837452044444,NO
449.1400851485799,794.0720156011797,NO
448.49181510512346,795.3169474982409,NO
447.99152198257923,795.9935268469699,NO
447.11097259119316,797.0741223775374,NO
446.0754537789524,798.1113574379083,NO
445.00060744676483,799.0007372826984,NO
444.49081489982126,799.5591562267746,NO
443.5694225572467,800.4729798287125,NO
443.0363598184882,801.0236641101407,NO
442.19879225650806,802.1271554106106,NO
441.346511781115,803.2883022032393,NO
440.3757653604496,804.3882677217924,NO
439.50651613182777,805.4341567071458,NO
438.998494443041,805.9988469637494,NO
438.1882033159921,807.0908567753853,NO
437.90312784746874,807.9475321863767,NO
437.0338914763357,809.0253028294802,NO
436.0889778296951,810.0776189530275,NO
435.17848961021326,811.1302626112936,NO
434.41599621953895,812.2641637677102,NO
434.0009660528929,813.000637526026,NO
433.09502258053686,814.0745250295906,NO
432.17793412946037,815.1434786776302,NO
431.26000173333205,816.2232668068386,NO
430.3115161133835,817.2884408457254,NO
429.3770071318378,818.3492763036297,NO
428.3723621172073,819.3920712834654,NO
427.2555944557506,820.317496229082,NO
426.1450828011104,821.1853983120131,NO
425.12756263514046,822.1192103141074,NO
424.27360735143185,823.172902069991,NO
423.0646293206072,825.0461185996753,NO
422.1753173892931,826.129007135028,NO
421.38502690947513,827.2580077325274,NO
420.3952281011323,829.1679719493804,NO
419.43325369746725,831.2272711870916,NO
419.0077119764621,832.0053798320788,NO
418.0792773001632,833.0650691564457,NO
417.123850205035,834.108974341705,NO
416.1782346749859,835.1553373758751,NO
415.30246165819534,836.2274113911861,NO
414.17538314116314,838.0747251284824,NO
413.93817377072514,838.9820627606188,NO
413.04256939078175,841.0179758291099,NO
412.27428584291476,842.1811760845212,NO
411.47857346913617,843.378331733893,NO
410.9873321424593,843.9891209285125,NO
410.0670387351574,845.0448544211472,NO
409.1640324211173,846.1347159870072,NO
408.18072811920473,847.1751757991681,NO
407.1964637921159,848.1850484677461,NO
406.257858565759,849.2295668719784,NO
405.36790552354734,850.312143906872,NO
404.46183816622494,851.4381541664571,NO
403.3658697055912,852.4190609735584,NO
402.398988198239,853.3437229194172,NO
401.993740593318,853.9958938886756,NO
401.18877853644506,855.0983839811124,NO
400.9000353810204,855.9433879747456,NO
400.0727021329338,857.0445374788014,NO
399.2378726072617,858.1586908015576,NO
398.5624268257884,859.3623748417275,NO
398.0674893353477,860.0368463367278,NO
397.4593546727044,861.2129900880292,NO
397.0541407084599,862.0281970161348,NO
396.17424084554654,863.1485632563064,NO
395.0962067892256,864.1297868239149,NO
394.1681823552254,865.1058769983646,NO
393.25521300378244,867.0698066187549,NO
392.22603478176063,869.1665349298336,NO
391.2547759314307,870.2539078695685,NO
390.2959334706379,871.2594221953924,NO
389.479232967332,872.3598175349563,NO
389.01381049809623,873.0094042921298,NO
388.1556187992671,874.0963907493697,NO
387.4745644571919,875.2836318009529,NO
387.0479235944773,876.0248241086347,NO
386.34895777621796,877.1816738918702,NO
385.04071805879283,879.0395916954711,NO
384.0215681376001,880.0243228483994,NO
383.0051429891448,881.0051429891448,NO
382.0367862174199,882.0295300084964,NO
381.1641710551067,883.1016297002324,NO
380.554243503673,884.3141261294722,NO
380.07523865243144,885.038577515369,NO
379.3596431390135,886.2042538501161,NO
378.0775448013979,888.059067711824,NO
377.17668819742084,889.124096934173,NO
376.4124910032567,890.2726233740451,NO
376.0023132550415,891.0015516049307,NO
375.1419626546388,892.0902788534761,NO
374.39241603852025,893.2515487283936,NO
373.16483908841775,895.1153204480516,NO
372.3279318550566,896.244054062147,NO
371.47435648390154,897.4075457214963,NO
370.98219671012987,897.9840609291434,NO
370.0145562387837,899.0126129631141,NO
369.1172725803814,900.0768337607128,NO
368.2531189817857,901.2100688157319,NO
367.3521446980527,902.296790854336,NO
366.5367368728376,903.4094693494841,NO
366.03547010898467,904.0229818569205,NO
365.16733212803666,905.1224899519699,NO
364.311686890211,906.2433040723977,NO
363.3735076601031,907.3625823911318,NO
362.3626502999001,908.3626502999001,NO
361.51094648782254,909.3997560455946,NO
361.0015436410886,910.0011110518218,NO
360.27213389731156,911.1095923784466,NO
359.2135955087227,913.1539319678302,NO
358.2668428838751,914.2461172353858,NO
357.47897420626936,915.3380102736095,NO
357.08567600618613,916.0335984335296,NO
356.82680267107696,916.9258840230788,NO
356.10728995253106,918.0488110350864,NO
355.84122381110876,918.928248792027,NO
355.11028751777627,920.0481104190022,NO
354.28816869934343,921.6520170974653,NO
354.13728538298926,922.0640056992158,NO
353.3531497034402,924.1311239163314,NO
352.0979266842077,926.0761360267073,NO
351.2135154450404,927.1573596458314,NO
350.49110232177185,928.3094928251921,NO
350.055024002278,929.029175517133,NO
349.2639661505812,930.1791608191182,NO
348.4366289279739,931.3706358123543,NO
347.9699777540618,931.9728131870861,NO
347.00285704927745,933.0023996215233,NO
346.1602250323705,934.085143735833,NO
345.41052602159743,935.3040687105306,NO
344.96811483177873,935.9745000513242,NO
344.0829366211878,937.0500767963856,NO
343.3037330340093,938.1927371076989,NO
342.9445899131367,938.9598707064421,NO
342.00910081079496,940.0080587332507,NO
341.06467794739143,941.0499037967991,NO
340.1458153593864,942.1207699206965,NO
339.3142628066975,943.207968025586,NO
338.30236355759166,945.1003389059275,NO
337.4141958155151,947.2649588639297,NO
336.9727007005799,947.9785430976029,NO
336.08407893403864,949.052562043649,NO
335.2656586881241,950.183265982562,NO
334.55008893567316,951.3687995415174,NO
334.0507474998092,952.0308583374116,NO
333.23110100478436,953.146091092975,NO
332.9138937078179,953.9452050873463,NO
332.1233662102021,955.0539474942302,NO
331.1619766749146,957.1013899785003,NO
330.11003948737635,958.1589459223694,NO
329.0046563765333,959.0073314940058,NO
328.32434251960166,959.4363755619486,NO
327.37269869357635,960.3051546091936,NO
326.3104864042105,962.1471555548983,NO
325.06251397071077,964.0463008710866,NO
324.17269928100404,965.1231524541589,NO
323.4295972630964,966.2645613449689,NO
323.0279191675547,967.0162290369051,NO
322.1691986734973,968.1192028987318,NO
321.2675220859442,969.2053979519775,NO
320.39774943809766,970.3217463854206,NO
320.00231540646917,971.0015077675234,NO
319.1760996712476,972.1018456564526,NO
318.4867681801107,973.3163993343741,NO
318.04747033679047,974.0248038724814,NO
317.22991746874357,975.1526151714971,NO
316.4840695372069,976.3557799171094,NO
316.03707805524994,977.0205047038514,NO
315.2175961657917,978.1393651550408,NO
314.9240679096548,978.949790831496,NO
314.0611029580089,980.0349341240029,NO
313.23511800806216,981.1533378211608,NO
312.150276319106,983.0802539492261,NO
311.4359123519926,984.284182496218,NO
311.026341867851,985.0142936122274,NO
310.1644196766387,986.1171129631228,NO
309.4303140553716,987.2752352567647,NO
309.02562334794055,988.0135412094589,NO
308.18677858169843,989.1228015577088,NO
307.62538068222807,990.3722724059706,NO
307.05946540187045,991.033753927466,NO
306.169299723105,992.1285386517583,NO
305.8966326070709,992.9431322246977,NO
305.0970707825721,994.0524944711148,NO
304.2875994929628,995.1888497892877,NO
303.15379821857726,997.0970473422287,NO
302.5530208133395,998.3041993724279,NO
302.05716298787297,999.030121814015,NO
301.3052413710856,1000.1697404348956,NO
300.19770820109875,1002.1205316427423,NO
299.3401737090782,1003.2795186681902,NO
298.13602838879166,1005.0916777745418,NO
297.3442906768446,1006.2281769701578,NO
296.1379855984109,1008.0989593682506,NO
295.38453638185285,1009.239769756372,NO
294.14071783378336,1011.1050564602161,NO
293.1097779742855,1013.0548889871428,NO
292.27581477363367,1014.1946927944092,NO
291.1358502497213,1016.0895845494837,NO
290.4772560700232,1017.2613990673576,NO
290.0452103862121,1018.0226051931061,NO
289.1497837140396,1019.1179524595935,NO
288.1025864784128,1021.0525096806936,NO
287.2168842392994,1022.1685657272587,NO
286.132355888743,1024.0792475668088,NO
285.3624483092366,1025.2335777890053,NO
284.139939330409,1027.1022633508771,NO
283.1017711658363,1029.0508855829182,NO
282.2183427145601,1030.1691465121144,NO
281.13243794897215,1032.079518182019,NO
280.3624483092366,1033.2335777890053,NO
279.1437168900679,1035.1037232786837,NO
278.1101035868547,1037.0557020093897,NO
277.24841476000574,1038.1848815717458,NO
276.1342656658734,1040.0849728286958,NO
275.3990991506655,1041.2436330668527,NO
274.1407407650577,1043.1064846879267,NO
273.87058902412537,1043.9288042961214,NO
273.09395703639507,1045.0469785181976,NO
272.2485107496245,1046.1762620042864,NO
271.1342755822644,1048.084979104491,NO
270.4020561310229,1049.2443870451866,NO
269.1639363674702,1051.1156976203156,NO
268.1284224467308,1053.0686551283077,NO
267.24959443514746,1054.1947815534245,NO
266.1352567612091,1056.0858360279633,NO
265.87016439914754,1056.9285706878513,NO
265.09421720184605,1058.047108600923,NO
264.3556226460864,1059.2067780924663,NO
263.1942484381327,1061.1192676554274,NO
262.35868042688315,1062.72248967884,NO
262.14111582875694,1063.0736129993504,NO
261.18659938201387,1065.0727230239588,NO
260.94236614648554,1065.9776245052087,NO
260.2610062951535,1068.0868212225964,NO
259.3481861273524,1070.1561686940795,NO
259.0069951821343,1071.0036533543978,NO
258.1531293054324,1073.064019301286,NO
257.2321507308036,1075.0941540065253,NO
256.9568946984337,1075.9784473492168,NO
256.0475934195096,1078.0237967097548,NO
255.16792672300016,1080.0707926358912,NO
254.9138789094219,1080.956939454711,NO
254.10889146725933,1083.0544457336296,NO
253.32812973608557,1085.067556121548,NO
253.02211539545908,1086.0110576977295,NO
252.1894991762378,1088.073198701528,NO
251.9317258461367,1088.9658629230682,NO
251.12568648252673,1091.0628432412634,NO
250.3967153180954,1093.050561755293,NO
250.0614051387349,1094.0307025693673,NO
249.5000000004902,1096.0,NO
249.5000000004902,1097.0,NO
249.5000000004902,1098.0,NO
249.44880365046453,1099.0352002863767,NO
249.327879141898,1100.0462888178847,NO
249.20454342081175,1101.0260692590332,NO
249.0786270029073,1102.0107919413667,NO
248.9485740763575,1102.9926390341707,NO
248.82703678876945,1103.9813471043408,NO
248.72593947702035,1104.9736686932984,NO
248.62827884621655,1105.9577258286188,NO
248.5338827635754,1106.9744092494375,NO
248.5000000004902,1108.0,NO
248.5000000004902,1109.0,NO
248.5000000004902,1110.0,NO
248.5000000004902,1111.0,NO
248.5000000004902,1112.0,NO
248.5000000004902,1113.0,NO
248.5000000004902,1114.0,NO
248.5000000004902,1115.0,NO
248.5000000004902,1116.0,NO
248.5000000004902,1117.0,NO
248.5000000004902,1118.0,NO
248.5000000004902,1119.0,NO
248.5000000004902,1120.0,NO
248.4912627895088,1121.0077060834715,NO
248.4339092610933,1122.0340320989728,NO
248.3299699007811,1123.0420549865769,NO
248.28602817565994,1123.9960741230677,NO
248.34545357475574,1124.950552721676,NO
248.45857397755782,1125.97032756499,NO
248.5000000004902,1127.0,NO
248.65836623986772,1128.0649774019246,NO
248.97002293488717,1129.0149885325563,NO
249.24279710176114,1129.9247805022828,NO
249.5000000004902,1131.0,NO
249.5102223847599,1132.0076827866187,NO
249.7561870236601,1133.0717096989235,NO
250.02677946097927,1133.9870303393232,NO
250.32858263851438,1134.932350633835,NO
250.5000000004902,1136.0,NO
250.57773832069236,1137.0422261704603,NO
250.8971114778924,1138.0447867674238,NO
251.1415914139585,1138.9433634353256,NO
251.45215192864856,1139.9707431093475,NO
251.5000000004902,1141.0,NO
251.63428805849225,1142.0595178270955,NO
251.95626870846917,1143.0218656457655,NO
252.22240933364125,1143.924991361823,NO
252.5000000004902,1145.0,NO
252.5000000004902,1146.0,NO
252.73426654585154,1147.0745095716825,NO
253.0152355396087,1147.9923822301957,NO
253.316190276326,1148.9305621387623,NO
253.5000000004902,1150.0,NO
254.07710156891045,1151.9614492155447,NO
254.42387109675346,1152.9592751275186,NO
255.12541392346347,1154.9372930382683,NO
255.90721598861612,1157.046392005692,NO
256.1594684890949,1157.9305843063323,NO
256.9641276447268,1160.0179361776366,NO
257.23438326716126,1160.9246296951433,NO
258.0378372460777,1162.9810813769611,NO
258.3554516129605,1163.937970206842,NO
259.1084210200669,1165.9457894899665,NO
259.4863734269992,1167.0987099926538,NO
258.1202657738075,1169.1643149350782,NO
257.06443083894743,1170.076536845638,NO
256.0478711411876,1171.0484141018947,NO
255.0721844585074,1172.0610401917036,NO
254.16339138485495,1173.1181797552124,NO
253.46327102424394,1174.2900151890067,NO
253.0335515383935,1175.0183734617726,NO
252.3738422730236,1176.1662228830403,NO
252.0394378674361,1177.0166290723455,NO
251.26666757398152,1179.073080906893,NO
251.0588298322892,1180.014132305572,NO
250.874611516771,1180.9761831929702,NO
250.71475743977948,1181.9625519548156,NO
250.59989240087828,1182.9687066690103,NO
