X,Y,is_wing_root
256.5279329596363,1057.0,NO
256.58487981776983,1058.0359461614994,NO
256.719789718138,1059.043049067962,NO
256.90864970465196,1060.0214341462151,NO
257.11658085034105,1060.9635581775872,NO
257.99367867790386,1063.0031514996792,NO
258.32649894187557,1063.8100369641259,NO
259.0951046336631,1064.9301076640406,NO
260.0337956318158,1065.969221836527,NO
261.034140088781,1066.9609239923095,NO
262.08460217341593,1067.877388152282,NO
263.2530811991244,1068.522969257055,NO
264.02603234413215,1068.9469310960214,NO
266.0568333981389,1069.8190716475729,NO
266.9920107529751,1070.0310885924014,NO
267.959916208935,1070.2277777319312,NO
268.96293357023995,1070.3791366440275,NO
269.98464641040374,1070.4580487591338,NO
271.01535358959626,1070.4580487591338,NO
272.03706642976005,1070.3791366440275,NO
273.040083791065,1070.2277777319312,NO
274.00801700464024,1070.031196605733,NO
274.9763114665808,1069.908159428267,NO
277.1562247325414,1071.9105634113937,NO
278.2328203982401,1073.8570400980586,NO
279.0375767402161,1074.981211629892,NO
279.44961971774313,1075.7443338923363,NO
280.12679296700173,1076.9366035164992,NO
281.1323707577942,1078.9235797685553,NO
282.1985750391543,1080.8273824775886,NO
283.14130167841813,1081.8586983215819,NO
284.1411045811334,1082.8588954188667,NO
285.1411045811334,1083.8588954188667,NO
286.1411045811334,1084.8588954188667,NO
287.1412572026927,1085.8587427973073,NO
288.1652549621732,1086.8132643339748,NO
289.27171552395953,1087.6685560041146,NO
290.5032074943368,1088.4357976865401,NO
291.00643604972146,1088.9926251717088,NO
292.0336782610292,1089.9593236561407,NO
293.07542958218795,1090.9024052060338,NO
294.13676332943453,1091.8315958496567,NO
295.2466910816376,1092.70137393315,NO
296.4082874942429,1093.552142778178,NO
297.43853995082316,1094.6103741055529,NO
298.2701474953576,1095.7694256760099,NO
299.1660434181102,1096.84611140074,NO
300.14116641347107,1097.858833586529,NO
301.1413606141471,1098.858639385853,NO
302.1769076485454,1099.7921131327184,NO
302.9661867625327,1100.0676264749347,NO
303.9541372721378,1100.4103507220061,NO
305.0,1100.5000000004902,NO
306.0,1100.5000000004902,NO
307.0,1100.5000000004902,NO
308.05167967754284,1100.5945132917825,NO
309.05015263782076,1100.811927613973,NO
309.9967170996674,1101.0131833003154,NO
310.9606503329689,1101.2068900003633,NO
311.9572087230917,1101.3698906984166,NO
312.98364748626267,1101.4633212519182,NO
313.9961723530892,1101.488025009533,NO
315.0487882617104,1101.5799247993991,NO
316.0528351637115,1101.8128754604063,NO
316.99026337605005,1102.032244664317,NO
317.94469950060636,1102.2540833831324,NO
318.9620098163259,1102.4403407784853,NO
320.0,1102.5000000004902,NO
321.015960338505,1102.5211898127247,NO
322.06359693645544,1102.6940147288,NO
323.02259925602976,1102.9292906701778,NO
323.9601893623125,1103.1492898867232,NO
324.94623259089815,1103.3656183774872,NO
325.987644937939,1103.4846985870179,NO
327.0,1103.5000000004902,NO
328.02979366992184,1103.5395523920618,NO
329.0307847392567,1103.6074945752098,NO
329.9749181834542,1103.61237194137,NO
330.9645906309833,1103.5485305458806,NO
332.0,1103.5000000004902,NO
333.0,1103.5000000004902,NO
334.0,1103.5000000004902,NO
335.0,1103.5000000004902,NO
336.0,1103.5000000004902,NO
337.0,1103.5000000004902,NO
338.0,1103.5000000004902,NO
339.0,1103.5000000004902,NO
340.0,1103.5000000004902,NO
341.0,1103.5000000004902,NO
342.0,1103.5000000004902,NO
343.0,1103.5000000004902,NO
344.0,1103.5000000004902,NO
345.0,1103.5000000004902,NO
346.0,1103.5000000004902,NO
347.0,1103.5000000004902,NO
348.0,1103.5000000004902,NO
349.0,1103.5000000004902,NO
350.0,1103.5000000004902,NO
351.0,1103.5000000004902,NO
352.0,1103.5000000004902,NO
353.0,1103.5000000004902,NO
354.0,1103.5000000004902,NO
355.01238663509645,1103.4859372214812,NO
356.0193665051698,1103.448950798315,NO
357.03575681746634,1103.3721627720938,NO
358.0198986948159,1103.2984804356113,NO
359.00650081740974,1103.2550320668088,NO
360.0137829754058,1103.2067446403491,NO
361.006603742004,1103.1530867453148,NO
362.00806690452634,1103.0685686907887,NO
362.99152397307296,1102.9438600796561,NO
363.97295310645524,1102.8084178285017,NO
364.9598259871453,1102.6798633351393,NO
365.97241889477914,1102.5737465724578,NO
366.98396779384876,1102.5190337831932,NO
368.0,1102.5000000004902,NO
369.0,1102.5000000004902,NO
370.0,1102.5000000004902,NO
371.0,1102.5000000004902,NO
372.0,1102.5000000004902,NO
373.0,1102.5000000004902,NO
374.0,1102.5000000004902,NO
375.00485228771623,1102.494933342448,NO
376.00475711478106,1102.4852257031505,NO
376.99524288521894,1102.4852257031505,NO
377.99514771228377,1102.494933342448,NO
379.0,1102.5000000004902,NO
380.0,1102.5000000004902,NO
381.0,1102.5000000004902,NO
382.0,1102.5000000004902,NO
383.0222149832888,1102.4720683838834,NO
384.03249915909464,1102.404257849886,NO
385.0193766104568,1102.3407610901804,NO
386.0110010876106,1102.295292357679,NO
387.01569936509895,1102.2426265419776,NO
388.0095692118191,1102.1877037631884,NO
388.9980138626724,1102.1688216774055,NO
389.99523581024954,1102.1869028280828,NO
390.9971633510354,1102.2066701382462,NO
391.99697367837024,1102.2204891466647,NO
392.99034942761693,1102.2460895939328,NO
393.989427426734,1102.283790130299,NO
394.9963592500644,1102.3094637528832,NO
396.01413960556897,1102.2884479450001,NO
397.01181202035036,1102.240965207957,NO
398.00042487405113,1102.21668577737,NO
398.9973948934991,1102.2214340585551,NO
400.00808165415816,1102.2060821794964,NO
401.01022236637766,1102.1533355025347,NO
402.00157527768266,1102.1147702308285,NO
403.0011978952637,1102.1018211001663,NO
404.0029602850198,1102.0754872674427,NO
405.00148279276783,1102.0204384938843,NO
405.99913377561177,1101.970548369813,NO
407.00096840295515,1101.979421437683,NO
407.9989547830311,1102.023176549797,NO
409.000907429891,1102.0149286847793,NO
409.99741295593293,1101.957438953941,NO
411.00092549190185,1101.9325713044916,NO
412.0,1101.9392156862746,NO
412.9944347691651,1101.9084429798054,NO
413.9817521241766,1101.8307924271799,NO
414.98824798940274,1101.7502697806287,NO
416.0,1101.7235294117647,NO
416.9949669998638,1101.7147966724062,NO
417.974270637324,1101.6719506264944,NO
418.97586127728056,1101.6028790918022,NO
420.00666782993113,1101.5749258694061,NO
421.0064300683589,1101.590083168655,NO
421.9791994311483,1101.5756684080866,NO
422.9768861861806,1101.528478212154,NO
424.0,1101.5000000004902,NO
425.0,1101.5000000004902,NO
426.0,1101.5000000004902,NO
427.0,1101.5000000004902,NO
428.0,1101.5000000004902,NO
429.0,1101.5000000004902,NO
430.0,1101.5000000004902,NO
431.0,1101.5000000004902,NO
432.0,1101.5000000004902,NO
433.0,1101.5000000004902,NO
434.0,1101.5000000004902,NO
435.0,1101.5000000004902,NO
436.0,1101.5000000004902,NO
437.0,1101.5000000004902,NO
438.0,1101.5000000004902,NO
439.0,1101.5000000004902,NO
440.00865845760285,1101.4906459076733,NO
441.008351444167,1101.4732484804617,NO
441.99539626228545,1101.4695812425084,NO
442.99147869023676,1101.4828741971273,NO
444.0,1101.4921568632053,NO
445.0,1101.4921568632053,NO
445.9961097777611,1101.4960033643324,NO
447.0,1101.5000000004902,NO
448.0,1101.5000000004902,NO
449.0,1101.5000000004902,NO
450.0,1101.5000000004902,NO
451.0,1101.5000000004902,NO
452.0,1101.5000000004902,NO
453.0,1101.5000000004902,NO
454.0,1101.5000000004902,NO
455.0,1101.5000000004902,NO
456.0,1101.5000000004902,NO
457.0,1101.5000000004902,NO
458.0,1101.5000000004902,NO
459.0,1101.5000000004902,NO
460.0,1101.5000000004902,NO
461.0,1101.5000000004902,NO
462.0133101993119,1101.4848715406822,NO
463.0168464587977,1101.4521944295868,NO
464.0042190572641,1101.4303438369284,NO
464.9957811505294,1101.4303226419952,NO
466.0123277959467,1101.4191450762462,NO
467.01510033137134,1101.3850584470986,NO
467.99561609408255,1101.3726320130465,NO
468.99548113915347,1101.3841031823276,NO
470.0088775233782,1101.377294731623,NO
471.0196410375054,1101.3338976363455,NO
472.00694892413117,1101.2953292662203,NO
473.012943842606,1101.2538984415007,NO
474.02208892528694,1101.1149525641413,NO
474.97959684634543,1100.924597039121,NO
475.9417049213434,1100.7168524726349,NO
476.9704392939188,1100.5431527421838,NO
478.0,1100.5000000004902,NO
479.0,1100.5000000004902,NO
480.0,1100.5000000004902,NO
481.0,1100.5000000004902,NO
482.0,1100.5000000004902,NO
483.0123510566715,1100.4845414525073,NO
484.05672930696306,1100.3528286394665,NO
485.03565210590926,1100.1196221950115,NO
485.96419834572197,1099.8944575505882,NO
486.93638476591394,1099.6395136735125,NO
488.0,1099.5000000004902,NO
489.0,1099.5000000004902,NO
490.0,1099.5000000004902,NO
491.0,1099.5000000004902,NO
492.0,1099.5000000004902,NO
493.0288031370995,1099.4590499940962,NO
494.0547186686397,1099.3100724556248,NO
495.02755020330216,1099.120090630061,NO
495.97973488671795,1098.9217029693286,NO
496.94133487933135,1098.7177432772985,NO
497.97044268911793,1098.5432052134415,NO
499.0,1098.5000000004902,NO
500.0,1098.5000000004902,NO
501.0,1098.5000000004902,NO
502.0,1098.5000000004902,NO
503.0,1098.5000000004902,NO
504.01688570973334,1098.4784284727625,NO
505.052506117659,1098.3570415957793,NO
506.0383680313303,1098.1493717299734,NO
506.98389661499857,1097.9413376694413,NO
507.9439631416307,1097.7303886906984,NO
508.9649707185156,1097.5533766619078,NO
510.0,1097.5000000004902,NO
511.0,1097.5000000004902,NO
512.0,1097.5000000004902,NO
513.0,1097.5000000004902,NO
514.0,1097.5000000004902,NO
515.0421683778461,1097.4301174508107,NO
516.0551417109102,1097.2231926442923,NO
517.0021236204857,1097.0073178815444,NO
517.9474121775384,1096.792094660289,NO
518.9531813617673,1096.5810963957515,NO
520.0,1096.5000000004902,NO
521.0,1096.5000000004902,NO
522.0,1096.5000000004902,NO
523.0,1096.5000000004902,NO
524.0,1096.5000000004902,NO
525.0077037581382,1096.4911145495196,NO
526.0408021842899,1096.4161822766416,NO
527.0502227720577,1096.232851025696,NO
528.0052819805661,1096.0182014198695,NO
528.9470751771673,1095.8029805856477,NO
529.9532526762779,1095.5817344729505,NO
531.0,1095.5000000004902,NO
532.0,1095.5000000004902,NO
533.0,1095.5000000004902,NO
534.0,1095.5000000004902,NO
535.0,1095.5000000004902,NO
536.0246856842658,1095.4662851522694,NO
537.0535615164549,1095.3291129251304,NO
538.0318347301322,1095.1319976658667,NO
538.98025705254,1094.9275618463864,NO
539.9417264289665,1094.7169569382336,NO
540.9704392939187,1094.5431527421838,NO
542.0,1094.5000000004902,NO
543.0,1094.5000000004902,NO
544.0,1094.5000000004902,NO
545.0,1094.5000000004902,NO
546.0349521803302,1094.4456402983767,NO
547.0587331097466,1094.2455236522917,NO
548.0089801835998,1094.0320272302333,NO
548.9531843623801,1093.8204813847556,NO
549.9443247427048,1093.6056335758603,NO
551.0,1093.5000000004902,NO
552.0,1093.5000000004902,NO
553.0,1093.5000000004902,NO
554.0,1093.5000000004902,NO
555.0,1093.5000000004902,NO
556.0,1093.5000000004902,NO
557.0,1093.5000000004902,NO
558.0433515688914,1093.4251788498445,NO
559.0537109917899,1093.181407991266,NO
559.9763469096907,1092.9405759834292,NO
560.9319012811112,1092.6660543568537,NO
562.0,1092.5000000004902,NO
563.0,1092.5000000004902,NO
564.0048483494062,1092.494531634827,NO
565.0402329771565,1092.4274753786885,NO
566.0441706717685,1092.3003605644064,NO
567.0214440139181,1092.1822741244566,NO
568.0078306657418,1092.0798727899694,NO
568.9981590308124,1091.9819443406134,NO
569.9795319886547,1091.8644326479362,NO
570.9480418537534,1091.721066788938,NO
571.9590148611751,1091.5645329036518,NO
573.0,1091.5000000004902,NO
574.0,1091.5000000004902,NO
575.0,1091.5000000004902,NO
576.0132863151099,1091.4840014733347,NO
577.0418643883814,1091.402845997762,NO
578.0409647471948,1091.2678464155804,NO
579.0200404794809,1091.1123147710027,NO
579.9896044915382,1090.9464473825728,NO
580.9507116725841,1090.773540110558,NO
581.9486321822951,1090.5906627027603,NO
583.0,1090.5000000004902,NO
584.0,1090.5000000004902,NO
585.0,1090.5000000004902,NO
586.0,1090.5000000004902,NO
587.0,1090.5000000004902,NO
588.0,1090.5000000004902,NO
589.0178172981828,1090.4782538030845,NO
590.0338300730178,1090.410793766602,NO
591.0332415860008,1090.3139483187638,NO
592.0252881264337,1090.198414534148,NO
593.0099180441873,1090.0692904429775,NO
593.9877352549578,1089.9264115297465,NO
594.9544937441426,1089.770215924227,NO
595.9509620942824,1089.6030264792278,NO
596.9922991637898,1089.5090717233797,NO
598.0,1089.5000000004902,NO
599.0,1089.5000000004902,NO
600.0,1089.5000000004902,NO
601.0328820608098,1089.4532391938737,NO
602.0459570818604,1089.3396827758584,NO
603.021426696982,1089.2428358942852,NO
604.0090259839621,1089.1770481402434,NO
605.0066023255632,1089.124710595315,NO
606.0046011279235,1089.0533312570715,NO
606.989400582356,1088.934871049657,NO
607.9573464135282,1088.7824667040386,NO
608.9527847432574,1088.617781256581,NO
609.9849005595696,1088.5187053176714,NO
611.0,1088.5000000004902,NO
612.0,1088.5000000004902,NO
613.0,1088.5000000004902,NO
614.0,1088.5000000004902,NO
615.0,1088.5000000004902,NO
616.017795894574,1088.4776792851521,NO
617.0444717619648,1088.384416925165,NO
618.0385694345321,1088.245880139115,NO
619.0162638560688,1088.0975831364126,NO
619.9931301196493,1087.9538994853654,NO
620.9781446766614,1087.8230759546846,NO
621.9578186080327,1087.7012151263675,NO
622.9602823457002,1087.5779999266178,NO
623.9922957869302,1087.5088564485907,NO
625.0,1087.5000000004902,NO
626.0,1087.5000000004902,NO
627.0,1087.5000000004902,NO
628.0,1087.5000000004902,NO
629.0,1087.5000000004902,NO
630.0,1087.5000000004902,NO
631.0123703276112,1087.4852974662913,NO
632.0394638821062,1087.410746503826,NO
633.0417555300339,1087.2802015937873,NO
634.022090146223,1087.1325408773384,NO
634.9969791026706,1086.981658837682,NO
635.967630388359,1086.8262262923513,NO
636.9460888847522,1086.6646991394168,NO
637.9761574512817,1086.5323192543929,NO
639.0,1086.5000000004902,NO
640.0,1086.5000000004902,NO
641.0,1086.5000000004902,NO
642.0,1086.5000000004902,NO
643.0,1086.5000000004902,NO
644.0,1086.5000000004902,NO
645.0247049316566,1086.4666487140987,NO
646.0505423844268,1086.343688209961,NO
647.0346197157735,1086.1765605544667,NO
648.001458974169,1086.0075926202642,NO
648.9729958537325,1085.8434986960472,NO
649.9500077918416,1085.689072831439,NO
650.9648507163099,1085.5518466337892,NO
652.0,1085.5000000004902,NO
653.0,1085.5000000004902,NO
654.0,1085.5000000004902,NO
655.0,1085.5000000004902,NO
656.0,1085.5000000004902,NO
657.0,1085.5000000004902,NO
658.0,1085.5000000004902,NO
659.021279201288,1085.4718431511933,NO
660.0528762835241,1085.3457295352948,NO
661.0353758703785,1085.170204665429,NO
661.998483323448,1084.992633285255,NO
662.9637184553543,1084.8167961514969,NO
663.9503324200564,1084.6481879590751,NO
664.9769878722688,1084.530552608289,NO
666.0,1084.5000000004902,NO
667.0,1084.5000000004902,NO
668.0,1084.5000000004902,NO
669.0,1084.5000000004902,NO
670.0,1084.5000000004902,NO
671.0,1084.5000000004902,NO
672.0213149683376,1084.4726362466263,NO
673.0431523364105,1084.3794429495558,NO
674.0343649564168,1084.2577371673137,NO
675.0177761261912,1084.12951177904,NO
675.9981869873642,1083.9888598021234,NO
676.9696643406985,1083.835412912088,NO
677.9484837201429,1083.6756382455496,NO
678.9703560561896,1083.5418663409662,NO
680.0,1083.5000000004902,NO
681.0,1083.5000000004902,NO
682.0,1083.5000000004902,NO
683.0,1083.5000000004902,NO
684.0,1083.5000000004902,NO
685.0,1083.5000000004902,NO
686.0,1083.5000000004902,NO
687.0296368793785,1083.4580244814551,NO
688.0520473903117,1083.319809258674,NO
689.0300244404202,1083.1404813228485,NO
689.9897196436311,1082.9544088538191,NO
690.9482412850074,1082.766398712688,NO
691.9530348742487,1082.579785717957,NO
693.0,1082.5000000004902,NO
694.0,1082.5000000004902,NO
695.0,1082.5000000004902,NO
696.0,1082.5000000004902,NO
697.0,1082.5000000004902,NO
698.0,1082.5000000004902,NO
699.0,1082.5000000004902,NO
700.0,1082.5000000004902,NO
701.0168989523606,1082.47880368056,NO
702.0466709628839,1082.3778125550587,NO
703.0421730011171,1082.1991502828848,NO
704.0007340721945,1082.002947848918,NO
704.9500825367755,1081.8026518942336,NO
705.9482408432921,1081.5938896860139,NO
707.0,1081.5000000004902,NO
708.0,1081.5000000004902,NO
709.0,1081.5000000004902,NO
710.0,1081.5000000004902,NO
711.0,1081.5000000004902,NO
712.0,1081.5000000004902,NO
713.0,1081.5000000004902,NO
714.0,1081.5000000004902,NO
715.0,1081.5000000004902,NO
716.0,1081.5000000004902,NO
717.0123891255556,1081.48603492411,NO
718.0160327283613,1081.4542606656908,NO
719.0286898329084,1081.3954544338014,NO
720.0240680307072,1081.3230182961906,NO
721.018989159848,1081.2483197683557,NO
722.0154260388784,1081.1639016617032,NO
723.0060740058249,1081.0837227787988,NO
724.0004147491723,1081.0047004905257,NO
724.9941759586579,1080.9238394637514,NO
725.98114631523,1080.834217603166,NO
726.9783046298015,1080.7365562043883,NO
727.9672227972197,1080.6517422233915,NO
728.9586704111357,1080.560873122014,NO
730.0,1080.5000000004902,NO
731.0,1080.5000000004902,NO
732.0,1080.5000000004902,NO
733.0,1080.5000000004902,NO
734.0,1080.5000000004902,NO
735.0,1080.5000000004902,NO
736.0,1080.5000000004902,NO
737.0,1080.5000000004902,NO
738.0,1080.5000000004902,NO
739.0,1080.5000000004902,NO
740.0,1080.5000000004902,NO
741.0,1080.5000000004902,NO
742.0,1080.5000000004902,NO
743.0,1080.5000000004902,NO
744.0,1080.5000000004902,NO
745.0,1080.5000000004902,NO
746.0,1080.5000000004902,NO
747.0,1080.5000000004902,NO
748.0,1080.5000000004902,NO
749.0,1080.5000000004902,NO
750.0,1080.5000000004902,NO
751.0077078833282,1080.4913775303605,NO
752.0279740674803,1080.445836697138,NO
753.0342403110518,1080.3638033018624,NO
754.0207363004021,1080.2858246669057,NO
755.0166340489908,1080.212084124237,NO
756.0061182983226,1080.1560166060638,NO
757.0062420601356,1080.1061150219098,NO
758.0029631428514,1080.0408433183388,NO
758.9963384312912,1079.9602680857918,NO
759.9854470967276,1079.865054899319,NO
760.9774733382611,1079.7655388406235,NO
761.9507489928642,1079.6605673847728,NO
762.9703311489169,1079.5414814104017,NO
764.0,1079.5000000004902,NO
765.0,1079.5000000004902,NO
766.0,1079.5000000004902,NO
767.0,1079.5000000004902,NO
768.0,1079.5000000004902,NO
769.0,1079.5000000004902,NO
770.0,1079.5000000004902,NO
771.0,1079.5000000004902,NO
772.0,1079.5000000004902,NO
773.0,1079.5000000004902,NO
774.0,1079.5000000004902,NO
775.0,1079.5000000004902,NO
776.0,1079.5000000004902,NO
777.0,1079.5000000004902,NO
778.0,1079.5000000004902,NO
779.0,1079.5000000004902,NO
780.0,1079.5000000004902,NO
781.0,1079.5000000004902,NO
782.0,1079.5000000004902,NO
783.0,1079.5000000004902,NO
784.0038896862117,1079.495935020856,NO
785.0085122150637,1079.4823588308452,NO
786.0304860199905,1079.4318852869612,NO
787.0223723393101,1079.368061053131,NO
788.0256241363543,1079.2904068728894,NO
789.0201342842295,1079.1974708650703,NO
790.0082922963649,1079.1142992144407,NO
791.0028637366288,1079.0280866477779,NO
791.9943576972998,1078.9360539040074,NO
792.9830203456614,1078.8425522989216,NO
793.9803348992168,1078.7492699654827,NO
794.9686422276973,1078.6668236720882,NO
795.9670851298913,1078.5803354068978,NO
796.9925397333947,1078.524408034695,NO
797.9922864810952,1078.5082632016502,NO
799.0,1078.5000000004902,NO
800.0,1078.5000000004902,NO
801.0,1078.5000000004902,NO
802.0,1078.5000000004902,NO
803.0,1078.5000000004902,NO
804.0,1078.5000000004902,NO
805.0,1078.5000000004902,NO
806.0,1078.5000000004902,NO
807.0,1078.5000000004902,NO
808.0,1078.5000000004902,NO
809.0,1078.5000000004902,NO
810.0,1078.5000000004902,NO
811.0,1078.5000000004902,NO
812.0,1078.5000000004902,NO
813.0,1078.5000000004902,NO
814.0,1078.5000000004902,NO
815.0,1078.5000000004902,NO
816.0,1078.5000000004902,NO
817.0,1078.5000000004902,NO
818.0038878761209,1078.4957042342612,NO
819.0346869608551,1078.4422587500756,NO
820.0374382407174,1078.3471545895945,NO
821.0174770544899,1078.270099922393,NO
822.010925353038,1078.2143049937831,NO
823.004199121695,1078.178462666386,NO
823.997969041914,1078.1726314419714,NO
824.9951347148925,1078.1908688766919,NO
825.9940419913136,1078.2170417424632,NO
826.9967332473583,1078.2380062631953,NO
827.9970488214096,1078.250850186959,NO
828.9969107653302,1078.2625849540282,NO
830.0030898532785,1078.2626375357688,NO
831.0,1078.256862745098,NO
831.9969099186352,1078.2626569231043,NO
832.9994713735629,1078.2695994969922,NO
833.9961928591847,1078.2773774014436,NO
834.9855889301909,1078.3062352263041,NO
835.9653086614429,1078.3685954690652,NO
836.9699397181621,1078.45090424777,NO
837.9961117781174,1078.495748318884,NO
839.0,1078.5000000004902,NO
840.0,1078.5000000004902,NO
841.0038896862117,1078.495935020856,NO
842.0085198315209,1078.482790430063,NO
843.0090996171336,1078.4640804617138,NO
844.008716029319,1078.4445174836742,NO
845.0075177721988,1078.4260070711605,NO
846.0072028668775,1078.4081624371258,NO
847.0168770704048,1078.374230685397,NO
848.0221851865138,1078.314290145017,NO
849.014925622363,1078.2537355792228,NO
849.9939172080682,1078.238632605802,NO
850.9794592358207,1078.2831294380246,NO
851.984527180457,1078.343092949409,NO
852.9872135382672,1078.383593877722,NO
853.9952055328508,1078.4075297186907,NO
854.9967251279255,1078.4175462138032,NO
855.9924117827293,1078.4299989583833,NO
856.995647730315,1078.4439315037391,NO
857.996448340171,1078.4528366545608,NO
858.9963867906328,1078.4606842211442,NO
860.0,1078.464705882353,NO
860.995397095365,1078.4694962684014,NO
861.9953014749393,1078.4792495517218,NO
863.0,1078.4843137263958,NO
863.9961712887522,1078.488160712519,NO
864.9961100160818,1078.4959729784287,NO
866.0,1078.5000000004902,NO
867.0,1078.5000000004902,NO
868.0,1078.5000000004902,NO
869.0,1078.5000000004902,NO
870.0,1078.5000000004902,NO
871.0,1078.5000000004902,NO
872.0,1078.5000000004902,NO
873.0,1078.5000000004902,NO
874.0,1078.5000000004902,NO
875.0,1078.5000000004902,NO
876.0,1078.5000000004902,NO
877.0,1078.5000000004902,NO
878.0,1078.5000000004902,NO
879.0,1078.5000000004902,NO
880.0,1078.5000000004902,NO
881.0,1078.5000000004902,NO
882.0,1078.5000000004902,NO
883.0,1078.5000000004902,NO
884.0,1078.5000000004902,NO
885.0,1078.5000000004902,NO
886.0,1078.5000000004902,NO
887.0,1078.5000000004902,NO
888.0,1078.5000000004902,NO
889.0,1078.5000000004902,NO
890.0,1078.5000000004902,NO
891.0,1078.5000000004902,NO
892.0,1078.5000000004902,NO
893.0,1078.5000000004902,NO
894.0,1078.5000000004902,NO
895.0,1078.5000000004902,NO
896.0,1078.5000000004902,NO
897.0,1078.5000000004902,NO
898.0,1078.5000000004902,NO
899.0,1078.5000000004902,NO
900.0,1078.5000000004902,NO
901.0,1078.5000000004902,NO
902.0,1078.5000000004902,NO
903.0,1078.5000000004902,NO
904.0,1078.5000000004902,NO
905.0,1078.5000000004902,NO
906.0,1078.5000000004902,NO
907.0,1078.5000000004902,NO
908.0,1078.5000000004902,NO
909.0,1078.5000000004902,NO
910.0,1078.5000000004902,NO
911.0,1078.5000000004902,NO
912.0,1078.5000000004902,NO
913.0,1078.5000000004902,NO
914.0,1078.5000000004902,NO
915.0,1078.5000000004902,NO
916.0,1078.5000000004902,NO
917.0,1078.5000000004902,NO
918.0,1078.5000000004902,NO
919.0,1078.5000000004902,NO
920.0,1078.5000000004902,NO
921.0,1078.5000000004902,NO
922.0,1078.5000000004902,NO
923.0,1078.5000000004902,NO
924.0,1078.5000000004902,NO
925.0,1078.5000000004902,NO
926.0,1078.5000000004902,NO
927.0,1078.5000000004902,NO
928.0,1078.5000000004902,NO
929.0,1078.5000000004902,NO
930.0,1078.5000000004902,NO
931.0,1078.5000000004902,NO
932.0,1078.5000000004902,NO
933.0,1078.5000000004902,NO
934.0,1078.5000000004902,NO
935.0,1078.5000000004902,NO
936.0,1078.5000000004902,NO
937.0,1078.5000000004902,NO
938.0123891255556,1078.48603492411,NO
939.016045090304,1078.4546109207556,NO
940.0208148888901,1078.4082920358421,NO
941.0391767201589,1078.307386579238,NO
942.0207535041302,1078.2035439833428,NO
943.0087303402156,1078.120337115865,NO
944.0037368730477,1078.0423512270297,NO
944.9998499393384,1077.9904336334446,NO
945.9991361090637,1077.9685296876862,NO
946.9971637323412,1077.9342501593082,NO
948.0021657777427,1077.9263635542789,NO
948.9942945154643,1077.9090688408899,NO
949.9854083162459,1077.8382226366393,NO
950.9965616277485,1077.7808037831594,NO
951.9692683770987,1077.7250328483767,NO
952.9648306463299,1077.6263256204013,NO
953.9850891834601,1077.55267547379,NO
954.9839510914107,1077.5185327100212,NO
956.0,1077.5000000004902,NO
957.0,1077.5000000004902,NO
958.0,1077.5000000004902,NO
959.0,1077.5000000004902,NO
960.0,1077.5000000004902,NO
961.0,1077.5000000004902,NO
962.0,1077.5000000004902,NO
963.0,1077.5000000004902,NO
964.0,1077.5000000004902,NO
965.0,1077.5000000004902,NO
966.0,1077.5000000004902,NO
967.0,1077.5000000004902,NO
968.0,1077.5000000004902,NO
969.0,1077.5000000004902,NO
970.0,1077.5000000004902,NO
971.0,1077.5000000004902,NO
972.0,1077.5000000004902,NO
973.0,1077.5000000004902,NO
974.0,1077.5000000004902,NO
975.0,1077.5000000004902,NO
976.0,1077.5000000004902,NO
977.0,1077.5000000004902,NO
978.0,1077.5000000004902,NO
979.0,1077.5000000004902,NO
980.0,1077.5000000004902,NO
981.0077062680518,1077.491274556501,NO
982.0333628793538,1077.436283781857,NO
983.0342465340783,1077.349314644984,NO
984.0102662718284,1077.2908777202367,NO
985.0121589568673,1077.2480427126923,NO
986.0077020187109,1077.2067384011953,NO
986.9948806277196,1077.2008369119064,NO
988.0075506378643,1077.1925412641035,NO
989.0075282391253,1077.1476693003274,NO
990.0044742741514,1077.0992121643267,NO
991.001023515009,1077.0075651108673,NO
991.9835055371259,1076.8815186531367,NO
992.9643176210927,1076.7507121571266,NO
993.9515914887669,1076.6201793663795,NO
994.9840002125504,1076.5200063443092,NO
996.0,1076.5000000004902,NO
997.0,1076.5000000004902,NO
998.0,1076.5000000004902,NO
999.0,1076.5000000004902,NO
1000.0,1076.5000000004902,NO
1001.0,1076.5000000004902,NO
1002.0,1076.5000000004902,NO
1003.0,1076.5000000004902,NO
1004.0,1076.5000000004902,NO
1005.0,1076.5000000004902,NO
1006.0,1076.5000000004902,NO
1007.0,1076.5000000004902,NO
1008.0,1076.5000000004902,NO
1009.0,1076.5000000004902,NO
1010.0,1076.5000000004902,NO
1011.0,1076.5000000004902,NO
1012.0,1076.5000000004902,NO
1013.0,1076.5000000004902,NO
1014.0,1076.5000000004902,NO
1015.0,1076.5000000004902,NO
1016.0,1076.5000000004902,NO
1017.0,1076.5000000004902,NO
1018.0,1076.5000000004902,NO
1019.0169446603534,1076.4800987404371,NO
1020.0197553972681,1076.438054453918,NO
1021.0331728240236,1076.3599604166836,NO
1022.0362846501218,1076.2229538692955,NO
1023.0117876202769,1076.0646417929738,NO
1023.9797649529105,1075.8978230244152,NO
1024.9527134342563,1075.729032047195,NO
1025.96040299991,1075.5792818775847,NO
1026.9922957365343,1075.5088532358563,NO
1028.0,1075.5000000004902,NO
1029.0,1075.5000000004902,NO
1030.0,1075.5000000004902,NO
1031.0,1075.5000000004902,NO
1032.0,1075.5000000004902,NO
1033.0132904526574,1075.484152198281,NO
1034.0379716534549,1075.4120328190932,NO
1035.0406410065011,1075.287873809407,NO
1036.0232130764655,1075.1443740215707,NO
1036.9983275821355,1074.9905229654344,NO
1037.9688203619876,1074.830833878651,NO
1038.949009925677,1074.670823565047,NO
1039.9711603971325,1074.5403688327299,NO
1041.0,1074.5000000004902,NO
1042.0,1074.5000000004902,NO
1043.0,1074.5000000004902,NO
1044.0,1074.5000000004902,NO
1045.0,1074.5000000004902,NO
1046.0,1074.5000000004902,NO
1047.0213005345317,1074.4723161926777,NO
1048.0473034932625,1074.3655270163586,NO
1049.0377876605976,1074.211776991204,NO
1050.0097824591294,1074.0586947547756,NO
1050.986834214187,1073.9127980393212,NO
1051.9683053635292,1073.7754963145817,NO
1052.955631144961,1073.6464356864913,NO
1053.9711096261944,1073.5395596709113,NO
1055.0,1073.5000000004902,NO
1056.0,1073.5000000004902,NO
1057.0,1073.5000000004902,NO
1058.0,1073.5000000004902,NO
1059.0,1073.5000000004902,NO
1060.0186900564186,1073.4765964351213,NO
1061.0412759639992,1073.3898285569944,NO
1062.0398822325565,1073.2511103472402,NO
1063.0171302194021,1073.0960045228062,NO
1063.9907012404458,1072.9428630449715,NO
1064.9721824935189,1072.8001841187906,NO
1065.9539800257169,1072.669434004775,NO
1066.9655659436405,1072.5497085196434,NO
1068.0,1072.5000000004902,NO
1069.0,1072.5000000004902,NO
1070.0,1072.5000000004902,NO
1071.0,1072.5000000004902,NO
1072.0,1072.5000000004902,NO
1073.0105227404247,1072.4878725205183,NO
1074.032136675863,1072.4313080039165,NO
1075.038057507945,1072.3289716785962,NO
1076.0286328851425,1072.2000379568578,NO
1077.0085372961441,1072.0473263123108,NO
1077.974890036916,1071.879187909161,NO
1078.9417623219147,1071.699897670097,NO
1080.0539049330607,1071.4643389623625,NO
1081.036440810584,1071.3379056921588,NO
1082.0250467894361,1071.2365530162633,NO
1083.0122494107354,1071.1487428529056,NO
1084.0036724109523,1071.089187129015,NO
1085.0014230397983,1071.05582694576,NO
1086.0007993203485,1071.0291180980657,NO
1086.9992505572504,1070.9868201443708,NO
1087.9946750608763,1070.9245633617559,NO
1088.9894384186077,1070.8544214529645,NO
1089.9798164409808,1070.776225758701,NO
1090.9029129749556,1070.6086580250567,NO
1092.988671836828,1069.9390207367824,NO
1093.9642665903327,1069.7804332707722,NO
1094.9686791947352,1069.645030880744,NO
1095.994264501237,1069.5821279484874,NO
1097.0128053496926,1069.5918294627659,NO
1098.0159531233105,1069.6301775987422,NO
1099.0187192840258,1069.681772172748,NO
1100.0091702051898,1069.7248938258492,NO
1100.9963519959058,1069.73421684534,NO
1101.9915694060476,1069.7133597960008,NO
1102.9333824584646,1069.594158925965,NO
1105.0070656986256,1069.0710138391796,NO
1105.996648068093,1068.9710256733683,NO
1106.9772308968406,1068.849191649735,NO
1108.9920954791592,1067.9834339553684,NO
1109.9824384144124,1067.7245026335518,NO
1110.9957670037982,1067.6915959919097,NO
1112.0042329968655,1067.6915959435548,NO
1113.015128270933,1067.726610541606,NO
1114.0095796303876,1067.9784734871455,NO
1116.0226498695067,1068.7112141643286,NO
1117.0129538194658,1068.7739781949647,NO
1118.0019479261553,1068.9949881482496,NO
1120.0,1069.5627450980392,NO
1121.0067281961117,1069.5710775256437,NO
1122.0126900130526,1069.5955058183072,NO
1123.014040275511,1069.6260852986898,NO
1124.0341112673102,1069.9288743747986,NO
1126.0140413712886,1070.6260561164024,NO
1127.0343468216956,1070.926548355084,NO
1129.0035167356846,1071.5551329069037,NO
1130.881877633473,1070.8792992496424,NO
1131.89974252216,1069.8931047842261,NO
1133.9800382298783,1068.6392623092013,NO
1134.9873170520714,1068.5957310191457,NO
1136.0631468042773,1068.0660294008512,NO
1139.1288183663587,1070.149906066016,NO
1138.9679641624577,1071.0014344404601,NO
1139.128697729754,1071.858302503482,NO
1140.0005232566705,1072.0166860733098,NO
1140.8647820543652,1071.8511236801353,NO
1141.024712735479,1071.0007268451395,NO
1140.8690783018358,1070.1441461081342,NO
1140.0007754887768,1069.97527052533,NO
1139.1288183663587,1070.149906066016,NO
1136.616790647317,1066.9947402637713,NO
1139.0108167183866,1064.6059624062427,NO
1140.0323628928695,1064.6825947037262,NO
1141.033687198594,1064.8179418570805,NO
1141.9751214964897,1065.0545158512455,NO
1144.013281697353,1065.7883229500178,NO
1145.0079457691454,1065.8338009868012,NO
1145.989099590788,1066.0288681162995,NO
1148.01100980482,1066.625666623558,NO
1149.0107829111425,1066.6562946940385,NO
1150.0142805595738,1066.69653811613,NO
1151.012097140006,1066.7429357808642,NO
1152.0089900948756,1066.783381524399,NO
1153.0006675911661,1066.9982796018878,NO
1155.0251709812737,1067.636099506906,NO
1156.0299512796716,1067.9359483454182,NO
1158.0070062483667,1068.602979277955,NO
1158.988167455431,1068.5976934711646,NO
1161.9728480197448,1069.633448263816,NO
1162.6753412763837,1069.5560788907926,NO
1162.734802861391,1068.954461095345,NO
1162.7204464764177,1068.225663685131,NO
1160.5952034925858,1065.9769821600398,NO
1160.6325403449619,1064.9906333813126,NO
1160.6307888991062,1064.010859149662,NO
1160.5965380950374,1063.0174042391675,NO
1160.5662473296509,1062.0059534680418,NO
1163.0166326234278,1059.6882923239941,NO
1164.0189442838764,1059.9580488899855,NO
1166.019536663988,1060.6338684540647,NO
1167.0310820472405,1060.933606597436,NO
1169.0203698802763,1061.6182533639992,NO
1170.0354909569494,1061.9244287389276,NO
1172.0,1062.5627450980392,NO
1173.876908443625,1061.8742505942864,NO
1174.4371742665926,1060.7633656374312,NO
1174.9352541745184,1059.965923249402,NO
1175.9283358208374,1057.965952081698,NO
1176.8826837355944,1056.8921055092567,NO
1178.9965013580825,1055.5574217685744,NO
1180.0,1055.5627450980392,NO
1181.0,1055.5627450980392,NO
1181.9930222596108,1055.5551690789907,NO
1182.9927782842142,1055.5396156484574,NO
1184.962077527216,1054.9168044390058,NO
1185.9916669633715,1054.6166803179485,NO
1187.8828635841696,1053.8831759516002,NO
1188.6003976320612,1051.9905232636659,NO
1189.905663276213,1049.899890237803,NO
1191.9779599457122,1048.6311964258355,NO
1192.9945295805812,1048.601440872093,NO
1194.006236534492,1048.6024209518703,NO
1195.0110156282087,1048.6254686283382,NO
1196.007731937877,1048.6443308603045,NO
1197.04106772456,1048.9097241763923,NO
1198.0,1049.0847826086956,NO
1198.8771114968379,1048.869238413375,NO
1199.8875590466707,1047.894329054844,NO
1200.602360366594,1045.9905698107316,NO
1200.9171472949135,1044.9600831102723,NO
1202.9805231283146,1042.5748960852427,NO
1204.0,1042.5627450980392,NO
1205.0,1042.5627450980392,NO
1206.0,1042.5627450980392,NO
1207.0059020209353,1042.5699956188355,NO
1208.0119813101956,1042.592635439685,NO
1209.022805577169,1042.630696765721,NO
1210.0314027286681,1042.9358639147802,NO
1212.005994427482,1043.6178552727674,NO
1213.0,1043.6254901960785,NO
1213.9947679357392,1043.6188067478229,NO
1215.0,1043.6117647058823,NO
1216.0052320642608,1043.6188067478229,NO
1217.0,1043.6254901960785,NO
1218.005744805117,1043.6337686974898,NO
1219.0107333686383,1043.6578738614223,NO
1220.0050092760198,1043.6806586744099,NO
1221.007799266585,1043.6964285356348,NO
1222.0007465044214,1043.9983352440909,NO
1224.036246033567,1044.925000346122,NO
1225.0002819825427,1045.1367615280697,NO
1225.9090135290787,1044.900422531928,NO
1226.1300202290677,1043.9968635471441,NO
1225.9012312588438,1043.099304076254,NO
1224.7789047972628,1042.483882647691,NO
1224.0028100916015,1041.9947961266507,NO
1222.9250034768131,1041.0837552400494,NO
1220.985676327271,1040.0287374310285,NO
1219.8402657803754,1039.35385264201,NO
1217.9312075905311,1038.0824064975227,NO
1216.806633721071,1037.3984671850762,NO
1215.5682578139435,1035.0253965992745,NO
1215.5581359075593,1033.9800727955017,NO
1216.7772805207157,1031.4942957757974,NO
1218.980407236577,1030.6186946883,NO
1220.9668977553692,1029.9315794632962,NO
1221.9984233228165,1029.9274728500989,NO
1222.9559745173215,1029.8496272511736,NO
1225.6416174033416,1029.2787420045888,NO
1223.4444439092572,1028.7354933114818,NO
1222.9666723610144,1024.9342235437375,NO
1224.9665501194922,1023.9325496219317,NO
1225.7747134468293,1023.4674418822165,NO
1226.086539192344,1023.0809334157886,NO
1226.610512900936,1021.9846052527316,NO
1230.4677986017227,1021.7888908838195,NO
1231.1073902385376,1022.8905835298569,NO
1233.018406360833,1023.6550511719408,NO
1234.0275573531194,1023.9373353361825,NO
1236.007796833613,1024.558179449453,NO
1237.0,1024.5666666666666,NO
1238.908781766553,1023.8933760146235,NO
1239.9774476192458,1022.9553750761581,NO
1242.0148646779724,1022.0356292538378,NO
1242.9840918854475,1021.8221508642486,NO
1243.9842997444443,1021.7573596964198,NO
1244.975584454543,1021.6887017960057,NO
1245.9696041914713,1021.6124534419837,NO
1248.0126806109988,1021.0389811357051,NO
1248.997207598765,1020.87154954415,NO
1249.9949418022557,1020.848254057487,NO
1250.987125242824,1020.8010264878423,NO
1252.9934918165632,1019.9876426897505,NO
1253.8033818898534,1019.6211263245638,NO
1254.1365753540754,1019.1164523858414,NO
1254.9301242867475,1017.9642890193247,NO
1255.9623811579977,1016.9284563478725,NO
1257.9892986245377,1015.9769744032578,NO
1258.9472128625955,1015.844755175656,NO
1259.379227280417,1015.2359720735446,NO
1259.4621839768786,1015.0716415374801,NO
1259.43801983433,1014.6507138571583,NO
1258.9287667126873,1014.1533797524454,NO
1256.9505412376864,1013.0451403982756,NO
1255.6739402071325,1011.1790794746025,NO
1254.81428496391,1010.4480306262052,NO
1253.9716491532365,1010.1887569479132,NO
1253.0136311667566,1009.964558965754,NO
1250.9647785383136,1009.3207668899996,NO
1249.964938213507,1009.1681604128389,NO
1247.7445545408439,1007.0610173357321,NO
1250.012637176689,1004.5971899774644,NO
1251.005244515569,1004.6178995810923,NO
1253.0056543771684,1004.0130569676703,NO
1253.8702321817932,1003.6881019256393,NO
1254.9513342263742,1002.9467268134613,NO
1256.9689757492802,1001.7642156888596,NO
1257.9797988100047,1001.6780435368534,NO
1258.9942584279993,1001.6339748086517,NO
1260.0,1001.6254901960784,NO
1261.0,1001.6254901960784,NO
1262.0112100162662,1001.6426807177007,NO
1263.0149354594955,1001.682621493118,NO
1264.0087671524632,1001.7205470044332,NO
1265.0082231309482,1001.7533060550065,NO
1266.0157525528502,1001.8071272899346,NO
1266.9893577266862,1002.0256004317124,NO
1267.8931883092102,1002.2821085148729,NO
1269.1063600374275,1002.2778060636736,NO
1269.9455091651744,1001.9427965895773,NO
1270.9584493228276,999.9825890884163,NO
1271.1571160379904,999.001303867602,NO
1270.9566958078717,998.0185334804631,NO
1269.9732746694506,996.0142243017588,NO
1269.5650960827302,995.2106917897897,NO
1268.8936211804757,994.1063788195241,NO
1267.5889046113468,992.0188350468139,NO
1267.5783331741163,990.9865604205746,NO
1269.975721119323,988.6874872425797,NO
1270.9780119116335,988.6262024991631,NO
1272.9647011730024,987.9248378432175,NO
1273.9925936282566,987.625237579309,NO
1274.9947148164003,987.6149366245887,NO
1276.9057472350485,986.8998480606059,NO
1277.8871462782863,985.9026331885225,NO
1278.5313725490196,984.0,NO
1278.539733227553,982.9927801285922,NO
1278.5644298354348,981.9863350541891,NO
1278.601652472698,980.9761943708191,NO
1279.8989229753754,978.8989229753753,NO
1280.9663628312894,977.9338151278081,NO
1282.9090488388501,976.9011969440191,NO
1283.911055051557,975.9130179739742,NO
1284.9023087839637,974.9067851994392,NO
1285.9586283327958,973.9238312324701,NO
1287.9584365881772,972.9140906915562,NO
1289.913600831407,971.9017547490802,NO
1290.886947663529,970.902621154146,NO
1291.1281832638429,970.005318807676,NO
1290.9522984680286,969.0206117732653,NO
1290.712783956592,968.0268907458792,NO
1290.6402415574998,967.0211622614025,NO
1290.598694994115,966.006294980892,NO
1290.5901960784313,965.0,NO
1290.5901960784313,964.0,NO
1290.597417348834,962.9944743557521,NO
1290.619020748691,961.98954174592,NO
1290.6632491756882,960.9726411058662,NO
1290.9595487505112,959.9790559180741,NO
1291.94488425743,957.9752773010506,NO
1292.6175249301732,955.974300094619,NO
1292.9310461566142,954.9666397385647,NO
1293.578431372549,953.0,NO
1293.5638352777487,952.0136835986003,NO
1293.555731393676,950.993031080234,NO
1293.6146756429189,949.9680165556372,NO
1295.9743003859658,947.6175292660995,NO
1296.993274720751,947.5712634756302,NO
1298.8712002565203,946.8655153038104,NO
1299.093777252918,946.0013966824405,NO
1298.8788080325646,945.1141291260875,NO
1297.9073978034387,944.0964713756471,NO
1295.9675967579155,943.065821199091,NO
1293.9755262904512,942.0480895768469,NO
1291.9822049355917,941.0353267763712,NO
1290.5753608186913,939.0184253132553,NO
1292.9806309810695,936.6152780975256,NO
1293.9814297910718,936.5695087962399,NO
1294.993668878029,936.5387325434607,NO
1296.0,936.5313725490196,NO
1297.9629725007512,935.9191241467963,NO
1299.0927641819196,935.0853328017666,NO
1299.5693073494697,934.0059114677697,NO
1299.5792812414415,932.9842022598682,NO
1301.9758195103975,930.6292324964529,NO
1303.9947101909886,929.9869991755464,NO
1304.9868928088372,929.7543615344825,NO
1305.9950433590002,929.7191236899371,NO
1306.9953281725154,929.7021710171406,NO
1307.981146886376,929.6684452336973,NO
1309.8908510490273,928.888494254819,NO
1310.8882571849338,927.8906189898697,NO
1311.9260830857802,925.9618044408437,NO
1312.8912874700359,924.8956014551135,NO
1313.4928975169662,923.7762976064257,NO
1313.9499851335527,922.9733434279386,NO
1314.7280635733741,920.9826542609367,NO
1314.7271301179082,920.01796673995,NO
1313.9599497099493,918.0209179868726,NO
1313.655231657051,917.0377734260667,NO
1313.584432560346,916.0073335433988,NO
1313.5983095365473,914.9764181727892,NO
1315.9782494638498,912.6295035635544,NO
1317.9082577392187,911.8985175211022,NO
1318.9099578077125,910.911694152336,NO
1319.905175687472,909.9067301873878,NO
1321.9840932883208,908.6370377663118,NO
1323.004334099557,908.631601527712,NO
1324.0048811100962,908.6443762654665,NO
1325.0060009247613,908.659947612907,NO
1325.9953575307786,908.6617629577127,NO
1327.896668235371,907.8986231561471,NO
1328.6051598190659,905.9945806249517,NO
1328.6187962568417,904.9947677917453,NO
1328.6254901960785,904.0,NO
1327.9139413221212,902.0722980230072,NO
1326.5843204337773,900.181166569454,NO
1325.9166146539776,899.0820313229308,NO
1324.921687919565,898.0753449159071,NO
1323.6506264187765,896.0343761160099,NO
1323.605882352941,895.0,NO
1323.6207920765573,893.9865103897232,NO
1324.8853289628175,891.8892416178159,NO
1326.9901017589043,890.5826241819055,NO
1327.994096905201,890.5699173801944,NO
1329.0067298329209,890.5709731790686,NO
1330.006485984676,890.5865185036818,NO
1331.0,890.5941176470589,NO
1332.0,890.5941176470589,NO
1333.0658685735057,890.06441492266,NO
1333.5957039776877,888.987316203712,NO
1333.6377750463944,887.9806717905485,NO
1334.8956252785465,885.8997237572468,NO
1336.9840424085858,884.596272944293,NO
1338.882398070989,883.879858756202,NO
1339.8295199055167,881.9161630821565,NO
1339.86235109802,880.421583510052,NO
1338.9931688527806,880.2880466975569,NO
1336.993971443886,876.9938369151454,NO
1338.9649075669395,875.9274460252441,NO
1339.9970512136376,875.6269785008358,NO
1341.0202419471616,875.6552007160502,NO
1342.0262053357708,875.9447918075966,NO
1343.9940807666192,876.5687415692222,NO
1345.9669292656122,875.9295821438167,NO
1347.9095863821044,874.9016011387699,NO
1348.9094635903202,873.9131339821744,NO
1349.9030545802104,872.9051478642305,NO
1350.9025845326048,871.9025845326047,NO
1351.9006730322842,870.9022859176928,NO
1352.8918295700832,869.8980674437236,NO
1353.8572131505216,868.8631859349233,NO
1354.051948051948,868.0,NO
1353.8853471588436,867.0554696963574,NO
1353.5846022402256,866.0098513306201,NO
1353.578431372549,865.0,NO
1353.5897423933882,863.9837842840395,NO
1353.5895505874453,862.9867060920311,NO
1352.8914456644725,861.1067916148097,NO
1351.6196841651579,859.0022910592332,NO
1351.9297525598504,857.9661665394663,NO
1352.6526145944354,855.9807770915368,NO
1352.9367982096896,854.9720795293099,NO
1353.5313725490196,853.0,NO
1353.539747766633,851.9927803566563,NO
1353.5656418837684,850.985521397097,NO
1353.5953248832823,849.9737747941488,NO
1353.5909524868446,848.9860695891276,NO
1353.0879962570987,847.9120037429012,NO
1351.9844640922017,847.3301380330165,NO
1350.9788591300712,847.2629718078939,NO
1349.9808276586107,847.1718663467158,NO
1349.0164730770205,846.9585572073379,NO
1346.9714367651993,846.2601294652928,NO
1345.9808882040877,846.1392430871969,NO
1344.9989166584203,846.0070628242809,NO
1344.051348325734,845.8307275886341,NO
1343.106192589467,845.5631072012999,NO
1341.98485592757,845.3358033396358,NO
1340.986370919428,845.2896179554047,NO
1339.9854063454775,845.2325863672146,NO
1337.8431247271315,841.8251356508924,NO
1339.9775734779553,840.8411454614786,NO
1340.9955055953508,840.7453170818943,NO
1342.0112183242286,840.7616106156967,NO
1343.0138650847284,840.8275318655332,NO
1344.0085944357786,840.9203061423731,NO
1344.997322658682,841.024191691287,NO
1345.947677276762,841.1809728632047,NO
1346.8869709775552,841.443192751462,NO
1347.9951611865074,841.6474578751458,NO
1350.0090887196775,841.0213387333961,NO
1350.900284927256,840.7166512286695,NO
1352.9613537223343,839.7830538468683,NO
1354.9872647793673,838.9722452146589,NO
1357.0050943921915,838.0107370602522,NO
1357.8714580912472,837.6910612099806,NO
1358.9798519127205,836.9731794957121,NO
1360.8801757694919,835.7702194188802,NO
1362.8605186502436,834.6740028855817,NO
1363.1389083135143,834.1189752868182,NO
1363.2186902359804,832.8986429666929,NO
1362.9322820003247,832.069268055163,NO
1360.9953382789986,831.0093729296665,NO
1359.8641093437723,830.2230657924226,NO
1358.6759719653687,828.0101655850071,NO
1358.7296243002888,826.9697815393725,NO
1359.5665456825532,824.6683638274051,NO
1360.8550573883572,823.74091913523,NO
1362.9888767148148,822.8518846706253,NO
1363.879357753501,822.6972562433039,NO
1363.731178124355,821.9234041788342,NO
1363.8569898287794,821.140709742237,NO
1361.970426623203,820.1826156079937,NO
1359.902427660025,819.2824123479762,NO
1358.9892897431316,819.0485400627493,NO
1357.312950775986,818.3231064478204,NO
1356.0639484112908,817.8790510058267,NO
1354.9884703363332,817.0156540954538,NO
1353.6142995115035,815.044972981037,NO
1353.5806506852227,813.9565899704743,NO
1355.9865215919187,811.8493144350551,NO
1356.9215745018007,811.6876984518178,NO
1358.9728460203623,810.8656015178548,NO
1361.0218890967928,810.0538632226376,NO
1361.9878602714439,809.8513623557825,NO
1362.9865264006573,809.7852645120777,NO
1363.9784404055417,809.7180668579043,NO
1365.1096717111122,809.1149891342395,NO
1365.6963126243224,808.0047637238484,NO
1365.000129026521,805.9999402604491,NO
1364.0196087538452,803.9909465054883,NO
1363.781778875603,803.0230283604114,NO
1362.9342494917048,801.061401929293,NO
1361.944160434918,800.056906075704,NO
1360.9468400345643,799.0487586226731,NO
1359.6689697424601,797.151420174147,NO
1358.937616421427,796.0534374057353,NO
1357.7001221717107,794.0430998488096,NO
1357.6206070883857,793.0059512617439,NO
1357.6376975307383,791.9836608687631,NO
1357.7086077972042,790.9746615473935,NO
1357.9709939397758,789.9873759052074,NO
1358.6060809375267,787.982235022379,NO
1358.6607790011888,786.9793806836611,NO
1358.7369184351612,785.9771233420169,NO
1359.617478662243,783.8294097351855,NO
1361.8238305941893,781.6334539850744,NO
1362.0902833318985,781.0838726844594,NO
1362.1853967751076,779.9104363450631,NO
1361.9242426021406,779.0864999555123,NO
1359.9835939694626,778.3192865882581,NO
1357.5633820658636,775.9974113561981,NO
1358.8358244164085,773.6418391746759,NO
1359.9491551712813,772.9379428308814,NO
1361.9665302433002,771.7703602839745,NO
1363.925416723948,770.9199233363287,NO
1364.8803825836667,769.8971016647857,NO
1365.0964172417919,768.9989807903004,NO
1364.8755355346018,768.1197991312497,NO
1363.9038858110691,767.1022719255127,NO
1362.553241668437,765.0105950596217,NO
1362.5969046488333,763.9630629752609,NO
1363.6054405693517,761.8141164116504,NO
1363.9665995535054,760.983427259127,NO
1364.2090607879575,759.9983464119288,NO
1363.9275343250126,759.0593071865399,NO
1362.7359628951162,757.0530227421114,NO
1362.611265230782,756.0121956001313,NO
1363.8322115578287,753.599504974474,NO
1364.9325569995547,752.9282994735378,NO
1365.9083010715087,751.9235649540377,NO
1366.669258083509,749.9696929713618,NO
1366.9609163607868,748.9805199560776,NO
1367.9702129390764,746.9845751328061,NO
1368.8946136275754,744.9518983362234,NO
1368.9034382553666,744.0343650070542,NO
1368.857981874732,743.3398761881372,NO
1366.9058860935052,742.0985336204029,NO
1365.6052187484142,740.0140436022015,NO
1365.5988290836242,738.993707122473,NO
1365.6500664774553,737.9621406623085,NO
1367.992499585493,735.9827868180143,NO
1368.9876913943324,735.7425449848351,NO
1370.936949361123,734.9365961365987,NO
1371.2679553614003,734.1195886688115,NO
1371.2213186566028,732.8905055015434,NO
1370.924908745012,732.0704733397281,NO
1369.6673549363697,730.0333980981178,NO
1369.6032593791786,729.017114301418,NO
1369.578431372549,728.0,NO
1369.5943783254475,726.9880699511486,NO
1369.6227707769108,725.9896446878723,NO
1369.6574611116775,724.9759259819705,NO
1370.9036170534027,722.9095443518606,NO
1371.9030772582023,721.9025410356537,NO
1372.8638258558785,720.8722002086342,NO
1373.0592612991832,719.9989912970037,NO
1372.864208148797,719.1357918512032,NO
1371.9145609941968,718.0437656969347,NO
1370.9222919807264,716.0353933271741,NO
1370.637692866601,714.9985679559738,NO
1370.6556397361378,713.991833353137,NO
1370.9399691543429,712.9719447679291,NO
1371.672136957197,710.9654013866159,NO
1371.9670334760606,709.9828373846539,NO
1372.9862584152177,707.993291742512,NO
1373.2581260834804,707.1037766221185,NO
1373.2569111437738,705.8970091887328,NO
1373.0078606331363,704.9966681267928,NO
1372.7779087009774,704.0158009621366,NO
1372.7239919509923,703.009200267683,NO
1372.6904269181834,702.0103191020348,NO
1372.6580069547426,701.0107291931619,NO
1371.9911306836198,699.0040696658099,NO
1371.0034094211999,696.9984094122985,NO
1370.7508235337652,696.0256070675804,NO
1370.6882352941177,695.0,NO
1370.7464852061382,693.9756426948398,NO
1370.861518285377,692.9799802116081,NO
1371.0690992759519,692.0264650945788,NO
1371.3468651194676,691.1097383073072,NO
1371.620974176065,690.0059455035055,NO
1371.6062216519722,689.006176915663,NO
1371.3038143087965,687.8998198533521,NO
1371.0323307846536,686.9869802142989,NO
1370.7495756799544,686.0815536017851,NO
1369.7725133328877,684.1152785213412,NO
1368.9681271019479,683.0271662772535,NO
1367.8011721487896,681.0392820987774,NO
1367.668345447734,680.0208096975524,NO
1367.668614580353,678.9792071892002,NO
1368.0824526668114,677.0510915786343,NO
1369.8431069324495,675.7487051671262,NO
1370.1378367912716,675.1101540893901,NO
1370.224773463833,673.8968430937093,NO
1369.9372480333768,673.0625749515451,NO
1368.8664147026982,672.2705610811873,NO
1366.9185494956216,671.2202749435772,NO
1366.023850429306,670.9420251082898,NO
1363.9754384459993,670.2159722803193,NO
1362.9927623597414,670.1419690920017,NO
1362.0065965806416,670.1401773353671,NO
1361.0424820249289,670.2382899716146,NO
1359.89458797616,670.585881342646,NO
1358.9667983353063,670.7858167101101,NO
1357.9918233977353,670.887295487941,NO
1356.9998518790426,670.9244583077653,NO
1356.0039189030688,670.9048266334728,NO
1355.0081164508908,670.8572624112908,NO
1354.018475312541,670.7877487236223,NO
1351.9502035535577,670.1183334910903,NO
1350.7430421219892,667.9959692879271,NO
1351.873596613236,665.7990905599262,NO
1353.9989200123978,664.8633815594088,NO
1355.0,664.864705882353,NO
1355.9925341881615,664.8413515021281,NO
1356.9532981279867,664.7359120499092,NO
1358.98363703951,663.9657082459466,NO
1359.683278483651,663.5716585364806,NO
1360.6582893790812,662.6766939011562,NO
1361.5009056532756,661.560498993318,NO
1362.020488889076,661.0187301868683,NO
1363.0040964272944,660.0038241213941,NO
1363.965371522458,658.9726287215198,NO
1364.2929254884104,658.1259370950434,NO
1364.355350163304,656.8651822971491,NO
1363.9918947291928,656.0063875971243,NO
1363.0086840241995,654.9904018681525,NO
1361.9276277145027,654.2690764367112,NO
1361.004747784601,653.9866418259469,NO
1358.9616791891171,653.3658552982175,NO
1356.6569003197003,651.0189857536976,NO
1356.6265137534378,650.0007323259355,NO
1356.6254901960785,649.0,NO
1356.6187737215946,648.005232517562,NO
1356.3095175915275,646.8954962075779,NO
1356.0607079336899,645.9786064986406,NO
1355.8837121883273,645.0059752631636,NO
1355.847646437787,643.9996965068271,NO
1356.0292083524437,643.0111822777094,NO
1356.6460420143846,640.9951417531244,NO
1356.6396334389308,640.0098924155178,NO
1356.0978866669598,638.9099768015417,NO
1354.9862180996763,638.2928653750522,NO
1354.0,638.2705882352941,NO
1353.014392592616,638.293608880606,NO
1352.0210083793672,638.345621712924,NO
1351.0053063886241,638.3866083129172,NO
1348.650041223513,635.9813263098966,NO
1349.930592252564,633.9275287389947,NO
1350.9219738509062,632.9270669397164,NO
1351.9659495828578,630.9842171237481,NO
1352.1284780908534,630.0536364854173,NO
1352.0078542581653,628.9918067088843,NO
1350.988024632735,628.4071625006675,NO
1349.9782480277652,628.3578550145093,NO
1347.6196078431371,626.0,NO
1348.8134932936794,623.6012092173304,NO
1350.8131914184507,622.5559101331421,NO
1351.5571962746353,621.8073296801554,NO
1351.9548183767122,620.9779521221805,NO
1352.9367670261156,618.968773841069,NO
1353.5290566087936,617.8023930917152,NO
1353.9605463344485,616.9788142691128,NO
1354.650935933839,615.8395006918165,NO
1354.982534134394,614.9916384791046,NO
1355.2304920896038,613.9981768988167,NO
1354.9909446108247,613.0041143173793,NO
1354.759519575433,612.0292443526431,NO
1354.6801432716627,611.0150520816844,NO
1354.670568658737,609.9896648994973,NO
1354.733814831967,608.9745480313926,NO
1354.9881826513822,607.9946599429843,NO
1355.2360587611124,607.0956713901959,NO
1355.1885600633489,605.9127189236154,NO
1354.909200080507,605.0838063465238,NO
1353.8468894461719,604.2484802809694,NO
1351.7597348205604,602.0596932115958,NO
1351.6102079648294,601.0114644712381,NO
1351.6688826365794,599.9584454311507,NO
1352.9578789298591,597.9538146159101,NO
1354.004068229829,597.0072369931369,NO
1356.0103407309657,596.023478954189,NO
1356.9163259398679,595.7256122282582,NO
1358.014289013177,595.0178309420734,NO
1358.456618077693,594.5359884813669,NO
1358.8660550365453,593.9564717024924,NO
1359.0,593.0,NO
1358.9357906337052,592.0085020303563,NO
1358.727442811441,591.1364429838106,NO
1357.8648167462488,590.3108836233397,NO
1355.6026170727823,588.0316639790926,NO
1355.590937745815,586.981552094114,NO
1355.7369618463913,585.9423514752405,NO
1357.0172778618141,584.0189335458789,NO
1357.5019739876711,583.4857450317662,NO
1358.0263429360757,583.0250542168416,NO
1358.991267280885,581.9929760976668,NO
1359.7829155181355,580.8977668585505,NO
1360.066977606491,580.0314050561346,NO
1360.4249083047441,579.1517529736639,NO
1360.6392484696082,578.0468860751778,NO
1360.0376455975045,575.9926245357541,NO
1359.8210652982434,575.0763427999882,NO
1359.0117635263912,573.9898750204733,NO
1358.4572398443975,573.4952944435684,NO
1357.6568627450981,571.0,NO
1357.737570718523,569.967067698003,NO
1357.8858609324795,568.9786273452262,NO
1358.0852324306493,568.0312043417309,NO
1358.3212651506112,566.9982444526929,NO
1358.009678307238,565.9937150741616,NO
1357.5615910854299,565.4384089145701,NO
1357.021428111415,564.9700314214703,NO
1355.9068449047465,564.258240076773,NO
1353.7594441223239,562.034981233179,NO
1353.6985497605488,560.9864051850549,NO
1353.8406694998464,559.9673086816117,NO
1354.8444973552505,557.9182827156118,NO
1354.999356181304,556.9999184944963,NO
1354.868838516408,556.0758785413904,NO
1354.6001664845094,555.5169940747506,NO
1353.9624585743645,555.0697906644467,NO
1352.7847969038148,554.3259062399238,NO
1351.6553685970355,551.9831063032722,NO
1351.81153059738,550.9605182668342,NO
1352.8604538536688,548.917149747455,NO
1353.7287223260994,547.7437671996474,NO
1354.8869425084797,546.8347949978306,NO
1355.789994848419,545.8755918908162,NO
1356.6547956920392,543.9249219337302,NO
1356.7982521696113,542.9936706565463,NO
1356.813725490196,542.0,NO
1356.8098893295962,540.9969703480697,NO
1357.008474634041,540.0033000909162,NO
1357.6503144038395,537.9842298650104,NO
1357.6858489118406,536.989528297764,NO
1357.020213662828,534.9901626837867,NO
1356.703751728885,534.1353143768524,NO
1355.957840372122,533.035870329024,NO
1354.7113129973545,531.1240182900225,NO
1353.818213422296,529.0183055282236,NO
1353.7346695411993,528.0213304869544,NO
1352.9856006262928,526.0070293716499,NO
1352.6315941636672,525.1830206054063,NO
1352.1263359933278,524.8601563893362,NO
1350.9804693307965,524.2745144034081,NO
1349.9900302556152,524.0231524862832,NO
1347.9671309280038,523.3000049682116,NO
1345.9212289235395,522.0858815830394,NO
1344.6259454294575,520.0147847658932,NO
1344.6346096379798,518.9812250008055,NO
1345.5446209854442,516.796830896397,NO
1346.7590099814336,515.5218451820066,NO
1347.8827757903646,514.8849466097869,NO
1348.7922257784637,513.7966173107668,NO
1348.865360359044,512.4399730560489,NO
1348.0,512.3121398088881,NO
1347.0,512.4686274509804,NO
1344.5711813151142,509.9932734319585,NO
1344.6052849375667,508.9797181979889,NO
1344.924877236145,507.9627452425572,NO
1345.924080814237,505.96076979428165,NO
1346.923767905143,503.9643530083972,NO
1347.5627450980392,502.0,NO
1346.8726406786843,500.12735932131574,NO
1346.0571513804623,499.88277887090993,NO
1344.942280968823,499.8816145830632,NO
1344.0447528909442,500.09250178806934,NO
1343.009851994533,500.4154257547681,NO
1341.0288690617213,501.06310317107994,NO
1339.9964587617474,501.3527073440195,NO
1337.9059631995788,500.0981873891486,NO
1336.9017395783535,499.0982604216466,NO
1335.9014074384547,498.1004527991887,NO
1338.005903067143,494.56991939512307,NO
1339.0065164816954,494.58457431880737,NO
1340.0007977650992,494.59313977823837,NO
1341.0,494.59411764705885,NO
1341.993514015324,494.5865185036818,NO
1342.9932701856837,494.5709743651176,NO
1344.0067298143163,494.5709743651176,NO
1345.0100091631205,494.57794697002515,NO
1346.8928929522074,493.8884177198195,NO
1347.903415527688,492.9015530215732,NO
1348.8960502362959,491.90017522289673,NO
1349.118781323603,491.0591313121893,NO
1349.0748301418262,489.93917549926175,NO
1348.8048461344129,489.35220624429263,NO
1346.9617439317008,488.04087868772797,NO
1345.9480838028394,487.0567667606901,NO
1344.934032787768,486.0703834271565,NO
1343.6292591956988,484.0373671569548,NO
1343.5627450980392,483.0,NO
1343.6515494517996,481.94139210740786,NO
1345.998927189433,479.99758171680827,NO
1346.9851975774582,479.76029624335536,NO
1347.9912387408472,479.7207348537057,NO
1348.9902516638667,479.6892717737366,NO
1349.9893658770447,479.7641998861947,NO
1350.8594818406646,479.6224171897577,NO
1350.822460409225,478.1593662506445,NO
1349.9280316479153,477.06881788638816,NO
1348.944565131203,476.05049067819476,NO
1347.6320188443578,474.1656830566227,NO
1346.9393626952983,473.04939128845433,NO
1345.9808303855934,472.0170745751159,NO
1344.9880152058286,471.01279912320325,NO
1343.9205531535454,470.1491875126989,NO
1343.0694713237006,469.8639654544579,NO
1341.950722226278,469.12120410233456,NO
1340.282339576035,468.36974519649686,NO
1339.9339936097886,468.17661168695713,NO
1337.9450126550469,467.0965744108391,NO
1336.7812119939595,466.31623942940917,NO
1334.9164540760387,465.3223510257752,NO
1333.9817815364768,465.12881223652647,NO
1331.6968448265584,463.05314273832494,NO
1331.572815875262,462.0058633115332,NO
1333.9921845501724,459.5571245306717,NO
1335.0859144720541,459.3137180037839,NO
1336.0190348972692,459.05055169407063,NO
1336.9140842766083,458.78410290792283,NO
1338.9624782860376,457.817127184005,NO
1340.1291497110924,457.44092518852176,NO
1341.0505921911843,457.1782861252634,NO
1342.0028393840914,457.03750975654975,NO
1342.9984083346797,456.9738145391998,NO
1343.9945486099518,456.9131184717548,NO
1344.9933382737995,456.8584383215371,NO
1345.9972693685827,456.82592225841154,NO
1347.0051939248262,456.83444363976133,NO
1348.0072170819496,456.8812673656472,NO
1349.0035737636158,456.9412058264537,NO
1349.9993202866547,457.00888855862013,NO
1350.9928624911004,457.0859899889683,NO
1351.9487463484388,457.2153533312649,NO
1352.899884764727,457.4395535572184,NO
1354.0156711136271,457.65251009488196,NO
1355.0147250839286,457.6996082968203,NO
1356.0146814520026,457.7438339872686,NO
1357.0002568925618,457.7464470294894,NO
1357.7354380167017,457.47931950836215,NO
1358.115376152748,457.08693941743746,NO
1358.5666666666666,456.0,NO
1358.5666666666666,455.0,NO
1358.5581789709945,454.0077968420563,NO
1358.5407092288833,453.00810513163754,NO
1358.5408401429654,451.9918971786111,NO
1358.567325259733,450.9855775096254,NO
1358.5982726205402,449.9881844892357,NO
1358.6276240849174,448.9890477675708,NO
1358.653172176254,447.98629139012553,NO
1358.6653765896472,446.99193678533777,NO
1358.6812444676043,445.99743971466364,NO
1358.716819573506,444.99272461381554,NO
1358.7540695535122,443.9918023190004,NO
1358.7546914934267,443.0076959528498,NO
1357.9485277486954,441.0493191632518,NO
1356.8833597809835,440.27625314747985,NO
1354.8744219238758,439.3324574757618,NO
1353.9801879985362,439.1117396894742,NO
1353.0399745454379,438.899953208225,NO
1352.1397524696972,438.58074257773785,NO
1350.9885739520291,438.2753133451702,NO
1348.905654689115,437.1030419405468,NO
1347.8892857874703,436.11041578800496,NO
1345.966873633979,435.317248667245,NO
1343.8478615920994,434.26052018888794,NO
1342.7114637921795,431.99547394154513,NO
1343.8682266264198,429.8011703637372,NO
1344.932959137701,428.9342006355655,NO
1345.7422160564963,427.8594196826696,NO
1346.9820174387291,425.9838727817467,NO
1347.980673502646,424.9792770806813,NO
1348.967468044146,423.9682191435387,NO
1349.2814642288138,422.9855929669373,NO
1348.9536663471501,422.0454558841119,NO
1347.9344133929055,421.08404313377304,NO
1346.920088004608,420.05699384062945,NO
1345.8506440403523,418.01977638117455,NO
1346.8851516828195,415.74878825159396,NO
1348.9988081440222,414.9745652861104,NO
1350.0000825976188,414.95787521229016,NO
1351.0009159245012,414.97682711052715,NO
1351.9648243134577,415.117532415567,NO
1352.8981258247704,415.34166464269157,NO
1354.0967852915835,415.2493451614904,NO
1354.9381107704605,414.9307757454567,NO
1355.2873658375656,414.1262456726291,NO
1355.2588611364613,412.8806882716403,NO
1354.9357845381712,412.0615293243436,NO
1353.8700230953787,411.2794840197082,NO
1353.0116330621418,410.973797912939,NO
1350.9949884188657,410.319488276635,NO
1350.0,410.31176470588235,NO
1349.0050116143125,410.31949039174253,NO
1346.998563432209,410.9968907162125,NO
1346.0282922528029,411.2491703660696,NO
1345.0108701146964,411.3261034627693,NO
1343.985634846339,411.3185316628685,NO
1342.963022548998,411.2146442620313,NO
1340.7939594795816,409.02877426186984,NO
1340.7623703254199,407.9863809073478,NO
1341.701901551638,405.86644334771745,NO
1342.0204024045718,405.0099822924411,NO
1343.0066975741372,403.0034365283341,NO
1343.9584202888573,401.95474800896193,NO
1345.9831164899463,400.865467901868,NO
1346.9811922160548,400.7660495067987,NO
1347.981378961064,400.69365388633724,NO
1348.977709446618,400.6332844572527,NO
1349.9869571028412,400.58425763698887,NO
1351.0066681734286,400.57490397144875,NO
1352.0064410022228,400.5893861348777,NO
1353.9288719411343,399.9205665735581,NO
1354.922597422608,398.92970049389487,NO
1355.8828546803056,397.8906852528427,NO
1356.0722121032009,397.00266853241044,NO
1355.886527247888,396.11573896742664,NO
1354.9090123384292,395.0930237447852,NO
1353.9120221336009,394.08583786438203,NO
1352.9120242811264,393.09211288965093,NO
1351.8127751979487,392.4227143479034,NO
1350.9856594299124,392.02892523447747,NO
1348.9782904220006,391.27245519676615,NO
1347.990188452642,391.02314763182164,NO
1345.976856527466,390.36884909075775,NO
1344.9762660653298,390.29522700483477,NO
1343.9733864139716,390.1932884627156,NO
1343.0174127787545,389.9610325660988,NO
1340.97869241044,389.1530545085793,NO
1339.9971044805573,389.01682807823585,NO
1338.2999904513822,388.3357354135668,NO
1336.6372538907256,387.5136759078851,NO
1336.0049289963408,386.99352141956575,NO
1334.9528115003081,386.0589312566658,NO
1333.8318561109584,385.36660880922534,NO
1332.5859990563301,383.0259765299928,NO
1332.5481183905742,381.9991139576748,NO
1332.5986469160143,380.9685213266874,NO
1332.711873499844,379.9511948996108,NO
1334.860233733979,377.71834978718016,NO
1335.6515219421065,376.8476204294245,NO
1335.8333333333333,376.0,NO
1335.6736536102014,375.11754478824975,NO
1334.9759143398223,374.02160063255775,NO
1333.987995584745,373.0115296639431,NO
1332.7472845392826,371.10988966831394,NO
1331.9724167458808,370.0257392483793,NO
1330.7094735078674,368.0541960746276,NO
1330.5902280604082,367.0184799113068,NO
1330.5806355613536,365.9868434691002,NO
1330.6422148166764,364.9719384169418,NO
1330.7424398375463,363.96088026138966,NO
1332.8528664771372,361.66216828389514,NO
1334.9784829599787,360.79457315979465,NO
1335.985903431578,360.7124300127696,NO
1337.0048199519317,360.6927280842479,NO
1338.0133833520786,360.72697962574415,NO
1339.0110503370352,360.77457313121005,NO
1340.0,360.7980392156863,NO
1340.9894331129867,360.7754536562034,NO
1341.9867025054514,360.7287311193019,NO
1342.9849864018095,360.6809610458879,NO
1343.9842918008253,360.63585538548193,NO
1344.9945832103722,360.6053481854103,NO
1346.0,360.5980392156863,NO
1347.0,360.5980392156863,NO
1348.0,360.5980392156863,NO
1349.9827507572475,359.9621616842409,NO
1351.940469619237,358.93768863732356,NO
1352.9247169361809,357.93426406540055,NO
1353.6929846127641,355.98073628928455,NO
1353.7684364024017,354.97509818574275,NO
1354.0127461557508,354.0059445196288,NO
1354.8854047703242,351.94653820919103,NO
1357.8422929145295,350.79793778337284,NO
1357.925848445135,349.94844701326264,NO
1358.0253842621228,348.97956876458545,NO
1354.8826278108932,350.3779863533882,NO
1353.985852596142,350.23274760367394,NO
1352.9755273452135,350.2547153715339,NO
1351.983196471719,350.1558145322089,NO
1350.994477013826,350.06259384205515,NO
1350.001816239067,349.9786275126705,NO
1349.0425515342788,349.8378441601757,NO
1348.095812202054,349.6147126267409,NO
1346.972800903018,349.3556804785511,NO
1345.9743051363225,349.26743632046595,NO
1344.9764639639152,349.14806847596486,NO
1342.701778392757,347.0570041303392,NO
1342.5747771195026,346.0058363924945,NO
1346.0357411416765,343.89357674349264,NO
1346.9981129159937,344.02467725097046,NO
1347.9956473006864,344.0415559605545,NO
1348.9874981414512,344.030072036872,NO
1351.009892413849,344.63963349972335,NO
1351.995141601214,344.6460309466272,NO
1352.9256256392066,343.9180034231108,NO
1352.8180740000917,343.15169339897005,NO
1352.845465200064,342.351448967315,NO
1351.9884792719563,342.1433066232424,NO
1350.9985064332425,342.095214874621,NO
1350.0011824140438,342.0376894491062,NO
1348.9985982824453,341.9825640004061,NO
1347.9960701243554,341.95909721509037,NO
1346.9981237010622,341.9754637845329,NO
1346.0381455242514,342.1064340144885,NO
1343.9672550312698,342.57303695170845,NO
1340.982970786257,342.3776042984897,NO
1340.0,342.35686274509806,NO
1339.004989018944,342.3634856648486,NO
1337.9771245765367,342.3307132839807,NO
1335.7855533675456,339.9863300947724,NO
1335.8711883449903,338.9814865844284,NO
1335.8823667872662,338.0137697739478,NO
1335.676295780989,337.2164528106593,NO
1334.8219723101554,336.2165384097192,NO
1333.730013595458,335.26249979583224,NO
1336.0357446456176,331.790462414378,NO
1337.006357555147,331.9734233353885,NO
1337.9659277918827,332.1624002360706,NO
1338.9249399848263,332.36479166952626,NO
1340.0540573250664,332.65625085120126,NO
1341.015862106542,332.7548583630926,NO
1342.009312251543,332.8100300741902,NO
1343.0047274810402,332.84931153601656,NO
1344.0022301707445,332.8736236637763,NO
1345.0019159631158,332.89142876189936,NO
1346.0033528532608,332.9222747658969,NO
1347.0014915467846,332.96377671855635,NO
1348.000055799229,332.99796731383196,NO
1348.9992261072975,333.0263123527687,NO
1349.999233486665,333.0488652219486,NO
1350.9990472328327,333.05978614345,NO
1351.9578041537422,333.16270718950216,NO
1353.021255869472,333.2700069869913,NO
1354.0031396849213,333.0071721714566,NO
1354.836107843079,332.6957390282465,NO
1355.1254621838298,332.09598109040144,NO
1355.2712107071059,330.9006159505495,NO
1355.0310314713213,329.9872486534715,NO
1354.8024546052584,329.026938008914,NO
1354.684493556348,328.02907608517074,NO
1354.6079775897276,327.01844811385456,NO
1354.5803921568627,326.0,NO
1354.6058456304188,324.9822244104896,NO
1354.650021181756,323.98421664126914,NO
1354.67857306403,322.99432775968575,NO
1354.3821357497536,321.8684303407313,NO
1354.0623643676436,320.9730791551171,NO
1353.7798639307293,320.0954618498766,NO
1352.9735687786035,319.02650433799334,NO
1351.9155349818236,318.15306978935234,NO
1350.666732601543,317.57144248754975,NO
1349.9635842693963,317.0653916901353,NO
1348.6680193076647,315.04686786027264,NO
1348.5729000883987,313.9941378443334,NO
1348.7100820265894,312.9472876403997,NO
1348.9959274663413,311.9978955736732,NO
1349.2973274424414,311.12703046159476,NO
1349.4525670415626,309.8623098999909,NO
1349.0492149180582,308.9679615736019,NO
1348.6874401020516,308.2583351105542,NO
1347.7597810625205,307.29132933151243,NO
1346.625853741859,306.4480516922776,NO
1345.4996600081668,305.3784297402058,NO
1344.7487830390999,303.0241365329606,NO
1344.6693935701774,302.0162061980239,NO
1344.05549485469,299.97875406092186,NO
1343.8490588224583,299.0186421367836,NO
1343.7517447070688,298.0194710034035,NO
1343.697862612813,297.0053318364961,NO
1343.696488724325,295.99523903850474,NO
1343.7204340189494,294.99122930289445,NO
1343.743143972066,293.9959708855755,NO
1343.7430911820697,293.00402994250294,NO
1343.4082953434236,291.84714066325324,NO
1343.0668779428402,290.96983061657585,NO
1342.7930386266657,290.074716158025,NO
1341.8787642224975,288.02434602276077,NO
1341.0192177527977,285.990779679204,NO
1339.9922757652926,284.00412593490177,NO
1339.6251169792856,283.1733127471718,NO
1338.9335529865655,282.0523546724116,NO
1337.8373733668618,280.0207398322972,NO
1337.765538232548,279.007815391724,NO
1337.7553026329497,277.99616160968014,NO
1337.7792581554688,276.9930747659296,NO
1337.811594714123,275.9925531506254,NO
1337.9970631944686,274.99893850409546,NO
1338.1706399817565,273.9972365995552,NO
1337.9673469223958,273.01344152767587,NO
1337.7296976842372,272.02724390987225,NO
1336.985027191514,270.0066093356961,NO
1335.9359858040343,268.0711687260658,NO
1333.9775879754893,267.25773827994414,NO
1332.9943672906033,267.01339819235506,NO
1330.5933585956232,265.0024896414005,NO
1331.920149264784,262.9165854984942,NO
1332.6330279511965,261.83141639052474,NO
1332.9668451942173,260.9844845582865,NO
1333.1393645030057,259.98610934311046,NO
1332.8900774728024,259.10788692416213,NO
1331.8180050079266,258.4246549998633,NO
1329.8444378410422,257.3332305023194,NO
1327.9640190031375,256.03460279170287,NO
1326.8190160623408,254.02144187171243,NO
1326.768284476098,252.9968195908391,NO
1326.811737354938,251.9849989920329,NO
1327.0231644627365,251.00911664730438,NO
1327.6117647058823,249.0,NO
1327.0226422053208,246.99132704110045,NO
1326.7484492441943,246.06896447910853,NO
1326.0318341018271,244.97347158098742,NO
1325.5821460456207,244.47160282291804,NO
1325.0120818352357,243.9838025991481,NO
1323.902999709296,243.24562062536472,NO
1321.6242731987186,241.05054958657706,NO
1321.555701758551,239.99303061536924,NO
1321.5884782747664,238.97153506017122,NO
1320.9374098960386,237.0557026089734,NO
1319.9491636642456,236.0593737382127,NO
1317.973920208802,235.25377643068467,NO
1315.6587697954146,233.03978771087344,NO
1315.6722879991848,231.95660730607005,NO
1317.9414904798236,229.81891800233163,NO
1318.288526432377,229.68179192209777,NO
1319.9351749969678,228.87599358493722,NO
1320.394262447656,228.27617418648762,NO
1320.6484761713875,227.11744742567765,NO
1319.9872207075468,226.01147912354244,NO
1318.9889238974706,225.01238494789476,NO
1317.921398854505,224.13759319324484,NO
1316.7297358712847,223.40082059875186,NO
1316.0230601510275,222.97099352037299,NO
1314.9655509422664,222.04487443326397,NO
1313.9549937021477,221.03420948138302,NO
1313.0135858593733,219.98788186511263,NO
1312.4410707680386,219.44391490763476,NO
1311.8003507935132,218.10391380503805,NO
1311.0107335602825,216.99278522447747,NO
1310.5859758755623,216.2216729687002,NO
1309.5851807716933,214.22092356025638,NO
1308.9187405869213,213.042555285735,NO
1308.389837129738,212.42627813438622,NO
1307.6187818734475,211.38121812655254,NO
1306.5813543728375,210.50544901529761,NO
1306.0144735027018,209.9838648865521,NO
1305.009758881754,208.99108627199828,NO
1304.4697995286394,208.40106074566933,NO
1303.7176393416503,207.20338460199625,NO
1302.9000999106681,206.06377385622733,NO
1302.00021898055,204.9998123023931,NO
1301.4299667020707,204.4433592412881,NO
1300.670061897442,203.2278024734027,NO
1299.9187255817892,202.0375622165623,NO
1299.475681541324,201.31557726533046,NO
1298.7606073682,200.21402652613332,NO
1297.7667569507043,199.30791960282306,NO
1295.9361752311368,198.13058579174242,NO
1294.7271695319646,197.31669734753413,NO
1293.6999183425103,196.27924265383663,NO
1292.7394420300666,195.23946727393752,NO
1291.856982471749,194.08710090118942,NO
1290.7753647176562,192.031832738204,NO
1290.140394434297,190.87009480550574,NO
1289.8139206203455,190.36460225485487,NO
1287.88917603396,189.23402567071517,NO
1285.9226982368873,188.1958461611316,NO
1283.9044963328488,187.2500200356057,NO
1281.8974626272175,186.27197414054172,NO
1281.0110543300439,185.97462768042445,NO
1278.9714327007691,185.19644909898238,NO
1278.016372610154,184.962645015137,NO
1275.9750760600298,184.18101694512504,NO
1275.0192822733313,183.9553310162344,NO
1272.9906670017333,183.01835359590373,NO
1271.934792788648,182.0652072113518,NO
1270.93602676109,181.06414429235784,NO
1269.8595332050859,180.26858852329468,NO
1267.9009588632596,179.33890640178643,NO
1266.9820422040739,179.12696920645195,NO
1266.033501722655,178.91756120578194,NO
1263.9802047092753,178.21032496217796,NO
1262.9907540165907,178.13367051070273,NO
1262.0165897561906,177.95092610904376,NO
1261.087614056741,177.7275485317178,NO
1259.912385943259,177.7275485317178,NO
1258.9820307398943,177.94684542070038,NO
1258.0008592154545,178.1086907620923,NO
1256.9950570511203,178.07356271122117,NO
1256.0309856605677,177.90723253766672,NO
1253.959612168168,177.23039422788315,NO
1251.63855231882,175.0230404902605,NO
1251.6176056923698,173.9947514506642,NO
1250.9134571693555,172.07930264756496,NO
1249.9277971549268,171.07538972843696,NO
1248.8350886219405,170.32776651000344,NO
1246.9560767365356,169.05268097206604,NO
1244.982946260166,168.03716644587502,NO
1242.9606334493817,167.24008736525298,NO
1242.0104515073751,166.97925848770578,NO
1239.9853974440748,166.21511526357483,NO
1239.0091243872755,166.21246788905106,NO
1238.0209923020004,166.2477091480464,NO
1235.984178552304,166.9625239434235,NO
1235.0110830981776,167.17102073760705,NO
1233.993690926415,167.19175760472635,NO
1231.9352943228507,166.07229632905552,NO
1230.655131401162,164.02453610608038,NO
1230.6065582348003,163.00617163593208,NO
1230.0737009826146,161.929677859726,NO
1229.009139614455,161.3853870625487,NO
1228.0061769279737,161.39377913283334,NO
1227.006422934521,161.40946204919825,NO
1225.012317263573,162.02820681847166,NO
1224.0301323549006,162.29321099301566,NO
1221.9775297127117,162.93231258388542,NO
1220.9977725014485,163.06988777060138,NO
1220.029150972862,162.91218830427323,NO
1217.9627733180118,162.20699671647122,NO
1215.8730983048972,161.34670649744817,NO
1214.9787207852228,161.12058221707125,NO
1214.027240578454,160.9232310984082,NO
1212.9972099970987,160.7070497021878,NO
1211.9719126107043,160.9153921450835,NO
1211.0126738494203,161.09571594144924,NO
1210.073560907794,161.26744236026457,NO
1207.9898128354196,161.91692905905492,NO
1207.0051251947389,162.03788187380928,NO
1206.0468930581783,162.19455629911633,NO
1203.9742581902854,162.89007253031244,NO
1203.0138839325111,163.07010698946945,NO
1202.0556090566324,163.25590707351276,NO
1199.9726734606554,163.86056457961038,NO
1199.00447171771,164.02478886819986,NO
1198.0447911282695,164.19870972805103,NO
1195.9677710314863,164.80952099855418,NO
1194.9929353076327,164.9307116708334,NO
1194.0012193412665,165.01636484277455,NO
1193.0034333404335,165.07613059096417,NO
1192.0,165.1,NO
1190.9965666595665,165.07613059096417,NO
1189.9987807132443,165.01636411118076,NO
1189.008001120146,164.92770416412415,NO
1186.91376536144,164.30873315690795,NO
1185.9796523360399,164.11792396288345,NO
1185.0008534191552,163.99242403351587,NO
1184.0011490958664,163.92789422992027,NO
1182.9967904894645,163.96133303938058,NO
1182.0086487992635,164.0630126815673,NO
1181.03059864544,164.19506635989862,NO
1180.0829825458684,164.37883335931127,NO
1178.9407519766182,164.7465646315913,NO
1177.9886240321803,164.88007834005543,NO
1176.997255872331,164.96889988703654,NO
1176.0066452897945,165.06276107158868,NO
1175.018164180368,165.16542378899322,NO
1174.0255879630672,165.26632368152585,NO
1173.075968174966,165.4149706698462,NO
1171.940756169663,165.74658256747827,NO
1170.9886240321803,165.88007834005543,NO
1169.9972315385257,165.9686241039182,NO
1169.0052109835449,166.05654471282804,NO
1168.0168092904653,166.1530846128313,NO
1167.0590334053172,166.2957851732622,NO
1165.9190527590727,166.6655889968334,NO
1164.9787386110777,166.82800745968,NO
1163.9931903299369,166.93321285112955,NO
1163.001402935652,167.01882887260413,NO
1162.0074165430578,167.09456092381058,NO
1161.0206038209228,167.18434997624183,NO
1160.0691105943706,167.33362526129469,NO
1158.9303787343165,167.68902499966728,NO
1157.9868821977573,167.81468795193157,NO
1156.9943665709216,167.8694068723389,NO
1155.9962345046404,167.91270897186195,NO
1154.9979107049503,167.97195946210115,NO
1154.0048917703834,168.0530809105763,NO
1153.0167744928065,168.15008756685958,NO
1152.061612227489,168.29742756059576,NO
1149.9826080955818,168.8765174775165,NO
1149.000526948346,169.0038948355662,NO
1148.0215311891764,169.13726132763443,NO
1147.0641991282434,169.30991559442097,NO
1144.983283067589,169.86599491546366,NO
1143.9968693938915,169.96529110618914,NO
1143.0035615728525,170.04657441154805,NO
1142.0069754302885,170.11475707490487,NO
1141.0079619488658,170.1691914094561,NO
1140.0257978209502,170.24359096211447,NO
1138.8762486907442,170.60548451717713,NO
1137.968451051459,170.89889759931398,NO
1137.043564579157,171.12724044421367,NO
1134.9795819598107,171.88061451731548,NO
1134.003816992507,172.02528137972325,NO
1133.0435714159937,172.18803486562604,NO
1130.9704534845025,172.8563428024538,NO
1130.001528138086,173.0102546112311,NO
1129.021020507529,173.14685559479287,NO
1128.0645955647499,173.30826793337403,NO
1125.9792436001685,173.87966087808036,NO
1125.0052970934967,174.03178256098,NO
1124.0492376004026,174.20459072129282,NO
1121.9853214971504,174.94573901580532,NO
1121.0583001959567,175.16745800932563,NO
1119.9198157624949,175.8019493121615,NO
1118.0612060611918,176.24533007350672,NO
1115.9769283933042,176.78769889568437,NO
1114.9913055809877,176.8695837089746,NO
1113.9978237557953,176.91462426608646,NO
1112.998987472496,176.9354513758089,NO
1111.9984665262587,176.9674136837539,NO
1111.001272413484,177.02093325335423,NO
1110.008805429746,177.0955482764494,NO
1109.0255704895444,177.1975901588955,NO
1108.0841747336221,177.36762825388135,NO
1106.0024636041246,178.01103171422616,NO
1105.083440974336,178.22946267760491,NO
1103.028427920472,179.08999037266577,NO
1100.9800659004381,179.92428133191282,NO
1100.0391289161232,180.1324986011159,NO
1097.9670445305428,180.80597223650415,NO
1096.9925839967984,180.92863846040427,NO
1096.0034676502175,181.03215457417505,NO
1095.034116433216,181.16751168558724,NO
1092.9818678472343,181.95324844962192,NO
1092.0887050835402,182.21207927978352,NO
1090.0007026005142,183.0035832627037,NO
1089.0528266251563,183.19436971912415,NO
1086.9775901140642,183.8874978494627,NO
1086.017776112266,184.07031279648425,NO
1085.1232485943451,184.32075255896393,NO
1083.05093004941,185.13458052241606,NO
1082.2648383205333,185.582000345858,NO
1080.134110611556,186.37114333320784,NO
1077.9982777703076,186.98689049079485,NO
1077.0109534438225,187.10156829546358,NO
1076.016177197851,187.19643741338407,NO
1075.0274455150945,187.28687785330175,NO
1074.081926687451,187.43854873206067,NO
1072.9481736727425,187.78659747830895,NO
1072.0242916364255,188.04946755230642,NO
1071.262372483792,188.44473070308788,NO
1069.115353724928,189.3951092053559,NO
1066.9916125361037,189.94846257238325,NO
1066.019769602241,190.10502600862077,NO
1065.080894658909,190.30128483104787,NO
1062.9937078756725,190.96648615993647,NO
1062.0222789848874,191.12766608931338,NO
1061.0735262391045,191.31167316578896,NO
1058.9826336723297,191.8941281733819,NO
1058.0073659453953,192.04419567237196,NO
1057.045413872915,192.20958608883694,NO
1054.967295278042,192.85223412059813,NO
1054.002791890682,193.01695076481792,NO
1053.0342194798004,193.17608775111074,NO
1052.1131749826613,193.40419638273133,NO
1050.0618382233538,194.12757616110989,NO
1049.6435266343935,194.35133535834186,NO
1048.0752688309049,195.1907883700587,NO
1045.9846191149177,195.92233414073263,NO
1045.0194113079885,196.09611424508375,NO
1044.0930434668437,196.31149336279142,NO
1042.0569177636128,197.13437286438756,NO
1040.9386485115108,197.88446797070316,NO
1039.7079990021005,198.36596670863477,NO
1038.0304053456634,199.09067146446037,NO
1037.101693499158,199.36913938694425,NO
1035.955189134307,199.75168343492302,NO
1034.9866335112788,199.94173581825729,NO
1034.0529134236758,200.15245975038653,NO
1031.9964277810031,200.98967909929658,NO
1031.1014586848512,201.24944263783004,NO
1029.0505695845666,202.13105168848284,NO
1026.9943280211187,202.9849608924211,NO
1026.115758465128,203.25850724648419,NO
1024.0208524001416,204.08175465304322,NO
1023.1151668496603,204.33172645107672,NO
1021.0486148457132,205.11749623273937,NO
1020.2957053005539,205.57748540071753,NO
1019.0472672336425,206.10587411816434,NO
1018.23914796565,206.5696900672135,NO
1016.0712641245995,207.23154675278494,NO
1013.9987804349425,207.99391430954194,NO
1013.0503344301909,208.18481870028617,NO
1011.0113840007577,209.02919698280112,NO
1010.1793978438036,209.3464706518264,NO
1009.0411245432032,210.0670897547518,NO
1008.3303518843329,210.59498860037388,NO
1006.6626333581889,211.28662102230518,NO
1005.041374597071,212.0975037287049,NO
1004.2506102951667,212.5397760312734,NO
1002.0790870024857,213.2620284679781,NO
1000.0153346326085,214.04858548372104,NO
999.1636974193387,214.34251905480102,NO
997.1647099852738,215.32513066125264,NO
995.0787358103805,216.222369027573,NO
993.0039303878639,217.02050284717907,NO
992.0545944563183,217.20858997707361,NO
989.9886238222093,217.9574890183852,NO
989.077702376439,218.18900020463744,NO
988.726301895262,218.42627131571868,NO
987.0667779025985,219.15604224183778,NO
986.6915952550922,219.3611616149348,NO
985.0484853433985,220.12664477087134,NO
983.0154250038751,221.03508921095616,NO
982.1541597472789,221.35527382894048,NO
980.0477736982175,222.15595278214283,NO
977.9989809843808,222.99743318231617,NO
977.1625789675949,223.30318780027707,NO
976.0208951319344,224.03906092228158,NO
975.2890720357593,224.46502895688977,NO
973.6713031773686,225.32788859487965,NO
972.0458062192039,226.11155446199018,NO
971.3145373867388,226.59063132085976,NO
969.6625275621144,227.38406672505957,NO
968.1276556588939,228.22989703822574,NO
966.2330697844659,229.39029499018557,NO
965.0698506920451,230.1191738273561,NO
963.0585026403008,231.1474266486421,NO
961.0038617912,232.0133169955375,NO
960.1133172734837,232.26824823462678,NO
958.0242416570912,233.08750426862082,NO
955.984381725815,233.9603601426914,NO
955.1107969472339,234.23156561046187,NO
953.1354857865035,235.26040174821142,NO
951.1895387138283,236.38547745592666,NO
950.0270196956774,237.05133189568227,NO
949.2706872983262,237.48889438525745,NO
947.6374747464009,238.3328316847067,NO
946.0377251309826,239.1111176606926,NO
943.9902957179453,239.97243296968603,NO
943.0999585510108,240.23251813915869,NO
941.0584005383892,241.14553289330607,NO
939.9354372823925,241.8750077121359,NO
939.0930053515738,242.15718672614383,NO
937.1359249240685,243.37272494292034,NO
935.0023648490336,244.0096030104875,NO
934.0919199334586,244.23761436053763,NO
932.0811658931507,245.15481981661173,NO
930.1422566774711,246.26870705643856,NO
928.0777645118802,247.22834037679783,NO
925.984843216537,247.92346574302516,NO
925.0319199338535,248.11436994382782,NO
922.9931169640099,248.98356210716963,NO
922.1461998649044,249.28164975462363,NO
920.1611213946609,250.36377832707615,NO
918.0416424767398,251.14440052956425,NO
916.0017489729685,252.00436539916808,NO
915.1634872005734,252.31465124973224,NO
914.0268544380921,253.04647264728587,NO
913.3216633211135,253.52804376863054,NO
912.074408643729,254.14664355621474,NO
910.1786240577044,255.31688594404142,NO
908.0905663692045,256.2442873256066,NO
906.0441115791921,257.13148643535345,NO
905.2671654491716,257.52903300296987,NO
904.0806577446949,258.1286953550716,NO
902.2234447500961,259.3424153419172,NO
901.108999753778,260.1521883276743,NO
899.1994816347641,261.3894641465471,NO
897.0590390716047,262.2146459190253,NO
895.0419877949273,263.08199414150164,NO
894.5132074444341,263.5801944966058,NO
893.5092199444744,264.4615092510334,NO
892.2421871968792,265.4155059708644,NO
890.0705997159963,266.2372449687028,NO
888.0385606344715,267.0818194636987,NO
887.3537967411885,267.55571975262626,NO
886.1524801202503,268.22118658310274,NO
885.0574486165307,269.0829813329835,NO
883.1223878232473,270.23282148665004,NO
881.1560553485577,271.3234897408642,NO
879.1323938725735,272.28661865882594,NO
877.1339143026742,273.2746609641056,NO
875.1657209131654,274.31067581615594,NO
873.1918367746774,275.3677699916376,NO
872.0366419122539,276.06490853154764,NO
871.3868369687077,276.56200841549355,NO
870.1546703698716,277.2532514808475,NO
868.2411177157973,278.41055177485254,NO
867.0838287627481,279.1332188561626,NO
865.1299001607708,280.2523060749914,NO
863.1378962407971,281.30876766106655,NO
861.0902401405172,282.2064332482934,NO
859.0525686038307,283.1275125669394,NO
857.9239374786745,283.8208217881219,NO
857.0415510216499,284.08810355715406,NO
856.3777191073939,284.5803976045026,NO
855.1614415365524,285.23441311765646,NO
854.0792945895809,286.1019501844045,NO
853.0139416322257,287.0198562633342,NO
852.2490252801615,287.47023735318663,NO
851.0281559286832,288.072620355504,NO
848.9981342372843,288.9959616603194,NO
848.1585707489913,289.3148095883347,NO
846.215866831606,290.3948518920444,NO
845.0739104703454,291.1087402649564,NO
844.020983667174,292.0248163001736,NO
842.9727124681848,292.9611747865108,NO
842.1717025585972,293.3100185094585,NO
841.0200510249492,294.0424869737436,NO
838.9969738814665,294.9929390569077,NO
838.1527143163587,295.2988208034521,NO
837.0243984870614,296.04016501616655,NO
836.3261434706117,296.5169066532884,NO
835.1028076500592,297.1776922333105,NO
833.2195979958406,298.39739300609244,NO
832.0461200294762,299.0852521755234,NO
830.948811816737,299.9167237069865,NO
830.1358343385835,300.2221963892262,NO
829.0263880233815,301.0441822446582,NO
828.3187375359347,301.52021115047853,NO
827.1015957983178,302.17599786441167,NO
825.1109039938926,303.2541799709034,NO
823.0690592207318,304.1483129022687,NO
821.9803424230821,304.9738952421112,NO
821.2807469174269,305.3842426213572,NO
820.1278883619361,306.1927259795277,NO
818.227172715638,307.41278250525255,NO
817.0609237085418,308.1032419779926,NO
815.2316933477213,309.31986814707,NO
814.1120051992481,310.1661804661517,NO
813.0080007095825,311.01345784150806,NO
812.2716428183252,311.41767403160577,NO
811.0998135092765,312.16296084193243,NO
809.1196439753139,313.26410770433995,NO
807.0220879595078,314.1002453541008,NO
806.109332677407,314.3332400130547,NO
804.2002132345724,315.2782490958794,NO
803.1169273318035,316.1528097890461,NO
802.0168879446802,317.0300001292917,NO
801.2740308217118,317.45359134670605,NO
800.1223032505363,318.17076302031063,NO
799.0484742993058,319.0637648529132,NO
797.1839056057963,320.30404079677896,NO
796.0605099933663,321.0929622858147,NO
794.2443605928387,322.3374980423964,NO
793.174127631014,323.20193968473507,NO
792.1262426327518,324.1495091962785,NO
791.0579824807978,325.07810698348595,NO
789.2206579359195,326.3237253385725,NO
788.111947171524,327.15622478542406,NO
786.1794173638046,328.36882878682684,NO
784.2395628085222,329.39115684076245,NO
783.1195953714745,330.1494942171959,NO
782.0626610107306,331.07842478931053,NO
780.142372388744,332.3327180902453,NO
779.0086178541607,333.0144156056833,NO
778.3546147371972,333.44781941590423,NO
777.2858852446855,334.30185091154635,NO
776.211972470124,335.26447581198363,NO
775.0729256796576,336.1267693844499,NO
773.0850271918299,337.16239428052035,NO
771.986987017922,337.98033908101337,NO
771.3160802458459,338.37628602927657,NO
770.343214178539,339.3346184794087,NO
769.3100165893077,340.3481724857723,NO
768.1679983787177,341.23683340961776,NO
767.0294391211858,342.0560745149265,NO
766.2378010755878,342.4756021511755,NO
765.0487571417257,343.0903441188799,NO
763.9478282751767,343.9086479316314,NO
763.104207862516,344.1955050079879,NO
761.1793628643817,345.3145107070156,NO
760.0585734703693,346.08607570985663,NO
758.9852467439019,346.97864459659564,NO
758.2542045492845,347.3668199080682,NO
757.1670416735647,348.19908519891527,NO
756.123386774898,349.142433064633,NO
755.0543201999036,350.07363404851577,NO
753.1953254068054,351.31007380300434,NO
752.0858088049238,352.11731203656166,NO
751.0338216064494,353.0408481127982,NO
749.9901480873154,353.98687441108905,NO
749.2282391841802,354.38453903203225,NO
748.0490129677474,355.09496262481156,NO
746.9431854961125,355.9005184808239,NO
746.1193096750271,356.1925057864767,NO
745.0410909109739,357.05497111861973,NO
743.9821208553072,357.97578988143425,NO
743.2876810241803,358.3666074142368,NO
742.2177499381398,359.2483650338514,NO
741.1349027495995,360.179462277461,NO
739.5516625761469,361.34490502470385,NO
738.9846834097254,361.9823303631993,NO
738.4138011705334,362.4138011705333,NO
737.5039925054864,363.4625190834861,NO
737.0031924184129,364.0027477034863,NO
736.0178990973011,365.0189594108363,NO
734.1787206571057,366.2797533420818,NO
733.0718818785924,367.10385826622274,NO
731.248040221163,368.3715234534512,NO
730.0929606229745,369.1469950869856,NO
729.0093925602533,370.01307710100065,NO
728.3793080644115,370.4774452441252,NO
727.2762271567115,371.3076836297228,NO
726.25427646088,372.2662625648807,NO
725.2304882484901,373.2427809617274,NO
724.2447830596885,374.23303346960034,NO
723.3104636389291,375.27376346964047,NO
722.2520495296313,376.3095262420424,NO
721.105591942668,377.16748346774364,NO
719.2147515644489,378.3737503250728,NO
718.0723607840093,379.11137749401536,NO
717.0014812665548,380.00194550842804,NO
716.4354287720463,380.4503010754539,NO
715.985172737791,380.9873389364909,NO
715.039859656072,382.03253952011687,NO
714.063055908078,383.06305590807807,NO
713.0397662592729,384.0450920979524,NO
712.0149242150259,385.0164592760985,NO
710.9996619668266,385.99965170928033,NO
710.5176907661008,386.53406041917384,NO
709.4401943946435,387.46712791215293,NO
708.4413145010817,388.4579993478796,NO
707.3241350933881,389.40748409346105,NO
706.1764396828763,390.2449397992855,NO
705.0794083118379,391.10583187702167,NO
704.0408277179783,392.04294253552786,NO
703.0593499932546,393.05157148592536,NO
702.085851076406,394.0820301620561,NO
701.0586967813175,395.06946521544114,NO
700.0200362102006,396.023114319229,NO
699.0009400404987,397.0009827696233,NO
698.5690395796906,397.57125807941264,NO
698.0026987774002,398.00256593599045,NO
697.0038295230994,399.0042206234147,NO
696.3602606005763,399.52949932918733,NO
695.1430249363701,400.2256879953872,NO
694.0660268638554,401.08466710541444,NO
693.0158305212283,402.0197380550923,NO
692.5014592849955,402.58754667479474,NO
691.3252019972707,403.42303817209347,NO
690.1627053416281,404.22462815411444,NO
689.0833248055415,405.10208668228586,NO
688.046475921864,406.05239103752245,NO
687.0270159661975,407.0281771109698,NO
686.0252116101996,408.02535445232854,NO
685.018550923171,409.0192449147432,NO
684.0111124037124,410.0115543742441,NO
683.5455045894836,410.58142261647873,NO
682.395229814833,411.4578404814244,NO
681.263416735046,412.3379393559901,NO
680.1437393017502,413.19557094711257,NO
679.0757916510098,414.09222544042956,NO
678.0528473842145,415.05406401411074,NO
677.062700130014,416.05988214792006,NO
676.0678317843896,417.06763517166365,NO
675.063419913506,418.06624275746105,NO
674.0286667139989,419.03615292425326,NO
672.9706583456591,419.95756372328935,NO
672.2172586817787,420.2887514890242,NO
671.10506661049,421.14564880321416,NO
670.041419364805,422.05182064154843,NO
669.0454087087201,423.0400665093928,NO
668.1289412677859,424.09585316695694,NO
667.2369236085133,425.1892585121839,NO
666.2765410353325,426.2682170540709,NO
665.2327840275126,427.25549465479605,NO
664.1856395524125,428.2042656008433,NO
663.1617097383395,429.17052083846943,NO
662.1492498974463,430.1568914873632,NO
661.1231449719999,431.13457282935036,NO
660.1101451549919,432.1101451549918,NO
659.1499620882151,433.1239546780528,NO
658.3049899730269,434.2073246369293,NO
657.9553764520655,434.9685943278466,NO
657.0424246596053,436.0318184954942,NO
656.1178298684183,437.0967260071839,NO
655.1148604166027,438.1283734164547,NO
654.0491109300525,439.0662997538496,NO
652.2521094211576,440.3523202736457,NO
651.16366715561,441.1919832756715,NO
650.134628174431,442.134628174431,NO
649.1124444303196,443.12339035060467,NO
648.0614047650479,444.07651978206735,NO
647.0445576729244,445.0440646402914,NO
646.0939960494209,446.0764195570123,NO
645.164811642321,447.13912041421145,NO
644.1977829667162,448.18714274243655,NO
643.1790146155993,449.18659504393094,NO
642.1632669721643,450.1632669721642,NO
641.19228069904,451.1712633190097,NO
640.2486638696241,452.2218846845814,NO
639.2851661460148,453.2720765471896,NO
638.2657586276973,454.2861303738161,NO
637.2208382540083,455.2436835757595,NO
636.2115549038311,456.2115549038312,NO
635.2529185381173,457.22894521812526,NO
634.3096525812208,458.2783337294436,NO
633.4213214828989,459.35531446722246,NO
632.5334156903231,460.4827996339089,NO
632.0069000464384,461.0058694061752,NO
631.0469015002776,462.0404237371368,NO
630.0875728964935,463.0765211701635,NO
629.0875373726057,464.09435165574257,NO
627.531446755058,465.3535700280534,NO
626.980070788336,465.97567421418233,NO
626.3310289390562,466.37727563787035,NO
625.3029325016221,467.32206509842615,NO
624.388353811615,468.3585325757475,NO
623.5636243434448,469.4653411085868,NO
623.0264325259691,470.01946631858846,NO
622.1131443512508,471.08729147794895,NO
621.2057084843512,472.1645070813324,NO
620.2522262935921,473.2336326857258,NO
619.260017894929,474.2540306325017,NO
618.2245345384175,475.24599176488033,NO
617.1867647206105,476.1995818996522,NO
616.2309124817913,477.1964479303822,NO
615.4670294511996,478.32166743028125,NO
615.0296716177621,479.0182145998807,NO
614.1592958577356,480.1207993566975,NO
613.199601738171,481.1943577001428,NO
612.2112893335793,482.2063674450883,NO
611.1890357371991,483.20408010635185,NO
610.1705294515891,484.1705294515891,NO
609.2142576702355,485.187517231353,NO
608.2636370678616,486.250344442045,NO
607.1892679796995,487.2321078686533,NO
606.1221339099827,488.136950151537,NO
605.1672054973641,489.1247835947515,NO
604.4714200015843,490.2750510396486,NO
604.0242790332863,491.01586304096185,NO
603.1138235975171,492.08918902656427,NO
602.1875908845502,493.1552659042433,NO
601.2744278637441,494.2258784063041,NO
600.4302426505783,495.34308741047516,NO
599.9899316925064,495.9918518097336,NO
599.0331597247377,497.0291561866701,NO
598.058094588425,498.05328675808425,NO
597.0976526675342,499.0841086108792,NO
596.1498996189727,500.12979646345445,NO
595.1903268771271,501.1767321090357,NO
594.162940012142,502.18392889759406,NO
593.1174282280733,503.1287194002547,NO
592.1207654531705,504.1144093813847,NO
591.1569516217062,505.1358451101903,NO
590.2235653516249,506.18932264570464,NO
589.3184946439083,507.25819945568884,NO
588.4436655916173,508.38520963076627,NO
587.4601403814822,509.46014038148223,NO
586.9921199797312,509.9928867935935,NO
586.0346841915339,511.0280481867757,NO
585.1104753406003,512.084619409645,NO
584.2082843188123,513.1633308706384,NO
583.3151242520655,514.2471187144583,NO
582.573959275754,515.4252256503312,NO
582.0304150005028,516.022893404211,NO
581.0857635794918,517.0778800228951,NO
580.077086352017,518.0822964870233,NO
579.0975272355478,519.0828981502157,NO
578.2165952132225,520.1494064866571,NO
577.4677460881993,521.3202650871128,NO
577.0068637894218,522.0050667249488,NO
576.0621791059714,523.0538885578546,NO
575.086012050625,524.0839792657705,NO
574.0767595772109,525.0805211538735,NO
573.0646108604494,526.0671522864361,NO
572.0636690991138,527.0621862659374,NO
571.0791365701779,528.0739062813078,NO
570.1344096024441,529.1062904346076,NO
569.2800423609808,530.1980589482982,NO
568.4452171302115,531.3517945156226,NO
567.9832603434577,531.985615671276,NO
567.029962994208,533.0233288506274,NO
566.186637103324,534.1043826661469,NO
565.9033703834783,534.9493125916819,NO
565.0813549768615,536.0513668191352,NO
564.2018800436566,537.1579176219763,NO
563.2511967881926,538.2388630691689,NO
562.2239132340524,539.235317996786,NO
561.2572366129635,540.2141071216863,NO
560.5199604420578,541.3557624116767,NO
560.0350030733209,542.0226675338412,NO
559.150247691765,543.1161994607774,NO
558.162827910893,544.1723130343854,NO
557.1582453605033,545.1634083451409,NO
556.1835743094185,546.1758260460142,NO
555.1945771580898,547.1959008027103,NO
554.1890829664907,548.1871921442795,NO
553.2050574197375,549.188105143195,NO
552.3448111519618,550.2386361270659,NO
551.1771827433139,552.1024202715821,NO
550.393026144546,553.2814043823968,NO
549.5018877315142,554.4724190829111,NO
548.999951772603,554.9999567190042,NO
548.0637784443999,556.0450617135492,NO
547.2452727810291,557.1510880314656,NO
546.5552423376377,558.383982541773,NO
546.0448188331694,559.0287627388524,NO
545.1894899585284,560.1306293142076,NO
544.4412661626632,561.2837187964884,NO
544.0203532436782,562.0120884488922,NO
543.2119377053408,563.1246369397185,NO
542.5942527837096,564.3689436593496,NO
542.0460221432857,565.0317490956411,NO
541.0904465783126,566.088528017319,NO
540.0839826368025,567.0860435631309,NO
539.0927517567013,568.0813679996234,NO
538.2233084644475,569.1406441390972,NO
537.9219204907166,569.9525882891788,NO
537.0582055448438,571.0418744919862,NO
536.0851941808749,572.0877680171182,NO
535.0421888590715,573.0521791807397,NO
534.0751715166509,574.0526385344874,NO
533.2009403433613,575.1505653233762,NO
532.300324100276,576.2498808625595,NO
531.3965519405613,577.3352429117266,NO
530.9914053806524,577.9939572272937,NO
530.1259609999696,579.0818746513233,NO
529.273046287736,580.2091853853808,NO
528.3708918520936,581.3315163669475,NO
527.4747359737665,582.3958871068442,NO
527.0115704218034,583.0080950572285,NO
526.1506887306011,584.0955397615822,NO
525.468061946941,585.2698239574386,NO
525.0419588504388,586.0229659301305,NO
524.2226358433154,587.1481184849939,NO
523.4794948510466,588.3234151316346,NO
523.0341674942902,589.0201663805352,NO
522.2166781689095,590.1384654576023,NO
521.5102550931182,591.3343050660236,NO
521.0277113007513,592.0181012069521,NO
520.126017066364,593.1003629760854,NO
519.1347012062324,594.1474878998409,NO
518.074309144922,595.0904952998619,NO
517.053428564018,596.0514857052148,NO
516.1322589149836,597.0867849092405,NO
515.3428160277812,598.2280737454957,NO
514.3196984991916,599.3986828324943,NO
513.194496958991,600.2619832481219,NO
512.1884612961975,601.1841850138055,NO
511.36686700042947,602.2378945640094,NO
510.14387704434546,604.0981412960433,NO
509.40407703406635,605.2384812325431,NO
508.2147729466898,607.1367779733869,NO
507.4707315634003,608.3289898722593,NO
506.98833460798255,608.9901857911536,NO
506.04279124496907,610.0333298624498,NO
505.1251885668854,611.0964567700543,NO
504.2616778351697,612.1808223225985,NO
503.5477382696169,613.3809590139139,NO
503.0424966418068,614.0276549747508,NO
502.18193046004103,615.124251062035,NO
501.3803874659423,616.2636068059735,NO
500.9782479168758,616.983771421174,NO
500.0523864881811,618.0394853388361,NO
499.18998354728996,619.1240961618654,NO
498.2406232023261,620.2494903824016,NO
497.1082956873285,621.1585828937536,NO
496.04699356742486,622.0541053538846,NO
495.08171759272517,623.0613652892558,NO
494.33955655701993,624.179296495409,NO
493.16765632425717,626.1271393770336,NO
492.1976800330097,627.1882816171031,NO
491.24716321717676,628.2121262157256,NO
490.42391467494883,629.3096304759524,NO
490.0015076853374,630.0010039410148,NO
489.1156004584188,631.0825717596424,NO
488.2353348277507,632.1792866513186,NO
487.401724925538,633.3031886247456,NO
486.98844277053433,633.9917725847866,NO
486.0877358397087,635.061886077949,NO
485.22767472523384,636.1617275513881,NO
484.402201869246,637.3035485822631,NO
483.9799173810971,637.9842810123253,NO
483.0267233485043,639.0234969060691,NO
482.0816362778953,640.062854597392,NO
481.25241218598507,641.1506491639896,NO
480.93302776846787,641.9574242334494,NO
480.03279485784634,643.0259204735314,NO
479.10523703509966,644.0797331619178,NO
478.23434070170606,645.1623802670748,NO
477.5006503437875,646.3553758143244,NO
477.0219894320042,647.0156700396207,NO
476.1053556422866,648.0833368740022,NO
475.14850933917353,649.1383131732775,NO
474.14611475372294,650.1488501248109,NO
473.13610785012816,651.1344802593883,NO
472.18897403112527,652.1466968195074,NO
471.5086200438834,653.308120527262,NO
471.0363372702634,654.0219895082666,NO
470.19018570058824,655.1287447054397,NO
469.26142917140646,656.2433995631003,NO
468.3558653969799,657.3015520707525,NO
467.9693677996898,657.9764339670852,NO
467.3623830533799,658.5868242069968,NO
466.4029376584469,660.2151504651968,NO
465.12579718721247,662.0937639489541,NO
464.22575436897665,663.1803363381963,NO
463.3130767924363,664.2652940012289,NO
462.399073420066,665.3470203597927,NO
461.5132790527464,666.4530007137073,NO
461.011409462819,667.0089049460013,NO
460.0909712582684,668.0705709252027,NO
459.1261837977181,669.123124792358,NO
458.12391382694096,670.1246822850261,NO
457.1593553608253,671.1376035849191,NO
456.33681151762295,672.2158303673386,NO
455.1776393818873,674.1059680451323,NO
454.33824542420354,675.264222091755,NO
453.3418623869235,676.3502442757836,NO
452.3068489348634,677.3262971122438,NO
451.35633279152574,678.3185756760523,NO
450.585706115872,679.4704177532957,NO
450.0403269336777,680.0288049538929,NO
449.2030097157603,681.1208934210174,NO
448.44940474215184,682.3393755770871,NO
447.50270926534256,683.539122813384,NO
446.5585227331731,684.5060300053946,NO
446.0172774936678,685.0131968789929,NO
445.0933048017358,686.0710777383056,NO
444.1783185301461,687.1427042859815,NO
443.2559009530461,688.2048686745524,NO
442.49464054351796,689.3608698518373,NO
442.03627190034825,690.0220193658104,NO
441.24144842881367,691.1385652362186,NO
440.5287531436508,692.3939729344165,NO
440.0235047245331,693.0179234319143,NO
439.09033276434343,694.0721936513006,NO
438.20357981928055,695.1451734727318,NO
437.48804195924015,696.311928956441,NO
437.03505834582216,697.0207438641685,NO
436.1824755283612,698.127342547796,NO
435.33992028501024,699.259509035615,NO
434.532055135916,700.4289579728853,NO
434.0218029931498,701.0160568842847,NO
433.10235773981594,702.0818017179391,NO
432.21719644128024,703.1552288310603,NO
431.5481093950677,704.3329319873516,NO
431.0728678942257,705.0367201828991,NO
430.3507848843345,706.2024311134982,NO
429.0421690749672,708.0353018479168,NO
428.0838678008314,709.0719810229538,NO
427.1358894519991,710.1111822751028,NO
426.27603104651814,711.1934094974417,NO
425.4988219313222,712.4172428795483,NO
424.54915296136824,713.5491529613682,NO
424.01083390722005,714.009239067664,NO
423.0894776936109,715.0619288665484,NO
422.3698308751528,716.1935794826683,NO
421.3797790039659,718.1883943121379,NO
420.131717247419,720.1014870651734,NO
419.2119872666893,721.1732167461718,NO
418.3264528983332,722.2553542531609,NO
417.5727606729224,723.4353755074555,NO
417.0342068511386,724.0242247802283,NO
416.1388254522562,725.103200933894,NO
415.243395900026,726.1943561228857,NO
414.37556442626015,727.2928930097106,NO
413.9784022697851,727.9843656285344,NO
413.09512024935924,729.0602618102539,NO
412.33804556135993,730.197155137992,NO
411.09024888643205,732.0702452660446,NO
410.1525160832847,733.1262721348081,NO
409.3425813607527,734.2207529854813,NO
408.1610677063581,736.117908677538,NO
407.22176685380543,737.1990942044421,NO
406.24690419831677,738.2277581422472,NO
405.3313447132341,739.259180672675,NO
404.16728271908704,741.0876978680918,NO
403.5133466146205,742.3268175966703,NO
403.03156895348855,743.0209083309247,NO
402.1288400536121,744.0999713306088,NO
401.2729548764796,745.1856093160061,NO
400.61073414426903,746.4068261540618,NO
400.0540076587659,747.0360478687875,NO
399.1489335570999,748.1236833269284,NO
398.1902102915827,749.1758547970043,NO
397.28527272083886,750.2155680801935,NO
396.08059407203524,752.046314240704,NO
395.2666477099822,753.1768068259356,NO
394.41655915904164,754.3417921346132,NO
393.98505314422727,754.9877024068954,NO
393.0924285094932,756.0535772058586,NO
392.36813554106135,757.2147042342627,NO
391.07704733644283,759.058548103027,NO
390.19926668843596,760.1388665061346,NO
389.5378447400059,761.3316159412464,NO
389.093996545819,762.0388707517797,NO
388.3114375812866,763.6221952852381,NO
387.1529828624342,765.1447010788288,NO
386.13944260356425,766.1433340192381,NO
385.18206187801877,767.1511506568869,NO
384.3489142803262,768.2446997802765,NO
383.11448986250275,770.0674023781042,NO
382.3764663959557,771.229017077895,NO
381.9837623840525,771.9882973866634,NO
381.05517123336483,773.0442504514633,NO
380.14285663994497,774.1056563927123,NO
379.3234644414346,775.2142547002278,NO
378.1545240086793,777.0836548440046,NO
377.8780219860778,777.9405185851606,NO
377.090540149604,779.053641575748,NO
376.2474437320478,780.1763472270497,NO
375.4172910304896,781.3160897568805,NO
374.9891537253552,781.9917305369526,NO
374.05845647008925,783.0458132116001,NO
373.1430942299844,784.1108202606314,NO
372.2776861422339,785.2037988974636,NO
371.44913982135427,786.3545840856466,NO
370.99448799037447,786.9956977782697,NO
370.076824842531,788.0555115214577,NO
369.28996263904264,789.1615997286685,NO
368.26001114128997,791.138317943042,NO
367.05724809274466,793.039794404868,NO
366.1051264107579,794.1025623540941,NO
365.11731893901776,795.1034968823078,NO
364.24896483644744,796.1615267727292,NO
363.5915937512817,797.407929043893,NO
363.034922337276,798.0260545116547,NO
362.11819772584124,799.0883467664737,NO
361.232401996604,800.1696754253892,NO
360.5933166740172,801.382725881695,NO
360.0831806299909,802.0416343259079,NO
359.38717102697746,803.2221980116649,NO
358.987765104943,803.990902257009,NO
358.05968876433406,805.0451196526126,NO
357.1845811024703,806.1235347465097,NO
356.48969760354873,807.3064275283202,NO
356.03748990020864,808.0224767814116,NO
355.1972604039733,809.1304632305886,NO
354.43042980801454,810.2948510006512,NO
354.0090265843537,811.0057441899853,NO
353.1721777901964,812.0997704982536,NO
352.54405851347894,813.3247988335896,NO
352.0422462071973,814.0291615499874,NO
351.1363077284273,815.1081323924335,NO
350.16311557095315,816.1657592611864,NO
349.1139124792528,817.1349065909665,NO
348.10319841322377,818.0961131474264,NO
347.2458434011648,819.1490857534098,NO
346.10509569733756,821.0637506275219,NO
345.35115725049445,822.2108865058144,NO
344.0825150428126,824.0617565420556,NO
343.1771217300037,825.1339922178358,NO
342.4011990546535,826.2635442368088,NO
341.2985392114875,828.1537033603726,NO
340.02108323658973,830.0187046152843,NO
339.03469627096115,831.0335555713817,NO
338.0680997134722,832.0551705086998,NO
337.2385466016152,833.1371794750311,NO
336.1080784452613,835.0705325830212,NO
335.29384464802985,836.191494254673,NO
334.9451486961213,836.9611607766103,NO
334.0629888154652,838.0407750072587,NO
333.204900578483,839.147174063644,NO
332.4158394702457,840.2837866239674,NO
332.0224239040953,841.011961108234,NO
331.24617281087274,842.1400421902988,NO
330.38446676575575,843.3329532708096,NO
329.3432963849216,844.350460810111,NO
328.44908623958185,845.392472278359,NO
328.0240819942598,846.0156282678793,NO
327.2778183362677,847.1334617438322,NO
326.1703538082737,849.0929950748921,NO
325.1744580845017,851.0813597993016,NO
324.366168398683,852.6425035057806,NO
323.31024559510666,854.2229309759521,NO
322.4812195992391,855.3759021727705,NO
322.0038203761688,856.0029000347986,NO
321.05944191445434,857.0512768121243,NO
320.1264817595731,858.0974134474525,NO
319.2582760553672,859.1888550395554,NO
318.42116517482776,860.3344546920003,NO
317.9771233424673,860.980749076324,NO
317.37154360211537,861.5329622073718,NO
316.47745741863673,863.2076169646825,NO
315.4990803882196,865.2654388620438,NO
315.02090478036206,866.0150154246185,NO
314.11912749158495,867.0850032325295,NO
313.34609319714764,868.2135889428632,NO
312.15769470260244,870.0775901052201,NO
311.33891984159715,871.6322805163426,NO
310.40343960153575,873.2462553518076,NO
310.00275709844675,874.0016670086145,NO
309.15643346551656,875.0986253374421,NO
308.4440960765567,876.271856213485,NO
308.0284677970846,877.0162310819137,NO
307.2695665307897,878.142196346581,NO
306.1306731993878,880.0804387368256,NO
305.3641375862124,881.2318186211592,NO
304.15179701523783,883.093355170532,NO
303.58277414714877,884.3003200987051,NO
303.10353566826615,885.0470824435705,NO
302.4312649515595,886.2532825976963,NO
302.00977957336517,887.0060594555666,NO
301.1383151698141,888.0965867921894,NO
300.32343050788955,889.2142322235021,NO
299.0884027298889,891.0639219763206,NO
298.19218394056065,892.1460380830282,NO
297.3450325421679,893.2542070282689,NO
296.5962828197681,894.464234050116,NO
296.04824561249006,895.032876352497,NO
295.2045169697091,896.1299988162453,NO
294.9007294827599,896.940201329933,NO
294.12832231639237,898.0547970982817,NO
293.8889956694458,898.967391081297,NO
293.14813723472116,901.040292129172,NO
292.191761615934,903.1148610514122,NO
291.4295006837993,904.3216000246512,NO
290.98411559882857,904.988096652154,NO
290.2203820618663,906.0842271915393,NO
289.2874953709848,908.1444700340807,NO
288.05558463414036,910.0462230127729,NO
287.14046228834934,911.0990628694975,NO
286.59326817776423,912.2760752887119,NO
286.1434968379802,913.0518772920892,NO
285.2796592702089,915.1184203105581,NO
284.32499775815256,917.158758498069,NO
283.3608954404916,919.1705126921803,NO
282.51793867814604,921.2285023540359,NO
282.09903755952223,922.0410643521558,NO
281.58657220734943,923.2953780180632,NO
281.08064550720763,924.0440378853849,NO
280.30760750502225,925.1888073670804,NO
279.147106756402,927.0904706611576,NO
278.49081683053686,928.2772935970643,NO
278.0906708806709,929.034768532515,NO
277.3476032536015,930.7172947389894,NO
277.1839981626366,931.0710722528733,NO
276.29775693219744,933.1350763782501,NO
276.0172366825344,934.0058420234569,NO
275.1927700504173,936.0620922465098,NO
274.3723509001503,938.1731864674631,NO
273.37568034191474,940.1885945540342,NO
272.50755475031207,942.2271911807361,NO
272.12036843822807,943.0413965526491,NO
271.3717947569817,945.132364355866,NO
271.11494503605616,946.0265440082394,NO
270.9417986966653,946.9893029220774,NO
270.16523563112827,949.0617897934198,NO
269.2341104486262,951.1078609660718,NO
268.27213294974706,953.1249988687911,NO
267.9906515572125,953.9965478283159,NO
267.08539031015164,956.0353972117291,NO
266.24496130140506,958.1004288268307,NO
265.98429232279744,958.9940472888159,NO
265.2085884510766,961.0727430328069,NO
264.9890789428278,961.9970747167566,NO
264.37153371811013,964.1244030538658,NO
264.05350882772007,965.0224217156442,NO
263.2624617541755,967.0980147662614,NO
262.9765036979942,967.9882518489972,NO
262.27536715778655,970.0739711773467,NO
261.9906615228867,970.9953307614434,NO
261.6938375176483,971.9291624053647,NO
261.5000000004902,973.0,NO
261.33822452540795,974.0656553514054,NO
261.02801297699807,975.014006488499,NO
260.7542079640621,975.9248165496577,NO
260.5000000004902,977.0,NO
260.35366040154264,978.0624106590958,NO
260.03685645207963,979.0184282260399,NO
259.7675263369922,979.9247879351263,NO
259.5000000004902,981.0,NO
259.3971866710682,982.0506218296904,NO
259.06718850560935,983.0325403158719,NO
258.8119278413221,983.9299338968605,NO
258.51070585374947,984.992324797209,NO
258.4768776825547,986.0158959216853,NO
258.18985660483656,987.0670082155895,NO
257.9363080067825,987.970277068575,NO
257.6193681530822,988.94402472772,NO
257.5000000004902,990.0,NO
257.5000000004902,991.0,NO
257.5000000004902,992.0,NO
257.3171483827962,993.0696482689228,NO
257.02266099586,994.0107528648575,NO
256.75261781202283,994.9306359790976,NO
256.486966263039,996.0227283162274,NO
256.18991238370427,997.0670279022493,NO
255.9363080067825,997.970277068575,NO
255.619369931267,998.9440249892177,NO
255.5000000004902,1000.0,NO
255.32765329065006,1001.0681004854357,NO
255.03202393516545,1002.014881710837,NO
254.76858385075548,1002.9323901837637,NO
254.52373266102688,1003.983190565572,NO
254.5000000004902,1005.0,NO
254.251836408484,1006.0750571272014,NO
253.97591801816546,1006.9879590090827,NO
253.66859064033332,1007.9330683069387,NO
253.5000000004902,1009.0,NO
253.4639796951005,1010.023653867705,NO
253.18620819026717,1011.0635298512874,NO
252.9357219470062,1011.97113789484,NO
252.62901260552286,1012.941078471259,NO
252.5000000004902,1014.0,NO
252.5000000004902,1015.0,NO
252.54047529509089,1016.0288329228762,NO
252.67614252981224,1017.0514361876488,NO
252.8654599307749,1018.030865074632,NO
253.06472780989773,1018.9831200029703,NO
253.26864516061943,1019.9441639489967,NO
253.44514486109856,1020.9642138460266,NO
253.5000000004902,1022.0,NO
253.5000000004902,1023.0,NO
253.5000000004902,1024.0,NO
253.5000000004902,1025.0,NO
253.5000000004902,1026.0,NO
253.53429575806854,1027.0246549301894,NO
253.69425771147476,1028.0575514914046,NO
253.9222597261566,1029.0234745136354,NO
254.14333707774608,1029.9553125582725,NO
254.3886555906015,1030.943606835621,NO
254.5000000004902,1032.0,NO
254.5000000004902,1033.0,NO
254.5000000004902,1034.0,NO
254.5000000004902,1035.0,NO
254.5000000004902,1036.0,NO
255.12241791199395,1037.933798168977,NO
256.1712984024739,1039.8407932519253,NO
257.13517789853444,1040.9096357094886,NO
258.2852761858095,1042.791543290055,NO
259.14166010648705,1043.8727519687723,NO
260.08503840355473,1044.9558340753965,NO
260.0265394511352,1048.0242605715027,NO
259.0980808724439,1049.0714659620064,NO
258.3377337170286,1050.195725011125,NO
257.9985310177622,1050.9992644428105,NO
257.1168873340178,1053.0367549400528,NO
256.90865262413183,1053.9785665388024,NO
256.719789718138,1054.956950932038,NO
256.5848798578009,1055.964053841967,NO
