X,Y,is_wing_root
107.0604314782081,1028.129261903358,NO
105.93856148937621,1028.8705695431984,NO
105.07316745292478,1029.1344341704985,NO
103.21715090460721,1030.2927338144752,NO
102.11441528596669,1031.145544980119,NO
101.08091509619584,1032.0849524406872,NO
100.10713273392922,1033.0917412652216,NO
99.2348236957384,1034.1631217950635,NO
98.37825825839603,1035.7076409495312,NO
98.14382648349628,1036.0691995359484,NO
97.25821121832303,1038.0882391124553,NO
97.01957487419241,1039.005646046978,NO
96.32796143807083,1041.0922064111578,NO
96.13629332099244,1042.0264569376614,NO
96.0246065550261,1043.0018597977594,NO
95.97488027739128,1043.99901847689,NO
95.95021530773337,1044.9977857597967,NO
95.93586782072981,1045.9981728723365,NO
95.97727725036128,1047.0015748441385,NO
96.10538942363046,1047.978504139283,NO
96.29294325491853,1048.9325316407562,NO
96.95111992285125,1051.0160585842025,NO
97.18854537664605,1051.9205353051752,NO
97.41231729570494,1052.258119454852,NO
98.17137510624174,1053.9120256541871,NO
98.98330002021642,1055.0111594543475,NO
99.38476236255121,1055.6973202790728,NO
100.22693827001974,1056.8041362722192,NO
101.18698315673231,1057.8130168432676,NO
102.23516291715892,1058.7060463535513,NO
103.56441071208215,1059.674924105169,NO
105.20692673102457,1060.5845547735437,NO
106.02182665308369,1060.9466012113273,NO
108.04730023752471,1061.804124776238,NO
109.00114881216419,1061.9951996064583,NO
111.05962734024591,1062.6510696569253,NO
112.01005390357992,1062.7745979727101,NO
113.00055383738848,1062.8039415721478,NO
114.00079628218069,1062.8118119684693,NO
114.99408251036671,1062.801904995432,NO
115.99814181986531,1062.7844511099977,NO
117.00563727204472,1062.7902341398194,NO
117.96016852542762,1062.7260569915609,NO
119.08591246214108,1062.1987716331657,NO
119.97731161869537,1061.9436557920794,NO
121.99407733796416,1060.98685655821,NO
122.8176890387285,1060.6537403372477,NO
123.96867573120004,1059.944758623607,NO
124.63380546757995,1059.4410715513613,NO
125.83545262307452,1058.7880698606766,NO
126.87877852700157,1057.8712525893716,NO
127.8741893594023,1056.878936922695,NO
128.784044631158,1055.838356769284,NO
129.66697289557055,1054.6954502767605,NO
130.80193848567086,1053.6856972603382,NO
132.2894826466573,1052.6448475669558,NO
133.88300801777035,1051.7424938311872,NO
135.8650434826758,1050.7136636783277,NO
137.81567386323476,1049.6352282787686,NO
138.97447556147364,1048.9475776086902,NO
139.77913577865138,1048.5458634793304,NO
141.81906903006302,1047.578191038995,NO
143.84679127490702,1046.642809897584,NO
145.86932341983973,1045.690856546592,NO
147.897602629201,1044.7396524493504,NO
149.9246352659261,1043.8139626617606,NO
150.25854375345287,1043.613610496553,NO
151.94838714535393,1042.8652331067751,NO
153.97107099945325,1041.9288828726071,NO
156.0056031504056,1041.0155571714545,NO
156.92981289218676,1040.7688242853872,NO
158.97715541120084,1039.934566088091,NO
159.8927278578998,1039.6463690157686,NO
161.95712274645132,1038.8576124035133,NO
164.01850920236177,1038.0528056676706,NO
164.94988675854316,1037.8265865459007,NO
167.01332620100152,1037.0404846589552,NO
167.9422167503013,1036.818640693337,NO
170.00141091836895,1036.0045669197325,NO
170.9494252594419,1035.7881092743885,NO
173.0156445330792,1035.0501668030956,NO
173.95975216539566,1034.841929871484,NO
176.04021686894777,1034.129858509457,NO
176.97623627385178,1033.9169112231962,NO
177.927876800267,1033.6876897673205,NO
180.00460597798588,1033.0158938681284,NO
180.95424756810388,1032.8150996750944,NO
182.10157855532324,1032.4332026721584,NO
183.0407527813858,1032.1522700876312,NO
183.98848658601187,1031.951177295199,NO
184.95228472711074,1031.7614236319282,NO
186.0933849713452,1031.3946836369696,NO
187.03701876283472,1031.1462544591357,NO
187.989321304173,1030.954339367254,NO
188.94956683405826,1030.7675271225573,NO
190.08912915601223,1030.4026809767172,NO
191.03771137264548,1030.1626196340887,NO
191.99319149898557,1029.9715881527216,NO
192.95316713161165,1029.7894669201548,NO
193.91293281089304,1029.5567036322093,NO
195.0470721788743,1029.2189084908248,NO
196.00510277913648,1029.020288648924,NO
196.96400915336974,1028.8337089655033,NO
197.9411108628927,1028.6275659907685,NO
199.0608036983354,1028.304018496297,NO
200.02207179864155,1028.1015302687968,NO
200.98376202207803,1027.9234495306546,NO
201.9557642649388,1027.7516766650733,NO
202.9353792470839,1027.5553706207975,NO
204.05230239759723,1027.2688230839842,NO
205.0172102167779,1027.0893292144153,NO
205.9876493914027,1026.9297779658325,NO
206.96464155346993,1026.7830475601154,NO
207.93759787661864,1026.6182934985939,NO
209.06224454713902,1026.3251321202122,NO
210.026562228214,1026.1502086250332,NO
210.99857013774982,1025.9920590136478,NO
211.96920434106036,1025.8384865873848,NO
212.9429000367113,1025.6718471992303,NO
214.0641543318822,1025.4036922480468,NO
215.039430599475,1025.216756916914,NO
216.01021589890303,1025.0556822605954,NO
216.98348268454006,1024.903310915895,NO
217.95967720814488,1024.752803757038,NO
218.94382453984522,1024.582696596049,NO
220.04970428734384,1024.3531229985551,NO
221.0307777907946,1024.1933476567538,NO
222.0072528083564,1024.0484173978236,NO
222.987727496238,1023.9132158693328,NO
223.96940765673645,1023.7823066457026,NO
224.95172590340675,1023.6383273870762,NO
226.05667229586442,1023.4100932527159,NO
227.0360028374746,1023.2449207035296,NO
228.0158893512955,1023.1025018945909,NO
228.99526038775846,1022.9684657813499,NO
229.97600974819048,1022.8369642153591,NO
230.9561831250668,1022.7006357681772,NO
231.9387654447374,1022.5382312116863,NO
233.04794520857652,1022.3287671416957,NO
234.02718393950227,1022.1934393492606,NO
235.00851091513636,1022.0726362575988,NO
235.9926966971095,1021.9486696934908,NO
236.96977282284192,1021.8125149759029,NO
237.95547283091446,1021.6626621693606,NO
239.05326837801616,1021.472031649268,NO
240.03822720410213,1021.3228833515296,NO
241.02407994678396,1021.1944306472994,NO
242.00877138635633,1021.0751617065357,NO
242.99603389029045,1020.9625090376638,NO
243.9829595085264,1020.85608661132,NO
244.96653327248157,1020.7452951975301,NO
245.9488364827011,1020.6091106977594,NO
247.05273797679754,1020.3951162883357,NO
248.0322265094384,1020.2570260611519,NO
249.0174583501965,1020.1399483850521,NO
250.00304740010964,1020.0224153215706,NO
250.98758302161625,1019.902635114915,NO
251.97518833707315,1019.7867067569587,NO
252.96034287569057,1019.6674367452681,NO
253.9476521477385,1019.5214666054188,NO
255.03614275872047,1019.3584156877371,NO
256.0248269783541,1019.256193293963,NO
257.0156506457938,1019.1656927106268,NO
258.0070154005193,1019.0816793095368,NO
259.0001859126267,1019.0024317373233,NO
259.9932396788512,1018.9226493468326,NO
260.9844629100801,1018.8370258518952,NO
261.9759030624632,1018.7463343969521,NO
262.96034659520916,1018.6460840983698,NO
263.94322977185294,1018.512632956765,NO
265.031700042129,1018.3621263771887,NO
266.02068963470197,1018.2744824782956,NO
267.01443541595114,1018.1983386572158,NO
268.0090176125689,1018.1262465778511,NO
269.0041890526248,1018.048679681443,NO
269.9962959243853,1017.9620987016472,NO
270.9882173333534,1017.8743595587132,NO
271.98047545746766,1017.7869278215013,NO
272.97138907645103,1017.6921967703686,NO
273.9561248630027,1017.5779844942505,NO
275.04260972028834,1017.4145570731515,NO
276.02651528913435,1017.3095580152824,NO
277.0171717871007,1017.2274101408216,NO
278.01052989369344,1017.154490828816,NO
279.0058371952579,1017.0858154789651,NO
280.0012235984058,1017.0169752738327,NO
280.99591959057676,1016.9450542153543,NO
281.9894357991935,1016.8688166967854,NO
282.9849262402127,1016.7925765646438,NO
283.9814217307445,1016.7224692321015,NO
284.9708438291577,1016.6468043417236,NO
285.9588395318252,1016.5462548209072,NO
287.0311196599646,1016.4177047349782,NO
288.02480336881865,1016.3277351818191,NO
289.01770312124637,1016.2515837999715,NO
290.0103842847245,1016.18802971941,NO
291.00667371394417,1016.135075972688,NO
292.00382561977847,1016.0876414715267,NO
293.00195535684776,1016.0385320306472,NO
293.99894625196373,1015.9831902107704,NO
294.9954892340084,1015.9255353846901,NO
295.99194952983703,1015.8691149421265,NO
296.9905226977763,1015.8162861417214,NO
297.98799731019506,1015.7677941134014,NO
298.9860992464985,1015.7214289013672,NO
299.980229649433,1015.6724711911734,NO
300.970084273955,1015.606244358144,NO
301.9793783589881,1015.5345400755992,NO
303.0148700999788,1015.4814835951906,NO
304.02408746831253,1015.4199978467457,NO
305.01923322114214,1015.355270259159,NO
306.0098282304285,1015.3122840948978,NO
307.007422053526,1015.2808961757336,NO
308.00848578582884,1015.2460878037126,NO
309.0084956129484,1015.2053451900978,NO
310.00599984566486,1015.1656624028664,NO
311.00400771708127,1015.13252184324,NO
312.0043599939413,1015.0938346505724,NO
313.00255502068075,1015.0377151583015,NO
313.999138803499,1014.9819515195877,NO
314.99929368596946,1014.9504571172772,NO
316.00043811402753,1014.9461119774243,NO
317.0004754845174,1014.9531172250852,NO
317.9999552952083,1014.9559657770096,NO
318.9998086621915,1014.9529308963156,NO
319.99919057962484,1014.9431093091988,NO
320.9982103010857,1014.9235098283997,NO
321.9986466915867,1014.9050750840127,NO
322.99957822802065,1014.8964549779325,NO
323.99800618339793,1014.884945052781,NO
324.9942399249971,1014.8554073398207,NO
325.9946227350143,1014.818841799048,NO
326.9991764614231,1014.7990565980883,NO
328.00041744434594,1014.7962871682774,NO
328.99762472912363,1014.7894646238902,NO
329.99254263703654,1014.7659350339922,NO
330.988568304828,1014.7292639956448,NO
331.98914534434147,1014.6909615769835,NO
332.9889522928444,1014.6568083366157,NO
333.9906005309509,1014.6263711061703,NO
334.993701770765,1014.6040513172754,NO
335.9973918849247,1014.5922646961141,NO
336.99736454389694,1014.5879903823178,NO
337.9986823619944,1014.5875793071302,NO
339.00086793186586,1014.5912040966986,NO
340.0,1014.5949834019442,NO
341.00042451303005,1014.5988352105348,NO
342.0004185907738,1014.603594525842,NO
342.99916546957525,1014.6044325823565,NO
343.99916102713144,1014.6023268639964,NO
344.9991565758915,1014.6002169762983,NO
345.9982998645573,1014.5970679015734,NO
346.999143228744,1014.5938904284471,NO
348.0,1014.5928270042194,NO
349.0,1014.5928270042194,NO
350.00086104006135,1014.5918670147337,NO
351.0017256715549,1014.5910158430115,NO
352.0008604105477,1014.5921654041783,NO
353.0008579750377,1014.5933198359105,NO
354.0017150740489,1014.5935274519327,NO
355.0017101153882,1014.5947026545057,NO
356.00212744681403,1014.5970615843397,NO
357.0029390154093,1014.6023931801814,NO
358.00082839210603,1014.6073421454048,NO
359.0012366557852,1014.6096289939554,NO
360.01202477591806,1014.6311109288232,NO
361.01482459490256,1014.6758804633602,NO
362.007379133239,1014.7139847939306,NO
363.00055910760886,1014.7288328198098,NO
364.00165043799035,1014.7331791944614,NO
365.0066623887421,1014.7509291660465,NO
366.00720393449416,1014.7802800126701,NO
367.00456221307576,1014.8062051249145,NO
368.00422022191736,1014.8283776390423,NO
369.00404564970796,1014.8536074192947,NO
370.00283469996475,1014.8793403831728,NO
371.001547277372,1014.8988080618291,NO
372.00073112513303,1014.9102543883092,NO
373.00017155546414,1014.915766268631,NO
374.0003246318109,1014.9203028895572,NO
375.0015240258963,1014.934864461614,NO
376.00130036841114,1014.9653117934946,NO
377.0000900987513,1014.9959455559497,NO
377.9999294438209,1015.011641769975,NO
379.0000176417936,1015.0174830174091,NO
379.99974537817667,1015.0252584848735,NO
380.9982198922743,1015.0490518558684,NO
381.99543841948656,1015.0906842167782,NO
382.9931072453613,1015.1375793789769,NO
383.9932119896144,1015.1786318615054,NO
384.9941282828884,1015.2097041703873,NO
385.9945891017945,1015.2350211931565,NO
386.9934763775546,1015.2601620628709,NO
387.9910681218574,1015.2872607285923,NO
388.9892770243829,1015.3153816250093,NO
389.99006632588123,1015.3428830242572,NO
390.99032188090496,1015.3707464141497,NO
391.9902203966034,1015.4009637519616,NO
392.9933677818839,1015.4284412937351,NO
393.99236558534585,1015.4552019871094,NO
394.9856181733111,1015.4969720247219,NO
396.0150469688328,1015.5514122511829,NO
397.010441529004,1015.5927803642904,NO
398.00913111367436,1015.6241025028314,NO
399.0120629944167,1015.6570663072447,NO
400.0133388003231,1015.6968454395976,NO
401.010235833866,1015.7367553347534,NO
402.0081023615322,1015.7740341385544,NO
403.00815291139685,1015.8135948071742,NO
404.0066521461063,1015.8539420143543,NO
405.0045040710606,1015.8914733358597,NO
406.0025987667181,1015.9249327689555,NO
407.00176116862866,1015.9596532276709,NO
407.99990049693855,1016.0020408281274,NO
408.9979540736848,1016.0466843179349,NO
409.99621682585354,1016.088420693781,NO
410.9947778023996,1016.1282622686047,NO
411.9936999956907,1016.1671158938163,NO
412.99199126208487,1016.2067897280195,NO
413.991112038585,1016.2478753693778,NO
414.9913452865748,1016.288490432454,NO
415.99048943020784,1016.326310918425,NO
416.9885892708098,1016.3625667166843,NO
417.98445680092345,1016.4053834419512,NO
418.97494055423687,1016.4671080627518,NO
420.0297669220425,1016.5582210637992,NO
421.02110427106686,1016.6320182640109,NO
422.0150135867499,1016.68982570066,NO
423.0137170531565,1016.7425414653095,NO
424.0135283420585,1016.802324667091,NO
425.00912842678014,1016.8644566959636,NO
426.0042969992835,1016.9190180890548,NO
427.00170179851125,1016.9690524776545,NO
427.99890246109385,1017.0196559232602,NO
428.99633325052184,1017.0693861812782,NO
429.99349120049965,1017.120474190472,NO
430.99215001141073,1017.1707808624967,NO
431.9909586729443,1017.215448208426,NO
432.9883279243916,1017.2589078645663,NO
433.98420199179174,1017.3071132864424,NO
434.9782680566904,1017.3656304258093,NO
435.9712518544385,1017.4406477981763,NO
437.0310485301424,1017.5468855330084,NO
438.0272833095617,1017.640892651167,NO
439.018486997082,1017.7193337509975,NO
440.0106989135775,1017.7788163451303,NO
441.00841605229,1017.8296590985498,NO
442.00616655786894,1017.8826027000442,NO
443.0032898559022,1017.9374927364587,NO
444.0004981002417,1017.9901844955818,NO
444.99802752037266,1018.0388694501157,NO
445.99543331962894,1018.0867669289921,NO
446.99282964821936,1018.1365072633174,NO
447.98978583642236,1018.1877549019415,NO
448.98583828234626,1018.2426694370832,NO
449.9826114863569,1018.3016007650657,NO
450.97769331986404,1018.3673166592012,NO
451.96981677654816,1018.448975435435,NO
453.0334281438739,1018.5589341800935,NO
454.027978854667,1018.6491882256247,NO
455.0191611200393,1018.7248018780099,NO
456.01279166741114,1018.788511102591,NO
457.00997361348954,1018.851000252337,NO
458.00591425327946,1018.9170314754223,NO
459.0012952715744,1018.980996239383,NO
459.9974494330427,1019.0397969425626,NO
460.993142871381,1019.0986216449147,NO
461.9870553326917,1019.1652148358053,NO
462.98253741343655,1019.2373436076571,NO
463.982037230017,1019.3028460148113,NO
464.97485476194765,1019.3671204695328,NO
465.9617237108607,1019.4534268155413,NO
467.0305623911228,1019.5787705019658,NO
468.021357295103,1019.6647243750989,NO
469.01646450383566,1019.7298201835354,NO
470.012518204115,1019.79052871833,NO
471.0084076998346,1019.8489616701019,NO
472.00567409467095,1019.9065169612041,NO
473.002186919756,1019.9682104291865,NO
473.99711817867603,1020.0370203213831,NO
474.991317345784,1020.1115387157625,NO
475.98728555337016,1020.1844516013791,NO
476.9867665655303,1020.2494377511864,NO
477.9855167833768,1020.3066127841391,NO
478.9776066897536,1020.3672502924271,NO
479.9657884389211,1020.4484994988077,NO
481.03682011410336,1020.5719107056013,NO
482.0263452065574,1020.6635919692965,NO
483.0170109445696,1020.7320776095273,NO
484.013665455695,1020.7942023056481,NO
485.0105402877365,1020.8624287128916,NO
486.0051781020082,1020.9318670790002,NO
487.0000518084484,1020.9993112930454,NO
487.9940881042966,1021.0715195199007,NO
488.9882701633059,1021.1494411581581,NO
489.9825032745783,1021.2288760705825,NO
490.97338235511563,1021.313168090885,NO
491.96925591500866,1021.4040032651862,NO
492.9627409823743,1021.5021625690769,NO
494.0327515295789,1021.6215817286983,NO
495.02503251416096,1021.7189531376124,NO
496.0145938152191,1021.8002846344406,NO
497.0086883112643,1021.871719639738,NO
498.00427068929133,1021.9404476120933,NO
498.9994932903436,1022.0073215874206,NO
499.99433324078274,1022.0747256666576,NO
500.98889581714735,1022.1476556295803,NO
501.9847336628047,1022.2230708149108,NO
502.97824958529304,1022.2980725979753,NO
503.9739895031532,1022.3746287980355,NO
504.9635348889681,1022.4594604058694,NO
506.03468530552936,1022.5785735409685,NO
507.026263775447,1022.6690764244213,NO
508.01846765455105,1022.7422117860841,NO
509.01463043631765,1022.813827690449,NO
510.00950299506457,1022.8893501828,NO
511.00297116484705,1022.9639522533184,NO
511.9973344796543,1023.0346517650121,NO
512.9924705622944,1023.1026272691001,NO
513.9854844117601,1023.1768751298439,NO
514.9793613787393,1023.2613331834247,NO
515.978289511371,1023.345920466788,NO
516.9702655636931,1023.4356330942179,NO
518.0340457327702,1023.5621340548909,NO
519.0271136816,1023.6621218193469,NO
520.0190447341859,1023.7404176597698,NO
521.0127031958652,1023.8047616561968,NO
522.0079330844928,1023.8637697925017,NO
523.0047730828398,1023.9270819807001,NO
523.999935856979,1024.0007478321554,NO
524.9932520517468,1024.0802436769725,NO
525.9871888949381,1024.16128852644,NO
526.980857742867,1024.2433801438149,NO
527.9760289227846,1024.3242754041164,NO
528.9654687773884,1024.4088326099813,NO
530.0415342620805,1024.5402254070154,NO
531.0320218788769,1024.651239977602,NO
532.0219464998488,1024.7369001894967,NO
533.0162450642729,1024.8143681918532,NO
534.0100338001776,1024.8946450953754,NO
535.0019974766706,1024.979469233916,NO
535.9936409496078,1025.0660671851138,NO
536.9872855834635,1025.151642678125,NO
537.98486109233,1025.2299221763321,NO
538.9818895820392,1025.301007634593,NO
539.9739071158964,1025.3793503880447,NO
540.9637026769923,1025.480281979222,NO
542.0280768614849,1025.598961841615,NO
543.0245436664856,1025.684757310679,NO
544.0179208858226,1025.757825865893,NO
545.0118216056193,1025.8261528550277,NO
546.008264241501,1025.897523403243,NO
547.0020722031696,1025.9776611941563,NO
547.9941025798066,1026.0636921384703,NO
548.9863660586466,1026.1512270469511,NO
549.9788398434213,1026.2387363631735,NO
550.9721891603108,1026.3265198636375,NO
551.9638778712324,1026.4226289141661,NO
553.0393300127309,1026.5655405302837,NO
554.0343025514583,1026.6856123975333,NO
555.0208574068929,1026.777594165674,NO
556.0121241334991,1026.8545103936601,NO
557.0061581470203,1026.9323957240163,NO
557.9982296363464,1027.0174911929396,NO
558.9895400464883,1027.1075723636113,NO
559.9830827200223,1027.1975041489218,NO
560.9799104524295,1027.2809625205452,NO
561.9732035498292,1027.3619408037434,NO
562.9635451076583,1027.461105117676,NO
564.034373594225,1027.59422391918,NO
565.0276065298855,1027.6926473050542,NO
566.0192018741288,1027.7744896087697,NO
567.0111516105777,1027.8464744046923,NO
568.0061272888923,1027.9173643989857,NO
569.0000763741413,1027.9992385729565,NO
569.9899835985128,1028.0936148289068,NO
570.98081774242,1028.195087645147,NO
571.9723897976843,1028.2979997813543,NO
572.9641163513362,1028.4025970396647,NO
574.0339228669119,1028.5400458416107,NO
575.031958502833,1028.6581829481236,NO
576.0255937717227,1028.7586531222303,NO
577.0152147568944,1028.8455471723244,NO
578.0065811083145,1028.9280417254563,NO
578.9987916703919,1029.0127979001552,NO
579.9899344050638,1029.1023335504342,NO
580.9814677301749,1029.196930830577,NO
581.9787302637743,1029.2904838308807,NO
582.9764981690241,1029.374834277821,NO
583.9652986302781,1029.4664272158568,NO
585.0360393629521,1029.5976310970127,NO
586.0305394466748,1029.7081133731306,NO
587.0191726503441,1029.7982877527766,NO
588.0109833332547,1029.8759747147467,NO
589.004172049912,1029.9589817272001,NO
589.9945283848665,1030.0519006604113,NO
590.9845313488986,1030.1512139573556,NO
591.9747547846077,1030.2568426280038,NO
592.9680967366495,1030.3678971154764,NO
593.9593703599909,1030.4842613599217,NO
595.0287114034985,1030.6128062156772,NO
596.0237956119189,1030.7088709780996,NO
597.0158348240196,1030.787391096481,NO
598.0101999386977,1030.8572008560993,NO
599.005251762878,1030.925513728649,NO
600.0002431763801,1030.9968761187008,NO
600.9926228583902,1031.0771105421506,NO
601.9838297987399,1031.1669786043417,NO
602.9777362645453,1031.2593859192084,NO
603.9734814523496,1031.3461941833298,NO
604.964260009233,1031.437344639001,NO
606.0364535039771,1031.568937340531,NO
607.0268924267828,1031.6689907551624,NO
608.0207318169664,1031.7492437355018,NO
609.0142573800662,1031.8216947344843,NO
610.0084233358975,1031.8913605579955,NO
611.0029714071192,1031.9671164280458,NO
611.9949137851221,1032.0532429311945,NO
612.986763719568,1032.1447067536003,NO
613.980560923793,1032.2392501720042,NO
614.9742611540293,1032.3404053130812,NO
615.9615359604322,1032.4575196152205,NO
617.0370274476817,1032.604479525096,NO
618.0289236288255,1032.7095831611468,NO
619.0185904922967,1032.795095996054,NO
620.0101108540838,1032.86985516624,NO
621.0045820504728,1032.946147433486,NO
621.9974450707177,1033.0278234601076,NO
622.9894389384697,1033.1136184521208,NO
623.9820944527123,1033.2032806299194,NO
624.9769364473814,1033.292445855073,NO
625.9675361963965,1033.383401627831,NO
626.9484569569418,1033.4993578722679,NO
628.0346010518831,1033.64415549932,NO
629.0260452176052,1033.744858014446,NO
630.017882557121,1033.8334272895763,NO
631.0082981874264,1033.9210076374768,NO
631.9987788245738,1034.0119186717598,NO
632.9890877662309,1034.1073407480771,NO
633.980543116152,1034.2058105916751,NO
634.9743787688478,1034.3045359154162,NO
635.9708096897,1034.4068952267485,NO
637.0296290863316,1034.5341081405616,NO
638.0286925856365,1034.643917664187,NO
639.0232402383433,1034.7353781891993,NO
640.0165689970494,1034.8129006433865,NO
641.0094845585894,1034.8860710264194,NO
642.0031990533286,1034.9636337483103,NO
642.9946896900886,1035.0527779763802,NO
643.9847211992538,1035.1532705011252,NO
644.974585611937,1035.2605672902346,NO
645.9649278791006,1035.3727432382009,NO
646.9504656070155,1035.4947873604256,NO
648.0330805585876,1035.6323114983297,NO
649.0262648716564,1035.732310546342,NO
650.0159392695606,1035.8136754306688,NO
651.0098879795861,1035.8881213967227,NO
652.0029730232314,1035.97324279192,NO
652.990020842039,1036.0773584305794,NO
653.9768291732282,1036.1945939324123,NO
654.9677289399032,1036.3132982037469,NO
655.9561502222676,1036.4346847446811,NO
657.031976818229,1036.585177433015,NO
658.0278102767858,1036.6928509550037,NO
659.0210385884283,1036.7820228800726,NO
660.0126825015907,1036.8613286869404,NO
661.0054923015765,1036.942739833752,NO
661.9965940668991,1037.0325418365,NO
662.9862186692736,1037.1309226428812,NO
663.9788639959096,1037.2345090057015,NO
664.9710763970929,1037.3422000350147,NO
665.9576304457004,1037.4629266193604,NO
667.0306967013868,1037.605147901394,NO
668.0250566803644,1037.7040925400208,NO
669.0175525437002,1037.7876978029553,NO
670.0103474711848,1037.8613983454093,NO
671.0057737722387,1037.9359809179327,NO
671.9971675138169,1038.0246475981075,NO
672.9855295067885,1038.1255832084046,NO
673.9757068658466,1038.2312706342293,NO
674.9636346913027,1038.3419808334336,NO
675.944834206458,1038.4733750476778,NO
677.0333604330954,1038.6322770490412,NO
678.0246765201679,1038.732273026722,NO
679.0177387590537,1038.8220855167112,NO
680.0088195582807,1038.9110026436495,NO
680.9992785454175,1039.006189320706,NO
681.9854724159806,1039.11360094126,NO
682.9735814711737,1039.233741080356,NO
683.9656817892701,1039.3599421795525,NO
684.9555417723737,1039.4912915430143,NO
686.0272053685003,1039.6250390333933,NO
687.0199652293256,1039.7142120147303,NO
688.0147720402458,1039.7851723342683,NO
689.011529920517,1039.853858265885,NO
690.0060801192244,1039.9255556173348,NO
690.9994099618698,1040.0059605892477,NO
691.9873630060362,1040.1040945614282,NO
692.9736141389781,1040.218199596929,NO
693.9625738545832,1040.3427642029478,NO
694.9464960968461,1040.484810885271,NO
696.0346598426983,1040.6479289798713,NO
697.0244836032032,1040.755406381549,NO
698.0148859459587,1040.8439277660875,NO
699.0071591389689,1040.9258254184258,NO
699.9989566572302,1041.0103807335308,NO
700.9875284808945,1041.107121439999,NO
701.9712991281891,1041.225024490729,NO
702.9609642338407,1041.3651470582254,NO
703.9541785226021,1041.513557591443,NO
705.0271836045778,1041.644378881957,NO
706.0219970322595,1041.7376068341005,NO
707.0168106622648,1041.8210991652984,NO
708.0097944404707,1041.9085547081722,NO
708.9998340619713,1042.001570028958,NO
709.9888491480517,1042.1007745177822,NO
710.9765142459358,1042.2078599048773,NO
711.969793113474,1042.3204707444484,NO
712.966776409339,1042.4319066850485,NO
714.028006245452,1042.5586602121143,NO
715.0288736953976,1042.6658900871905,NO
716.0233740797379,1042.7664906307461,NO
717.01479217861,1042.8608439533116,NO
718.0052281731015,1042.949088762477,NO
718.9966771079347,1043.0343831879268,NO
719.9856597750078,1043.1285259410686,NO
720.9708171604707,1043.2428429036554,NO
721.9644565190172,1043.36973393224,NO
722.9574255300265,1043.5016883728042,NO
724.0312632578417,1043.6425441959368,NO
725.0250048690262,1043.7509514997244,NO
726.0169543298999,1043.8480165420729,NO
727.0066868919292,1043.9430461259908,NO
727.9945761843007,1044.0448276038776,NO
728.9815254508943,1044.156950444985,NO
729.9694736940186,1044.2747367620711,NO
730.9592801343802,1044.3956908672512,NO
732.0332740965121,1044.546262326453,NO
733.0266821989335,1044.660153057729,NO
734.0207323304247,1044.7538950471767,NO
735.0152363400422,1044.8434812321948,NO
736.0071417030819,1044.9371028958471,NO
736.9962039356747,1045.033888500613,NO
737.9847506492818,1045.1366740865506,NO
738.9686596103752,1045.2523441743126,NO
739.9544496737366,1045.3908651807985,NO
741.0334009602711,1045.565787535944,NO
742.0253214193336,1045.6761523700918,NO
743.0192302114989,1045.7662254904585,NO
744.0143026814166,1045.8533614016228,NO
745.0063259704172,1045.9391733618993,NO
745.9972695533077,1046.0258994799692,NO
746.9852100024287,1046.1254508719367,NO
747.9692949135581,1046.2472567465666,NO
748.9557155610266,1046.3931921481048,NO
750.032477116142,1046.568102824718,NO
751.0249628005278,1046.6768329370375,NO
752.0184775528533,1046.7626345050228,NO
753.0138404309747,1046.8453217780664,NO
754.007063584007,1046.9326960358576,NO
754.9979433233925,1047.020139140168,NO
755.9867284311423,1047.1149007022266,NO
756.9694256569123,1047.2309233021865,NO
757.9556189396475,1047.3681984176228,NO
759.0366878983896,1047.535636027368,NO
760.0279974948038,1047.6534855418047,NO
761.0200098338125,1047.7464576766342,NO
762.0146466378734,1047.8291225551616,NO
763.0083557543546,1047.909883639448,NO
764.0008460075636,1047.9911619207787,NO
764.9911677542118,1048.0811887170842,NO
765.9787121670973,1048.1879411509249,NO
766.9681350266263,1048.3133972633539,NO
767.9561670234287,1048.4536449145833,NO
769.0318019597141,1048.6128641324399,NO
770.0245867063622,1048.7203976881615,NO
771.0165757905312,1048.809378410317,NO
772.0096249017264,1048.8900165686825,NO
773.0029206512628,1048.9709959094737,NO
773.9923239388993,1049.0639671783993,NO
774.976634175891,1049.1771280219004,NO
775.9592045772126,1049.310250900904,NO
776.9438018253646,1049.4651067900509,NO
778.0345246689328,1049.6422333717815,NO
779.0231242816468,1049.7511031659647,NO
780.0138161094591,1049.838176839856,NO
781.0071413821258,1049.9170122130022,NO
782.0004025409127,1049.995659558764,NO
782.9904055180122,1050.087436506429,NO
783.9760186440334,1050.1999873728168,NO
784.9644673784456,1050.3316378078002,NO
785.9538787994834,1050.4803354178453,NO
787.0306738114849,1050.6358467894784,NO
788.026245562109,1050.7485012747266,NO
789.0166678057693,1050.8520366726034,NO
790.0055576597039,1050.9483343473314,NO
790.9951342196955,1051.042915306624,NO
791.9780541943805,1051.1546032920721,NO
792.952227332341,1051.2992426858423,NO
793.9325246025969,1051.4824490881656,NO
795.028122476521,1051.6600384013939,NO
796.0202323961884,1051.7576929747204,NO
797.0133144351362,1051.845673588123,NO
798.0064038876473,1051.9302458257926,NO
798.9989801537046,1052.0106600774272,NO
799.9903965412573,1052.096634805001,NO
800.9776218368061,1052.1976034093354,NO
801.962860084618,1052.321403125101,NO
802.9500065778017,1052.4754929955695,NO
804.0321848602033,1052.6452002174756,NO
805.0242474546903,1052.7609201106823,NO
806.0149398348351,1052.8602848770001,NO
807.0052431232418,1052.955321418963,NO
807.9925072690263,1053.0583707904177,NO
808.9760303902091,1053.1781421515589,NO
809.9548599163606,1053.3188466181907,NO
810.9341709724873,1053.4896755456941,NO
812.0287788254045,1053.6642470310894,NO
813.0195874255592,1053.7611289421359,NO
814.0142059337644,1053.8464550117274,NO
815.0066870533374,1053.9307166147462,NO
815.9987895574584,1054.0129201580444,NO
816.9886650738763,1054.1037581706191,NO
817.9732589736213,1054.217477900867,NO
818.9564763880596,1054.353379789815,NO
820.0399548955211,1054.5370559676217,NO
821.0279536601107,1054.6708456644415,NO
822.0197766427655,1054.7738188580036,NO
823.0122954749162,1054.8611977514042,NO
824.0054908619325,1054.945254473108,NO
824.9955481228748,1055.0371750756874,NO
825.9787570661284,1055.1506317129076,NO
826.9542123012085,1055.2971187325725,NO
827.9327862171806,1055.4831349445842,NO
829.0281835435786,1055.6650082428746,NO
830.0185112195632,1055.7603157789656,NO
831.0117794317368,1055.8379532274437,NO
832.0072189931361,1055.9126845584653,NO
833.0008070323064,1055.992017571586,NO
833.990025612017,1056.0853560491119,NO
834.9765345100376,1056.1963913596596,NO
835.9608103274421,1056.3236776686404,NO
836.93653868023,1056.479048752249,NO
838.0322718175705,1056.6615044849555,NO
839.0212865721002,1056.7708832436776,NO
840.012864547545,1056.865121190203,NO
841.0045509073212,1056.9572554950719,NO
841.9935901659318,1057.0538205038683,NO
842.9779383740225,1057.166986779883,NO
843.9565592101751,1057.3111490620156,NO
844.9388275132,1057.4965766619384,NO
846.0269099256791,1057.6654441712883,NO
847.0207507116697,1057.7640209766337,NO
848.0132085929317,1057.8499563168832,NO
849.0063099021611,1057.9312695601766,NO
849.9983145383648,1058.0158754432798,NO
850.9865660050115,1058.1130595520426,NO
851.969147361491,1058.2334516360636,NO
852.945639439469,1058.3849797043276,NO
854.0361204081335,1058.5839116584737,NO
855.0221583959895,1058.6920304015273,NO
856.0174792200514,1058.7776377605126,NO
857.0117661748445,1058.86361933295,NO
858.004743793644,1058.953437131871,NO
858.9945043146342,1059.0473400242854,NO
859.980147316071,1059.1566526943145,NO
860.9554633152566,1059.3008776147315,NO
862.0526173871006,1059.537405458155,NO
863.0289935366293,1059.6864652387358,NO
864.0200654907044,1059.7906852505391,NO
865.0114067779235,1059.8853675320775,NO
866.0021946835164,1059.9797646150694,NO
866.9904338733519,1060.0787989422843,NO
867.9771969599866,1060.188939465484,NO
868.96145148376,1060.3155267522834,NO
869.930344456243,1060.4806808357746,NO
871.0315910522894,1060.6792821319957,NO
872.016784389718,1060.7795944569573,NO
873.0111176959759,1060.8601366372534,NO
874.0054071089138,1060.9451719158353,NO
874.9950580531985,1061.0400216678652,NO
875.980046381339,1061.151583126677,NO
876.9619428492668,1061.2870412327472,NO
877.935185284093,1061.4648779729791,NO
879.035523883008,1061.6809815957147,NO
880.0188062048638,1061.7939675783737,NO
881.0107477110498,1061.882930846043,NO
882.0027655114026,1061.976339514029,NO
882.9890656102496,1062.08234961747,NO
883.9726823439103,1062.2065756603295,NO
884.9521857781688,1062.3534982988417,NO
886.047921678368,1062.5666871293813,NO
887.0271945829619,1062.7027568732508,NO
888.0148745362022,1062.791546992768,NO
889.0089400218064,1062.8601230341255,NO
890.0054401419573,1062.932462626604,NO
890.9982083668893,1063.0170802364821,NO
891.9874996886705,1063.1125027977484,NO
892.9745542794926,1063.2222259676525,NO
893.9522149725555,1063.3583876977527,NO
895.0464206624761,1063.5723373104972,NO
896.0267350527077,1063.7102166288787,NO
897.0154522707021,1063.8057708264384,NO
898.0089336724975,1063.8852192728568,NO
899.0033499331015,1063.9650847185078,NO
899.9943250939673,1064.0521348850073,NO
900.9826097805679,1064.152936414713,NO
901.9608335353562,1064.2791785623674,NO
902.9290638644525,1064.4550825682757,NO
904.0344222270876,1064.6797689737984,NO
905.0186283544583,1064.792995026798,NO
906.0100990501505,1064.88069029,NO
907.0032004852146,1064.9679000841313,NO
907.9926033324524,1065.0628716765127,NO
908.9782547553017,1065.1715864304645,NO
909.957807144648,1065.3057252779543,NO
910.9323359574761,1065.4829812773194,NO
912.0312548857654,1065.674665051497,NO
913.0183108593325,1065.7786872769946,NO
914.0113355844121,1065.863433196057,NO
915.0050180516051,1065.9492173196722,NO
915.9946750470465,1066.0443144383157,NO
916.9803623001329,1066.1539661735992,NO
917.9616168337169,1066.2883658540045,NO
918.9311311336223,1066.4672837897278,NO
920.0350659890091,1066.686468804154,NO
921.0181956981302,1066.8010603686976,NO
922.0096679458645,1066.8944842499823,NO
923.0009362925488,1066.9917047763877,NO
923.9878318801946,1067.0957748790258,NO
924.9734354081138,1067.2116007144607,NO
925.9492906292536,1067.356614699871,NO
927.052764193198,1067.5951632291399,NO
928.0253646216428,1067.7311350109887,NO
929.0124978054382,1067.8151059952045,NO
930.008223053882,1067.8896379647022,NO
931.0026562855945,1067.9719983228836,NO
931.9934598495975,1068.0612282677885,NO
932.9834957961607,1068.1597674973805,NO
933.9666729174656,1068.2791929159375,NO
934.9249404242614,1068.4640046270981,NO
936.0378219531524,1068.7192565374316,NO
937.0161989761323,1068.8416991224008,NO
938.0059747879586,1068.9367668251507,NO
938.9962499327427,1069.0322121176032,NO
939.9823312642627,1069.1367902113636,NO
940.96931386802,1069.2562860268145,NO
941.9372541245876,1069.414518047056,NO
943.0447407280079,1069.6714123780027,NO
944.0202107149535,1069.8005467863684,NO
945.010184004283,1069.8936453953863,NO
946.0014929614741,1069.9871248018933,NO
946.9883290023291,1070.0906603060278,NO
947.9722352259039,1070.2145887727793,NO
948.947301497346,1070.3750893470678,NO
950.0522692332468,1070.634958430146,NO
951.025220481802,1070.7847251703638,NO
952.0098898328012,1070.881322002837,NO
953.0031285140061,1070.9642505746965,NO
953.9932978021033,1071.0579885836555,NO
954.9773132893231,1071.1715115317897,NO
955.9567935981183,1071.3123610405596,NO
957.0605582546871,1071.5444491693868,NO
958.0340383640547,1071.7191835023443,NO
959.0156745435988,1071.830987526372,NO
960.0064697421069,1071.9109973340724,NO
961.000992466278,1071.9879722538833,NO
961.99172392003,1072.0756995571098,NO
962.9757653397968,1072.1832140301449,NO
963.9505835773119,1072.3279453393343,NO
965.060598743174,1072.5874437542348,NO
966.0309115583889,1072.75191492921,NO
967.0140488325598,1072.867463842352,NO
968.003484219376,1072.9682025751185,NO
968.9898158755962,1073.0757637156287,NO
969.9690300932632,1073.2069148778598,NO
970.9434927060184,1073.3786433635635,NO
972.0478992368261,1073.625005068224,NO
973.025644023422,1073.7637264181506,NO
974.012514677215,1073.8636988440758,NO
975.0042272306016,1073.948101833311,NO
975.9969895533196,1074.0319741117553,NO
976.9850484920463,1074.1274812748188,NO
977.9709437905469,1074.2439122171697,NO
978.9521660503964,1074.3885938983237,NO
980.0500756021934,1074.6106734849886,NO
981.0278608058419,1074.7559599835765,NO
982.0130102909802,1074.861315834269,NO
983.0042280617599,1074.9536731738144,NO
983.994327071475,1075.0498620553333,NO
984.9759697992718,1075.164728776263,NO
985.9472209508958,1075.3245350048996,NO
987.057244821534,1075.5964240048443,NO
988.0285624708689,1075.7535164550263,NO
989.0135599192837,1075.8566110592888,NO
990.0051448702478,1075.945442937461,NO
990.9949657638938,1076.0421197771182,NO
991.9786099696983,1076.1552818297341,NO
992.9570550199762,1076.3033855175893,NO
994.0606266823252,1076.5493962499859,NO
995.0353605568857,1076.7161767814391,NO
996.0164384098572,1076.8256099075986,NO
997.0069350112877,1076.9076548462085,NO
998.0007812252409,1076.9917483087793,NO
998.9883478905012,1077.0931221450696,NO
999.9670528584651,1077.2237965103861,NO
1000.9388489467485,1077.4075106328683,NO
1002.0464673999227,1077.6784160869647,NO
1003.0221115024931,1077.824213554124,NO
1004.0069222491408,1077.9259172063464,NO
1004.998453701692,1078.0163649910185,NO
1005.9853644091377,1078.1163765580666,NO
1006.9661226490226,1078.2397473958154,NO
1007.9392169143628,1078.4089485982452,NO
1009.0484113143737,1078.665695091772,NO
1010.0239810688857,1078.8075468822944,NO
1011.0090760052332,1078.9096892527152,NO
1011.9999353615558,1079.0006614014437,NO
1012.9886170207714,1079.0980533777429,NO
1013.9705753490225,1079.2183119312667,NO
1014.9405120650872,1079.390389581692,NO
1016.04903208051,1079.6622234397246,NO
1017.0235088422695,1079.8074706836007,NO
1018.0086962957135,1079.907116163368,NO
1019.000768058489,1079.990446101314,NO
1019.992816250062,1080.0752797152752,NO
1020.9794558293854,1080.1747163562436,NO
1021.9585840912803,1080.3078582509595,NO
1023.0699284812152,1080.5581791420188,NO
1024.0356895767004,1080.7394094382225,NO
1025.0151647560729,1080.8562264455961,NO
1026.0048553431482,1080.948124492404,NO
1026.9958551719317,1081.040683701115,NO
1027.9827571556846,1081.1433956146323,NO
1028.9663609103864,1081.2700057783156,NO
1029.9438485457229,1081.4371417068633,NO
1031.0447929817783,1081.665775443267,NO
1032.0235516915006,1081.8049754666663,NO
1033.0092046333014,1081.9118479326876,NO
1033.9993273747073,1082.00682042044,NO
1034.9884750016051,1082.104144079214,NO
1035.9727731251633,1082.2180477165693,NO
1036.9519081614344,1082.3664342806194,NO
1038.053967121178,1082.6102374620675,NO
1039.0296934549049,1082.773986173105,NO
1040.011709568887,1082.8858027132653,NO
1041.0023328670213,1082.9745391402776,NO
1041.994091458876,1083.0615828347318,NO
1042.9853515674627,1083.1506475635358,NO
1043.9700289187665,1083.2568549726443,NO
1044.9459919386077,1083.4101693259495,NO
1046.0455014800054,1083.6347124165786,NO
1047.0265112134375,1083.7708142719719,NO
1048.0128398951442,1083.8763845366009,NO
1049.0031251511725,1083.965211228393,NO
1049.9954961907213,1084.0495419013255,NO
1050.9863494005372,1084.1365059966733,NO
1051.978410071823,1084.2329703767434,NO
1052.9690207789313,1084.3463317853714,NO
1054.0502915457537,1084.5166095217191,NO
1055.034323610004,1084.6633201058933,NO
1056.0222586121765,1084.773255664973,NO
1057.011744833364,1084.858337008283,NO
1058.0039266495648,1084.917376750613,NO
1059.0014192519832,1084.959787857926,NO
1059.9994783799768,1085.0095009360166,NO
1060.994019246471,1085.0766899182772,NO
1061.9878772898937,1085.1535543287782,NO
1062.9888915528056,1085.2203175445115,NO
1063.991372053673,1085.2651655357502,NO
1064.9913054658239,1085.300964640416,NO
1065.9900355974132,1085.3372567091253,NO
1066.9899886840865,1085.374771457289,NO
1067.987213163014,1085.4150804128763,NO
1068.976884854893,1085.4750162307107,NO
1070.0202712583384,1085.5561661346164,NO
1071.0168477331918,1085.6204826528092,NO
1072.023395993074,1085.6985646624166,NO
1073.015658562743,1085.776202995954,NO
1074.0050139780747,1085.822653739998,NO
1075.0022946214,1085.8416711295858,NO
1076.0027976601439,1085.8564358652895,NO
1077.0014580422542,1085.8697040393834,NO
1078.0,1085.8745019920318,NO
1078.9990850551305,1085.8712541826415,NO
1079.9981785509715,1085.8625506604817,NO
1080.9968808962597,1085.8484115653944,NO
1081.9955197268132,1085.8281367231323,NO
1082.9948341304957,1085.8047301387799,NO
1083.9946060918533,1085.7816639800262,NO
1084.9944700745368,1085.7585265786552,NO
1085.984097797249,1085.7156686304263,NO
1086.966305423597,1085.6267341027199,NO
1088.0341754226263,1085.49432309982,NO
1089.0096899899913,1085.4258495766437,NO
1090.0042558152363,1085.4005195071645,NO
1091.0074743780199,1085.3776759148411,NO
1092.0164569926449,1085.3298879014844,NO
1093.0196089796211,1085.2549167236461,NO
1094.0115996526326,1085.1842633257156,NO
1095.0060100304127,1085.1309141435704,NO
1096.0043238237356,1085.0771461195616,NO
1097.000552370649,1085.0071248825734,NO
1097.9931236974185,1084.9258394471158,NO
1098.9851733678804,1084.8395725106336,NO
1099.9766005543001,1084.7459488730854,NO
1100.944572158514,1084.6092337142882,NO
1102.0567200853163,1084.3170507483196,NO
1103.022384662731,1084.1443735575187,NO
1104.0020252685401,1084.014290979492,NO
1104.981348830517,1083.8841726770665,NO
1105.9393108881995,1083.7109110115168,NO
1108.022519948506,1083.1255422417146,NO
1108.9974112067011,1082.9838524014972,NO
1109.9663733140328,1082.8318665676088,NO
1110.9013283780007,1082.591925893303,NO
1113.0074921664743,1082.0457343895937,NO
1113.9840870193293,1081.9050043318605,NO
1114.9415771436693,1081.7279685750802,NO
1117.0192243837644,1081.0847620551585,NO
1117.9779497693326,1080.9049693646907,NO
1118.9148589580643,1080.6773602537637,NO
1121.0052234518798,1080.022285207188,NO
1121.950699540187,1079.8241999149625,NO
1124.014947737364,1079.0638556839406,NO
1124.9655144202447,1078.871756754119,NO
1127.0208035231535,1078.0790204986163,NO
1127.9710456604441,1077.8849065028294,NO
1130.020035508946,1077.0623399973376,NO
1130.9509825697244,1076.8408232607692,NO
1133.005243367331,1076.0178422714966,NO
1133.9280558457542,1075.7860989202525,NO
1135.9841028596863,1074.9501050155495,NO
1136.863658618048,1074.6732647361832,NO
1138.9288976370806,1073.80145000899,NO
1140.9783844892274,1072.9338983757284,NO
1141.8490715906635,1072.636212075073,NO
1143.9326878005313,1071.7989549570013,NO
1145.9592242344195,1070.9002896601035,NO
1146.7543939383227,1070.4689801673028,NO
1148.8181557786465,1069.5826346465371,NO
1150.8592660377851,1068.6762305399843,NO
1152.8920029596495,1067.7451755296263,NO
1154.897975618142,1066.772073196275,NO
1156.89790915743,1065.7779261087915,NO
1158.8887074953216,1064.7595390052886,NO
1160.8758475208485,1063.7382558502911,NO
1162.8543381230572,1062.6967619589993,NO
1164.8211106070376,1061.6492273174308,NO
1165.9745246438433,1060.95042484498,NO
1166.7352154156413,1060.498073179302,NO
1168.3626254138546,1059.657258600363,NO
1169.8704789831668,1058.7796749916447,NO
1170.9808543618594,1057.9684258622938,NO
1171.6964319605383,1057.4991509333458,NO
1172.9146110046083,1056.8524140831682,NO
1174.839072440451,1055.7063643987046,NO
1175.9772839346408,1054.9582766132594,NO
1176.7139618899284,1054.4941641934097,NO
1177.9059597895573,1053.849278016994,NO
1178.9927859880163,1052.9890132889457,NO
1179.7022212825746,1052.539151984158,NO
1180.8873810359241,1051.8280394978792,NO
1181.9774950333042,1050.9663206934592,NO
1182.6288002676806,1050.4422950293078,NO
1183.862487847267,1049.789655324514,NO
1185.4884106757659,1048.6609280541236,NO
1186.8060096573854,1047.7221431272221,NO
1187.9169787370067,1046.8844549376613,NO
1188.9908383559998,1045.9866099050714,NO
1189.6649467270531,1045.5072745818945,NO
1190.8534198066345,1044.793014365216,NO
1191.9406496856623,1043.920150397841,NO
1192.9974912775106,1042.9967070515477,NO
1193.6190254152116,1042.5027101612475,NO
1194.804626780625,1041.7445689667686,NO
1195.8964607268704,1040.8676617288554,NO
1196.9521948949318,1039.9399673952903,NO
1197.9984989828304,1038.9980674402755,NO
1198.6299067755904,1038.5059916566481,NO
1199.7913506659258,1037.7385083727268,NO
1200.8675829569509,1036.8442533636623,NO
1201.9125610172612,1035.899272418834,NO
1202.939335888045,1034.9348422526773,NO
1203.9561687216792,1033.9530820144178,NO
1204.9742998254842,1032.971202529744,NO
1206.0030504052925,1032.0036017378332,NO
1206.5917553759107,1031.5010343782228,NO
1207.748821202949,1030.6921499040707,NO
1208.8267088747389,1029.8014066060296,NO
1209.8565344453548,1028.8461580147787,NO
1210.8596611056487,1027.8605065189697,NO
1211.8520049370698,1026.8551159437313,NO
1212.8498185639742,1025.8456468570612,NO
1213.865139731724,1024.8572555937556,NO
1214.8735845276192,1023.8735845276191,NO
1215.8708853852197,1022.8704999681339,NO
1216.8648197970624,1021.8692126568046,NO
1217.853059189058,1020.8591726274364,NO
1218.8193412685944,1019.8366758377392,NO
1219.7570278339686,1018.7908261248753,NO
1220.6910787142901,1017.7198155809676,NO
1221.6181406186304,1016.6538778994233,NO
1222.5265269275487,1015.5563381692903,NO
1223.0120612623496,1015.0113629787243,NO
1223.9892070700528,1013.9902600387013,NO
1224.9562927608301,1012.9632637888583,NO
1225.903608962713,1011.9220533791346,NO
1226.8048515754033,1010.8547922072551,NO
1227.6230475990096,1009.7312468867744,NO
1228.0280167504795,1009.0215776923195,NO
1228.9607421124592,1007.9688945551684,NO
1229.8685741073907,1006.9036668898802,NO
1230.7165553298607,1005.8038318034388,NO
1231.4261242847497,1004.5737766834205,NO
1231.9746818992585,1003.9809272354806,NO
1232.8803064835984,1002.9153759230276,NO
1233.712065528319,1001.8026886954119,NO
1234.0484333698791,1001.0350643518458,NO
1234.9500345868971,999.9659136785056,NO
1235.7899108404952,998.8752426803079,NO
1236.457016861732,997.6311980420344,NO
1236.9690424889802,996.9785395618362,NO
1237.8130955577296,995.8884222885899,NO
1238.4332406625163,994.6578223734872,NO
1238.9553566911463,993.9721173303134,NO
1239.7771617179096,992.8668758356981,NO
1240.6549896980164,991.3871344698206,NO
1241.6475990246972,989.7965974960715,NO
1242.8135954434017,987.8955213983231,NO
1243.6659076602095,986.3625612723946,NO
1244.5809656506274,984.7536880760799,NO
1244.984534046252,983.9905998219324,NO
1245.7929430180811,982.884058328028,NO
1246.69509770383,981.4040745031916,NO
1247.5698689186254,979.7604951913247,NO
1248.6146843759534,977.8189117202724,NO
1249.5540250440806,975.8059949798107,NO
1250.4400201072458,973.7541743236294,NO
1250.9023619082843,972.9569712434403,NO
1251.1654843536217,972.0682260071251,NO
1251.880168119726,970.9450059640042,NO
1252.6152114533488,969.2656594912188,NO
1252.827805341386,968.9194318607733,NO
1253.8258857355022,966.9160628330684,NO
1254.8088728174982,964.9101879204862,NO
1255.7537622262307,962.8922347626328,NO
1256.0202055810878,962.0080483448814,NO
1256.9298455500543,959.9717024053048,NO
1257.7990449269041,957.9221243157879,NO
1258.0501433629668,957.0190523839851,NO
1258.9179414437278,954.970876922462,NO
1259.7349861857624,952.9000175140795,NO
1260.0032556539666,952.0012069247018,NO
1260.849011964595,949.9414469069112,NO
1261.6607842205792,947.8792487151957,NO
1261.9542004848292,946.983345630715,NO
1262.7630185865173,944.9131068180653,NO
1263.0142856207494,944.005065302245,NO
1263.800102707156,941.933222563276,NO
1264.0346488260898,941.0111964095223,NO
1264.773297340231,938.9315295074097,NO
1265.0022376949519,938.0006647734538,NO
1265.7191417879765,935.9155890604318,NO
1265.9652393170527,934.9892415855579,NO
1266.6192204767801,932.896071644971,NO
1266.8969155014058,931.9684216744383,NO
1267.111644101263,931.0310878921058,NO
1267.7703334952828,928.9423411104685,NO
1267.9756509361214,927.9940971966129,NO
1268.1654280939842,927.03921133839,NO
1268.4073978153015,926.0856720226892,NO
1268.7820825314063,924.9507779214231,NO
1268.9832961264149,923.9957683520422,NO
1269.1731238911593,923.045371627588,NO
1269.4163249916742,922.0816052290149,NO
1269.7636194213192,920.9492766676716,NO
1269.9710795708565,919.9925301003051,NO
1270.1714161056882,919.0451645675853,NO
1270.4342140692224,918.092282636808,NO
1270.7687550098283,916.9549024296376,NO
1270.9550864456537,915.9902361839569,NO
1271.142257820295,915.0333190421893,NO
1271.3581645349427,914.0658960764633,NO
1271.6690501534235,912.9402501347021,NO
1271.8598672254775,911.9708056726855,NO
1272.0381351930014,911.0083481978407,NO
1272.2150062915089,910.0429127772305,NO
1272.4126806269578,909.071828737346,NO
1272.6972714136134,907.9462093814038,NO
1272.8637921198074,906.9759793718339,NO
1273.015353063498,906.0025078709448,NO
1273.1605314509322,905.0267819712003,NO
1273.3157740530232,904.0505757233567,NO
1273.556934912227,902.937248293463,NO
1273.7345413291644,901.955576304719,NO
1273.8912665286457,900.9807210159274,NO
1274.0436917874858,900.0074008536989,NO
1274.1943090167101,899.0322504582307,NO
1274.3558868001562,898.0542486898877,NO
1274.5834516570983,896.9480453915368,NO
1274.735329029649,895.9646922895153,NO
1274.8717545843845,894.9815679670115,NO
1275.0067262515602,894.000997738616,NO
1275.1433276540617,893.0207658101731,NO
1275.2811465536959,892.0395046936623,NO
1275.4301360471266,891.0584473595538,NO
1275.6170122690608,889.9568353994594,NO
1275.727310912718,888.9715100955721,NO
1275.8286834047603,887.9820202394063,NO
1275.9362418038227,886.9924655162264,NO
1276.0466020264892,886.0053538793127,NO
1276.1557799953166,885.0170311128385,NO
1276.2637127905045,884.0282359142324,NO
1276.3797261400011,883.0381693633515,NO
1276.5380945634217,881.957112301047,NO
1276.6562096712455,880.9654091855086,NO
1276.7512930785047,879.9761930243615,NO
1276.839261669505,878.9852383168571,NO
1276.929835839119,877.9928110488488,NO
1277.0318132457946,877.0038621018193,NO
1277.1426835212799,876.0181489892881,NO
1277.252450117144,875.0257709502463,NO
1277.3434074334232,874.0234223314962,NO
1277.4217913558155,873.032445488424,NO
1277.5557877284257,871.9557216036753,NO
1277.6682020986186,870.9710014036342,NO
1277.7497345776042,869.983083450648,NO
1277.8274116529442,868.9858310267784,NO
1277.9151728064637,867.9916934796815,NO
1278.0020102132198,867.0001798401529,NO
1278.0806151518927,866.0063132346271,NO
1278.157790758901,865.0125078033976,NO
1278.2383342032308,864.0185588109657,NO
1278.318623039433,863.0232978738878,NO
1278.396865815815,862.0268991415575,NO
1278.4792219881488,861.0287327962156,NO
1278.5760210609346,859.9713229651493,NO
1278.6519573643104,858.9772177529246,NO
1278.7097933425268,857.9856333334669,NO
1278.7665113005514,856.9843110363087,NO
1278.836305596083,855.9862100846336,NO
1278.9098033489456,854.9931994591593,NO
1278.9792637353312,853.9985791437251,NO
1279.0503491615611,853.0038652897846,NO
1279.1295408939568,852.0108059237124,NO
1279.209768638925,851.0142685273003,NO
1279.2775405078644,850.0139481904096,NO
1279.3376779627988,849.0172536186383,NO
1279.421629873137,848.0365839370479,NO
1279.5500043688785,846.966832004536,NO
1279.6240644791217,845.9823654983132,NO
1279.694125673267,844.9748028444468,NO
1279.7662559029818,843.9821296574091,NO
1279.8190218821899,842.9917820228284,NO
1279.8605979330016,841.9939512723603,NO
1279.9140811813356,840.9944344085128,NO
1279.9858121727202,839.9987863773008,NO
1280.0626405172998,839.0047591357575,NO
1280.1291167405238,838.007579458506,NO
1280.18419203229,837.0098538946241,NO
1280.2416101000106,836.0142123588241,NO
1280.3067955903393,835.0187964070489,NO
1280.3750410658854,834.0231216537098,NO
1280.4469966503752,833.0268480605515,NO
1280.5334952720686,831.977184472167,NO
1280.598728763538,830.9831466070751,NO
1280.648752845626,829.985148842203,NO
1280.707904502848,828.9785013137689,NO
1280.7644159102765,827.9867961721906,NO
1280.8026387221703,826.9941724033672,NO
1280.8364440447015,825.9933933062212,NO
1280.8832036154618,824.9931839895428,NO
1280.939749621908,823.9961669739826,NO
1280.990339820484,822.9995665921538,NO
1281.0278128661448,822.0009456374813,NO
1281.0654627019717,821.0027604753578,NO
1281.118751418934,820.0076613820097,NO
1281.1813169228533,819.0106441109626,NO
1281.2308413285798,818.0084454141873,NO
1281.2686493272606,817.0109652788681,NO
1281.3239402900642,816.0226624887912,NO
1281.3973522301999,815.0231788799962,NO
1281.4515898665738,814.0104578709698,NO
1281.5127761889007,812.9735373645149,NO
1281.595630858369,811.97243872593,NO
1281.6456349548826,810.9919541996612,NO
1281.6587679454883,809.9993309175751,NO
1281.6739474126848,808.9916888555913,NO
1281.7146120616376,807.9845963327975,NO
1281.7568389137289,806.9906752391572,NO
1281.7791658094848,805.9976067230615,NO
1281.7932646136126,804.9957142711612,NO
1281.8282779664369,803.9908188222445,NO
1281.8718354414827,802.9942612885316,NO
1281.8969480818137,801.9985572731946,NO
1281.9124678762219,800.9981562943539,NO
1281.9421166856835,799.99755422618,NO
1281.9854886750377,798.9992671048043,NO
1282.02953423718,798.0011693759036,NO
1282.061641661359,797.0014481698175,NO
1282.0811536608612,796.0011640894099,NO
1282.0956805129078,795.0013724663883,NO
1282.106207403077,794.0008705524697,NO
1282.1104538286424,793.0002263398229,NO
1282.1280782022639,792.0040806006054,NO
1282.1715978477944,791.0092371516777,NO
1282.2125556559222,790.0037600897388,NO
1282.224415461595,788.9990649355418,NO
1282.2265073263857,788.0009437805618,NO
1282.2317058672836,787.0014481616489,NO
1282.2377014743074,786.0017350472036,NO
1282.2434377946001,785.0017806316774,NO
1282.248161338977,784.0002598548183,NO
1282.257590509592,783.0029732377724,NO
1282.286327974488,782.0117421567667,NO
1282.32818908235,781.0103857307173,NO
1282.354101666885,780.0018735537616,NO
1282.3613079370084,779.0011494420437,NO
1282.3661357384008,778.0019454608524,NO
1282.3739545977958,777.0035842292895,NO
1282.3872446744722,776.0049646752583,NO
1282.4041808296797,775.005631673146,NO
1282.4196574021253,774.005403314271,NO
1282.4339406888473,773.0055992345383,NO
1282.4501234535053,772.00632605925,NO
1282.4656249061854,771.0055612095973,NO
1282.475942483024,770.0031039726883,NO
1282.482794356865,769.0026267375546,NO
1282.487365305844,768.0015944338707,NO
1282.4896450877732,767.0016053937752,NO
1282.4919298341376,766.0010764328421,NO
1282.4907943657165,764.9983908381002,NO
1282.487382254743,763.9989358466613,NO
1282.487382287783,763.0010641534108,NO
1282.4919222201304,762.0026880996186,NO
1282.4988068095224,761.0027316910453,NO
1282.5045210456901,759.9989181682789,NO
1282.5112017814088,758.9973463723048,NO
1282.5252279907022,757.9959159396717,NO
1282.5446376213288,756.9956540177702,NO
1282.5600248347018,755.9967750512754,NO
1282.5683810094113,754.9982053263952,NO
1282.5758812531415,753.9973657220606,NO
1282.586931131941,752.9957503202463,NO
1282.6079363287563,751.9896405939099,NO
1282.6406164269263,750.9877564722665,NO
1282.6661253172551,749.9946792882539,NO
1282.6774209871205,748.9974296494338,NO
1282.6968647397446,747.9894219997044,NO
1282.7329145890678,746.987993164069,NO
1282.7637467888496,745.9943299226894,NO
1282.7854333144653,744.9950600263826,NO
1282.8183932090067,743.9918031037321,NO
1282.8678754162524,742.9925713084394,NO
1282.9133312099743,741.9969513490443,NO
1282.9484801740805,740.998234199583,NO
1282.9946026787875,739.999683153205,NO
1283.0469077053422,739.002288180838,NO
1283.0859368114475,738.0027156383024,NO
1283.1175307967071,737.0039617121796,NO
1283.1596457448084,736.0081785726603,NO
1283.2163820686585,735.0122564507087,NO
1283.2733985127059,734.0121825245938,NO
1283.318602814656,733.011947605312,NO
1283.3614157522122,732.0162731697338,NO
1283.408863832662,731.017664297149,NO
1283.451386858606,730.012458660691,NO
1283.4822070096106,729.0087674002401,NO
1283.510418313784,727.9916489258991,NO
1283.5545633668846,726.981997897168,NO
1283.6041714068178,725.9860763809145,NO
1283.6351480521628,724.9938771145559,NO
1283.6628744422144,723.9884206142417,NO
1283.7008554512538,722.9876822841005,NO
1283.7280680190293,721.9957344000223,NO
1283.7356346130255,720.9994816365231,NO
1283.7385988443314,719.9979497949769,NO
1283.75108141796,718.9956073189331,NO
1283.7727323788686,717.9939781884873,NO
1283.8032745860164,716.9918676500477,NO
1283.8462694010007,715.9917969836506,NO
1283.8883117822672,714.9955679276562,NO
1283.912739917139,713.998609401156,NO
1283.920706665515,712.9996039294086,NO
1283.927115239227,711.9991253828805,NO
1283.9436806660651,710.9987033587106,NO
1283.9645668401727,709.9993958237573,NO
1283.9775514696282,708.9998874196067,NO
1283.9826643400327,707.9999479409621,NO
1283.9917857868702,706.9998602185915,NO
1284.0187839711664,706.0007740128822,NO
1284.0636162776989,705.0034091635498,NO
1284.1062707581334,704.0034559597558,NO
1284.1287545683253,703.0014437311279,NO
1284.1404685099574,702.0018652610981,NO
1284.154460553566,701.0028486578492,NO
1284.1679613649355,700.0022440880845,NO
1284.1777788530653,699.0014632004245,NO
1284.1885926648258,698.0019402537721,NO
1284.2004681946382,697.0012349170559,NO
1284.2081807468971,696.0008514550061,NO
1284.2170067373997,695.002881601189,NO
1284.2323446706798,694.0033328129346,NO
1284.2485829132977,693.002041748736,NO
1284.2621715564783,692.0037683795601,NO
1284.2761130620688,691.0051132050436,NO
1284.2900227037146,690.0038909135853,NO
1284.3061915476871,689.0057054325301,NO
1284.3286530900943,688.0078657865906,NO
1284.354178203037,687.007771935525,NO
1284.378591701131,686.006349546164,NO
1284.3978013875164,685.0041873831512,NO
1284.4097971847825,684.0034582040878,NO
1284.4188125269104,683.0035342829242,NO
1284.4278188212725,682.0036102854082,NO
1284.4337558861105,681.0013711987381,NO
1284.4351230425057,680.0,NO
1284.4507634093286,679.0090821895977,NO
1284.4885476636143,678.0126348529612,NO
1284.514578709675,677.0005202800539,NO
1284.5177040539313,676.0020566990695,NO
1284.5250347793467,674.9954765216028,NO
1284.5404679813828,673.9947069612133,NO
1284.5564374102514,672.9944784740328,NO
1284.5781848296326,671.9908960749226,NO
1284.6095036431993,670.9876852616138,NO
1284.6404826362543,669.9898523323452,NO
1284.661478415541,668.9959377410319,NO
1284.673604626319,667.9990276205435,NO
1284.6840104320645,666.9975020589144,NO
1284.6943672071966,665.9963830440574,NO
1284.7026836047442,664.997067885602,NO
1284.7096771966255,663.9979977738668,NO
1284.7148235213979,662.9988772578945,NO
1284.7166666666667,662.0,NO
1284.725301481374,660.9956740389962,NO
1284.7609865929046,659.9860791800853,NO
1284.8008478905188,658.9918915228963,NO
1284.8172826553205,657.9994534874867,NO
1284.8201227386814,656.9987421170683,NO
1284.8261157223844,655.9984334749954,NO
1284.834396994007,654.9981728856244,NO
1284.8444951390684,653.9984387062777,NO
1284.8539163396715,652.9989743374124,NO
1284.8647856556477,651.9982404539614,NO
1284.89752855877,650.9944554530805,NO
1284.9450164982575,649.9972286541196,NO
1284.9712289770064,648.9997959501968,NO
1284.976153966391,647.9998305358065,NO
1284.990462429625,646.9997374980626,NO
1285.0163531795515,646.0005188828699,NO
1285.0430086095473,645.0011027848478,NO
1285.065158001032,644.0012066296937,NO
1285.0778803802925,643.0000803719063,NO
1285.0796297216461,641.9995064273375,NO
1285.0800683335847,641.0001654304351,NO
1285.088136748865,640.0013671677445,NO
1285.1025329687598,639.0018062802505,NO
1285.1174141103454,638.0018288802378,NO
1285.135192117728,637.0028165024527,NO
1285.1676991286522,636.0073829803927,NO
1285.214680015593,635.0108928545211,NO
1285.2515857938113,634.0048073720712,NO
1285.2643957884043,633.0014018865359,NO
1285.2713181221598,632.002299306,NO
1285.2893226001333,631.0067713799848,NO
1285.3225876847432,630.0107413722614,NO
1285.3537985645119,629.0061263820894,NO
1285.3703561385273,628.0032135023142,NO
1285.3808398222018,627.0041216432234,NO
1285.392250464339,626.0050831596262,NO
1285.4021923792561,625.0021740128224,NO
1285.4030750167642,623.99825508651,NO
1285.417244597674,623.0095344250933,NO
1285.4671077460505,622.0237162875617,NO
1285.5227627111499,620.992176437946,NO
1285.5368278702285,620.0010003718046,NO
1285.53352334921,619.0005042990689,NO
1285.5323620189724,617.9984833362525,NO
1285.533373040963,617.0005033732118,NO
1285.531154848303,616.0015172981566,NO
1285.5364509699668,614.997009361098,NO
1285.5611243922026,613.9907017878595,NO
1285.58678049483,612.9939738821392,NO
1285.5912964312668,612.0033917310346,NO
1285.5864439642542,611.0012883365573,NO
1285.5988638315525,609.991729151297,NO
1285.633444069331,608.9847423415434,NO
1285.6700932157999,607.9897831066987,NO
1285.6865486174706,606.9993780726711,NO
1285.6856352575182,606.001871218747,NO
1285.6913989135705,604.9954122733045,NO
1285.7127604838308,603.9920526613753,NO
1285.7314275524582,602.9976185694112,NO
1285.7358976969758,602.0005198864291,NO
1285.734962406015,601.0,NO
1285.739003409773,599.9979449087346,NO
1285.7467560200496,598.9972554839646,NO
1285.7526381221498,597.9985363202678,NO
1285.7600640773408,596.9978724893383,NO
1285.7762944406413,595.9951559819857,NO
1285.8039832391712,594.9934403837751,NO
1285.8367460187349,593.9946922352316,NO
1285.8667591260082,592.9960501717579,NO
1285.8936383276523,591.9968344739523,NO
1285.912218691857,590.9986898312229,NO
1285.9126388339707,590.0006961048723,NO
1285.9006275430886,589.0010898276031,NO
1285.8957879093753,587.9994794601005,NO
1285.9100819755436,586.9979298153046,NO
1285.9344987244535,585.998357540732,NO
1285.951373617841,584.9996094266592,NO
1285.955258245113,584.000089842883,NO
1285.9538402416824,583.0001388959589,NO
1285.954911986968,581.9998192865239,NO
1285.9597350267347,580.9997172970845,NO
1285.9630597863497,579.9998886224755,NO
1285.9629863323532,578.9999627254098,NO
1285.96298765742,578.0000372732559,NO
1285.9654876026082,576.9999653141733,NO
1285.9708800463059,575.9998245785932,NO
1285.9782532542256,574.9998253273476,NO
1285.983644592898,573.9999178120228,NO
1285.9875783773848,572.9999250203839,NO
1285.9990672812135,571.99998310972,NO
1286.0179666598005,571.0003984541606,NO
1286.0321534820305,570.0002925999557,NO
1286.0372964655742,569.0000754989168,NO
1286.0414233049025,568.0002937822967,NO
1286.0471226615534,567.0003348818494,NO
1286.0517399156595,566.000263173532,NO
1286.0563513281,565.0002872136944,NO
1286.0610842799804,564.000249323585,NO
1286.0642830911931,563.0000655281241,NO
1286.0667681338882,562.0000679228239,NO
1286.0682281059062,561.0,NO
1286.0666327254837,559.999864567641,NO
1286.0666345013967,559.0001354359686,NO
1286.0708362663088,558.0002879522849,NO
1286.0734771637483,557.0002242436259,NO
1286.0724489951303,556.0,NO
1286.075833534532,555.000463341367,NO
1286.0976082038708,554.003393332299,NO
1286.1335621556702,553.0050893918799,NO
1286.1584027391996,552.0014712328846,NO
1286.166300277437,551.0006857743251,NO
1286.1726564899495,550.0017836415088,NO
1286.1798248108892,549.0018654025755,NO
1286.1859528519242,548.001354495208,NO
1286.191310953344,547.000797129002,NO
1286.196570736218,546.0006136443468,NO
1286.2019144181643,545.0004197805056,NO
1286.2066321629998,544.0004295887072,NO
1286.2107698180025,543.000656603793,NO
1286.2142807535595,542.0006675412869,NO
1286.216275145571,541.0006751565518,NO
1286.2167375263334,540.0004515364964,NO
1286.2185782608349,539.0004553713597,NO
1286.222274820772,538.000463072526,NO
1286.2252110623326,537.0004691896958,NO
1286.2284373966108,536.0009518225213,NO
1286.233249384892,535.0012161073428,NO
1286.2396689214108,534.0017530641627,NO
1286.2480242669333,533.00233740134,NO
1286.2570593700582,532.0024276330938,NO
1286.2656718140227,531.002232536348,NO
1286.2734403940444,530.0017233638066,NO
1286.2800921615533,529.0014726192138,NO
1286.287105352761,528.0021177423116,NO
1286.2954875759278,527.0024935660392,NO
1286.3043631161652,526.002568465113,NO
1286.3103994599317,525.0009812416647,NO
1286.313241028487,524.0009881420533,NO
1286.3183399780985,523.0023431964576,NO
1286.3298683474534,522.0045282877456,NO
1286.3486298471228,521.0059341252426,NO
1286.3662509380551,520.0031370530091,NO
1286.372831963757,519.0,NO
1286.3718177080868,517.9992021079348,NO
1286.369358788229,516.9992073845868,NO
1286.3660497159572,515.9996076637557,NO
1286.3632169185123,515.000388467278,NO
1286.3612322236822,513.999228136254,NO
1286.3589411298526,512.9992330317539,NO
1286.3577981651376,512.0,NO
1286.3577981651376,511.0,NO
1286.3589414879748,510.0007669690114,NO
1286.3615410850753,509.00115754884445,NO
1286.3644459820302,508.00116436416795,NO
1286.3670373559744,507.00078093057954,NO
1286.3701530395317,506.00118259757863,NO
1286.3741353700498,505.00119787206256,NO
1286.3772876801254,504.0008061702777,NO
1286.379719551764,503.00081136658474,NO
1286.382012315255,501.9995914306942,NO
1286.385056274901,501.00041270769015,NO
1286.3893789223016,500.0016711541971,NO
1286.3919502163862,499.00042009669494,NO
1286.3910481123505,497.9991626379006,NO
1286.3896538386027,496.99958236458883,NO
1286.389400921659,496.0,NO
1286.389400921659,495.0,NO
1286.388507455961,493.9995835932948,NO
1286.3867305018298,492.9995863845055,NO
1286.3869818585808,492.00082688433474,NO
1286.3891347313702,491.00083148449045,NO
1286.3902675665415,490.0012495226389,NO
1286.3906456645866,489.00124806922463,NO
1286.3920390714861,488.0008341257213,NO
1286.3952138382185,487.00042088802,NO
1286.398940170746,485.9987199779939,NO
1286.400463665354,484.9995698564407,NO
1286.4014775300254,484.00215616282384,NO
1286.405064265658,483.0017384732683,NO
1286.4053077845526,481.9995655865117,NO
1286.3999871362491,480.99871661874613,NO
1286.3947333595465,479.9987361791977,NO
1286.3918013526666,478.99958274615005,NO
1286.3909090909092,478.0,NO
1286.392937133312,477.00041846341406,NO
1286.396112248157,476.0008445890113,NO
1286.398395593292,475.00084945755106,NO
1286.4027333978897,474.001289434586,NO
1286.4091640300235,473.00218804303705,NO
1286.4143529014123,472.0,NO
1286.418319155358,471.0,NO
1286.4226216977495,470.0013706649884,NO
1286.4269630731944,469.00138774563584,NO
1286.4301562997264,468.0018661878235,NO
1286.4314260437707,467.00140225149903,NO
1286.4327753854943,466.0009367433193,NO
1286.4337895865472,464.9985900663467,NO
1286.4324456914387,463.9981238798916,NO
1286.4290659341978,462.9986054194963,NO
1286.4235023865917,461.99771079795084,NO
1286.4170543017424,460.99910117602695,NO
1286.4108755119776,459.9991182929063,NO
1286.4045672613786,458.9978365386145,NO
1286.3981569804337,457.9987252177646,NO
1286.392936225689,456.9995815375525,NO
1286.3897663937341,455.9991707097635,NO
1286.387368534194,454.9991758115925,NO
1286.3859745244142,454.0,NO
1286.3845160487695,452.99795252369967,NO
1286.378732831413,451.9959623364626,NO
1286.3712777430326,450.9980230152106,NO
1286.3670397615217,449.9992190643023,NO
1286.3647688494045,448.9992238960304,NO
1286.3636363636363,448.0,NO
1286.3628095504762,447.00038555745374,NO
1286.3631105709428,446.001541870712,NO
1286.3662065595868,445.00116750229165,NO
1286.3681818181817,444.0,NO
1286.3690181258453,442.99960700943814,NO
1286.3707070222727,441.99960436816224,NO
1286.3715596330276,441.0,NO
1286.369555253518,439.99881679213144,NO
1286.3645838804518,438.99805865878136,NO
1286.3591999488012,437.998087327214,NO
1286.354168211106,436.9981100950131,NO
1286.3473113967605,435.99740535765983,NO
1286.3349011717428,434.9960851084024,NO
1286.3184477348998,433.9959604937613,NO
1286.303908946869,432.9964773464442,NO
1286.2937643188484,431.9978376969321,NO
1286.288715043182,430.99939345576735,NO
1286.287610619469,430.0,NO
1286.2878448222416,429.0,NO
1286.288951808983,428.00030383996386,NO
1286.290467404999,427.0003060773505,NO
1286.2911111111111,426.0,NO
1286.2928726129774,425.00092779075686,NO
1286.2975218074127,424.0015741894308,NO
1286.2997766856188,422.9996827759751,NO
1286.297325347778,421.9990581034305,NO
1286.2955555555557,421.0,NO
1286.2942096801319,419.9993793044665,NO
1286.290627362538,418.9987737242041,NO
1286.2857713497444,417.99849435542,NO
1286.280338554929,416.9985260853425,NO
1286.2761841826543,415.99941978110564,NO
1286.2739813346082,414.9997125064735,NO
1286.2716712893275,413.9991465823444,NO
1286.2677022443859,412.9986013466387,NO
1286.2635544065754,411.9991755336434,NO
1286.2608184837964,410.999456628179,NO
1286.2586540172663,409.9994611374841,NO
1286.2564878438745,408.99946565034514,NO
1286.2532333419372,407.99894486103597,NO
1286.250541891898,406.9997387467118,NO
1286.2505473070312,406.00026180492245,NO
1286.2510917030568,405.0,NO
1286.2499954989812,403.9994769968611,NO
1286.2483573334027,402.9997399399519,NO
1286.2472512164397,401.99974055486575,NO
1286.2455925135505,400.99948404932064,NO
1286.2444933920706,400.0,NO
1286.2444933920706,399.0,NO
1286.2444933920706,398.0,NO
1286.2447739633303,397.0,NO
1286.246151047643,396.00051712407037,NO
1286.2480681845175,395.00052115166903,NO
1286.2488986784142,394.0,NO
1286.2488986784142,393.0,NO
1286.2499983311504,392.0005252065991,NO
1286.2538562220568,391.00080080827763,NO
1286.258309191189,390.0008165727505,NO
1286.2611008125784,389.0011016911964,NO
1286.2644300501904,388.00111573861255,NO
1286.2677710971834,387.0005649179318,NO
1286.2682942093138,385.99971728745004,NO
1286.2682911251104,384.9997172907,NO
1286.2705998546073,384.0008572329156,NO
1286.2719548643256,383.00057374444486,NO
1286.2702514630057,381.9994310495183,NO
1286.2686286271494,380.99971693506035,NO
1286.2675107381858,379.9994356313488,NO
1286.2641695257857,378.99888536064657,NO
1286.2605759775545,377.9994502616456,NO
1286.2586126428132,376.9994544037021,NO
1286.2549702760543,375.99865663715224,NO
1286.2497052449971,374.9986871437618,NO
1286.2447772265855,373.99871575437635,NO
1286.2396316262916,372.99874538420227,NO
1286.2331545722361,371.99829458520304,NO
1286.2256712635883,370.99835276455076,NO
1286.2187147941243,369.9986330325571,NO
1286.2107133210593,368.9980266182623,NO
1286.203418597709,367.9989438287502,NO
1286.1990319183874,366.9995870707278,NO
1286.1940037225008,365.99879250794,NO
1286.1883496268533,364.998827699407,NO
1286.1826175687597,363.9986753129833,NO
1286.1768947930416,362.9990853423216,NO
1286.1705154250092,361.99859368718563,NO
1286.1645598449836,360.9991543687274,NO
1286.1585316918663,359.9988594842365,NO
1286.1302551313008,358.9942554146718,NO
1286.0853646455819,357.99625822650506,NO
1286.0568852256552,356.9992492305152,NO
1286.0478583991699,355.99961248258717,NO
1286.0440075754832,354.99986677828076,NO
1286.0435496268537,354.0001318353965,NO
1286.0478282020213,353.0003385211374,NO
1286.0530781512373,352.00010744564827,NO
1286.056231017646,351.00011382796885,NO
1286.0634574793091,350.00070722625503,NO
1286.0492162943187,348.998107065589,NO
1285.9923505020304,348.00062977796597,NO
1285.934848069665,347.00278759516465,NO
1285.9110700387164,346.00044155889975,NO
1285.9065776371804,345.0002788727172,NO
1285.901740514406,344.00058720807505,NO
1285.8945960547617,343.00062990404854,NO
1285.8857157869027,342.0011382889407,NO
1285.8758434872102,341.001606004596,NO
1285.8660490441014,340.0018604299846,NO
1285.8543447937232,339.0023028490478,NO
1285.8407446307895,338.001884678829,NO
1285.8192380990124,337.0053479850609,NO
1285.7841925474868,336.0095678183137,NO
1285.7532877105411,335.00437088684424,NO
1285.7460206407372,333.9987488700984,NO
1285.7492825181723,332.9995054881859,NO
1285.7459880450292,332.00200403901783,NO
1285.7330228851042,331.00395326430635,NO
1285.7148169028815,330.00619963259226,NO
1285.6986675167973,329.0041768859102,NO
1285.6923819471415,327.9996945203037,NO
1285.682872022464,327.0053750502264,NO
1285.649005354312,326.01529156023344,NO
1285.6006516303175,325.01411418397714,NO
1285.5707764516844,324.00498570103946,NO
1285.5615140798316,323.00279290382787,NO
1285.5565177988988,322.0009455910427,NO
1285.5527463161839,320.9995206284203,NO
1285.5426820382554,320.0034682836386,NO
1285.5153883220098,319.01072149770016,NO
1285.4671320368839,317.9823919189454,NO
1285.4290866066024,316.990087107597,NO
1285.4133633483311,315.9972685239697,NO
1285.4049229055552,314.9968749058663,NO
1285.3839330687751,313.9924389549508,NO
1285.3506123389918,312.99052399097934,NO
1285.3146605612455,311.99021955403225,NO
1285.2862770909883,310.9932856122694,NO
1285.2718468208734,309.99768641006636,NO
1285.263911614124,308.9977539437399,NO
1285.2395440673133,307.99186262241955,NO
1285.19328406095,306.9898056933864,NO
1285.153137557029,305.99550539653956,NO
1285.1224875819973,304.99642744561635,NO
1285.0737526495993,303.9953667234775,NO
1285.0101994765803,302.9992729497346,NO
1284.9556101774335,302.0021138010825,NO
1284.9084711667833,301.0050798037809,NO
1284.8495335422672,300.01263918229654,NO
1284.7840028074886,299.0153978195396,NO
1284.7308149776404,298.01274248597446,NO
1284.6847662020598,297.0156365971201,NO
1284.625484359651,296.02198573619256,NO
1284.5461353945811,295.02726057208315,NO
1284.444060507421,293.96976609431124,NO
1284.3662674636003,292.9766537985331,NO
1284.2923098888682,291.97942331969745,NO
1284.2121634891444,290.98371314093623,NO
1284.130035620022,289.98949207132534,NO
1284.0541391913257,288.99593549619897,NO
1283.9870789127763,288.0008493941297,NO
1283.9256253344456,287.0046438097127,NO
1283.863997816613,286.0089774841336,NO
1283.799521676117,285.01357507863094,NO
1283.7374724037334,284.0159575603341,NO
1283.683116282982,283.01585973408027,NO
1283.6293225874238,282.01916026361783,NO
1283.5591086138154,281.0228204651234,NO
1283.4713068978222,279.97316942411106,NO
1283.3966677151461,278.9746807842656,NO
1283.310991289099,277.9741113688588,NO
1283.2255484529887,276.9818524226445,NO
1283.155830551251,275.9903010027132,NO
1283.0945451738949,274.99396934078885,NO
1283.031947206232,273.99781362334204,NO
1282.972003196944,273.00176044812974,NO
1282.922798044257,272.0036540705465,NO
1282.8800186125966,271.00553020394386,NO
1282.8333338303821,270.0089820093384,NO
1282.7901721964186,269.007941689509,NO
1282.7605456117335,268.00572400937546,NO
1282.7403062353344,267.0041385457941,NO
1282.7227586930617,266.0057931018281,NO
1282.7113809175148,265.00114759075876,NO
1282.731760080255,263.98771012376886,NO
1282.7782864855963,262.9873749546995,NO
1282.8183551584393,261.99455065446887,NO
1282.8467694898857,260.9955518669043,NO
1282.884082353948,259.9941808409366,NO
1282.942410015351,258.99575775110776,NO
1283.0198654828948,258.0018390223492,NO
1283.1028659907995,257.0083347824515,NO
1283.182865134586,256.01415364825544,NO
1283.2758297442308,255.03051978306598,NO
1283.4007698708851,254.05014981063803,NO
1283.5721579236192,252.96289353047217,NO
1283.6747138385917,251.9734856209271,NO
1283.7615288718841,250.97891709039652,NO
1283.8607312593342,249.98379318401274,NO
1283.9754962236268,248.99668076336863,NO
1284.1000647511491,248.01371855527273,NO
1284.2317710867057,247.03045862288226,NO
1284.3801124254558,246.05035677734023,NO
1284.587798655254,244.95371467929994,NO
1284.709828396911,243.969378875324,NO
1284.8147936761138,242.97687233678113,NO
1284.9342844060066,241.98986940076088,NO
1285.0717667171189,241.01155123670347,NO
1285.2253319276185,240.03687249613316,NO
1285.401694738364,239.0604557278904,NO
1285.6225578558162,237.9595740638224,NO
1285.7504052885113,236.97070954801023,NO
1285.8710316960637,235.9818318462265,NO
1286.0006020884703,235.00009328130974,NO
1286.1399159551745,234.02163648754384,NO
1286.2916870477025,233.0435353801229,NO
1286.469131263073,232.06881992799072,NO
1286.6662654271886,230.96352441425395,NO
1286.7775922520766,229.97494616261199,NO
1286.8871998187503,228.9843987814674,NO
1287.0060032436331,228.00086109603356,NO
1287.134035306902,227.01802977625726,NO
1287.2790523746073,226.0408076619111,NO
1287.465702125343,225.06879690519906,NO
1287.6768357196095,223.9624539433218,NO
1287.791821000428,222.9749181936132,NO
1287.8951063661816,221.9871257311049,NO
1287.9990321587798,220.9998863107846,NO
1288.1097448571134,220.0132608369561,NO
1288.2351241161855,219.0303628783789,NO
1288.3806707680383,218.04705863811765,NO
1288.5601208472976,216.9645413322396,NO
1288.6692515525385,215.97378213664894,NO
1288.759947747194,214.9767538335388,NO
1288.8461746979804,213.98446516695313,NO
1288.9286244926682,212.99340708186656,NO
1289.0166489983392,212.00169887736374,NO
1289.121108351022,211.0145732046645,NO
1289.2387761012021,210.02843171731826,NO
1289.3570443295232,209.0332935234103,NO
1289.471805850101,208.03797334993433,NO
1289.606766044414,206.9662000167907,NO
1289.7096193968648,205.97328498284296,NO
1289.7867801152795,204.9851144420098,NO
1289.8415043788643,203.99203618073403,NO
1289.8920132805893,202.9932441274128,NO
1289.9661560523505,201.99648949981756,NO
1290.0620906260353,201.0070833086235,NO
1290.1559273448981,200.0124218851946,NO
1290.2285955378727,199.012442232935,NO
1290.2952932437865,198.0180528621955,NO
1290.3829227681356,197.0330920921694,NO
1290.4965547114787,196.04066364833696,NO
1290.5818067467044,194.99006452326438,NO
1290.6223123884813,193.98896111359056,NO
1290.6749485274977,192.9818866957503,NO
1290.729773295443,191.98685093463192,NO
1290.763328483782,190.995560949033,NO
1290.780719397442,189.9969724573206,NO
1290.8100152028826,188.99097101933808,NO
1290.85424520709,187.99200746399254,NO
1290.8882378400735,186.997878640329,NO
1290.9001925737614,186.0,NO
1290.918189522789,184.99704892054987,NO
1290.967829226775,183.99762541312975,NO
1291.0231073815216,183.0010353613381,NO
1291.0490533140357,182.00030032643045,NO
1291.0531946826256,181.0002171211477,NO
1291.0593933376588,180.00054600613677,NO
1291.0706525182957,179.0011582379962,NO
1291.084961645435,178.00157336386297,NO
1291.0988693151628,177.00112235545893,NO
1291.1069277929753,176.00055288414768,NO
1291.1082894650826,175.00022466692965,NO
1291.10554476342,173.99989017194514,NO
1291.1012811322048,172.9998943888041,NO
1291.0983164427826,172.00020568293584,NO
1291.09593953504,170.9996986192642,NO
1291.0928092010895,169.99941873153676,NO
1291.0867691165724,168.99900680512098,NO
1291.074900619901,167.99852527277818,NO
1291.0630393276099,166.99935011001315,NO
1291.0500435483875,165.9990751705945,NO
1291.0110316725518,164.99928103152564,NO
1290.9461516765953,164.0044422160692,NO
1290.8856717530655,163.00604127295858,NO
1290.8445183529477,162.0066260762305,NO
1290.8086356317474,161.00886120766674,NO
1290.768425675488,160.01091902513113,NO
1290.7170751202411,159.01717255422156,NO
1290.6476873229656,158.02334162643973,NO
1290.5733240626616,157.0194786834871,NO
1290.4996320893792,155.97609960372966,NO
1290.4061275057206,154.97021731584263,NO
1290.300116756665,153.97536838610984,NO
1290.2041170669838,152.98456257462493,NO
1290.121509487044,151.99024923853702,NO
1290.0446419088632,150.99620453404805,NO
1289.9619196205206,150.00375868160745,NO
1289.8690024111825,149.0142107835799,NO
1289.7684351945877,148.0246051971588,NO
1289.6436587540024,147.04341973091348,NO
1289.3351556288842,145.92523165088576,NO
1289.0904682562978,144.97520639988758,NO
1288.8956556432547,144.0242734601503,NO
1288.7014025935066,143.05809530954136,NO
1287.969331432101,141.01150071247406,NO
1287.7040863543614,140.08272502634188,NO
1286.9063544529768,138.04061614998759,NO
1286.4750865149222,137.2177832504833,NO
1285.9500862442533,136.0204428476903,NO
1285.0126809440862,133.99412150549617,NO
1284.7139960442312,133.1280208221209,NO
1283.7041909284296,131.13593130600805,NO
1282.6233751842278,129.21115353816336,NO
1281.6972017918872,127.59957266893989,NO
1280.7736656348432,126.13066162927215,NO
1279.9643870100174,125.02187038106075,NO
1279.4675550359068,124.33645294378832,NO
1278.8296470093023,123.10285463052189,NO
1277.9835743645249,122.01010808292709,NO
1277.5410708524557,121.266941601018,NO
1276.8751905517818,120.0688700800353,NO
1275.7466650638278,118.13798536886719,NO
1274.967611116911,117.01896454279887,NO
1274.522263914273,116.28524681491365,NO
1273.8682364242873,115.07565586940274,NO
1272.676944915136,113.21448010785218,NO
1271.8893438100902,112.07053373572833,NO
1270.662822301071,110.20194357857532,NO
1269.8961217516887,109.05997941750712,NO
1268.7643238881674,107.13939739894815,NO
1267.9502431468134,106.0295896251346,NO
1267.384997535959,105.35906977954214,NO
1266.8219071852807,104.10592170807537,NO
1265.9910898973294,103.0055924054502,NO
1265.5765334727507,102.28146579320052,NO
1267.7661251816237,99.09744784099017,NO
1266.9703190934256,98.06430862880057,NO
1265.996444888316,97.94311821305715,NO
1264.730157963929,97.42176705197865,NO
1261.9048111780319,97.06760116748612,NO
1260.9967450611225,96.00228684224376,NO
1260.5717811917675,95.30301641221718,NO
1259.800753761126,94.1379397071691,NO
1258.9257652408123,93.05105298622696,NO
1257.6801536015375,91.22766359203047,NO
1256.852110808368,90.10394707755869,NO
1255.9469175580766,89.04056969018953,NO
1255.0116638171846,87.99111395732207,NO
1254.5855570553492,87.32174744999756,NO
1253.7731985270982,86.17056970807295,NO
1252.8950435711781,85.0778709028238,NO
1251.9734398968103,84.02017018772973,NO
1251.0429726818775,82.96842396766112,NO
1250.6959946438494,82.24441473838002,NO
1249.820235620094,81.14366516050161,NO
1248.8954155525798,80.08564289080014,NO
1247.9486363151016,79.04438349135559,NO
1246.9927779694124,78.00598188409046,NO
1246.4581079437332,77.42570432589169,NO
1245.6897075000516,76.24441500462265,NO
1244.8227088855858,75.14173548388601,NO
1243.896889045873,74.08356005060614,NO
1242.9499412103467,73.04101508903481,NO
1242.0066158561183,71.99477695585472,NO
1241.5575577429295,71.34976854560533,NO
1240.7444771572962,70.20794801371234,NO
1239.8323236444476,69.14126320714789,NO
1238.8900683865247,68.09234254984244,NO
1237.9333622900422,67.0578926045203,NO
1236.9619691161356,66.03529994257126,NO
1235.982439241659,65.01630309015393,NO
1235.002053029979,63.9981157866786,NO
1234.4783803155296,63.46897022943102,NO
1233.608584066517,62.36087995510142,NO
1232.6745740354693,61.29996746837394,NO
1231.7341013575256,60.24675045844529,NO
1230.7755817212797,59.21153301271729,NO
1229.7987587111616,58.19235365554876,NO
1228.8162206675447,57.18146400400386,NO
1227.8197429279708,56.177440548682966,NO
1226.8213194830078,55.177002758550614,NO
1225.8298026950133,54.16757080877112,NO
1224.835136237274,53.16233904840028,NO
1223.8379687924305,52.163034499579844,NO
1222.8356696748367,51.16952243229655,NO
1221.825397435082,50.17792305399824,NO
1220.8101130184014,49.204372554079086,NO
1219.7751789655379,48.24582506172798,NO
1218.725959063839,47.29344206332609,NO
1217.683239869276,46.344812679982056,NO
1216.6046500232776,45.442602960860704,NO
1216.0148759536264,44.98321853846596,NO
1214.9890158926755,44.0127415640552,NO
1213.957341543836,43.049054027314334,NO
1212.9243893725238,42.089854393006796,NO
1211.877884887005,41.145337010532,NO
1210.8210045780665,40.207659080652554,NO
1209.7561407828546,39.28063511702808,NO
1208.666273425653,38.36491598098104,NO
1207.5649468904644,37.467854764757945,NO
1206.4943180078642,36.48059090251014,NO
1205.5983956202208,35.320233544325546,NO
1204.774687044146,34.17652724155283,NO
1203.8296492501886,33.21622618610832,NO
1203.0168440785724,32.95242286573389,NO
1202.0284151651088,32.73212501204818,NO
1201.0465542679417,32.58473593132971,NO
1199.9564900430325,32.377086295602595,NO
1198.9729852557925,32.244192102185465,NO
1197.9849218943978,32.131553015053115,NO
1196.9963816724496,32.03923875199665,NO
1196.0026634873248,31.965921021374726,NO
1195.0059030088012,31.905083365686718,NO
1194.0063540046544,31.856117094363825,NO
1193.0060445356594,31.818663918049772,NO
1192.0032291877117,31.794139296711204,NO
1190.9979474228248,31.790637130083823,NO
1189.994414222973,31.81008357471382,NO
1188.993790375766,31.841965071199112,NO
1187.996305470568,31.87094626423713,NO
1186.9984512307958,31.88848861979758,NO
1185.9990834381554,31.89765059105249,NO
1184.998265290471,31.90860819762616,NO
1183.997435524309,31.929334449733418,NO
1182.9986900270947,31.95405737832439,NO
1181.9995567178055,31.974524311424183,NO
1180.9998560077433,31.992610923893718,NO
1180.0001930765561,32.0104261336457,NO
1179.000632707426,32.029134670335495,NO
1178.0007874910211,32.047347898579865,NO
1177.001199582001,32.063844421061496,NO
1176.004565873744,32.09429521815384,NO
1175.0094033782723,32.146692700170746,NO
1174.0100262536337,32.20564959721263,NO
1173.0112790533703,32.25772637066577,NO
1172.015761866806,32.309754950882784,NO
1171.0185315269753,32.36692423109841,NO
1170.0276134471953,32.438300717166065,NO
1168.97591380215,32.54646200988153,NO
1167.9846291133679,32.62912808784921,NO
1166.983887104598,32.695094445926294,NO
1165.9820026719663,32.76967976060296,NO
1164.9869584363862,32.8521956153251,NO
1163.9945655386339,32.92734983517751,NO
1162.9992709328108,32.98925698048088,NO
1162.0061039965465,33.060915392365196,NO
1161.0195678962646,33.159916942354144,NO
1160.0328612420863,33.28273069047047,NO
1159.049650884054,33.43096966001431,NO
1157.962319718854,33.62765399050005,NO
1156.9730473723025,33.75544817807862,NO
1155.9844351479937,33.85908250598095,NO
1154.9950101923207,33.95975961453399,NO
1154.0111449843805,34.07460947839496,NO
1153.0303577244454,34.2115841273337,NO
1152.0480435812817,34.36917700176675,NO
1150.9544456112433,34.5900104888966,NO
1149.9705947610585,34.7348083046768,NO
1148.9827268640554,34.84666303985652,NO
1147.9941448883196,34.95117514474528,NO
1147.007425835985,35.057360193176685,NO
1146.0284054025665,35.1814467508133,NO
1145.0600377477238,35.34329276755226,NO
1143.9519112098683,35.60042588330026,NO
1142.973145569134,35.74333361945167,NO
1141.984385707709,35.85033848160521,NO
1140.9942654348201,35.95626846767269,NO
1140.0109438186605,36.07354552279247,NO
1139.031501466995,36.213043247648116,NO
1138.0662826336675,36.391753209867865,NO
1136.9556219958542,36.664618677915115,NO
1135.9768843711477,36.802628096093095,NO
1134.9895771412732,36.90888983963161,NO
1134.0016395793082,37.012998585088845,NO
1133.021480876002,37.13500232806461,NO
1132.0618482955706,37.29982979389117,NO
1130.9411278600116,37.615198053884136,NO
1129.9737874151365,37.77538526624838,NO
1128.9867409865312,37.88796133358319,NO
1128.000545091036,38.00359033307603,NO
1127.0228775246671,38.139939146752795,NO
1126.052143554671,38.31145206006091,NO
1124.93975039908,38.61255549837864,NO
1123.9718031087884,38.781138404247294,NO
1122.988285543387,38.894151516635745,NO
1122.0009843227106,39.006754490591206,NO
1121.0258128519138,39.143253783168085,NO
1120.0629607802375,39.32208259401383,NO
1118.9474167228166,39.622735875653724,NO
1117.975062594803,39.77094532183968,NO
1116.9856577754404,39.88354113706507,NO
1116.0013082424002,40.00791327076629,NO
1115.025975397866,40.152141622643114,NO
1114.0566394165508,40.32687976905885,NO
1112.9434551405773,40.62034164018604,NO
1111.9722787743315,40.78689308107495,NO
1110.9887318452788,40.90093822034034,NO
1110.0001143066586,41.000960950906716,NO
1109.0186569167224,41.119078714993755,NO
1108.0596038061058,41.28520101149209,NO
1106.9399492067425,41.60544402611924,NO
1105.9747866808755,41.76395529763571,NO
1104.9863742489395,41.86939846168145,NO
1103.996672556901,41.97379638628426,NO
1103.0124892659921,42.088518813544205,NO
1102.0405966822786,42.23072028462416,NO
1101.0911342008142,42.43900646315711,NO
1099.9617256959507,42.73207989181888,NO
1098.983171548828,42.864699248555574,NO
1097.997446812766,42.98285224211166,NO
1097.0196943034134,43.11619639417853,NO
1096.0525493121504,43.28755244052363,NO
1094.9366416812406,43.595624840922135,NO
1093.9715013641592,43.76963603329431,NO
1092.9866833404299,43.88493040402041,NO
1091.9994452822207,43.99610134942014,NO
1091.0193925540616,44.12377395753309,NO
1090.049687907888,44.28347587814867,NO
1088.9313370777847,44.579743934864844,NO
1087.969730006397,44.76032119181863,NO
1086.987311999784,44.87653599743484,NO
1085.9975929524871,44.98095210393022,NO
1085.0144053760682,45.09759135557755,NO
1084.042715532059,45.249081478806744,NO
1083.0963923417535,45.476119750416174,NO
1081.9655152485523,45.758095868710605,NO
1080.9865333696941,45.88519127073478,NO
1079.999725219353,45.99810306591261,NO
1079.0210537060123,46.126588735898125,NO
1078.0467549589202,46.28601135393804,NO
1076.9286832987418,46.57209981830771,NO
1075.9653749490456,46.766890498860135,NO
1074.987227022047,46.89467528417398,NO
1074.000899108481,47.006669505722684,NO
1073.0207319562055,47.1327127192686,NO
1072.053517631552,47.302339853903725,NO
1070.9394848958216,47.61161946963161,NO
1069.9741638932358,47.77499099674672,NO
1068.9886315886376,47.88063167756852,NO
1067.9979005181565,47.98386123443614,NO
1067.0158050153539,48.10396904712334,NO
1066.0387053434256,48.24749613933519,NO
1065.07866942047,48.43711024431515,NO
1063.9590906811682,48.70988736715518,NO
1062.9813291634518,48.84325910584583,NO
1061.9939807004641,48.94697782397163,NO
1061.0074956962815,49.054579773829,NO
1060.037691772467,49.20022392868353,NO
1059.0942424754357,49.428751475183546,NO
1057.9621978700845,49.7451755659737,NO
1056.9855210009223,49.875876617807286,NO
1055.997841215021,49.98199823165229,NO
1055.0132456975016,50.09466777798755,NO
1054.0338974867452,50.22974964007416,NO
1053.0744168949166,50.40880971354432,NO
1051.9534926538213,50.70111712686125,NO
1050.9818806057624,50.84013242407111,NO
1049.9941419677548,50.94153454210016,NO
1049.005529999309,51.04380110401856,NO
1048.025566330897,51.16662194348833,NO
1047.05713703847,51.33215664387773,NO
1045.9427227941883,51.62403759957177,NO
1044.9721191927579,51.794618479375785,NO
1043.9896160839633,51.9220431390913,NO
1043.0052864811207,52.038482474114566,NO
1042.0249607753894,52.165874095901884,NO
1041.064850042573,52.33839932603853,NO
1039.9417506814075,52.67598818004577,NO
1038.9786508214042,52.8405281039581,NO
1037.994825461547,52.95388306133727,NO
1037.0083017624736,53.06292862857643,NO
1036.0336261790267,53.19689291311835,NO
1035.0874817163333,53.40107737449487,NO
1033.9550525186278,53.7385130752183,NO
1032.985156742177,53.88029630503717,NO
1031.9987750213086,53.989971109222424,NO
1031.0176649312855,54.111567990255466,NO
1030.049687095214,54.27452119845943,NO
1028.9281946282383,54.59470927820534,NO
1027.9680174134696,54.79439767175063,NO
1026.99080022024,54.923588606069714,NO
1026.0038825371169,55.03172316862535,NO
1025.0267888163576,55.158237048393254,NO
1024.0732534573401,55.344651498717504,NO
1022.9442131280886,55.692316584506436,NO
1021.9806854578101,55.84469852446168,NO
1020.9950990437485,55.95108653565047,NO
1020.0095724784768,56.06453283180617,NO
1019.0472491754637,56.22253626945539,NO
1017.9165839350961,56.57468103408565,NO
1016.967246048583,56.78410071827,NO
1015.9890653517796,56.91644593651781,NO
1015.0036111408598,57.0293550794287,NO
1014.0189703814688,57.145439583975666,NO
1013.0480691186186,57.28971388606853,NO
1011.9216019688391,57.61876158220387,NO
1010.9704180087342,57.823794217488526,NO
1009.9944974373441,57.95477161805253,NO
1009.0085640440731,58.066906596896125,NO
1008.0345080715479,58.2014408642727,NO
1007.0923154483208,58.418970134722734,NO
1005.9579097401241,58.757454877419484,NO
1004.9873913727248,58.89590067250512,NO
1004.0017021700464,59.01240857322053,NO
1003.0285087161482,59.15215325935668,NO
1002.0706072426206,59.34977113325882,NO
1000.9425667425215,59.69932000845379,NO
999.9788223955761,59.874720440266984,NO
999.0008546863745,60.00609191349669,NO
998.0176425507435,60.1296929394133,NO
997.0494331782875,60.285937015817545,NO
995.9266275190407,60.61873320618393,NO
994.9707287433552,60.80882840626444,NO
993.9920854909981,60.93486748300703,NO
993.0057461243241,61.04569537065425,NO
992.0254249591717,61.17076195575777,NO
991.0663948460805,61.3490820886753,NO
989.9417065949076,61.70853297010905,NO
988.9823791611544,61.87863956966698,NO
988.0000279648774,62.00021539359611,NO
987.0247330383435,62.13361367985327,NO
986.0770346255792,62.33201923939557,NO
983.9827210288806,62.89653689423589,NO
983.0048164065073,63.032109378005856,NO
982.0297586780775,63.17430083626787,NO
981.0776778367652,63.375889312172006,NO
979.9481843937202,63.73562265002148,NO
978.9846408421001,63.90131992357335,NO
978.00384999748,64.02847865744552,NO
977.0263413169562,64.16090014423635,NO
976.0704380592401,64.35056166316178,NO
974.9430572056123,64.69687337601607,NO
973.9790492455377,64.8626249111668,NO
972.9983607685347,64.98674189589313,NO
972.0157397104424,65.10884785986053,NO
971.0600839642665,65.28371196970116,NO
968.9808732122227,65.88676472290949,NO
968.0030750476369,66.02081890282028,NO
967.0307585282511,66.16262934115787,NO
966.0807210933698,66.37449295550253,NO
964.9488497169194,66.7323531760652,NO
963.9830215238799,66.9046294746479,NO
963.0095141413867,67.05243348847407,NO
962.0449488494108,67.22573213347741,NO
959.967846901664,67.8506950194966,NO
959.0023418691999,68.01307762893627,NO
958.0245602377925,68.16096912951471,NO
957.0650276337539,68.34149242886608,NO
954.9853428907971,68.92534746891468,NO
954.0123329277706,69.07520078246792,NO
953.0477377438943,69.24129734344244,NO
950.9726362402326,69.86923147998479,NO
950.0036957524768,70.02265065485327,NO
949.0316814148988,70.17129442741947,NO
948.0954630827882,70.39808107749187,NO
945.9950407183076,70.97094444346281,NO
945.0198545608347,71.11539003956327,NO
944.0723347251981,71.30970499422062,NO
941.9871779475893,71.933298046405,NO
941.0138533184826,72.0808381894619,NO
940.0557281070802,72.25556121927232,NO
937.9841113563873,72.92673151543615,NO
937.013065680093,73.08209191155473,NO
936.0441692160884,73.24099344857206,NO
933.9696985156943,73.8642150452764,NO
933.0026620236015,74.01771744229684,NO
932.0258972442359,74.15764946827515,NO
931.0970535156579,74.37613827098816,NO
928.998376762168,74.99007136188386,NO
928.0214970288134,75.13043289562563,NO
927.0759997055138,75.3246589508399,NO
924.9912710387594,75.95271013133423,NO
924.0144319274458,76.09528895093807,NO
923.0619250657676,76.27114762780724,NO
920.9960433367467,76.98227631644845,NO
920.0256262387064,77.14761313021306,NO
919.0911892362254,77.35895399827194,NO
917.0001667893509,78.00092475424853,NO
916.0242070862656,78.1491761772756,NO
915.0855676509887,78.35625763007505,NO
913.0005981296574,79.0029430359732,NO
912.028156499785,79.16310777479733,NO
911.0878515998821,79.37631954658313,NO
908.9993527918812,79.99664260778482,NO
908.0219616528349,80.14523973121457,NO
907.0779896299334,80.34052898894493,NO
904.9958004767575,80.97811827429504,NO
904.0222812739644,81.13012790800364,NO
903.0654732402724,81.31945184786946,NO
900.9894924139988,81.95174478282422,NO
900.0197601468649,82.1124284202922,NO
899.0678525299768,82.30001461914156,NO
896.9944183765698,82.97568006814492,NO
896.028271683195,83.14340921089138,NO
895.0948024558646,83.3688677447937,NO
893.0063460605286,84.03185786183603,NO
892.0354836145757,84.19677277661322,NO
889.9661602771046,84.88224775362696,NO
889.0141641384392,85.06808365939241,NO
888.0446075711284,85.24703726240406,NO
885.9802409035846,85.92780330001453,NO
885.0227226944385,86.11180470037742,NO
884.05970250708,86.30651733876509,NO
881.9990345488793,86.9966069289006,NO
881.044224759884,87.19685159733086,NO
878.9804544899672,87.93554716070085,NO
878.0292454541368,88.12883807822605,NO
877.0789497523255,88.35527389631099,NO
875.0017062720285,89.0069369747136,NO
874.0432363233103,89.19963183069551,NO
871.9770347503559,89.91898133114383,NO
871.0235523414466,90.10593176068087,NO
870.0736147874538,90.320903301671,NO
868.0040220021048,91.01763217068965,NO
867.0437152431953,91.19846309020451,NO
864.9827568640079,91.9446830948586,NO
864.034925704228,92.14384654154158,NO
863.1050232102862,92.39984175017311,NO
861.0237487380057,93.09292164752469,NO
860.0748825389294,93.32425214313191,NO
858.0059030115383,94.02145559538019,NO
857.0564789262253,94.23491234419356,NO
854.9987090402519,94.99572176826933,NO
854.0552792119603,95.21068262887995,NO
851.9979907641616,95.99294599177759,NO
851.0436406675212,96.19338020488982,NO
848.9955512373464,96.98746021350188,NO
848.0563288568572,97.21733361018525,NO
845.9953587197235,97.98535750908204,NO
845.0543277385443,98.20713803740547,NO
843.0001872032947,99.00056276905556,NO
842.0685913657469,99.23391413243253,NO
840.015345421194,100.04988528178217,NO
839.0775559277746,100.29665141208669,NO
837.0266378430697,101.08211921405506,NO
836.0995402672022,101.35079916467426,NO
834.0451164383717,102.13339984876114,NO
831.9991777631781,102.99776490553033,NO
831.0803239482575,103.24694188134016,NO
829.0286181155149,104.08692086473984,NO
828.1116715705058,104.38268478017021,NO
826.0533377499684,105.15934443107008,NO
824.015602379553,106.0411646352828,NO
823.1133403119725,106.34160059829922,NO
821.0589256424914,107.17565454243477,NO
819.0104695081886,108.02865653949398,NO
818.1054473952188,108.29865423122773,NO
816.0603124318668,109.16464600701333,NO
814.0219135552607,110.05681074719267,NO
811.9823584610464,110.95450835039999,NO
811.0659511652884,111.19911370340165,NO
809.0236994720209,112.06330681161016,NO
808.1128229480262,112.37391511348102,NO
806.0575408075974,113.16707632872291,NO
804.0044205909023,114.01237512035681,NO
803.0878598029494,114.2797805142686,NO
801.060555878091,115.14119561234831,NO
799.0315736867649,116.0815864101046,NO
797.0009221462124,117.00218641544795,NO
796.1029965348143,117.27610515513761,NO
794.0636910999569,118.15813541841953,NO
792.0387190739795,119.09339274189301,NO
790.0049922823763,120.0125253935584,NO
789.1076450215598,120.29685955332714,NO
787.0579234670892,121.16280264223522,NO
785.0263273840379,122.0600515091473,NO
782.9949489603282,122.98732718724631,NO
782.1050497302962,123.25896661462914,NO
780.0752227415855,124.18605624795727,NO
778.042256192236,125.10025488517313,NO
776.0257470214472,126.05716914137848,NO
774.0039693086471,127.00948332311104,NO
773.1285336993124,127.31046965499098,NO
771.0826153473195,128.21348182302646,NO
769.0527053903585,129.1254574086665,NO
767.0233724213475,130.05725942704447,NO
764.9984200393527,130.99625880929594,NO
764.1128183341552,131.28417138616186,NO
762.0872071157672,132.19610534469695,NO
760.0715293928133,133.15764245625323,NO
759.7142454939045,133.31843690966252,NO
758.0584043436788,134.13560216049385,NO
756.0382725210918,135.08671406966343,NO
755.2081687054331,135.49842283572292,NO
753.1698832823253,136.38858360721062,NO
751.1479984929172,137.35043319669535,NO
749.1164391334728,138.2765828187565,NO
747.091612468017,139.2067153093386,NO
745.0831312023884,140.18420883916858,NO
743.0847730437416,141.17535795382904,NO
741.0818952770035,142.17737319184712,NO
740.7459831581152,142.41324543874256,NO
739.0633206778044,143.1520355842362,NO
737.9373296336669,143.85429534246225,NO
737.0505337615056,144.10909624578164,NO
735.9264693182174,144.8223170989388,NO
735.0345734886987,145.07982408789945,NO
734.2053561928665,145.4864374737878,NO
732.1761714816706,146.4024562633214,NO
730.1620308268842,147.33645979361958,NO
728.1878488747133,148.380720465556,NO
726.207356498239,149.44569732438742,NO
724.210389473643,150.4487498118112,NO
722.1785979777388,151.39291554330788,NO
720.1945451917259,152.4061932441747,NO
718.203129943029,153.44079782525964,NO
716.197951426618,154.42757509385189,NO
714.1962599252209,155.3978241706014,NO
713.0274953505409,156.05505086749548,NO
712.2441041096237,156.4868445105884,NO
711.0522882496745,157.09660772306458,NO
709.9437200088207,157.88843612038437,NO
709.0771884988226,158.15402454845255,NO
707.0866341411274,159.18122020229475,NO
705.0863788171778,160.17997305147546,NO
703.0902125756138,161.1905961813147,NO
701.0898626590608,162.18163728098148,NO
699.0908389726712,163.1882604817609,NO
697.1216802967635,164.23276724534756,NO
695.1784078100233,165.3313287996559,NO
694.0267615290728,166.04957280894186,NO
693.2486128468344,166.47049312505936,NO
692.0445856450128,167.088972249576,NO
691.297464454159,167.60292048379037,NO
690.0559996913925,168.11644795573437,NO
688.9421006219862,168.87876467656608,NO
687.6857719769955,169.40011013239626,NO
686.0713232714023,170.15383450159547,NO
685.6948213346321,170.3766956820441,NO
684.0776988479191,171.16154652383847,NO
682.0984030736411,172.19471245296728,NO
680.1530769379267,173.27799348675137,NO
679.0254454253685,174.04442851893452,NO
678.2842682908969,174.49326759988523,NO
677.0710737923134,175.13068407059578,NO
675.1005439606611,176.20327894917622,NO
673.1163477645892,177.22958158774676,NO
671.1347466352314,178.27153489586652,NO
669.1613375704834,179.3085933246172,NO
667.2128461504948,180.4286079926944,NO
666.0362504685386,181.07356471986114,NO
665.3149556993152,181.53419763575215,NO
664.0877554679801,182.15167839537168,NO
662.1661114222321,183.3052749821814,NO
661.0265208929694,184.04830396785695,NO
660.2704233399637,184.49050191061025,NO
658.6599519945171,185.36228680589593,NO
657.0870505378916,186.1667642381813,NO
655.1336604002622,187.25289701117185,NO
653.2165601074216,188.38505573062608,NO
652.04904553279,189.09081736151958,NO
650.9449098684595,189.89287351541097,NO
650.0921364288339,190.17605016162162,NO
648.1440570322684,191.27540315210436,NO
646.2162657104668,192.40500668543945,NO
645.0415688789079,193.07818487162095,NO
644.3335405867226,193.5944924626355,NO
643.0759931173039,194.15093077548462,NO
641.1334433448212,195.2405653010914,NO
640.0138399778948,196.02396943351795,NO
639.2653449713902,196.45526191386807,NO
638.0821067566707,197.1343416748655,NO
636.1766057818401,198.31891916767577,NO
635.0322298689745,199.0600861618349,NO
634.3154114698744,199.55556388503987,NO
633.0874284788331,200.15382985242533,NO
631.1812326107887,201.32084242721385,NO
630.0411096266707,202.071597239568,NO
628.9431838027366,202.90266548227112,NO
628.1067055663146,203.19076247203066,NO
626.2119864232047,204.36180373311805,NO
624.6080049589484,205.34947738319133,NO
623.143549086322,206.2396645542717,NO
622.0214304839902,207.03789588500888,NO
621.2915520967575,207.50983457716097,NO
620.0870017926761,208.1540116900235,NO
618.1659984862968,209.29428770993667,NO
617.0237417277214,210.04433102701478,NO
616.2895513449532,210.50314244411692,NO
615.0860021002584,211.14049847021818,NO
613.2242011543043,212.36257123324,NO
612.0777023684387,213.1210643671993,NO
610.179397780803,214.32621725381892,NO
609.0390970331629,215.06799484068983,NO
607.9481439088116,215.91747948430157,NO
607.1377438977069,216.21485811406174,NO
606.026069285673,217.04331813650242,NO
605.3514211160058,217.56316342105632,NO
604.1103433793245,218.17947418480705,NO
603.0027700298189,219.0048991505607,NO
602.2323724731717,219.40564775558616,NO
601.0630438393482,220.10637882830648,NO
599.1994111747506,221.3105301445079,NO
598.0731006996666,222.10803377958513,NO
596.9986492633351,222.99802230022453,NO
596.2771076111305,223.42592464584806,NO
595.0877855205001,224.1453783990255,NO
593.1923043258936,225.32909353409187,NO
591.5586306494254,226.2841060322269,NO
590.131867147282,227.21380927273296,NO
589.0271052783231,228.0433684447073,NO
588.3873206884158,228.59699805803822,NO
587.1390945318085,229.2168319991089,NO
586.0306363960552,230.050945913572,NO
585.3859954445312,230.60796740467535,NO
584.1449183188504,231.2119742202889,NO
583.0478631794748,232.07075787316293,NO
581.2149366963647,233.3064918788038,NO
580.0833812013179,234.1231430622986,NO
578.2382638063357,235.3800225772357,NO
577.0805396949809,236.12531736824403,NO
575.998866996647,236.99822361253518,NO
575.2664684552584,237.4097180064975,NO
574.1007661547321,238.15330717551097,NO
573.0175633673648,239.02708716554062,NO
572.352686272705,239.5397558904833,NO
571.124575377879,240.19646472210331,NO
570.0242827075228,241.03937012214533,NO
569.3592134337196,241.55740018030454,NO
568.1295220124983,242.19341623316177,NO
567.0325612342563,243.04895491330632,NO
565.959178695847,243.93964629584642,NO
565.1796857777515,244.25322512716386,NO
564.0757545500923,245.10595312247526,NO
563.0027266219644,246.0041016249466,NO
562.2854410151729,246.43402677539592,NO
561.1074258592096,247.16490990814123,NO
560.0223129728336,248.03348859618313,NO
559.406310049914,248.58581991817667,NO
558.1590801821775,249.23660463931793,NO
557.0596495132329,250.08865152005103,NO
555.2348063643157,251.35044975648833,NO
554.0958003167024,252.13871615286814,NO
553.0227652687082,253.0324574132562,NO
552.424159037686,253.58630840776763,NO
551.1814889642653,254.25366812824979,NO
550.0848779649549,255.11626141064906,NO
549.0208580641173,256.0281650288282,NO
548.4393923726209,256.5991713769492,NO
547.1816515391008,257.26174986407796,NO
546.0645176241089,258.0976981206948,NO
544.2607378410237,259.36114621651006,NO
543.1275441610815,260.1741732028543,NO
542.0502971289853,261.0703822279756,NO
540.9931643304665,261.99100005881365,NO
540.3315060457928,262.43040071902976,NO
539.1518654413483,263.2211067737631,NO
538.0570845237374,264.0830678241972,NO
536.992999380806,264.9904782576967,NO
536.3033138490007,265.4084797511599,NO
535.1439855253085,266.20222085883125,NO
534.0616208754516,267.08352596756697,NO
533.0109578760232,268.0136680687791,NO
532.468902198695,268.5669732370427,NO
531.2560687209893,269.32218279680825,NO
530.1353493534407,270.1873116247214,NO
529.0570558357311,271.07987816651297,NO
527.9942697455725,271.9921453586897,NO
527.2971092508124,272.40663683294537,NO
526.1395733652377,273.2013128062807,NO
525.0586726364673,274.0811092100417,NO
524.0027477797621,275.0036563552322,NO
523.3537118064104,275.46776265541615,NO
522.1779726564213,276.2357473715107,NO
521.0968341114459,277.1264268770489,NO
520.0413874666054,278.05179940940593,NO
518.9975644086394,278.99703381089677,NO
518.4028597765129,279.47263342463503,NO
517.2414323595252,280.29770606188754,NO
516.1450374115626,281.18677109765156,NO
515.0820528239145,282.1058523019298,NO
514.0244547747167,283.0323689428958,NO
512.9698180864085,283.95972510020107,NO
512.2474413421459,284.3143173818525,NO
511.14692785470936,285.1901725656116,NO
510.0810617903654,286.1049594038571,NO
509.03214564835366,287.0397921904849,NO
507.9908077147349,287.98870582019333,NO
507.35016108210516,288.4240287130383,NO
506.1846919342457,289.2503758653864,NO
505.0879758024226,290.12141597639595,NO
503.49020706837894,291.36158958808767,NO
502.9838403560443,291.9802925240256,NO
502.3260842826782,292.3988361428888,NO
501.2044930107897,293.2574117203699,NO
500.1328057448782,294.162068027013,NO
499.08194273622496,295.1012233754764,NO
498.0327548813271,296.04109810292,NO
496.98777283654044,296.9847906008694,NO
496.33630003394603,297.41073263792396,NO
495.20259421308674,298.2538932975248,NO
494.12614615774424,299.15687128572426,NO
493.07558495589495,300.0903865104855,NO
492.0399679472346,301.0457551622969,NO
491.01170448467525,302.0133987825112,NO
490.5123194322295,302.5826809050728,NO
489.2861748830514,303.3627166616529,NO
488.18093675647293,304.22856909373786,NO
487.11440315520736,305.1427130833929,NO
486.0597591192331,306.0750126604459,NO
485.0180573288604,307.02163625795146,NO
483.98362058787154,307.98069054733077,NO
483.34843297366206,308.408910486973,NO
482.2436756105424,309.287412251102,NO
481.17105262540923,310.205741617812,NO
480.11744714717975,311.137889515555,NO
479.0780039609051,312.0885807661824,NO
478.0502047053944,313.0563491598881,NO
477.01903008447687,314.0216415113654,NO
475.9920934928781,314.991025660159,NO
475.40846092864007,315.4683574541962,NO
474.2703028024181,316.32633484691917,NO
473.1906981845112,317.2259248513758,NO
472.1425793907091,318.1628804370466,NO
471.1044021662562,319.11865389131634,NO
470.071050534736,320.0811069154048,NO
469.04049284804864,321.04560648391174,NO
468.01741098249494,322.0192230957752,NO
466.9967825080795,322.99638089211834,NO
466.4308722770379,323.5083932291514,NO
465.2939279667179,324.3470610949925,NO
464.21686045851425,325.2486150184905,NO
463.1674201064575,326.1889495828824,NO
462.13474335885155,327.1468163649829,NO
461.10500849139277,328.11343509912484,NO
460.08541631124194,329.09104253555853,NO
459.0666669813191,330.0711768049702,NO
458.039589652506,331.0451110597256,NO
457.0088827519409,332.01034364534524,NO
455.9811460693737,332.9790843446945,NO
455.3951732404597,333.43916864574646,NO
454.3174421532463,334.3459229358825,NO
453.2763451472614,335.29004013443455,NO
452.24729817209413,336.2601115538745,NO
451.2230245547532,337.2390915209577,NO
450.1893823195447,338.20924982419683,NO
449.1368577141951,339.16294765214417,NO
448.09993427077353,340.11136415688435,NO
447.0822346976175,341.08683016597183,NO
446.0740632939388,342.0761976822108,NO
445.0672659562585,343.06822416473335,NO
444.0588952523728,344.0607409753486,NO
443.0505782813504,345.0520172073755,NO
442.0334895055728,346.03648136302803,NO
441.01166473034505,347.01304696742204,NO
439.9901930490782,347.98947276433887,NO
439.47291421196576,348.4955236679114,NO
438.42067342045834,349.44023962859325,NO
437.3764971817857,350.3848948831933,NO
436.3586373006304,351.3665194323882,NO
435.3523341928647,352.35615698165486,NO
434.33122836767706,353.3407772708294,NO
433.296307709424,354.3109919921772,NO
432.25887479416815,355.2777839170074,NO
431.2240450785655,356.23368939272456,NO
430.2092620830562,357.2153570833678,NO
429.2101117602649,358.20679245582375,NO
428.21964050157527,359.2141236163811,NO
427.2166048947636,360.2193729929946,NO
426.2073234023461,361.20928545646353,NO
425.19336368738567,362.20581866819936,NO
424.1695838957248,363.18202546759846,NO
423.14794108554145,364.1529176993086,NO
422.14981417919824,365.1467161010834,NO
421.1583433575935,366.1509246394246,NO
420.1789779431008,367.16843433094255,NO
419.21150296956955,368.1987426110583,NO
418.24808961288164,369.22971260452005,NO
417.2445662118022,370.25426802340974,NO
416.2297832299127,371.2411962957645,NO
415.21668577976413,372.21464477541747,NO
414.2191018941338,373.2191018941338,NO
413.24319427184224,374.23093880967207,NO
412.2695496810669,375.2549096038142,NO
411.2974636557174,376.28763015846346,NO
410.3393959559947,377.3242858501818,NO
409.37033483095985,378.36507250288685,NO
408.3820824313409,379.3752717173386,NO
407.40541947504744,380.39083602861933,NO
406.4735286505146,381.4574768291924,NO
405.99187130195645,381.992467123001,NO
405.0121439496278,383.01085069827786,NO
404.0362563927005,384.0323802216761,NO
403.0634656198375,385.0564785793537,NO
402.0812566614056,386.0764316989255,NO
401.0825339651529,387.0843886592599,NO
400.08117779376107,388.08027582220654,NO
399.0948431998717,389.08863245987476,NO
398.1256375972415,390.1139022189455,NO
397.1767865128643,391.15026853593463,NO
396.2358350694176,392.2090436445903,NO
395.30056824363385,393.2699370934825,NO
394.38682493186303,394.3400944112173,NO
393.42573418773696,395.4179082111175,NO
392.4545731673603,396.4511294095549,NO
391.54731133979294,397.50569071724084,NO
391.00205309213874,398.0018683665139,NO
390.0294496081124,399.0260732205931,NO
389.06193420551824,400.05442218705207,NO
388.09119689356976,401.08290626421024,NO
387.14336772080384,402.1198900454893,NO
386.2178233589065,403.17578192837726,NO
385.2779295444492,404.2477666479803,NO
384.36437513574066,405.3244270342493,NO
383.5304375491778,406.4647367059574,NO
383.00422183097044,407.00359755023186,NO
382.04303009632997,408.0372344297948,NO
381.082866939079,409.07069318497526,NO
380.1255251132068,410.10697786620193,NO
379.18625420242836,411.1567639471808,NO
378.2646939882433,412.2263093537733,NO
377.34231677631163,413.30729427680274,NO
376.477904805099,414.4310684131633,NO
375.9937525576517,414.9946044819438,NO
375.02836605028983,416.02439118937036,NO
374.07565284689485,417.06408932806534,NO
373.1279277058729,418.1086438588662,NO
372.1870116011694,419.15698438887546,NO
371.27455411137896,420.23257336709344,NO
370.4364276915884,421.3519108140405,NO
369.9892600352887,421.9916496118289,NO
369.0447292758767,423.0361664924559,NO
368.09642867332286,424.0803152656921,NO
367.15024309654626,425.1257136130639,NO
366.20720167023427,426.181073594176,NO
365.31493924887366,427.2639490917682,NO
364.50154408441927,428.4243834620717,NO
364.00195097181455,429.00158470673614,NO
363.0659376215902,430.04984325967274,NO
362.1416475771521,431.11121401280184,NO
361.2201764060322,432.18900098785184,NO
360.30607874253053,433.2771185961206,NO
359.42967245892515,434.3768129429979,NO
358.98679640754506,434.98902514713274,NO
358.0282353382685,436.0234200081258,NO
357.0852374994265,437.0652327795858,NO
356.17776911089186,438.13224871754704,NO
355.3386647019407,439.2605924671812,NO
354.0579059840907,441.0409544144576,NO
353.1356558868772,442.1060319676578,NO
352.2398725822518,443.18710754739726,NO
351.3942470104184,444.3232825606987,NO
350.9801147820367,444.9844950055988,NO
350.05289796303816,446.04035720947616,NO
349.13434231151007,447.10472634279597,NO
348.2375230990665,448.1837571233008,NO
347.371703102837,449.3123295727807,NO
346.9746831006278,449.98021025317337,NO
346.3661196048314,450.5283015946334,NO
345.1196042593207,452.09565146919806,NO
344.20701694220384,453.1666812610141,NO
343.37021419876237,454.2835184505536,NO
342.9813489266376,454.9867491158317,NO
342.06926847991974,456.0502196466669,NO
341.1660112716652,457.1236728269566,NO
340.2945064294935,458.2257294849853,NO
339.6022583747492,459.4735147240946,NO
339.04037372781625,460.02878176307297,NO
338.12997658519294,461.09769482571363,NO
337.2454143152349,462.1793279889703,NO
336.52011821807696,463.3815369858853,NO
336.0255390912132,464.0174353415775,NO
335.1167142557867,465.0858501549851,NO
334.22279377510176,466.17244489643144,NO
333.39341460522877,467.317858166851,NO
332.9885904411981,467.99175820565233,NO
332.070683471198,469.05061394288384,NO
331.1843845961381,470.1323346223573,NO
330.42996548373054,471.29849398338337,NO
330.0125935590528,472.0079151101911,NO
329.128734533631,473.0902771327048,NO
328.25780376044503,474.1906141118305,NO
327.5476231321724,475.41095459567146,NO
327.02911528910766,476.0199948371488,NO
326.1374072661998,477.0975993124937,NO
325.295269253543,478.2151673440152,NO
324.33757546636804,479.55229240289964,NO
323.19715045941984,481.13518888198126,NO
322.4317732306295,482.3134605602493,NO
322.01590765828666,483.0099399979097,NO
321.1494340223866,484.0985785470621,NO
320.3103096336884,485.2275603965091,NO
319.0980935354818,487.05881017261424,NO
318.2859847946226,488.1888283218219,NO
317.37302670937584,489.5738290770051,NO
316.21862182566946,491.1429997032955,NO
315.51078181878376,492.3634087065511,NO
315.0322331458527,493.02145079836896,NO
314.16844565406,494.109437366126,NO
313.43830189661276,495.285849075213,NO
313.0131994479852,496.00857660019744,NO
312.13540935044955,497.0908233442211,NO
311.2928342616762,498.21069281389117,NO
310.34801552798416,499.54227118099703,NO
309.199181894887,501.1327879251685,NO
308.56386862845176,502.3578567750095,NO
308.04269931334693,503.02594509979747,NO
307.21917831302096,504.13581326654077,NO
306.92833652234515,504.9552715412276,NO
306.0562662970703,506.0349041784277,NO
305.21719840065435,507.1325826562634,NO
304.6035042227198,508.41472090097415,NO
304.0497273741331,509.0324259131077,NO
303.2043523010663,510.12810144074297,NO
302.6111191759998,511.37748435254576,NO
302.0559676595666,512.0342825425124,NO
301.21979957345064,513.1446782079889,NO
300.5987223726815,514.4055861373339,NO
300.0437702682498,515.0285072953004,NO
299.1819650502076,516.1204047296676,NO
298.4899779595913,517.3199399623032,NO
298.0246438378801,518.0148833684993,NO
297.2126261570737,519.1191417739267,NO
296.31434649370755,520.5720267125336,NO
295.27968503000477,522.1707168438521,NO
294.0970807421125,524.060203392561,NO
293.30612726265514,525.2015548606614,NO
292.1118738732899,527.0667137756556,NO
291.3902089047601,528.2365401353178,NO
290.18419071311365,530.1066367299801,NO
289.8990174709339,530.9441968104605,NO
289.07613350939414,532.0410971507332,NO
288.315125520142,533.1902644550559,NO
287.15892968461304,535.0859723434438,NO
286.54190464612356,536.3160433425388,NO
286.0413187442363,537.025250344662,NO
285.2293067676962,538.1414010217787,NO
284.3530759604378,539.6291775026256,NO
283.3790025728381,541.2217006581943,NO
282.2090221480675,543.1113950402487,NO
281.35134652140505,544.6546384759438,NO
280.3389338169964,546.2200930603003,NO
279.1229484422839,548.0783997814947,NO
278.31546659215655,549.2113492722646,NO
277.1409444940641,551.0787390248588,NO
276.5876074531126,552.3129270429839,NO
276.0638703012008,553.0344240598688,NO
275.3144036241727,554.1751265246395,NO
274.1918210392667,556.1012578438402,NO
273.28229528284305,557.6035535892302,NO
272.42467074665484,559.2352664015519,NO
271.2541349370709,561.1450808614173,NO
270.0991095439587,563.0577281649387,NO
269.35928365837367,564.2190015549611,NO
268.1737742010026,566.0974316481609,NO
267.8934424388548,566.9436732320659,NO
267.10729711779385,568.0537089065575,NO
266.51674660570893,569.2722482205837,NO
266.0597848190098,570.0309872483781,NO
265.35013380092914,571.1794725529187,NO
264.2432638134394,573.1285340914379,NO
263.15671792057736,575.079643534353,NO
262.6106999273921,576.3305623473486,NO
262.0727076110352,577.0383961546653,NO
261.3644467064558,578.203928636953,NO
260.2291452807218,580.1241445315982,NO
259.12168981474605,582.0655472077007,NO
258.5797013603824,583.3059776967694,NO
258.0896733516534,584.042403677799,NO
257.46476142949683,585.2362972476642,NO
257.04808386371144,586.0236958122889,NO
256.32828097879496,587.1773776303025,NO
255.23432585551146,589.1209802645798,NO
254.15917242340447,591.0778217559657,NO
253.3003426133683,592.6307671772378,NO
252.5007637441354,594.2723451909005,NO
252.0567637372121,595.0284133687716,NO
251.35099200069823,596.1903199071221,NO
250.23407989485437,598.1226413525743,NO
249.20675383809498,600.0960898937826,NO
248.17812090579568,602.0884197297887,NO
247.37748498490777,603.6719047674021,NO
246.58203934343004,605.3112415955125,NO
246.0759758106899,606.0391857222261,NO
245.41615559368665,607.2220271507501,NO
244.35040276316707,609.1758975452863,NO
243.29236308280727,611.1456200316536,NO
242.28385154016294,613.1349458138687,NO
241.27008716364014,615.1283249953052,NO
240.2817094109752,617.1374627669489,NO
239.23456363179955,619.1224451705009,NO
238.160521669788,621.0817823656042,NO
237.30636520530635,622.6302073236413,NO
236.8621533220088,623.9361966787653,NO
236.1171791315363,625.0545602938431,NO
235.59671475934908,626.3019305201559,NO
235.09267411792788,627.0457637106159,NO
234.50599804792455,628.2606656595099,NO
234.07191416593926,629.0341731041199,NO
233.44877085556664,630.2207069759485,NO
232.48164071475853,632.2203671261312,NO
232.07223034297724,633.0327454794274,NO
231.50849962652217,634.2448331522647,NO
231.07650650859645,635.0352065332856,NO
230.4693137785203,636.2304141356567,NO
230.05689418178542,637.0270746428332,NO
229.4409846728582,638.2159554526826,NO
228.45071551914165,640.213367372804,NO
227.45254092664592,642.2164858026392,NO
226.4917331163918,644.2319239201177,NO
226.07517672727772,645.0342897109863,NO
225.53922962459666,646.2474289433229,NO
225.09168366954376,647.0413124040547,NO
224.8336861099671,647.9359491393249,NO
224.1314602581577,649.0607985274264,NO
223.34511331739927,650.6794398547357,NO
223.14422405584122,651.0690051640053,NO
222.1150385984878,653.0569434667522,NO
221.850909356915,653.9344529530914,NO
221.11644985231635,655.0554461554403,NO
220.2850613258379,656.6617954760808,NO
220.1347791077267,657.0639375308378,NO
219.3053743901432,658.6646276873602,NO
219.13085870195326,659.0638192345642,NO
218.2704872687136,660.6424830637314,NO
218.1278608896499,661.0619414998167,NO
217.32658797184664,662.6996150580195,NO
217.15359649727816,663.0700977306053,NO
216.2085189940818,665.0928617354166,NO
215.25875889663143,667.1188557629594,NO
214.2493833978833,669.1186272136645,NO
213.25455897922427,671.1183502534411,NO
212.31427924931603,673.1382828651966,NO
211.38424050306025,675.1604573194281,NO
210.5220891421839,677.2177698046956,NO
210.084230791789,678.038598265189,NO
209.14911667914114,680.0620786173313,NO
208.22820704967137,682.0956494199766,NO
207.31649571830994,684.1328219456558,NO
207.00968503983793,685.0041392495672,NO
206.04574883578522,687.0206561477399,NO
205.09839514073414,689.0431263802193,NO
204.27490426185778,690.6838245423811,NO
204.1502494676069,691.0666865130999,NO
203.19815431722958,693.0848603013776,NO
202.2552479723438,695.1125479387063,NO
201.97669993194836,695.9900896720436,NO
201.04411602487156,698.0185350137292,NO
200.10398435061924,700.0439385926236,NO
199.18447527207192,702.0761036573085,NO
198.24802635481504,704.1022270740281,NO
197.31521830808973,706.1337063424052,NO
197.00720313297074,707.0033584700578,NO
196.04922942261442,709.02193086424,NO
195.5007711968389,710.2099159179442,NO
195.0964269112755,711.0381838352108,NO
194.22246342066612,713.0831776952083,NO
193.9614647755635,713.9839403365967,NO
193.04462716891575,716.0176349294446,NO
192.15002492359645,718.0569495250697,NO
191.28411780709078,720.1006515973239,NO
191.01311900591946,721.0050066411472,NO
190.09027891141943,723.0383922959649,NO
189.14836718790147,725.0612786577952,NO
188.21620733796775,727.0892554523432,NO
187.32733145519913,729.1207963639856,NO
187.02532642571154,730.0103788166426,NO
186.09193767691053,732.0381109171997,NO
185.20905404353564,734.0692408315036,NO
184.33956804294104,736.1194128157415,NO
184.0388897227092,737.0150128704728,NO
183.12924631732477,739.049585065215,NO
182.22149450022053,741.080433660491,NO
181.32989616731763,743.1260452339378,NO
181.03712339645858,744.0143256260833,NO
180.17501852585121,746.0587099187603,NO
179.3477791917246,748.115658669573,NO
179.0503216078006,749.0186163880727,NO
178.19336084777675,751.0616932919119,NO
177.954078958599,751.9819595905631,NO
177.12529588779807,754.0363844891382,NO
176.3192468572928,756.1008906532109,NO
176.04027735951206,757.0140310469438,NO
175.16692969097159,759.056827130295,NO
174.9325427114747,759.9747300600029,NO
174.0911083180389,762.0300563537576,NO
173.28426792157848,764.082121842248,NO
173.02821711591196,765.0099157121147,NO
172.19202529425726,767.0547770987923,NO
171.96863050963447,767.9898692505118,NO
171.15821570136038,770.0451336327533,NO
170.9284931430957,770.9751117044491,NO
170.0835213040694,773.0269172292077,NO
169.2495125218855,775.0770919087812,NO
169.0080870257385,776.0024959957384,NO
168.19914201457033,778.0589971515695,NO
167.9735803054427,778.9914872930908,NO
167.14617926211181,781.0434503114558,NO
166.9275875985321,781.9759136714878,NO
166.12080191934743,784.0335839351228,NO
165.35824956955787,786.106597008693,NO
165.0870527182902,787.0250647143034,NO
164.2966805376306,789.0855874300134,NO
164.0552260618915,790.0152680484522,NO
163.29374555216722,792.0826986333387,NO
163.06534248540842,793.0160022419178,NO
162.338693455599,795.1002215713797,NO
162.0966267438698,796.0239076481665,NO
161.89905618623567,796.9698563112585,NO
161.13834266521062,799.0322560625057,NO
160.94598371661286,799.9858675076202,NO
160.1871910001005,802.0493449049953,NO
159.98041458109023,802.994676991931,NO
159.2030053530408,805.0539301465808,NO
158.99776407291444,805.9994169143172,NO
158.23041895156723,808.0624312516625,NO
158.02298634376058,809.0055354871596,NO
157.29032957208878,811.0820568219946,NO
157.06880538724172,812.015845662731,NO
156.3738056839577,814.112548504783,NO
156.11670627580966,815.0269322166708,NO
155.93015098865226,815.9823378671136,NO
155.19077833755034,818.0475415543218,NO
154.9917359440951,818.9979509206498,NO
154.21850917789607,821.063671548526,NO
154.00673256587044,822.0017841995899,NO
153.2265537346886,824.0641568073393,NO
153.02513947570176,825.0052831183648,NO
152.33785284059687,827.10076312716,NO
152.10456072744137,828.022973301823,NO
151.91923683938347,828.9804185053597,NO
151.16969217024885,831.0436560056689,NO
150.9804989980449,831.9954597667781,NO
150.25893884039112,834.0698815900904,NO
150.05037080680995,835.0108743492973,NO
149.31582246347304,837.1065199968895,NO
149.0793488057189,838.019017483317,NO
148.88943329489467,838.9710142249616,NO
148.14046569556896,841.0329634088421,NO
147.9625953425649,841.9925343046006,NO
147.28210087627738,844.080738107351,NO
147.07110172871862,845.0148581590256,NO
146.90158929295416,845.9799120421031,NO
146.1956250168882,848.0508283343454,NO
146.01537272647514,849.0028940556712,NO
145.3546649060397,851.1156515973787,NO
145.11101656309896,852.0237234552015,NO
144.95119408370013,852.9920206972159,NO
144.31629115438784,855.0931567657567,NO
144.09801846179818,856.0204120919615,NO
143.9338614987214,856.9873380471317,NO
143.26675741822305,859.072253150385,NO
143.06288947923142,860.0132229154045,NO
142.89555041226927,860.9779483364881,NO
142.20236318892722,863.0511418967452,NO
142.01697560360637,864.0032448336977,NO
141.85045407660584,864.9689738765804,NO
141.16407294244763,867.0401847103938,NO
140.9948636617537,867.9990698784295,NO
140.36827229367304,870.1143842080465,NO
140.11802589407998,871.0268747319283,NO
139.9534068376699,871.9921955286768,NO
139.3610744279903,874.10248459724,NO
139.1235322219233,875.027218964536,NO
138.96559760759305,875.9943467014054,NO
138.3703344227367,878.1144995292118,NO
138.1264918337775,879.0294167050346,NO
137.95826169372606,879.9918044216785,NO
137.300972986663,882.0863903882715,NO
137.08262071553608,883.0177834489962,NO
136.92527574681645,883.9874211681561,NO
136.3204796397546,886.08889761934,NO
136.10092102452344,887.022076475269,NO
135.9378507009721,887.9885976081256,NO
135.3095193867394,890.0871885619396,NO
135.0882883345136,891.019989811868,NO
134.92882010443606,891.987430391808,NO
134.2773447340755,894.083491324198,NO
134.06274641655222,895.0135615317912,NO
133.8984849039442,895.9803552356817,NO
133.26106200951315,898.0682687379241,NO
133.06565952564952,899.0137803939018,NO
132.90446576098637,899.981434643003,NO
132.29760761010525,902.0734622680211,NO
132.08773261014267,903.0186431789202,NO
131.92712361281934,903.98729409623,NO
131.76422013054483,904.9581880393813,NO
131.39571883072227,906.0996346680904,NO
131.14828234199965,907.0358362269359,NO
130.971899507076,907.9945155978189,NO
130.81891456909042,908.9717741323211,NO
130.22092592575575,911.0598494991486,NO
130.0275770376113,912.0059802208973,NO
129.8732522642811,912.9787901978673,NO
129.29649129811162,915.0798115215508,NO
129.07273464808011,916.0175046038987,NO
128.91259760779513,916.9874396958205,NO
128.78536588051705,917.9747107841617,NO
128.61131433039722,918.9278592412352,NO
128.22194741165646,920.0586645139435,NO
128.0393463557788,921.0075155962757,NO
127.90384649383525,921.987300480836,NO
127.3500832611354,924.1023320285058,NO
127.11330349580665,925.027307819737,NO
126.95216398887007,925.9917557172511,NO
126.80666795254791,926.9678109064574,NO
126.59262505168148,927.9170162169847,NO
126.20614129005824,929.0489529408891,NO
126.02668528786751,930.0051631411233,NO
125.87779288686598,930.9803049610432,NO
125.71716462116584,931.9535106224796,NO
125.34730359072843,933.0867259838943,NO
125.09706930161883,934.0272367458184,NO
124.18124542174081,936.0944881322473,NO
123.90576349364768,936.9488308575662,NO
123.12673032726238,938.0588241101322,NO
122.41249685203687,940.1185561068635,NO
122.12938096905476,941.0386355489735,NO
121.94526155520917,941.9890083445598,NO
121.80249424316304,942.9760002965862,NO
121.66931547275217,943.9575685815026,NO
121.39326635561142,945.0710939198096,NO
121.21250001135013,946.0307475912498,NO
121.07477748652957,947.0105287930072,NO
120.95270047878093,947.9934856945674,NO
120.84025053517979,948.9824953692728,NO
120.73367755645037,949.9736367680935,NO
120.60117374411726,950.9560725717778,NO
120.34109693092297,952.0625408315634,NO
120.15486925532875,953.0286549516541,NO
120.00538938886844,954.0008724624902,NO
119.88604885884473,954.9856993590078,NO
119.78172248098474,955.9760851310882,NO
119.64842130457674,956.9512737391366,NO
119.334145766309,958.072247733256,NO
119.13945622090498,959.0268866861015,NO
118.98821782324198,959.9979685902141,NO
118.86033240248382,960.980166369415,NO
118.73540272320058,961.9677320392209,NO
118.57566249102895,962.9478389130268,NO
118.30755640783069,964.0535613043724,NO
118.14007416717578,965.0239792941524,NO
118.0069478847775,966.0010085638586,NO
117.8906984749702,966.9859314875278,NO
117.77528240021375,967.9718821823221,NO
117.64118828318641,968.9601320299709,NO
117.42065953429483,970.0591478516203,NO
117.24182396210779,971.0394391010693,NO
117.09220625168876,972.0148290468613,NO
116.96820695570355,972.9959860483674,NO
116.86485195470061,973.9862312081698,NO
116.77146131385064,974.9778980532444,NO
116.66434981891814,975.9659077813727,NO
116.46745308476775,977.063694530158,NO
116.2874138370791,978.0404274412097,NO
116.13562428881646,979.0202789243446,NO
116.00756975360656,980.0010524374427,NO
115.90093019278363,980.988837204444,NO
115.80598318584013,981.9801156893504,NO
115.69936485870949,982.9659831801039,NO
115.49857524336744,984.0764405982286,NO
115.29987403829715,985.0498162101018,NO
115.14700827488714,986.0219277051655,NO
115.02203442937756,987.0027233565273,NO
114.91736451216548,987.9902684758521,NO
114.81941932654414,988.9795401201478,NO
114.71646972909471,989.9693787290764,NO
114.58921872585744,990.9584406610559,NO
114.39090235290709,992.0526626349321,NO
114.24538930689346,993.0329782449965,NO
114.11420437056739,994.0155092360392,NO
113.99746289933887,994.9996783956898,NO
113.89983059511984,995.9900822372593,NO
113.81825650127843,996.9842584380925,NO
113.73254982703243,997.97349592747,NO
113.61898532820443,998.9612527464019,NO
113.42383976315479,1000.0528619763888,NO
113.26777775212362,1001.03336527907,NO
113.13870074818618,1002.0160812466188,NO
113.02470638690838,1003.0028845019636,NO
112.91880173469175,1003.9902043966961,NO
112.81998154864559,1004.9812185473768,NO
112.72961855101482,1005.9764420129062,NO
112.63546689518292,1006.9676805694531,NO
112.46776328877934,1008.0605586363,NO
112.3050188977826,1009.0417119866881,NO
112.16499430614408,1010.0225458061013,NO
112.04055652958009,1011.0053828829404,NO
111.92561755736385,1011.9908783242803,NO
111.82167392956033,1012.9820618737573,NO
111.73375949539266,1013.979762568214,NO
111.65170212647786,1014.9759306356871,NO
111.54754573565373,1015.9695085153227,NO
111.38951412354254,1017.0428037496795,NO
111.24813040801989,1018.0337755197419,NO
111.11370946272623,1019.0164485388271,NO
110.99644065707041,1019.9995500522274,NO
110.89817490524784,1020.9890057668409,NO
110.80845903506803,1021.9785474122493,NO
110.70668981048642,1022.9664102844338,NO
110.57074783616476,1023.9520965854086,NO
110.36072240310709,1025.0459243970363,NO
109.15678415968169,1027.2462406014968,NO
