X,Y,is_wing_root
59.812669262579945,1159.9685912524537,NO
59.60026930230787,1160.922501193245,NO
59.272531064912954,1162.0433572133772,NO
59.153302065039014,1163.0104366009846,NO
59.106949932318656,1164.0025164690262,NO
59.093900889619704,1165.000411244745,NO
59.11050012342218,1165.9950961480592,NO
59.20163585034613,1166.9669240869775,NO
59.43189673071451,1167.8783828749272,NO
59.97149447746549,1170.0041300614791,NO
60.1229301241355,1170.9714890984405,NO
60.96170239887749,1173.0131140263345,NO
61.21306569269881,1173.919014179032,NO
62.15209762529102,1175.9223170826472,NO
63.28913563579799,1177.825848813539,NO
64.10043584281227,1178.9225730965475,NO
65.04629277994351,1179.9579777737881,NO
66.03025453160481,1180.969745468395,NO
67.04856771869837,1181.9401671229953,NO
68.10850252778424,1182.8514516493547,NO
69.28544351887255,1183.462563369097,NO
70.03071674030116,1183.9362187451923,NO
71.20144432649083,1184.5717325366754,NO
72.02511896189199,1184.9442359025218,NO
74.0639031672192,1185.837665344609,NO
75.30649080531965,1186.804564483529,NO
76.0818111051652,1187.9683026240054,NO
76.4766463859161,1188.7620119947737,NO
77.09534337736687,1189.9437718511592,NO
78.34058673688067,1191.7311157422093,NO
79.21465488599232,1192.788807280035,NO
80.23209970893409,1193.7080035855315,NO
81.6782984721371,1194.6155098328686,NO
82.06691900122675,1194.8680995131149,NO
84.08204698805575,1195.7846567354516,NO
84.99526957997686,1196.016326518763,NO
85.95200077942499,1196.2249821318348,NO
87.09453788794558,1196.5712372589194,NO
88.0432557890484,1196.7791437157878,NO
89.0108113755526,1196.9105108870606,NO
90.00032523738946,1196.99453711433,NO
90.99917577368052,1197.0357284188174,NO
92.00036743001992,1197.0461124699052,NO
93.00089207400191,1197.0333371346208,NO
94.00025165242396,1197.0063290581404,NO
94.99793819420384,1196.9651589776843,NO
95.99168997350343,1196.902258260196,NO
96.97977441768192,1196.815323422881,NO
97.9604876935161,1196.7028799047393,NO
98.94153558540887,1196.5569266986884,NO
100.03619442355948,1196.383024487409,NO
101.02527424130513,1196.2884749613265,NO
102.01889976537976,1196.2046105101153,NO
103.0119833722517,1196.1100694900974,NO
104.00032200796615,1196.0027426196398,NO
104.98807913782937,1195.89026122046,NO
105.97715134208664,1195.7769971062482,NO
106.95991749166421,1195.6517602261986,NO
108.04970613286788,1195.463585782853,NO
109.03287112967367,1195.3328201882573,NO
110.02068789474475,1195.239113572022,NO
111.0145177860884,1195.152360345428,NO
112.00654198878597,1195.0578265081272,NO
112.99455633491853,1194.953299085176,NO
113.98149316398715,1194.84195489159,NO
114.96242404247866,1194.7184785278457,NO
115.94031524691584,1194.5639162214732,NO
117.03946061905333,1194.3713940485836,NO
118.02729157401448,1194.258497549734,NO
119.0167002667204,1194.1600704808372,NO
120.0071105044592,1194.055726510076,NO
120.99099759015297,1193.9369831291738,NO
121.97539682995891,1193.8109942535061,NO
122.96306990175577,1193.686254729975,NO
123.95268825767634,1193.5533771417568,NO
125.03803879868842,1193.394146700362,NO
126.02732524904312,1193.2890723744165,NO
127.01908213483212,1193.1948690766326,NO
128.01054339654831,1193.0972120517729,NO
128.99954126737083,1192.9958209035135,NO
129.98719329665815,1192.8892730191053,NO
130.96875174448272,1192.7686660113388,NO
131.94970055818834,1192.6241854945392,NO
133.04473865761463,1192.4278134076312,NO
134.0317123951995,1192.3028222872192,NO
135.02038615644665,1192.2020449830693,NO
136.01146019352987,1192.1011311762588,NO
136.99871461272747,1191.9901124062817,NO
137.9847333618264,1191.8749649713734,NO
138.96796517837905,1191.7552339481795,NO
139.94488093578667,1191.6133499942375,NO
141.04448380264833,1191.4079800194484,NO
142.02722003947974,1191.2953227899577,NO
143.01891851207984,1191.208926176746,NO
144.01308572161486,1191.1130740552007,NO
145.0000995838505,1191.0007811108321,NO
145.98590289808618,1190.8814887685432,NO
146.97021208784815,1190.757441292486,NO
147.94782860486436,1190.6085024406066,NO
149.051173584749,1190.3835971885567,NO
150.03201219514992,1190.2505081442778,NO
151.01614123427393,1190.1491569620925,NO
152.00568632674552,1190.0491001966602,NO
152.99052480849136,1189.931583540381,NO
153.97291127287411,1189.799626141426,NO
154.9515006629699,1189.6583330182455,NO
156.0521760780871,1189.4456507255063,NO
157.03157750501728,1189.309583374703,NO
158.02092540530353,1189.2130206297536,NO
159.0125071165054,1189.124090212116,NO
160.0031122883503,1189.0281227505066,NO
160.98937153702389,1188.9176294134822,NO
161.9729576432091,1188.7938020248212,NO
162.9549370367526,1188.6520548132771,NO
164.05363584476305,1188.433791675679,NO
165.03508345659526,1188.2882690718195,NO
166.02038740911956,1188.1813216401406,NO
167.0091200638687,1188.0835866398309,NO
167.99749153209157,1187.979388755105,NO
168.9795391778298,1187.8588203308518,NO
169.95850175496756,1187.716176236873,NO
170.9352327922697,1187.5414892926203,NO
172.0388944344998,1187.3290807372446,NO
173.02464730331252,1187.207858925018,NO
174.0123233534176,1187.0998684551425,NO
174.9983412998994,1186.9875160985318,NO
175.9804586058685,1186.8643111635129,NO
176.95788348492044,1186.7230694956058,NO
177.93380006204075,1186.547550787872,NO
179.0422276449172,1186.3293756234266,NO
180.02730499552888,1186.1978138879151,NO
181.01061655171176,1186.0756711661654,NO
181.9927919673215,1185.9493392876807,NO
182.97118543502287,1185.8093502065183,NO
183.94674042168003,1185.6441642773875,NO
185.05344606324962,1185.4039120663028,NO
186.03191694768645,1185.2636500743831,NO
187.01694822827778,1185.153450182191,NO
188.00525548453587,1185.0433362068968,NO
188.9883456995527,1184.9198666394282,NO
189.96693094116577,1184.781476075022,NO
190.94393316366435,1184.623551223922,NO
192.0547697963076,1184.3809898964403,NO
193.0327938243157,1184.2366345838789,NO
194.01543641240224,1184.119929055746,NO
194.99895078680763,1183.99335941017,NO
195.97205353715407,1183.845823445707,NO
196.9458927975341,1183.670818756384,NO
198.05796070791786,1183.4119668814403,NO
199.03822933187433,1183.2446177586087,NO
200.01688804021515,1183.1002158537308,NO
200.99229199127524,1182.9553482797646,NO
201.96517725635792,1182.798028086876,NO
202.93244384498786,1182.613241018406,NO
204.05120059482732,1182.3368093568497,NO
205.0281256682968,1182.1883115895623,NO
206.0085115484334,1182.0637420434289,NO
206.98888886430112,1181.9319016894874,NO
207.955786495036,1181.7775650347887,NO
208.92490809378285,1181.5747863099505,NO
210.0412751685085,1181.3259087187162,NO
211.0272452017142,1181.1852308011596,NO
212.00657277271952,1181.0355640290586,NO
212.9753746582026,1180.87048401192,NO
213.93894140242213,1180.683044144406,NO
215.06400983531552,1180.3685535123755,NO
216.0343238596722,1180.1870838892446,NO
217.00490636849327,1180.0247796382769,NO
217.97098947825984,1179.8546513660629,NO
218.93381761799066,1179.6626137323988,NO
220.05969949148255,1179.3523007034803,NO
221.0334303020736,1179.1808850366683,NO
222.00564328667272,1179.0311634845282,NO
222.97690793571994,1178.8730588749559,NO
223.94262017253294,1178.6918736625034,NO
225.06542474992003,1178.37732387419,NO
226.0351761107061,1178.1915143824453,NO
227.00618375490907,1178.0324976052502,NO
227.97029149044414,1177.8614555046263,NO
228.93346482398724,1177.656974197188,NO
230.0523651311508,1177.3597748231048,NO
231.03446365968733,1177.1783583178083,NO
231.99988487470105,1176.9995096152181,NO
232.95498659615706,1176.806142276133,NO
233.91812913651412,1176.5687500007448,NO
235.0493355252168,1176.2686045288933,NO
236.01996996060373,1176.086304959084,NO
236.97580527517425,1175.9012814370403,NO
237.93505585675874,1175.6849006456277,NO
239.05498453906327,1175.3639821633956,NO
240.03468024193148,1175.1769400138026,NO
240.99894695505395,1174.9957409234662,NO
241.95202410565045,1174.7987504673554,NO
242.90674709466302,1174.5449462178508,NO
244.04699154080333,1174.2102924731569,NO
245.00712712223495,1174.0332377014913,NO
245.96969482084222,1173.8530427263981,NO
246.91447698682094,1173.634583493211,NO
248.05152766251337,1173.2659047741577,NO
249.01739240081307,1173.0776446446237,NO
249.97333016990856,1172.8900572789619,NO
250.92779165169932,1172.6697004436446,NO
252.06403370842457,1172.293206990802,NO
253.022146128501,1172.0975206742294,NO
253.98075063202845,1171.9173114089324,NO
254.9205908073203,1171.7014862627368,NO
257.01612517041866,1171.0663819501149,NO
257.9720321335727,1170.8809509453804,NO
258.9210772798965,1170.6595048225834,NO
261.01302358720466,1170.0533169724624,NO
261.96885090726266,1169.8634445965793,NO
262.92184764483676,1169.6404991618635,NO
264.057037792813,1169.2680222586032,NO
265.01707335451226,1169.0733494779952,NO
265.97256577547546,1168.8850600581052,NO
266.91755359317,1168.6540332925717,NO
269.0096993312456,1168.036902053438,NO
269.9635163426288,1167.8400331979885,NO
270.9141645314502,1167.605857552432,NO
273.0040950001969,1167.0152603938864,NO
273.9528717942207,1166.804930207978,NO
276.0411993993739,1166.1555357201014,NO
276.98829673012136,1165.9568524720178,NO
277.93395682319,1165.732045084161,NO
280.0273063598532,1165.117229025079,NO
280.97784563195415,1164.922814497093,NO
281.90227872476527,1164.6755944262454,NO
284.00844887080524,1164.0343540850645,NO
284.9505759049685,1163.8327459998472,NO
287.03370516454004,1163.141446458718,NO
287.9858454596339,1162.9474566345134,NO
288.9233774888493,1162.7220555858553,NO
291.0199844830946,1162.0802602674821,NO
291.96629548400796,1161.880479555674,NO
292.90449795404186,1161.6140308993888,NO
295.0084399572071,1161.0348148233459,NO
295.95304362724943,1160.8343435027477,NO
298.0372780644732,1160.1641891608576,NO
298.99307814468193,1159.9727520614456,NO
299.934463569865,1159.7560588433862,NO
302.0272230689385,1159.1125220212691,NO
302.9814964329751,1158.9256798869308,NO
303.91790777110674,1158.6972008031894,NO
306.01006364187674,1158.039232478478,NO
306.9571451770523,1157.8372194242077,NO
309.0409390532561,1157.1606572393302,NO
309.99357427565093,1156.9727803004648,NO
310.9403055287907,1156.766511489505,NO
313.0254758929409,1156.1044511578536,NO
313.97799557966425,1155.9136613723415,NO
314.9267817748569,1155.6928810097577,NO
317.02270156430086,1155.0915385691746,NO
317.97716515780843,1154.9023785517275,NO
318.930618533046,1154.6834686329996,NO
321.020622130883,1154.0799617010491,NO
321.9717170265265,1153.8878030802077,NO
322.92708159784684,1153.6627986433975,NO
324.0568211516909,1153.3173345158145,NO
325.02726757767823,1153.1321021542383,NO
325.9903684893609,1152.9572222102925,NO
326.9442453535203,1152.7602550161025,NO
328.0778316726256,1152.3768041258288,NO
329.0355781775776,1152.1560696099655,NO
329.99306167808726,1151.9718724469353,NO
330.94701125372603,1151.768391905144,NO
332.07486565618615,1151.4049961295177,NO
333.0393890861712,1151.1838779545246,NO
334.0030714536253,1151.01535726836,NO
334.96984406019516,1150.8447289926978,NO
335.91459695242804,1150.6374398951061,NO
337.0527522151925,1150.26485437553,NO
338.01790873049373,1150.098742673852,NO
338.98725011278145,1149.937639165617,NO
339.9380370060758,1149.741083211752,NO
341.06927633233516,1149.3603143383416,NO
342.03279831329826,1149.172277464144,NO
343.00179700172407,1149.0083606981198,NO
343.9571721745184,1148.8231506243685,NO
344.8988686610839,1148.5742852201984,NO
346.0454252350967,1148.2191490549917,NO
347.0098551754302,1148.0488855720994,NO
347.9712005353414,1147.8732041638154,NO
348.91785809057563,1147.657554498055,NO
350.05256748408243,1147.2980885563722,NO
351.02395262326957,1147.1325378511667,NO
351.9947623321334,1146.974843714803,NO
352.9573313509179,1146.7966199853572,NO
353.9138569703798,1146.5673158763288,NO
355.0431593898311,1146.2782644874,NO
356.02210818923896,1146.1303082636343,NO
356.995189722445,1145.9756014782124,NO
357.95993565265934,1145.8005129339151,NO
358.92546163760795,1145.5870666254477,NO
360.0449871429608,1145.3149099959853,NO
361.0263906406536,1145.1717945544535,NO
362.0051984546529,1145.0288803044045,NO
362.97455937319546,1144.866160177017,NO
363.93774048879874,1144.6691558610842,NO
365.0577392494791,1144.3602929115298,NO
366.032980698008,1144.1936160959272,NO
367.0089260172687,1144.054426937011,NO
367.983288441887,1143.9079925425274,NO
368.9439029536058,1143.7383058907606,NO
370.06628522147844,1143.43558858328,NO
371.0353374265241,1143.2637121294817,NO
372.02123967509397,1143.1265583019638,NO
372.99585168426484,1142.978468267393,NO
373.9674491532184,1142.8133228434433,NO
374.9414296217797,1142.6276890075465,NO
376.0488994341446,1142.3607777134566,NO
377.0310672378625,1142.2070454026084,NO
378.01273362750305,1142.0771782013842,NO
378.9918837482984,1141.945649100019,NO
379.9695308816614,1141.8002579963156,NO
380.93199295020645,1141.6240837373914,NO
382.04497332236093,1141.356788360612,NO
383.025221444734,1141.2269929940976,NO
384.0151528570771,1141.1146641591372,NO
384.99913846644347,1140.9943115963474,NO
385.9790183614623,1140.8622016660606,NO
386.9543845465446,1140.714751357964,NO
387.9199285518713,1140.5228174486783,NO
389.0394142050928,1140.2875777087079,NO
390.0219739669677,1140.1562937090785,NO
391.0047830034661,1140.0324982134002,NO
391.98656052389435,1139.9039326331208,NO
392.9618614427139,1139.7570625990866,NO
393.92510437110775,1139.5626095071673,NO
395.03767281714204,1139.3192275454467,NO
396.02186014502496,1139.2027578534507,NO
397.0119211359922,1139.098886800952,NO
397.99827087407925,1138.9876224437278,NO
398.9810105336407,1138.8659728980538,NO
399.9634623635583,1138.7335563055653,NO
400.93912272792625,1138.5785062057523,NO
402.04045837352237,1138.3687491631042,NO
403.02748546362074,1138.2508673089637,NO
404.01722945617115,1138.1547574331792,NO
405.00683258638577,1138.0587602438873,NO
405.99311433403994,1137.9478195621684,NO
406.9733989359241,1137.8157342350992,NO
407.95479601412734,1137.6598585355496,NO
409.04139435898674,1137.4513481296965,NO
410.0295148090057,1137.323336390766,NO
411.02036247449666,1137.2327801073252,NO
412.0133494369581,1137.1545158973822,NO
413.006943491061,1137.0760731962503,NO
413.99881175372275,1136.9885136191476,NO
414.98629977704314,1136.8854377892503,NO
415.97042777068594,1136.7646647007346,NO
416.9512044220555,1136.624807127866,NO
418.04678421544423,1136.419241093259,NO
419.02999799065645,1136.2880389637924,NO
420.01804056825534,1136.1927492263696,NO
421.0103442989994,1136.1058462092612,NO
422.0011417430941,1136.0094954970782,NO
422.9854067625532,1135.8959299851233,NO
423.96903477286105,1135.7671512484083,NO
424.95395896339073,1135.6260175584275,NO
426.0466767354958,1135.4246667934683,NO
427.03212925481165,1135.284573393664,NO
428.0185922611915,1135.1793710439451,NO
429.00872954513903,1135.0932389687835,NO
430.00102745095944,1135.00993202609,NO
430.9890263609948,1134.9111965148738,NO
431.97677357607057,1134.7944680595963,NO
432.9618426731433,1134.668939748782,NO
433.93439622190243,1134.5127377435729,NO
435.0335662756402,1134.3271864293927,NO
436.01957433449826,1134.2294294099606,NO
437.0124571992983,1134.1554843064418,NO
438.00737781368804,1134.0836711147806,NO
439.0003201153465,1134.0032745132298,NO
439.9902444615409,1133.9093860561313,NO
440.97683728115055,1133.8019691879363,NO
441.9635096330368,1133.6805371632531,NO
442.944767467694,1133.5380082564216,NO
444.0357227989008,1133.3621163802343,NO
445.0224731061089,1133.2606363540556,NO
446.01338057921663,1133.1867782185273,NO
447.00824249584196,1133.1229101575852,NO
448.00417518953196,1133.0616454453611,NO
448.99977755839797,1132.996974184892,NO
449.9938280654458,1132.9242395043384,NO
450.9858202518915,1132.840725153388,NO
451.9761761300917,1132.742318844516,NO
452.95789876897237,1132.6194048806396,NO
454.04491570216686,1132.428826751946,NO
455.0284266474354,1132.3051959827249,NO
456.01647051714065,1132.226751636583,NO
457.0100981241033,1132.169311878187,NO
458.0066566285445,1132.1149990011068,NO
459.00382548871113,1132.054431239887,NO
459.99899597915805,1131.9865949655702,NO
460.993183439555,1131.9133322967145,NO
461.9829469006437,1131.8299964181012,NO
462.97237546357337,1131.7322111206229,NO
463.9669310964055,1131.6257568027145,NO
464.95230415777104,1131.508239394898,NO
466.03320409185335,1131.3652450267816,NO
467.02095659184243,1131.2746129977445,NO
468.01120374219295,1131.2116262437028,NO
469.0073541511842,1131.162750562213,NO
470.00602214309146,1131.117200167176,NO
471.0038778653438,1131.0671271836184,NO
472.00074297848977,1131.0119355897805,NO
472.99715643012337,1130.9554507383777,NO
473.9924737277381,1130.8934323436868,NO
474.9843547541788,1130.8181004484263,NO
475.9774738030283,1130.7325014204614,NO
476.9748421965766,1130.6447413255357,NO
477.9694530298469,1130.5526347285859,NO
479.0249212153897,1130.442830832902,NO
480.0216151285799,1130.3564664515097,NO
481.0165924336634,1130.28779289535,NO
482.0114398473038,1130.2369682586345,NO
483.008026555018,1130.1979230977936,NO
484.0051784555652,1130.1678821929954,NO
485.0047412218346,1130.139447696248,NO
486.0045214901969,1130.1046251837483,NO
487.00252917052586,1130.0695521866096,NO
488.0012732510129,1130.0392320472633,NO
489.0003170430943,1130.0091569510798,NO
489.99926488639187,1129.9775330899436,NO
490.9978523789871,1129.9435233717181,NO
491.99593298478624,1129.9040779546137,NO
492.9933586303958,1129.8584650378596,NO
493.98858879377485,1129.8035197734512,NO
494.9846350793064,1129.7393550715003,NO
495.98445494793697,1129.67496710028,NO
496.9822371952791,1129.615985067434,NO
497.9788626769629,1129.559065603057,NO
498.9702151785477,1129.4936580372005,NO
500.01372673908065,1129.4273591674826,NO
501.0061289976126,1129.3926644480964,NO
502.00421769482324,1129.3746079933694,NO
503.00576412321374,1129.356655123933,NO
504.0066670171282,1129.334017567333,NO
505.0037250580332,1129.3141465607011,NO
506.00029885502556,1129.3039355491624,NO
507.0,1129.299814214354,NO
508.00371262285734,1129.291012499312,NO
509.00641161316025,1129.2724935506799,NO
510.0058751862415,1129.2496954073558,NO
511.00183590928526,1129.2340784474948,NO
512.00044830911,1129.2286376580248,NO
513.0013251812151,1129.225280813696,NO
514.0017203848064,1129.2193490755863,NO
515.0016635276987,1129.2120997939378,NO
516.0012217509186,1129.2076976627359,NO
517.000809770229,1129.206491414455,NO
518.0008065168691,1129.2056618076633,NO
519.0007995123731,1129.2038756611269,NO
520.0003960442659,1129.2019825861737,NO
521.0,1129.2006614855334,NO
522.0,1129.1983991144398,NO
522.9996148311228,1129.1964361376015,NO
523.9992274685585,1129.196995523365,NO
524.9992201313921,1129.1988665008557,NO
525.9996076603312,1129.2000932415465,NO
526.99960582637,1129.2010285617796,NO
527.9983911385717,1129.205129844048,NO
528.9983292824473,1129.213016500364,NO
529.9995703472393,1129.2191229193527,NO
531.0,1129.2210173972521,NO
532.0,1129.2219608715504,NO
532.9995607808684,1129.2240017688455,NO
533.999107767742,1129.2275192324778,NO
535.0004489827194,1129.2289811988485,NO
536.0008868758591,1129.2261533507046,NO
536.9995594224464,1129.2246945640422,NO
537.9972712041028,1129.23194765752,NO
538.9956217821676,1129.2480989987932,NO
539.9968968648186,1129.2637664975452,NO
540.9989346247096,1129.2716707070294,NO
542.0,1129.2735849056603,NO
543.0,1129.2735849056603,NO
543.9983783703503,1129.2756770491642,NO
544.9963822514097,1129.2835758167703,NO
545.9931352304862,1129.3023483377665,NO
546.9924527806766,1129.3291244002532,NO
547.9961371063282,1129.3494163030264,NO
548.9959613673097,1129.3623754753999,NO
549.9941614193855,1129.3795077289828,NO
550.9937306333214,1129.400821518009,NO
551.9936978748867,1129.4231427012703,NO
552.9946951611361,1129.4451242191915,NO
553.9933228715987,1129.466885333864,NO
555.0194903088848,1129.5049461425147,NO
556.0201399938261,1129.558393800459,NO
557.0121785508683,1129.605066992431,NO
558.0090245291263,1129.6409806873896,NO
559.0081676263188,1129.672939850149,NO
560.0090953448532,1129.708635325918,NO
561.0092949062553,1129.7506309340993,NO
562.0071176830767,1129.7895834994872,NO
563.0058981295365,1129.8245306379492,NO
564.0043974055288,1129.8592830230762,NO
565.0026798594788,1129.8875624148066,NO
566.0017915983302,1129.90881707459,NO
567.0015164526276,1129.9300265452416,NO
568.001247326693,1129.9533691725799,NO
569.0006004934629,1129.9783155132493,NO
569.9998993947532,1130.0039316531725,NO
570.9992980332842,1130.0275451743723,NO
571.9990023447706,1130.0468897951723,NO
572.9984179795032,1130.0653901787496,NO
573.9973482139462,1130.088039294359,NO
574.9973399875628,1130.1108338468005,NO
575.9983556278821,1130.126869635692,NO
576.9979143722483,1130.1397370594939,NO
577.9952711695315,1130.158888699477,NO
578.9942204054965,1130.182779686306,NO
579.9957848685539,1130.2037313571539,NO
580.9967608830011,1130.2196121365325,NO
581.9975011943033,1130.2314802666915,NO
582.9966509005833,1130.2440058139325,NO
583.9909781692269,1130.26906282072,NO
584.9872145749678,1130.3109041282412,NO
585.9898198470974,1130.3548510425253,NO
586.9905941446382,1130.3913653521445,NO
587.9885292813283,1130.4299225302423,NO
588.9875016269556,1130.4749381969273,NO
590.0162548514106,1130.5265118889822,NO
591.0148840465922,1130.5748744096031,NO
592.0138530596818,1130.6227078539887,NO
593.0133975168874,1130.6699979838484,NO
594.0128013775736,1130.7186673903202,NO
595.0105299290464,1130.76613761859,NO
596.00724676612,1130.8059477054633,NO
597.0051398868351,1130.8390054873407,NO
598.0040044968717,1130.8697203723234,NO
599.0038173451886,1130.9039790872073,NO
600.002483969558,1130.9429842343357,NO
601.000800868613,1130.9785064182915,NO
601.9998952512057,1131.0043558039763,NO
602.9994165473139,1131.025392876143,NO
603.9980995808102,1131.0516194936693,NO
604.9964580066343,1131.0853451731164,NO
605.9959872102706,1131.1201476365736,NO
606.9968267825193,1131.147121904366,NO
607.9967053591348,1131.1680266797412,NO
608.995508574331,1131.1908855848865,NO
609.9944893328518,1131.216187710519,NO
610.9943150905086,1131.241608645733,NO
611.9942597900498,1131.2661370121891,NO
612.9949212571422,1131.2877954150274,NO
613.9936306500273,1131.3084585239683,NO
614.9866660514806,1131.3422380294348,NO
615.9868133032486,1131.3888077678946,NO
616.9885615594605,1131.4323730390179,NO
617.9847404568399,1131.4814649012105,NO
619.0231000520952,1131.5502862236317,NO
620.0225759908751,1131.6186709813053,NO
621.0182211911256,1131.6821414297292,NO
622.0120130240155,1131.7337578700728,NO
623.0086707682666,1131.774794374787,NO
624.007870494377,1131.8143715036292,NO
625.0066085165809,1131.8571091860122,NO
626.0044491859015,1131.898703414436,NO
627.002199901536,1131.9344696001378,NO
628.0008393387089,1131.962458667739,NO
629.0002986147747,1131.9853081534259,NO
629.9997290801676,1132.009883556452,NO
630.9987946033498,1132.0383782741583,NO
631.9978516830053,1132.0685382441072,NO
632.9972367035177,1132.097899645549,NO
633.9968941221077,1132.1236139420917,NO
634.9966367503006,1132.1457895616888,NO
635.995651541345,1132.1672484090434,NO
636.9946956521305,1132.1901987595234,NO
637.9936090373834,1132.2147363381555,NO
638.9910434056386,1132.243764624492,NO
639.9862275283646,1132.284631087543,NO
640.9813819908318,1132.3389882860315,NO
641.9793643282968,1132.4015357825522,NO
642.9777995088931,1132.473610458107,NO
644.0254617904129,1132.5681103793006,NO
645.0202594841629,1132.6487081925977,NO
646.0152801270126,1132.7192651133066,NO
647.0125403950094,1132.7863654221314,NO
648.009333509524,1132.849419380503,NO
649.0052400632642,1132.90320713207,NO
650.0023975137196,1132.9461649166867,NO
651.0006840765986,1132.9805526798732,NO
651.9996799509703,1133.0100015322907,NO
652.998908937669,1133.0365142183218,NO
653.9977546404807,1133.0647305058428,NO
654.9964735900195,1133.0967380016193,NO
655.9958206494979,1133.1290532728608,NO
656.9946151190237,1133.161546440126,NO
657.9942992611127,1133.1938251286701,NO
658.9942932230235,1133.2238812499097,NO
659.994598490328,1133.2504336353363,NO
660.9924008903431,1133.276824705688,NO
661.9842458983551,1133.3176026891613,NO
662.9788229458727,1133.3811869742913,NO
663.9792905725935,1133.4565935818807,NO
665.0224732706041,1133.5352118858436,NO
666.0180609003255,1133.5942905152936,NO
667.015027589002,1133.6435764095509,NO
668.0138383803013,1133.6942377062912,NO
669.0126002776303,1133.7498710857383,NO
670.009992690555,1133.8043098093567,NO
671.0074870237755,1133.8549962078453,NO
672.0049772504435,1133.9025880990343,NO
673.0025918506731,1133.9477310123043,NO
674.000460007788,1133.991187693514,NO
674.9980663940031,1134.035377827116,NO
675.9960173953781,1134.078168373057,NO
676.9951064485322,1134.1152829661912,NO
677.9949482380815,1134.1470784452742,NO
678.9940790552228,1134.1776283552365,NO
679.9930067048883,1134.2097988674266,NO
680.9892859634645,1134.2469098560402,NO
681.9825670852712,1134.2981629424714,NO
682.978127504747,1134.3664602285405,NO
683.9749075648725,1134.447235738133,NO
685.03102395728,1134.5536553025713,NO
686.0229964341659,1134.6441399081073,NO
687.0158432364743,1134.7172591599146,NO
688.0109149083529,1134.7769562190235,NO
689.0084739898623,1134.8319325279203,NO
690.006279419768,1134.885667166387,NO
691.0031792402931,1134.9352229776084,NO
692.0009497581074,1134.9771363104323,NO
692.9993472007046,1135.0144341177295,NO
693.9978512575312,1135.050220606424,NO
694.9965383995,1135.0855268635776,NO
695.9954852906577,1135.1209466935245,NO
696.9951628499182,1135.1541841648211,NO
697.9938157615913,1135.1855271647084,NO
698.9918415643695,1135.2189895924457,NO
699.9915142914494,1135.2545712735966,NO
700.9923452078258,1135.2888975192939,NO
701.9858191008502,1135.3314372779885,NO
702.9731194885411,1135.4040476864525,NO
704.0375305025124,1135.519503881092,NO
705.0222969803634,1135.6029422269462,NO
706.0175618506673,1135.6656080300927,NO
707.0138384864553,1135.7235247064475,NO
708.0106197889263,1135.77698443338,NO
709.0080351510943,1135.8261485468104,NO
710.0060127203443,1135.8745171448734,NO
711.0036919419038,1135.9206642675358,NO
712.001746199451,1135.9638499550224,NO
712.9993641257485,1136.011127799381,NO
713.9960948794588,1136.0633141699143,NO
714.9940072339982,1136.1109771479971,NO
715.9940175940088,1136.1475173749357,NO
716.993717214717,1136.1776631985545,NO
717.9935026849653,1136.2071019247398,NO
718.9920640098941,1136.23807971915,NO
719.9868473880293,1136.277848934228,NO
720.9787031609069,1136.3350026612902,NO
721.9743714865859,1136.412228126349,NO
723.0333908596231,1136.5142168473049,NO
724.025669288862,1136.5992980519115,NO
725.0204796309399,1136.6709135204328,NO
726.0153393790667,1136.7369993681555,NO
727.0115838893616,1136.8018327528862,NO
728.0086137442858,1136.867238963083,NO
729.0042693999569,1136.9278618610324,NO
730.0010566382033,1136.9803226062515,NO
730.9984823410151,1137.0289522645753,NO
731.9967453548234,1137.0736733313274,NO
732.9954513390874,1137.1137165164562,NO
733.9941284730481,1137.151003637532,NO
734.992200083646,1137.1868265654202,NO
735.9895820013685,1137.2240978035497,NO
736.9862135373164,1137.2677755292334,NO
737.9782911295281,1137.3256330716679,NO
738.9731488086921,1137.4044727184757,NO
740.0346350312142,1137.5140272241752,NO
741.0271539606448,1137.6144137715148,NO
742.0218698434005,1137.7050695404273,NO
743.0161823632833,1137.789629286749,NO
744.0101694568211,1137.8677970672527,NO
745.004240033793,1137.9386442145058,NO
745.9998336215745,1138.0025788655482,NO
746.9962005521276,1138.061281419127,NO
747.9939502484144,1138.1129287007582,NO
748.9920857114371,1138.157509863012,NO
749.9898432656286,1138.2029355425573,NO
750.9862552185213,1138.254153508676,NO
751.9794348868845,1138.3160699612433,NO
752.9731817026988,1138.395673052038,NO
754.0396472410538,1138.5095690620046,NO
755.032174471811,1138.6163812771188,NO
756.0237988148402,1138.7101426224308,NO
757.0167824908783,1138.7925856275433,NO
758.0103038602745,1138.8676767421548,NO
759.0047614911437,1138.9381006142075,NO
759.9996884805997,1139.0042631217384,NO
760.996426216236,1139.0631368477536,NO
761.9946607898744,1139.1125683462903,NO
762.993158523915,1139.1576649351207,NO
763.9908080673256,1139.2026221692013,NO
764.9842664671067,1139.2552892597107,NO
765.9755060066938,1139.3271458149698,NO
766.9711674174423,1139.4215048891467,NO
768.0380520080876,1139.5553923234067,NO
769.027523085884,1139.668998675119,NO
770.0202035340347,1139.7693840468282,NO
771.0132074224554,1139.8613946276062,NO
772.0049296988809,1139.9448667024858,NO
772.9981112048264,1140.0215148968439,NO
773.9922245983131,1140.0943352943318,NO
774.9887311063358,1140.161414990932,NO
775.9856224654034,1140.2249531331881,NO
776.9794458273866,1140.2936310285627,NO
777.9691844154665,1140.3829936791735,NO
779.0431334864279,1140.5244796192865,NO
780.0301748190439,1140.637902193131,NO
781.0225397773726,1140.7286667355468,NO
782.0155005774803,1140.813993081362,NO
783.0090596575778,1140.9023570215288,NO
784.0008901860618,1140.990681456372,NO
784.9946836380359,1141.0672284256354,NO
785.9912181942066,1141.1286725380262,NO
786.9866635334851,1141.1885628182247,NO
787.978725595949,1141.2591376363237,NO
788.9688987969873,1141.3485479735177,NO
790.0559250448125,1141.4909091327527,NO
791.0390087448155,1141.628604237432,NO
792.0252890397046,1141.7427115072505,NO
793.0148093174042,1141.8461118752182,NO
794.0055528469079,1141.9385400836672,NO
794.9982743661728,1142.0200376530618,NO
795.9922090007665,1142.0946321339259,NO
796.9891848801882,1142.1596820628927,NO
797.9860704170899,1142.2166586024878,NO
798.9775963445192,1142.2838741648598,NO
799.9637363713375,1142.3866762325868,NO
801.0476459948053,1142.5644482314488,NO
802.0291393591551,1142.6925633837136,NO
803.0190202554863,1142.7959062410973,NO
804.0104112802702,1142.8893658418353,NO
805.0022067487762,1142.9769465175682,NO
805.9947512993077,1143.059405748058,NO
806.9897633496785,1143.1322890213653,NO
807.9849457824498,1143.1988329812477,NO
808.9743091514697,1143.275493351294,NO
809.9597762257756,1143.3853437577047,NO
811.0485637753054,1143.5610027015173,NO
812.0295861385696,1143.6793134815598,NO
813.0231247250264,1143.7860963019216,NO
814.0126898751081,1143.8958150584274,NO
814.9997634414166,1144.002074597729,NO
815.9909644439321,1144.096315182889,NO
816.9855111487841,1144.1761355608076,NO
817.9788529663153,1144.250530162605,NO
818.9682964048881,1144.3396813816464,NO
820.0616379883363,1144.4977645294289,NO
821.0401202508234,1144.6574919285026,NO
822.0241082884752,1144.7925818338765,NO
823.0106031128207,1144.9182641947166,NO
823.9957720732326,1145.0345165176263,NO
824.9874490373757,1145.1320465783467,NO
825.9852612061089,1145.2083901691826,NO
826.9774440240382,1145.2815320036686,NO
827.9665392605322,1145.3749910551426,NO
829.0458349323959,1145.5139365295179,NO
830.0338349410824,1145.6301762121227,NO
831.0278611785167,1145.7388697445933,NO
832.0176893169446,1145.850948270251,NO
833.0047104143081,1145.9586156479165,NO
833.9945903289712,1146.0535075379144,NO
834.9870456416903,1146.1378616426962,NO
835.9806848630377,1146.2202793605718,NO
836.9707559487622,1146.3140556689345,NO
837.9552205061045,1146.4482870195347,NO
839.044251343444,1146.6424648080724,NO
840.0257636596349,1146.7715298079406,NO
841.0133366516279,1146.8883200404123,NO
842.0006957747437,1146.9940065722346,NO
842.9924577682009,1147.0826330263517,NO
843.9881306049829,1147.153693448623,NO
844.9807331710734,1147.2238938439245,NO
845.9682050434033,1147.3157014274793,NO
846.9581166592395,1147.444348522379,NO
848.0383182125928,1147.612652866032,NO
849.0280914404276,1147.7314458288683,NO
850.0179439055227,1147.8423846105218,NO
851.0060082071185,1147.9486194726042,NO
851.9955412169179,1148.0444553937295,NO
852.9902950587882,1148.1249357629738,NO
853.984911273685,1148.1973141020076,NO
854.9777474987445,1148.2746284322309,NO
855.9673337856054,1148.3699638838393,NO
857.0513363346341,1148.528639087751,NO
858.0330854343006,1148.6544410114802,NO
859.0252796318165,1148.763065417033,NO
860.0151918502401,1148.8774524109463,NO
861.0013083950194,1148.9890296111564,NO
861.9924305924344,1149.0825980376744,NO
862.9881108141468,1149.156749539354,NO
863.9815148002914,1149.226330969831,NO
864.9684392269786,1149.3143195319385,NO
865.9556408274856,1149.4431042480735,NO
867.0378036243353,1149.6190557765483,NO
868.0249199378118,1149.7375099852395,NO
869.0171182223964,1149.8490484042536,NO
870.0050912890437,1149.9569633776846,NO
870.9952393931247,1150.0503622100916,NO
871.9903689958073,1150.1254500015039,NO
872.9863919397252,1150.1927808555727,NO
873.9773111907335,1150.2669892402123,NO
874.9648878258996,1150.3645689686937,NO
876.049202380223,1150.5180282798383,NO
877.0325437868026,1150.6389553974798,NO
878.0245994152382,1150.7402193536516,NO
879.0166928313233,1150.8374118241773,NO
880.0068293799033,1150.9312880757934,NO
880.9986284482343,1151.016442096629,NO
881.9933046006579,1151.0918095147042,NO
882.9885356592666,1151.1601823087803,NO
883.9827250479814,1151.2286658068967,NO
884.9728392538616,1151.3081339782377,NO
885.9651347878682,1151.4126452544542,NO
887.0430303828083,1151.5643778165927,NO
888.0300769777015,1151.6795246191375,NO
889.0206129787784,1151.7828766209338,NO
890.0113846003869,1151.8790229782346,NO
891.0031870434317,1151.96353429287,NO
891.9970600691349,1152.0366756380563,NO
892.9932065726555,1152.1007025675704,NO
893.99050203308,1152.1580399340157,NO
894.9884855077886,1152.2133321338558,NO
895.9851048355526,1152.2702408429911,NO
896.9759416429591,1152.3378335575414,NO
897.9668126122032,1152.427848208479,NO
899.040019790245,1152.557876606788,NO
900.0281058710717,1152.6584055795463,NO
901.0206782875048,1152.7479343068235,NO
902.0129927149472,1152.8264671559702,NO
903.0071707751781,1152.8962346610574,NO
904.0025449227187,1152.9672465161195,NO
904.9971821500134,1153.0375337623043,NO
905.9932976008585,1153.1009361356644,NO
906.991386085151,1153.1562810278785,NO
907.9911219881769,1153.2010376458386,NO
908.9901126873236,1153.2401204665703,NO
909.98509245474,1153.28493100886,NO
910.9758910246486,1153.3488710685713,NO
911.9709697236437,1153.4373270696638,NO
913.0304216475832,1153.5456701594558,NO
914.0256892685351,1153.6328410577246,NO
915.0217311438026,1153.719281247779,NO
916.0142652377913,1153.8021473635586,NO
917.0077300360272,1153.873306025493,NO
918.0038998963157,1153.934643116832,NO
919.0004097144717,1153.9936461739308,NO
919.9966365922196,1154.052479840166,NO
920.9935198383571,1154.1086250822345,NO
921.9919580101973,1154.1568976460367,NO
922.991320366769,1154.1972643965628,NO
923.9906602029552,1154.2344289108937,NO
924.9868780461304,1154.2739207939244,NO
925.9790932195385,1154.326212154048,NO
926.9747502263097,1154.3989464183503,NO
927.9754101257696,1154.4853827159175,NO
929.0221230183574,1154.5732101059793,NO
930.0189514805629,1154.6421960478258,NO
931.0182607653893,1154.7129168112438,NO
932.0155504958527,1154.7873305402402,NO
933.0093309216865,1154.8571202570752,NO
934.0050551959093,1154.919443004212,NO
935.0013934542768,1154.9783143691427,NO
935.9977966746067,1155.0356796580015,NO
936.9946209161623,1155.090727212912,NO
937.9927464054883,1155.1420030626612,NO
938.9927122651974,1155.185837236082,NO
939.9926321713391,1155.2210348746576,NO
940.9921019641964,1155.2517499009741,NO
941.9887231470547,1155.286432071647,NO
942.9825905382937,1155.334797333972,NO
943.9804338233123,1155.3962150890093,NO
944.9823050920199,1155.4610506579256,NO
946.0195268613564,1155.5262166684715,NO
947.0183696937794,1155.581977436611,NO
948.0191090528058,1155.6399854557758,NO
949.0173889663588,1155.6999612933412,NO
950.0149585881869,1155.7616598181398,NO
951.010033832107,1155.8208775149285,NO
952.0063248636268,1155.8746644393525,NO
953.003916548037,1155.9249712231504,NO
954.0014005080616,1155.974024539387,NO
954.998612620449,1156.024072252262,NO
955.9958868434628,1156.074410742708,NO
956.9952739969286,1156.1181500701782,NO
957.9951988446572,1156.15063625653,NO
958.9943696420676,1156.1773562636336,NO
959.9931374999334,1156.204260290637,NO
960.9907733548262,1156.2343567930084,NO
961.9902862335861,1156.266997311663,NO
962.9898663464102,1156.3004330282922,NO
963.987246417681,1156.3395210395308,NO
964.9848366083688,1156.3897401419554,NO
965.9859420418585,1156.4445223276352,NO
967.0148429200437,1156.49534073356,NO
968.0165751483036,1156.549457347744,NO
969.0159533475161,1156.608065075295,NO
970.0125636463962,1156.660781544775,NO
971.0089103410673,1156.704685830735,NO
972.0081491662228,1156.7452027305303,NO
973.0066363833948,1156.7837454419157,NO
974.0051608069438,1156.8182249113186,NO
975.0044326565604,1156.8486564399723,NO
976.0029947625433,1156.8751314205194,NO
977.0024888644972,1156.9004454215976,NO
978.0017982498066,1156.9248644304173,NO
979.001416210053,1156.9493836050697,NO
980.0007601035633,1156.9776345286398,NO
980.9996620519697,1157.0094335778754,NO
981.9977924749587,1157.047221839707,NO
982.9949163231661,1157.0917834744184,NO
983.9930973066108,1157.1357529635739,NO
984.9936840019626,1157.1725803794823,NO
985.993209168402,1157.202926019989,NO
986.9905733160073,1157.2342875944819,NO
987.9862191183034,1157.2748069848483,NO
988.9842013550142,1157.3240334376826,NO
989.9864008657753,1157.3717096808164,NO
990.9915555071873,1157.4070245529638,NO
991.9893358850248,1157.4381560272254,NO
992.9813993323218,1157.4873374848114,NO
994.0196231071238,1157.5563263291313,NO
995.0185412257559,1157.6195018161918,NO
996.0163256633379,1157.6811498054349,NO
997.0120955949528,1157.7349964971033,NO
998.0098799361413,1157.782641414619,NO
999.0091499580845,1157.8353007544786,NO
1000.0067176785428,1157.8958226667753,NO
1001.0026258273472,1157.9602894116222,NO
1001.9982962897094,1158.0251487996925,NO
1002.9945713026441,1158.0844840974366,NO
1003.9902563012691,1158.1400308674342,NO
1004.9827848923752,1158.2033784828986,NO
1005.9732432613237,1158.283058133106,NO
1006.9679403140326,1158.3803624549596,NO
1008.0447380355057,1158.512246274377,NO
1009.0373733052487,1158.6410605578703,NO
1010.0277034561185,1158.766499431026,NO
1011.0137086412637,1158.8871673405476,NO
1011.999670723596,1159.002675030674,NO
1012.9867635455468,1159.1097203619918,NO
1013.9762360294345,1159.2117727337197,NO
1014.96186265753,1159.3283861414116,NO
1016.0639989474327,1159.5459602431301,NO
1017.0416752243701,1159.7345651808632,NO
1018.0174044399286,1159.898089658092,NO
1018.9925824794548,1160.0463829775485,NO
1019.9782519812202,1160.171757985001,NO
1020.9653506520111,1160.2828750109495,NO
1021.9392144924998,1160.4358650783965,NO
1023.0534182133622,1160.7025648484287,NO
1024.0234213237593,1160.887969925889,NO
1024.9866651552118,1161.0599162939025,NO
1025.96057083133,1161.2247915691685,NO
1026.9449342051923,1161.3956265494899,NO
1028.0622257792036,1161.6973416313588,NO
1029.0208213284538,1161.9163733568466,NO
1029.9783283610561,1162.1017055074865,NO
1030.9513634071736,1162.2793776515232,NO
1032.0853238094378,1162.6054315036624,NO
1033.039155688742,1162.8422399468693,NO
1033.9922300694357,1163.033447383603,NO
1034.956787146762,1163.2160642694728,NO
1036.1008523738826,1163.5551232848547,NO
1037.0436307350126,1163.80530813878,NO
1038.0010377765173,1163.9952008925156,NO
1038.9629373311648,1164.1727260201028,NO
1039.9248538715422,1164.3929069014143,NO
1041.0557449920177,1164.7586088446142,NO
1042.0094595017495,1164.9600417598826,NO
1042.9681947363295,1165.1426199857394,NO
1045.0614096537788,1165.7710648002012,NO
1046.0043129882488,1165.983542990458,NO
1048.1014633716272,1166.616888297981,NO
1049.0331173176746,1166.8756489806456,NO
1049.9802180777406,1167.0774857140989,NO
1052.0742091561417,1167.7352922334421,NO
1053.0116038909161,1167.955690159337,NO
1053.9652257375453,1168.1479787932901,NO
1056.0540700179342,1168.786229501068,NO
1056.9995780410752,1169.0015144488173,NO
1059.0867379715748,1169.5893787659577,NO
1060.0391838564478,1169.8292576722497,NO
1060.9919254267743,1170.03042548157,NO
1063.081827042754,1170.63923546227,NO
1064.0297873783882,1170.8790834336708,NO
1064.9803491122693,1171.076576078529,NO
1067.068361368122,1171.754796478552,NO
1068.0069297850966,1171.972995837388,NO
1068.9657572657102,1172.1599601894038,NO
1071.0552461653149,1172.8217743521873,NO
1071.9943737197384,1173.0235064081783,NO
1074.106401208469,1173.5984510822589,NO
1075.0375483404162,1173.8703366732511,NO
1075.9810809597057,1174.0728896372195,NO
1078.0742739808666,1174.729203431171,NO
1079.012069375386,1174.9576505635764,NO
1079.959205320041,1175.1618627630594,NO
1082.0430612791854,1175.827025034761,NO
1082.9916658700388,1176.031733801379,NO
1085.0820469955381,1176.646269103906,NO
1086.0294932732386,1176.886207055071,NO
1086.9780277157995,1177.0833604969557,NO
1089.0680265716537,1177.7463969292314,NO
1090.008930824743,1177.9671198449334,NO
1090.9610091943396,1178.1627658730463,NO
1093.0493446741402,1178.822917787479,NO
1093.9916537949307,1179.0317283212473,NO
1096.082454383976,1179.7077765989447,NO
1097.0166180667588,1179.9384883471303,NO
1097.9673520835745,1180.1373990990191,NO
1100.0542245917945,1180.7778694435272,NO
1101.0031457919652,1180.9876800263137,NO
1103.0967428571516,1181.6369106797245,NO
1104.0308284522328,1181.8846000044493,NO
1104.9785118519824,1182.0831934145776,NO
1107.062107377442,1182.7928275227684,NO
1107.9991966640314,1183.0031368355815,NO
1110.093609447399,1183.6321312833177,NO
1111.0302374837756,1183.886667135493,NO
1111.979302638917,1184.086310575811,NO
1114.0788166353955,1184.687428054918,NO
1115.0222368900556,1184.9198323166722,NO
1115.9711807492297,1185.1149269686214,NO
1118.0643129104753,1185.7271840500355,NO
1119.0148022309118,1185.9440931108222,NO
1119.96475007008,1186.1373914563076,NO
1120.9237059951636,1186.3663701656308,NO
1122.0591885900692,1186.74278874964,NO
1123.013007057593,1186.9458950147282,NO
1123.9739486412948,1187.1247984113995,NO
1124.946361046285,1187.311756108825,NO
1126.073984132446,1187.6641120418735,NO
1127.026770023839,1187.8880314666121,NO
1127.984217569411,1188.0722209856635,NO
1128.9546534646397,1188.2478943958065,NO
1130.0846417991488,1188.5473944537646,NO
1131.0436786271123,1188.772586268503,NO
1132.009793350675,1188.944314553077,NO
1132.9833015942531,1189.099184509223,NO
1133.969022368407,1189.2363831645616,NO
1134.9645446259563,1189.3575083482492,NO
1136.0612050113307,1189.5355619777713,NO
1137.0386688515073,1189.6747673288464,NO
1138.0216872221952,1189.7749659137664,NO
1139.009691698201,1189.8447739466515,NO
1140.0050162920152,1189.8931311656063,NO
1141.002708188824,1189.93015723652,NO
1142.0011851754186,1189.9569386265373,NO
1143.0003659578379,1189.9723279576936,NO
1143.9996445785432,1189.9708554417957,NO
1144.9974208666197,1189.941159771638,NO
1145.9888654326546,1189.8754720259856,NO
1146.9743259607963,1189.7790198721768,NO
1147.9506380514524,1189.6514972162252,NO
1149.0677502643025,1189.3877975054681,NO
1150.0390637504702,1189.1849511233893,NO
1150.9992195067305,1188.9969057916767,NO
1151.9315285838063,1188.7815435791802,NO
1154.0079597050537,1188.0233500730665,NO
1154.9119409000457,1187.784825282967,NO
1156.9445962660923,1186.8721131814254,NO
1158.062198312452,1186.1263578348257,NO
1158.9215517159669,1185.8608592119388,NO
1160.8078028802536,1184.7048688388147,NO
1161.9110961604038,1183.8818067094116,NO
1162.9535484747282,1182.945944801994,NO
1163.9802699626819,1181.9780492657342,NO
1164.9860501985036,1180.9871837332948,NO
1165.9275916460012,1179.9484786726193,NO
1166.765762631539,1178.8496141404196,NO
1167.640693081843,1177.3856304031508,NO
1168.5378053739573,1175.770781526297,NO
1168.9557197187205,1174.9775747923973,NO
1169.6319767343148,1173.824234729167,NO
1169.974177644319,1172.9885355289607,NO
1170.922173325321,1170.96760639005,NO
1171.4145530157764,1169.738977925253,NO
1171.8608195538288,1168.9498475573344,NO
1172.6348923320897,1166.9000497103104,NO
1172.8877159672911,1165.970080341917,NO
1173.0935682786962,1165.0287073357065,NO
1173.8127954990277,1162.9546523275808,NO
1174.0121053426014,1162.0035160745756,NO
1174.6960898628158,1159.9411681972974,NO
1174.8840696330838,1158.9763478741977,NO
1175.0494908588457,1158.0105539508531,NO
1175.6261687627152,1155.9265688645103,NO
1175.8075630331655,1154.9714548599277,NO
1175.9375873247222,1153.99054732797,NO
1176.0874406588205,1153.0179271646223,NO
1176.2878036079974,1152.063239359918,NO
1176.6293316019573,1150.944481384085,NO
1176.7837275968025,1149.973210971058,NO
1176.9049286901286,1148.985985503649,NO
1177.0396364304715,1148.0070808409134,NO
1177.2000605540995,1147.0361399723922,NO
1177.3966676447335,1146.0720801810655,NO
1177.6573172589397,1144.9607947701481,NO
1177.7763280243244,1143.978210881307,NO
1177.8853139381365,1142.9849425005616,NO
1178.0161770205611,1142.0029397832973,NO
1178.1716754846836,1141.0314799393338,NO
1178.3548855030738,1140.0568778121985,NO
1178.6131803575247,1138.9513273301395,NO
1178.767363262685,1137.9708908258654,NO
1178.8864574468685,1136.9850422978177,NO
1179.0055527249551,1136.0008827408826,NO
1179.1469074478912,1135.0261485739607,NO
1179.3302672840202,1134.058773166307,NO
1179.6111962807315,1132.9522674016307,NO
1179.7522653165345,1131.975100777798,NO
1179.8482487253016,1130.9857966785103,NO
1179.94582260497,1129.9933087681893,NO
1180.059205984413,1129.008527610964,NO
1180.1861730141397,1128.0247697990474,NO
1180.3252679281466,1127.0433447734563,NO
1180.5037549767803,1126.080291528007,NO
1180.7037118583592,1124.9695176812847,NO
1180.8037654800567,1123.9835665678809,NO
1180.8942118966227,1122.9886170747943,NO
1181.0017916778565,1122.0002652991525,NO
1181.1300963689785,1121.0197282931645,NO
1181.2847536769505,1120.040133071382,NO
1181.483697577759,1119.081196233989,NO
1181.7071845108517,1117.967192400605,NO
1181.8084001563543,1116.9842390621473,NO
1181.8861448571797,1115.9902409879285,NO
1181.9691944866036,1114.9967280718174,NO
1182.070288754155,1114.0090039315269,NO
1182.1911144007158,1113.0257150683906,NO
1182.3278517737708,1112.0409353748066,NO
1182.48845886122,1111.0668174840696,NO
1182.679339072721,1109.9665485427076,NO
1182.784819096564,1108.981800621044,NO
1182.8625233277041,1107.990295764393,NO
1182.9364690513637,1106.994418307639,NO
1183.027822824892,1106.0035873083798,NO
1183.1484963964622,1105.0222981822537,NO
1183.2966433268625,1104.0408590452823,NO
1183.4714326700516,1103.0612973945322,NO
1183.6696560194282,1101.9666820448992,NO
1183.777436636913,1100.9814344131091,NO
1183.8562540984572,1099.9889643892877,NO
1183.928269804592,1098.9937378400323,NO
1184.0033856631212,1098.0003334104788,NO
1184.090908300748,1097.0098253461335,NO
1184.2041294290784,1096.0267418453984,NO
1184.3501292983865,1095.046470251165,NO
1184.5460615328682,1093.9604583233581,NO
1184.6707375655117,1092.9749971857293,NO
1184.7608502057708,1091.9826072874325,NO
1184.8353887679584,1090.9881609654658,NO
1184.9014189366044,1089.993518222776,NO
1184.967414928722,1088.9974190042503,NO
1185.054910941922,1088.0068848582132,NO
1185.174079181342,1087.0256655212002,NO
1185.316493943938,1086.0397391498582,NO
1185.4674136092226,1085.0509606873375,NO
1185.6409206049552,1083.9645209260618,NO
1185.756863773739,1082.9768676053625,NO
1185.8454972527097,1081.9876944720065,NO
1185.9316582082756,1080.99311179555,NO
1186.026474654734,1080.0031447052709,NO
1186.1339037200648,1079.0170577989393,NO
1186.2698963996518,1078.0400295766758,NO
1186.4577483363869,1077.0649210380934,NO
1186.6600106834637,1075.9701108283095,NO
1186.75826417812,1074.9819008059035,NO
1186.837937854974,1073.9873363904383,NO
1186.9244263075984,1072.9920997916513,NO
1187.0178306897838,1072.0019373385735,NO
1187.1068091403802,1071.0096494234342,NO
1187.2085324471122,1070.0272591420614,NO
1187.359657338898,1069.05652356183,NO
1187.5732072665985,1067.9642685132505,NO
1187.6849443943813,1066.9775930285355,NO
1187.778088619009,1065.9810563460917,NO
1187.8636044253042,1064.9887009582549,NO
1187.9430529631843,1063.9950578508517,NO
1188.0230125041874,1063.0022015991258,NO
1188.1161971973468,1062.013505642278,NO
1188.2399244117173,1061.0345024030612,NO
1188.4079255345976,1060.0577253108047,NO
1188.6234421156414,1058.962982445926,NO
1188.7435650804268,1057.9777129865215,NO
1188.8335582464974,1056.9868642371703,NO
1188.9102246076352,1055.992562985212,NO
1188.9905355018711,1054.9989842514462,NO
1189.0795109096453,1054.008339150443,NO
1189.1744583994173,1053.0162023996386,NO
1189.2888527559087,1052.0369653028836,NO
1189.4564514574854,1051.0692926289062,NO
1189.66086389611,1049.970526125871,NO
1189.7597342921729,1048.9827324432551,NO
1189.8387272734624,1047.9875452746105,NO
1189.9136345442578,1046.9930432541894,NO
1189.989107320598,1045.999013697661,NO
1190.068779618609,1045.0064833245108,NO
1190.1626136964014,1044.0180681879472,NO
1190.2889616629893,1043.0407217655993,NO
1190.4662188454497,1042.065483319869,NO
1190.6577533485927,1040.9692278230543,NO
1190.7575375079955,1039.981119723924,NO
1190.8387830261256,1038.987721357682,NO
1190.9163051912687,1037.9934228050765,NO
1190.9935112521862,1036.9994382875125,NO
1191.0687322239012,1036.0059154782446,NO
1191.1444848242975,1035.0118228808503,NO
1191.2364643224255,1034.0245881042447,NO
1191.3665176669376,1033.045280738132,NO
1191.5659491659183,1031.958588788866,NO
1191.6887928338363,1030.975591594765,NO
1191.7714423585376,1029.9845125211134,NO
1191.8397961953608,1028.989192600215,NO
1191.9096223568101,1027.9932527496774,NO
1191.9839259570908,1026.998663148834,NO
1192.0621782344565,1026.0057443848386,NO
1192.1464399392867,1025.0137335660486,NO
1192.2404994780104,1024.0234955590115,NO
1192.351519152258,1023.0358364324758,NO
1192.4905784628681,1022.0547704665493,NO
1192.6466353464382,1020.9696448860528,NO
1192.7362700890435,1019.9828180101392,NO
1192.7927168161107,1018.9913287908997,NO
1192.8290306846525,1017.9949616115364,NO
1192.8699636962742,1016.9936256711958,NO
1192.9294118889397,1015.9950816919513,NO
1192.9922270657353,1014.9995084310257,NO
1193.044865903962,1014.0023898421257,NO
1193.092707185905,1013.0047688880571,NO
1193.1472274579908,1012.0091725658395,NO
1193.2153943649255,1011.016172156726,NO
1193.297040974254,1010.022386664959,NO
1193.3916758907415,1009.0314617425535,NO
1193.5263325917126,1007.9639967760291,NO
1193.6366082568459,1006.9753427169447,NO
1193.71282677325,1005.9860063888481,NO
1193.7659637941624,1004.9904083527205,NO
1193.8109470545958,1003.9918788444573,NO
1193.8520692166223,1002.9944671557658,NO
1193.8864183613152,1001.9966593636801,NO
1193.911294956631,1000.9982606853788,NO
1193.933096131247,999.9984257912736,NO
1193.9631413139805,998.9985517214981,NO
1193.9958724428802,997.9998489420249,NO
1194.0239163813371,997.0007900305824,NO
1194.0594940629483,996.0032142563123,NO
1194.1117292255235,995.0073552152485,NO
1194.1668328750368,994.0078593648706,NO
1194.2074850619508,993.0058764835259,NO
1194.2425250833971,992.0083074890575,NO
1194.2910626625985,991.0150775698414,NO
1194.3543691606721,990.019210323447,NO
1194.4177092242599,989.0177329394122,NO
1194.4685160711663,988.0140274269668,NO
1194.5047665291418,986.9922339741638,NO
1194.5407717318892,985.988029594461,NO
1194.595503883786,984.9832622291642,NO
1194.641259116815,983.9915826163168,NO
1194.6562804580979,982.9996201993922,NO
1194.6569367849434,981.9996217605143,NO
1194.665751456344,980.9963349942082,NO
1194.6802688326081,979.9968687916123,NO
1194.691421646191,978.9983320089278,NO
1194.7006880043257,977.9987153991417,NO
1194.711198722565,976.997542116821,NO
1194.722620829541,975.9970740592994,NO
1194.7347075142839,974.9972249738696,NO
1194.7460553315957,973.9978881940842,NO
1194.7523758917694,972.9994862570605,NO
1194.7547484042805,971.9992375597759,NO
1194.7563268552992,970.9992440337123,NO
1194.7576299146021,969.9994992353794,NO
1194.7594547825172,968.9995030057676,NO
1194.7597297121306,968.0004964261962,NO
1194.7581728377288,967.0004996428786,NO
1194.7576509579822,966.0002506194887,NO
1194.7571341035225,965.0007550235423,NO
1194.7552987160454,964.0005076789889,NO
1194.7526556239816,963.0007705432258,NO
1194.7492013313674,962.0013048838387,NO
1194.7465451119024,961.0005280309972,NO
1194.7439047423863,960.0002670440765,NO
1194.7393267062748,959.0010906832978,NO
1194.7343555130715,958.0008362365886,NO
1194.7306880539702,957.0002831881629,NO
1194.7272226948962,956.000575479552,NO
1194.7205000496947,955.0014819722337,NO
1194.7069191096539,954.0037574472701,NO
1194.6868631964396,953.0054105712672,NO
1194.6652682699782,952.0051384258223,NO
1194.6457240418904,951.0047341999048,NO
1194.6301268578832,950.0033321905751,NO
1194.6194829861486,949.0021595744673,NO
1194.6128694510946,948.0013242778565,NO
1194.6105263157895,947.0,NO
1194.6071405112837,946.0017979838668,NO
1194.5919604406458,945.0065964821326,NO
1194.5633532001978,944.0097260132936,NO
1194.5349351216569,943.0060828936272,NO
1194.5163811850716,942.0034876358059,NO
1194.4935275782036,940.9904401436434,NO
1194.4559854431097,939.9858186345729,NO
1194.412174005928,938.9863904805015,NO
1194.3715440270914,937.9887672739602,NO
1194.3358116042677,936.990757478839,NO
1194.305414451067,935.992736462524,NO
1194.2813099478476,934.9946326947436,NO
1194.2588701100574,933.994234518751,NO
1194.22527066426,932.9915832942892,NO
1194.1857453455896,931.9935811548262,NO
1194.161591480061,930.9981029815599,NO
1194.1519838584766,929.9988694080781,NO
1194.1412151709067,928.9980573574787,NO
1194.1294284892551,927.998502930208,NO
1194.118384201659,926.9985140058171,NO
1194.1063574437344,925.9986705319533,NO
1194.094423020437,924.9987279800065,NO
1194.0762169695993,923.9980417016743,NO
1194.045584900666,922.998150714011,NO
1194.0133064764698,921.9995613249641,NO
1193.9928048835766,921.0001209861365,NO
1193.9820353315104,920.00021218113,NO
1193.9741056765024,919.0001778805401,NO
1193.9633793988962,918.0005026357029,NO
1193.9372989591498,917.0024588643654,NO
1193.9013636702734,916.003481282005,NO
1193.877488641368,915.0014413100627,NO
1193.864036352084,914.0021327632427,NO
1193.8463419857471,913.0030129023188,NO
1193.8287280139862,912.0020149644869,NO
1193.8186664160864,911.0008897624032,NO
1193.8124439485052,910.0012934899477,NO
1193.7967264851068,909.0050666378901,NO
1193.763016933635,908.0096925584745,NO
1193.7114629001767,907.0143809579242,NO
1193.6460505937343,906.0175996938914,NO
1193.5791984890548,905.0164451161482,NO
1193.506363587034,903.9731566302454,NO
1193.4212676326963,902.9738251058529,NO
1193.3442219500255,901.9803973834578,NO
1193.2863827018798,900.9878813561634,NO
1193.2402709728153,899.9900106163411,NO
1193.1902215941966,898.9896020356099,NO
1193.1390537369532,897.9930035855718,NO
1193.0962995373443,896.996235203243,NO
1193.0588266587076,895.9976802428249,NO
1193.0244301976484,894.9991491970411,NO
1192.997242233786,894.0000733592991,NO
1192.9760569082482,893.0005404231011,NO
1192.9532174489138,892.001192496404,NO
1192.9223949125385,891.0027390029134,NO
1192.8857989828784,890.0042545476099,NO
1192.8515653072006,889.0043657261124,NO
1192.8231615528116,888.0050326935731,NO
1192.793514391852,887.0071625336433,NO
1192.755757157539,886.00943214249,NO
1192.70962345706,885.0115906607732,NO
1192.6502173565802,884.0183693293862,NO
1192.55527139255,883.0351645884316,NO
1192.4060706511286,881.9611913811433,NO
1192.3060306829846,880.9773055904742,NO
1192.2290280856103,879.984032900059,NO
1192.1606449682783,878.988634411424,NO
1192.0976530418632,877.9934897967717,NO
1192.0440940884605,876.9976559812611,NO
1192.000755074912,875.9999678850422,NO
1191.9587332347,875.0019457806833,NO
1191.9102705300531,874.0047503836519,NO
1191.8615704690637,873.0059832016084,NO
1191.8191214572705,872.007566632451,NO
1191.770895808407,871.0122818744088,NO
1191.703578216852,870.0189478713003,NO
1191.6098059460883,869.0296009281675,NO
1191.4622326419926,867.958282253414,NO
1191.337142987475,866.9697733877299,NO
1191.2300703497729,865.9786689752535,NO
1191.1380866574111,864.9879797171259,NO
1191.0645620705773,863.9949726256359,NO
1191.0047345979544,862.9996837307435,NO
1190.9452242389707,862.0035009087809,NO
1190.8806321604654,861.0073799543867,NO
1190.821883568057,860.0082803879147,NO
1190.7706760503152,859.0113848765828,NO
1190.703245217021,858.0223906370935,NO
1190.5966745039477,857.0368333793101,NO
1190.4262016567739,855.9547663313076,NO
1190.3021381431274,854.9710465145607,NO
1190.2004734723055,853.9813412130711,NO
1190.1123284351813,852.9898308278961,NO
1190.0353950293636,851.9970474498406,NO
1189.9664493524187,851.0024791119964,NO
1189.9014573653953,850.0063762883725,NO
1189.8410541138935,849.0093865681332,NO
1189.7804971952246,848.0141614715402,NO
1189.7016855114844,847.0225562597752,NO
1189.582212287519,846.0390320698943,NO
1189.382048539095,844.9510194170346,NO
1189.2434848359223,843.9724662377669,NO
1189.13558042097,842.9863122851646,NO
1189.0467263048345,841.995413368666,NO
1188.9703116408766,841.0025969936282,NO
1188.9008450659123,840.0072077262572,NO
1188.833877929159,839.0110090785438,NO
1188.759599454807,838.0182270893093,NO
1188.6622476486339,837.0279620685359,NO
1188.5288051332059,836.043239057618,NO
1188.3366108387158,834.9557291903355,NO
1188.2002035176633,833.9747859928865,NO
1188.0965538478317,832.9904441553571,NO
1188.013587759867,831.998804277113,NO
1187.9358913265562,831.0053003233496,NO
1187.858598339734,830.0105981517556,NO
1187.7822457781533,829.015868728217,NO
1187.6923859555102,828.0270647554021,NO
1187.4963340632553,826.9202967158325,NO
1187.2963708736283,825.9529570044699,NO
1187.1624492994908,824.981062059911,NO
1187.0643699323705,823.9932728146504,NO
1186.976061922895,823.0024057171445,NO
1186.8920343313196,822.0090236793685,NO
1186.813734179421,821.0142711127129,NO
1186.72487374812,820.0256400373529,NO
1186.5772704619585,819.0563312812935,NO
1186.3098666105986,817.9491159013027,NO
1186.155062075107,816.9780836801899,NO
1186.03816036041,815.9953122806901,NO
1185.941847656333,815.0057462792353,NO
1185.8557060749683,814.0120837272815,NO
1185.7678774084063,813.020931013888,NO
1185.654423958339,812.0352322630016,NO
1185.424188414139,810.9316144828414,NO
1185.2427036062338,809.9616783769995,NO
1185.1119404157894,808.9862119324721,NO
1185.0120494969276,807.9987258840423,NO
1184.9260618481196,807.0065625576726,NO
1184.8461359543676,806.0117891893282,NO
1184.768376815036,805.0176386389857,NO
1184.6692205030627,804.0318057200975,NO
1184.4439563972335,802.9259197014142,NO
1184.2522879427074,801.9595440252239,NO
1184.111316569068,800.9850082668678,NO
1184.0034228318827,799.9995887024763,NO
1183.914301175177,799.0084085069633,NO
1183.8307560946428,798.0147460032968,NO
1183.734293130932,797.0268446103695,NO
1183.5901600437376,796.0495512693169,NO
1183.3312290427946,794.9452947502848,NO
1183.1679194550322,793.9739188944799,NO
1183.0439893964844,792.9942894089717,NO
1182.943214787062,792.0059980431994,NO
1182.8557514722302,791.0119026289786,NO
1182.7737497333126,790.0183446169035,NO
1182.671180428024,789.03242865303,NO
1182.4702008771844,787.9339296164798,NO
1182.2891818272428,786.9561263474059,NO
1182.1415159384421,785.9785039077337,NO
1182.0224701946627,784.9972452953335,NO
1181.9292442103479,784.0063687207648,NO
1181.852957301586,783.0109992574091,NO
1181.7711106522452,782.0213135837868,NO
1181.6462404735112,781.0426683625898,NO
1181.4006999893375,779.9408955873851,NO
1181.227202583231,778.966404874335,NO
1181.0823204413612,777.9867944296021,NO
1180.9585284782308,777.00577031219,NO
1180.8556302132197,776.0140536958861,NO
1180.768038404878,775.0188698908685,NO
1180.66339050731,774.0343334600697,NO
1180.4240084419189,772.9257496721691,NO
1180.238360243022,771.9617382699212,NO
1180.097425173353,770.9858804092763,NO
1179.9785735017051,770.0028525767972,NO
1179.8723099328017,769.0133482711094,NO
1179.7733120189514,768.0211879231816,NO
1179.6563507420826,767.035141742981,NO
1179.4383530937812,765.9356120606045,NO
1179.2657790461221,764.962286102005,NO
1179.1282134927237,763.9824665306294,NO
1179.013648164954,762.9982064013451,NO
1178.9135767072985,762.0099089520146,NO
1178.8186460952152,761.0187111172681,NO
1178.709448745864,760.0328187422526,NO
1178.5480734701646,759.0542311848011,NO
1178.3152705977336,757.9560574140011,NO
1178.1664824777865,756.9755638163869,NO
1178.0437285197183,755.9940835267292,NO
1177.9399544464063,755.0066056063241,NO
1177.848297644344,754.0132758202519,NO
1177.7611474048185,753.0191082086857,NO
1177.6603644175304,752.0304847154823,NO
1177.4839543596308,750.9392243341365,NO
1177.3201148399362,749.9578143229717,NO
1177.1801132866328,748.9754216419575,NO
1177.0571512993697,747.9927304967612,NO
1176.9502752036615,747.005814593397,NO
1176.8553897884613,746.0152372583896,NO
1176.7590345068563,745.0242188670269,NO
1176.6368583714611,744.0392050396199,NO
1176.4141756647768,742.9411056601231,NO
1176.2388069767824,741.9638801183527,NO
1176.0974635873079,740.98564333061,NO
1175.9787803281145,740.0027455744815,NO
1175.874609920138,739.0138497923887,NO
1175.7754362218586,738.0221653185746,NO
1175.6618309667926,737.0348848047684,NO
1175.4610731198966,735.9368611041132,NO
1175.2899264035452,734.9596706973064,NO
1175.1479902591875,733.9786357581432,NO
1175.0253474303559,732.9966668515434,NO
1174.9192849607584,732.0089147949581,NO
1174.827671069676,731.0154501806802,NO
1174.7352918373176,730.0251847854065,NO
1174.6005016971394,729.0449766307581,NO
1174.362511182586,727.9473906680234,NO
1174.1978825575975,726.9691611605137,NO
1174.0559917594433,725.990920255294,NO
1173.9334394675443,725.0093747227965,NO
1173.824478898585,724.0204745457352,NO
1173.7049814402071,723.034690007033,NO
1173.4726856708185,721.9233333625344,NO
1173.2541422270103,720.9527112933283,NO
1173.081388777295,719.9842933943754,NO
1172.9356813815584,719.0102499791506,NO
1172.8071432880497,718.0249218410321,NO
1172.6721856649374,717.0416217585898,NO
1172.4086246395684,715.9275619942513,NO
1172.2066497375374,714.9616823112561,NO
1172.0372272799,713.9928908890018,NO
1171.8951096783858,713.0163302294283,NO
1171.7699318156915,712.0290196995954,NO
1171.6162205329908,711.0509740005853,NO
1171.3028937263255,709.9390146862837,NO
1171.1062773755077,708.9785649637782,NO
1170.9523122825804,708.0079721112462,NO
1170.8249390515691,707.0227735684786,NO
1170.689807356407,706.045882662371,NO
1170.3615518554147,704.9164395409776,NO
1170.1434115027832,703.9678301253211,NO
1169.970720145841,703.005938283952,NO
1169.8186160842747,702.0276136719928,NO
1169.6685978738578,701.0445582689355,NO
1169.3484874671615,699.9224270846449,NO
1169.1266494815495,698.9708143898822,NO
1168.9555974687205,698.0087371275539,NO
1168.8068980437852,697.0290711800732,NO
1168.6531338551436,696.04641938699,NO
1168.3603106490364,694.9303399407488,NO
1168.1421193133492,693.9677744088259,NO
1167.9615917871024,693.0083897694984,NO
1167.8007603417536,692.0301038041655,NO
1167.635102440961,691.05434644239,NO
1167.0441395147943,688.9886576479663,NO
1166.8738238836374,688.0216589747935,NO
1166.724058477333,687.0421695269052,NO
1166.3586636499613,685.905743685451,NO
1166.109752630168,684.9709006584766,NO
1165.9264841272357,684.0141743891324,NO
1165.7692117682423,683.0373436219771,NO
1165.4291939972904,681.8885082345281,NO
1165.150185039857,680.9568650938039,NO
1164.9580972859928,680.00912024967,NO
1164.7948394948942,679.0345360359562,NO
1164.6014356067774,678.069353720569,NO
1164.0205224289566,675.9953290868872,NO
1163.85285129167,675.0275443514171,NO
1163.6827989917683,674.0540269254292,NO
1163.3148247602053,672.9225954560086,NO
1163.0933834369096,671.9780785518674,NO
1162.9165913787394,671.0171821768425,NO
1162.7571273021597,670.0383998112799,NO
1162.5770499102355,669.0633269521886,NO
1162.2666418428778,667.9436994183652,NO
1162.0714877146122,666.9842932534556,NO
1161.9044483998305,666.0183052704158,NO
1161.7491541477789,665.0406569705582,NO
1161.4682199792908,663.9050538890758,NO
1161.2317118217522,662.9555350442891,NO
1161.056996708577,661.9899280583518,NO
1160.907257155435,661.015919929941,NO
1160.768840587364,660.0322333850357,NO
1160.626400926495,659.0467973789672,NO
1160.383499952194,657.9355985988115,NO
1160.213218955919,656.9649806691363,NO
1160.0704727282914,655.9896258419043,NO
1159.9395265766696,655.0088807124852,NO
1159.8141057846728,654.0249212714796,NO
1159.6924523726814,653.0331301308662,NO
1159.5581492194035,652.0396408794137,NO
1159.3693013276427,650.9556186942361,NO
1159.2276252812007,649.9715772073267,NO
1159.098559980207,648.9865366458727,NO
1158.9850147481193,648.0018559011804,NO
1158.888162348814,647.0119263496144,NO
1158.7983320436713,646.0216933652542,NO
1158.7027712785184,645.029633076128,NO
1158.5982614834015,644.0308379729506,NO
1158.470835471921,642.9632240695263,NO
1158.358683424088,641.9687770252344,NO
1158.2457127669281,640.973319710741,NO
1158.1443638005428,639.986369712811,NO
1158.0657679447274,638.9953070109768,NO
1157.9963847212823,638.0002708750441,NO
1157.9251148332235,637.0056461035867,NO
1157.8580119629444,636.0093726094543,NO
1157.8018392822157,635.0099177588511,NO
1157.7615286441674,634.0074814540113,NO
1157.729693613215,633.0090102122883,NO
1157.697599414689,632.0094870768194,NO
1157.6696317349465,631.0071395890922,NO
1157.6479553840138,630.0055659226294,NO
1157.6322123840962,629.0040255360692,NO
1157.623325182439,628.0026340896027,NO
1157.6186162160118,627.0022883027125,NO
1157.6155150074637,626.001537939973,NO
1157.6152704571464,625.0,NO
1157.6223643725764,623.9966114449788,NO
1157.6496823022137,622.9871792732273,NO
1157.692913401231,621.9855204747053,NO
1157.7274847211836,620.9930535320867,NO
1157.751593797939,619.9941551480017,NO
1157.7863162327835,618.990363280927,NO
1157.8386237571633,617.9895374927466,NO
1157.89780097078,616.9931328716871,NO
1157.956475871103,615.9974448522419,NO
1158.0162909544865,615.0010773577486,NO
1158.085503513419,614.0071902647759,NO
1158.1714552186831,613.0172866367041,NO
1158.26983429467,612.0259131042395,NO
1158.3666097413789,611.0268251036289,NO
1158.462523250322,610.0307676323184,NO
1158.5947585571473,608.9637033495039,NO
1158.7075605218258,607.9691395518169,NO
1158.7922386832333,606.981789844535,NO
1158.8602074610765,605.9895929097936,NO
1158.9283477555036,604.994107784866,NO
1159.0080569920626,604.0008032150317,NO
1159.095419644205,603.0089455920013,NO
1159.1787473242152,602.0139528495769,NO
1159.2586178499287,601.0190851678634,NO
1159.347494649666,600.0276029479046,NO
1159.4560437995099,599.0391475727042,NO
1159.5794442228878,597.9772068604325,NO
1159.6492603912031,596.9858287030844,NO
1159.6969708212898,595.9892415676464,NO
1159.74489305303,594.9864943382471,NO
1159.8024155939395,593.9866208785241,NO
1159.8568634727199,592.9923923496841,NO
1159.8974695367708,591.9963526711733,NO
1159.9363749093263,590.997030407873,NO
1159.9844238750939,589.9991130478307,NO
1160.0319596938837,589.0014760501172,NO
1160.0733906564944,588.0031072656896,NO
1160.1125642200554,587.0045572557232,NO
1160.1505381675036,586.0058134659414,NO
1160.1897530271387,585.0081322728747,NO
1160.2340135803372,584.0110519759462,NO
1160.2881073768726,583.017614855758,NO
1160.3547262946975,582.0230534921552,NO
1160.422560132709,581.0193093365671,NO
1160.473775171467,580.0142641985418,NO
1160.5175970316818,578.9871015246084,NO
1160.5644679387938,577.9841377498959,NO
1160.6084916662658,576.9876784178846,NO
1160.6372911507,575.9938523926596,NO
1160.657865549286,574.9929073802614,NO
1160.6898539395079,573.9868866465474,NO
1160.7236052406956,572.9915749872579,NO
1160.7414795916966,571.99796440623,NO
1160.7486516813215,570.9977712956783,NO
1160.756381486967,569.996873602501,NO
1160.768088655527,568.9956416264948,NO
1160.7858378070848,567.9951182056387,NO
1160.8067761411248,566.9955867440341,NO
1160.8238368017517,565.9973706985361,NO
1160.8502071577097,564.9940202458413,NO
1160.9043898083062,563.9928964316498,NO
1160.9611432490033,562.9980375378402,NO
1161.0041312145854,562.0001548682243,NO
1161.057344697763,561.0037918671505,NO
1161.1309068991216,560.0099253175136,NO
1161.2083243880386,559.012939402892,NO
1161.2785686297577,558.014630705554,NO
1161.34751770224,557.0207916577315,NO
1161.423785360987,556.0281293871069,NO
1161.5075596047477,555.0271301341887,NO
1161.5852308901583,553.9785388735116,NO
1161.6582609402944,552.9745179250366,NO
1161.7315858978907,551.9785268706275,NO
1161.799348952117,550.9852109789008,NO
1161.8607552967544,549.9909400340933,NO
1161.9191760297726,548.9947855502106,NO
1161.9857263413617,547.9988685515092,NO
1162.07467560834,547.008195169446,NO
1162.1902429519535,546.0261584070382,NO
1162.3211560199422,545.0365960529751,NO
1162.4384074793268,544.0338704372274,NO
1162.5625485621151,542.9684217624042,NO
1162.6696485724472,541.9705102536916,NO
1162.7573631155515,540.9785065749536,NO
1162.8326007196883,539.9857179186045,NO
1162.9064393091512,538.991921466183,NO
1162.991313334755,537.9991172088091,NO
1163.0954686369669,537.0113067899874,NO
1163.2134610027451,536.0245614112775,NO
1163.3319782191077,535.0328796320515,NO
1163.4537200417378,534.0442290081431,NO
1163.606839446145,532.966347425797,NO
1163.713865627762,531.9737281809213,NO
1163.8081619139268,530.9794866206357,NO
1163.9097780654504,529.9882476439673,NO
1164.0295262485263,529.0045634221875,NO
1164.1713340340584,528.0278327437984,NO
1164.33876646378,527.051260714511,NO
1164.5667953114057,525.9566795317893,NO
1164.697014906679,524.9714050215772,NO
1164.7970100205123,523.9778010959697,NO
1164.9051982796866,522.9865650257353,NO
1165.027325374905,522.0040709231665,NO
1165.1616697240204,521.0233372616717,NO
1165.3111775718535,520.0472293197965,NO
1165.4959025472958,519.072598342793,NO
1165.6722283693787,517.970622685606,NO
1165.7602023429984,516.9802131599859,NO
1165.843579016464,515.9848823904931,NO
1165.9445745577827,514.9929055436693,NO
1166.0666028731628,514.0096120832256,NO
1166.2075278122272,513.0288962757153,NO
1166.3675718094685,512.0505461765647,NO
1166.5942389319157,510.9520823899423,NO
1166.7340111366073,509.96668422435323,NO
1166.8354437634903,508.9814976562406,NO
1166.9233440312914,507.9925119547027,NO
1167.0149066530253,507.00161896034217,NO
1167.1242863211794,506.01667573336914,NO
1167.2569647543187,505.03647241788974,NO
1167.4090646593252,504.0530017324512,NO
1167.587366273023,502.9675850375406,NO
1167.6896745001602,501.9757946120886,NO
1167.7716063257571,500.9809110496758,NO
1167.8481387189277,499.9870947921404,NO
1167.9230957409952,498.9936360380487,NO
1168.002088217632,498.0001875392181,NO
1168.0948506429731,497.0105173196204,NO
1168.2013863043862,496.02237625537197,NO
1168.3139867214759,495.03099439802446,NO
1168.432840197236,494.0396969463911,NO
1168.5745349353815,492.96846714306304,NO
1168.6774626069869,491.97483750656863,NO
1168.7567000681522,490.98320414675965,NO
1168.8178765935654,489.9875947523311,NO
1168.8750385608303,488.9907528535537,NO
1168.9409027121292,487.9949551097229,NO
1169.0181882191466,487.0016910533903,NO
1169.1035658975504,486.0099100913379,NO
1169.1942150713767,485.0175043620639,NO
1169.2868249864441,484.021386073701,NO
1169.3801973931616,483.02642627492025,NO
1169.4763476753474,482.02943109144707,NO
1169.5727381932056,480.9804520751258,NO
1169.6468297860733,479.98110612044866,NO
1169.6966692774447,478.9909722996817,NO
1169.7243408580061,477.99431909508365,NO
1169.7530400936853,476.99128376856476,NO
1169.793771305772,475.9902951200454,NO
1169.8384186151131,474.99271299624735,NO
1169.8752295098088,473.9957144582966,NO
1169.9046267801616,472.99671126812206,NO
1169.934128962003,471.9974488874057,NO
1169.9694208857047,470.99855845692866,NO
1170.0158473661445,470.0009151974824,NO
1170.0666201646334,469.00334123643495,NO
1170.1046316037136,468.0030265340691,NO
1170.1260826236537,467.002230389859,NO
1170.1426943545878,466.00238819012725,NO
1170.157860442431,465.00198983759117,NO
1170.1702742634839,464.00215537044795,NO
1170.1829643263743,463.0029103551031,NO
1170.194891007384,462.0022879413858,NO
1170.2043150996217,461.0017537776857,NO
1170.2126081028537,460.00160199857044,NO
1170.217733965359,459.00046925426017,NO
1170.2192230528651,457.9997640225403,NO
1170.218541534985,456.99906205348435,NO
1170.2149104675138,455.9986223687723,NO
1170.2094719900365,454.9986629447457,NO
1170.2015943955917,453.9978644661643,NO
1170.191758829506,452.9979772274788,NO
1170.1828710452241,451.9984632684617,NO
1170.1726205698633,450.9978332145753,NO
1170.1521510836174,449.99557148631266,NO
1170.1226683038947,448.99595321048383,NO
1170.0955848173537,447.9976495537125,NO
1170.0734189797222,446.99835181873044,NO
1170.0531913484274,445.998918875007,NO
1170.0337325618493,444.99931715464845,NO
1170.012025593034,443.9996730201445,NO
1169.989248028979,443.0002585644366,NO
1169.9705702943554,442.0004410045678,NO
1169.9520812160388,441.00090773367486,NO
1169.9287351106198,440.0018418360906,NO
1169.9050818404753,439.0024434376824,NO
1169.8880770013295,438.00165730008683,NO
1169.8719123653811,437.00302569211686,NO
1169.8425493638938,436.00664413880105,NO
1169.8073017073668,435.00604543639787,NO
1169.7817225999504,434.00385195430033,NO
1169.7579829988676,433.00664360403044,NO
1169.723414582753,432.0111944736262,NO
1169.6824562976121,431.01119237570094,NO
1169.6436376864363,430.0099707593097,NO
1169.5997814015213,429.01418605177105,NO
1169.5282412583354,428.02454853163886,NO
1169.4044179056987,426.9648926962079,NO
1169.2997629630356,425.9763345016212,NO
1169.21605595783,424.98494786894713,NO
1169.1488175237196,423.9904342790479,NO
1169.0917674491811,422.99465802779525,NO
1169.0361232131963,421.99759178562505,NO
1168.9768447551664,421.00166230785663,NO
1168.9219295086916,420.0044455724409,NO
1168.8769203272184,419.00620876691164,NO
1168.8306397978886,418.00964920562933,NO
1168.7784032385798,417.01216609686105,NO
1168.7245062222194,416.01470026122314,NO
1168.66362439387,415.0173811106103,NO
1168.5921404927744,414.0189301876049,NO
1168.4999976935308,412.96927388481765,NO
1168.4023659785084,411.9701300381183,NO
1168.295575529749,410.97018873414305,NO
1168.1752759540689,409.9782288810957,NO
1168.0649000392434,408.9931014406828,NO
1167.9773951551795,408.00183779228246,NO
1167.9090296200302,407.0068433086146,NO
1167.8476996425322,406.011158639793,NO
1167.7832254856198,405.01703532461715,NO
1167.7108906057638,404.0214472846953,NO
1167.6309945951089,403.0238434254332,NO
1167.5152188251795,401.9493513706303,NO
1167.3898549036094,400.9610573036569,NO
1167.2738319199814,399.97106791951825,NO
1167.1642618927233,398.9817106939901,NO
1167.0618258374432,397.99331271545867,NO
1166.9677657137768,397.0031131703538,NO
1166.8870515654437,396.0091214587645,NO
1166.817997663042,395.01405562599285,NO
1166.747726852488,394.020292079633,NO
1166.6622303790487,393.0274242564461,NO
1166.5553408624849,392.0287979021381,NO
1166.4010652235027,390.9602949878847,NO
1166.2493244344673,389.96598903979213,NO
1166.1122023159544,388.9846042565422,NO
1166.0002789318596,387.9999686307635,NO
1165.9065689588087,387.0096588752966,NO
1165.8177895927909,386.0184539552223,NO
1165.7278248628393,385.02528108988776,NO
1165.627014804603,384.0330007474079,NO
1165.4596722810538,382.9434954362405,NO
1165.3052170879903,381.95910810551516,NO
1165.1619243177684,380.97638603678894,NO
1165.0359242516333,379.99519066818,NO
1164.9281049393326,379.0081471544144,NO
1164.834002301967,378.01583262249943,NO
1164.7462615631343,377.021835057943,NO
1164.6414754054806,376.03652329444213,NO
1164.4292796932439,374.9348112958099,NO
1164.2656858956539,373.96499602641325,NO
1164.122791749828,372.9819802464224,NO
1163.988531432378,372.00190558254184,NO
1163.866861791064,371.0175391659201,NO
1163.7613613367803,370.02445749525896,NO
1163.65337533608,369.0363741935442,NO
1163.448496477512,367.93607066803287,NO
1163.2586892672234,366.9568398812056,NO
1163.107954127754,365.9834764098807,NO
1162.9809765172224,365.00253265581836,NO
1162.8707838860623,364.01517938562114,NO
1162.7712590046967,363.02251387793547,NO
1162.6694577379528,362.0327203452819,NO
1162.4979877410906,360.9358149120072,NO
1162.3304804307788,359.9544889257075,NO
1162.1834842514209,358.97292234439414,NO
1162.0422721833916,357.9934338642678,NO
1161.9088912514069,357.01369370032387,NO
1161.7857615855776,356.0269940388787,NO
1161.6660967373934,355.0364883991626,NO
1161.4524986878075,353.92983728225323,NO
1161.245834224512,352.954591131216,NO
1161.0822848540304,351.98589402509447,NO
1160.9439436933076,351.00875705442206,NO
1160.8152571710243,350.02654877135933,NO
1160.6807245025782,349.04048073737505,NO
1160.4805095041975,347.93760309374045,NO
1160.3019371723217,346.9544065314148,NO
1160.144798350226,345.9760405618868,NO
1160.0029388970418,344.9995421818692,NO
1159.875253870878,344.01701083613045,NO
1159.7578992997376,343.0280731228643,NO
1159.6317623331192,342.03851858430943,NO
1159.3940074049003,340.93477282205845,NO
1159.2088818678765,339.964402769167,NO
1159.0527463890708,338.99113598010774,NO
1158.9109212901299,338.01468132393717,NO
1158.7734561742598,337.0353618282096,NO
1158.6074669484228,336.0567973890696,NO
1158.315964488963,334.94158926522,NO
1158.1279911673128,333.97498717185533,NO
1157.9573030308995,333.0092819496912,NO
1157.7940640418,332.03821279019127,NO
1157.6147629987029,331.06005284968825,NO
1157.3048616076467,329.93655494722844,NO
1157.099425383716,328.9771026490742,NO
1156.9191175182764,328.0176677154943,NO
1156.7491418402628,327.04274256610915,NO
1156.5566809665515,326.06640020912437,NO
1156.258337547703,324.94931351812846,NO
1156.0781021422029,323.9858717661227,NO
1155.9178519770674,323.0144967099293,NO
1155.765563303391,322.03973901871575,NO
1155.5890159954902,321.06160359638255,NO
1155.305060678368,319.9444169110805,NO
1155.1092375030503,318.9764960305035,NO
1154.9301506376355,318.0153190760356,NO
1154.7607264465946,317.0414869481022,NO
1154.568475174854,316.0659535751855,NO
1154.217188767765,314.94316123771375,NO
1154.0102496633651,313.99730161907024,NO
1153.824161465076,313.036368211017,NO
1153.629409475746,312.0662749209214,NO
1153.053021599732,309.9868113447968,NO
1152.8665149447304,309.02759929617804,NO
1152.680005092417,308.05635337836014,NO
1152.3283661101998,306.92546721888647,NO
1152.0882008789542,305.97558484351725,NO
1151.8845888186736,305.0290283704748,NO
1151.6678002317276,304.0629059136951,NO
1151.3051192962546,302.93201324876947,NO
1151.0806586226247,301.978800196045,NO
1150.8822704111153,301.02910569986346,NO
1150.6739902623403,300.06560988873605,NO
1150.0548440407986,297.98411681068853,NO
1149.8471632817082,297.0400580118679,NO
1149.593183737636,296.0887110348571,NO
1148.9680382522831,294.0098293770356,NO
1148.744506154952,293.067347746787,NO
1148.128568229742,290.9694376417359,NO
1147.9224515121746,290.02268000893514,NO
1147.6737111710047,289.09008409062153,NO
1147.0177321283893,286.99570996905203,NO
1146.8157960925548,286.0467211571269,NO
1146.1240001465592,283.96618177855936,NO
1145.9175200672223,283.0219229503019,NO
1145.6868825193512,282.08338635955346,NO
1144.9548182291933,280.01432816076493,NO
1144.70622594793,279.0778485213746,NO
1143.9826117103423,277.00585524074086,NO
1143.7455071982984,276.0720568197937,NO
1143.0189763641902,273.99380285071334,NO
1142.778322451138,273.06933318954776,NO
1142.0418454192618,270.9878021449978,NO
1141.8207625580328,270.05584660964547,NO
1141.0224144896383,267.99252850321915,NO
1140.7836429040879,267.06392885629623,NO
1139.986232036967,265.0053518543929,NO
1139.7118645141475,264.10121931367297,NO
1138.9060712618511,262.0348100295795,NO
1138.0630645433782,259.97739437964026,NO
1137.8266072804436,259.05913604054274,NO
1136.9949007291852,257.00201746839326,NO
1136.72796608247,256.0927111163995,NO
1135.9356877674325,254.0229733579956,NO
1135.6340171301547,253.11974555235358,NO
1134.873761339912,251.04234255098453,NO
1134.0347495961823,248.98653587074267,NO
1133.78631925781,248.07679514233575,NO
1132.9533398655915,246.0181960199338,NO
1132.6444360234036,245.12542012342388,NO
1131.8257967392983,243.07009924181406,NO
1130.9437387044366,241.0239447124217,NO
1130.0339251061143,238.98673104669166,NO
1129.7715451349113,238.09127880635666,NO
1128.9151051029169,236.03184667499386,NO
1128.0393544444357,233.98453354136356,NO
1127.7784722732035,233.0901969757149,NO
1126.884564680807,231.0478815318547,NO
1125.9705167896786,229.01248664552335,NO
1125.6592926859378,228.129621269139,NO
1124.7941723706167,226.08955142449318,NO
1123.861665215373,224.06218997685806,NO
1122.9253617763197,222.03136059848916,NO
1121.977213193864,220.00973136287706,NO
1121.6688184428813,219.125183456966,NO
1120.8051696987388,217.08884261431194,NO
1119.858093286552,215.0608171648782,NO
1119.1709161531123,213.93118474103338,NO
1118.9185020809773,213.03755381976836,NO
1118.487467474569,212.22717658136838,NO
1117.5601595384596,210.1894874012638,NO
1116.601217037501,208.1901725876571,NO
1115.6338475276095,206.15757879116288,NO
1114.6889538192509,204.14588892044014,NO
1113.7450626162142,202.11627108229848,NO
1112.7366347220247,200.12243615763418,NO
1111.7764163634504,198.10723435752573,NO
1110.7781072207363,196.10267464952537,NO
1109.7878045117213,194.10839866054408,NO
1108.7117872696729,192.15635069658865,NO
1107.9602356821892,191.020748531771,NO
1107.5455644276226,190.24150005387068,NO
1106.9128486911206,189.04677612546854,NO
1106.1338269104701,187.93377166984106,NO
1105.6486217960712,186.68201001980833,NO
1104.826418030098,185.0928558979441,NO
1103.7343756369428,183.1321447812766,NO
1102.6818485518252,181.16897844151313,NO
1101.9521703905687,180.0256383954687,NO
1101.5174540004814,179.26635408135303,NO
1100.6545012455551,177.64068594177883,NO
1099.785390433037,176.1197068393204,NO
1098.594504553051,174.23859587761683,NO
1097.887671393755,173.0635920627355,NO
1096.7820627460296,171.12186919587145,NO
1095.97819656008,170.01341555821307,NO
1095.5208189724576,169.3011571266161,NO
1094.8353329828676,168.09814725041088,NO
1093.6392294174548,166.21155668050616,NO
1092.6316946213437,164.61650744436758,NO
1091.7635187215571,163.13843558137881,NO
1090.952119428949,162.02921999954404,NO
1090.4183644199095,161.37013175519897,NO
1089.7944988721401,160.12940944285774,NO
1088.964578770665,159.02188024716048,NO
1088.4769934649378,158.31315321487045,NO
1087.8322835524261,157.09938752577932,NO
1086.615441359577,155.2323025212617,NO
1085.8839243919006,154.07333296419452,NO
1085.0139267909406,152.99057845173758,NO
1084.618112299535,152.25768715011094,NO
1083.851980274274,151.09949482912154,NO
1082.9719757138937,150.01887213672148,NO
1082.4445326909295,149.36939035769302,NO
1081.7990352517443,148.12661038915255,NO
1080.963647781447,147.0231099298217,NO
1080.4414592733572,146.36808747382423,NO
1079.793662393838,145.13573402396491,NO
1078.64432521245,143.54807742844426,NO
1077.7305113546706,142.17176200712274,NO
1076.9107458249264,141.0625654284282,NO
1076.0176486783853,139.98819249109863,NO
1075.6273061341215,139.25070098914009,NO
1074.8494389012278,138.10737690970225,NO
1073.9535852744402,137.03576967191356,NO
1073.0249783508473,135.9819396735373,NO
1072.631834955547,135.26608813291307,NO
1071.8287714388132,134.12249948136062,NO
1070.9372395568737,133.04588110395355,NO
1069.6410365498475,131.26683510288652,NO
1068.8346349205924,130.1227610597958,NO
1067.9328657783412,129.05300069969954,NO
1066.990800665884,128.00728808337567,NO
1066.458649063667,127.42445745829097,NO
1065.7110042368354,126.21482871345982,NO
1064.8580505411637,125.10518819561283,NO
1063.9473028736586,124.04032811815006,NO
1063.0160785431178,122.98837578011437,NO
1062.6104867040028,122.2969804637896,NO
1061.7946496630693,121.168712297245,NO
1060.8834649906432,120.09280751839306,NO
1059.9436062146735,119.04695908463,NO
1058.9858775762893,118.0119721708245,NO
1058.0296964484694,116.97590951441616,NO
1057.6308331789974,116.30906990065768,NO
1056.7634325840609,115.20364124888263,NO
1055.8385313822089,114.14012115222033,NO
1054.8858876635752,113.10093963601645,NO
1053.9266714590144,112.06138699992471,NO
1052.9695673464055,111.02478142111926,NO
1052.0165071484403,109.98637273338241,NO
1051.5892134725932,109.3480178122652,NO
1050.7294266781958,108.2285024700027,NO
1049.8212274194625,107.15406212755795,NO
1048.879280217389,106.10676560956894,NO
1047.9087861934966,105.0836533062121,NO
1046.9264001984566,104.06981524283565,NO
1045.9416571518298,103.05275682999411,NO
1044.9636255667747,102.03384572869355,NO
1043.9789393299186,101.02004433849913,NO
1042.991606243645,100.00807828579076,NO
1041.9985806813897,99.00139268249967,NO
1041.0050583587708,97.99498259932125,NO
1040.4343173713419,97.5634108334239,NO
1039.4291526780864,96.58014826904267,NO
1039.0011792084754,95.99877192924681,NO
1037.9935674119597,95.0064325880402,NO
1036.9955940579414,94.00440594205865,NO
1035.9953607650828,93.00457696330493,NO
1034.9950706248253,92.00492937517473,NO
1033.9928011709067,91.0072183641055,NO
1032.9913808344722,90.00866620065081,NO
1031.9827562088342,89.0181654006273,NO
1030.9709875467654,88.03116766295865,NO
1029.9529622923621,87.05068718435061,NO
1028.9386138257041,86.06841719110899,NO
1027.911146774393,85.10145081923231,NO
1026.8758707128961,84.14662648813932,NO
1025.8297343389086,83.18893996429485,NO
1024.791532423004,82.23377899397285,NO
1023.7165915886036,81.32959349083609,NO
1022.54400064793,80.52439922174358,NO
1021.994425005422,80.00640757057796,NO
1020.96858002186,79.03526732217217,NO
1019.9400077401921,78.06970614759624,NO
1018.8950989801845,77.12698544193965,NO
1017.8345910897503,76.19115135764437,NO
1016.7685887283048,75.26400440590108,NO
1015.6600818467689,74.40667561171216,NO
1015.0113630367603,73.98533396367739,NO
1013.9614212565497,73.05106377622387,NO
1012.9008968386678,72.13108266951308,NO
1011.8234585864806,71.23712574085668,NO
1010.6435482378007,70.46460591265624,NO
1009.9963562623851,70.00501828573356,NO
1008.9377843213142,69.08651043115368,NO
1007.858835302269,68.19272938899188,NO
1006.7089515563555,67.38566912219596,NO
1006.0081320762764,66.98877506779596,NO
1004.9448945350542,66.07741005345002,NO
1003.8597248319916,65.19545694408052,NO
1002.7011165149842,64.41408481152548,NO
1002.0033131597648,63.995368062259466,NO
1000.9339892093706,63.097389165488835,NO
999.8258041615245,62.25937376540499,NO
999.0397652618456,61.93934230658132,NO
997.9651304217701,61.05257726055943,NO
996.8677071134235,60.20468938761255,NO
995.6239311081695,59.58854782986899,NO
994.9720636647589,59.04474847184726,NO
993.8632585353873,58.223400659782584,NO
992.4225637288878,57.283478935453495,NO
990.8247797819315,56.28213424171534,NO
988.9343999953757,55.11225462205322,NO
987.7679965520426,54.384524225752976,NO
985.8811729472425,53.21254250266812,NO
984.3740908421549,52.32747713769899,NO
982.7630457116925,51.423681371563674,NO
980.8557170250589,50.27065729299059,NO
978.8950133249417,49.217108363309464,NO
976.8923646754971,48.23320987613511,NO
974.8843120715596,47.27248810181909,NO
972.8553873164478,46.333879145352824,NO
971.9936161186597,46.01471201345447,NO
969.9680737739053,45.07839391391546,NO
967.928728258045,44.17368905552779,NO
965.890573594481,43.29304594756336,NO
964.9964373599537,43.009289680009495,NO
962.9549745063231,42.11109423341001,NO
960.9016809120578,41.262184228949145,NO
960.001504537184,40.996052612108436,NO
957.9480167504089,40.13590110821917,NO
955.8952707774108,39.31347278829215,NO
954.9870968421677,39.037331095586026,NO
952.9122893706905,38.275271764617216,NO
951.9950472138049,38.01453310147213,NO
949.9306980280364,37.20612893626809,NO
949.0112150168247,36.967486435365124,NO
946.9412621026672,36.22208071861427,NO
946.0005128498758,35.99813202846457,NO
943.918296602438,35.290639568273754,NO
942.9841302418499,35.05791583157814,NO
940.893589980389,34.38546037583568,NO
939.9669251354342,34.11889737189004,NO
939.0270585728522,33.90896789591017,NO
936.948541672448,33.19684851640931,NO
936.0026684407098,32.99004313193648,NO
933.9207978221582,32.29253706238262,NO
932.9842271974138,32.0590422553338,NO
930.8970149187685,31.387969641522908,NO
929.968583981138,31.11865589014251,NO
929.0226137721332,30.916580304150745,NO
926.9387853641791,30.21368232926847,NO
926.0019933464117,29.99294053122506,NO
923.9200797733234,29.329444926609007,NO
922.9777491294725,29.090842399287084,NO
922.0324190184907,28.887272817975937,NO
919.9488410869567,28.2176497710711,NO
918.9989036844651,28.003901940105937,NO
916.91264325116,27.337159900096943,NO
915.973834833895,27.095031107407404,NO
915.0339867228012,26.887476384808558,NO
912.9507689789664,26.206940787496904,NO
911.9997787211183,26.00086264188135,NO
909.9149315400788,25.36623370734182,NO
908.9691270532703,25.134606049223166,NO
908.0154883748947,24.9396445072369,NO
905.9327387088775,24.338476180652552,NO
904.9733928826522,24.110676660107934,NO
904.0271764381564,23.905410628040688,NO
901.9417821625906,23.241905154806894,NO
900.9904368090332,23.035861966954887,NO
900.0429545246585,22.83656744264958,NO
899.0932980563273,22.57649519932241,NO
897.9542712196871,22.206971495868746,NO
896.9951971696693,22.022727269652442,NO
896.0347735667817,21.845731816421758,NO
895.0848571081536,21.62930841899543,NO
893.9490264973961,21.27345453620619,NO
892.9818886423818,21.093730941731348,NO
892.0178030573608,20.920287212196126,NO
891.0605120197629,20.730240798968676,NO
889.9285543348832,20.396198674195627,NO
888.9622387366921,20.19360139442198,NO
887.997164006736,20.01260727933528,NO
887.0426639520995,19.82719306814519,NO
886.0863420474648,19.595131854254067,NO
884.9515647015955,19.26804533281766,NO
883.9821131755821,19.094733921332192,NO
883.0139216756629,18.92940226120465,NO
882.0480884278761,18.758566341840037,NO
881.0789613690196,18.544840487749426,NO
879.9530643388474,18.261498679605463,NO
878.9828124629354,18.093451365428646,NO
878.0115303221405,17.934035831428744,NO
877.0472561660755,17.767147086003984,NO
876.0872075243988,17.548572819713034,NO
874.9568553361363,17.263237062362663,NO
873.9824854822857,17.104665071772047,NO
873.0085631514428,16.951443038969302,NO
872.034396609643,16.797715178225328,NO
871.0563973131156,16.633803739093512,NO
869.9404381781648,16.37775786660666,NO
868.9645972708275,16.20558426209707,NO
867.9906924195026,16.056578805861747,NO
867.0140653955984,15.910859440326686,NO
866.039647067851,15.762117585707225,NO
865.0598402197265,15.592558515561851,NO
863.9542210225279,15.372546145296157,NO
862.9672535633412,15.226886031033876,NO
861.9863780412966,15.08568651517571,NO
861.0094162875849,14.943269773688993,NO
860.0326329470456,14.800302784804241,NO
859.0511119809795,14.645946934908075,NO
857.9479002985279,14.421288981983942,NO
856.9656840385042,14.277340482556756,NO
855.9803324434142,14.159419136857183,NO
854.9948979628203,14.036443123181595,NO
854.0134742173881,13.907895414726719,NO
853.0304203366901,13.778044217741755,NO
852.0460854519804,13.646432421205038,NO
850.9480198309707,13.462823426753296,NO
849.9623555032175,13.32414243476678,NO
848.9756698311264,13.206806443182277,NO
847.9888131722697,13.092408835336464,NO
847.0032244949946,12.975092682338548,NO
846.0171192315802,12.860192940521122,NO
845.029424186171,12.74820186620244,NO
844.0438874883695,12.62655735742997,NO
842.9552858120293,12.449598704147434,NO
841.9668979645671,12.316927418305019,NO
840.9792149066392,12.210820230404664,NO
839.9896413674373,12.120931008334168,NO
838.9967394234395,12.036818871706028,NO
838.0052361357408,11.948001544392316,NO
837.015414007259,11.85429400397052,NO
836.0215349709687,11.763588606138953,NO
835.0251538955221,11.680739011766107,NO
834.0380640955296,11.590599495511718,NO
832.9549886959859,11.440008463639181,NO
831.9697559331966,11.323578973909166,NO
830.9831016865475,11.238718423774811,NO
829.9887193722916,11.168872679755065,NO
828.9928732299264,11.10221824645047,NO
827.9974764428406,11.035578600197647,NO
827.001883729196,10.970743330433306,NO
826.0051763678092,10.911823252687064,NO
825.007407765904,10.85925244467474,NO
824.0085239416062,10.812283865481321,NO
823.0095396055583,10.769420743538435,NO
822.0099664665898,10.727029553898436,NO
821.0153563371501,10.68078421792369,NO
820.0266888980863,10.621645600800948,NO
819.0267919723376,10.548363887174775,NO
817.9821614223151,10.47756422305844,NO
816.9798264477877,10.419259018787093,NO
815.9803956916651,10.358425960902974,NO
814.9881760551351,10.311576943010405,NO
813.9925154786837,10.280957413957424,NO
812.9934832238201,10.254675621364223,NO
811.9950715517655,10.229759562179483,NO
810.9961526094868,10.209469050585586,NO
809.9980018184052,10.19582179811239,NO
808.9988492037282,10.187963379799351,NO
807.9981627113518,10.180054289201006,NO
806.9984319784003,10.170914352464228,NO
805.999493314564,10.166023933122275,NO
805.0,10.16536203522505,NO
804.001200852464,10.168633998172005,NO
803.0031196038337,10.18001949330007,NO
802.0036191660572,10.197043496188765,NO
801.0058165281152,10.219238356863716,NO
800.0122598755709,10.255370594590243,NO
799.0155424834272,10.303389288811568,NO
798.011746839057,10.34635378060626,NO
797.0110710039744,10.381949638896959,NO
796.0192003396118,10.431550497677495,NO
794.9751322496459,10.50588862182441,NO
793.9825851093774,10.568294041513687,NO
792.9805618648609,10.625232744452196,NO
791.98263605798,10.68487659916293,NO
790.9863902436757,10.741414624051515,NO
789.9900098705139,10.793953569453077,NO
788.9913995476504,10.847956296072613,NO
787.9933778759554,10.908761846193656,NO
786.9983384370877,10.980997068033412,NO
786.0063819184636,11.064861129397803,NO
785.0118645002782,11.148009643044452,NO
784.017405309146,11.223591286870121,NO
783.0294673033018,11.306337183796703,NO
782.0382377719174,11.4088500395181,NO
780.9603523747803,11.547828291914874,NO
779.9708028288956,11.646785436581302,NO
778.9777001545614,11.727506757422683,NO
777.9841095241479,11.805826129919424,NO
776.9906388958198,11.885611869409193,NO
775.9976300956055,11.978455414771824,NO
775.0108475286968,12.088380684932472,NO
774.0233567435896,12.206843954631756,NO
773.0384879353741,12.331828414649458,NO
771.945427724338,12.517409881258507,NO
770.9591576033877,12.668415109704586,NO
769.9759205355914,12.779234079120208,NO
768.9876909461385,12.877282463240466,NO
767.9981628931414,12.985594748363589,NO
767.016799404066,13.110428081040322,NO
766.0373249770322,13.24951491557261,NO
765.0554019513178,13.4049925497447,NO
763.9526162802994,13.612095981525576,NO
762.9660497688087,13.74725940775322,NO
761.9817707958022,13.87214238423023,NO
760.999629582216,13.997354534013121,NO
760.0205221116147,14.12919895390994,NO
759.0486770152194,14.281631300515397,NO
757.932498041118,14.536621859228498,NO
756.9581915564415,14.712640576208635,NO
755.9777354077606,14.854469188968931,NO
755.0006120944403,15.003424231079038,NO
754.0292167434854,15.159949286828475,NO
753.0473332453482,15.325158816296286,NO
751.9483558879431,15.55079365722781,NO
750.9554742439399,15.741750614851362,NO
749.982697492338,15.908569907348337,NO
749.0121256307409,16.067808693328463,NO
748.0408507074584,16.225132779890878,NO
747.0667988103644,16.409468018874957,NO
745.9460320307809,16.68334455905485,NO
744.9724852216544,16.85300927830071,NO
744.0048121663273,17.02218943446617,NO
743.0441122112559,17.20375640170964,NO
742.0811534353587,17.436077493157228,NO
740.9496901436431,17.757551992940826,NO
739.9871880440251,17.946298823545867,NO
739.02783914828,18.12900112200281,NO
738.0578934518942,18.322453065614305,NO
736.9315934058083,18.628088291867254,NO
735.9641955910126,18.822046744440854,NO
735.000047162771,19.000212232476123,NO
734.0446253767416,19.188036846092068,NO
733.0807563996021,19.42805559305103,NO
731.9511225323758,19.739674349668668,NO
730.9834664013654,19.930642951404735,NO
730.0318362903834,20.124034189958994,NO
729.0738420069911,20.352548238440793,NO
727.9428154773948,20.696673381835453,NO
726.9757923972215,20.907127487680174,NO
726.0304631941608,21.108922353335643,NO
725.0782992358604,21.35103533061075,NO
723.9416421313216,21.71521360570103,NO
722.979959642205,21.921331772182192,NO
722.0353887231537,22.125869785968565,NO
721.091063731866,22.38540243496637,NO
718.9938116000878,22.97805531876659,NO
718.053356682267,23.192359704828952,NO
716.9189889879676,23.580462518268046,NO
715.9576282545275,23.825107565965567,NO
715.0096907930774,24.03356568674606,NO
714.067206609086,24.26271673873142,NO
711.9710474081959,24.88671724241073,NO
711.0297921150546,25.094422569143937,NO
710.1067483720396,25.368615478275117,NO
708.0174307006055,26.05601516430237,NO
707.0816797488487,26.30629904873516,NO
704.9969179224421,26.98906860278862,NO
704.055398759899,27.202986192433293,NO
701.9730036386331,27.90410969874818,NO
701.0346930554498,28.116910843595775,NO
700.1051456479133,28.39341998687779,NO
698.0211844402462,29.06567840143057,NO
697.0967145074668,29.337745172204247,NO
695.0145757151748,30.044179806194826,NO
694.100176476374,30.305332413752385,NO
692.0252246039283,31.074322494385633,NO
691.1057232506847,31.359943289150475,NO
689.0255008680598,32.08083608392004,NO
688.1024058660851,32.35299903924363,NO
686.0324406080637,33.092025396960395,NO
683.9709293196203,33.91587511343568,NO
683.0513307253273,34.14543705049738,NO
680.9910145546635,34.97526478521271,NO
680.0741372774385,35.21729892300079,NO
678.0083786167477,36.02298268634193,NO
677.1043031867158,36.30261649167381,NO
675.033797349403,37.09410049045764,NO
672.9810842249817,37.9453605891257,NO
672.0649778385227,38.18333032804759,NO
670.0191326289837,39.04660265080191,NO
669.1302117933044,39.36640993862041,NO
667.0602975338552,40.16603417714548,NO
664.9973169420907,40.99248287721615,NO
664.0890543743842,41.25102202409608,NO
662.0450655638132,42.10590407547554,NO
660.0125525640885,43.03065601047152,NO
659.1410790231309,43.34320979037012,NO
657.0901144983784,44.22694557367807,NO
655.0478524212522,45.116917777373835,NO
653.0089262674484,46.02207596067696,NO
652.1301193669601,46.33042433461432,NO
650.078679993659,47.204835456545496,NO
648.0346047932015,48.08724050403857,NO
646.0122247973096,49.02599843701228,NO
645.1542327018366,49.3551758664256,NO
643.1177614958007,50.27435245225329,NO
641.0940266728096,51.21824084782774,NO
639.0631906748938,52.141793711549006,NO
637.0540522280035,53.116005360494306,NO
635.9304355003146,53.83943950842717,NO
635.0414321823323,54.09236535867727,NO
633.0223947061023,55.05392556030479,NO
631.0045737528718,56.00951943677558,NO
630.14821965942,56.33095621561305,NO
628.1376631280261,57.30715160565847,NO
626.1463342100747,58.306659026581364,NO
624.136468493488,59.31111793084861,NO
622.1479790700222,60.310253769502594,NO
620.1725388455728,61.3541586836359,NO
618.1726642205513,62.38532410737013,NO
616.1764328504725,63.385170313593406,NO
614.1839865764655,64.3885275192199,NO
612.2043714155451,65.43580043681507,NO
611.0289653822912,66.05635524196491,NO
610.2453892159355,66.48875041656865,NO
609.0456952153693,67.09268463401911,NO
607.9321438819942,67.85921009035108,NO
606.6397173817502,68.33897729329614,NO
605.1026102488963,69.19452718873211,NO
603.1647728845454,70.30589416075176,NO
602.0224233450915,71.04265563592695,NO
601.2244316537073,71.45131611582067,NO
600.0388126621806,72.08031703456311,NO
599.2815073394676,72.55977898041911,NO
598.0545015744538,73.1067568846995,NO
596.946542008497,73.8954982475592,NO
596.0869811564833,74.17046754097788,NO
594.1457144137037,75.27454937894974,NO
592.1936166365246,76.38076280208045,NO
591.0338957504615,77.06621828088652,NO
590.2851411259682,77.54895588746942,NO
588.6634458198037,78.38453351184653,NO
587.1140598141233,79.21074627557556,NO
585.1811769733476,80.33926278314621,NO
584.0276960441305,81.05307443097873,NO
583.287160351826,81.51000873604839,NO
582.0760287602708,82.13479945398007,NO
580.1465286506897,83.26375157663658,NO
579.0226005723171,84.03945226098242,NO
578.287589189026,84.49887918408916,NO
576.6812800969475,85.37649837586925,NO
575.1056549738358,86.19350813072643,NO
573.2044394089589,87.35959868640818,NO
572.0444834046255,88.08214420201635,NO
570.9440303707014,88.89287154355277,NO
570.0861002651051,89.16837384424652,NO
568.1508931057484,90.25589094440728,NO
567.0299587357006,91.05147350443794,NO
566.3386161740851,91.56726932889033,NO
565.1051568901814,92.17287792282683,NO
564.0119565094984,93.01899228968291,NO
563.2912327570949,93.46181195129654,NO
562.0909154306906,94.15472221083866,NO
560.172196977103,95.30441258406546,NO
559.0347613461616,96.06198991441345,NO
558.3474321513245,96.59182008896938,NO
557.0939246587096,97.16834801829445,NO
555.1897301355564,98.32518962540752,NO
553.5668046693394,99.30551222056691,NO
552.127853475813,100.22093738562977,NO
551.0238748804426,101.03940470674222,NO
550.349301360057,101.53797508989857,NO
549.1231409889457,102.19274241925848,NO
548.0313001541416,103.04808993577026,NO
547.403369642562,103.59965657639337,NO
546.132440856269,104.21249637421545,NO
545.0225876509617,105.03739371007744,NO
544.3074120396759,105.50530380028691,NO
543.0965287304102,106.16101069140313,NO
542.0128630542526,107.01932802125232,NO
541.3112500049397,107.46830273174461,NO
540.1139798928788,108.1834576800854,NO
539.027270059422,109.04033696440665,NO
538.4034623448939,109.57788073090674,NO
537.1240888445376,110.21029794128148,NO
536.0213237929862,111.0358094066028,NO
535.3111869596873,111.49265020376808,NO
534.1028442581268,112.1636704277735,NO
533.0169685857759,113.02618010254649,NO
532.3563277686202,113.50507009168733,NO
531.1353881001933,114.20190372761336,NO
529.5324926005406,115.3111037152111,NO
528.1691242049717,116.26657363659936,NO
527.0537101494579,117.0837799168887,NO
525.2124853789317,118.31940191185213,NO
524.0768812855766,119.12126935486769,NO
522.9983814250755,119.99759699607276,NO
522.2674305392794,120.39389443934843,NO
521.0902976134649,121.1480025959948,NO
520.004484166236,122.00666064633573,NO
519.312894254789,122.43344658699644,NO
518.1384800170049,123.20118794538801,NO
517.0517892543016,124.07429079062787,NO
515.9945839595847,124.99273836641997,NO
515.3305669128536,125.4167431927544,NO
514.1617211549478,126.22763014634603,NO
513.0595832136761,127.0914331465442,NO
511.2404236267135,128.33936338212192,NO
510.09532407146224,129.1424584921166,NO
509.02194148185583,130.03126568776446,NO
508.43945081297215,130.5746664311482,NO
507.21183622366186,131.27936654758236,NO
506.11278404232525,132.15701307988687,NO
504.5431639947521,133.36219514401301,NO
503.2310354646949,134.31738669000922,NO
502.11200934999823,135.15522711774835,NO
501.0380784682119,136.05085398364145,NO
499.26534445640874,137.35185836887302,NO
498.1326033332728,138.18250780601835,NO
497.059656534701,139.08093403519402,NO
496.00772419831895,140.01008403161504,NO
495.39826380635975,140.4902995917276,NO
494.20433800758747,141.27517519008848,NO
493.10919766353504,142.1489059058211,NO
492.0454795206501,143.0597562665942,NO
490.99398368504535,143.99215427260745,NO
490.3322458072147,144.41396753126455,NO
489.16944742945736,145.22947308819153,NO
488.0837588117694,146.11060638098516,NO
486.4909792260294,147.36688389962939,NO
485.98173511335943,147.97753501711372,NO
485.3197674603183,148.37645071646668,NO
484.1962899987544,149.24801984109033,NO
483.12143767051055,150.15164604960088,NO
482.06592684773574,151.08418677970542,NO
481.0149847269404,152.01985237686634,NO
480.42510560018263,152.5339178676212,NO
479.22014455796466,153.28423201375352,NO
478.136042970335,154.16970783485164,NO
477.0803588906317,155.10019104803175,NO
476.02952692778007,156.0377496183369,NO
474.9901373054526,156.98805153937363,NO
474.360730207237,157.42228336976913,NO
473.2066479521789,158.27227528057188,NO
472.1056451674542,159.14375884006063,NO
471.03946225208097,160.05064741494525,NO
469.9903145671106,160.98789320865723,NO
469.3623684301347,161.42494608905014,NO
468.2519679904437,162.28828772380498,NO
467.17661598074295,163.2059025666537,NO
466.1321103273075,164.15165077213334,NO
465.08392898546424,165.10521829735126,NO
463.500463639072,166.36234297693602,NO
462.98200229406604,166.97657755410614,NO
462.2856256102094,167.3654411727784,NO
461.16997122000635,168.21888380367986,NO
460.1077929835715,169.13139472159153,NO
459.06489758924033,170.0773933938616,NO
458.02573317543226,171.03137223361455,NO
456.98631523959267,171.98348247332805,NO
456.3420930350691,172.4015874650137,NO
455.2201895590909,173.2666295472957,NO
454.140221442505,174.1694932559159,NO
453.08319784925334,175.10039295600023,NO
452.03951650844925,176.04681002598838,NO
451.0046555820635,177.00551979184058,NO
450.4477704544759,177.53178709151246,NO
449.2753248997452,178.33485461687692,NO
448.1904538951898,179.2260590446498,NO
447.12698203604805,180.15472601241603,NO
446.0831317664988,181.0986532050341,NO
445.0461413829794,182.05460768998464,NO
444.01011589570675,183.0122471839723,NO
443.485773919327,183.56568478821083,NO
442.32487775846454,184.3726354115925,NO
441.23236233600795,185.27185973378428,NO
440.1727319383181,186.19591744541003,NO
439.13359158109404,187.1481031268341,NO
438.1077320474414,188.11668209192567,NO
437.0818549954755,189.0897565330416,NO
436.0555824123201,190.06204355951039,NO
435.0334061953941,191.03659694646575,NO
433.4369543485543,192.3607341835571,NO
432.9878844382998,192.98573692378747,NO
432.3593281301576,193.42901601014793,NO
431.2372401741246,194.28547756288185,NO
430.1881011144994,195.209743890169,NO
429.1582125478175,196.16940442734233,NO
428.13501106787555,197.14611957541157,NO
427.10772868120716,198.11774995255024,NO
426.09122528348524,199.09446405460525,NO
425.0818042720246,200.08492291237246,NO
424.0599704055468,201.06602982316295,NO
423.03962740432024,202.041998275076,NO
422.03087033774733,203.0317278472025,NO
421.0237656566416,204.02455784546794,NO
420.0214466942266,205.02162248620706,NO
419.020831194197,206.02100194111236,NO
418.0205171000099,207.02062921565167,NO
417.0219174403355,208.0219174403355,NO
416.0186780996325,209.01935071823652,NO
415.0099421316036,210.01013176387818,NO
414.0108437256374,211.01064076785218,NO
413.01805513524,212.01733580673857,NO
412.0301902437457,213.02889868169007,NO
411.03692951000363,214.03672604395513,NO
410.039485825309,215.03841138063615,NO
409.04896419875286,216.04710143212677,NO
408.0561768340689,217.05539551671916,NO
407.05822472394834,218.05629994203952,NO
406.07542726469126,219.06945078953822,NO
405.0996179873739,220.0899597367201,NO
404.1297467991037,221.1175483866427,NO
403.1634284149679,222.14670328719242,NO
402.2020033530365,223.179157743584,NO
401.2529700902638,224.22921702699273,NO
400.28929380200225,225.27038571376187,NO
399.3180673801142,226.30724878254333,NO
398.4115154936849,227.36729721272286,NO
397.5678687533419,228.5100103935375,NO
397.0045175962089,229.0039800595066,NO
396.03180056565446,230.0285581540896,NO
395.05179193253315,231.04734865743657,NO
394.08066286454994,232.07237856724527,NO
393.10823619920217,233.0988637921361,NO
392.13280944712244,234.122929487033,NO
391.1764896771296,235.15373313401898,NO
390.2498864767346,236.21236597974305,NO
389.3594647749529,237.3131205573484,NO
388.5352613070699,238.46676351028924,NO
388.00350220097226,239.0029694473053,NO
387.0429027169484,240.03557260275218,NO
386.0984883071178,241.07968021745174,NO
385.15625608301247,242.12896988393052,NO
384.23521267873207,243.1940676137504,NO
383.3549839558308,244.2917753769378,NO
382.4873979984222,245.43971775604376,NO
381.99322360965755,245.99401076571672,NO
381.0252604804116,247.02156537904554,NO
380.06303342592724,248.0548366248439,NO
379.1006811722501,249.08824805960003,NO
378.15345410952506,250.129002625742,NO
377.2274142201137,251.1943480606669,NO
376.3474101029681,252.29543981551774,NO
375.52000693719185,253.44200589661307,NO
375.0010672805967,254.00090287959029,NO
374.0425655320324,255.03540896961562,NO
373.09183473972377,256.07485886846104,NO
372.15466386923686,257.125521283335,NO
371.23630168196576,258.1936504381478,NO
370.3607400798679,259.2931728961986,NO
369.96985611020614,259.97537023641627,NO
369.020847574837,261.01720181549337,NO
368.0557837571988,262.0493584028967,NO
367.08996120063426,263.07892596310467,NO
366.141133466806,264.1209159946581,NO
365.18905084126976,265.1663536745692,NO
364.27946764449143,266.23534119150105,NO
363.4442089077019,267.36440189486683,NO
362.9882366795606,267.9902912815438,NO
362.0351392081643,269.0287345251028,NO
361.08535677442603,270.07220781820956,NO
360.114170883975,271.1048834908628,NO
359.1352811294381,272.127830864628,NO
358.16013756054804,273.14659824062824,NO
357.19957764084296,274.17822608960324,NO
356.2856320108593,275.2397189925948,NO
355.44444643181066,276.3645967451587,NO
354.98910016900606,276.9910133652196,NO
354.03425236557126,278.0278778557385,NO
353.0880047526881,279.0711769710433,NO
352.14048783024936,280.1209756239296,NO
351.1884165279811,281.16785189639864,NO
350.2579968470359,282.22091473487393,NO
349.37705396565974,283.32652746900743,NO
348.976431882201,283.9798199858513,NO
348.019342094947,285.01582096527574,NO
347.0644518881377,286.05397326248755,NO
346.1224510410136,287.0987717610572,NO
345.1985243637027,288.15993792528326,NO
344.2802191591863,289.2440333765002,NO
343.3923486234092,290.3403023764991,NO
342.9756942338984,290.9795757625245,NO
342.025669594019,292.02044538003804,NO
341.09216155693224,293.07170763559265,NO
340.15842686014815,294.1307021593162,NO
339.2521353657508,295.20629256491696,NO
338.4558611636605,296.3530466978273,NO
338.0038613502847,297.0028422531352,NO
337.07208624810096,298.0560265276801,NO
336.1439577140599,299.1126961195222,NO
335.24763266381336,300.191727178777,NO
334.3912062001934,301.32960922254716,NO
333.9756625729308,301.979847009838,NO
333.02293809920405,303.0182865201402,NO
332.08094772077465,304.0663262745959,NO
331.1402528152785,305.11710242385305,NO
330.22703797346327,306.183223634724,NO
329.46132809369345,307.345424157486,NO
329.0165800755876,308.01125218509515,NO
328.1032080400958,309.0790186553352,NO
327.1684626860789,310.13873398136184,NO
326.2702886453284,311.2165565729432,NO
325.4558897931169,312.3731453969374,NO
324.99811259070583,312.99853254522174,NO
324.0659395318731,314.04962116391755,NO
323.15483991193,315.11500046622217,NO
322.29313564184076,316.2220458475736,NO
321.3263440513606,317.51467797461413,NO
320.14182577991664,319.10834436344885,NO
319.24947910548565,320.1952604481464,NO
318.4302448102501,321.34654530207075,NO
317.99163621367336,321.9937972913996,NO
317.07210063037087,323.05247773605663,NO
316.1844072827505,324.1348354347449,NO
315.3343508443726,325.26296668151315,NO
314.3652549665829,326.502434301608,NO
313.1457191836252,328.1069620601616,NO
312.2625584389471,329.20507523782277,NO
311.4915988698028,330.3786070019706,NO
311.0146874074211,331.0102776287381,NO
310.10240750486196,332.0748562457887,NO
309.2254993926139,333.1632067473956,NO
308.48549029358486,334.3492966308689,NO
308.01739990143903,335.01155154328836,NO
307.13157702109487,336.09264096441933,NO
306.30921937892185,337.2155983742834,NO
305.07955666534014,339.05156805664507,NO
304.24527833689194,340.161428136817,NO
303.5879878805468,341.41825943525816,NO
303.0313397360429,342.02156264781735,NO
302.1392990896101,343.10124314947757,NO
301.3174936621335,344.22624364250333,NO
300.0667244987325,346.04705662198484,NO
299.2075593250084,347.1379195032604,NO
298.5635809383218,348.3677134588892,NO
298.03676370377724,349.02382913032983,NO
297.1700038272418,350.11427914116916,NO
296.44119534708784,351.2957312517078,NO
296.0145896706201,352.0093961584555,NO
295.1384830819003,353.0922077891579,NO
294.3308883611802,354.2255837481922,NO
293.12319046815355,356.07397252325075,NO
292.37313269980274,357.2372488513817,NO
291.12902939114883,359.0833413255206,NO
290.3582789958302,360.2284677764689,NO
289.11934302910157,362.07802086926085,NO
288.3481305836237,363.2177667809211,NO
287.1484583242096,365.0937822116493,NO
286.3928749957719,366.2658730942282,NO
285.99623871590927,366.9975795439429,NO
285.1229717892428,368.0790322246281,NO
284.33643690572,369.2217205824418,NO
283.1272854344575,371.0748911996121,NO
282.4545077119814,372.2740513212518,NO
282.0255315395819,373.0153073716506,NO
281.1909392696812,374.1140978507757,NO
280.902898504529,374.9457631302385,NO
280.0673366119827,376.039241514944,NO
279.2684386558863,377.16621034978857,NO
278.09298589122204,379.0566883020459,NO
277.3240790820251,380.198343466302,NO
276.12614175555495,382.07586045751503,NO
275.4107916401267,383.25002138276534,NO
275.01230640469976,384.00735634224975,NO
274.18617278340986,385.11088733159244,NO
273.9037191891671,385.9450134402182,NO
273.07192985923604,387.03915568514054,NO
272.3659233188646,388.1956809253954,NO
271.1762501017491,390.1030417776189,NO
270.56543070093346,391.3417054184218,NO
270.0498862029429,392.0299317238463,NO
269.2479843078916,393.1462793441557,NO
268.3628677516164,394.6412455303664,NO
267.40586042848,396.2377999248718,NO
266.1938118146373,398.1154423916353,NO
265.5893154894459,399.3623741274985,NO
265.0538802403737,400.03110732676106,NO
264.2933163476345,401.1676093458203,NO
263.1524430322363,403.08224353348595,NO
262.882699200686,403.9377930715916,NO
262.0720065937254,405.03936152210883,NO
261.3350279705702,406.187195783988,NO
260.15880790198514,408.09318480398673,NO
259.58039642562875,409.3404162817433,NO
259.0641303464587,410.03472560180387,NO
258.35144237575184,411.1818748426452,NO
257.226675494818,413.1208390391119,NO
256.14155262343803,415.07163468090016,NO
255.61295939688793,416.31229609318956,NO
255.07616270356695,417.0408073497322,NO
254.36702848100458,418.20140013438214,NO
253.2570854909397,420.12686144522416,NO
252.14692270726368,422.0831162786207,NO
251.58655035152879,423.3191523913022,NO
251.06793298551074,424.03575037071937,NO
250.3678218268094,425.1923031873156,NO
249.2550871046268,427.12484263106467,NO
248.18478292129527,429.09396096411035,NO
247.29815158958837,430.6113008162596,NO
246.47336921472436,432.2446181782254,NO
246.03294529944117,433.01804147377004,NO
245.26934958088552,434.14768603227833,NO
244.2496928713847,436.1147237483973,NO
243.21211952328358,438.09703083497175,NO
242.17876706101117,440.0839357755988,NO
241.16259191930496,442.07475284122995,NO
240.321117886086,443.69499498554893,NO
240.1470895743252,444.06703426584164,NO
239.2779543219659,445.6350951967868,NO
238.55289817662995,447.2840504483607,NO
238.05705611312877,448.03086642191994,NO
237.36874204922123,449.18872624585885,NO
236.33540734660926,451.1557398295452,NO
235.3071816810384,453.1370271287137,NO
234.31352216750992,455.1366635036875,NO
233.3073977532225,457.1287205351229,NO
232.27794993621038,459.128156562658,NO
231.26912830090936,461.1209960002154,NO
230.2106965625136,463.10460813284567,NO
229.13781291147353,465.0718752142646,NO
228.86858565301603,465.93279947865676,NO
228.09779456728177,467.0452514321786,NO
227.59857820316537,468.2785291643556,NO
227.10780337995627,469.047951885967,NO
226.85216436331223,469.92776980408706,NO
226.11033961842938,471.0482510236704,NO
225.84407287765782,471.92645613944313,NO
225.10687468697267,473.0476682107559,NO
224.8511076540888,473.9264918644901,NO
224.10680144534723,475.0465365760637,NO
223.8447904645195,475.92747545547024,NO
223.10719639965816,477.04757789976844,NO
222.57895407623948,478.29246134943895,NO
222.0858541247399,479.04226373070844,NO
221.48737941451938,480.2371958698098,NO
221.0596598066625,481.02787598053493,NO
220.40463932442844,482.2023196622142,NO
219.37805661022284,484.17589789898733,NO
218.3440116557928,486.162623695953,NO
217.30854838427751,488.1409513874379,NO
216.2811455145978,490.1308780862939,NO
215.24606478924542,492.11518555941615,NO
214.20177847161636,494.09981212473843,NO
213.3773973026093,495.67654573443474,NO
212.53905759309052,497.30255730452774,NO
212.06623751324528,498.0343426292982,NO
211.44386619426805,499.21191422810415,NO
210.4608127858474,501.21580764656187,NO
210.05776614900802,502.0271354736004,NO
209.41329801106653,503.20608284164945,NO
208.39436696837146,505.18791982514887,NO
207.33753830854963,507.16589365888206,NO
206.33597814249214,509.1588733847802,NO
205.26373998865344,511.1313711179198,NO
204.2394497698187,513.1130249544811,NO
203.2139989488269,515.0990220012679,NO
202.22698075942165,517.1056681866357,NO
201.19174792602985,519.0891222741474,NO
200.18548747006562,521.0894549490579,NO
199.15375311779795,523.073426406949,NO
198.34972389556359,524.6773288564524,NO
197.87216276672757,525.9353432902233,NO
197.10863408210002,527.0524144120898,NO
196.53319214035045,528.2803381404602,NO
196.07303694953353,529.0352142417128,NO
195.42910146542127,530.2121800029144,NO
194.5100505493315,532.2332678804132,NO
194.09566551445764,533.0380582356858,NO
193.58024282227703,534.2812530756755,NO
193.10080241039998,535.0450488649994,NO
192.84096465076638,535.9290738903819,NO
192.11578001992464,537.0506942750726,NO
191.85418952423166,537.9339945710233,NO
191.11733796803424,539.0510335335533,NO
190.29274267017655,540.6375306202418,NO
189.8697335529282,541.9365906717616,NO
189.10386374921939,543.0491863203887,NO
188.5366468518644,544.2726197279658,NO
188.07383219236777,545.0372471819941,NO
187.44987168492025,546.2322122504086,NO
186.50562315883138,548.2308587533312,NO
186.0853541778329,549.036017586644,NO
185.51576246764668,550.2638784862744,NO
185.08503294534816,551.0378859659414,NO
184.8296572910908,551.9324767616745,NO
184.13122858007515,553.0557392314262,NO
183.86773264895612,553.9413781653861,NO
183.13470435017578,555.0612292468728,NO
182.18003371190616,557.0833684824073,NO
181.16504506118721,559.0796236095875,NO
180.17522783817543,561.0839119182659,NO
179.21166385099312,563.0952611692203,NO
178.28938576404508,565.1294059189642,NO
177.3424531217923,567.1637049840924,NO
176.456321247635,569.1995644861639,NO
175.81830098414414,570.9325465190428,NO
175.14424843278746,572.0607106193733,NO
174.23724537646987,574.1033711966626,NO
173.28303726698957,576.1339592573614,NO
172.3587543725088,578.1636585713229,NO
171.48308941109346,580.207409864172,NO
170.83167045973457,581.9331550107329,NO
170.13100840048477,583.0581934613385,NO
169.21128599549283,585.0903429725657,NO
168.30918205562762,587.1374986593062,NO
167.47113168911,589.2074003733127,NO
166.81664577709932,590.9286615129242,NO
166.1171165737899,592.0524112861779,NO
165.3321606426085,593.6850190526342,NO
165.150082326602,594.0703564185692,NO
164.2599480239278,596.1062871597856,NO
163.9904026422744,596.9965154821587,NO
163.07047250952076,599.0294511987561,NO
162.1528552957089,601.0660904254635,NO
161.24854324181987,603.1082647347029,NO
160.98421099187624,603.9942155851406,NO
160.11004020711172,606.0443729700717,NO
159.27262479271528,608.1045166691455,NO
159.0032367573947,609.001134362032,NO
158.13076805199108,611.0540128890232,NO
157.30503179333337,613.1220127153751,NO
157.0185086656361,614.0069601915263,NO
156.14584791375336,616.061224068834,NO
155.27828686391854,618.1118410619997,NO
155.0063239236362,619.0023905092291,NO
154.16774291554378,621.0601548281222,NO
153.93341065403428,621.97775806627,NO
153.06949357852173,624.0262144010355,NO
152.24043492022315,626.0912182287293,NO
151.98734767232233,626.9957480941237,NO
151.16446024107353,629.0635535305003,NO
150.930635486215,629.9762625542842,NO
150.08875031645826,632.0329430722114,NO
149.29537879846959,634.1040730309347,NO
149.02150295770167,635.0075040933632,NO
148.23666540359557,637.082533482121,NO
147.99160429718708,637.9971266505563,NO
147.1815725936173,640.0673735078117,NO
146.9400540115748,640.9782858183636,NO
146.1442413576044,643.0450469875578,NO
145.93214093201937,643.9803565850304,NO
145.17789591483123,646.0607029111919,NO
144.9473539652183,646.9827723332205,NO
144.20451183323527,649.0628096873617,NO
143.97564939814237,649.9926336367494,NO
143.26001336185323,652.0802440359946,NO
143.01776704072753,653.0055839270858,NO
142.28734588886255,655.0949122025623,NO
142.02992918447666,656.0098113249034,NO
141.29952854097354,658.0958357822691,NO
141.04482248783955,659.0143303770465,NO
140.38008098646472,661.1092898719065,NO
140.0976886737641,662.0312685506063,NO
139.8816919843787,662.9638671127599,NO
139.13256970358503,665.039199254525,NO
138.91691647575269,665.9756522594786,NO
138.1970380507239,668.0557027373745,NO
137.9806494973826,668.9945693117202,NO
137.30877879559168,671.0892027612553,NO
137.0521553964249,672.0166362340681,NO
136.43767685711163,674.1049632306646,NO
136.14242745346544,675.0443238974688,NO
135.93050749491704,675.98014499824,NO
135.30117048906212,678.0808179299182,NO
135.0536143385613,679.0173914272477,NO
134.43817158307894,681.0952974061832,NO
134.15063467181506,682.0437425814749,NO
133.93153457823783,682.9785529994845,NO
133.3068474517767,685.0676772772566,NO
133.07804044441605,686.0213423295697,NO
132.8741306172832,686.9660022913147,NO
132.6383051118996,687.9254400901116,NO
132.28236295608525,689.0543235298355,NO
132.07221925718815,690.0172366207636,NO
131.8800198638592,690.9719806871543,NO
131.6739058288572,691.9388573441466,NO
131.3185580534732,693.0707530623419,NO
131.08576930254037,694.0242940459169,NO
130.88247232095853,694.9685958434931,NO
130.65243198552318,695.9294410771851,NO
130.26618149486472,697.06697103932,NO
130.05258710110004,698.0143712959533,NO
129.85780432507033,698.9670964144484,NO
129.64922477462713,699.9279024304544,NO
129.31129487092394,701.0616104422186,NO
129.10657877169447,702.0252536048789,NO
128.91360559759653,702.9786186879882,NO
128.70570376936342,703.9410178773857,NO
128.39704942014043,705.0655324258888,NO
128.1914260721311,706.0397002730463,NO
127.99853143141385,706.999636226129,NO
127.80607335112406,707.9585729464407,NO
127.59277667465713,708.9336871329184,NO
127.29281387235429,710.052792438574,NO
127.08990155374478,711.0210678392326,NO
126.8973802547097,711.9749883679284,NO
126.69383716894941,712.9393986986823,NO
126.37190673019036,714.0713998193851,NO
126.15357058897854,715.0376217104678,NO
125.96536438666357,715.9916013840209,NO
125.77797787721944,716.95842795588,NO
125.57358419123904,717.928536308265,NO
125.25157409572967,719.0562591846682,NO
125.05057159490549,720.0127716446522,NO
124.86135800087689,720.9687666854935,NO
124.6581989846729,721.9372643697524,NO
124.3623608721645,723.0585671903908,NO
124.17460636131054,724.0338060207965,NO
123.99396162713434,724.9986815517071,NO
123.80668937134028,725.9607092216498,NO
123.59727460975262,726.9320860519355,NO
123.31887493539023,728.0520477665893,NO
123.13285944413143,729.0293604637258,NO
122.94956107321737,729.9875834717772,NO
122.75327213788032,730.9514846359169,NO
122.53461008480447,731.9219987679213,NO
122.2623725204387,733.0476307026712,NO
122.07503478169532,734.0173733229989,NO
121.88581798987926,734.9723753208661,NO
121.67285258556744,735.9330521098808,NO
121.3471614704977,737.0652066135838,NO
121.14611112896532,738.0336275854685,NO
120.95601514026924,738.9889592661099,NO
120.74908605187674,739.9467598550314,NO
120.45830979650253,741.062865500925,NO
120.28269786845823,742.040302566853,NO
120.11910536179644,743.0235329129712,NO
119.94653875032229,743.9886137297946,NO
119.76284165693959,744.959009668835,NO
119.5684381390222,745.9332828719017,NO
119.29391054692681,747.0532468464008,NO
119.11412321918016,748.0238279253992,NO
118.93971297789939,748.9871160799839,NO
118.7548296010258,749.9485319656748,NO
118.45504395245443,751.0750946854179,NO
118.24526065722702,752.0480561494704,NO
118.05663229827356,753.0142871754545,NO
117.86185867410167,753.9645273848603,NO
117.6308134700242,754.9237284976718,NO
117.33830110726365,756.0477271291516,NO
117.18435453823318,757.0303555673414,NO
117.02066950682146,758.0042757304437,NO
116.84172500347245,758.9670463322823,NO
116.63882633089419,759.934402221771,NO
116.36868141276776,761.0496155085216,NO
116.2173085725272,762.0329516486356,NO
116.06019551627777,763.0119193110223,NO
115.88986632632344,763.9784667366189,NO
115.70472197546307,764.9508391813716,NO
115.43273165888436,766.0650760021783,NO
115.25593700692401,767.0413977447298,NO
115.10469420030144,768.019216688874,NO
114.93860236047708,768.9866690147443,NO
114.74922407678038,769.9492132714298,NO
114.52628316304046,770.9231526051826,NO
114.29770061126487,772.039613388078,NO
114.16744701924351,773.0247270626414,NO
114.02791573714916,774.0051445921295,NO
113.86867810389612,774.9748186866531,NO
113.68725346759432,775.94653905235,NO
113.42074511594112,777.0580180562025,NO
113.25262286556836,778.0391025192444,NO
113.11040996921635,779.0188668191793,NO
112.9649040313399,779.9938193503898,NO
112.80547374207745,780.9655504928735,NO
112.62298448246749,781.9386253809992,NO
112.39023310952011,783.0381119394459,NO
112.26563562383149,784.0273331347789,NO
112.1538040132617,785.0196248449912,NO
112.02923959799716,786.0045796958806,NO
111.88662086582276,786.9805801888738,NO
111.72782217618146,787.9553994325768,NO
111.54951233120852,788.9359262637907,NO
111.33758915734313,790.0413374473725,NO
111.20104190793214,791.0280384864658,NO
111.06429114048268,792.010555261624,NO
110.91401514743299,792.9844542190459,NO
110.74176859768656,793.9544942545919,NO
110.53356514308162,794.9264629719307,NO
110.3094554674922,796.0407760516089,NO
110.1820824362275,797.0262705992698,NO
110.05428034339798,798.008610737824,NO
109.90958305059277,798.9848069883902,NO
109.7462454717978,799.954935770476,NO
109.54804786494306,800.9243383715275,NO
109.31237907380431,802.0407174376148,NO
109.18322707350849,803.0259163904147,NO
109.05474598897807,804.0092157574034,NO
108.90958659209562,804.9838148837871,NO
108.74440907123518,805.9577625152895,NO
108.55527139019348,806.9323775553753,NO
108.33238349483912,808.0407349506935,NO
108.20623787167438,809.0272779528153,NO
108.07838823925918,810.0131310254517,NO
107.93348279862627,810.98780518042,NO
107.7710588138734,811.9638513929367,NO
107.5931703624848,812.94499844809,NO
107.37770483566855,814.0400111045141,NO
107.24933892267,815.0289233141918,NO
107.12834279257319,816.0183346860332,NO
106.98975503471236,816.9981664723513,NO
106.83218357983839,817.9698701210076,NO
106.6524373236566,818.9441620626417,NO
106.4009482529049,820.0497400746348,NO
106.25773453333949,821.0313425909608,NO
106.14208537400135,822.0190104323403,NO
106.01342936876925,823.0023060531246,NO
105.8600557210521,823.9741168885009,NO
105.67499296382542,824.9472576300084,NO
105.41622691932831,826.0487801525708,NO
105.26176261998414,827.0344424491697,NO
105.13064415487905,828.0199992053284,NO
104.98826109179407,828.9978516254274,NO
104.8266689885556,829.9659851454686,NO
104.63192928919725,830.9310880839346,NO
104.34926646358775,832.0481113614665,NO
104.20399332702553,833.0282140014215,NO
104.06788656556522,834.0117886847801,NO
103.91162584302124,834.9817785242095,NO
103.72272121241015,835.9443046922547,NO
103.43613690992524,837.0536783890146,NO
103.27238042327484,838.0352881500314,NO
103.12656179341673,839.0230804066899,NO
102.96344639974302,839.9915238024662,NO
102.7676200192865,840.9458286309012,NO
102.43006165820998,842.0632161902793,NO
102.25284555746805,843.0333562610232,NO
102.12591465181171,844.0179521875607,NO
101.98035875384532,844.996047798008,NO
101.80042102812565,845.9534528286996,NO
101.56245276561171,846.9140798286819,NO
101.29240974402974,848.0390475810261,NO
101.14942327924408,849.0237179821206,NO
100.99305725674529,849.9985097468949,NO
100.80511310934834,850.9560877167112,NO
100.55918216267673,851.9148941277278,NO
100.29289109801812,853.037025288031,NO
100.16058143939983,854.022985812726,NO
100.01578493415336,855.0031377758407,NO
99.84188670647946,855.9633578708848,NO
99.61705990058996,856.9184039680623,NO
99.29959359386919,858.0453741339422,NO
99.14419479013593,859.0242476818818,NO
98.994258949475,859.9988681262446,NO
98.82075502741576,860.9607841837188,NO
98.59104292614167,861.9085971535657,NO
98.2744196239977,863.0396887907459,NO
98.13066751847633,864.0195610054652,NO
97.98489999947823,864.9968619341539,NO
97.80901291902138,865.9582280713885,NO
97.57710141780957,866.9201520170263,NO
97.30688050014734,868.0362356296555,NO
97.17662487046995,869.0217276634579,NO
97.04446746137347,870.0076331373384,NO
96.88567380204431,870.9742766061585,NO
96.67936185379281,871.9260065793814,NO
96.35059979129201,873.0493381376496,NO
96.20194894729056,874.026148769369,NO
96.06429476925634,875.0112403440171,NO
95.90298731988811,875.9786105794868,NO
95.69674634057392,876.9324216361216,NO
95.35814807150038,878.0532750140942,NO
95.19146134778292,879.0296034602216,NO
95.04454006015098,880.0084774128205,NO
94.87415578844539,880.9705301528928,NO
94.6535595698109,881.9135862893537,NO
94.30601167955648,883.0450863617557,NO
94.16416066251296,884.0223336753087,NO
94.02372269208891,885.0046194287942,NO
93.84944369690781,885.9643376801923,NO
93.61277907375545,886.916832458817,NO
93.30438898057163,888.0402867765712,NO
93.16762032028257,889.0222712300975,NO
93.0380479974389,890.0065733328909,NO
92.88284513526969,890.9753687196365,NO
92.68058300412666,891.9332128093349,NO
92.37058458373446,893.047843521454,NO
92.21843500539764,894.026863982122,NO
92.08282987131257,895.0132429082598,NO
91.93115431598893,895.9857487310301,NO
91.74503015728725,896.9457451180308,NO
91.42204395423829,898.0638587594736,NO
91.23640740751335,899.0343250004821,NO
91.10136664554975,900.0154865712723,NO
90.95920262705941,900.9923063054715,NO
90.78036215830669,901.9520441389147,NO
90.43786765705529,903.0749319498469,NO
90.24451443792478,904.0335608045564,NO
90.11619969321579,905.0161709319098,NO
89.98502106714652,905.9973512863577,NO
89.82640102634608,906.9646096505232,NO
89.62057198171685,907.9183509322621,NO
89.31351070410899,909.0437456806304,NO
89.17563248489287,910.0220415266365,NO
89.04729006072041,911.0079926866008,NO
88.88796613596348,911.974548570831,NO
88.6634718004337,912.9163542650444,NO
88.29845843105836,914.0465544155076,NO
88.16027422540513,915.0182347923494,NO
88.05435529620021,916.0069238941144,NO
87.92790269773224,916.9866990303453,NO
87.74994387988464,917.9435900340495,NO
87.41417226380193,919.0639008597399,NO
87.25064369691431,920.0267079341475,NO
87.14697034277913,921.0149732395349,NO
87.0396383867181,922.0055152513415,NO
86.90718128225927,922.9838829426928,NO
86.7399058823081,923.9528416661478,NO
86.52504302311574,924.9145190701757,NO
86.28150360669854,926.0350041064729,NO
86.15591597936992,927.0187719736216,NO
86.04018437576991,928.0056830462038,NO
85.90813664175423,928.9842079760546,NO
85.73764538490857,929.9508269133968,NO
85.44024263165606,931.0620060038988,NO
85.27050428731029,932.0294889362929,NO
85.16467424725845,933.0155353054383,NO
85.06441423009217,934.0076380509838,NO
84.94658477077581,934.9914971674449,NO
84.80306937580022,935.9670008156099,NO
84.62088342648927,936.9396759953048,NO
84.35791152463108,938.0453354598583,NO
84.22114183626773,939.0241204663946,NO
84.12341322195174,940.01155099139,NO
84.03441201323909,941.0034684045697,NO
83.93704763993853,941.9917943965891,NO
83.8130993416572,942.9711226443615,NO
83.64941384705217,943.9467109026383,NO
83.40847477897593,945.0465233225016,NO
83.26618106879789,946.0269234232783,NO
83.16313944015299,947.0153905123236,NO
83.07505087062816,948.007024465829,NO
82.98767918694475,948.9986723797173,NO
82.88648685001063,949.9853184881213,NO
82.75712296008004,950.9649177598441,NO
82.5926708613866,951.9419472010824,NO
82.38229230824832,953.0374121823131,NO
82.26997644184912,954.0213731341054,NO
82.1872087203996,955.0139986581116,NO
82.1119655367168,956.0086974211845,NO
82.04047589192571,957.0031628045645,NO
81.97133404649553,957.9975942627856,NO
81.89103683463227,958.9892635878044,NO
81.78207039072002,959.9726989281114,NO
81.63448307229639,960.9498476767735,NO
81.43003680738057,962.0415518673234,NO
81.31693979292146,963.0225896601826,NO
81.23820546241399,964.0153288500326,NO
81.17272765390582,965.0100800508503,NO
81.11029002280156,966.0067039035824,NO
81.04480240383485,967.003127798241,NO
80.97960135054417,967.9985342288044,NO
80.91064110290313,968.9923617009521,NO
80.8247207725313,969.9823216229919,NO
80.71776493672077,970.9708905537556,NO
80.59443543150336,971.9609667894154,NO
80.44918643196489,973.0296632536122,NO
80.3568951089142,974.0183227398239,NO
80.2877035874116,975.0153033821949,NO
80.22561719522723,976.0131092559068,NO
80.16656203164897,977.0097395042753,NO
80.109176072277,978.0063212838069,NO
80.05558958098968,979.0027822066102,NO
80.00941391093504,980.0003988159222,NO
79.96540940545407,980.9982773608278,NO
79.91621658276561,981.994800825534,NO
79.85914087665066,982.9902754165138,NO
79.78988142748699,983.9836624865447,NO
79.7032263273929,984.9740489400174,NO
79.59621615277572,985.9627783848771,NO
79.45729974582036,987.0311307331809,NO
79.35664055221815,988.0216742870347,NO
79.27983485522016,989.0161161432593,NO
79.22444408871611,990.0099152007601,NO
79.19211828971066,991.0045382272568,NO
79.17454405291984,992.0027379461054,NO
79.150283330746,993.0053041172196,NO
79.10447841193411,994.0061457889602,NO
79.05393960944632,995.0024325706623,NO
79.01938565484195,996.0004756048886,NO
78.9955554142664,996.99987276112,NO
78.9662021015893,997.9985776434875,NO
78.92599876058456,998.9960573109921,NO
78.8741707099005,999.9925982770253,NO
78.81288411181185,1000.9889220951534,NO
78.74882748690864,1001.9855839175336,NO
78.68068981027547,1002.9804503962556,NO
78.60125591091465,1003.9739747451292,NO
78.50992060000952,1004.9688184795282,NO
78.4319004011198,1006.0145134553914,NO
78.39881751233999,1007.0049795603555,NO
78.38580345146535,1008.0026067801842,NO
78.37066024537431,1009.0053838919877,NO
78.33966647235191,1010.010066953918,NO
78.30519610384668,1011.0072042000446,NO
78.28584573874015,1012.0015124112907,NO
78.2765530375654,1013.0011644338283,NO
78.25511830013286,1014.0066230086977,NO
78.2152321888293,1015.0095852387302,NO
78.1745360744693,1016.0064002330206,NO
78.14789778691166,1017.002615088476,NO
78.13125733401671,1018.0018015712565,NO
78.11300554116521,1019.0022157949826,NO
78.088922224102,1020.0024410022588,NO
78.05989937161148,1021.0018791958995,NO
78.03258560420271,1022.0007667201231,NO
78.01523943505083,1023.0001792874664,NO
78.00489516572848,1024.0000722000832,NO
77.99119268523239,1024.9997992386097,NO
77.97435815203937,1025.9994871630256,NO
77.95924953581925,1026.9992605762645,NO
77.94464001213993,1027.9989873172776,NO
77.92674579124686,1028.998271951988,NO
77.89880271180111,1029.9958931382537,NO
77.8541157754154,1030.991929808649,NO
77.7996326941434,1031.9903963383629,NO
77.75249279370932,1032.9917680533863,NO
77.71344288727838,1033.9903407710733,NO
77.66879981321114,1034.9856328693315,NO
77.61758391179993,1035.9848812237901,NO
77.5752639852124,1036.9904722740769,NO
77.55100370601771,1037.9946548062828,NO
77.5345223205317,1038.9944320852007,NO
77.506707159537,1039.9863139497459,NO
77.45091386003577,1041.017015617328,NO
77.39191617686056,1042.0138850303294,NO
77.35336166139967,1043.0059222621542,NO
77.33694409867194,1044.001861569684,NO
77.32775114112286,1045.0025183952766,NO
77.31143304578728,1046.005748492781,NO
77.27764750879204,1047.010021247558,NO
77.24053441582416,1048.0069576072472,NO
77.21759506527964,1049.0030895852135,NO
77.20533068010401,1050.0022654337408,NO
77.19660386174446,1051.0015634500762,NO
77.18229334652963,1052.0037790330236,NO
77.15378181431218,1053.0054382569244,NO
77.12466834752311,1054.002688925088,NO
77.11015203053904,1055.0006479531003,NO
77.10141224388178,1056.00119308519,NO
77.0858866248718,1057.001684051512,NO
77.06055543344955,1058.0017810421004,NO
77.02972804122462,1059.0008743541243,NO
77.0090017647399,1060.0000882525962,NO
77.00470203073854,1060.9999907803324,NO
77.00326280543348,1062.0000191929726,NO
76.98904695426177,1062.9997312795394,NO
76.96429155269526,1063.9989435370967,NO
76.94567417631815,1064.999243974658,NO
76.93865701293511,1065.9997546280513,NO
76.93258573629332,1066.9992547167078,NO
76.9111628348865,1067.9965692963965,NO
76.87289060252171,1068.993947171526,NO
76.83979263100045,1069.9964622976222,NO
76.82150562487301,1070.9973472173326,NO
76.80123790604284,1071.9948816625924,NO
76.77203741295206,1072.9928064040068,NO
76.73928333870028,1073.9922217129854,NO
76.70941362884598,1074.99316650212,NO
76.6816142499299,1075.9924279718284,NO
76.64339651669543,1076.9860637722315,NO
76.59314350302665,1077.9847547915758,NO
76.55485882003099,1078.993135426742,NO
76.53372134963041,1079.9933229790076,NO
76.51212566413723,1080.992386114687,NO
76.49403865777805,1082.003562778906,NO
76.48534554060541,1083.0017437564456,NO
76.47823105127164,1084.002282725802,NO
76.46004635858262,1085.0076130601049,NO
76.42362696157042,1086.0122719286549,NO
76.37748313314871,1087.0123416139495,NO
76.33287176188365,1088.01021974738,NO
76.29405407048073,1089.0084914009306,NO
76.2607153064532,1090.0073556043974,NO
76.22892065858818,1091.0070077751932,NO
76.19619198888752,1092.0066572130454,NO
76.16621900372323,1093.0049080413194,NO
76.13939895801555,1094.0035533067842,NO
76.11211731082687,1095.0028578922459,NO
76.07754390408658,1096.0030409374378,NO
76.02961809648775,1097.0017182573058,NO
75.98566410264075,1097.9994743030406,NO
75.96296861141998,1098.9994074978054,NO
75.94169304528737,1099.997814227667,NO
75.90359023098478,1100.9949047688388,NO
75.85463029241551,1101.9922675688033,NO
75.80437191222141,1102.9910496957548,NO
75.7564080057981,1103.989974522858,NO
75.69989609855986,1104.98359340859,NO
75.61783524727812,1105.9703260287006,NO
75.4834205514027,1107.0364623780947,NO
75.37243236117148,1108.022610440104,NO
75.30037799145359,1109.013489044626,NO
75.24715926567137,1110.010950093407,NO
75.19424278877361,1111.0108460444774,NO
75.13457440321714,1112.009042548658,NO
75.07334484729522,1113.0043144027982,NO
75.02179700570424,1114.000897523705,NO
74.98031073152997,1114.9991473151583,NO
74.93295254248022,1115.9956288014444,NO
74.86402221284585,1116.9870969982844,NO
74.7719026878361,1117.9778134862206,NO
74.67654024263285,1118.9775528502098,NO
74.58858475918991,1119.972378482196,NO
74.45149476918441,1121.0402640996797,NO
74.32002566041537,1122.029350419777,NO
74.22516233999971,1123.0154477279193,NO
74.1585190193725,1124.0090446289444,NO
74.10035921708933,1125.005729167769,NO
74.03769645450953,1126.0025525569256,NO
73.96941560512617,1126.9975447611448,NO
73.89841553679206,1127.9915173869704,NO
73.82693792202119,1128.9871941380532,NO
73.75419525555274,1129.9824232036437,NO
73.6585965777386,1130.9657415247214,NO
73.51357295141996,1131.9435768367848,NO
73.36362547379316,1133.0264454893982,NO
73.29426185526091,1134.0124877170847,NO
73.25074258300127,1135.0076947460852,NO
73.20865606472262,1136.009034592227,NO
73.15664127521208,1137.0091034009993,NO
73.09944242786364,1138.0056768313775,NO
73.04843394094074,1139.002089307272,NO
73.01216987135844,1140.0003825499705,NO
72.98510023159264,1140.9994984236266,NO
72.9458880941499,1141.9974490875634,NO
72.23027268474092,1144.1293312338955,NO
71.04270464923661,1145.091149923964,NO
70.29125882800186,1145.5685372133742,NO
69.07839266359552,1146.1369618932877,NO
67.26619767447572,1147.3575554705553,NO
66.194834314857,1148.20114839258,NO
65.22572247587055,1149.2030020468126,NO
64.35422587634369,1150.2783203333308,NO
63.97307935086003,1150.9799939015772,NO
63.079930633899664,1152.0517841192184,NO
62.29936352915211,1153.177529530629,NO
61.25231615632914,1155.1160478479812,NO
60.9818827415936,1155.993040321346,NO
60.140776978218234,1158.034665803002,NO
59.968181287500165,1158.9947949475709,NO
