X,Y,is_wing_root
125.9665780565771,776.7801864576915,NO
124.98582277863309,776.9211106205732,NO
124.03833109221421,777.1104632443007,NO
121.99495650588632,777.987342955533,NO
121.12850623751913,778.2688672950463,NO
119.22896949038805,779.3396950235502,NO
118.10086495176972,780.1461620101396,NO
117.04198617008231,781.0536543093808,NO
116.00753698386426,782.0084598798752,NO
115.57068202114523,782.5739337827858,NO
115.0043955553758,783.0040292591538,NO
114.05055680795061,784.0370072437174,NO
113.17464049137705,785.1120736376988,NO
112.5867844742547,786.3423970240116,NO
112.07354239698216,787.0373963663183,NO
111.12284563469447,789.0474173171472,NO
110.30708150663548,791.0911120966342,NO
110.08915972728684,792.0235443436763,NO
109.9125627909478,792.9796023155136,NO
109.71187221597964,793.9349095249004,NO
109.41566447410942,795.0460408379255,NO
109.32269723069763,796.0055797793177,NO
109.30791534630583,796.9969426846329,NO
109.30893431255485,797.9912730422589,NO
109.32418661315567,798.9847821358513,NO
109.40680292741395,799.9567497636697,NO
109.73888218544147,801.0728116996886,NO
109.93594591943068,802.0127726891832,NO
110.09519069468672,802.9837479308774,NO
110.27134922686284,803.9342183689932,NO
111.05132334663287,805.9818990223607,NO
111.98666530560843,808.0065751719767,NO
112.32176206382512,808.823782636877,NO
113.07355381249832,809.9479679585861,NO
113.9810584258993,811.0134289669602,NO
114.36606162282679,811.7125556323073,NO
115.22194347319886,812.7709299032591,NO
116.23529165769209,813.7310122558983,NO
117.37531114148211,814.5288647449273,NO
118.01110394855226,814.9836509705476,NO
119.09030867190705,815.8512408082192,NO
120.33094836874886,816.4136741697616,NO
121.04333488397852,816.9124914901938,NO
123.0674434779951,817.8436310463752,NO
123.97982067323592,818.0687703425716,NO
126.07053443987162,818.7777633616736,NO
127.00500278015775,818.9766196597301,NO
127.9928709975253,819.0959052642493,NO
128.99524735371557,819.1421833397989,NO
129.9972484149504,819.1646365021957,NO
131.00117944286652,819.1696038832713,NO
132.00608059230572,819.1459342153371,NO
133.00803405089036,819.07967100516,NO
133.99358771839786,818.9636286958671,NO
134.95566757311258,818.7975589233297,NO
137.03197857668243,818.1045869370251,NO
137.96797529946122,817.898716140305,NO
139.01848354114205,817.7334262518874,NO
141.18162783404577,818.7382957495844,NO
142.36914242001313,819.5520263360472,NO
143.00355302201103,819.995334530138,NO
144.06345298364377,820.9075267747078,NO
145.15813794106577,821.7589360591616,NO
146.37309667603884,822.5101078491497,NO
147.00933273161573,822.9877796287207,NO
148.06593862972537,823.915930949833,NO
149.1214066947153,824.8471021502075,NO
150.2428886860924,825.6310892445445,NO
151.02060503615266,825.9412787365201,NO
151.98902884658676,826.1197389287432,NO
152.99189020988962,826.1879996784294,NO
153.98961208314444,826.2303407612488,NO
154.98876199128674,826.2723879241728,NO
155.98649603592176,826.3168720829008,NO
156.98387671437632,826.369335739839,NO
157.9801521152496,826.4352687396499,NO
159.0335211202486,826.5322514244515,NO
160.02690780286648,826.6187371183298,NO
161.01844360169667,826.6884707929288,NO
162.01513371619504,826.7512229491521,NO
163.0107858784437,826.8110473927933,NO
164.0074058594835,826.8691631465214,NO
165.00476763467174,826.9292189591318,NO
166.00084217468216,826.9873155541391,NO
166.99759517946282,827.0397596988356,NO
167.9944821820753,827.0907273996082,NO
168.9915874135332,827.1418922899396,NO
169.98903179569166,827.1925109039871,NO
170.9839088132613,827.2497847349795,NO
171.97713739233316,827.3223958966278,NO
172.97510335675946,827.4099054490049,NO
174.03321742444678,827.5213423462496,NO
175.02778632267507,827.623847855985,NO
176.02023493046073,827.714258258069,NO
177.0141818548902,827.7950077447155,NO
178.00869731216085,827.8639291464197,NO
179.0046186999056,827.9232043263225,NO
180.00122105720152,827.9801628248335,NO
180.99740138599986,828.0388240703735,NO
181.9947593530461,828.094518811775,NO
182.99484263074532,828.1378917680901,NO
183.99375060374763,828.1721117391547,NO
184.99139323590396,828.2090214275663,NO
185.98812669457902,828.2523077343147,NO
186.98831053566448,828.2969124012069,NO
187.9898822506656,828.3372582935496,NO
188.98533732281814,828.3832110441463,NO
189.97834990094205,828.4516997978105,NO
191.03323325505886,828.5550712160509,NO
192.02608951880185,828.6437028386938,NO
193.01810448865436,828.7193804143344,NO
194.01378438340785,828.7873589419298,NO
195.01020115504485,828.8525469485243,NO
196.00590446149948,828.9144293696764,NO
197.00181570110027,828.9732522838633,NO
197.99829664203727,829.0278959768848,NO
198.99615898777992,829.0758411637929,NO
199.99495021393273,829.1187286868231,NO
200.9950945053051,829.1551362783271,NO
201.9930270190036,829.1860684857126,NO
202.98902795122578,829.2233909196418,NO
203.98709313074963,829.2715820343147,NO
204.98464821145444,829.3277273116225,NO
205.98219183793864,829.3921937042319,NO
206.9792668193258,829.4706432099039,NO
208.02549714299673,829.5693815735167,NO
209.02127381227393,829.6474625439713,NO
210.01750890370965,829.7162350205303,NO
211.01321745200934,829.7794772361431,NO
212.00930920851985,829.8373427314776,NO
213.00624847601242,829.8915443097336,NO
214.003244406772,829.9429911400026,NO
215.00049797198577,829.9902846640847,NO
215.99834800488082,830.0338153306355,NO
216.99586198884123,830.078778363481,NO
217.99372049321553,830.1249744996703,NO
218.9929385723258,830.1673394118347,NO
219.99365070068563,830.2023839234712,NO
220.99461347853745,830.2289271549081,NO
221.9924996483742,830.2550119638304,NO
222.9851401912221,830.2951566067406,NO
223.97842774367138,830.355223147406,NO
224.97887977552386,830.4264487748649,NO
226.02727040978178,830.5058601695922,NO
227.0217941793083,830.573854238293,NO
228.01700023297363,830.6327159062196,NO
229.0143520042041,830.6865922694689,NO
230.0118768185599,830.7378813768204,NO
231.01023814287205,830.7867795554008,NO
232.00794061971735,830.8335922351824,NO
233.00556407100098,830.880187002837,NO
234.00320841924284,830.9237022259335,NO
235.00149768198727,830.9632319080689,NO
235.99994018446262,831.0014099376789,NO
236.99869741807794,831.0370305426018,NO
237.99695272601738,831.0741007873175,NO
238.9934027268601,831.1198304682076,NO
239.99041018901218,831.1687470240978,NO
240.99236296128166,831.208264098226,NO
241.99515967653053,831.2334879737732,NO
242.9949948902893,831.2537590624751,NO
243.9905057121948,831.2820361903212,NO
244.9829878913205,831.3265016325633,NO
245.98008472462067,831.3879495544909,NO
246.98358899812274,831.4546812920908,NO
248.01477927278953,831.5133396663123,NO
249.0129543719464,831.5542736437494,NO
250.01672064431585,831.5999907525633,NO
251.01805852985197,831.6597773076413,NO
252.01430572586742,831.7162697593604,NO
253.0116655971258,831.7666880679263,NO
254.01005637088718,831.8193577825609,NO
255.00809770820902,831.8777868919511,NO
256.0040927673973,831.9386084862898,NO
257.00023287470776,831.9962514684019,NO
257.9970235547645,832.050700467585,NO
258.99442147058,832.1008119925625,NO
259.9928131545791,832.1463241770923,NO
260.9934411461453,832.1858342043257,NO
261.993628507329,832.2166307580808,NO
262.98975362713514,832.2488405002954,NO
263.98465922119476,832.2932114915919,NO
264.98730576642333,832.3420581125856,NO
265.9918840368155,832.3783584729307,NO
266.9865257358493,832.4142249527389,NO
267.9814699807134,832.4704565930784,NO
269.02309555381265,832.5461221551445,NO
270.01994834632995,832.6116438991844,NO
271.01584508830604,832.6735911864954,NO
272.0118317422015,832.7290242441262,NO
273.0100281928106,832.7791465468703,NO
274.00761118923555,832.8271172704073,NO
275.00589027423644,832.8739481351013,NO
276.004035132454,832.923016002267,NO
277.00133508058633,832.970835906235,NO
277.9996382596071,833.0105330292604,NO
278.99853693889474,833.0440248393982,NO
279.9970961244295,833.0761121057438,NO
280.9949587671655,833.1119153741014,NO
281.9931246035045,833.152939384604,NO
282.9929076924307,833.192259034165,NO
283.99303555200055,833.2257829170175,NO
284.9910405570346,833.2577759846571,NO
285.9859452180935,833.2951504013239,NO
286.9830830319339,833.3396927184631,NO
287.98585382057234,833.3890199183087,NO
288.9853911632946,833.4410042696534,NO
290.0215822619639,833.498212435066,NO
291.0195563885637,833.5521110008166,NO
292.01640567593904,833.6024778547539,NO
293.0152471098724,833.6543988428919,NO
294.01517920287296,833.7085593013605,NO
295.0121473896043,833.7602749904959,NO
296.00905923003376,833.8085745345021,NO
297.0075582323323,833.8578470869676,NO
298.0052468289794,833.9108039076827,NO
299.00209805489544,833.9646886698981,NO
299.99915107268197,834.0151594164097,NO
300.9973961620795,834.0582681069873,NO
301.9960129237093,834.0960695521181,NO
302.9941746992792,834.1345114914681,NO
303.99304692746415,834.1728092975156,NO
304.99222106461224,834.2088030067741,NO
305.99240401339677,834.2421220823405,NO
306.9936520618485,834.2697873628933,NO
307.9908883797614,834.2977442286669,NO
308.98373773425106,834.3421995751193,NO
309.9813986330806,834.4033114779722,NO
310.9843153183624,834.4649749072624,NO
312.0183279984961,834.5260903193004,NO
313.01568309069614,834.5774791091139,NO
314.0127132071701,834.6214745176521,NO
315.0098349044957,834.6616064319388,NO
316.0086531002945,834.7003463404131,NO
317.01011838264117,834.7421179668454,NO
318.0097200831975,834.7892509116457,NO
319.00674418235036,834.8371280019776,NO
320.0046687372196,834.8803328960001,NO
321.0027620515127,834.9157574345138,NO
322.0015637839604,834.9454909593267,NO
323.000773893784,834.9739277855916,NO
323.9998848389201,835.0035268081737,NO
324.9985075269931,835.0376179737873,NO
325.9960106558939,835.0801939539614,NO
326.9943061011881,835.1251392458369,NO
327.99516158860683,835.1603127037871,NO
328.99440158329884,835.1862406575843,NO
329.9921317313807,835.2132938695223,NO
330.9910721366584,835.2434652325993,NO
331.99027588401964,835.2738959341267,NO
332.9882491228131,835.3058240915242,NO
333.98234053293623,835.3473028358449,NO
334.9756141884942,835.4086725657614,NO
335.97728176621973,835.482246125452,NO
337.0186536315327,835.5499213441188,NO
338.01756389394404,835.601885070601,NO
339.01825346724905,835.6567632326894,NO
340.01569995252964,835.7141423687826,NO
341.0099540168128,835.7642597446285,NO
342.0064397013803,835.8035891210776,NO
343.0058814494388,835.8398938864689,NO
344.00447905995804,835.8773235244573,NO
345.00281665260803,835.9125077312774,NO
346.00175375385686,835.9434838660037,NO
347.00081578128334,835.9697556654108,NO
348.00015590470764,835.9937451030459,NO
348.99942713157475,836.0198528531796,NO
349.99780682171325,836.0526362788817,NO
350.994866398118,836.0962074996236,NO
351.99401498879695,836.1412741048748,NO
352.9951961725133,836.1743103124015,NO
353.994254290776,836.2010998288363,NO
354.9914677356417,836.2335995568002,NO
355.9904123556377,836.2695193289296,NO
356.9886000571175,836.3084146726355,NO
357.98753938536413,836.3562269896811,NO
358.98340479270405,836.4096396038838,NO
359.9763496119714,836.4745844551138,NO
361.02053372314964,836.5551026440753,NO
362.01266454793944,836.6082433030558,NO
363.01158464579066,836.6490973588523,NO
364.0129959550269,836.6985572579354,NO
365.01290709131047,836.7562837469131,NO
366.0095384432255,836.810593771549,NO
367.0057597397075,836.8551203947156,NO
368.0042910614436,836.8942253330099,NO
369.0025102488659,836.9308286999799,NO
370.00106948904636,836.9632317049844,NO
371.00017552519546,836.9941608619779,NO
371.99894886519775,837.027661443597,NO
372.997370691908,837.0643218503064,NO
373.99562743621874,837.1021959624834,NO
374.9950776771906,837.1378250468839,NO
375.99586781291447,837.1671056444695,NO
376.99586109935393,837.1903894282992,NO
377.9952274639273,837.2101990963612,NO
378.99383730573857,837.2316716520363,NO
379.99265375472316,837.2576252216492,NO
380.99012749313493,837.2868668580705,NO
381.98415229614983,837.3263333275952,NO
382.98134260935177,837.3773361972767,NO
383.9841582344696,837.4268475798104,NO
384.9846356622111,837.4713382049542,NO
386.01420841767606,837.5189435759137,NO
387.01599689256966,837.5607710414317,NO
388.019515650942,837.607247516552,NO
389.0175550590764,837.6594318635723,NO
390.0119348225765,837.7028535260617,NO
391.00892253927816,837.7374610430487,NO
392.00857790664855,837.7739605553359,NO
393.00724597641573,837.8131300844029,NO
394.0051321922416,837.8514683174824,NO
395.0036509421484,837.8872771600659,NO
396.0020635197179,837.9182020770271,NO
397.0016540800295,837.9502272274286,NO
398.00017251146164,837.9970375618419,NO
398.99609288768227,838.0574575352457,NO
399.99499182509544,838.1116266561479,NO
400.9968650810915,838.143066298503,NO
401.99679647420817,838.160816993012,NO
402.99475443532134,838.1817859404028,NO
403.99194967059384,838.2131218695824,NO
404.9874956757076,838.255445480068,NO
405.9864977690663,838.3031864724215,NO
406.9907064969903,838.34671913544,NO
407.98422314384186,838.3927606764723,NO
408.9677279631594,838.4666639297259,NO
410.023777734257,838.5668722521706,NO
411.0125039123801,838.6264456284349,NO
412.010933552578,838.6692600191053,NO
413.0101706942786,838.7086395326274,NO
414.009051163642,838.7473432319965,NO
415.0080224854007,838.7872957118643,NO
416.00613425566877,838.8270139938803,NO
417.0044286637412,838.8629882196891,NO
418.0038513799089,838.8968454718585,NO
419.00261637450427,838.9315611475398,NO
420.0012717400399,838.9647445413412,NO
421.0001296866146,838.9960661725779,NO
421.9991108933478,839.0270234543434,NO
422.9981101856331,839.0575534359573,NO
423.9966253484996,839.0895170660398,NO
424.9942309493687,839.1269191157808,NO
425.9920438010901,839.168406219052,NO
426.9913935407078,839.2086041789875,NO
427.9923298617822,839.2440062804662,NO
428.9927515939644,839.2735602058003,NO
429.9923474828076,839.3002141350643,NO
430.9906288676758,839.3286359155107,NO
431.9911424129796,839.3574922026296,NO
432.9927391413551,839.3817682883692,NO
433.99009095743224,839.4070965055254,NO
434.9839178590934,839.4443265792819,NO
435.9817409657982,839.4929938977187,NO
437.0121306956285,839.5356369819311,NO
438.01388217147183,839.5678614285962,NO
439.02086862957236,839.6168834598453,NO
440.01818492249635,839.6756470986543,NO
441.0102356004441,839.7202269121556,NO
442.00614720713526,839.7479644994713,NO
443.0062505061174,839.7724352816634,NO
444.0077101912161,839.8056636403326,NO
445.0072959729504,839.8501285619565,NO
446.00437302231035,839.8945141647167,NO
447.0021605791196,839.9287008899825,NO
448.0013655344718,839.9590753465744,NO
449.0002536766673,839.9916286700885,NO
449.99931277566367,840.0235315085806,NO
450.99796559189286,840.0561722674654,NO
451.99706285913777,840.0885592509712,NO
452.99743870781424,840.115956680746,NO
453.99766238710146,840.137094121857,NO
454.9967074883575,840.1566294796696,NO
455.9939358844356,840.1835773241592,NO
456.99188244415376,840.2187352087705,NO
457.99399560771224,840.2491822813353,NO
458.99650761665504,840.2673016497614,NO
459.99485328165724,840.2836413702025,NO
460.9921855476049,840.307889417139,NO
461.98881389860907,840.3404769603733,NO
462.9832656084199,840.3825003594128,NO
463.98099599042536,840.4361651865132,NO
464.98561302392096,840.4907557265785,NO
466.01277347179393,840.5401550257003,NO
467.0154671643753,840.5892608367283,NO
468.01493553861826,840.6370664217253,NO
469.01185188659895,840.6767068838949,NO
470.0082836926575,840.707703986178,NO
471.0077524626439,840.7350796267514,NO
472.00930914083335,840.7691333011354,NO
473.0075248174277,840.8084065679126,NO
474.0051620584204,840.8443561107146,NO
475.00339165133937,840.8747601313088,NO
476.00246677958086,840.9014274879262,NO
477.0024378293188,840.9302780809104,NO
478.0012195230482,840.9639881992432,NO
479.0001022322456,840.9960365342598,NO
479.99939957765184,841.0233702861019,NO
480.9988132113874,841.0481836177426,NO
481.997853666802,841.0751216641704,NO
482.99613481436666,841.108654659969,NO
483.99546869656183,841.1430192718295,NO
484.9959345059314,841.1710895405399,NO
485.9951524794673,841.195645923494,NO
486.9929200770181,841.2230175597996,NO
487.99118621967705,841.2540886899407,NO
488.98984573514207,841.284883526921,NO
489.98935356534355,841.3150092165592,NO
490.98918508485207,841.3471238886535,NO
491.98668870790794,841.3828953953932,NO
492.98215922938857,841.4263944098223,NO
493.979932484154,841.479047628915,NO
495.01559199532096,841.5307312523818,NO
496.0092395644548,841.5638925629347,NO
497.0094336171503,841.5926392740455,NO
498.01510595023814,841.6300978975012,NO
499.0150960256636,841.6769450604372,NO
500.0103131471231,841.722117974712,NO
501.00602680966614,841.7559142123873,NO
502.0040721313469,841.7801049154616,NO
503.00537957266266,841.8061361379433,NO
504.005496198173,841.8376123190035,NO
505.0034099909651,841.8670103508738,NO
506.0022232100597,841.8917296708996,NO
507.002136189408,841.9166886121556,NO
508.0015208445359,841.9429098362114,NO
509.0008570150361,841.9689887528835,NO
510.0001369145424,841.9950355800565,NO
510.9992829294216,842.0234243057931,NO
511.9979926862434,842.0562621410938,NO
512.9968514113701,842.0909386533593,NO
513.9945098354257,842.128365273102,NO
514.9912317294541,842.1722088309283,NO
515.9899778429954,842.2184830176508,NO
516.990509765476,842.258345256889,NO
517.9911146633383,842.2902543338326,NO
518.9929059502334,842.3160076537561,NO
519.9905703155392,842.341214871055,NO
520.9843023447506,842.3790983609143,NO
521.9836893053072,842.4295149735872,NO
522.9919224363877,842.4715277779592,NO
523.9946397044408,842.4963633443732,NO
525.0149982093666,842.532055888691,NO
526.0187149890633,842.5852236253443,NO
527.012120044327,842.6333686420237,NO
528.0065217826323,842.6646430700772,NO
529.0082104866324,842.6898962245859,NO
530.009942263439,842.7201963140654,NO
531.0094442321165,842.7544499668027,NO
532.0076333094331,842.7896599241151,NO
533.0067822321956,842.8266183331988,NO
534.0055131105562,842.8651304984028,NO
535.003803674911,842.9017871593957,NO
536.0022796755812,842.9361690799176,NO
537.0010363451798,842.9692754130594,NO
537.9999676723677,843.0009584192312,NO
538.9988508921191,843.0321750225845,NO
539.9976906096368,843.0647912262381,NO
540.99672968939,843.0975321993393,NO
541.9962181783417,843.1280776968673,NO
542.9956894705423,843.1564106409895,NO
543.9935850303123,843.1860341119299,NO
544.9926630800783,843.2188128351306,NO
545.9943872341368,843.2476937852373,NO
546.9971321518409,843.2651455965677,NO
547.9975736257744,843.2747194940448,NO
548.9955097910173,843.2862508041204,NO
549.9928323961217,843.304623155182,NO
550.992918161595,843.32769598321,NO
551.9962226035268,843.3478638791574,NO
552.9879704542036,843.3751714658176,NO
553.9784743439867,843.4314100154252,NO
555.0178978397926,843.5004875364232,NO
556.009437569406,843.5375590956575,NO
557.0150481994139,843.5718103009575,NO
558.0165844095808,843.6169406012481,NO
559.0107862291662,843.6577169730255,NO
560.0077824082459,843.6900007391657,NO
561.0070942181177,843.7168224598726,NO
562.0059550383015,843.7406851601634,NO
563.0076705521682,843.7698834195152,NO
564.0090771082411,843.8097753894316,NO
565.0068391367489,843.8527305866966,NO
566.0041787081474,843.8926731829107,NO
567.0023497873372,843.9280377607221,NO
568.0011802092342,843.9587769787001,NO
569.0003111451961,843.9922054141482,NO
569.9980506560764,844.0353769832835,NO
570.9963564749019,844.0797527144845,NO
571.9972642625864,844.1128491724612,NO
572.9959057104469,844.1399117630623,NO
573.9931766188467,844.1730339358979,NO
574.9937074704817,844.2072339769776,NO
575.9952787436433,844.2332300742718,NO
576.9920886807616,844.260018683029,NO
577.9878716502499,844.2977509794287,NO
578.9897124612977,844.3360596009471,NO
579.9925762326096,844.3637646265271,NO
580.9909453140612,844.3862020582557,NO
581.9889712231125,844.4148516943909,NO
582.9867747374715,844.4553268913807,NO
583.9916805108228,844.4929297433894,NO
585.0133708001401,844.528060276241,NO
586.0265521904241,844.5907591151787,NO
587.0158575032955,844.6500777681816,NO
588.0038675534723,844.6770592985972,NO
589.0064477494745,844.6926572681773,NO
590.0073635383609,844.7167869874205,NO
591.0066550846627,844.744035206452,NO
592.0072227327812,844.7742895980629,NO
593.0058500306822,844.8049989874369,NO
594.004061417354,844.8307742841666,NO
595.0043040419355,844.856531942971,NO
596.0049201285174,844.8907731418644,NO
597.0031460823927,844.9302967966328,NO
598.0012554597536,844.9652656135294,NO
599.0001718021614,844.9951060925027,NO
599.9990861776588,845.0253331850557,NO
600.9976594708144,845.0583962036723,NO
601.9956393609757,845.0968061908161,NO
602.9946674812702,845.13659451549,NO
603.9957751698228,845.1684862273058,NO
604.9948997002633,845.195380716015,NO
605.9912969797582,845.2281107371348,NO
606.9896049559371,845.2657399531727,NO
607.9909911370296,845.2996948339597,NO
608.9930776023107,845.3279898050838,NO
609.994255730291,845.3539906265838,NO
610.9929657381721,845.3806317360412,NO
611.9888597283242,845.4121900297321,NO
612.9865657010516,845.452927799387,NO
614.0153436714771,845.4980427392387,NO
615.0164007739793,845.54028133543,NO
616.0255226608743,845.6062815831139,NO
617.0197541401584,845.6782418790829,NO
618.0087654441467,845.7248781645355,NO
619.0067816048094,845.7546063794395,NO
620.0055399572656,845.7830552772293,NO
621.0060449094689,845.8144968465955,NO
622.0065477134084,845.8532716985405,NO
623.0043916353893,845.8940651809146,NO
624.0025422995855,845.9299455246231,NO
625.0012875707686,845.9623574889748,NO
626.0002223741103,845.9921216030502,NO
626.9995938823455,846.0167523538655,NO
627.9988731429887,846.0413598274257,NO
628.998304691489,846.0700727498729,NO
629.997602651551,846.0990903998494,NO
630.9969423664622,846.1263821827721,NO
631.9966430684469,846.1513670909721,NO
632.9934308013899,846.1810179118594,NO
633.9889855666727,846.2227612888241,NO
634.9877821513043,846.2685211701231,NO
635.9897470628233,846.3066560341538,NO
636.9914444726675,846.3364033466228,NO
637.9892070228274,846.3636116748369,NO
638.9845289192494,846.394919696564,NO
639.9810819556712,846.43331331321,NO
640.9798269158541,846.4791107466792,NO
642.0147439146826,846.5291776482079,NO
643.012028234004,846.5656470936291,NO
644.0078737128407,846.591810159388,NO
645.007072341365,846.6118070197416,NO
646.0119357409868,846.6415660775896,NO
647.0163763434296,846.6913213809264,NO
648.0114480663083,846.7433089140711,NO
649.004769413194,846.7797398268879,NO
650.0031199679229,846.8014920505196,NO
651.002526307548,846.8166622511553,NO
652.0025124219503,846.8306627529125,NO
653.002740300289,846.8468476641933,NO
654.0034014123177,846.8686531561722,NO
655.0035044720895,846.8965149934347,NO
656.002092892347,846.9222529247713,NO
657.001631877194,846.9473061584008,NO
658.0007252854699,846.985821380392,NO
658.9979195306593,847.0362439655053,NO
659.9955258024434,847.0853539251672,NO
660.9944107544235,847.1285526496988,NO
661.9931788130751,847.1678011910942,NO
662.9922686328016,847.204567788851,NO
663.9915478102612,847.2416331934551,NO
664.9894600167604,847.282237331544,NO
665.9851847280569,847.3290368588997,NO
666.9867906559851,847.3782675518156,NO
667.9919800410723,847.4170378766682,NO
668.9937965969511,847.4433047302708,NO
669.9934595037207,847.4643752462093,NO
670.9897741741312,847.4913778593981,NO
672.0092510839856,847.5261389098946,NO
673.0098101446519,847.5604120985417,NO
674.0124203763897,847.6008919129773,NO
675.0133689613633,847.6448192148131,NO
676.0111269746195,847.6843118198069,NO
677.0070878106907,847.7167710847372,NO
678.0065693926177,847.7463203794116,NO
679.0076498452438,847.7799030143036,NO
680.0074001323496,847.8178845473052,NO
681.0060798225783,847.8570534788561,NO
682.0044097048441,847.8961155598757,NO
683.0025470317779,847.9321685229239,NO
684.0012514976744,847.9658713220916,NO
685.0000522177038,847.9985408052136,NO
685.9990908755515,848.0284669614974,NO
686.9981055750869,848.0573494110837,NO
687.9968979780384,848.0883633151632,NO
688.994002775025,848.1269625314969,NO
689.9909700840777,848.1758177812038,NO
690.9911481868259,848.2249268586207,NO
691.9922660930155,848.2637529082212,NO
692.9918554802787,848.2971241334749,NO
693.9886920041375,848.334785204296,NO
694.9864077583132,848.3763109267346,NO
695.9906942204626,848.408608330208,NO
696.9995641207489,848.4214952294745,NO
697.9964487575586,848.4288125027382,NO
698.9817219789765,848.4588745334737,NO
700.0221386558995,848.5220062908909,NO
701.0143316967979,848.5739577241893,NO
702.0101669114415,848.6081828777615,NO
703.0083353413221,848.6328825624198,NO
704.0101664228278,848.6556971378313,NO
705.0147708463219,848.6879658643226,NO
706.0129708506356,848.7270716907345,NO
707.0069587498956,848.7583634133008,NO
708.0041886258739,848.7784437317395,NO
709.0036733724812,848.7951074337512,NO
710.0045875618985,848.8159470141496,NO
711.0054083661984,848.8453207254581,NO
712.0048453037886,848.8819400388038,NO
713.002855266581,848.9186656884107,NO
714.0014469471947,848.9519613545685,NO
715.0005060729711,848.9819982616658,NO
715.9997127477827,849.0098557223057,NO
716.998610774401,849.040614419964,NO
717.9971450036212,849.0766219289239,NO
718.9954709799315,849.1148512959481,NO
719.9947901959274,849.1507778602314,NO
720.9944019535928,849.1828695177838,NO
721.9912399114155,849.2185529841462,NO
722.9885196032527,849.2629557614458,NO
723.9910218566371,849.3058981628419,NO
724.9946808082906,849.3365275272301,NO
725.9910972674074,849.3642378794684,NO
726.9821911920324,849.4043902636716,NO
727.9791291454947,849.4571711129773,NO
729.0107820069401,849.507262283481,NO
730.0088939581682,849.5404788325409,NO
731.016203345347,849.5844060968889,NO
732.0174149019442,849.6387334116968,NO
733.0096351779748,849.6807544239003,NO
734.0043664160614,849.7080323140364,NO
735.002995218379,849.7258013752501,NO
736.0025775945581,849.7396629423549,NO
737.0056579632401,849.7609510609016,NO
738.0075187698083,849.7933354334177,NO
739.0054606465891,849.826283174396,NO
740.0036257134855,849.8525059768072,NO
741.0030531827026,849.8760407820898,NO
742.0031384107824,849.9036603015043,NO
743.0024475604184,849.9365517033818,NO
744.0010471422613,849.9698123851944,NO
744.9999994638124,850.0000179801574,NO
745.9992118569638,850.0282042620098,NO
746.9984638424353,850.054862766984,NO
747.9979404585855,850.0792131309621,NO
748.9976786839217,850.1008258617546,NO
749.9971826535113,850.1221258444679,NO
750.9950681792642,850.1487018739542,NO
751.9924389665874,850.1831245419746,NO
752.9906446967633,850.225668177801,NO
753.9870375357319,850.2761568590925,NO
754.9879721869053,850.3240827482288,NO
755.9933499012612,850.3561497138787,NO
756.9976627051585,850.3739671802133,NO
757.9971817017711,850.3853016399105,NO
758.9911649363315,850.4017850287754,NO
759.9864446581101,850.4301562095741,NO
760.9867369425072,850.465189458771,NO
761.9871725647295,850.5013389279469,NO
763.0088031322742,850.53245586966,NO
764.0131448244967,850.5616880800995,NO
765.0190649829517,850.6028804693746,NO
766.0162725625112,850.6483711476759,NO
767.0106757304551,850.68412397245,NO
768.0061110413845,850.7063789934939,NO
769.0052145581811,850.7236284277268,NO
770.0068371306432,850.7455067935618,NO
771.0078558699521,850.7748732164945,NO
772.0079510496785,850.810689304528,NO
773.0056487928783,850.8477879409842,NO
774.0047047032226,850.8858248851974,NO
775.0041393107031,850.9348879852375,NO
776.0003975099024,850.9940734890333,NO
776.9983929886675,851.0436571417409,NO
777.9985966537653,851.0720138178071,NO
778.9978015512281,851.0930039449985,NO
779.9970113988608,851.1160772669522,NO
780.996187601864,851.1419385087061,NO
781.9959614930843,851.1690905224812,NO
782.9957454806632,851.1938845231858,NO
783.995676036036,851.2168809151651,NO
784.9938691654817,851.2426788620171,NO
785.9905873781107,851.2776723576378,NO
786.9926485250583,851.3134401743266,NO
787.9971461002926,851.333906274156,NO
788.9996372399423,851.3399061651468,NO
790.0003615885839,851.3395316695199,NO
790.9928498304388,851.3526162747639,NO
791.9848466322717,851.390620127764,NO
792.9862986241576,851.4341918959777,NO
793.9918487625035,851.4656394539121,NO
794.9940673909308,851.490249216566,NO
796.0100124719551,851.5178204125134,NO
797.0181793986231,851.5632282882705,NO
798.0170612240923,851.6238775690898,NO
799.0104190106354,851.6744059140033,NO
800.0057948215637,851.7056230702694,NO
801.007886026108,851.7318751033322,NO
802.0104462238036,851.7683663455771,NO
803.0079128759988,851.8078301416215,NO
804.0044802009141,851.8371126938608,NO
805.0026872449449,851.8564445403977,NO
806.0039855294807,851.8811374508006,NO
807.0042328650921,851.9221922417566,NO
808.0015214283063,851.9687951944784,NO
808.9998316139033,852.005262065581,NO
809.9992400413032,852.0303071527965,NO
810.9980822764712,852.0560652127527,NO
811.9963008064453,852.0892317702267,NO
812.9947032533638,852.1269927305907,NO
813.993017909602,852.1663781055651,NO
814.9917477382978,852.2054601525161,NO
815.9920280342677,852.2406537218783,NO
816.9915050104352,852.2724060000334,NO
817.9900841065122,852.3061132303854,NO
818.9918378634654,852.338196367671,NO
819.9950534947571,852.3618558835068,NO
820.9951926012175,852.3797844995711,NO
821.9937018667844,852.396782403675,NO
822.9943123294538,852.4134499062271,NO
823.9936195842689,852.4311338074939,NO
824.9947625461549,852.4499449000738,NO
825.995535023149,852.4678303711529,NO
826.9905497145487,852.4924648573449,NO
828.0113587039184,852.5293545519115,NO
829.0093931907317,852.5647821884422,NO
830.0066046854221,852.5921606649313,NO
831.0069541495567,852.6144310402852,NO
832.0086321504467,852.6388883789213,NO
833.0132930455336,852.6735098310588,NO
834.0158551745392,852.7193355891782,NO
835.0116115257586,852.7654471849255,NO
836.0061840906457,852.7991167918964,NO
837.002565353114,852.8163940134489,NO
838.0020853726436,852.8262189444224,NO
839.0056032592386,852.848711999431,NO
840.0058139973034,852.8908504282138,NO
841.002815864522,852.9352351152708,NO
842.0009208471766,852.968722950827,NO
843.0001142485082,852.9961273694448,NO
843.9991776388372,853.0251848113382,NO
844.9982698950432,853.0562860795828,NO
845.996949653482,853.0897541348057,NO
846.9957119585946,853.1253927322492,NO
847.9950262040956,853.159161468941,NO
848.9941887919184,853.1913690922826,NO
849.9948648372877,853.2217456546178,NO
850.9956044172303,853.2448598034913,NO
851.9946709812407,853.2650485620875,NO
852.9938681737492,853.2888090166811,NO
853.9960515458594,853.3086374989911,NO
854.9941128692085,853.3237921911177,NO
855.9883284852256,853.3505219665543,NO
856.9823843013415,853.3965680677337,NO
857.9808533761061,853.4492092285444,NO
858.9848840282572,853.4912690839312,NO
860.0061803550229,853.5230826285726,NO
861.0033508335473,853.5476374942851,NO
862.0049063720777,853.5704694278893,NO
863.0159322876669,853.6080657403427,NO
864.0222816296948,853.6703629474787,NO
865.0128742438969,853.7269587441895,NO
866.0051804052792,853.7598175685357,NO
867.0049716355403,853.7797349416777,NO
868.0056292545971,853.8025878651389,NO
869.0048859310027,853.8289924098046,NO
870.0038904771471,853.854035058118,NO
871.0032427940023,853.8785753773221,NO
872.0027081683522,853.9057744183468,NO
873.0026861533843,853.943702702102,NO
874.0004604223542,853.9913040984535,NO
874.9988946698753,854.0333273794163,NO
875.9986395782931,854.0612189804589,NO
876.9979627802154,854.0836957808596,NO
877.997080865437,854.1100289128411,NO
878.9946494153518,854.1444657865808,NO
879.9902963045233,854.190707319419,NO
880.988202625051,854.2446672943628,NO
881.9924003047189,854.2884844288938,NO
882.996040578076,854.3121344215607,NO
883.9929670030116,854.3312541584634,NO
884.9897877428286,854.3551595977918,NO
885.9884584385135,854.3849935085351,NO
886.9873399095201,854.4186872774563,NO
887.9888583070809,854.4461521148802,NO
888.9918729506098,854.4662894924245,NO
889.9862730908577,854.498012261122,NO
891.0244619476816,854.5625074891609,NO
892.0186272550634,854.62823103719,NO
893.0096391205459,854.6739318295038,NO
894.0042578107578,854.6983036916595,NO
895.0067764895152,854.718775683547,NO
896.0126510556244,854.756710473509,NO
897.0085903730921,854.800024106587,NO
898.0034190372082,854.8290481446818,NO
899.0023245948927,854.8451819759917,NO
900.0033966347104,854.8645422078791,NO
901.0035614206375,854.8926177671242,NO
902.002961283965,854.9265601556964,NO
903.0014628978064,854.9638664229976,NO
904.0001355823193,854.9939234468466,NO
904.9997561441944,855.0133578792394,NO
905.99801011522,855.0434679276269,NO
906.9941935120847,855.0944522029521,NO
907.9944686594268,855.1451603233037,NO
908.9969115849627,855.1760396561383,NO
909.9971813408855,855.1944874712926,NO
910.9967306301884,855.209893540263,NO
911.9947603960787,855.2286372644957,NO
912.991404223379,855.2567988191337,NO
913.9878657102703,855.2958899859032,NO
914.9862772195025,855.3409027586916,NO
915.9898458189882,855.3805786993852,NO
916.9934251304581,855.408080206073,NO
917.9877230013411,855.4363056501483,NO
918.981137954686,855.4788863648586,NO
920.0097411970023,855.525757505108,NO
921.0028687861924,855.5505568294384,NO
922.0059123302359,855.5683998879516,NO
923.0148564358512,855.6021776585817,NO
924.014016975105,855.6459815307951,NO
925.0057951327306,855.6767603549574,NO
926.0018267807658,855.6906651157819,NO
927.0017732036453,855.6985553707688,NO
928.0045308988465,855.7111552172332,NO
929.0092676997191,855.7374151579857,NO
930.0105167071988,855.776519977235,NO
931.0084380744188,855.8206909227792,NO
932.0056005944132,855.860804733271,NO
933.004099143288,855.8935273813794,NO
934.0028844826425,855.9237889297161,NO
935.001574003621,855.9537983612496,NO
936.0005586561826,855.9831895273314,NO
936.9996567603167,856.0116819845705,NO
937.9987580131898,856.0393028726382,NO
938.9971794296032,856.0705142601837,NO
939.9953297052577,856.1076391726826,NO
940.9946924790255,856.1457293596276,NO
941.9949684747074,856.1783396153045,NO
942.9956996486046,856.2055567991524,NO
943.9946979305539,856.2303990099452,NO
944.9907264818934,856.2602040228836,NO
945.9882516637512,856.3013289423968,NO
946.9874022699083,856.3490312315062,NO
947.9880625434821,856.3973467501348,NO
948.9938905569232,856.4337704681457,NO
949.9940574976243,856.4546014313133,NO
950.9882277133004,856.48587439166,NO
952.012720372388,856.5323990929973,NO
953.0131519722033,856.5741481987783,NO
954.0089711439877,856.6101630290168,NO
955.0052312831841,856.6375468090696,NO
956.0124627299436,856.6688955793451,NO
957.0149332276834,856.7133968921825,NO
958.0080901946975,856.7526361675186,NO
959.0026830783701,856.773727057523,NO
960.0029531924324,856.7865263757137,NO
961.0044574189216,856.8040673681942,NO
962.0046398661191,856.8266064910493,NO
963.0039916372781,856.8511267109441,NO
964.0027847557394,856.872913875129,NO
965.0016451863755,856.8899918715292,NO
966.0011273071005,856.9054940877435,NO
967.0014847400028,856.921308783079,NO
968.0016536491407,856.9407048664622,NO
969.0009778626924,856.9662468777151,NO
970.0001754944275,856.9916514795248,NO
970.9998855902954,857.0087743446736,NO
971.9993896365207,857.0252792213756,NO
972.9980053397113,857.0533167328532,NO
973.9972131028744,857.0856970830993,NO
974.9977597502974,857.1097722427903,NO
975.997080748168,857.1295086258557,NO
976.9952083320363,857.1552500369326,NO
977.9938417557642,857.1862868968126,NO
978.9919963979571,857.2202133879102,NO
979.9914544916445,857.2552970547447,NO
980.9930829627964,857.2854029739955,NO
981.990332483098,857.3143609670876,NO
982.9845367371495,857.3533921204016,NO
983.9836163982582,857.400967105175,NO
984.9864697475504,857.4455318787194,NO
985.9916527964883,857.477877403715,NO
986.9939514343836,857.500931220875,NO
988.0086531005499,857.5281515335159,NO
989.0136988887034,857.5671151279439,NO
990.0151239467651,857.6131453647291,NO
991.0105366978765,857.6515865277037,NO
992.0070082533309,857.6795316922318,NO
993.0047188418564,857.7003535477011,NO
994.0028097781367,857.7134026327312,NO
995.0042877143693,857.7266582266495,NO
996.0068756038123,857.7495315783425,NO
997.0057111494119,857.7759472160831,NO
998.0031875804784,857.7967917576542,NO
999.0032689308952,857.8147605913503,NO
1000.0041487159097,857.8372426840582,NO
1001.0041212174049,857.8645315959451,NO
1002.0032296210405,857.8906234978801,NO
1003.0017775520405,857.9100558642356,NO
1004.0016869001332,857.9291501920279,NO
1005.0016216303017,857.9582949927191,NO
1006.0002436497371,857.9942220204648,NO
1006.9991998414615,858.0263518884847,NO
1007.998948703116,858.0491105829212,NO
1008.998327394574,858.0680192885079,NO
1009.9970576193022,858.0921629525515,NO
1010.9950852956656,858.1246782945323,NO
1011.993900385003,858.1619786729706,NO
1012.9939864540233,858.1967881038219,NO
1013.9924504542126,858.2296523131444,NO
1014.989090258385,858.2687241791816,NO
1015.9889675653011,858.3105797476736,NO
1016.9925563003466,858.3438989277059,NO
1017.9943772212638,858.369496891923,NO
1018.9974541906925,858.3886602193894,NO
1019.9968939909339,858.4042248749447,NO
1020.9879441294827,858.4354580356543,NO
1021.9814616943164,858.4863578841337,NO
1023.0087065038028,858.5334338232241,NO
1024.0061099860884,858.562430982148,NO
1025.0052237562015,858.5873232646882,NO
1026.0079901521967,858.6148746646951,NO
1027.0137294292015,858.6539479739803,NO
1028.013515167029,858.699362599727,NO
1029.007090367333,858.7345051281519,NO
1030.003608244692,858.7558421084858,NO
1031.002043800332,858.7690505504236,NO
1032.0042506714412,858.7836408221541,NO
1033.009064811303,858.8158030401491,NO
1034.0077417058455,858.862686585224,NO
1035.0033429399957,858.9010883039239,NO
1036.0016868852324,858.9231700433453,NO
1037.0015513054304,858.9427166094091,NO
1038.0009654026778,858.9680773518326,NO
1039.0000808943798,858.997502385999,NO
1039.9992573846725,859.0260976238804,NO
1040.9985346071446,859.0532426069808,NO
1041.9982171374168,859.0794184197189,NO
1042.9972267571616,859.1043165984995,NO
1043.99610263255,859.130763395323,NO
1044.9957783219313,859.1571763147297,NO
1045.9946570778257,859.1839491760007,NO
1046.9916109556204,859.2174349701536,NO
1047.9885668661004,859.2591510350566,NO
1048.989107097921,859.3024382075732,NO
1049.9905608696286,859.339808685774,NO
1050.9912217276756,859.3702834811148,NO
1051.9891864575752,859.3983709232106,NO
1052.9838457538856,859.4342641380262,NO
1053.973230026203,859.4922397284867,NO
1055.0153471485341,859.5633038391346,NO
1056.0077712945115,859.604482011498,NO
1057.0067822439146,859.6292373391212,NO
1058.008607161597,859.655369259544,NO
1059.0089890463105,859.6853833697535,NO
1060.0083715083913,859.7153687051485,NO
1061.0065585023447,859.7427049088317,NO
1062.0023517592658,859.760120557126,NO
1063.0004588585332,859.7659821358568,NO
1064.0017998386463,859.7705205592487,NO
1065.0046389159527,859.784922983273,NO
1066.0048763639059,859.8086964935259,NO
1067.0036152214539,859.8323851837299,NO
1068.0031516489244,859.8538780923518,NO
1069.0025751118462,859.8750457660275,NO
1070.0029224726588,859.8977134538885,NO
1071.0030931912197,859.929137800955,NO
1072.0014917167273,859.9784457740478,NO
1072.9970834854598,860.0403793502204,NO
1073.9960425263025,860.0939176064692,NO
1074.9968677441327,860.1263343193494,NO
1075.9954081915928,860.1524797021204,NO
1076.9913750437877,860.1911530943022,NO
1077.989180784761,860.2416291448448,NO
1078.9910201974944,860.286424749924,NO
1079.9927050963936,860.3185441366062,NO
1080.9920591631512,860.3444810669704,NO
1081.9896139640596,860.3751436117618,NO
1082.9903376539557,860.411799994391,NO
1083.9940276910575,860.4419508782216,NO
1084.984031080099,860.4818208932085,NO
1086.0182675166532,860.5541738541499,NO
1087.0094604417081,860.6104766115304,NO
1088.0018922272563,860.6340432526641,NO
1089.0029117398126,860.6454956711261,NO
1090.0064524888087,860.6648102032143,NO
1091.0094306494282,860.6942644216101,NO
1092.0088704017476,860.7266303523473,NO
1093.0062564642456,860.7545540957557,NO
1094.0043918190083,860.7760172364137,NO
1095.0050065323614,860.7959337453253,NO
1096.0066171360934,860.8230786762488,NO
1097.0069155481908,860.8603059296698,NO
1098.0051280470816,860.9031476379482,NO
1099.0025330361298,860.9442169159704,NO
1100.000660178345,860.9740417865578,NO
1101.0000806076612,860.9965689174716,NO
1101.9988206294834,861.0280460059661,NO
1102.9973908245177,861.0664653114006,NO
1103.9983313684156,861.0945230703156,NO
1104.9983955475507,861.1102488056835,NO
1105.9974718154572,861.127872918261,NO
1106.9965400215065,861.1506663305062,NO
1107.9949910084233,861.1767988509494,NO
1108.9952908072903,861.2029233941172,NO
1109.995970642594,861.223984865181,NO
1110.994834960961,861.2437898397278,NO
1111.9925836165253,861.2687012771202,NO
1112.990734713987,861.2993645843907,NO
1113.9907570711393,861.3313234418579,NO
1114.9914634694744,861.3600863726818,NO
1115.9942053921116,861.3824441177912,NO
1116.9929551633647,861.4041975311302,NO
1117.9834083561789,861.4430944995906,NO
1118.9788090994155,861.4996591170238,NO
1120.0059416636395,861.5424919027429,NO
1121.001891858158,861.5582511085963,NO
1122.0018490708198,861.566392879924,NO
1123.0040024337816,861.57885503527,NO
1124.0082094220659,861.6034849137798,NO
1125.0099349114387,861.636087862751,NO
1126.008612001318,861.6661193151457,NO
1127.0066981924592,861.6900563613384,NO
1128.0062205337063,861.711593431392,NO
1129.0109917870816,861.7451903922828,NO
1130.0134218163485,861.7990675204773,NO
1131.0081117167513,861.8534096950599,NO
1132.0035753634158,861.8911139353269,NO
1133.0023776166227,861.9180952098095,NO
1134.0016312662358,861.9441431954672,NO
1135.0008867151632,861.9698211093846,NO
1136.0001581461702,861.9946502969744,NO
1136.9992869287614,862.0217041057783,NO
1137.9982867057738,862.0517200708149,NO
1138.9971188209854,862.0837288072256,NO
1139.994523624739,862.1211170489428,NO
1140.9932647501694,862.162509492345,NO
1141.9942186649655,862.1997772494293,NO
1142.9929893781805,862.2318512784345,NO
1143.9897875211825,862.2675669404293,NO
1144.9886841878101,862.3110133881609,NO
1145.9884952737034,862.3558530814499,NO
1146.9888320362577,862.3962393375966,NO
1147.989137035812,862.4335310421392,NO
1148.9846053938145,862.4772327686264,NO
1150.0136139229392,862.5371266338709,NO
1151.0107595579543,862.5884469049898,NO
1152.00364715166,862.6186700228263,NO
1153.0,862.6298282579512,NO
1154.0055560731944,862.6447817130218,NO
1155.011423572769,862.6798135514208,NO
1156.0081546608958,862.7168364355502,NO
1157.0038316185546,862.7397053778438,NO
1158.004294331516,862.7566545589231,NO
1159.008373872944,862.7864662415186,NO
1160.0088783670951,862.8322975086178,NO
1161.005003034342,862.8756562878294,NO
1162.0029074892964,862.9076872170781,NO
1163.0023775859056,862.9368062685928,NO
1164.0013261984075,862.9691273349209,NO
1164.9997972908873,863.0046717377575,NO
1165.9986424475296,863.0380502591452,NO
1166.9981264476949,863.0650390265793,NO
1167.9968452363855,863.092061733745,NO
1168.9961487166556,863.1224708099866,NO
1169.9956883527798,863.151227033271,NO
1170.994877470845,863.1785296200662,NO
1171.9935175282712,863.2090038367353,NO
1172.9878000221897,863.2513195385781,NO
1173.9828962295512,863.3075325006596,NO
1174.9847823321543,863.3636221642436,NO
1175.9873568905293,863.4072887316985,NO
1176.9902484386732,863.4388202858713,NO
1177.990675573887,863.4651852734191,NO
1178.988865285995,863.4966082520282,NO
1180.0077065609871,863.5319548469101,NO
1181.0070258666142,863.5639279110349,NO
1182.0051773613611,863.5909884570387,NO
1183.0059975609577,863.6141569135201,NO
1184.0073716567467,863.6380516508361,NO
1185.0070687390387,863.6644031861673,NO
1186.0078773799737,863.6939940746717,NO
1187.007059584104,863.7235901299712,NO
1188.0054196717338,863.7487243054234,NO
1189.0066067956939,863.7753689388757,NO
1190.0070993171678,863.8094393773948,NO
1191.0069518096968,863.8464556854631,NO
1192.0043348592558,863.878623933601,NO
1193.002142446608,863.9024212928824,NO
1194.002597555484,863.9261552096003,NO
1195.002048846656,863.9658641319369,NO
1195.998965827378,864.0172956455787,NO
1196.9973394359665,864.0638535349002,NO
1197.9973367719915,864.0977199779182,NO
1198.9978377463408,864.1209590069683,NO
1199.9973536072878,864.1393766845742,NO
1200.996446288019,864.1595785922619,NO
1201.994429064786,864.1862284005726,NO
1202.9918974609398,864.2211516427141,NO
1203.9942411432855,864.2531154566901,NO
1204.9970652741904,864.2705817294772,NO
1205.9899985680136,864.2958488087737,NO
1206.9766824832575,864.3560861510523,NO
1207.9694649128883,864.446830124976,NO
1209.0136593507677,864.5345313587468,NO
1210.0051669019415,864.5730260330122,NO
1211.0035273829003,864.5934691242398,NO
1212.0061587496114,864.6152834203479,NO
1213.0074462679122,864.6433237590976,NO
1214.0064112946109,864.6689747478882,NO
1215.007664066314,864.6931307935902,NO
1216.006928315558,864.7187103879194,NO
1217.0056070021628,864.7400389853514,NO
1218.006983227011,864.7625702736656,NO
1219.0065778326134,864.7903315773386,NO
1220.00400281101,864.8144151221343,NO
1221.0026504534112,864.8310336059735,NO
1222.0045153102994,864.8515773811505,NO
1223.0045364220357,864.8819367162316,NO
1224.002837857397,864.9132303599578,NO
1225.0015539650087,864.9399930439884,NO
1226.0008163174255,864.9628946617463,NO
1227.000339223275,864.9838949705676,NO
1227.999624964679,865.0106402883104,NO
1228.9975652771557,865.0499118163561,NO
1229.9965323385134,865.0911901250753,NO
1230.9973879575284,865.1200295696539,NO
1231.9976853173875,865.1388809629631,NO
1232.9970601160362,865.1561405018524,NO
1233.9963207510466,865.1751322491401,NO
1234.995651406077,865.1961008726822,NO
1235.9958611326888,865.2166007129329,NO
1236.9930615887874,865.2407885563421,NO
1237.9860847491775,865.2807250506004,NO
1238.9819679250763,865.3367213989566,NO
1239.9829961329974,865.3937049160827,NO
1240.9887711096078,865.4369503102712,NO
1241.9921565885024,865.4648528804455,NO
1242.9899679054067,865.4915726387347,NO
1244.0100081118658,865.5285652403943,NO
1245.009402741066,865.5684141738985,NO
1246.0063766392796,865.6008223940408,NO
1247.0019971739814,865.6193386224664,NO
1248.0026635652325,865.633569510621,NO
1249.007680060805,865.6585863936424,NO
1250.0112558992528,865.6960907179076,NO
1251.0086747767289,865.7331848905585,NO
1252.004238974643,865.7597914482351,NO
1253.0046947517096,865.782334234495,NO
1254.005620993744,865.8088862062898,NO
1255.0056977931083,865.838879079464,NO
1256.0045205109454,865.869163506693,NO
1257.0018231331364,865.8917916835468,NO
1258.002148759656,865.9099311594094,NO
1259.002891916345,865.9421616722352,NO
1260.0006904622671,865.9863012287519,NO
1260.9992342819198,866.0243300744063,NO
1261.9983516563818,866.0537360021557,NO
1262.996326990682,866.086808437484,NO
1263.994024576435,866.1273429124484,NO
1264.9926531132785,866.1700535400705,NO
1265.9924214952578,866.209523354179,NO
1266.9907111474374,866.2470834754012,NO
1267.9874322384692,866.2890585184442,NO
1268.982359933117,866.3404157586762,NO
1269.9793317220226,866.4007848615846,NO
1270.9854273740323,866.4569559213263,NO
1271.9873543424847,866.4989286653528,NO
1273.0103739872322,866.538357560422,NO
1274.0079419907684,866.5734684036256,NO
1275.0067638687922,866.6051591575085,NO
1276.0061602495098,866.6334651357305,NO
1277.0052999150314,866.6576254862343,NO
1278.0061136495435,866.6817684634069,NO
1279.0047015619405,866.7038015894731,NO
1280.0064391313756,866.7268735066664,NO
1281.010181679165,866.7639701665709,NO
1282.0083131029455,866.8072871604278,NO
1283.004969941581,866.841583105975,NO
1284.0038259822202,866.8699166001514,NO
1285.0036964741946,866.9009733965926,NO
1286.0032032926465,866.9366250493771,NO
1287.0012747261947,866.9746584443194,NO
1287.9995983816218,867.0101022468136,NO
1288.9989693656576,867.0385298674582,NO
1289.998071011842,867.0640557082611,NO
1290.9954143332584,867.0992171544148,NO
1291.992330528007,867.1469721274111,NO
1292.989852135498,867.1997186090872,NO
1293.988648782468,867.2527722323791,NO
1294.9871961504182,867.304596850572,NO
1295.985336090163,867.3547080900538,NO
1296.9801492532417,867.4085560673198,NO
1297.9789426632967,867.4713603843434,NO
1299.0110562742832,867.5340570029229,NO
1300.0074893317942,867.574980418298,NO
1301.0075918595858,867.6085974561753,NO
1302.0082607359896,867.6432864132593,NO
1303.0073197080756,867.675936571411,NO
1304.007937690894,867.7068934080122,NO
1305.004756398695,867.7320562041843,NO
1306.0034459866004,867.7489352627074,NO
1307.0075294281758,867.774117139575,NO
1308.008043603594,867.8135346453478,NO
1309.0062141529218,867.8559446378872,NO
1310.0041468535985,867.894462581228,NO
1311.003122562417,867.9328316883253,NO
1312.0013162853297,867.9760914723388,NO
1312.9984569250103,868.0248662737775,NO
1313.9945450862222,868.0809844926509,NO
1314.9921276119228,868.1382041472745,NO
1315.9913535854487,868.1876070865699,NO
1316.989876071776,868.2328503517542,NO
1317.98671961749,868.2807411103346,NO
1318.9848514359308,868.3321599730817,NO
1319.9867517429159,868.379925848332,NO
1320.988117023339,868.4187560971268,NO
1321.9875926216475,868.452869312399,NO
1322.9830492926044,868.4915704906549,NO
1324.014319205025,868.5438310367618,NO
1325.0115124567942,868.5926361628864,NO
1326.0100167990067,868.6347720894819,NO
1327.00876402977,868.6716859736947,NO
1328.0085280198277,868.7068125662563,NO
1329.0067008835433,868.7386655388854,NO
1330.0050781334562,868.7645592622407,NO
1331.0072396850687,868.7948755767183,NO
1332.0079840196397,868.8371260042106,NO
1333.006887716286,868.8888125791846,NO
1334.0039957277404,868.949168271461,NO
1334.9981313039489,869.0203895494841,NO
1335.9898861960428,869.1036393029572,NO
1336.9817823633794,869.195733671457,NO
1337.9748492776143,869.2929895828756,NO
1338.9676782892566,869.3965100034403,NO
1340.0306099844279,869.5299181281248,NO
1341.024092994176,869.6378151603966,NO
1342.0161967987947,869.7158198107729,NO
1343.0094499140218,869.7697447814618,NO
1344.0059898884622,869.8098210459344,NO
1345.0042890152351,869.8437573039772,NO
1346.0034676722482,869.8736776552943,NO
1347.0040301875551,869.908738641653,NO
1348.0028004057012,869.9589679711046,NO
1348.9984092354905,870.0205146646487,NO
1349.993943424052,870.0840998863569,NO
1350.988830846046,870.1496037440114,NO
1351.9820819017873,870.224702635231,NO
1352.9779776354005,870.3066190835699,NO
1353.9783923166578,870.3884973239238,NO
1354.9760860384354,870.4743862615048,NO
1356.0225799786356,870.5709804219296,NO
1357.0176405688196,870.6444445467638,NO
1358.0094269745568,870.6960613275826,NO
1359.01087596478,870.7384330353842,NO
1360.013826466921,870.7954921109553,NO
1361.0086680242437,870.8560539641626,NO
1362.0031861053,870.8984428896366,NO
1363.0009540338992,870.9189071163736,NO
1364.0002914371285,870.9256835300841,NO
1364.9990760647086,870.9214654981027,NO
1365.9959547911305,870.8968471746006,NO
1366.9883363303618,870.8424627036416,NO
1367.9575490222037,870.7315186622712,NO
1370.0274372486276,870.1086057813118,NO
1370.9840160761782,869.9300703350167,NO
1371.9219305891636,869.7212702640237,NO
1373.9575982082933,868.8972785954255,NO
1374.6657151142192,868.4330180528881,NO
1375.8194832991371,867.7925130638333,NO
1376.8215341273394,866.8332020299043,NO
1377.7775636744313,865.8041629210069,NO
1378.7396680698273,864.7514630263059,NO
1379.737478072241,863.7348440720732,NO
1380.7621091997003,862.7526093989508,NO
1381.7928752984824,861.7793818325855,NO
1382.8336246598528,860.8119117334678,NO
1383.872781819254,859.8577217228427,NO
1384.907930612297,858.8926564216749,NO
1385.9488033412397,857.9376188409504,NO
1386.9852097889734,856.9823141151652,NO
1388.0194925138403,856.023466998505,NO
1388.6765459846026,855.6160165855624,NO
1389.7609053736621,854.7359563728672,NO
1390.8010092016784,853.7839058599009,NO
1391.833076131236,852.815845281605,NO
1392.848738673518,851.8464398729911,NO
1393.85363765013,850.8562319657449,NO
1394.8691485446839,849.8588390415067,NO
1395.8916489161463,848.8794635333994,NO
1396.9184002785028,847.9116901725611,NO
1397.9396888539459,846.9348292504375,NO
1398.9534710190171,845.9503030906418,NO
1399.9675815509227,844.9657577277115,NO
1400.9812695677942,843.980325176064,NO
1401.990054659757,842.9894688190803,NO
1403.0001984615874,842.000207885739,NO
1403.4792436578666,841.4666953170905,NO
1404.59695943922,840.5579051179981,NO
1405.6734341923802,839.6384234340277,NO
1406.7229372963027,838.703494292338,NO
1407.748298667774,837.7416200291676,NO
1408.7544000309256,836.7504000343525,NO
1409.739631966466,835.7480039238897,NO
1410.7287748979138,834.7323554246157,NO
1411.7203146890909,833.7212500929642,NO
1412.7370388218012,832.731744293771,NO
1413.7682540945266,831.7622052593358,NO
1414.7876544744656,830.7787496572696,NO
1415.7845006660934,829.7885666902429,NO
1416.7886156304312,828.7919082210864,NO
1417.7924739834348,827.7885645471003,NO
1418.8029604494232,826.78824646132,NO
1419.8133047450783,825.8080042423358,NO
1420.8393064990123,824.8240023547083,NO
1421.8669708946413,823.8529243375639,NO
1422.892965377261,822.8842607574122,NO
1423.902626598442,821.9023463860557,NO
1424.8810810450138,820.8903949823836,NO
1425.8349071109596,819.8625737754459,NO
1426.785397171875,818.8145484272475,NO
1427.744896805769,817.7624078008386,NO
1428.7074062769461,816.7208148281735,NO
1429.6928605135001,815.7040848858595,NO
1433.0076630149465,814.9923369850534,NO
1434.0689703689618,815.7758463131057,NO
1433.0076630149465,814.9923369850534,NO
1433.5073820947175,811.5258668206475,NO
1434.0074591571217,811.0070345740853,NO
1434.9919284976845,809.9923304860782,NO
1435.9781916877696,808.9796838358507,NO
1436.9660454821471,807.9680321834435,NO
1437.948079233652,806.9518476796724,NO
1438.9197971408198,805.9302491129615,NO
1439.8840028475465,804.901222405711,NO
1440.8368002332538,803.8584374490234,NO
1441.7596824212771,802.7962680829079,NO
1442.6501450450417,801.7067558878949,NO
1443.5173438639895,800.5706855578411,NO
1444.0061195576457,800.0055168739752,NO
1444.9764991400284,798.9793025406944,NO
1445.9334767015846,797.9466462889675,NO
1446.871602184034,796.8965969597139,NO
1447.7961181088301,795.8298029457764,NO
1448.6772150440552,794.7457447843163,NO
1449.5048771552138,793.5862435081353,NO
1450.0026597865342,793.0022170393877,NO
1450.952732838399,791.9608494205957,NO
1451.8977468176918,790.9138132291991,NO
1452.8435689900964,789.8681416009807,NO
1453.7789905954987,788.8100442348639,NO
1454.6810609849367,787.726184193185,NO
1455.5228648888472,786.6010019902793,NO
1456.0032546649707,786.0026213681301,NO
1456.9348485615417,784.9519768285382,NO
1457.8121435579353,783.8681007910485,NO
1458.6322319635094,782.7295490508835,NO
1459.0314815414717,782.0247520717195,NO
1459.981535621553,780.9850134225028,NO
1460.9244835411894,779.9384969062958,NO
1461.8563157509652,778.8821154021169,NO
1462.78271795142,777.8195235197868,NO
1463.6917613502735,776.7352308987823,NO
1464.531328656731,775.5987515294049,NO
1465.005815014657,775.004935062604,NO
1465.9555910725417,773.9659623515597,NO
1466.870173763739,772.9023734084026,NO
1467.7301323194285,771.8029848496553,NO
1468.467474140255,770.6130312132937,NO
1468.9869532567957,769.9901991851484,NO
1469.914776580924,768.9361634439413,NO
1470.7948557655532,767.8517612395108,NO
1471.6007778288258,766.7023287809275,NO
1472.0199214434235,766.0152569096069,NO
1472.947391754994,764.9609639075078,NO
1473.8275681628804,763.8780808229549,NO
1474.6271788762604,762.7330487017327,NO
1475.0257263143756,762.0196840571837,NO
1475.9520781881226,760.964973511377,NO
1476.8671721038447,759.8951736518268,NO
1477.7672080811906,758.8185642100257,NO
1478.5997119933666,757.698830938295,NO
1479.0196183172875,757.0151368548154,NO
1479.9485450099532,755.9610764832175,NO
1480.8221704200346,754.8799708632476,NO
1481.584303919723,753.7224506739616,NO
1482.0108800626792,753.007636476024,NO
1482.8975550675455,751.9344253423486,NO
1483.6883823699307,750.797845795318,NO
1484.6309044271627,749.4798428110772,NO
1485.86741382798,747.9034634012166,NO
1486.7207826058477,746.7950772889742,NO
1487.496734876689,745.5975617221981,NO
1487.9922818497057,744.9939613496385,NO
1488.914610227646,743.9397000608536,NO
1489.7723012466085,742.8473735867545,NO
1490.4875114399729,741.6356197934654,NO
1490.9815757030347,740.9867204349387,NO
1491.8665512044063,739.9141401758113,NO
1492.636434282625,738.7699890458896,NO
1493.9182870023071,736.9410245303762,NO
1494.7685635299626,735.8453941443964,NO
1495.5023853580733,734.651429346783,NO
1495.9889443088944,733.9918641793328,NO
1496.8820655294357,732.919105253967,NO
1497.6771494045176,731.7936324427653,NO
1498.901013979381,729.938295959152,NO
1499.7020987234066,728.8085219583932,NO
1500.6363189011088,727.4803472881517,NO
1501.86317907228,725.9014605736022,NO
1502.703584391579,724.7931488175427,NO
1503.6490549402827,723.4983814545827,NO
1504.857617259876,721.9018175007046,NO
1505.6484944761062,720.7687463625596,NO
1506.871913363809,718.9216048032346,NO
1507.623819073924,717.7611113726292,NO
1508.0179389901814,717.0124258258298,NO
1508.93016184249,715.950164030701,NO
1509.8049999342356,714.8633956718329,NO
1510.5676277882123,713.6870448673998,NO
1511.0034101928388,713.0025330519038,NO
1511.9263086849544,711.945995825894,NO
1512.8151298480086,710.8664004986362,NO
1513.5878571052365,709.7028436927586,NO
1513.9981889383782,708.998796847226,NO
1514.872505067503,707.9196460523815,NO
1515.6528213329514,706.7763512032797,NO
1516.8925493122726,704.9257131100679,NO
1517.7668674253364,703.8317165509386,NO
1518.4979505030185,702.6488086793506,NO
1518.9874165360352,701.9908796008731,NO
1519.8870815302653,700.9196621934535,NO
1520.7221028637798,699.8082664967155,NO
1521.6586714298596,698.4420613521673,NO
1522.7667028813783,696.850982990307,NO
1523.0686534829044,696.043485852273,NO
1523.9456693324971,694.9644083837545,NO
1524.8172833565627,693.8778009787941,NO
1525.5979308606845,692.7163315751516,NO
1526.0052923504359,692.0037127299672,NO
1526.899150030757,690.9301435385448,NO
1527.7284724032645,689.821046910414,NO
1528.6745933392724,688.463854493956,NO
1529.7787511010977,686.8553592464009,NO
1530.0739387053238,686.0466043067406,NO
1530.9473640434253,684.9671099603104,NO
1531.7993734456675,683.8726937835705,NO
1532.3880529118226,682.6111174854008,NO
1532.9389056935668,681.9627880125404,NO
1533.7888965079633,680.85727450867,NO
1534.5306818169229,679.6720602624465,NO
1534.987650967042,678.9917907792789,NO
1535.8739042295165,677.9122545218241,NO
1536.7121685668403,676.7872191653544,NO
1537.6540119093736,675.4327541308492,NO
1538.7536694638113,673.843767020372,NO
1539.6906221846423,672.4753940079371,NO
1540.8055458793938,670.8701193219554,NO
1541.5642442657847,669.695641377537,NO
1541.9953513828045,668.9968329279947,NO
1542.8823781477251,667.9194775104546,NO
1543.6852122187584,666.7886921859257,NO
1544.891913529654,664.9327709585156,NO
1545.6683629197214,663.7871310303852,NO
1546.8471175087707,661.911545287637,NO
1547.5198408482302,660.7169367464758,NO
1547.977734819661,659.9865725346295,NO
1548.8095485447056,658.8849020797595,NO
1549.4093996519464,657.6106975170604,NO
1549.9563724920984,656.9717183580971,NO
1550.8260367372343,655.887927512699,NO
1551.5092541713561,654.6965506375309,NO
1551.9750964176444,653.9841472171656,NO
1552.8442826436471,652.8938203470177,NO
1553.5524017396983,651.7150445391964,NO
1553.9835352545006,650.9900995119465,NO
1554.8013859893622,649.8887761583846,NO
1555.0871648093455,649.0488506079262,NO
1555.9228458914986,647.9533627112093,NO
1556.7043409083476,646.8180859156405,NO
1557.902750671522,644.9394992653473,NO
1558.6709258382498,643.797354877063,NO
1559.8009193615678,641.8980205334755,NO
1560.6257972604114,640.3074726411976,NO
1561.130827401649,639.0646290231894,NO
1561.8947915089682,637.9495044835497,NO
1562.3988929459756,636.713717359625,NO
1562.9032369954264,635.9548301185494,NO
1563.865567787043,633.9436435185518,NO
1564.691349146719,632.3146139452831,NO
1565.121987027411,631.0611952559141,NO
1565.8810430984886,629.9430052652195,NO
1566.7410692950687,628.3090462210049,NO
1566.8492702936187,627.9371149180828,NO
1567.735865300552,625.9144596582126,NO
1567.9911162698975,624.996805539592,NO
1568.8009442914067,622.9412311721021,NO
1569.0348352810156,622.0129721336658,NO
1569.8387008955838,619.9542930679368,NO
1570.0681995365942,619.024954508251,NO
1570.8751580651463,616.962802196721,NO
1571.6900121628235,614.9025151419539,NO
1571.961872086989,613.9863434191108,NO
1572.8220820192623,611.9390483790986,NO
1573.642473210295,609.8846821129982,NO
1573.9371692422058,608.9776254859154,NO
1574.8380213376404,606.9397369694489,NO
1575.711002935449,604.9014632466019,NO
1575.990701952164,603.9963022454282,NO
1576.8964139813322,601.963657846708,NO
1577.7561810689458,599.9201654812636,NO
1578.0183417110122,599.0072056723092,NO
1578.9342260768115,596.9750560741143,NO
1579.823724085342,594.9414914001408,NO
1580.6505067805545,592.8843197898132,NO
1580.9459440287949,591.9811197436328,NO
1581.8393973943753,589.9426543026864,NO
1582.6694923458333,587.8890522026236,NO
1582.9602253389232,586.9854605232639,NO
1583.7967072429265,584.9451770817782,NO
1584.0321380226358,584.0113780576908,NO
1584.8942505952443,581.9675466331319,NO
1585.7023067995922,579.9069281042287,NO
1585.9531861947887,578.9855620976629,NO
1586.7153097814978,576.9296868273144,NO
1586.943322985156,575.9845426324745,NO
1587.682017654274,573.9186223277593,NO
1587.9087843191655,572.9785922383425,NO
1588.6372868799522,570.8913571525783,NO
1588.888138966481,569.972523342897,NO
1589.0874799594474,569.0268098714145,NO
1589.867355478183,566.9656717063024,NO
1590.0786722363032,566.0246831043477,NO
1590.9146039041611,563.9731408300356,NO
1591.686491849082,561.9115011285492,NO
1591.9085961167693,560.9785757528902,NO
1592.1000519966053,560.0298662676433,NO
1592.8624521095887,557.9678865478646,NO
1593.0504165279008,557.012356480713,NO
1593.7876172116642,554.9455954054245,NO
1593.9904102172595,553.9976441003442,NO
1594.7033819959615,551.9219780315957,NO
1594.9318446264404,550.9822050462666,NO
1595.6050905671154,548.8974078669794,NO
1595.8566148133787,547.9683665659023,NO
1596.051110837912,547.0139586196206,NO
1596.788469968598,544.9547517436813,NO
1596.9741916911787,543.9943894981508,NO
1597.7203119555675,541.9215354799248,NO
1597.9368266647562,540.9856101599589,NO
1598.6722575260032,538.8946128465883,NO
1598.9091476713377,537.9783150822768,NO
1599.0980162719209,537.0256955980129,NO
1599.8566072951553,534.9631707161984,NO
1600.057139926101,534.0157565885742,NO
1600.8236502617733,531.9553993786814,NO
1601.0286873353207,531.007786139677,NO
1601.8128177625729,528.9499771588955,NO
1602.0026642723014,528.0006114723014,NO
1602.724412006865,525.9260768433651,NO
1602.9361933179805,524.9862530314007,NO
1603.1234832615237,524.0321108688014,NO
1603.8508851449144,521.9663791125051,NO
1604.040760192226,521.0099078620142,NO
1604.801622937413,518.9448351636131,NO
1605.0068081180823,518.0017886333427,NO
1605.7889648090722,515.9406318551886,NO
1606.0017320217405,515.0004557952005,NO
1606.7769862215234,512.9374383775172,NO
1606.980420146178,511.9955154526097,NO
1607.765971074111,509.92428476444564,NO
1607.9801169360358,508.9952988865594,NO
1608.6852135842653,506.8992981876675,NO
1608.9336916007842,505.98212916180506,NO
1609.6307311859534,503.88579773048104,NO
1609.8898604091717,502.9730974274807,NO
1610.0787020421876,502.01916578258835,NO
1610.8552046277148,499.95759788226746,NO
1611.0665179336697,499.0191352965241,NO
1611.8369012611888,496.95746778613056,NO
1612.0270130997146,496.0063576567386,NO
1612.771702388215,493.93252537141325,NO
1612.9775241459522,492.99504846679565,NO
1613.6698164557624,490.89331333823475,NO
1613.9020679240546,489.97791233229543,NO
1614.0783274528292,489.0168247044195,NO
1614.841338291244,486.9509401326553,NO
1615.0581125069898,486.01753183205614,NO
1615.874265720476,483.9652506499496,NO
1616.0737483356963,483.0184370839241,NO
1616.8474444335006,480.9572320071985,NO
1617.0389370591236,480.00818271210454,NO
1617.7630868800115,477.92389737645004,NO
1617.9738958592795,476.9938405958122,NO
1618.6435711508175,474.8837825913731,NO
1618.9080421479932,473.97588148365463,NO
1619.1016574743087,473.02389474550216,NO
1619.8381029454517,470.9536433606428,NO
1620.0406820945711,470.0100871582751,NO
1620.8069515650732,467.9356505237125,NO
1621.026754508953,467.00764017676613,NO
1621.8203933845316,464.94434168787046,NO
1622.0271912689918,464.0065403770929,NO
1622.7703544190053,461.92860625728383,NO
1622.9904514863008,460.9975614563781,NO
1623.6856155887583,458.906534362112,NO
1623.9154941459458,457.98019946487744,NO
1624.077995210841,457.01415235730116,NO
1624.2217418958794,456.02940997924287,NO
1624.3824841409275,455.0491955285548,NO
1624.6100477479254,453.9545285365766,NO
1624.7048586635315,452.9863883071127,NO
1624.7329186055913,451.99822340532614,NO
1624.7350156247155,451.0008803467468,NO
1624.7319624714867,450.0008924668142,NO
1624.7353184854119,448.997652491974,NO
1624.7528791351576,447.9945568092235,NO
1624.7712591790685,446.9974973650578,NO
1624.7773278757168,446.00024335751124,NO
1624.788368712874,444.9958503668109,NO
1624.8220010780024,443.9923605614956,NO
1624.8651263728227,442.99418525859636,NO
1624.905561170603,441.99591089616723,NO
1624.9487429256549,440.9971064555422,NO
1624.9939623251626,439.999695428864,NO
1625.0243396432352,439.0004060587938,NO
1625.0399705653424,438.0006269893009,NO
1625.071178858525,437.00348915983574,NO
1625.1164028782555,436.0050213006681,NO
1625.148545956817,435.0027751950777,NO
1625.1730731092803,434.00551627411926,NO
1625.215631489076,433.0121638278942,NO
1625.2808692089286,432.01715921259967,NO
1625.349928494149,431.0144987164403,NO
1625.4055086610722,430.0136265950391,NO
1625.4850721020819,429.0310868467621,NO
1625.6188482253187,427.96615942059515,NO
1625.705544408028,426.9837335693682,NO
1625.7457678596388,425.9952137915102,NO
1625.7606928917237,424.99816119666565,NO
1625.7672195987373,423.99949063372145,NO
1625.7684937069241,423.0002535665856,NO
1625.7668350376719,422.0007678319497,NO
1625.7631182124974,421.00156529824716,NO
1625.7577258104254,420.0013385314902,NO
1625.7515613815067,419.00137562906275,NO
1625.744732148839,418.0014165807395,NO
1625.7350501182218,417.002950444192,NO
1625.7184104742805,416.0050509332556,NO
1625.692653361355,415.0080056315077,NO
1625.6663476570786,414.00571975465607,NO
1625.6557051387545,413.0,NO
1625.6310376411943,412.0145193522864,NO
1625.553436145829,411.0361504062569,NO
1625.4559564230542,409.98438874029256,NO
1625.429347826087,409.0,NO
1625.4255199424722,407.99802542946725,NO
1625.3938277588036,406.9869771892823,NO
1625.3300662244626,405.98331533412517,NO
1625.2690604020029,404.9891920767161,NO
1625.2270403134585,403.99347317357274,NO
1625.1967044896269,402.99467299788256,NO
1625.163108224707,401.99388746274315,NO
1625.1150445174549,400.9934582531159,NO
1625.0581911225975,399.9965769927756,NO
1625.0097396198357,398.99961805412124,NO
1624.974197046478,398.000966974627,NO
1624.9323603142375,397.00429133938786,NO
1624.8714773666818,396.0100303827468,NO
1624.796780870276,395.0155647882393,NO
1624.7183412057327,394.0198262601796,NO
1624.635595752187,393.02654042605207,NO
1624.537167334376,392.03278166382364,NO
1624.4137542797255,390.9729950590404,NO
1624.3122998045408,389.9756604980884,NO
1624.229043221054,388.98318296964214,NO
1624.1729882519382,387.9919260696437,NO
1624.1311798152085,386.99459847855405,NO
1624.0774669228626,385.99505853807904,NO
1624.003179402894,384.99969659774536,NO
1623.911593292874,384.00972201218974,NO
1623.8048376523238,383.02168470611014,NO
1623.6727745383846,382.04460461645306,NO
1623.427221405582,380.9389683697124,NO
1623.248569769097,379.96727956143957,NO
1623.1281692757343,378.9860713342506,NO
1623.0249385169068,377.9971688750918,NO
1622.9077693771328,377.01436378473045,NO
1622.7531877693864,376.0453217152445,NO
1622.5279027680263,375.0916525705008,NO
1622.2534223242583,373.9643371564151,NO
1622.1203187014175,372.98524506404397,NO
1621.998017393243,372.0002922567828,NO
1621.8494788375597,371.030359894376,NO
1621.6264221103825,370.0922746364346,NO
1621.0910258612753,367.9872308415044,NO
1620.9570948646233,367.0075765879795,NO
1620.7873238836814,366.04700281837654,NO
1620.4107908345684,364.9113788559839,NO
1620.192033468219,363.9676257722076,NO
1620.054686766682,362.99260695788365,NO
1619.929727701661,362.01066887084943,NO
1619.7735285729054,361.0459865560966,NO
1619.4066233269584,359.9065344514598,NO
1619.1953598857144,358.9687261727788,NO
1619.0640978854299,357.99245534281147,NO
1618.936311333357,357.01047553283144,NO
1618.7683248404933,356.0512285020289,NO
1618.3918999451485,354.9171517932952,NO
1618.1882936114162,353.9705605993887,NO
1618.0608419537452,352.9923796358876,NO
1617.9443980757255,352.0081191126214,NO
1617.7958502308068,351.0391489805404,NO
1617.5614475858702,350.10103903251246,NO
1617.2299235625887,348.9622144962558,NO
1617.0916982659032,347.9882390998831,NO
1616.9708057801886,347.0043542930168,NO
1616.8276339293093,346.03138934640157,NO
1616.6196160682446,345.0798670884823,NO
1616.2710346632364,343.9483032039356,NO
1616.1198636502538,342.98388082325306,NO
1616.0071987120868,341.99917321718556,NO
1615.8732923597925,341.0238152479289,NO
1615.6567198132489,340.08854930810173,NO
1615.110083052681,337.9863791763744,NO
1614.9929167347889,337.0010199901793,NO
1614.8565770874898,336.02596709623253,NO
1614.6669638648336,335.06118571050166,NO
1614.330043540463,333.93992294770425,NO
1614.1513594759879,332.97595223317114,NO
1614.0241708643557,331.99705350206244,NO
1613.9077826186526,331.0125371057981,NO
1613.7596004739146,330.046402087282,NO
1613.4023219172575,328.9081917731538,NO
1613.1884532495048,327.9677959648462,NO
1613.0531954156284,326.9932181143836,NO
1612.9328660824203,326.0095134495375,NO
1612.7830314435562,325.04170669972905,NO
1612.4269322605285,323.8994843978915,NO
1612.2057012897499,322.9650197791771,NO
1612.0683639186004,321.99144595616553,NO
1611.9527798395911,321.00631487148775,NO
1611.817993516983,320.03146029405724,NO
1611.6164934920885,319.0765191099924,NO
1611.2700012152884,317.9490165299498,NO
1611.1013399321337,316.9832136308172,NO
1610.967883294703,316.0046890387838,NO
1610.8293363649395,315.0281747536352,NO
1610.629579843198,314.08212144953706,NO
1610.089241318917,311.98670873956416,NO
1609.9615923848194,311.0055196571953,NO
1609.815762070104,310.0353627426248,NO
1609.5892055260347,309.0918362623809,NO
1609.2383439062762,307.9552454687849,NO
1609.0827823870916,306.98728997698436,NO
1608.9492954429904,306.0079305815567,NO
1608.789408773217,305.04193492247987,NO
1608.1543841314858,302.9684028240048,NO
1608.0096818561165,301.9986279205976,NO
1607.8732247262606,301.02243348549035,NO
1607.6650659643374,300.091773493095,NO
1607.0375889998274,297.9941996933169,NO
1606.8993071991304,297.0169523371934,NO
1606.711569206158,296.0730865373002,NO
1606.1031567556306,293.98423553099235,NO
1605.9726170500835,293.00392743488845,NO
1605.8227666411997,292.0361168834579,NO
1605.1809590630046,289.9628701704141,NO
1605.0269948515922,288.9957490552855,NO
1604.8828589568923,288.022757461897,NO
1604.6740994122986,287.08072074825066,NO
1604.0499792063795,284.9900244136947,NO
1603.8826916122962,284.02500014796476,NO
1603.6567121633038,283.0841274496988,NO
1603.0273875288894,280.9940798677305,NO
1602.8542717728092,280.02950509999175,NO
1602.6082918005477,279.0982763717338,NO
1601.9844087809101,277.00341008364956,NO
1601.7980942313345,276.0486310681858,NO
1601.0590331556373,273.98527214016354,NO
1600.8721275268601,273.0292054409377,NO
1600.1176277139218,270.9677834917171,NO
1599.9325309443761,270.01363080419776,NO
1599.7315244480621,269.07131381822484,NO
1598.9555080698324,267.0124281712555,NO
1598.7256984166345,266.07514688244913,NO
1597.975279478784,264.0066535560685,NO
1597.759623538996,263.060690418184,NO
1597.0282875977691,260.9926294934921,NO
1596.828390680909,260.04453152989515,NO
1596.0752082183576,257.9808660290667,NO
1595.8902558775405,257.0246133930927,NO
1595.6460153270948,256.1051481085724,NO
1594.9373532674485,254.01509946934408,NO
1594.7158831039985,253.07649300911288,NO
1593.964139912008,251.00966599083264,NO
1593.7422100587457,250.06664536857588,NO
1592.9968850188493,248.00084836286936,NO
1592.7840977027527,247.05922565714624,NO
1592.0176711383072,244.99525717650442,NO
1591.8186858386139,244.05100066532165,NO
1590.9924549250381,242.00237893615687,NO
1590.7495899360488,241.0739784474465,NO
1589.9356031987872,239.02026192229053,NO
1589.6603902107,238.1036703518325,NO
1588.8930703135838,236.0322912006389,NO
1588.0326254733486,233.98903316543812,NO
1587.8007264487521,233.05509074533396,NO
1586.9816927399572,231.00570912471304,NO
1586.7444205562276,230.07257891064717,NO
1585.9296390701281,228.02228096024623,NO
1585.6570654493798,227.10975514055653,NO
1584.8630598774957,225.0409527132769,NO
1584.0233865229552,222.9917988992776,NO
1583.789445604071,222.05661026655147,NO
1583.0004060827682,219.9998694132246,NO
1582.7604427156061,219.07436368099582,NO
1581.9207631037866,217.02537222896348,NO
1581.6410016018126,216.10816247119803,NO
1580.8652089899683,214.03726493618416,NO
1580.0713316261288,211.97512037152066,NO
1579.845082015553,211.04683566769745,NO
1579.0288201672552,208.99063495551766,NO
1578.8089780798477,208.05659151937698,NO
1577.9918144805124,206.00259334825847,NO
1577.75993150873,205.06792434894368,NO
1576.9429602968269,203.0198783650474,NO
1576.650467876964,202.11814594483238,NO
1575.83074408912,200.05367523667977,NO
1574.9839954859892,198.00540049793804,NO
1574.7376311044611,197.07186258350282,NO
1573.9371002991495,195.02161169234122,NO
1573.646793769267,194.11045280906478,NO
1572.8689218316247,192.0385682687555,NO
1572.0378845792918,189.98605086701264,NO
1571.8065353057898,189.05777213389584,NO
1570.9409750643892,187.02249444550264,NO
1570.63152148636,186.1125906563076,NO
1569.8424198961625,184.05340857564264,NO
1568.9661487060234,182.0128857809754,NO
1568.6914603985745,181.10006689671457,NO
1567.8500838049292,179.05441402308472,NO
1567.1828598557888,177.92047816179337,NO
1566.9307238419633,177.02683031646663,NO
1566.037662811161,174.9844733787699,NO
1565.7862001999374,174.0795316559266,NO
1564.9107325929263,172.03122070318318,NO
1563.9817753862494,170.00813732736503,NO
1563.656851490127,169.12075958001617,NO
1562.7688069526744,167.09237284305442,NO
1561.8290855718794,165.06713831218906,NO
1560.8815136394542,163.05281615570388,NO
1560.1448480726522,161.93125312218794,NO
1559.8878621253402,161.05119075803952,NO
1559.1460822551362,159.92842295194086,NO
1558.892680359417,159.05140714797722,NO
1558.1297794804573,157.93532347841315,NO
1557.710330347582,156.680095828039,NO
1556.8478273685437,155.07398911591784,NO
1555.7826056828758,153.11228621475576,NO
1554.697636212055,151.15324261771025,NO
1553.9586343767235,150.0226642644108,NO
1553.501989533391,149.27777759647535,NO
1552.872328840088,148.07521150012,NO
1551.6910113688853,146.20856733100194,NO
1550.8724735186222,145.08450918069406,NO
1549.9872979883687,144.00855973626486,NO
1549.5465767089215,143.31401674617007,NO
1548.830574186744,142.09655877585124,NO
1547.642371423393,140.2033387512636,NO
1546.8974636381733,139.0623626607219,NO
1545.7151647029696,137.17636273060316,NO
1544.660641028571,135.5844355052879,NO
1543.7275988381803,134.18246087135842,NO
1542.9081828230082,133.0602516909754,NO
1541.668774186207,131.23128698319292,NO
1540.8499672166367,130.10095142748523,NO
1539.9665296336027,129.0233278298727,NO
1539.4335909152612,128.42600888180436,NO
1538.7443360994375,127.183526358724,NO
1537.8817358445172,126.0807657643036,NO
1536.9799536901387,125.01426507546843,NO
1536.4817576346786,124.39456096624039,NO
1535.7454523620577,123.19945074536115,NO
1534.8436958411348,122.12889740452505,NO
1533.8863041741247,121.10081867865449,NO
1532.9172814384929,120.0717041098408,NO
1531.9605050303944,119.03334906986267,NO
1530.9953856840596,118.00401778831015,NO
1530.442839277831,117.51258786078554,NO
1529.614861709017,116.35475002546868,NO
1528.7105055220406,115.25945259358072,NO
1527.772230426493,114.1992559585402,NO
1526.8238939863295,113.15625591605385,NO
1525.8684896452041,112.11363516345453,NO
1524.915521601258,111.06679687013963,NO
1523.974317544753,110.01965429922839,NO
1523.0377498732832,108.9706491295587,NO
1522.678334633067,108.23862417198417,NO
1521.8409622617908,107.11318530178828,NO
1520.9345712101267,106.05032352529912,NO
1519.990323219855,105.00827861373932,NO
1519.4635899578423,104.51367208115684,NO
1518.5158264671015,103.48795615622969,NO
1518.009638493174,102.98979612038534,NO
1516.9961289552919,102.0042229581428,NO
1515.978398432583,101.02466471491064,NO
1514.9461882271748,100.06304135559483,NO
1513.9100901364102,99.10880811656575,NO
1512.8517984623124,98.19292199960557,NO
1511.6924640190985,97.42868654170275,NO
1510.990746791651,97.01537665481472,NO
1509.8635785967301,96.28676336194985,NO
1507.8559034044197,95.32401829847117,NO
1506.9974435449521,95.00554482253831,NO
1504.98190082572,94.04118972813373,NO
1502.9566416659522,93.11054630866303,NO
1500.915621979896,92.21499711175612,NO
1498.8802443742297,91.32133188382922,NO
1496.8113305132663,90.45096608597744,NO
1495.9695791903328,90.07240152630591,NO
1493.9403281174452,89.15713595923071,NO
1491.9080462067104,88.21520585210266,NO
1489.885692225249,87.28217690619206,NO
1489.004315392546,86.99031072293958,NO
1486.9780819046325,86.05824642942127,NO
1484.9212669725507,85.26503901328691,NO
1483.9918038460135,85.0260443560688,NO
1481.931871257967,84.3056060612736,NO
1480.977325120218,84.11138343346771,NO
1480.0101502658083,83.94734549457125,NO
1479.0481563445883,83.7715538857719,NO
1477.9182259493894,83.44314679650951,NO
1476.9568129903134,83.23180918740553,NO
1475.986654336949,83.06515823555885,NO
1475.0264035763541,82.88289525485008,NO
1474.0777088562156,82.66251082006544,NO
1472.9432417484056,82.30765552644847,NO
1471.9731785245772,82.13121486273042,NO
1471.006744084348,81.96772708819837,NO
1470.042895256852,81.78552371248115,NO
1469.0940216795937,81.54869592695958,NO
1467.9584791435113,81.25093040542673,NO
1466.9817945275001,81.1024057859118,NO
1466.0148987898317,80.93623317909142,NO
1463.9431741045719,80.35610895757914,NO
1462.9732227779011,80.20102899246491,NO
1461.9889702286766,80.06237740517648,NO
1461.0223117698138,79.89791313085678,NO
1460.0630336125655,79.69220821646203,NO
1458.9409094184703,79.3615410650111,NO
1457.9679760630884,79.18418391587933,NO
1456.9939435386375,79.0335981349172,NO
1456.0258767124433,78.86841417161246,NO
1455.0721609007774,78.66923201564684,NO
1453.9473411796532,78.35367306156216,NO
1452.9718252547873,78.20882457994821,NO
1451.98720700318,78.07660568201713,NO
1451.018978730496,77.91614851873582,NO
1450.069548822514,77.70802313595672,NO
1448.944526929174,77.35082969775043,NO
1447.96973245774,77.1841890798109,NO
1446.9922140985764,77.04040472934497,NO
1446.0257165976875,76.87858183069496,NO
1445.0743142194046,76.67653568726105,NO
1443.9497175491204,76.34904095353363,NO
1442.9708040335481,76.20155285529415,NO
1441.9885492561732,76.06165785065654,NO
1441.0202492942685,75.89960612925263,NO
1440.0641222477423,75.70087475691092,NO
1438.9434449388941,75.35766202476994,NO
1437.9718328537488,75.19289639224287,NO
1436.9899190976932,75.05940531998617,NO
1436.021786142308,74.90257894630177,NO
1433.9482175227388,74.31102467407867,NO
1432.9761407614767,74.15810723157483,NO
1431.99879273708,74.00575085362463,NO
1431.042625013508,73.82002772013088,NO
1430.0955812346676,73.56549288894864,NO
1428.964506876975,73.26308261496301,NO
1427.9817359634183,73.13340687834398,NO
1427.0008272202879,72.99574263067055,NO
1426.042885437022,72.82057348288706,NO
1425.1050989564117,72.5669110691613,NO
1423.9633542299143,72.23807617514069,NO
1422.985261687682,72.09809274339213,NO
1422.01021028141,71.94967789865532,NO
1419.9342556285765,71.38495058756611,NO
1418.9710344757564,71.20399124951594,NO
1417.9889951525101,71.06260949702424,NO
1417.0206775857305,70.90488311028129,NO
1414.9369020967397,70.3113966874711,NO
1413.9756046673954,70.11791076947108,NO
1413.011481520709,69.94833315523216,NO
1410.927706205954,69.30512731868548,NO
1409.9784656134393,69.09256007997712,NO
1409.0202860486172,68.9144768832322,NO
1406.9430000702978,68.23878348375658,NO
1405.989001350911,68.0490670323174,NO
1405.0328720508937,67.86591663256387,NO
1402.9570572568905,67.19154461144674,NO
1401.9959451660638,67.0184847122929,NO
1399.9091849055455,66.40866793752173,NO
1398.9667371895068,66.16631405499363,NO
1397.9991484772065,66.00446596556206,NO
1397.0365874736535,65.83544473746178,NO
1394.9568934672516,65.21918188701873,NO
1393.9902664064493,65.0515673351802,NO
1393.029051475551,64.87587096136602,NO
1390.962886209043,64.17501699215353,NO
1389.9970928213816,64.01698404400722,NO
1389.0298649760527,63.85903731165656,NO
1386.9542556897902,63.21545569166871,NO
1385.9905930235864,63.047418837628506,NO
1385.0267287165682,62.88216776846651,NO
1382.9556842981854,62.21389108848865,NO
1381.9915210190745,62.044638021897114,NO
1381.029556102523,61.876127090897036,NO
1378.954560328632,61.2215478276535,NO
1377.9905003853567,61.04749807393832,NO
1377.0270590034747,60.87849466534193,NO
1376.07656582406,60.65886118756465,NO
1374.9466231717256,60.28848903244118,NO
1373.980426010397,60.117325307733,NO
1373.0030924194566,59.9813126802237,NO
1372.0378635898232,59.82009890299076,NO
1371.109663161682,59.56667082906296,NO
1369.963816639092,59.198485598285586,NO
1368.992179647403,59.05387953493607,NO
1368.0167109143417,58.91485391553391,NO
1365.9391754007383,58.31763956374865,NO
1364.9789699500225,58.14372951655189,NO
1363.9980091074763,58.012558900039515,NO
1363.0319210788157,57.857115167067285,NO
1362.0872180643487,57.62325391218601,NO
1360.955508262782,57.25396215785065,NO
1359.9848184063478,57.08655252886828,NO
1359.0113306776816,56.939651823640624,NO
1358.0487480184092,56.766113240973446,NO
1356.9136765665567,56.394288099474,NO
1355.9680299811403,56.17592644214771,NO
1354.994479721676,56.041630372419796,NO
1354.0132889899196,55.91743679011669,NO
1351.9293833877603,55.32528716575412,NO
1350.9795113486673,55.139152089166245,NO
1349.9977826615066,55.01832030451417,NO
1349.0152981223432,54.899528544087794,NO
1348.0478460751094,54.74548152024488,NO
1346.9190541000862,54.42171814854774,NO
1345.9660985808712,54.221520229555004,NO
1344.9896345089428,54.09960743275016,NO
1344.0003460287905,53.99702770128416,NO
1343.0202637256748,53.87541076685153,NO
1342.0509921223131,53.70519123497123,NO
1340.9344525218728,53.38071410565397,NO
1339.9704349288118,53.18977578933554,NO
1338.9925106381818,53.0667414825175,NO
1338.0047419117222,52.96195090008924,NO
1337.0287792815643,52.83517320445272,NO
1336.0650926019666,52.65270467364642,NO
1334.94569932416,52.33697228813129,NO
1333.9749596606123,52.16963949107684,NO
1332.9938687604606,52.05327835792719,NO
1332.0049461151386,51.9550353172885,NO
1331.022055552668,51.84328950065516,NO
1330.0506465756948,51.685991219317806,NO
1328.9419080918303,51.416573611025335,NO
1327.9675352831805,51.246412520680686,NO
1326.985206139555,51.12229591521448,NO
1325.9977619602048,51.0236859220232,NO
1325.0068098384418,50.93408341170149,NO
1324.0225464068305,50.828720048189716,NO
1323.0513133287905,50.67526528940912,NO
1321.9386573052009,50.390029669478075,NO
1320.9714488534112,50.22412649802923,NO
1319.9884986597392,50.113760780793356,NO
1318.997820245611,50.02460700482535,NO
1318.0060174926198,49.937317787088055,NO
1317.0175943490824,49.839975211790126,NO
1316.02953645688,49.72686389501412,NO
1315.0540014664132,49.57959604956182,NO
1313.9535161050478,49.333838904302986,NO
1312.977699740038,49.18875576919302,NO
1311.9910090738313,49.08324931184833,NO
1311.001091926963,48.98923974881132,NO
1310.0110962248916,48.896156081448936,NO
1309.024950361331,48.79148626166093,NO
1308.0391783660461,48.65914821821051,NO
1306.9418346081752,48.44593469969533,NO
1305.9656884171234,48.285929850868776,NO
1304.9835690153614,48.17562897737394,NO
1303.9925228548263,48.090176176992465,NO
1302.9990562902356,48.01214877008282,NO
1302.0052770096875,47.93584936121952,NO
1301.0134896903435,47.854011582132806,NO
1300.023006600283,47.75895357771167,NO
1299.0329748154488,47.64704734457844,NO
1297.949966783004,47.48090748318124,NO
1296.9635013095271,47.327743343421815,NO
1295.9790088167422,47.213297504514415,NO
1294.9903997847296,47.13253630009057,NO
1293.9955066416185,47.06521788803485,NO
1293.001019692794,46.98832509030512,NO
1292.0097061268557,46.900957889470284,NO
1291.0175175795464,46.808112030368086,NO
1290.02685616276,46.70654727929815,NO
1289.0626634408163,46.55707124157959,NO
1287.95609741937,46.315954627051056,NO
1286.982765899417,46.19367846728274,NO
1285.9914524263504,46.109564345402546,NO
1284.9973452921338,46.03444313232646,NO
1284.003266618842,45.9589857838115,NO
1283.0109244946066,45.8791022602913,NO
1282.0203753578576,45.79004522876557,NO
1281.0299994842585,45.686240702616466,NO
1280.0450782297112,45.554584156344674,NO
1278.9584359203825,45.367220774516014,NO
1277.9748294926135,45.240692973615225,NO
1276.9875823717632,45.14885824351334,NO
1275.9941762724156,45.07408666427968,NO
1274.999880300221,45.00156223568201,NO
1274.0056069887703,44.92921176690678,NO
1273.0136126213336,44.85087296855063,NO
1272.0221689770735,44.75719693039578,NO
1271.0328182124476,44.642323006883736,NO
1269.9498062159407,44.4607676672799,NO
1268.9646252958557,44.30380628506427,NO
1267.9803313435862,44.184098627453835,NO
1266.992024385982,44.09718433326475,NO
1265.9980260825046,44.02943459300269,NO
1265.0023124316876,43.96531352313276,NO
1264.0073002513298,43.89909652540694,NO
1263.0147490547104,43.82516973152302,NO
1262.0221758594043,43.73590567885388,NO
1261.0330833307553,43.62563598008433,NO
1259.9572179080785,43.46832130157651,NO
1258.9701210535202,43.345400615210764,NO
1257.977609299741,43.24416525764131,NO
1256.9882589647252,43.166101129013306,NO
1255.993382703817,43.10451126967192,NO
1254.9970745435642,43.040086659867356,NO
1254.0018989710215,42.97151543340173,NO
1253.0073883149307,42.902007608026224,NO
1252.0191206067034,42.81605976938413,NO
1251.0305773178486,42.69993907521199,NO
1250.0353651548967,42.56729691614534,NO
1248.9638084804956,42.41297994656484,NO
1247.9738092951886,42.294141761051655,NO
1246.9842582075848,42.198174073990295,NO
1245.9922828275182,42.12956725867532,NO
1244.996448271869,42.08338104542679,NO
1243.9980948647244,42.04563252527998,NO
1242.999824582886,42.00364080009009,NO
1242.0021869383559,41.955386458870606,NO
1241.004591972083,41.90632377230258,NO
1240.0098441026366,41.85233847037413,NO
1239.0185343736698,41.780104525124756,NO
1238.0242777941023,41.69054359618323,NO
1237.0309036873425,41.58859467877509,NO
1235.968458809554,41.46523252346666,NO
1234.9764977916493,41.373423966284776,NO
1233.9780374777895,41.288096628302846,NO
1232.9866855845019,41.21606727556992,NO
1231.9902749811251,41.15495197396261,NO
1230.9927001715557,41.08698229445874,NO
1229.9985991489618,41.02405190078687,NO
1229.0005599341887,40.9809622369496,NO
1228.0038639068546,40.93558043904545,NO
1227.0095772124234,40.87192074636905,NO
1226.00853986304,40.810182128948775,NO
1225.0126397903,40.756232626816455,NO
1224.0213460250318,40.68400883188473,NO
1223.0163441448917,40.606832526846276,NO
1222.0061682715193,40.56410883374965,NO
1221.001061821203,40.55191144758242,NO
1220.0016093800552,40.5477642176101,NO
1219.0038509025042,40.53844182193068,NO
1218.0039942291323,40.5246867252816,NO
1217.002351432052,40.51325353897977,NO
1216.0017965504599,40.50594860787096,NO
1214.9981774531282,40.499985369989936,NO
1213.9987975180004,40.49542257599483,NO
1213.0012024819168,40.495422541934666,NO
1212.0,40.496946551228014,NO
1210.9987975869997,40.49539414830624,NO
1209.9982152397413,40.49080908666832,NO
1208.9936678962738,40.47721035177419,NO
1207.9929107843307,40.45534577245656,NO
1206.9903813823712,40.42676287459662,NO
1205.9768398579438,40.36340367554694,NO
1204.9774635681588,40.27348266138345,NO
1203.9924544067555,40.211962579256316,NO
1202.9995877881258,40.19291515203115,NO
1201.9995911251851,40.19135340841888,NO
1200.9993911763584,40.19015591530996,NO
1199.9988064030906,40.1869968493113,NO
1198.9982844258336,40.18013528326638,NO
1197.996665307965,40.16726112113149,NO
1196.9959475535231,40.14483743486848,NO
1195.9971694653204,40.120482320559304,NO
1194.9987411380168,40.103856112833135,NO
1194.0002967655682,40.09822940484638,NO
1193.0008161398277,40.10099730599011,NO
1192.0007549331679,40.106445579389046,NO
1191.0016476309104,40.11556953626772,NO
1190.00515375807,40.13857883177754,NO
1189.0111565832476,40.18457295683875,NO
1188.011922303837,40.24242017711603,NO
1187.008391802324,40.28854888044549,NO
1186.0103868326219,40.325701399383746,NO
1185.0124059387408,40.36832804785009,NO
1184.0137726077248,40.415145746470145,NO
1183.013340532283,40.46136006934679,NO
1182.011653368379,40.50232151769675,NO
1180.9849112777636,40.54841607509234,NO
1179.9826051057642,40.605410553043626,NO
1178.9887270868132,40.655204367366096,NO
1177.9954711717373,40.68542062442124,NO
1176.991947264338,40.715676501029485,NO
1175.986623348041,40.76919195365436,NO
1174.9917541657812,40.82289381541601,NO
1173.9971098696262,40.853759399005796,NO
1172.999342881189,40.866079181779554,NO
1172.0005189422297,40.86766972753823,NO
1170.999739474755,40.867132118043294,NO
1169.9966173673508,40.88499048606725,NO
1168.9965861654491,40.924301930776345,NO
1167.9988447259884,40.963175639456395,NO
1166.9998544469995,40.98515359407971,NO
1165.999986817276,40.99327681047818,NO
1165.0001812245848,41.00770204460839,NO
1164.0014903820618,41.037930221561126,NO
1163.0010181272648,41.06465108011596,NO
1162.0010062566068,41.07841061104668,NO
1161.0019590835882,41.09375614489893,NO
1160.0048845894692,41.120893592853236,NO
1159.0101230659593,41.165229024300224,NO
1158.0064660411044,41.20892001662287,NO
1157.0070094436985,41.23909990648668,NO
1156.0193013718063,41.28887718056182,NO
1155.0280616933978,41.372572961867085,NO
1154.0270614365463,41.46793732892903,NO
1152.9809540590982,41.554536605477104,NO
1151.985731135686,41.61295707567862,NO
1150.9874960018435,41.661634236941865,NO
1149.988555116191,41.70751962460722,NO
1148.9891323499542,41.75418411117076,NO
1147.9900431431743,41.80404906632181,NO
1146.9941516703218,41.848393300792274,NO
1145.9969527756955,41.88045504688854,NO
1144.9974717289285,41.90789869775826,NO
1143.997388700708,41.946729496030166,NO
1142.9997785022401,41.99565523641133,NO
1142.001615362181,42.03899945855394,NO
1141.0024749172733,42.07279168202108,NO
1140.0042714350832,42.10744302004744,NO
1139.011544820153,42.161287936473656,NO
1138.0192462998223,42.23965596920687,NO
1137.024296240487,42.33027700285278,NO
1136.0308678950823,42.429063722415215,NO
1134.9642901146165,42.56785863494666,NO
1133.976913328356,42.67642013351362,NO
1132.9868947716977,42.752605387688085,NO
1131.9883818692633,42.81582404697408,NO
1130.9922102796086,42.87779876466556,NO
1129.996029339814,42.944573936306575,NO
1129.0011087284893,43.01547663436094,NO
1128.0050174719884,43.07757784035914,NO
1127.008385256595,43.13145918467062,NO
1126.0137103590298,43.193606885837816,NO
1125.0280952307742,43.28350642676895,NO
1124.040318512186,43.408528540243225,NO
1122.9586365139596,43.58341062047548,NO
1121.9688007018274,43.71735290332306,NO
1120.9836115639264,43.81786488416176,NO
1119.9923204909771,43.89497753182916,NO
1118.9977197348057,43.96939644182443,NO
1118.0041121907313,44.04819870086635,NO
1117.009926205609,44.12568896334589,NO
1116.013330890159,44.19784734426769,NO
1115.02956756455,44.288202522844976,NO
1114.0578053558545,44.4399629733683,NO
1112.9659509459173,44.650591852260305,NO
1111.9786015636812,44.77058886005382,NO
1110.9868914306292,44.87179818923043,NO
1109.9964032236528,44.9612772590107,NO
1109.0029569276862,45.03960726853042,NO
1108.0072689412075,45.107109987157685,NO
1107.0206210506392,45.18755335850981,NO
1106.0436195334694,45.31313858739051,NO
1104.9421984784965,45.53014804483134,NO
1103.9651187932668,45.69228560161241,NO
1102.9791620949775,45.816664678033085,NO
1101.9920318081063,45.91472339353191,NO
1100.9997408855181,45.99652241101509,NO
1100.0064828662273,46.07411094837204,NO
1099.020451481222,46.16728262636396,NO
1098.048525120431,46.308732285258536,NO
1096.9328988501634,46.59835167097758,NO
1095.9683806735927,46.78241220324906,NO
1094.9887014688707,46.90641049936694,NO
1094.0009004666103,47.00830066506248,NO
1093.012589010591,47.10932561971477,NO
1092.027497668237,47.224323085378906,NO
1091.0506500462914,47.37854242307478,NO
1089.9470853699165,47.629597578265134,NO
1088.9710937673196,47.78952649764882,NO
1087.9895643133873,47.90847995691753,NO
1087.000391210767,48.004269665768284,NO
1086.009170192075,48.09376053534194,NO
1085.0255388380187,48.20030047831054,NO
1084.0528334374792,48.35276480104539,NO
1082.9404779618246,48.63606525167083,NO
1081.9705725925742,48.817627513817136,NO
1080.9931089524077,48.9476906861867,NO
1080.0059350097415,49.05341508567067,NO
1079.0218898108938,49.16417358787354,NO
1078.054176855559,49.322481289355,NO
1076.93256691542,49.643686924450144,NO
1075.9721700808473,49.82774552929798,NO
1074.9949452995354,49.957709004409566,NO
1074.0097573559085,50.07358367395134,NO
1073.035640255829,50.210927561275795,NO
1072.0690315012077,50.40791341678844,NO
1070.9499681163893,50.70381123685002,NO
1069.979158427455,50.86018777671774,NO
1068.9972739698035,50.975848328513194,NO
1068.0102379005423,51.0827288379622,NO
1067.035646619008,51.217840456072445,NO
1066.0807656884401,51.435501278149815,NO
1064.9539655711712,51.77433123045948,NO
1063.9899009174053,51.94327201064391,NO
1063.0107321999926,52.075578870880165,NO
1062.0337626332148,52.213225764693284,NO
1061.0891552582157,52.42722377145625,NO
1059.9542593583328,52.78754980234051,NO
1058.991580602106,52.946061538504104,NO
1058.0097587563794,53.07041750400211,NO
1057.0379876452769,53.214195397620514,NO
1055.902149176699,53.54653131843794,NO
1054.9591202701713,53.79379451489332,NO
1053.992520076576,53.956010926878854,NO
1053.0129797516715,54.08978407921581,NO
1052.0342443005582,54.23048115435786,NO
1051.0768668313028,54.430148820211485,NO
1049.9494018074527,54.77613384467922,NO
1048.9915548334225,54.95716472108164,NO
1048.0166838109346,55.10419511824298,NO
1047.0533546854351,55.273405074197605,NO
1044.9807528845722,55.91014883035848,NO
1044.010019499435,56.06197245655724,NO
1043.0305727056295,56.20270122218124,NO
1042.0933898579087,56.41583064605332,NO
1039.9999608721168,56.99978544160228,NO
1039.0219921528249,57.14710966705917,NO
1038.0646166360655,57.32899098225677,NO
1035.9874833960778,57.940116639772555,NO
1035.012375412463,58.08594510902202,NO
1034.0355680283994,58.22716115636236,NO
1031.9657727197687,58.86937752550363,NO
1031.006068662196,59.03587333368853,NO
1030.0294082235714,59.1812886577182,NO
1029.1021007399465,59.40840295978596,NO
1027.0019732973426,60.011887333449764,NO
1026.0233286758535,60.14915301813792,NO
1025.0812629883644,60.34556494594715,NO
1022.9980077268666,60.989811535960364,NO
1022.023058295608,61.14250313678695,NO
1021.0710408180835,61.32957079124767,NO
1018.9907026212326,61.951126614231804,NO
1018.0156037221632,62.09682061781596,NO
1017.0635670134624,62.277079188271045,NO
1014.9953188869359,62.97943275587127,NO
1014.0291562827003,63.147885478659305,NO
1013.0908871017773,63.367756158773645,NO
1011.0012642566743,64.0067539704894,NO
1010.0268215510062,64.15963669268343,NO
1009.0923844909194,64.38108604695412,NO
1007.0106080752241,65.04681697241813,NO
1006.0399101331766,65.2224875241078,NO
1003.9664865480344,65.88048977023823,NO
1003.0116647961592,66.0612708795044,NO
1002.0443766129616,66.23104781015367,NO
999.9807492767417,66.92660182180951,NO
999.0167060379827,67.09798921746737,NO
998.047881180354,67.26184165700349,NO
995.9844727355434,67.94193891017095,NO
995.0211969321902,68.11377596323912,NO
994.0645157482764,68.29911845850401,NO
992.002424347569,69.00910518331749,NO
991.0412568080187,69.20255227951931,NO
988.9658474312857,69.88903369781781,NO
988.0227171110125,70.08896780620073,NO
987.0638336986392,70.30403266784066,NO
984.9953906454516,70.9837843576637,NO
984.0419539507384,71.18242477245064,NO
981.9666789550009,71.89298599175305,NO
981.0245710903109,72.09417324734751,NO
980.062200590081,72.31033413517284,NO
977.9902336179218,72.96553457842211,NO
977.0400487119231,73.16304349870607,NO
974.9661996143722,73.888873816883,NO
974.0238100315865,74.09125634904997,NO
973.0694744528937,74.3099629429512,NO
971.0001064856468,75.00039528759783,NO
970.0442440547783,75.19304693389441,NO
967.9776629264979,75.93141373063804,NO
967.0334433314448,76.13709001966777,NO
966.0746939720982,76.36784773403981,NO
964.0117783813895,77.04058821953501,NO
963.0564193376806,77.25642723357042,NO
960.989071337029,77.96504991909624,NO
960.0474107059019,78.17419842274911,NO
957.972599077712,78.90605398322641,NO
957.0316997665931,79.1151326122607,NO
956.0951690096663,79.37103336566311,NO
954.0115717584171,80.04498126973107,NO
953.0591472864435,80.24790427929518,NO
950.9942732808912,80.98112303692476,NO
950.0479499776761,81.19378131574877,NO
947.9658318603731,81.89118068125143,NO
947.0257293183024,82.09621794467958,NO
946.0703931014938,82.31847752308852,NO
944.0161307482011,83.04751768683971,NO
943.0831167148044,83.30236159096663,NO
941.0101090650916,84.03292953043798,NO
940.0701959990345,84.26204641165211,NO
937.9986243794175,84.99558542656362,NO
937.0642373311083,85.21759265516833,NO
934.9978032667716,85.99320256153179,NO
934.0671642863899,86.22933550494164,NO
931.9995633733581,86.99866571244544,NO
931.0660146972788,87.22167041789724,NO
928.9986464025462,87.99615107497432,NO
928.0772099630343,88.2470718847954,NO
926.009931297255,89.02997391438177,NO
925.0719981935557,89.2671438747878,NO
922.9974558237441,89.9922889472992,NO
922.0650199387155,90.22390503103281,NO
920.0002062858402,91.0005878550537,NO
919.080092336185,91.25276599589539,NO
917.0165691923759,92.04718089473297,NO
916.1046978998307,92.31841113886634,NO
914.0217101696493,93.06607150691677,NO
913.1074856903751,93.33216063338689,NO
911.0445527397366,94.12006585560525,NO
908.9819794942395,94.94165638590725,NO
908.0558190721657,95.16817515627962,NO
905.9908689594884,95.97126063368243,NO
905.0607136765062,96.19432437755769,NO
902.9858992920324,96.95709417603723,NO
902.06177747445,97.19300413452112,NO
899.9889781092271,97.96591378229883,NO
899.0679088007373,98.19831036296596,NO
896.9943357971468,98.98436806537615,NO
896.0939151744736,99.24042283988317,NO
894.0389053546487,100.10613557184203,NO
891.9870104569186,100.96530190393979,NO
891.0840545530278,101.22267083308628,NO
889.0252452354383,102.06778554624962,NO
886.9835916086552,102.95961011321306,NO
886.087603984982,103.2172970228918,NO
884.0357292716949,104.09289610818632,NO
881.983703005628,104.95377753106892,NO
881.0784308763424,105.19738437634837,NO
879.030327875825,106.07774072753934,NO
876.9860997692566,106.96294541289993,NO
876.084397739711,107.2096031780398,NO
874.0296907795627,108.07623308378123,NO
871.9895221757354,108.97434553279787,NO
871.1032930620407,109.24404405592351,NO
869.0655645685624,110.15343461049297,NO
867.0204423852394,111.0540061901933,NO
866.1319135181792,111.3635240762437,NO
864.0826395983669,112.19095572846695,NO
863.7483887634844,112.3949549396659,NO
862.0398343973279,113.0988483240007,NO
859.9950375068466,113.98694440478285,NO
859.1065645996295,114.25527339045762,NO
857.0576879188438,115.13285702940178,NO
855.9294051279471,115.82134370538238,NO
855.0319782081314,116.07483061310873,NO
852.9965397332007,116.9912616729619,NO
852.1202577099738,117.2744001881683,NO
850.0794063571435,118.182925642729,NO
849.7354326581358,118.3719866330558,NO
848.0495457223528,119.1107132770645,NO
846.9241494850487,119.80180994276463,NO
845.1704068260153,120.39223820930134,NO
843.1163424999296,121.27948945260947,NO
841.0684105392169,122.15535254158343,NO
840.6856195787744,122.29081625210637,NO
839.0427712199099,123.09979950988718,NO
838.2306268791723,123.54773885574615,NO
836.1828886630335,124.3938341159241,NO
834.1465225572947,125.32170379798778,NO
832.1281111873717,126.27082572613523,NO
830.114982927619,127.24131860922749,NO
828.1008009038172,128.21541716932498,NO
826.0738380710205,129.16805852551673,NO
825.7119547903627,129.36444215979859,NO
824.043233659878,130.101325398426,NO
823.2547263628671,130.55816215407657,NO
821.1714976557764,131.40120058001122,NO
819.1475458647946,132.31594060845282,NO
817.1145552779915,133.25535637182787,NO
815.1247272991243,134.2503877264241,NO
813.1282663091673,135.26680718451163,NO
811.1379519665506,136.28673785499137,NO
809.1366822783377,137.28559401926478,NO
807.1392867952228,138.2861710495888,NO
805.1373303700988,139.29114038806307,NO
803.1389131840972,140.29408215942456,NO
801.1213665928408,141.2613555771232,NO
799.143508099107,142.29109524431436,NO
797.163296777774,143.32918556250482,NO
795.1898909995031,144.38972121971477,NO
793.1782218246233,145.3849591523117,NO
791.1791483440525,146.36021271407267,NO
789.1816598289709,147.39342328283138,NO
787.2108292788165,148.42398816152033,NO
785.2168599633682,149.45241474807122,NO
784.0386159030971,150.0751193417064,NO
783.3225950798544,150.5849844046953,NO
781.6822262837371,151.3701610754588,NO
780.1007645830829,152.19424780508984,NO
778.1162514347486,153.250318027146,NO
776.1244469807681,154.26307963124313,NO
774.155576857295,155.3099660875553,NO
773.0159958254951,156.03070385058382,NO
772.2306735210448,156.43680729985692,NO
771.0445633835315,157.09043449526897,NO
769.932762747961,157.8723081990022,NO
769.0717571120897,158.14045043496276,NO
767.1047360856661,159.21022929812742,NO
765.1443841228552,160.28840638799207,NO
763.2010933133799,161.39628789136862,NO
762.028130764245,162.0607101135177,NO
761.2143849101737,162.46660246505766,NO
760.0396087438237,163.07393632380405,NO
758.9375158486478,163.88516070728235,NO
758.0780659695013,164.15720624507844,NO
756.1229509605056,165.23130501594468,NO
754.165264281887,166.34635173325066,NO
753.0195053885047,167.0384247770006,NO
752.2364578089681,167.44678082578722,NO
751.0604685633726,168.1051888530154,NO
749.127522443288,169.23740572875533,NO
747.1912883848269,170.39512027801916,NO
746.0306181143129,171.0609055804216,NO
745.2569907525235,171.50546246598688,NO
744.0602268177727,172.10748729665065,NO
742.1329911339126,173.228471937499,NO
741.0264814500385,174.0422841245689,NO
740.3629640039131,174.5838986274626,NO
739.0965592856181,175.18022990660245,NO
737.1523429579682,176.28727529493756,NO
736.020257471555,177.03753950010335,NO
735.2486493671588,177.45993692789133,NO
733.6428184315531,178.35428736751217,NO
732.1100364922692,179.200936201493,NO
730.2077725467142,180.37037713363316,NO
729.046268422751,181.08368870247918,NO
727.9512705535907,181.91747733333958,NO
727.1306560791536,182.20915509012485,NO
726.0249439116278,183.04160403765505,NO
725.3290846761835,183.5440311322124,NO
724.1037908634639,184.16835368293002,NO
722.2181184005208,185.3755340183639,NO
720.6088455765556,186.314405129697,NO
719.130169393914,187.2193041941665,NO
718.0228574054672,188.03829468273278,NO
717.3261505476922,188.5197776442194,NO
716.1094960886586,189.17774217386219,NO
715.0133138872443,190.02242208031447,NO
714.2796668529277,190.46885325917998,NO
713.0807578009751,191.14217921903847,NO
711.1772772299474,192.29676363331845,NO
710.0440373762505,193.07651281461958,NO
708.9458131534791,193.90158792819943,NO
708.1014266806507,194.17676019105124,NO
706.2171166244868,195.36020489890248,NO
705.059906447901,196.10014894964377,NO
703.1733576127018,197.2735518231207,NO
702.0553870625668,198.0857995923809,NO
700.2034257577114,199.32205416041091,NO
698.6255761047499,200.37727395768124,NO
697.1445757528554,201.2486453529828,NO
696.0278116478227,202.04666700129084,NO
695.3504267881955,202.55737858925255,NO
694.1102274246645,203.18551567209857,NO
693.0169692408668,204.0269294465553,NO
692.3221767244196,204.48627606342012,NO
691.1179061026224,205.18475050324716,NO
690.0235705344735,206.03728430170628,NO
689.3375669003694,206.5243757397757,NO
688.1161786791663,207.18476610110199,NO
687.0233702880132,208.0363397452701,NO
686.3432760153914,208.51735436689188,NO
685.1155385256714,209.19113781940527,NO
684.0175948166271,210.02796716624397,NO
683.2910046551611,210.4737612314986,NO
682.0808599378324,211.14589197611323,NO
680.1855431568533,212.30191450572855,NO
679.0633350236143,213.09593393484278,NO
677.9929503945642,213.9897852655175,NO
677.2757058321932,214.38881590116927,NO
676.1243340843799,215.18411007680896,NO
675.0388753290695,216.05725026098548,NO
673.9574395816021,216.93199756369506,NO
673.1387984922403,217.23332506542135,NO
672.0334942932418,218.0527751403109,NO
671.4113494424479,218.60244085060015,NO
670.1323872119791,219.22083312573733,NO
669.0311014973568,220.04800448705186,NO
668.4143162407087,220.60181701863235,NO
667.140294381221,221.23024959188254,NO
666.0347421260541,222.05392333694095,NO
664.956505188051,222.9337035963918,NO
664.15866170689,223.24990057487403,NO
663.0544086970546,224.08083018836538,NO
661.2231418013657,225.3413044022198,NO
660.0878853799824,226.13435350917737,NO
659.0077886500065,227.01162850915048,NO
658.2992178120275,227.46568910030194,NO
657.1036229038023,228.16833436095902,NO
656.0102633997442,229.01564033101127,NO
655.3163950604628,229.467970363957,NO
654.1237179639916,230.19348185454223,NO
653.0324728556966,231.0465481176995,NO
651.9633315895546,231.94707652444865,NO
651.1812073988582,232.28441685459035,NO
650.0633476299449,233.096368025805,NO
648.2172043199711,234.3411816375824,NO
647.0769253366655,235.12016826069762,NO
645.9949850927648,235.99256470357943,NO
645.2779303641681,236.40997872790234,NO
644.1226549795862,237.1781081849943,NO
643.0401232155647,238.05513620781494,NO
641.1958469449165,239.31582524154086,NO
640.0659934941751,240.0995945755422,NO
638.9937779205293,240.991313935783,NO
638.2846760942475,241.42147696000688,NO
637.1270451708292,242.183618057412,NO
636.0432113077701,243.05870483296943,NO
634.2256666859774,244.33702186733467,NO
633.1024790062689,245.14199342554252,NO
632.0273212562762,246.03824975710563,NO
630.9595742743701,246.94279378306803,NO
630.195777056019,247.2793943681487,NO
629.0869004825494,248.11984710198448,NO
628.0170421316062,249.02371322897537,NO
627.3936593663777,249.57009466169285,NO
626.1647941248193,250.2440026963337,NO
625.0563120337229,251.08608854069715,NO
623.9823657824111,251.97492822035625,NO
623.2678870014346,252.36130976764346,NO
622.1438471984409,253.1850199243871,NO
621.0611106534518,254.08098403678645,NO
620.0073001984572,255.00915599185862,NO
619.4112081205461,255.5407668168326,NO
618.1940957147717,256.27095760860334,NO
617.0793548279944,257.11626404953694,NO
616.0006112953159,258.00093314342143,NO
615.2781545914562,258.42233560589773,NO
614.1090360702038,259.1633499254934,NO
612.4937368647111,260.3531082513812,NO
611.222347860917,261.31384903022985,NO
610.1009694952484,262.13724178325833,NO
608.4802359244096,263.3265029151068,NO
607.21909101481,264.2998780904691,NO
606.1143809687595,265.1451388853959,NO
605.0477499012078,266.0634865437838,NO
603.9971835635829,266.99632446182255,NO
603.3386115281074,267.4617429618471,NO
602.1532552632756,268.2150191578908,NO
601.0624391492833,269.08599716004704,NO
600.0026170933265,270.0035033932388,NO
599.3560249036784,270.47522264727024,NO
598.1784568874956,271.2406160236701,NO
597.0923992449827,272.12222528862634,NO
596.0356894637804,273.0463179873019,NO
594.9846339155577,273.9793809731144,NO
594.2703080024118,274.377293061274,NO
593.117572806334,275.169253164546,NO
592.0403610638728,276.0563720620266,NO
590.9815636062556,276.9759132736431,NO
590.2980502998919,277.3713610349917,NO
589.1653407500247,278.21207391526525,NO
588.0923381692531,279.1171409828434,NO
587.0436427380447,280.0544021159462,NO
585.9966053660925,280.9955641324235,NO
585.3205703246085,281.4265215405967,NO
584.1509919198745,282.2075100009075,NO
583.0671200266821,283.0925597651912,NO
582.002782940681,284.00387073485535,NO
581.3322879201004,284.454294258564,NO
580.1696695852916,285.2256046063836,NO
579.1000224433194,286.1256439627782,NO
578.0436825582291,287.0570804043311,NO
576.9919510719606,287.98927238890855,NO
576.3104184768378,288.41148494838035,NO
575.1569712442775,289.2102498056339,NO
574.0806576853433,290.10508314213195,NO
573.0296067387861,291.0373785069004,NO
571.9834894253702,291.97868352981146,NO
571.2942545657828,292.383495700571,NO
570.1723226461417,293.21594085715384,NO
569.0982125743396,294.1264138428824,NO
568.038687901327,295.0499000017133,NO
566.9907656418542,295.9883715488048,NO
566.3370496240344,296.41993068543866,NO
565.1902328517169,297.246183678458,NO
564.1171530558858,298.1476802492539,NO
563.0603306302684,299.075655775497,NO
562.0104026272336,300.01325888653827,NO
561.4091608355268,300.51767742940217,NO
560.2050415575295,301.272863000484,NO
559.1122143435352,302.1526195053525,NO
558.0441440662744,303.0595431551537,NO
556.9885912348861,303.984751746583,NO
556.2939450857959,304.3881040973105,NO
555.1639871697092,305.21634269580187,NO
554.0910659451479,306.11918235398815,NO
553.0305971024635,307.0406961445598,NO
551.9701908497203,307.95957255730434,NO
551.2479216918529,308.30906615653726,NO
550.1660167159758,309.1970371377572,NO
549.1071683369345,310.1319409113237,NO
548.0613289618489,311.0729369630891,NO
547.0319435952672,312.03570719708017,NO
545.9991020979463,312.99892624774054,NO
545.3853418529782,313.48679068788476,NO
544.2075394143136,314.27888107697623,NO
543.1179650131326,315.1528560787039,NO
542.0595771439279,316.074399244007,NO
540.4597985379487,317.3549286901225,NO
539.9847536832756,317.98214517006153,NO
539.3626068469074,318.42027790744714,NO
538.247034051286,319.29616275441947,NO
537.1674695760485,320.206415993136,NO
536.0999504260483,321.1256133778024,NO
535.0531118696239,322.0633067180444,NO
534.0156948561082,323.0180742513198,NO
532.9805021837859,323.97653256807325,NO
532.310919931753,324.3964707862498,NO
531.202684418849,325.2464880164962,NO
530.1369275729681,326.16098241976187,NO
529.0829871206935,327.10071252111095,NO
528.0389150582797,328.0471516805974,NO
526.9988901723817,328.9986542509475,NO
526.3981454580927,329.48924654672686,NO
525.2457482904929,330.312244888137,NO
524.1520706854194,331.18861063845685,NO
523.098505422549,332.1160732665281,NO
522.0555809695849,333.06713908920614,NO
521.0135739892452,334.0162807081397,NO
519.9783356519719,334.9741467755341,NO
519.3214183754691,335.3898327444454,NO
518.2317570383913,336.2642697014418,NO
517.1685212046714,337.19129434495534,NO
516.1156119635496,338.13302787444303,NO
515.0813036754214,339.08956772919765,NO
514.0541310814159,340.0604437432244,NO
513.019119149916,341.0229827516039,NO
511.98676992951243,341.9846655891222,NO
511.404081109999,342.45479573017167,NO
510.31474617118386,343.3518455392865,NO
509.23120256732125,344.2699469099746,NO
508.16136244687146,345.18770733555436,NO
507.1157643127353,346.1309110501101,NO
506.08238542986146,347.0931419907923,NO
505.04874592006956,348.05690602964364,NO
504.01277921386867,349.014631273363,NO
502.98546505905966,349.98345876804746,NO
502.38797759134786,350.44306566448415,NO
501.28181138900777,351.3197373965567,NO
500.21825273170253,352.2400404438527,NO
499.1785955998283,353.1956047075811,NO
498.14236963671533,354.15730825753394,NO
497.0968565027248,355.11523363354587,NO
496.0547758063123,356.0660579875735,NO
495.0227622274249,357.0258542059506,NO
494.00119063163623,358.0012856107544,NO
493.5322101962231,358.56547333348703,NO
492.42377314410004,359.45062607412115,NO
491.36779813725286,360.37601709004065,NO
490.3028070070041,361.3354516296785,NO
489.21569253369574,362.25183354242114,NO
488.1544387386766,363.17624782450935,NO
487.1065121834969,364.1247335441888,NO
486.06526150806417,365.07625088654754,NO
485.0374742885374,366.04215857460457,NO
484.0145312859423,367.016097779428,NO
482.99927081064027,367.9992173299256,NO
482.53806817325244,368.56709259115553,NO
481.421634694473,369.4499099900042,NO
480.2803412277888,370.3348075481629,NO
479.1867851377371,371.2216861639443,NO
478.1357402695005,372.154944678764,NO
477.09258450117795,373.10735258003183,NO
476.0578969776578,374.06584196205364,NO
475.0384567252162,375.0410028262081,NO
474.02588325954144,376.02803720701365,NO
473.00501437386276,377.00585255348693,NO
472.4791146087822,377.57620388836534,NO
471.33005636168207,378.35621176382983,NO
470.2521369249033,379.2810041422788,NO
469.20012353854275,380.22326709111616,NO
468.1513620126199,381.17055914645823,NO
467.1149521010128,382.12695938582004,NO
466.09821098870003,383.1034180558613,NO
465.0821955497636,384.0877314143797,NO
464.0568887786557,385.0651237874787,NO
463.0306290833007,386.0349091315315,NO
462.00719969215,387.0079444880439,NO
461.5491440592896,387.58124432788173,NO
460.398172202407,388.4473488493461,NO
459.31169880862814,389.34536461433845,NO
458.26000266639295,390.27630946210576,NO
457.24048655136335,391.24859739046013,NO
456.22994832549205,392.2368698356101,NO
455.2035290547792,393.2142942153751,NO
454.17654244543724,394.1873627871843,NO
453.15980373125063,395.1679207497242,NO
452.14227382197527,396.1498439481097,NO
451.1183925131075,397.12710851617936,NO
450.1024316983974,398.1085653281309,NO
449.095328399909,399.0975648421642,NO
448.08613525610514,400.08915313148003,NO
447.0725283000119,401.0776404252948,NO
446.0560440980818,402.05994281569417,NO
445.0380544915695,403.04088949623326,NO
444.02175781339986,404.0235580311679,NO
443.01100525952177,405.0114663729696,NO
442.0041278309334,406.0042077610693,NO
440.9995508749264,406.9995422379072,NO
439.9995381859981,407.99953437984766,NO
438.9975360706371,408.9975428120769,NO
438.5762727295003,409.56235870058674,NO
437.99827443175536,409.99829313722256,NO
437.0078746397475,411.0074986627945,NO
436.0200859189383,412.01886698405826,NO
435.03132417711527,413.0295676802904,NO
434.0386966015009,414.0382725288446,NO
433.04365036397195,415.04223276029256,NO
432.0481861438403,416.0463579442007,NO
431.05006172600065,417.05020078285264,NO
430.0479266927126,418.049272946929,NO
429.0404960706599,419.04185537984006,NO
428.0305197468094,420.0322271452693,NO
427.0234162562497,421.024389231623,NO
426.02137191892984,422.02114055895936,NO
425.0283285651174,423.0269742127442,NO
424.04177422935726,424.0402041885861,NO
423.0478854814152,425.04633033665885,NO
422.04890815569956,426.0473219456391,NO
421.0519714851435,427.0511229701426,NO
420.05913856965054,428.0575249655696,NO
419.071472372059,429.06720536398643,NO
418.07863298675966,430.07667260735263,NO
417.0864214558304,431.0842579155068,NO
416.0974421028426,432.0930992795861,NO
415.10727942127966,433.1042403421185,NO
414.1105112444207,434.1108292637057,NO
413.11128819412926,435.1119305539479,NO
412.1081253852725,436.1096901514658,NO
411.10504812641256,437.10747348630133,NO
410.10748268663843,438.10476542026805,NO
409.1210330177285,439.11260452831436,NO
408.13983162121974,440.13342100109554,NO
407.1576175074287,441.1516174213893,NO
406.1693373557692,442.16085801451237,NO
405.18510107228195,443.17680057905113,NO
404.20626787751246,444.20180458165777,NO
403.2283299772908,445.2168776872042,NO
402.2586550756873,446.2380942528635,NO
401.3061386568879,447.28376308523406,NO
400.3833861145151,448.36155629010517,NO
399.4449481957543,449.4217910316189,NO
398.43980479590124,450.44147073610225,NO
397.45750192423844,451.4523614247414,NO
396.47664989669363,452.47847262447533,NO
395.5006900611501,453.4987456146705,NO
394.98947615776,453.98997795669845,NO
394.00957595479696,455.00861958518504,NO
393.0326095585138,456.0291422133222,NO
392.0486594552736,457.04623604814327,NO
391.0589330034524,458.05735935741404,NO
390.07024474792775,459.06561118811777,NO
389.07799402702466,460.07525739529086,NO
388.0905820834598,461.08615143515755,NO
387.1084439832246,462.10044402013773,NO
386.12752417197845,463.1160730222192,NO
385.1576273723046,464.14478693939515,NO
384.1902091350237,465.1805854540827,NO
383.2130854974629,466.2045620747474,NO
382.2144564669869,467.21783905742484,NO
381.2314551753236,468.23294362725267,NO
380.27062063824263,469.25138429188445,NO
379.3000809966444,470.2820460746331,NO
378.38039403636003,471.3414458380794,NO
377.58895845759275,472.5096967581931,NO
377.0083939582048,473.0072054332309,NO
376.02668679412415,474.02500352562805,NO
375.0338437510454,475.0332094651712,NO
374.0452466810266,476.04309207965105,NO
373.0572295862624,477.0543260814483,NO
372.07033928278514,478.0671420397606,NO
371.09105567076284,479.085173202428,NO
370.122850978998,480.10567129199273,NO
369.18579195499217,481.1508133817756,NO
368.25128937371954,482.23106175197216,NO
367.2599020039292,483.2607597839897,NO
366.2745919734447,484.26117543185194,NO
365.3174227140751,485.3014718091039,NO
364.3777999560574,486.36189258390647,NO
363.44727206365604,487.4227863931161,NO
362.56538346199017,488.52609042293915,NO
362.011069037635,489.00969967179265,NO
361.0474468860242,490.0415391048466,NO
360.06586602434163,491.0602678488385,NO
359.0824923430551,492.07522332664547,NO
358.1177662942437,493.10562214892474,NO
357.1493984761374,494.1347720505583,NO
356.189337006897,495.16754282252197,NO
355.2385105957792,496.2201069955896,NO
354.3215609413912,497.28415803061387,NO
353.48245113952504,498.40667348032594,NO
352.992579039119,498.9936832927341,NO
352.0173685180966,500.0164409600643,NO
351.03513559582933,501.03260245492845,NO
350.0536607012583,502.0490694142545,NO
349.0728010701136,503.06726937667355,NO
348.1046834787509,504.0924514439128,NO
347.149243537515,505.1259050461512,NO
346.1979670308785,506.1742687920805,NO
345.25945064781325,507.2341583002004,NO
344.3543499827391,508.31517559446445,NO
343.44109479954,509.41083922888544,NO
342.55777400884045,510.53167932105436,NO
342.0083263459502,511.0073890872206,NO
341.0466357403143,512.039227455585,NO
340.0834076056965,513.0717953018332,NO
339.12621055114334,514.1081058683559,NO
338.1830852552418,515.1571944149889,NO
337.24964660326435,516.2111232175803,NO
336.3589932798349,517.3057652815941,NO
335.4965454741646,518.4628813790217,NO
334.9943922485716,518.9948792375055,NO
334.01731426686376,520.0152799532049,NO
333.0449439489456,521.0394890103348,NO
332.0802464290167,522.0717420520634,NO
331.11474432073067,523.1022442427868,NO
330.15095106054184,524.1316258905989,NO
329.20714539484743,525.1812906880675,NO
328.2795634824252,526.2484514972666,NO
327.35374006921893,527.3167554502858,NO
326.463200569888,528.4164632163595,NO
325.9930557935159,528.9941009676991,NO
325.04652124402645,530.0378134209685,NO
324.0936013900617,531.0788353924278,NO
323.13207733603883,532.1157531656177,NO
322.20004389483023,533.1676199953498,NO
321.3030534530289,534.251529686824,NO
320.4120406840919,535.3622257372348,NO
319.98204226975264,535.9852579042167,NO
319.042373110431,537.0326481336393,NO
318.1111140203459,538.0883895049772,NO
317.17371623832656,539.1415104215625,NO
316.2445148189079,540.2096899854852,NO
315.33588140104075,541.2972743403768,NO
314.476351230601,542.4231372193229,NO
313.99495021711084,542.9958533266998,NO
313.04840423558517,544.0389716166469,NO
312.11601434710093,545.0940196359406,NO
311.1863607441768,546.1502909241042,NO
310.2521240052398,547.2135104060783,NO
309.3431123680816,548.3069357740577,NO
308.51849017447404,549.462903425114,NO
308.0090922855399,550.0071673931651,NO
307.0697495290281,551.0540313241183,NO
306.1499481219417,552.1143129228333,NO
305.274875251418,553.209447753459,NO
304.47663018446116,554.3798524903307,NO
303.9974615183831,554.9979184451563,NO
303.0356542925392,556.0313495729257,NO
302.0779624343112,557.0655710534603,NO
301.12531455571076,558.1051686149495,NO
300.168973983978,559.1455849324025,NO
299.25441465343494,560.2120122177756,NO
298.3849201267309,561.3254094378779,NO
297.5939511947886,562.5144632745172,NO
297.0251727911477,563.0194278343173,NO
296.09946276237764,564.0784549817035,NO
295.15774344772,565.1326978367645,NO
294.2010661032689,566.1753856792143,NO
293.2686633969009,567.2327327320277,NO
292.4106223473522,568.3555052530961,NO
291.98708439396887,568.9893981096601,NO
291.03807803619503,570.0292727831337,NO
290.12167259424837,571.0890817169369,NO
289.24460183126075,572.1848255512003,NO
288.42045365308525,573.3322939996614,NO
287.98669453132857,573.9895514352804,NO
287.03801046325117,575.0305046006514,NO
286.10050866446943,576.0787274143166,NO
285.199604713171,577.1480062086342,NO
284.34286844610085,578.26515861507,NO
283.5297100233009,579.4731296115674,NO
283.00765933209084,580.00664717135,NO
282.05236587153115,581.0426140662145,NO
281.1162382004399,582.0910152698775,NO
280.1857516832121,583.1558425086149,NO
279.2984746056453,584.2420556297793,NO
278.57152778569855,585.4403249121785,NO
278.0201741180601,586.0149678948173,NO
277.09632684452566,587.0718820968069,NO
276.2034970631008,588.1510351280562,NO
275.36223017742503,589.2768037718092,NO
274.9690013383594,589.9757904552063,NO
274.02369670027826,591.0186585881585,NO
273.0954871272249,592.072734806359,NO
272.2134350827049,593.1546756226667,NO
271.38810962940494,594.2990152777614,NO
270.9774675452996,594.9819685479819,NO
270.37502244822355,595.4661406883993,NO
269.08558996968605,597.0689535563253,NO
268.15419356603724,598.1221911264755,NO
267.2546252991532,599.2056588917181,NO
266.42641009979286,600.3569103367498,NO
265.98698773330267,600.9897354687495,NO
265.0542761513101,602.0390069743208,NO
264.14552137701844,603.1081603050155,NO
263.25008421462513,604.2018223563739,NO
262.42915271839297,605.3356462558012,NO
261.98711167891014,605.9900134801142,NO
261.04502289702793,607.0349933150127,NO
260.11162170001666,608.0890660178502,NO
259.206908781136,609.1602974686518,NO
258.3614621382488,610.2781759297757,NO
257.97077211611486,610.9774607376295,NO
257.37813196176705,611.4944526106036,NO
256.1297705017524,613.0989663901466,NO
255.22511697872693,614.1800935829815,NO
254.37456547156296,615.3017164476908,NO
253.97474798886665,615.9796858819894,NO
253.37093059390855,616.4673486889264,NO
252.11798642825227,618.0842348117998,NO
251.2457067299705,619.1768548506433,NO
250.459057225456,620.3666295712578,NO
249.99820582544908,620.9985978299705,NO
249.06990749797131,622.0516343152595,NO
248.15822523251725,623.119442518939,NO
247.27488807751809,624.2200740935534,NO
246.52442689327077,625.4080864733646,NO
246.0111366253865,626.0085880771422,NO
245.07284885519735,627.0560103100396,NO
244.15845765959264,628.1221314016218,NO
243.31541321206853,629.23986512431,NO
242.96031872395682,629.9702990198016,NO
242.02174035285452,631.0169731911641,NO
241.0848826694023,632.0664844585738,NO
240.20071406746337,633.1503323970735,NO
239.42142107499453,634.3130169379356,NO
238.98744449883634,634.9907158958944,NO
238.05773561227608,636.0433714404738,NO
237.14052247871626,637.1077156791512,NO
236.2764035126995,638.2072020571787,NO
235.5516880603883,639.4071983234749,NO
235.0133411875726,640.0097877679086,NO
234.08871967289417,641.068586283508,NO
233.1966494204567,642.1486861453826,NO
232.41363915050513,643.3002955038907,NO
231.9838710913328,643.9877669634287,NO
231.0358938768409,645.0307087100739,NO
230.07799025800966,646.0674590874078,NO
229.13587585705494,647.1120253149924,NO
228.23071489590313,648.1831655197242,NO
227.46769164437484,649.355258235096,NO
227.0050539349512,650.0036772357058,NO
226.1067589558772,651.0721893880417,NO
225.25475316532405,652.1773419904638,NO
224.55411937169646,653.4038497178096,NO
224.01339744703986,654.0103131434104,NO
223.07883086489466,655.0621737333228,NO
222.14720556273775,656.1189420947824,NO
221.28094871562934,657.21143563848,NO
220.9469828308502,657.9627343104884,NO
220.0406030782961,659.0291251759044,NO
219.13147892965029,660.0984842212874,NO
218.25371044108917,661.1979907223633,NO
217.53045962664774,662.4035120298009,NO
217.01435234512917,663.0110308530417,NO
216.07628037844273,664.059792443149,NO
215.16184595781874,665.1234856562073,NO
214.36547416523976,666.2600920502075,NO
213.0716306419837,668.0520010921462,NO
212.16496736366668,669.1226458946255,NO
211.3358886024134,670.251010738438,NO
210.04198956189057,672.0326127505763,NO
209.12106333315242,673.0909128745902,NO
208.28705762492112,674.2019729199733,NO
207.0454493708083,676.034505789905,NO
206.11428782670973,677.0892182355701,NO
205.2248681247552,678.1688896367358,NO
204.48281946115122,679.3564438965338,NO
204.01006493625005,680.0072521349573,NO
203.0945301336002,681.0682912856598,NO
202.2274537848348,682.1572289730468,NO
201.54089393754714,683.3821830892273,NO
201.0211481169835,684.0151497415335,NO
200.10697910931367,685.0807801455612,NO
199.228457094905,686.1674924182839,NO
198.45361937721185,687.3460835618521,NO
198.001973821303,688.0014932386684,NO
197.07750051938416,689.0591039298945,NO
196.18885235094643,690.1331747616221,NO
195.4007461954469,691.2857054814474,NO
194.99207273931648,691.9945851001866,NO
194.08736311506294,693.0641829148379,NO
193.2120870383283,694.1483748334252,NO
192.47207807149178,695.3306084238648,NO
192.00655191335412,696.0044970307977,NO
191.09325989228165,697.0731473650906,NO
190.20834390474363,698.1514193356567,NO
189.45410358569285,699.3254162523945,NO
189.00548017632212,700.0038235328842,NO
188.0954169389446,701.0722929359932,NO
187.21956079699484,702.1570865915037,NO
186.49569053255397,703.3445455337444,NO
186.01494546512637,704.0101370798014,NO
185.1036669542654,705.0769908670799,NO
184.23952175904637,706.1689958981617,NO
183.60466063228824,707.4208605003773,NO
183.03538310924503,708.0245692013175,NO
182.11262358866975,709.08844784379,NO
181.20258887906567,710.1624722765526,NO
180.36074519369785,711.2844337093625,NO
179.97672457985703,711.9832850539271,NO
179.0562894516044,713.0407804266144,NO
178.18355405715397,714.1261934159529,NO
177.4287685576549,715.3016258322579,NO
177.00820071930377,716.0052273587969,NO
176.1185058096464,717.0806191984963,NO
175.25679223661118,718.1871536617238,NO
174.5403674482547,719.4173415709085,NO
174.02719686013046,720.0191802469953,NO
173.11426917142578,721.0827765331646,NO
170.30756532726966,721.2823475386786,NO
170.15107570347834,725.1062131202517,NO
169.28457284495857,726.2110820139696,NO
168.31822528853348,727.5347750347311,NO
167.1858807502042,729.1280939866003,NO
166.40157610621486,730.2801836565136,NO
166.0003073761302,731.0001976245553,NO
165.122355983891,732.0837492481104,NO
164.263253111428,733.193742443744,NO
163.5436916028068,734.4070764050016,NO
163.02856066704572,735.0194563219696,NO
162.1509313975392,736.1006834267747,NO
161.32324389622949,737.2419547457438,NO
160.38031707326067,738.5954136529564,NO
159.24787612713087,740.1601611169838,NO
158.55970651801772,741.4329437198272,NO
158.0336490679837,742.0238499399293,NO
157.1285122212972,743.0903402765094,NO
156.2583824496978,744.1878824717098,NO
155.53592395101268,745.4300395029632,NO
155.03105178839712,746.0214188010514,NO
154.16128832789872,747.1026380258087,NO
153.3902343452007,748.2656793257195,NO
152.99381489747904,748.9958339427864,NO
152.09985103369428,750.0690164593084,NO
151.24722496349102,751.1724286565301,NO
150.5280413458279,752.395810599817,NO
150.01604828753102,753.0116852777732,NO
149.1046634456567,754.0748330826577,NO
148.27162639730875,755.1862792953351,NO
147.29723136274168,756.523465108026,NO
146.18587945141135,758.1236858231581,NO
145.44226648158732,759.3141331816286,NO
145.01789394478195,760.0112545620307,NO
144.15788127781732,761.1005394062001,NO
143.31281054962523,762.2295734183848,NO
142.07430250571548,764.0489563240079,NO
141.20538779511313,765.1448693504472,NO
140.39011640472827,766.289902995361,NO
139.9866245053054,766.9906495378862,NO
139.08524206295445,768.0589667312119,NO
138.22654781035243,769.1597568178976,NO
137.53111854906868,770.3803606108482,NO
137.0218296243904,771.0148441445855,NO
136.1311285587483,772.0908556588419,NO
135.29611385791088,773.2150452389924,NO
134.30311417451506,774.5121799069497,NO
132.006045601622,776.087854170806,NO
130.9994641929888,776.1205565762889,NO
130.0056319535734,776.1343623228267,NO
129.0151527885501,776.1866937937689,NO
128.04324723430102,776.2915700560039,NO
126.9202185007104,776.5832104629908,NO
