Reference_Original_Index,Type Number,Name,Area,WingArea_BBoxAreaRatio,TipArea_R0p1_WingAreaRatio,Roundness,LE_TE_ratio,TipCurvature,LE_Bending,TE_Bending,TE_MaxCurvX,TE_Distal_Bending,TE_Distal_SignedCurvature,Reference_Used_For_UMAP_Fit,Reference_Initial_Edge_Distance,Reference_UMAP1,Reference_UMAP2,Reference_KMeans_Cluster
0,5,Biblidinae-1,0.355801381141892,0.616685310718333,0.0329664507329377,0.73427698394676,0.768880486859837,14.6009546950268,0.918507864379779,2.33059984766504,0.650344420681978,1.27931036938127,0.721511084937747,True,0.0,6.898666858673096,4.0500054359436035,1
1,5,Biblidinae-10,0.375671761181143,0.638738166243383,0.0304085343696637,0.76185774438767,0.752736771397632,12.3954297443834,0.679038860864513,2.00861176721384,0.576257122316945,0.26406735433249,-0.26406735433249,True,0.0,6.380319118499756,6.960042476654053,2
2,5,Biblidinae-11,0.452061445752807,0.642257221115035,0.027300022455337,0.810002906263946,0.687738340385714,18.9296868655083,0.921572774077453,2.0333500070755,0.613237104547205,0.625653782032717,-0.513630754233524,True,0.0,2.3471062183380127,1.9045627117156982,4
3,5,Biblidinae-12,0.369909886555059,0.634760750804561,0.0323268968596481,0.757435971012888,0.757019664483955,16.7489892545921,0.649384897893823,2.06590267978656,0.640974567327793,0.807512872846955,-0.177467442002979,True,0.0,6.2954511642456055,4.65656852722168,1
4,5,Biblidinae-13,0.35192879054457,0.651055056932045,0.0345001031353849,0.727421450505678,0.737759131801334,16.0398062198163,0.384470082834558,1.84048072966984,0.646509624440392,1.86267348943846,-0.752938887097501,True,0.0,5.292028427124023,5.354371070861816,2
5,5,Biblidinae-15,0.401501799643826,0.63395323444976,0.0280458767321548,0.800348599635686,0.789226441262505,15.3447565088839,0.983773820332625,1.96727136785077,0.611924734014729,0.836507840619973,-0.0282515386103711,True,0.0,5.067924976348877,-0.49988412857055664,3
6,5,Biblidinae-2,0.450686484118102,0.671044794232943,0.0351092299555267,0.791441849766667,0.670892549111024,3.92775984422716,0.457105491271702,1.96866423401012,0.632882062191391,1.69789657599055,-0.31893633643851,True,0.0,4.175352096557617,4.276773929595947,6
7,5,Biblidinae-3,0.438703888119108,0.665650075215867,0.0292338073586795,0.814918734175701,0.712298217213845,15.7106473524795,0.716367541049809,2.00890040696964,0.619520512818375,1.48763078287076,-1.02547157946885,True,0.0,2.6060006618499756,2.539771318435669,4
8,5,Biblidinae-4,0.393391086785821,0.647169118982836,0.0298857790069238,0.778538062716258,0.77085426502974,12.70818927739,0.925192524010109,2.44132334394688,0.682361793076616,1.33741052176547,-1.28767986524329,True,0.0,4.589294910430908,1.4412521123886108,3
9,5,Biblidinae-5,0.404037145349604,0.652430001927777,0.0293189361293282,0.799614662153441,0.786104425883798,11.4665271687017,0.994841255176182,2.22991924359385,0.699620239380632,1.25646787148881,-1.05572580535688,True,0.0,5.0721964836120605,1.0240726470947266,3
10,5,Biblidinae-6,0.411075138561907,0.634404310934432,0.029158419450117,0.779076228658451,0.706998947507222,11.0183696800216,0.633106410400207,2.04818226998015,0.624119676962063,0.717559764409832,-0.345714047424116,True,0.0,3.025759220123291,3.5235755443573,4
11,5,Biblidinae-7,0.406874415714104,0.65309394643929,0.0295418491488345,0.782370860448026,0.774390265082145,11.8735729469835,0.494797478075504,2.85681760854842,0.658476734470137,0.178830586565093,-0.17625926199072,True,0.0,4.103138446807861,0.9916090369224548,3
12,5,Biblidinae-8,0.369596930009047,0.638743834533773,0.032175805547034,0.762425681498686,0.774376052044713,12.4761969373902,0.712222280761669,1.97486456424401,0.638533135987777,1.02232936307693,-1.02232936307693,True,0.0,4.703896999359131,3.6661720275878906,6
13,5,Biblidinae-9,0.414067538091813,0.654682198452897,0.0283354224351695,0.803542193559721,0.73633448303109,11.7384276716014,0.780804455615998,2.03327653556666,0.62167398522274,0.231016240356801,-0.101436775151443,True,0.0,2.9411895275115967,2.5256309509277344,4
14,6,Charaxinae-1,0.3963309244268,0.586614515912434,0.0259914153274983,0.76089699456316,0.746533044844747,18.1104355376947,0.991495520507605,2.09132338190185,0.399216040975071,0.95208261127355,0.95208261127355,True,0.0,9.076560020446777,7.917525291442871,5
15,6,Charaxinae-10,0.415526124169406,0.555463148584477,0.0218645368411261,0.710823611469516,0.760908228575193,27.532179781814,1.06296842821001,2.14651190207961,0.570897674038247,3.57889414711241,3.53130460322445,True,0.0,6.004542827606201,-1.3731580972671509,3
16,6,Charaxinae-11,0.42775664284055,0.570766109253254,0.0192253390319923,0.753343171217836,0.69358614485709,26.3695858606737,1.01224654614848,2.0841629799674,0.53335413000012,1.5468486665326,1.5468486665326,True,0.0,5.733530521392822,-1.0169225931167603,3
17,6,Charaxinae-12,0.39153157947016,0.596942315832895,0.0242338441865015,0.76175161079788,0.763590893587877,21.3904721598085,1.02789768889822,2.15126628367512,0.493084051875291,1.4754611607263,1.4754611607263,True,0.0,5.7206196784973145,-0.980833113193512,3
18,6,Charaxinae-13,0.488363458907056,0.674724471764828,0.0203179098977907,0.87150401458259,0.728914174108197,21.1269352101259,1.15342667405226,2.04071957586432,0.58272013000795,1.81699547603306,-1.81699547603306,True,0.0,1.7574107646942139,2.011481285095215,4
19,6,Charaxinae-14,0.456803162611503,0.59019395865613,0.0187923090490193,0.739249522076707,0.704129976962679,25.1048815381234,1.13134528871364,2.13723428166788,0.554352379118596,4.91793407917041,4.82289260688932,True,0.0,6.002420425415039,-1.4053369760513306,3
20,6,Charaxinae-15,0.409731352963323,0.568498786095881,0.0231879545662543,0.754495146216668,0.770983424158824,22.0215537467879,1.00469632563347,2.17424795141663,0.46079418217674,0.88207536506765,0.88207536506765,True,0.0,5.709672927856445,-0.9717340469360352,3
21,6,Charaxinae-2,0.397615061027057,0.591084820583086,0.0242678699891819,0.764305075550068,0.715358139115389,20.1210620814591,1.02200848811443,2.06896720804662,0.571303932227916,0.703228470130549,0.703228470130549,True,0.0,5.5432281494140625,-0.8090084791183472,3
22,6,Charaxinae-3,0.376553702211578,0.578481210127957,0.0177932444783941,0.72920131857932,0.795311044369644,34.2839124094001,0.856085717835053,2.1081560690529,0.543711793445635,1.61285819958227,1.61285819958227,True,0.0,5.834820747375488,-1.1107646226882935,3
23,6,Charaxinae-4,0.408665137629497,0.594785606388148,0.0244829294096236,0.77867098535364,0.75662819321402,18.614262770702,1.01516168859809,2.22855676678031,0.497477586608439,1.13344405476616,1.00954317092587,True,0.0,5.697038173675537,-0.9494487643241882,3
24,6,Charaxinae-5,0.378842784402475,0.527660318299868,0.0108283720554298,0.651624851880053,0.770631624409047,41.4650057154277,1.29505863192143,2.25914031751859,0.422106240068674,4.98905060467885,2.38236035843316,True,0.0,5.840062141418457,-1.1243165731430054,3
25,6,Charaxinae-6,0.397105788892123,0.657974556108102,0.0288245691621316,0.734436283226249,0.793018664157852,15.9684955478522,1.11665201100159,1.29838651221049,0.743657553692184,9.67108877783234,-9.67108877783234,True,0.0,4.536673069000244,1.864089846611023,3
26,6,Charaxinae-7,0.432072839609827,0.575080511181746,0.0155062441359354,0.768324739177069,0.698663767273001,31.2310849836656,1.11739511460994,2.21152359915044,0.509136159283548,4.08684513118053,2.07634179299748,True,0.0,5.847574234008789,-1.1361016035079956,3
27,6,Charaxinae-8,0.428198595104082,0.582972759396638,0.0221503627761961,0.732104864585209,0.740558115594016,10.890091577885,1.08035228472108,2.19082466168616,0.571684084886589,4.89099128684144,4.52349904872082,True,0.0,5.99881649017334,-1.397831916809082,3
28,6,Charaxinae-9,0.442809772261287,0.596882406897079,0.0235736801297151,0.780225595944574,0.719778822840267,17.1189650777361,0.97369150029316,2.30202628200162,0.612798416313483,0.393875228857997,0.393875228857997,True,0.0,5.213038921356201,0.3998056650161743,3
29,7,Danainae-1,0.370443983358789,0.640571692859143,0.032365384622815,0.760826822759354,0.784008640526651,15.181934501042,0.688321890356441,2.00321019959148,0.537507951879207,1.5310820092573,-0.0624321398771881,True,0.0,6.471647262573242,7.089500427246094,2
30,7,Danainae-11,0.30567365290315,0.666621591335101,0.0379155048431315,0.697558594545932,0.836538987391896,13.4485618398391,0.597853877743576,1.66029888002509,0.710259922573471,2.38268696574828,-1.6737855045557,True,0.0,7.668674945831299,5.300343990325928,1
31,7,Danainae-12,0.365857272449883,0.687598021477607,0.0345038886217873,0.776523295577327,0.838532485784521,9.14285969315961,0.736320241611985,2.02868304882827,0.696307007021401,1.61661722573919,-1.04850039007849,True,0.0,4.825967788696289,3.539900541305542,6
32,7,Danainae-13,0.308737252769928,0.671115500478841,0.0368453031448494,0.711352537384668,0.839488490727419,13.941494938679,0.509139005602702,1.7710542520144,0.556065629276198,1.42720701846853,-0.825300592569066,True,0.0,7.715860366821289,6.383743762969971,1
33,7,Danainae-14,0.32693994098277,0.614463547495355,0.041593591445738,0.699012329668166,0.799299650879669,11.8189262529017,0.858900111504824,2.65297061635725,0.711851545910178,1.89822218932201,-1.0933569556672,True,0.0,7.42624568939209,3.3485963344573975,1
34,7,Danainae-15,0.332235730028655,0.624828055605085,0.0360696065394139,0.725949345501695,0.854753460215338,12.8341358044777,0.790317538293308,2.1495342547987,0.675742796374951,1.52733063893722,-0.384573892101513,True,0.0,7.020463466644287,4.1735429763793945,1
35,7,Danainae-16,0.31872375632266,0.607041393857436,0.0415600696303804,0.682252661229661,0.832662955598793,14.6286667059833,0.867281724425359,2.57475403039086,0.772755434417132,1.542989690576,-1.39688191160727,True,0.0,7.421958923339844,3.34195876121521,1
36,7,Danainae-17,0.295773053121757,0.609129717697619,0.0420616572576146,0.666237427982567,0.881940983651339,9.39702657390049,0.776411269928954,2.74395914135341,0.714149015013881,2.26328699362831,-1.11225596381131,True,0.0,7.473801612854004,3.3665921688079834,1
37,7,Danainae-18,0.3374516449053,0.660886077754245,0.0366763666708302,0.727604124063338,0.82027617148741,14.027720981584,0.721721309595652,1.97481001738284,0.704221667783235,3.29769029801643,-0.686231281917754,True,0.0,7.292186737060547,5.042417526245117,1
38,7,Danainae-2,0.359486965431076,0.63642700067512,0.0332501350101061,0.758015922163301,0.774421012765625,11.5278202307453,0.70463177066396,1.96116376530663,0.608734003592894,2.20645691125082,-0.0228306089725542,True,0.0,6.73194694519043,5.78688907623291,1
39,7,Danainae-20,0.345688547418298,0.627617932526397,0.0385334979061714,0.716551766673262,0.774081855570865,13.7013057509627,0.780412650449059,2.53833460305234,0.753758059708495,2.95982028567885,-1.05939550886604,True,0.0,7.420605182647705,3.349973201751709,1
40,7,Danainae-21,0.264499699808823,0.608486293895078,0.0450936160313665,0.621205343430073,0.829988179499008,15.7097005236995,0.568971718751296,1.9643337687157,0.715914217183982,2.53477687523268,-1.25975531671277,True,0.0,8.002692222595215,5.07162618637085,1
41,7,Danainae-22,0.326806691642067,0.591667838446716,0.032980433967163,0.712420845336822,0.811066969783397,15.1006046685528,0.976638544712384,1.91637902636648,0.633367688978844,1.2024993384644,-0.838726561310875,True,0.0,6.458700656890869,5.02120304107666,1
42,7,Danainae-23,0.340629056370989,0.640910605023172,0.0287075218807644,0.735662652247701,0.78659259284233,16.6439737972001,0.794515458927079,1.76561537057355,0.62437272491985,1.2526248294482,-1.03773923281903,True,0.0,5.971550941467285,4.7862548828125,1
43,7,Danainae-3,0.358123029075332,0.645830104311399,0.0322829560015976,0.755755868927961,0.850962715178578,12.1929769280753,0.682172657210309,1.95324822599577,0.525199376478531,1.23389795076167,0.031496852698001,True,0.0,6.44900369644165,7.133844375610352,2
44,7,Danainae-4,0.353767870179233,0.654383761437177,0.0314062588516371,0.741157833653937,0.772611572993717,15.9712654394212,0.630636468129396,1.93407114347301,0.671659294688768,2.66046137450446,-0.354179106445196,True,0.0,6.279142379760742,4.946274757385254,1
45,7,Danainae-5,0.400100424545077,0.625298409599683,0.0281573999657893,0.790154115293259,0.810280341668983,12.2670135176961,1.01472115204108,2.06271732494299,0.564472628565326,1.34185404422608,0.165564740925485,True,0.0,5.1105804443359375,-0.5358124375343323,3
46,7,Danainae-6,0.347624533862574,0.612762471741849,0.037138984278116,0.710265787713444,0.738355901097686,15.109114914947,0.681919481903153,2.44301855180391,0.725605338722804,2.84586589022977,-0.909304068132111,True,0.0,7.384884834289551,3.3861725330352783,1
47,7,Danainae-7,0.391198251497963,0.65812198179777,0.0301229177851538,0.791701209433965,0.757787472604125,12.2692199722292,0.739397089445322,1.93542008995533,0.589825568659584,1.40896817598558,-0.089702723972979,True,0.0,3.170377492904663,3.3624186515808105,4
48,7,Danainae-8,0.294525304985933,0.634777133975973,0.0402779014421399,0.677652085424906,0.872329600271517,12.6898450953493,0.7019747499701,1.84875980987799,0.704244520277238,2.62776199342903,-1.35420709819343,True,0.0,7.9255170822143555,5.123901844024658,1
49,7,Danainae-9,0.281767118813248,0.640481331222888,0.0435154633369278,0.660271413804778,0.948223808656835,10.8150721825011,0.778794763939202,1.89851651819596,0.735913328962265,2.14473531653858,-1.55096772863112,True,0.0,7.968352317810059,5.0823235511779785,1
50,8,Heliconiinae-1,0.320532100764533,0.672478804699533,0.0373901222112053,0.725000731665869,0.841680673584438,11.9568619386161,0.46324576898144,1.82541304565615,0.548814642180937,1.32550480939872,-1.32550480939872,True,0.0,7.641488075256348,6.342458724975586,1
51,8,Heliconiinae-10,0.387111919903074,0.675099879789394,0.0338067027102314,0.767979076367668,0.725157790830464,11.928546733508,0.515249993099628,1.78981024623546,0.640583975611443,1.80828127393656,-1.80828127393656,True,0.0,4.749534606933594,4.263470649719238,6
52,8,Heliconiinae-11,0.335070117611869,0.665846836920568,0.037728863332097,0.724282632331464,0.787401340090361,13.2049198671705,0.548801730791995,1.84529204284108,0.716458081485073,1.95854026341677,-1.83467183353344,True,0.0,7.434123516082764,5.240920066833496,1
53,8,Heliconiinae-12,0.385429442996138,0.657357188845013,0.0340301214571805,0.775539821728349,0.747137591650172,11.3757032607047,0.593524763734918,1.96240106363877,0.661048364190631,1.08912544177364,-0.95276536855985,True,0.0,4.668096542358398,3.953167676925659,6
54,8,Heliconiinae-13,0.351465384930735,0.63823429928035,0.0361673863466836,0.726579406965461,0.779882254258965,13.6792400454645,0.58426609319439,1.90377020249587,0.479622354704018,1.51405853560718,0.227315652003535,True,0.0,7.977529525756836,6.93091344833374,5
55,8,Heliconiinae-14,0.297589845073099,0.664963230658749,0.0410017158344389,0.68547705947917,0.837681670058798,9.98203083488895,0.666258436037853,1.43063216706274,0.618537300745051,3.26602647276057,-0.364178762878385,True,0.0,7.708184719085693,5.389595031738281,1
56,8,Heliconiinae-15,0.257820323632026,0.654510688732868,0.047438583269206,0.625621081036879,0.882988636607536,16.3669329121319,0.664182379501259,1.58768448431007,0.741653640777953,5.06032377993422,-0.946787807389352,True,0.0,8.01317310333252,5.064317226409912,1
57,8,Heliconiinae-16,0.313723468759624,0.66557463080222,0.0379333771774621,0.696379918479013,0.772094012006051,17.734496729357,0.614478285602934,1.67130238368329,0.667521559114697,2.49488448846145,-0.903313040657377,True,0.0,7.678737163543701,5.3026838302612305,1
58,8,Heliconiinae-17,0.316219027901801,0.649538964025716,0.04153759466037,0.706325702097927,0.884043005384488,7.61895656924047,0.750466550254437,2.36065804923793,0.711005024390605,2.04984854442431,-1.25217145120741,True,0.0,7.466742992401123,3.357356548309326,1
59,8,Heliconiinae-18,0.323339543278472,0.650000195611986,0.0420014166065849,0.70537947342618,0.804058289829747,9.34733023242163,0.534728689198303,2.03237302271471,0.706346058810987,3.02706420070733,-0.951447283811769,True,0.0,7.465512275695801,4.8981757164001465,1
60,8,Heliconiinae-19,0.332007091957738,0.632267815408985,0.0381699967846657,0.730681606569314,0.849669886009306,9.94431742009909,0.871297997427336,2.29689329530327,0.698851596911857,2.77865165659759,-0.908783764518955,True,0.0,7.425393581390381,3.3250300884246826,1
61,8,Heliconiinae-2,0.370117499803997,0.663455847764591,0.0327145929172485,0.76742099959915,0.80721361307697,10.4023505620149,0.601454713366243,1.97175043252368,0.663561126762903,1.4887328455184,-1.12963249437581,True,0.0,4.762636184692383,3.955364227294922,6
62,8,Heliconiinae-20,0.283870277611465,0.633276515672773,0.0419348327076297,0.662720888927752,0.887561938379958,11.5362437305334,0.725973080477306,1.90249764380234,0.686610355344495,2.84000460700746,-0.64418252474165,True,0.0,7.990633010864258,5.080036640167236,1
63,8,Heliconiinae-21,0.403933035892196,0.672661322087546,0.028994813806961,0.813830849035547,0.789699826341264,17.6284705799565,0.855373765667625,1.88879431778758,0.604997730352928,0.753195689597422,-0.640456689240855,True,0.0,2.7691099643707275,2.7035410404205322,4
64,8,Heliconiinae-22,0.389097754149733,0.678075174292412,0.0332589978309188,0.798257799064356,0.798800362196272,12.7196625898794,0.807451318159087,1.82297363595638,0.6154552954128,0.748971077598917,-0.40710872961801,True,0.0,3.612743377685547,2.990816354751587,4
65,8,Heliconiinae-23,0.303262477766175,0.674227141805822,0.04117466851349,0.712297930367098,0.922506543470955,10.4158266717104,0.811710749110971,1.52878083994503,0.587068583175077,2.28646448807102,-0.639487028156697,True,0.0,7.610767364501953,5.432749271392822,1
66,8,Heliconiinae-3,0.393788658632599,0.655057777876925,0.0332216447561229,0.79750413462097,0.843508272089045,13.1294392969555,0.984602933700145,1.97905875935883,0.650442802170304,0.224222702027745,0.085213397067795,True,0.0,3.1006429195404053,2.5281918048858643,4
67,8,Heliconiinae-4,0.339572458339682,0.654087174727744,0.0379417618082571,0.719906897428589,0.751125541764246,10.3956068126845,0.510272331007798,1.79881520875859,0.659893076224015,1.66444867325261,-0.883863039708209,True,0.0,7.380640506744385,5.241887092590332,1
68,8,Heliconiinae-5,0.310889928776755,0.634669242915643,0.0395101032286331,0.701362350672282,0.842610996548141,16.3872034604314,0.746220196736204,1.89613950557477,0.556677356851214,2.11093563779846,0.157992974965,True,0.0,7.818020343780518,6.5227460861206055,1
69,8,Heliconiinae-6,0.335974123845793,0.6601291297362,0.0404142982414522,0.735460054712443,0.865462406582392,5.83203738991211,0.551636230660837,1.76039609397769,0.678285763143564,2.07269716677919,-1.0402197459138,True,0.0,7.508526802062988,5.261022567749023,1
70,8,Heliconiinae-7,0.350957341026855,0.654849590879067,0.0363837628899092,0.740898298790192,0.808576304894586,8.63596397963782,0.464960726982644,1.92444485620045,0.678185713675852,2.27149406304195,-0.756003706551388,True,0.0,5.328336715698242,4.586459159851074,6
71,8,Heliconiinae-8,0.332665229663381,0.641798646077481,0.0398236971046062,0.722644170959014,0.829640118628585,7.55925207928933,0.721051844271463,1.7916967699813,0.67823749604741,3.09733160327359,-0.760376571774359,True,0.0,7.499085426330566,5.280372619628906,1
72,8,Heliconiinae-9,0.330635068812817,0.645170286530416,0.0375511007721622,0.721467907573917,0.807205977836261,10.1606012602924,0.552749209608054,1.92201094445742,0.67862469399619,2.59383921086626,-0.64402176031649,True,0.0,7.2855682373046875,5.011285781860352,1
73,1,Hesperiidae-1,0.380694814591199,0.646671893823539,0.0255568988499427,0.772579404728375,0.724905003731573,20.4502838691327,0.474052872973383,2.06241082597588,0.52509025556882,0.991777093511184,-0.991777093511184,True,0.0,1.902900218963623,6.607207298278809,0
74,1,Hesperiidae-10,0.38541102885331,0.671472696575439,0.0267851875299583,0.763223955436883,0.734580629274231,17.3392610748214,0.380400823753186,1.84628614619948,0.38684002669199,1.33996600640913,-0.371945803149142,True,0.0,2.5081560611724854,7.323679447174072,0
75,1,Hesperiidae-11,0.350819578073383,0.699106231928432,0.0285285661900531,0.729058678587168,0.782003994716816,19.6213331264624,0.190393221000126,1.74886766887937,0.403471466130474,1.58994004750778,-0.392825735358522,True,0.0,7.777268409729004,8.365620613098145,5
76,1,Hesperiidae-12,0.377842429749325,0.668936275313263,0.0273425449665935,0.769565663587597,0.713327534488878,18.8438569734324,0.459067194736,1.97180380078832,0.454858751523118,0.789651870184059,-0.40249670257205,True,0.0,2.502736806869507,7.288631916046143,0
77,1,Hesperiidae-13,0.334247502145229,0.663656867114296,0.0322018900103849,0.715119216296288,0.811244187727406,16.7571971112987,0.43902346901314,1.69331361984601,0.667029683298923,2.08545384847596,-2.08545384847596,True,0.0,4.903304100036621,5.4931960105896,2
78,1,Hesperiidae-14,0.43768506914099,0.672322130264616,0.026717641471009,0.793053050882367,0.692082757088739,13.539575370717,0.195028203419781,1.93448190228253,0.634581560136716,0.875708300020573,-0.875708300020573,True,0.0,1.1528739929199219,6.570407867431641,0
79,1,Hesperiidae-15,0.333589024208994,0.644653808767544,0.0328673665049118,0.701538376417221,0.739597580333101,16.4754901410788,0.36608353667334,1.79774636784717,0.652642355338052,2.31356519385045,-1.1346759373249,True,0.0,5.107791423797607,5.4664411544799805,2
80,1,Hesperiidae-16,0.351116736236267,0.668056375058611,0.0306700442726948,0.747216595048134,0.787328050184862,16.8704213158564,0.437122041216974,1.79984706638377,0.636486551805953,1.6349314456224,-0.680234972756942,True,0.0,4.892793655395508,5.108002662658691,2
81,1,Hesperiidae-17,0.378655084651596,0.669369198442971,0.0265479598372326,0.755008425306693,0.756293059920132,20.6071213585427,0.698318369866533,1.72905014752604,0.636222288602206,1.17323460443596,-0.303423991386825,True,0.0,5.729960918426514,4.668468952178955,6
82,1,Hesperiidae-18,0.349494407470745,0.612202346576809,0.0294004063061041,0.725299850057418,0.763807063767288,19.7621104315926,0.601265276821129,1.97471587566915,0.412773283618893,1.11465401788888,0.0334133620073111,True,0.0,8.144245147705078,7.928314685821533,5
83,1,Hesperiidae-19,0.368209152824371,0.64763686824049,0.0243040419815046,0.725673339785653,0.699908762287336,22.9022916746372,0.43142990996115,2.17056771938437,0.648536739505404,2.67960993249554,-2.67960993249554,True,0.0,3.8188743591308594,5.834518909454346,2
84,1,Hesperiidae-2,0.293930734819008,0.628359165444273,0.0322689160819236,0.677427963760502,0.793332019027292,20.4737488231113,0.54576332875214,1.83765865395522,0.532968472201131,1.22214136307097,-0.376044556887096,True,0.0,7.660455226898193,6.435647487640381,1
85,1,Hesperiidae-20,0.332241606951643,0.658858586587339,0.0316588248605728,0.72121532277398,0.753897857476073,14.8913205150269,0.396369811888865,1.81113537613221,0.637403295378449,2.02392420369638,-1.26786158927975,True,0.0,4.901040554046631,5.499029636383057,2
86,1,Hesperiidae-21,0.337494829664827,0.651863906716904,0.0285356108941724,0.716840689214624,0.748791700265422,20.3407955336471,0.309779170095397,1.96147156205807,0.595843164771319,0.947547962824703,-0.715637352076153,True,0.0,4.521644592285156,6.759852886199951,2
87,1,Hesperiidae-22,0.320516997075379,0.677166879523355,0.0313799622563664,0.706478500688212,0.773312710038417,19.7308614858167,0.213648575010843,1.67282830628306,0.370606346444215,1.41027915648755,-0.418216780367095,True,0.0,7.809702396392822,8.333943367004395,5
88,1,Hesperiidae-23,0.361908603706499,0.65952426758324,0.0282750887896851,0.732060593056846,0.715550350106075,19.137859408851,0.219696112992596,1.96438826777292,0.640998563792231,1.11674919652812,-1.11674919652812,True,0.0,4.245595932006836,6.557563304901123,2
89,1,Hesperiidae-24,0.379971095636107,0.681601209900713,0.0252741113011772,0.743299523819432,0.685635197501837,19.3946306838078,0.198289720384939,1.79900054949427,0.643092808043946,1.89101898460763,-1.89101898460763,True,0.0,4.323599815368652,6.206930637359619,2
90,1,Hesperiidae-25,0.347118232435881,0.669094626284299,0.0258427559286197,0.741396655850168,0.775262392523636,23.6792649285553,0.405336438703034,1.77748931779827,0.653503286859725,1.71462377491264,-1.71462377491264,True,0.0,4.4545159339904785,5.786775588989258,2
91,1,Hesperiidae-26,0.38064010544128,0.653294448284534,0.0289050094241987,0.766327118239088,0.709813522174274,14.1941047953559,0.467999645830788,1.96213788293874,0.45105784319841,1.30181035660663,-0.532825877310818,True,0.0,2.498234510421753,7.3254499435424805,0
92,1,Hesperiidae-27,0.378921382322546,0.659980366705489,0.0266337909047453,0.77228264597475,0.742288803006734,19.5933843882532,0.538958292950303,1.9170098025672,0.425172742768312,1.21249892633694,-0.415392617743727,True,0.0,2.469867706298828,7.271767616271973,0
93,1,Hesperiidae-28,0.336381796480869,0.682611978463256,0.0319985273988688,0.729086053095215,0.78442406834151,16.9044587635607,0.371214774292505,1.82927711272317,0.519161296227312,1.64761869054747,-0.556180283225836,True,0.0,7.820272922515869,8.300741195678711,5
94,1,Hesperiidae-29,0.421958601134644,0.659270799811817,0.0253467952219004,0.799983386674054,0.693906791499092,18.8384311566565,0.727993519708067,1.85852137535063,0.639734047990547,1.70530015347611,-1.70530015347611,True,0.0,1.4743138551712036,4.899840831756592,0
95,1,Hesperiidae-3,0.38580643988954,0.685372490190019,0.0271068204346223,0.786762144744113,0.726808498065951,17.8093417400677,0.620282647222779,1.91492839623396,0.504206633078051,1.04973563109697,-1.04973563109697,True,0.0,2.425604820251465,7.238709449768066,0
96,1,Hesperiidae-30,0.421958601134644,0.659270799811817,0.0253467952219004,0.799983386674054,0.693906791499092,18.8384311566565,0.727993519708067,1.85852137535063,0.639734047990547,1.70530015347611,-1.70530015347611,True,0.0,1.4752044677734375,4.905900955200195,0
97,1,Hesperiidae-31,0.391602192883876,0.641923986924413,0.0245716073436599,0.751872848434148,0.697202568427723,20.1929099420186,0.494317445152733,2.29573941165575,0.670105900782921,1.54345574488461,-1.49464396984218,True,0.0,1.8109203577041626,5.3960466384887695,0
98,1,Hesperiidae-32,0.414266108555295,0.701829947793674,0.0277728810349329,0.800459383097744,0.712944879717106,14.8539201235977,0.473107045570178,1.94778090103466,0.591066919248986,1.00618664987384,-0.961681856134399,True,0.0,1.2169550657272339,5.653392791748047,0
99,1,Hesperiidae-33,0.420260425524858,0.682190064271909,0.0278246011324052,0.796216281858555,0.705085317247579,13.2473574448915,0.269766461311425,2.02573345575415,0.608501732013443,1.17263170145358,-0.979361212581743,True,0.0,1.1670960187911987,6.556571960449219,0
100,1,Hesperiidae-34,0.399743771936839,0.661474032408531,0.0272516637962708,0.777913694965478,0.720134681937275,15.2162295523468,0.424888189672941,1.98010882989093,0.608770465063671,0.840910563123909,-0.811041660069691,True,0.0,1.545008897781372,5.990281581878662,0
101,1,Hesperiidae-35,0.344186471921138,0.622505367020652,0.0292799554379054,0.726929292222018,0.747626912787216,18.2600272853931,0.484300448205437,1.92862526460804,0.419837856573594,1.03415646593228,-0.445829411637196,True,0.0,7.905322551727295,8.21703052520752,5
102,1,Hesperiidae-36,0.350145995289732,0.640166073664072,0.0307212253150709,0.715195323620108,0.716129916729649,16.4813513399882,0.481790948209099,2.17322725385319,0.698399072363999,2.77554811224703,-2.77554811224703,True,0.0,3.9532995223999023,5.7886762619018555,2
103,1,Hesperiidae-4,0.331958986566386,0.644980630880265,0.0320385686786597,0.722344120130434,0.785230475560633,15.6409578550648,0.453752545408963,1.86850841775282,0.425010791240149,0.66580884559582,-0.603883953848846,True,0.0,7.902931213378906,8.251346588134766,5
104,1,Hesperiidae-5,0.352210732312719,0.662206424256546,0.0311098960671313,0.732191512602016,0.732751984529762,15.8248589195102,0.400987528019915,1.86911415753842,0.63505501292392,1.85755257519873,-1.85755257519873,True,0.0,4.666642665863037,5.5484113693237305,2
105,1,Hesperiidae-6,0.356497468501497,0.660381901809664,0.0311144204993795,0.733167875712296,0.709083983225132,15.0323310090416,0.309794566174473,1.93415971593401,0.450845538505523,1.16011633838311,-0.354059606441129,True,0.0,7.806942939758301,8.325824737548828,5
106,1,Hesperiidae-7,0.360629986597501,0.643192861260003,0.0264096395704407,0.74803115527428,0.74235469292705,20.1455521990763,0.441627403727645,2.0150854509005,0.638682507257374,1.57511210565307,-1.57301616080378,True,0.0,3.860753297805786,5.907132148742676,2
107,1,Hesperiidae-8,0.341890677397073,0.66503555521915,0.0311883186627014,0.73525310413338,0.780419717432866,17.1121867801229,0.400327230889991,1.82967499735963,0.406997776902112,1.02851839342401,-0.291908075162273,True,0.0,7.816650390625,8.32868766784668,5
108,1,Hesperiidae-9,0.390371719881669,0.650909420433177,0.0209794340094501,0.770040058766076,0.700162004977853,24.1830628767715,0.423144773646295,1.99840974332019,0.600874397242288,1.56870151986439,-0.689954259587831,True,0.0,1.8023658990859985,6.210896968841553,0
109,1,Hesperiidae_Anisynta_cynone,0.367218400586295,0.653186115752789,0.0299777558376949,0.714394179484862,0.724692474840448,14.1287008933121,0.0872098820528536,2.22488378094839,0.661919520440076,2.03584544444537,-2.03584544444537,True,0.0,4.165271759033203,6.567481517791748,2
110,1,Hesperiidae_Antipodia_atralba,0.335532593091642,0.646807539181051,0.0336254989086315,0.695753056173766,0.772905610491986,22.1435110858793,0.0476122202369076,2.05739194026214,0.670878287818196,1.67806788533392,-0.711080704029487,True,0.0,4.367837905883789,6.9071879386901855,2
111,1,Hesperiidae_Cephrenes_augiades,0.331379173031118,0.653651391506814,0.030468668609843,0.709039655602694,0.763012627685869,19.7836689961876,0.156037051912882,1.93796986148718,0.557512957120456,1.36995409522236,-0.65982765367724,True,0.0,4.492262363433838,6.8134026527404785,2
112,1,Hesperiidae_Croitana_arenaria,0.390308592872416,0.641796736248093,0.029432533661369,0.73264916491993,0.70724699545033,18.027802890745,0.348979135856527,2.05267397821734,0.584198603567585,1.09394060022377,-0.675670082176674,True,0.0,3.333106517791748,6.360661029815674,0
113,1,Hesperiidae_Dispar_compacta,0.3770056993078,0.68044734093977,0.0300755318532415,0.72072771492604,0.728073728522554,11.1815283072998,0.113477797578777,1.82828565174006,0.628860643299367,1.57526967518688,-0.817056141282601,True,0.0,4.394986629486084,6.554289817810059,2
114,1,Hesperiidae_Herimosa_albovenata,0.365078115529722,0.683191052253792,0.0306438618986277,0.727637339289332,0.746359010039716,15.6217135762577,0.229257516446093,1.90391388621733,0.654262158603469,1.32478054613574,-0.992465057521032,True,0.0,4.38054895401001,6.567039966583252,2
115,1,Hesperiidae_Hesperilla_chrysotricha,0.375506397389142,0.650524680927375,0.027004246530625,0.740360224206359,0.741644285645879,18.3701272459656,0.303949822736684,2.08869517979091,0.630415878499143,0.789874195586441,-0.789874195586441,True,0.0,3.4178073406219482,6.283823013305664,0
116,1,Hesperiidae_Hesperilla_donnysa,0.34828785019609,0.662954979304133,0.0305245787318557,0.710211597488441,0.755174975368928,18.2209719793446,0.123697514707755,1.94737071314859,0.635756090933441,1.22683103071425,-0.612626952357885,True,0.0,4.497386932373047,6.799854755401611,2
117,1,Hesperiidae_Hesperilla_flavescens,0.312950451127129,0.639619965458246,0.0335932155369681,0.680762009432727,0.788917073637499,16.030139315239,0.123073961074093,2.15610220322982,0.681711992573661,1.36435472818224,-1.01765370078917,True,0.0,4.254621982574463,7.006600856781006,2
118,1,Hesperiidae_Hesperilla_idothea,0.340530693912841,0.658892397851345,0.0285266724153717,0.699937229170473,0.743037756985383,21.1949508673485,0.218803205017246,1.95342761476973,0.642614414800908,1.03911212783828,-0.91184855665064,True,0.0,4.41058874130249,6.844377517700195,2
119,1,Hesperiidae_Motasingha_trimaculata,0.325851389840569,0.656282674449934,0.0310602377907103,0.692404038647878,0.755223655293651,17.7803220610607,0.171184063830762,1.99456949254094,0.645615931787938,1.21386551836512,-1.21386551836512,True,0.0,4.307109355926514,6.955394268035889,2
120,1,Hesperiidae_Ocybadistes_walkeri,0.362469816201882,0.637133338716722,0.0297811113472023,0.710322856125506,0.703635330091603,16.2706497542589,0.45394333751638,2.25954766652607,0.663283188905965,0.956309827759323,-0.902793485980872,True,0.0,6.046009540557861,3.4559247493743896,6
121,1,Hesperiidae_Signata_flammeata,0.372879065945973,0.675262900826905,0.0273203633860229,0.748148536233774,0.731769584148794,18.5583324262806,0.152677500426907,1.88119725563537,0.630529099533517,0.940958000315719,-0.820363812183038,True,0.0,4.299749851226807,6.481235027313232,2
122,1,Hesperiidae_Taractrocera_papyria,0.408926510213291,0.639724397723639,0.0250244764939725,0.692943732677813,0.628301954275311,22.5518703119306,0.336680610346391,2.03693626134286,0.613338049565647,0.965864535962921,-0.801362335752984,True,0.0,3.361340284347534,6.334427356719971,0
123,1,Hesperiidae_Trapezites_eliena,0.42456945243119,0.682040994975205,0.0255019828112785,0.781851550315612,0.709974855939186,14.8896633652661,0.184974903334841,1.98716555662921,0.596586709559095,1.3068887311846,-1.3068887311846,True,0.0,1.1618174314498901,6.587521553039551,0
124,1,Hesperiidae_Trapezites_lutea,0.356341835814819,0.652454330995866,0.0277356280472045,0.714805050498962,0.722313190882357,19.1170470297059,0.191222564920259,1.95750262483758,0.604747363785514,0.403899014541764,-0.221225996187604,True,0.0,4.575113773345947,6.755642890930176,2
125,1,Hesperiidae_Trapezites_phigalia,0.366956669034464,0.660482310133291,0.0264819119149886,0.738350203145725,0.72109119415421,20.5621030448956,0.0817590873017865,1.94761758458627,0.594101502086137,0.678514058156347,-0.678514058156347,True,0.0,4.332440376281738,6.549704074859619,2
126,1,Hesperiidae_Trapezites_sciron,0.338466889401965,0.655995158252021,0.0285942641655122,0.714294860519056,0.765293945932149,20.2113241405076,0.267886112031911,1.91517155073837,0.584673946599449,0.843648465766889,-0.788630665475423,True,0.0,4.5146284103393555,6.787843227386475,2
127,1,Hesperiidae_Trapezites_symmomus,0.350526261966382,0.66313352998671,0.029412197746802,0.738565625062428,0.761760363550286,19.8048694248065,0.381414952106112,1.86160946351136,0.620285186495849,1.09861659557848,-1.09861659557848,True,0.0,4.534276485443115,5.679088592529297,2
128,9,Limenitidinae-1,0.409949753819886,0.659940178730299,0.0301699840014252,0.807917164407348,0.821443971472204,15.6546713626621,0.761008069252439,2.05366250593994,0.509978631713315,0.661832348742512,-0.21335163643998,True,0.0,2.8365306854248047,3.4466540813446045,4
129,9,Limenitidinae-10,0.333021918841751,0.609201998951925,0.0326521429244367,0.716963071081801,0.800053917448066,13.9307220900326,0.703287294391463,1.92194002563497,0.625170955366353,1.58714331486067,0.0138285439535793,True,0.0,6.397119998931885,5.124322891235352,1
130,9,Limenitidinae-11,0.357298341162764,0.615201597071931,0.033058926085588,0.738206965554135,0.755451260258784,18.9660144059168,0.611884200358479,1.94171894175176,0.604918460818516,1.58240709521831,-0.0880448441735922,True,0.0,6.337802410125732,5.169076442718506,1
131,9,Limenitidinae-12,0.337357428693548,0.607311438811378,0.0328726513056669,0.711048339529355,0.75324569642372,14.6996413435925,0.54705103061329,2.02787225691032,0.578187624231102,1.48363996431426,-0.040099408786285,True,0.0,6.386053562164307,5.256097793579102,1
132,9,Limenitidinae-2,0.380413098131461,0.632727815070668,0.0322120282224631,0.767516432540175,0.769302868339896,20.406531500885,0.724781697619222,2.04931551378013,0.508037931326596,0.143710169064058,0.0367845356040542,True,0.0,6.496252536773682,7.079098224639893,2
133,9,Limenitidinae-3,0.373659761322518,0.620734601971015,0.0307429311668357,0.73209869990953,0.708195922761628,13.0907536991536,0.497081850111319,2.1208436318054,0.367213765224943,1.05903519607686,0.128764826638001,True,0.0,8.020081520080566,8.041746139526367,5
134,9,Limenitidinae-4,0.408515701639888,0.622940629966853,0.0321168123941371,0.770581916598325,0.721473582446236,16.2544439594416,0.591388682483975,2.14808145531906,0.47313739304254,0.910994824857289,0.0768204065849425,True,0.0,6.3380045890808105,7.2248215675354,2
135,9,Limenitidinae-5,0.373798390583246,0.623979365510087,0.0316926516291169,0.749981446821436,0.756709458346389,11.754475190133,0.678759853431048,2.13370261564995,0.544025303916891,0.417519961200582,0.227636313191279,True,0.0,6.330930233001709,7.186558246612549,2
136,9,Limenitidinae-6,0.416632325092704,0.638585077570455,0.0282738201726294,0.790918010560495,0.723544804520136,19.7993531940169,0.607786394972044,2.09208611230954,0.51336535443391,0.94404336373597,0.0112926460300318,True,0.0,2.7704341411590576,3.7430970668792725,4
137,9,Limenitidinae-7,0.364616935324323,0.660873942432633,0.0341926875306395,0.754094846917226,0.821846477857556,9.08451087644483,0.440690953531439,1.8736909565426,0.617208482706545,1.12903833402736,-0.110431242874473,True,0.0,5.738055229187012,5.242856979370117,2
138,9,Limenitidinae-8,0.418568464317527,0.665568271285907,0.0320283764958419,0.799119566789513,0.730994714537509,11.9071298874108,0.54251580485698,2.0011364902589,0.567321416693152,1.31604065812746,-0.049821094437031,True,0.0,3.020179510116577,3.550837755203247,4
139,9,Limenitidinae-9,0.371235264931205,0.629332467976458,0.0326384588003344,0.765336293712473,0.785586757387936,10.2891567765179,0.800566112232665,1.97063076414246,0.579577202781842,0.617172208926406,0.00944140694075258,True,0.0,6.645961761474609,6.853363990783691,2
140,2,Lycaenidae-1,0.504574918396474,0.672538894886485,0.0299000159984591,0.836107356451556,0.674921549948827,17.0444724450519,0.692408366213826,2.27809085022526,0.662778392969018,1.12476556024436,-0.30274546590296,True,0.0,2.487409830093384,0.2806575894355774,4
141,2,Lycaenidae-10,0.375362972401923,0.652403074837262,0.0380491070474664,0.732967157390643,0.757800260275119,11.2517992028572,0.253329814248043,2.29921616514998,0.69154389197252,1.59456335365026,-1.59348212363808,True,0.0,5.813648700714111,3.6464970111846924,6
142,2,Lycaenidae-11,0.475014979983845,0.663022405940997,0.0266504548168737,0.842604479714481,0.748679790833643,10.0872268232027,0.986120364111691,1.95121855536325,0.623308936748892,1.03058352550894,-0.45955255528715,True,0.0,2.1301794052124023,1.8802073001861572,4
143,2,Lycaenidae-12,0.471328032016511,0.695979506446243,0.0229610627824324,0.851692690082517,0.728897589024605,17.9346443001083,0.649652840306681,2.03795023724564,0.494184024055384,1.31035861922795,-0.442408651344655,True,0.0,0.6423328518867493,3.039163112640381,4
144,2,Lycaenidae-14,0.39564141117671,0.667299101037115,0.0278526019951509,0.779746003215419,0.781813562908999,16.2056936300451,0.344758777885342,1.87394916877651,0.613613252444741,1.20890652502421,-0.312234469568385,True,0.0,1.496530532836914,6.192617416381836,0
145,2,Lycaenidae-15,0.37589665286901,0.657043349591017,0.0308828464691391,0.757567790577572,0.789795777968817,11.6686846025497,0.353507272012571,2.20464428113371,0.656715993148586,1.32442300225753,-0.516096608040009,True,0.0,5.969413757324219,3.7590115070343018,6
146,2,Lycaenidae-16,0.400182589413057,0.659965272289573,0.0277280534856194,0.772213682357971,0.690850602041431,16.5743601793079,0.415635868441822,2.08723984067212,0.669412682732327,1.16875597464171,-0.912568471356828,True,0.0,1.4382421970367432,5.412909030914307,0
147,2,Lycaenidae-18,0.431907681951735,0.682228985370406,0.0274000835379153,0.799233262003719,0.706848376871485,17.7745565885206,0.309738611448671,1.94860820177519,0.62914840749474,1.46939901464274,-0.481741188304373,True,0.0,1.1204262971878052,6.5389485359191895,0
148,2,Lycaenidae-2,0.514334187621555,0.705860469206673,0.0238367471438903,0.866231500309477,0.659815878931033,20.3515625112537,0.656298152181626,1.84667780352393,0.580686543570123,1.09387788677057,-0.636482650506004,True,0.0,0.7151386141777039,2.9162256717681885,4
149,2,Lycaenidae-20,0.50314004748042,0.687155034490331,0.0264143983579894,0.847277572536297,0.712856990803947,7.58633167220264,0.597373523550651,2.37175228021082,0.647472081741811,0.753880565432747,-0.396422801129349,True,0.0,2.503439426422119,0.2640952169895172,4
150,2,Lycaenidae-21,0.467982052015367,0.678104650526666,0.0235149079731009,0.821329874480536,0.64344691205367,15.4726943971108,0.541960718381741,2.03094304243381,0.591853105014718,0.983637794752802,-0.544805425898778,True,0.0,0.6508705019950867,3.1449153423309326,4
151,2,Lycaenidae-22,0.482841306548862,0.685169690358123,0.0238834618646686,0.825293989714663,0.65042703207802,14.2109453441792,0.369958657489825,2.03297889565276,0.621040529951095,0.92056173995795,-0.532941329610544,True,0.0,0.6346243023872375,3.1095516681671143,4
152,2,Lycaenidae-23,0.520380766848238,0.682886385151301,0.0244409606002932,0.840751280202522,0.636094604100996,10.5946112226235,0.706680433569566,2.36675287766915,0.666376976543479,1.33466657798375,-0.392718105564815,True,0.0,2.468060255050659,0.29725757241249084,4
153,2,Lycaenidae-24,0.429576021351558,0.663468265564132,0.0289920472917351,0.774170479283934,0.665641770155189,15.6162565934206,0.285267199343094,2.70998260398394,0.66460329550581,0.898504348394157,0.095636612303305,True,0.0,4.007233142852783,0.9450874328613281,3
154,2,Lycaenidae-3,0.499087723942356,0.667234348408976,0.0227467569042314,0.854416747719651,0.692859718048721,14.5691302500397,0.977223711724883,2.20442563381834,0.643668161959465,1.02800487077729,-1.02800487077729,True,0.0,1.7906413078308105,1.9783884286880493,4
155,2,Lycaenidae-4,0.415503040908025,0.659403792773343,0.0262227869128038,0.793020873250837,0.72137518104815,16.6171315562445,0.530823749284235,1.96854499599911,0.643142606635411,1.48284634435255,-1.4319581233153,True,0.0,1.24028742313385,5.152408123016357,0
156,2,Lycaenidae-5,0.408610393514544,0.633821198960623,0.0322888550830998,0.779389844610733,0.747020385378861,18.0850985944562,0.710068685468595,2.23145350849449,0.672259238989233,1.11001561657103,-0.732392969731694,True,0.0,5.6279072761535645,2.903430223464966,6
157,2,Lycaenidae-6,0.486952028970706,0.670221553603249,0.024834014258408,0.832665149727315,0.676106989587689,12.7687811015728,0.626589506163356,2.41731563475275,0.66375068509515,0.689315749136484,-0.579028977947747,True,0.0,2.5561697483062744,0.2579966187477112,4
158,2,Lycaenidae-7,0.526352076040175,0.708455933020752,0.0279628190541023,0.851706571926641,0.682300315406592,12.1298250451125,0.709158815882464,2.49939392051612,0.672924320733152,0.910812574982916,-0.385860199337068,True,0.0,2.517036199569702,0.24687108397483826,4
159,2,Lycaenidae-8,0.43367988074896,0.644790284878566,0.0240677243183296,0.772576456339969,0.659452666982626,19.4875205844291,0.537708412390159,2.66451877325938,0.702647150268693,1.89432765526709,-0.216094153442083,True,0.0,3.957382917404175,0.9070732593536377,3
160,2,Lycaenidae-9,0.418910719569414,0.65293168236597,0.0280762981617656,0.807043649991264,0.74651597266303,13.5073420555973,0.779391698848195,2.31670362967398,0.654169337379273,0.819831315422946,-0.802431034126454,True,0.0,5.020228385925293,0.947524905204773,3
161,2,Lycaenidae_Acrodipsis_brisbanensis,0.403452268908205,0.651339054997343,0.0271683375548875,0.779136831554804,0.72737388588265,15.3404741199486,0.46460470667898,2.02398516939403,0.616297606296439,0.862671403085234,-0.518498965573859,True,0.0,1.6876705884933472,5.760955333709717,0
162,2,Lycaenidae_Candalides_acasta,0.412453610694223,0.666825319745962,0.0270789773569425,0.788888121442623,0.736714600509516,16.2030225825922,0.408812115681636,2.02469167688885,0.666719136977214,1.64786561420038,-1.07669214014394,True,0.0,1.3250137567520142,5.37833833694458,0
163,2,Lycaenidae_Candalides_cyprotus,0.397528399203168,0.656175337356349,0.026769934911538,0.772441039423824,0.759548417149559,18.7913907954222,0.345381550284166,1.9593867340198,0.609365679720555,0.961671006571005,-0.404044581581821,True,0.0,1.5445029735565186,6.1657209396362305,0
164,2,Lycaenidae_Candalides_heathi,0.396272199753928,0.652032152170724,0.0311235186817576,0.783229483524292,0.765019118488739,11.5353981500894,0.679866915241247,2.33430803022488,0.678966230785354,1.11690529853229,-1.11690529853229,True,0.0,5.6452789306640625,2.91343092918396,6
165,2,Lycaenidae_Candalides_hyacinthina,0.392660243091445,0.653264295256603,0.0269732260966292,0.771735027750401,0.753775449906136,16.1881880649715,0.303590843147676,2.00257046812051,0.613182997267108,0.430736618546324,-0.409345655686614,True,0.0,1.4709537029266357,6.268118381500244,0
166,2,Lycaenidae_Hypochrysops_ignita,0.410764224922052,0.672581520446579,0.0265845504603184,0.792534988109916,0.746916727322952,15.6761113406729,0.278864392202547,1.97626737255409,0.635662806903787,1.19015931103724,-0.994645397137746,True,0.0,1.223851203918457,6.463546276092529,0
167,2,Lycaenidae_Jalmenus_icilus,0.404860294968821,0.660640204073343,0.0275024579005579,0.781189779912726,0.718100001340804,15.3151537506987,0.34013666017718,1.97164435493194,0.638923026082978,1.13802287480664,-0.725157321598688,True,0.0,1.3212718963623047,6.13316535949707,0
168,2,Lycaenidae_Jalmenus_lithochroa,0.418511843848631,0.639901918640353,0.0278621239641864,0.784207583826279,0.723396160507595,18.1824651422107,0.401622971316374,2.09126268152531,0.630919157746362,1.24277714689854,-0.303480185422238,True,0.0,1.6665252447128296,5.689942836761475,0
169,2,Lycaenidae_Lampides_boeticus,0.408786083346462,0.664715352481345,0.0283420911940526,0.801433762071598,0.779567821030805,12.394006036431,0.46039990938694,1.93695198419111,0.613164157504326,0.769061444355094,-0.673123896776071,True,0.0,1.2875571250915527,5.758659839630127,0
170,2,Lycaenidae_Lucia_limbaria,0.399709506561177,0.66092656963582,0.0262024286760036,0.773900613944111,0.780815825586607,17.2193202104006,0.221009726862991,2.00583957332149,0.609904858375914,0.767872770875171,-0.76458313572105,True,0.0,1.3487956523895264,6.370063781738281,0
171,2,Lycaenidae_Nacaduba_biocellata,0.420013105811688,0.644200528887261,0.0255726638728003,0.768157806844336,0.686419351791371,17.9035031316843,0.415508015116586,2.01390453835381,0.619475091864781,1.17734428615652,-0.670608236768187,True,0.0,1.5757910013198853,5.978147029876709,0
172,2,Lycaenidae_Neolucia_agricola,0.39530903208557,0.638292598871718,0.0338433557828729,0.748767033539032,0.75491327646183,11.4657057980016,0.413426186607192,2.51684608671802,0.667860809642686,1.60062039121543,-1.50218767056656,True,0.0,5.904253959655762,3.3353726863861084,6
173,2,Lycaenidae_Ogyris_abrota,0.415037578353238,0.659338746129223,0.0260593936386172,0.795474962382316,0.727497839651038,16.8863623791774,0.66158180578805,1.99444011865066,0.635314400573049,1.22182985754792,-0.673176232284225,True,0.0,1.7110064029693604,4.921665191650391,0
174,2,Lycaenidae_Ogyris_amaryllis,0.394422537845029,0.657024137442816,0.0282345760897106,0.775360166646851,0.738050306865418,15.2343814610317,0.498791185380659,2.0822053376201,0.635690106145353,0.862742716955579,-0.216075004373614,True,0.0,1.7423440217971802,5.697936534881592,0
175,2,Lycaenidae_Ogyris_barnardi,0.41119229074204,0.656892622771041,0.0251806905392459,0.79911497703028,0.730369261006272,18.7827252283397,0.608993118710906,2.0083304710232,0.63479035658239,1.02755680226428,-0.444687035003873,True,0.0,1.7328451871871948,5.118866920471191,0
176,2,Lycaenidae_Ogyris_genoveva,0.403304353950387,0.650975079014361,0.026053685867069,0.781996039334278,0.755258527760212,17.3539687859733,0.455464634177077,2.04605277801448,0.584838137239316,0.803261939358809,0.114756091486273,True,0.0,1.7237927913665771,5.870643138885498,0
177,2,Lycaenidae_Ogyris_halmaturia,0.416877172458094,0.68511196002015,0.0316082877539425,0.794107152523574,0.730317571230465,10.1359611673491,0.394666871872163,1.96441748175924,0.651361828308295,1.14454079669594,-0.873505308956474,True,0.0,4.321423530578613,4.462529182434082,6
178,2,Lycaenidae_Ogyris_olane,0.393710049349268,0.657230605270593,0.0255952077486445,0.777225855873904,0.753306015852048,27.7469678561227,0.60956203312076,2.04698563617786,0.642228545336935,0.90980238287215,-0.490175771104659,True,0.0,1.8140679597854614,5.168408393859863,0
179,2,Lycaenidae_Ogyris_oroetus,0.418671333039673,0.642477152953672,0.0254347083713544,0.785650792969978,0.715863601697641,22.9342637001426,0.498270009336339,2.14763301527793,0.634019208033521,0.84686140966598,-0.467467803995582,True,0.0,1.7408283948898315,5.5410847663879395,0
180,2,Lycaenidae_Ogyris_otanes,0.385742600301862,0.660235875133602,0.0262396107783162,0.776104805488054,0.781850981383909,18.9485788303563,0.435416050375941,1.9944130177719,0.577662040328407,0.515543601541155,-0.203161384560684,True,0.0,1.7169694900512695,6.137243747711182,0
181,2,Lycaenidae_Ogyris_subteristris,0.413261743957409,0.667844895100257,0.0260473353983034,0.783150493534331,0.709080601409047,17.783846677821,0.507531959624516,1.99339267231035,0.66342250375977,1.69115806719282,-0.602333103329268,True,0.0,1.444742202758789,5.32439661026001,0
182,2,Lycaenidae_Theclinesthes_albocincta,0.422420034459213,0.623750800742979,0.0270032630702333,0.772454323290255,0.685564865170299,14.6515463367384,0.452654162018052,2.26149885637813,0.643906308967277,0.881825235113537,-0.455781539628933,True,0.0,1.8140604496002197,5.445879936218262,0
183,2,Lycaenidae_Theclinesthes_miskini,0.397538996672478,0.634567207514635,0.0268373927814378,0.779605098572014,0.741634895617945,16.351770383456,0.511854608872214,2.03630661959934,0.60556174368,0.815285704673741,-0.249822188677259,True,0.0,1.785200595855713,5.643113136291504,0
184,2,Lycaenidae_Theclinesthes_serpentata,0.412074391829732,0.668132150037859,0.0267892749162313,0.779325153078222,0.707877479597028,14.6173269327294,0.444467683955955,1.99013089284442,0.659775659842272,1.22985195681429,-0.98332119347595,True,0.0,1.325116753578186,5.449400901794434,0
185,2,Lycaenidae_Zizeeria_karsandra,0.415645041540649,0.659748914552827,0.0309160653303878,0.794797924367714,0.757025139982501,16.5994638736084,0.60786957939924,2.29903962943992,0.694560884841609,1.34402161146635,-1.34347227516489,True,0.0,5.611835956573486,2.8246445655822754,6
186,2,Lycaenidae_Zizina_labradus,0.416967116158366,0.657600884322041,0.0299826106851416,0.805932590730953,0.764425947776233,11.2633283307963,0.683971364090087,1.97645573376211,0.639631323148462,0.924098536480126,-0.924098536480126,True,0.0,2.7225341796875,2.7246594429016113,4
187,10,Nymphalinae-1,0.391512044643351,0.678100234662187,0.0306610773782311,0.772919801961073,0.759602904307616,11.1121839637619,0.461623595840315,1.94056004089197,0.641447159498741,1.08505037192644,-1.06682453560918,True,0.0,4.4529643058776855,4.529763698577881,6
188,10,Nymphalinae-10,0.368500957756933,0.62533841388654,0.038807898710143,0.717761005922834,0.751386842859145,6.20455938717763,0.75615362271549,2.82965485316979,0.684703608583135,3.69531215916405,0.143318579718736,True,0.0,7.337535858154297,3.4300007820129395,1
189,10,Nymphalinae-11,0.440468051657939,0.624084836276292,0.0243372564607001,0.798087378776741,0.685714845510916,16.9196039573303,0.923595115473029,2.20243324478223,0.459194197155454,0.791524198464139,0.610046671880289,True,0.0,5.615842342376709,-0.8552764058113098,3
190,10,Nymphalinae-12,0.399854483238482,0.660061585936531,0.0306698914461354,0.766961879066064,0.687005874720063,8.93419954189487,0.350595932095117,2.03511098371093,0.657082175911216,1.94225498359667,-0.350137342755186,True,0.0,1.3847572803497314,5.787653923034668,0
191,10,Nymphalinae-13,0.37408369464604,0.639493155977583,0.0319805466365731,0.75471496871489,0.7672207171097,12.4493961268044,0.673338844767966,2.34270571520027,0.681788553202534,1.84131296240407,-0.744529048061276,True,0.0,5.752825736999512,3.1493141651153564,6
192,10,Nymphalinae-14,0.356420811168542,0.65355381410074,0.0353694945377955,0.758041297248391,0.812946448051138,16.1197278653167,0.674526078084656,1.83904128740425,0.581635489811303,2.07448416755392,-0.183319513709879,True,0.0,6.887083053588867,5.855632781982422,1
193,10,Nymphalinae-15,0.422550906964242,0.660781784590655,0.0310646526841116,0.797140223264261,0.741693316170476,14.9939665088675,0.638723530810141,1.96980444996302,0.666183989901634,2.95598154672326,-0.387278702661679,True,0.0,2.73647141456604,2.8774492740631104,4
194,10,Nymphalinae-16,0.356996238933023,0.652931115488955,0.0358132791760668,0.729504116191472,0.747297005446428,15.6666019589198,0.379956550198115,1.9917533786499,0.666561002850419,1.48655482553677,-1.48655482553677,True,0.0,5.228619575500488,4.431636810302734,6
195,10,Nymphalinae-17,0.369001731188292,0.674850633642858,0.0341404259888971,0.74573846344239,0.773241557602935,9.49295728761731,0.374752234379647,1.99945331264695,0.67424560989926,1.78493287811075,-0.959464973560015,True,0.0,5.119016170501709,4.39636754989624,6
196,10,Nymphalinae-18,0.373514243956394,0.650818051314114,0.0294119570666711,0.754388773014758,0.749188252603791,21.1393089506989,0.506009546068515,1.97113530578419,0.513909449757941,1.92346518796281,-0.501781348132875,True,0.0,2.550898551940918,7.318924427032471,0
197,10,Nymphalinae-19,0.37249788900219,0.591807734872739,0.0316666580673452,0.721616806598714,0.726832445829431,14.2390536060266,0.714394275570908,2.10896759303519,0.427501437273462,1.62585163499665,1.62440884468888,True,0.0,8.134655952453613,7.617251873016357,5
198,10,Nymphalinae-2,0.405839982222056,0.587734237719259,0.0237142379264103,0.750674723631324,0.790238404537331,21.8265065312228,0.88474471119029,2.51922809419549,0.611790004121005,5.44011545826789,3.92766534444681,True,0.0,5.988414287567139,-1.380435585975647,3
199,10,Nymphalinae-20,0.379993902297962,0.6098416350754,0.0247949873549357,0.733591277807084,0.696124260781952,22.0551753049199,0.610113759750067,2.17168449840614,0.521197931334531,0.551956099353686,0.286663630579841,True,0.0,5.793996810913086,7.150872707366943,2
200,10,Nymphalinae-21,0.407195605513407,0.643798087898832,0.0289227211998122,0.78519057632626,0.731485929063879,13.8726484018523,0.716633536092051,1.97608982512946,0.609938813691944,1.20329495227158,0.0516281924638531,True,0.0,3.0165812969207764,3.4673635959625244,4
201,10,Nymphalinae-22,0.394589635243023,0.622023842757091,0.0267635482528224,0.71904076087646,0.699215219089773,16.4058775386279,0.55101767231051,2.1439706491842,0.553915247547659,2.53382176361968,0.324868671345134,True,0.0,5.573436260223389,7.024022579193115,2
202,10,Nymphalinae-23,0.393922039875557,0.661454664298859,0.0332072340179851,0.765639182306223,0.77667584836137,12.9989173362477,0.509835538205716,2.22220084703965,0.686048699391422,2.8724538235829,-0.211847978979454,True,0.0,6.014736175537109,3.7341275215148926,6
203,10,Nymphalinae-24,0.356489630135839,0.582301619901552,0.0298211478346706,0.617167659981821,0.635239984136572,23.9433846237751,0.374059611798274,2.12638362282193,0.548421597215358,4.19358198517932,0.395444389522697,True,0.0,6.297876834869385,6.141892433166504,2
204,10,Nymphalinae-25,0.363017230340653,0.577304922275054,0.0328587696541001,0.634057600302535,0.679339324684783,12.3514113837937,0.680535121731122,1.96922878018194,0.60146685712262,4.23594849004936,0.936556297505071,True,0.0,6.371545791625977,6.069403648376465,2
205,10,Nymphalinae-26,0.380823451559517,0.590458561126839,0.0253294520586785,0.607438936914541,0.621289759888487,22.9088405965007,0.43087281621786,2.31152587034945,0.623996181415259,6.55826867545096,0.302975646024074,True,0.0,6.232904434204102,6.198884963989258,2
206,10,Nymphalinae-27,0.342489222834262,0.619905228627473,0.0281930063501426,0.730418103612321,0.77674716600471,17.6894689597708,0.935661340985081,2.03901378105859,0.644373045538695,1.81393256100903,-0.0851382828468968,True,0.0,6.67207145690918,4.44950532913208,1
207,10,Nymphalinae-28,0.388848140192217,0.616395790329283,0.0290995021765002,0.784488034459765,0.787821087879806,13.8688086690331,1.03195201614184,2.0629448161018,0.540028872487504,1.32135790299394,-0.0171656908407572,True,0.0,5.081442356109619,-0.5450035333633423,3
208,10,Nymphalinae-29,0.41363339110742,0.631602035597663,0.0256090347613881,0.798645543305212,0.776719855999093,17.3827965139624,0.900103140900035,2.04250648128907,0.603342552189761,0.169860038245722,0.115542772843797,True,0.0,4.963548183441162,-0.26814210414886475,3
209,10,Nymphalinae-3,0.393922760115968,0.625952884938149,0.0287990679419425,0.75332849315292,0.750512800403649,15.0768158058406,0.683740866320094,2.09292348237728,0.584374803228465,1.57441497127449,0.573108908342495,True,0.0,5.850334167480469,7.159889221191406,2
210,10,Nymphalinae-30,0.341695659103634,0.629407005042535,0.0344591053416476,0.708092325534882,0.761312380068684,19.3177926418448,0.710814323414319,2.46151176780859,0.722276971734071,3.06906605553564,-0.519765308444522,True,0.0,7.244468688964844,3.4426050186157227,1
211,10,Nymphalinae-4,0.378017847472858,0.639542108336485,0.0319385603538099,0.762691458342936,0.778467346588909,16.2069473112066,0.537698810871403,2.08883422448689,0.535321060649514,1.16844908492466,0.237047711125355,True,0.0,6.301187992095947,7.246285438537598,2
212,10,Nymphalinae-5,0.389249247894638,0.628279144100768,0.0271850447460686,0.746436065900776,0.723686288547354,18.7089001602153,0.686467097704988,2.09927740027825,0.568727030953555,1.16190337981248,0.348938170008179,True,0.0,5.888864994049072,7.137490749359131,2
213,10,Nymphalinae-6,0.375966463028589,0.621121986314296,0.0293506822932593,0.7472972754881,0.736306648719071,13.9444244526671,0.575013362707277,2.14240630554785,0.540176421415446,1.2282811340642,0.0744199468160301,True,0.0,6.090260982513428,7.260775089263916,2
214,10,Nymphalinae-7,0.378012176802654,0.654145541971408,0.0253580021528958,0.723363204120321,0.720351048040447,21.6301881082069,0.315543223064742,2.02437965728327,0.507216075893951,2.43458345911711,0.135540220811539,True,0.0,5.383091449737549,7.059988021850586,2
215,10,Nymphalinae-8,0.457705518330012,0.647540793898242,0.0273157786257258,0.814614511725022,0.81990595061136,10.9804101646057,0.931857329584596,2.04453105335578,0.639033885183234,1.5881457265823,-1.32513289612739,True,0.0,2.4365429878234863,1.9366207122802734,4
216,10,Nymphalinae-9,0.401829576203978,0.653442091863327,0.0277007380493858,0.771909475528343,0.730681157936227,15.1395736318487,0.534614382603817,1.99878403575544,0.469021374354188,0.366461934383535,0.0504908883978274,True,0.0,2.600053071975708,7.1963958740234375,0
217,3,Papilionidae-1,0.327929005134124,0.61847559658613,0.0352425643013589,0.72601584443095,0.88530629441809,17.6214894534323,0.8611242724128,1.97556851647787,0.350404444200844,0.412739073855142,0.318923307330073,True,0.0,9.828794479370117,9.009147644042969,5
218,3,Papilionidae-10,0.389309998409371,0.629663299020706,0.0286362926452442,0.792297731324954,0.817647956824632,15.0705046446667,0.932676134433841,2.06938639217295,0.414793424939199,1.08071944837837,0.280062499050329,True,0.0,9.09420394897461,8.027873992919922,5
219,3,Papilionidae-11,0.344889963346922,0.590503061701891,0.0302327120564125,0.732509790041064,0.823894239832391,18.452974003451,0.991204232339835,2.0809686224762,0.37909325981154,0.413327681267277,0.386403874771927,True,0.0,9.952260971069336,8.322084426879883,5
220,3,Papilionidae-12,0.364351277968746,0.599714589577825,0.0261945063903979,0.745718236255864,0.766642573898882,19.7071572453679,0.837040320952143,2.18658380216204,0.362503772694485,0.750572114527546,0.223447803235715,True,0.0,9.894242286682129,8.152191162109375,5
221,3,Papilionidae-13,0.35732326828844,0.59061762084731,0.02864543018461,0.743450724350865,0.804753747183759,18.2412640201227,0.975860698657638,2.22621871402997,0.375068807017163,0.447281945780191,0.240367102101043,True,0.0,9.993383407592773,8.2062349319458,5
222,3,Papilionidae-14,0.285347075228329,0.586773260370608,0.0340323204386069,0.665586825604727,0.876394757935097,20.2010867027255,0.813751372299823,1.8091479988718,0.381698663568439,0.288249337892486,0.288249337892486,True,0.0,9.938369750976562,9.535749435424805,5
223,3,Papilionidae-15,0.327516624974035,0.622308600968969,0.0326071153151418,0.738954645052733,0.865114741242001,16.5958415786883,0.822355135506418,1.87867894529038,0.40937731931401,0.493566909023944,-0.403958492825108,True,0.0,9.582474708557129,8.677841186523438,5
224,3,Papilionidae-16,0.310697218559283,0.609476065212055,0.0328305620769198,0.694938362160488,0.841086818577983,19.046644307278,0.694953877095764,2.45363720388547,0.340499687714503,0.620151798987584,0.201543981085716,True,0.0,10.165014266967773,8.462554931640625,5
225,3,Papilionidae-17,0.3201187050639,0.633949530110919,0.0352911661279474,0.72267100514091,0.88280856139921,15.0645620264738,0.770390070434814,1.90912439543051,0.476959985680702,0.121578762646044,0.00615294977730656,True,0.0,8.118460655212402,7.1059393882751465,5
226,3,Papilionidae-18,0.312618357341441,0.589813443302323,0.0317929473590823,0.692649792965801,0.815371529511821,19.540926506227,0.693370428928777,2.15869644271886,0.363061412035762,0.395907614523104,0.287612261773288,True,0.0,10.095867156982422,8.677655220031738,5
227,3,Papilionidae-19,0.33022302143974,0.620677389557474,0.0315482611780128,0.727765460748221,0.835739734047327,17.871772819458,0.744850704009686,2.36757141976864,0.340833212528986,0.831276491494566,0.110324871077993,True,0.0,10.171501159667969,8.366782188415527,5
228,3,Papilionidae-2,0.35687647751617,0.591794937784419,0.0282021344508155,0.737942046514715,0.807957963507554,18.6766055963508,0.930647714757902,2.37918681687,0.359341865567066,0.878962669306219,0.878962669306219,True,0.0,10.0475492477417,8.243473052978516,5
229,3,Papilionidae-20,0.33367678931367,0.620324443788745,0.0343522386210726,0.713094985818708,0.764484565923186,19.3957268094274,0.748624331778146,2.05015601777922,0.366955692808761,0.165545882979803,-0.165545882979803,True,0.0,9.942280769348145,8.809453964233398,5
230,3,Papilionidae-21,0.373312692353923,0.627583370374413,0.0262419853364187,0.771866040191972,0.791753554834853,21.6836125374309,0.786048127914674,1.98120829521928,0.387538912983245,0.642189352195298,-0.352888407029707,True,0.0,8.976288795471191,8.001753807067871,5
231,3,Papilionidae-22,0.32729045281276,0.617329558068675,0.0316714428117105,0.723052375618933,0.834083999438807,17.299264948744,0.713487429567811,1.81695257478503,0.373449802930844,0.125239907871498,-0.0845294181995206,True,0.0,9.59402847290039,8.790945053100586,5
232,3,Papilionidae-23,0.320338190297825,0.612501919811396,0.0341896921037474,0.712185509900449,0.858649074785256,16.7760816189366,0.923187352273596,1.89237746836953,0.411951482920587,0.330385474321147,0.270114479725234,True,0.0,9.719907760620117,9.293264389038086,5
233,3,Papilionidae-25,0.305441859743476,0.583666848508437,0.0333509396819939,0.686915014805885,0.849969067565282,18.9462512589721,0.871481897595809,1.9162333299185,0.415397234712058,0.0614420233146854,0.0464799611964378,True,0.0,9.941634178161621,9.464737892150879,5
234,3,Papilionidae-26,0.343625676496333,0.647716735248943,0.0341198405920764,0.756191270447048,0.842522807443389,13.1476783681317,0.827572735853766,1.78592840830772,0.413495679430654,0.807205701841946,-0.36760532691015,True,0.0,9.607720375061035,8.704412460327148,5
235,3,Papilionidae-27,0.304662867668584,0.588761594300177,0.0336290079415467,0.694278868879741,0.856905007899871,19.4121887844408,0.843611023265122,1.91551824990476,0.377307058034237,0.291416726907375,0.291416726907375,True,0.0,9.918916702270508,9.463970184326172,5
236,3,Papilionidae-28,0.316250516300332,0.601442417134265,0.0320443737588761,0.717168072440245,0.854635880933223,19.8804627160012,0.944438317102275,1.94266502486125,0.467584440403519,0.597255403144971,0.119525213833613,True,0.0,9.703274726867676,9.316119194030762,5
237,3,Papilionidae-29,0.31245062531551,0.613423544989775,0.030169854376279,0.703067366607181,0.843386321661198,22.2486290064514,0.80477365740588,1.8605445713295,0.378016652245025,0.519607207465616,0.423035926945557,True,0.0,9.856721878051758,9.45120906829834,5
238,3,Papilionidae-3,0.377753584131421,0.657750018231212,0.030204891932086,0.801521033578243,0.863183131704905,14.0537944512236,0.952143794648667,2.0140132965883,0.549035223470101,0.237610032307794,-0.0853213160890389,True,0.0,5.04932165145874,-0.5639436841011047,3
239,3,Papilionidae-30,0.317201767915087,0.59744030578618,0.0306157737469639,0.70435691168227,0.807160732461816,21.142942721177,0.925294668350628,1.95913047875299,0.365651464684323,0.784960356619747,-0.0810470681685096,True,0.0,9.821017265319824,9.403627395629883,5
240,3,Papilionidae-31,0.311621475824378,0.591374579032769,0.0326325901000597,0.700805846249332,0.869582223023407,20.9637967271834,0.950667562310669,1.8730823027835,0.39712372722668,0.590900019029252,0.533139617145776,True,0.0,9.83634090423584,9.439327239990234,5
241,3,Papilionidae-32,0.371853130020643,0.622360114507435,0.0271532448757174,0.772005095667861,0.784128699341271,18.8022027084758,0.727858992819348,2.10512440786512,0.467005979491204,1.04251611982393,-0.24541102239419,True,0.0,8.701205253601074,7.918497562408447,5
242,3,Papilionidae-33,0.343826696718984,0.619615919382929,0.0276078828818255,0.745626927601264,0.804269793984448,22.3202770671982,0.709940865190201,2.08536469402637,0.463112236358213,0.44082378312299,-0.241892946785413,True,0.0,8.555452346801758,7.851504802703857,5
243,3,Papilionidae-34,0.350681614827221,0.601555917012065,0.0277639990044097,0.737887268796829,0.781865147936921,20.5051308876338,0.803409690854123,2.03616612405046,0.410183514809101,0.607093261515809,-0.299037200744136,True,0.0,8.597077369689941,7.853912830352783,5
244,3,Papilionidae-35,0.319343251768841,0.594936912163675,0.0310596439945423,0.713456178765198,0.862644378085025,20.3685780944528,0.956659244093833,1.92007666180952,0.3967605225837,1.05575263827199,0.956002696918311,True,0.0,9.776837348937988,9.424458503723145,5
245,3,Papilionidae-36,0.298480291859924,0.597796824583385,0.0329601722597804,0.690622232904873,0.872265806346331,19.3962826348494,0.887518742100447,1.86503454425486,0.403580850953619,0.180206309584046,0.180206309584046,True,0.0,9.90589427947998,9.480818748474121,5
246,3,Papilionidae-37,0.352442647398596,0.638113624421216,0.0330267884763778,0.761040066517529,0.899867201359312,13.5657277615017,0.914761684217659,1.77788808143357,0.381324600873604,0.280645934566769,-0.00225844178262917,True,0.0,9.500651359558105,8.560845375061035,5
247,3,Papilionidae-38,0.33603953693794,0.614368082755635,0.0291280090463264,0.741157160590654,0.840597655355561,18.7727494572439,0.83667022938042,2.01478969308626,0.51695841318007,0.333558818991875,-0.333558818991875,True,0.0,8.461841583251953,7.768013000488281,5
248,3,Papilionidae-39,0.407473642415,0.655846733141182,0.030752622095493,0.801851138009458,0.780460245525208,8.9800074140043,0.836983229345028,1.91416893985574,0.408241370876449,0.556579425049143,-0.556579425049143,True,0.0,9.25119686126709,8.31435775756836,5
249,3,Papilionidae-4,0.368494398309009,0.648491921748398,0.0309209702131974,0.788867262456489,0.871904349096392,13.0712876683989,0.958413614685558,2.0073466117979,0.512933333445933,0.376211961440294,-0.0817203543774833,True,0.0,5.038671493530273,-0.5822752714157104,3
250,3,Papilionidae-40,0.355760451797188,0.632532498452705,0.0321906653191869,0.762676118544068,0.823192678231184,14.6851266844725,0.711834484815973,2.05269903393062,0.515132567188528,0.156956976390302,-0.132947660555493,True,0.0,6.498292922973633,7.161385536193848,2
251,3,Papilionidae-41,0.351766500165285,0.631520780358156,0.0320693924153328,0.754057508303199,0.842693453743032,14.3062812527319,0.80768219408182,2.13177501174975,0.365601491802727,0.189404383784289,0.0870122944951972,True,0.0,9.910998344421387,8.441634178161621,5
252,3,Papilionidae-42,0.337549801386157,0.621160593937746,0.0369439183285379,0.725841274879599,0.799526004573628,13.101118426025,0.780196404568155,1.89516199022297,0.406406197261103,0.107353794959981,0.00664293865093004,True,0.0,9.612060546875,8.808852195739746,5
253,3,Papilionidae-43,0.330821215163159,0.613277519295176,0.0314938768402172,0.726110466474052,0.830443399704392,18.4171772397763,0.807643673027356,2.2954183511453,0.341351029359513,0.31735615565295,0.31735615565295,True,0.0,10.177580833435059,8.40538501739502,5
254,3,Papilionidae-5,0.292304380888592,0.585182876714722,0.0328975374102052,0.680591002069313,0.878497348314461,20.511269305842,0.929072176231308,1.85890937045619,0.389571351937516,0.799857894332523,0.639993656873138,True,0.0,9.983670234680176,9.59065055847168,5
255,3,Papilionidae-6,0.362475556801711,0.612861921711763,0.0280022092273369,0.74970944922257,0.791728639092059,20.1117509585686,0.809758250166131,2.07645692340283,0.469596775629963,0.254418468690013,-0.218903547461597,True,0.0,8.632680892944336,7.898212432861328,5
256,3,Papilionidae-7,0.347504482508091,0.633669686202825,0.0315785324603891,0.756450177607518,0.851901484861117,15.8339240825073,0.880293183574219,1.90985439185182,0.40143709034952,0.708417636112388,-0.0115072649631259,True,0.0,9.592397689819336,8.609885215759277,5
257,3,Papilionidae-8,0.33258562988965,0.624794260299125,0.0331522622930136,0.72156369897486,0.81345689752836,16.0932261909209,0.637741250257793,2.00434308804471,0.473976274361993,0.188199403163767,0.188199403163767,True,0.0,8.154894828796387,7.479274749755859,5
258,3,Papilionidae-9,0.34489572911749,0.629735001266835,0.0338904697036649,0.74771320349839,0.853821251999202,12.9721266800136,0.891875040881957,1.99101146641768,0.543943140288893,0.174566947675954,0.0128347254210154,True,0.0,6.667241096496582,6.915008068084717,2
259,3,Papilionidae_Deoris_agetes,0.38669522930142,0.620952203049084,0.0259853298519269,0.784807940361923,0.784006614353093,20.5482979214128,0.901620389682054,2.04684669301633,0.403080130238257,0.549935842554307,-0.0511493314032282,True,0.0,9.011630058288574,8.046606063842773,5
260,3,Papilionidae_Graphium_agamemnon,0.342805120932884,0.628588174512136,0.0297493992666899,0.741712697008888,0.831813098363339,15.4354049402869,0.851382555087487,2.23437645564103,0.329129955124822,1.27983903433378,0.448215478188718,True,0.0,10.052128791809082,8.227977752685547,5
261,3,Papilionidae_Papilio_aegeus,0.373468612123761,0.625855102330364,0.0335791373945919,0.776167543175298,0.853294483105349,16.4899132449191,1.12630440900874,1.94911896849603,0.525929823974557,1.56418743171598,0.188672849753229,True,0.0,5.081737041473389,-0.5357024669647217,3
262,3,Papilionidae_Papilio_demoleus,0.332531862403576,0.603966149173213,0.0302275594260258,0.712287739732572,0.77150235956347,19.9294105812313,0.79406051514751,2.00677936441773,0.531813327181974,0.331516362164397,0.331516362164397,True,0.0,8.368330001831055,7.678954124450684,5
263,3,Papilionidae_Papilio_polytes,0.376223668164101,0.66728190712688,0.0321874182778062,0.79924818371808,0.935718105605186,10.2128343579733,0.954683284369402,1.7502755130917,0.388565407745563,0.274283615849643,-0.19488057559292,True,0.0,9.360227584838867,8.443146705627441,5
264,3,Papilionidae_Trogonoptera_trojana,0.311632977541197,0.6524167637674,0.0350524312760579,0.700316170135119,0.84878978482916,16.9178594522195,0.504370851808857,2.03737779817645,0.336938701224062,0.578884434089974,-0.268540078226238,True,0.0,9.932750701904297,8.876562118530273,5
265,3,Papilionidae_Zerynthia_rumina,0.390739583902291,0.660005351997933,0.0319617781090051,0.785825858474587,0.783524517986745,13.5610124446106,0.708394334306111,1.93095438891634,0.662910377371564,1.31506213837962,-0.968234964241982,True,0.0,3.852194309234619,3.0981531143188477,6
266,12,Parnassiinae-1,0.381232066676484,0.6778453553173,0.0324566865823911,0.758862832963397,0.775709599045564,14.2944327363391,0.492135833462115,1.95065469199186,0.669762124210642,1.15100447406929,-1.13392614629554,True,0.0,4.746218204498291,4.313831329345703,6
267,12,Parnassiinae-2,0.37714753704961,0.680296091316727,0.0333322890787492,0.764509632853908,0.740204720150188,13.4405821173156,0.490430429075689,1.91256033119181,0.632795233733845,1.30858905668928,-1.30510856072358,True,0.0,4.7164506912231445,4.262275218963623,6
268,12,Parnassiinae-3,0.379767464331022,0.68197449771401,0.0331025044069612,0.769040386812894,0.776465079428302,9.4631705148841,0.557298647602373,1.95474871862363,0.62584054724714,1.23620784004965,-1.09143602298322,True,0.0,4.788028717041016,4.262744426727295,6
269,12,Parnassiinae-4,0.371695265805364,0.656663052057168,0.0348365154467004,0.750016333526291,0.727367023956416,13.1661862318982,0.532432123778182,1.91836383801127,0.653358498669977,1.11746460474314,-0.940931808699905,True,0.0,5.054816722869873,4.349118232727051,6
270,12,Parnassiinae-5,0.360663931793898,0.668904890448351,0.0319707061367066,0.756464251538894,0.782106361062446,12.9217318259188,0.418974502174948,1.92379688583137,0.620976666212749,1.26334093856649,-1.26334093856649,True,0.0,4.729125499725342,4.703255653381348,6
271,12,Parnassiinae-6,0.394707628264983,0.692316353684488,0.0309797218832723,0.777319957767086,0.726905477848636,16.3266948095752,0.415013557878637,1.84908066495272,0.651245832642635,1.50787654010147,-0.926924999627674,True,0.0,4.419674396514893,4.567060947418213,6
272,4,Pieridae-1,0.362391903873578,0.639467775218605,0.0366707220880124,0.745430581473504,0.784194908928429,14.0426612889963,0.581717488473579,2.34394080051505,0.671935136695367,0.666203342850702,0.230846726340684,True,0.0,6.991054534912109,3.9948813915252686,1
273,4,Pieridae-10,0.358628061897536,0.643672646718981,0.0314039908808623,0.75491813219884,0.880758340007728,14.6648118482918,0.566622897963745,2.35280254089508,0.657130825105242,6.21176933260644,1.08642326382286,True,0.0,6.926933288574219,3.9769108295440674,1
274,4,Pieridae-11,0.348306462132738,0.631259253648445,0.0284042108954171,0.748925573614719,0.900149234902013,21.1469956684874,0.926766518047679,2.54800065521185,0.677468310157879,7.9186146753101,-1.53303059219527,True,0.0,4.570056915283203,1.4541471004486084,3
275,4,Pieridae-12,0.355881641252594,0.636036594740962,0.0275645892285787,0.761578509322988,0.901991895931749,21.5538657191452,0.857200868900728,2.23444258625288,0.656302068262506,7.1441492133304,-1.31485350479192,True,0.0,4.784140586853027,2.7519118785858154,6
276,4,Pieridae-13,0.331986454707839,0.642998351609881,0.0307662582598372,0.718553775379818,0.98744080990102,18.2870202014006,0.732123494134338,2.12671727833097,0.673532388888225,8.22650852953462,0.280537613346775,True,0.0,6.834688186645508,4.313324451446533,1
277,4,Pieridae-14,0.350926763554535,0.647699125808944,0.036145040830072,0.749372205410571,0.848912316613328,8.7633330122866,0.615074653154307,2.01589958533141,0.672533253167367,1.52360226954232,-1.36516634229798,True,0.0,5.086001396179199,4.189681053161621,6
278,4,Pieridae-16,0.331615196711131,0.645512141614539,0.0363351479276891,0.724548405364771,0.832892706493438,10.3764091568979,0.60930602401585,2.15603517094677,0.663718513910532,1.82708657422883,0.486356415000212,True,0.0,6.953518390655518,4.121551036834717,1
279,4,Pieridae-17,0.364746641730351,0.638814746023944,0.0338277612607323,0.753307284298926,0.868470416544157,10.5090924436717,0.5923505785981,1.9308625816645,0.657922330949473,2.70818460662766,-2.34830757953565,True,0.0,4.710333824157715,4.171319961547852,6
280,4,Pieridae-18,0.330194467403435,0.651685104691044,0.0368432400858035,0.720850277022279,0.872621973532387,14.4448285137374,0.670962435749582,1.8183075287224,0.709279292469934,1.47683386116361,-1.37589080653781,True,0.0,7.453311920166016,5.261814117431641,1
281,4,Pieridae-19,0.37622993925027,0.632406454013637,0.0283237606629509,0.778225533194709,0.801717654522077,16.291848043959,0.870723208080913,2.1542984785674,0.633602582044294,0.906327113911326,-0.192060611614604,True,0.0,4.690165042877197,2.60962176322937,6
282,4,Pieridae-2,0.37657195860859,0.662614834594496,0.030366382679175,0.759869889609071,0.747165041434621,14.1907199006222,0.57542750723285,2.41083775451922,0.690220841242957,1.16600747565062,-0.549115299102273,True,0.0,5.919846057891846,3.2907700538635254,6
283,4,Pieridae-20,0.314841985220222,0.654768071346773,0.0392435291221971,0.695797057809684,0.825556446524686,15.7240232053345,0.470341810096183,1.88159947316846,0.491040767036631,1.04553307794633,-0.17269860004825,True,0.0,7.764891147613525,6.496905326843262,1
284,4,Pieridae-21,0.367384857158965,0.647367220798329,0.0298192485178645,0.757537467779954,0.76388940569012,16.7145115403744,0.537248613099795,2.04368324832209,0.630351282097322,0.407958619490996,-0.407958619490996,True,0.0,6.207777976989746,4.575632095336914,1
285,4,Pieridae-22,0.331097131305411,0.649748877700002,0.0360142371307915,0.72572194364831,0.82460111955704,12.6010690255395,0.666747994932345,1.88776674789418,0.536849469552675,1.17453347352791,-0.178853881970904,True,0.0,7.827195167541504,6.618638038635254,1
286,4,Pieridae-23,0.32082713084119,0.653691229961085,0.0364659091437681,0.69574382744603,0.759373987473425,17.9304041308911,0.516785450450446,1.89755531226064,0.534391177659199,1.20855657029571,-0.34061241353408,True,0.0,7.763514518737793,6.504394054412842,1
287,4,Pieridae-24,0.332402098692379,0.665346770204297,0.0333794487204917,0.733365791837186,0.846903477587101,16.3207393445511,0.520491766202574,1.81924967162931,0.609999833552607,2.00271064200205,-0.45772570314067,True,0.0,5.596235275268555,5.369790554046631,2
288,4,Pieridae-25,0.32419655564981,0.650805133680695,0.0368511479668302,0.708387223793921,0.810083785568673,13.2557244004277,0.285813309769655,1.68803471180046,0.674427545349177,3.89555610352936,-0.473347482352079,True,0.0,5.325314998626709,5.4087958335876465,2
289,4,Pieridae-26,0.332270296684696,0.654624454928018,0.0328063554517626,0.732746750254833,0.820976122194905,15.9593447294421,0.425884987714413,1.8869953886399,0.653010022679593,0.977243226640181,-0.828178218682635,True,0.0,5.176629543304443,5.376986503601074,2
290,4,Pieridae-27,0.414978375443825,0.6531056538249,0.0269471797304549,0.80909372028767,0.778959072525846,15.4689015056666,0.817289886756273,2.0679214739433,0.627051855272551,1.55247101096656,-0.601927952211613,True,0.0,2.707437038421631,2.1989166736602783,4
291,4,Pieridae-3,0.354574004334835,0.627205853391954,0.030655013458586,0.749369375768932,0.798692300266839,17.8427983273471,0.719183737776575,2.1306964233358,0.652754037594527,1.31494945514419,-1.31494945514419,True,0.0,4.9069671630859375,3.0501110553741455,6
292,4,Pieridae-4,0.355777841397137,0.65460109477711,0.0339539923377297,0.760530213644498,0.824542191359087,15.8941742663975,0.779719405864415,2.17837013779989,0.676711429714112,1.41598494760291,-1.38250775701899,True,0.0,5.101394176483154,3.1479222774505615,6
293,4,Pieridae-5,0.366171936282551,0.669981531429345,0.0335212968993647,0.777115224942138,0.870036723895624,10.7306956454618,0.873258946460601,1.80882598764953,0.678398482758544,4.72610487047221,-2.41876685172162,True,0.0,4.328965187072754,3.2230618000030518,6
294,4,Pieridae-6,0.347611218409766,0.630949080170153,0.0345847215757725,0.743415652355823,0.797460930304543,10.5327195663492,0.66383455978191,2.0744963852146,0.65842829456454,0.682720920735734,0.0700348232915555,True,0.0,6.915215015411377,4.296148777008057,1
295,4,Pieridae-7,0.331732749873943,0.620665235182969,0.0333869818816828,0.718939409175752,0.886072763318154,14.6751167624305,0.679975998619264,2.58851524578295,0.692036858650004,10.3790149844303,0.794774006732251,True,0.0,7.087426662445068,3.705944299697876,1
296,4,Pieridae-8,0.341035779163521,0.635516293395659,0.0363137604566754,0.735059708862161,0.864707218177267,11.5121059292791,0.681141729237385,2.1427530837316,0.680265214072785,7.91817456205554,0.702288904197858,True,0.0,6.906257152557373,4.137874126434326,1
297,4,Pieridae-9,0.362742997262627,0.645784217873703,0.0284781169626141,0.76425191596114,0.873875577635611,19.4445596355814,0.845338040313299,2.05355836286388,0.670245958269097,7.80962511610397,-2.65962039480837,True,0.0,4.77125358581543,2.912147283554077,6
298,4,Pieridae-Coliadinae-1,0.433405233956963,0.657438628890627,0.0310960033778133,0.808791866486749,0.765792785472471,17.2885784806417,1.05911702096716,2.37804256332643,0.747276032205001,2.72736003842029,-0.608116100466146,True,0.0,5.064679145812988,1.1483821868896484,3
299,4,Pieridae-Coliadinae-10,0.423760961674503,0.667519175019208,0.0304604152275867,0.813273440874493,0.795412142515677,13.5989454110687,0.876154715271737,2.23885300855867,0.725190766140794,1.40198168495071,-1.3439668052457,True,0.0,5.108503341674805,1.1004704236984253,3
300,4,Pieridae-Coliadinae-11,0.40618104937924,0.631609937680291,0.0316476872448264,0.788867544150902,0.807439714490529,14.824441080723,0.89724195677089,2.89056056312618,0.701239619373544,0.810136252520882,-0.810136252520882,True,0.0,4.371791839599609,1.0702168941497803,3
301,4,Pieridae-Coliadinae-12,0.447907365046432,0.687974507878217,0.030510983563215,0.83040711517828,0.783885181527529,12.5038882308275,1.10497744844029,1.80984437852585,0.773850437717867,2.00174479511264,-1.7856894623489,True,0.0,2.555412769317627,1.8776369094848633,4
302,4,Pieridae-Coliadinae-13,0.440299825755338,0.669990823401959,0.0278072752764545,0.829874887549988,0.763522781168142,12.2000907358544,1.06058491781675,1.85089403390943,0.748100983446378,2.14662189193088,-2.14662189193088,True,0.0,2.5365068912506104,1.932369589805603,4
303,4,Pieridae-Coliadinae-14,0.386542597199935,0.676451762658396,0.0339892106764888,0.783203000356922,0.825708106351474,8.88466242565459,0.854092160079624,2.18913686894449,0.730215406433768,1.96270886568704,-1.96270886568704,True,0.0,5.149851322174072,3.0459365844726562,6
304,4,Pieridae-Coliadinae-15,0.420862847528013,0.685185099064205,0.0295316321197964,0.816787748319689,0.855934399895287,9.70566323409708,0.906762628831913,2.26122782829166,0.718588850941733,2.02945863747518,-0.659357933114111,True,0.0,5.159587860107422,1.0124480724334717,3
305,4,Pieridae-Coliadinae-16,0.480184132289715,0.657854287312218,0.0248918572623378,0.827329449175108,0.743022488181338,18.2087387158263,1.17210484968694,2.33599414938642,0.755914097037527,6.19931788835097,-6.19931788835097,True,0.0,4.585840225219727,1.6415536403656006,3
306,4,Pieridae-Coliadinae-17,0.42334842724914,0.683028315023738,0.0281139792021499,0.814809228898859,0.754930933848981,11.6416243229795,0.839070030742517,2.42061755834131,0.702864854709215,3.6291495444151,-3.60834372594056,True,0.0,4.688161849975586,1.4796333312988281,3
307,4,Pieridae-Coliadinae-18,0.419735362043289,0.675574656281411,0.0305504071502828,0.80898483381701,0.76355108122476,16.4254946683385,0.99458855956881,2.63509252939812,0.71585913728631,1.14236487647928,-1.14236487647928,True,0.0,4.46333646774292,1.0972508192062378,3
308,4,Pieridae-Coliadinae-19,0.388996706056098,0.665337357950805,0.030892290735681,0.795732329306357,0.828164647363962,10.8870489868065,0.950939454184348,2.51494862956498,0.690304305429466,1.23709765366135,-1.23709765366135,True,0.0,4.4787797927856445,1.2262132167816162,3
309,4,Pieridae-Coliadinae-2,0.427645754444121,0.645908554773469,0.0247934734325863,0.83052278461713,0.801406343730647,15.8974824737769,1.03883676414656,2.33051655225927,0.638838289003287,0.262876906891437,-0.209976337150641,True,0.0,5.0719499588012695,0.7531867027282715,3
310,4,Pieridae-Coliadinae-20,0.426887088032854,0.673821716207066,0.0248331622080025,0.831389187909407,0.74337165795371,17.5797915117181,0.847071177680704,2.05765663051459,0.62232480912465,0.50484180384858,-0.499045678591268,True,0.0,2.6590259075164795,1.7212539911270142,4
311,4,Pieridae-Coliadinae-21,0.397484951713032,0.645211354486877,0.0271583235288513,0.807771481918214,0.823675130958841,15.6629122519422,1.01420131962189,2.38482738150058,0.645172328211169,0.334824212159601,-0.00103065472722143,True,0.0,5.099691867828369,0.7578747272491455,3
312,4,Pieridae-Coliadinae-22,0.436733248295937,0.648302419163626,0.0257127975220515,0.820029541300884,0.758598638847324,14.5917140678937,0.937881431395078,2.62688291611666,0.647925397327939,0.32655921829808,-0.32655921829808,True,0.0,4.8028130531311035,0.8889987468719482,3
313,4,Pieridae-Coliadinae-3,0.393395751220513,0.638961971773183,0.0312183169013589,0.781680294686031,0.849314546643926,13.0186118915182,1.07091066249939,2.45004893760993,0.766175865161943,1.66051589261441,-1.66051589261441,True,0.0,4.5265984535217285,1.3285571336746216,3
314,4,Pieridae-Coliadinae-4,0.408404391355659,0.632013656791487,0.0281030275889663,0.803290216412196,0.774253788260588,17.7560876049791,0.97249504205496,2.25740278241853,0.647672931717191,0.843099382598337,-0.193782031879826,True,0.0,5.218018054962158,0.8813496828079224,3
315,4,Pieridae-Coliadinae-5,0.422578658947864,0.642259186679267,0.0297578828048431,0.802542725392092,0.766501643860826,10.1798758458514,0.90959572148161,2.5134749095462,0.714301395000822,1.58212349243437,-1.58212349243437,True,0.0,4.530025959014893,1.2713820934295654,3
316,4,Pieridae-Coliadinae-6,0.390724139893105,0.689985187203595,0.0341829836733643,0.783502160377588,0.837945110127985,15.0399380959574,0.732232493050757,1.79032074726671,0.744330236262514,2.13958130227721,-1.40835444165914,True,0.0,4.273207664489746,3.2596707344055176,6
317,4,Pieridae-Coliadinae-7,0.372830284611708,0.647837440811783,0.0357359225009539,0.755032605271137,0.812702127259036,13.918727864234,0.777225109966085,2.25397835446293,0.763962322447309,2.0586707316703,-1.12667837638728,True,0.0,5.187057018280029,3.0901362895965576,6
318,4,Pieridae-Coliadinae-8,0.428184913128099,0.663155770654478,0.0316694842464024,0.814940970668822,0.806455561833253,12.2228981337287,0.98277640843285,2.24494474936214,0.743575578678906,2.15896107433803,-1.35832791948063,True,0.0,5.061122894287109,1.1923305988311768,3
319,4,Pieridae-Coliadinae-9,0.459416311757348,0.653898720764175,0.0269065766136061,0.832736533405559,0.777208890251579,9.07425683093112,1.16700446790269,2.54773128605869,0.693808988327442,0.754233757816182,-0.748092220183976,True,0.0,4.812266826629639,0.9478266835212708,3
320,4,Pieridae_Aporia_crataegi,0.329949111409977,0.648775065292957,0.0381110540951181,0.724115089284977,0.881829789625671,9.53597110862009,0.531376698906004,2.23487687637621,0.676495562677452,1.04531449884482,-0.882303132120367,True,0.0,7.177260398864746,4.043169021606445,1
321,4,Pieridae_Belenois_java,0.355343578225756,0.639662731263684,0.0326027457370016,0.751207900292638,0.829342922866517,12.8609200528236,0.547885361131187,2.04438811379551,0.632805167940223,0.829675809382289,-0.0614316624373137,True,0.0,6.3515143394470215,4.825281620025635,1
322,4,Pieridae_Catopsilia_pyranthe,0.432332863919144,0.663573639108114,0.0254877942907141,0.830314383271002,0.804985680465668,13.3376698196565,0.813379595640262,2.21950762250436,0.637024927778308,0.0409650769653212,0.00629789445269607,True,0.0,2.866034507751465,1.5091838836669922,4
323,4,Pieridae_Colias_croceus,0.358009115389971,0.658238070055828,0.0323530471591949,0.764211123983149,0.841354873067668,12.9432614777451,0.566168649276177,1.85032695948916,0.627133463679893,1.00260163625163,-0.678897363060486,True,0.0,5.0680084228515625,4.806510925292969,6
324,4,Pieridae_Delias_aganippe,0.342289937214551,0.66635021435758,0.0352744661767018,0.730962315718909,0.805212282692064,11.3002069864853,0.479330432436431,1.90099403687793,0.614524371365783,1.20260990660002,-0.296774929096567,True,0.0,5.687315464019775,5.3423542976379395,2
325,4,Pieridae_Elodina_padusa,0.342511883036066,0.618911665862614,0.0310773613186184,0.72044521611122,0.790735298665764,17.144364341804,0.496510290299091,2.46760914784408,0.665523691595815,0.731665242838427,-0.731665242838427,True,0.0,6.086193084716797,3.3432130813598633,6
326,4,Pieridae_Eurema_smilax,0.417218439514789,0.66972284157398,0.0307561779700398,0.810742618430862,0.796160478920435,15.1563301642402,0.715996328495931,2.63195846964193,0.694560140091663,1.94082295948701,-0.502474879450151,True,0.0,4.392141819000244,1.0890239477157593,3
327,4,Pieridae_Gonepteryx_rhamni,0.407324488921622,0.648289984542668,0.0190938316323885,0.786343754589311,0.905585621289482,29.5127028664022,0.893644898878657,2.42970889048948,0.623612090554962,5.91601720831014,3.24205923766616,True,0.0,5.962419509887695,-1.352192759513855,3
328,4,Pieridae_Pareronia_valeria,0.377285031154962,0.647908979501035,0.0300751634386537,0.783598468860533,0.833161658272661,16.0496151576932,0.870280153306129,1.89735702568695,0.624598194490362,1.20482591878668,-1.20482591878668,True,0.0,3.7117702960968018,2.9493231773376465,4
329,4,Pieridae_Pieris_rapae,0.375666709738645,0.633892590786881,0.0284757435292851,0.777618197189116,0.787961871654426,17.353439840461,0.851188719823494,2.49732637660401,0.665652251404101,0.731036590519847,-0.731036590519847,True,0.0,4.574316501617432,1.458924651145935,3
330,4,Pieridae_Zerene_eurydice,0.373890948876473,0.637919260883383,0.018307795850083,0.772841100469471,0.870574220944424,31.242786405027,0.871723419748663,2.43697133548167,0.63318394027054,1.15734061565021,0.543680894210275,True,0.0,5.268662452697754,0.33522751927375793,3
331,13,Riodinidae-1,0.443272017370593,0.648396481562676,0.0285892912092739,0.805044419944165,0.683359010132766,15.053176390211,0.514767945095528,2.02276885435925,0.62872339989191,0.956651702462676,-0.956651702462676,True,0.0,0.7762665152549744,3.605095624923706,4
332,13,Riodinidae-10,0.417530089219026,0.62071033961994,0.0272130007493985,0.79251762401576,0.739550433745008,21.665200556809,0.817069138984717,2.04835746222229,0.592898748466248,0.848488755164102,-0.848488755164102,True,0.0,2.660773277282715,2.2857789993286133,4
333,13,Riodinidae-11,0.427973596111229,0.645349212520063,0.0238467323699882,0.791232437070169,0.699307557883273,20.2926731361465,0.510703982390473,2.09786386230147,0.622970069024885,1.64351103668692,-1.64351103668692,True,0.0,1.2245901823043823,5.219384670257568,0
334,13,Riodinidae-12,0.430666937246217,0.647495498035071,0.0249195151632137,0.775744754998587,0.660288820693408,17.5449628764357,0.389697749000249,2.10993180572721,0.521186555786906,1.32360054312687,-1.32360054312687,True,0.0,1.9053455591201782,6.6739115715026855,0
335,13,Riodinidae-13,0.401039651148956,0.664951738194841,0.0265993699624507,0.787508554205043,0.717740176577632,17.4506366484661,0.374460625232065,2.00941097038393,0.570348132060891,0.725579387915173,-0.608207147024082,True,0.0,1.6885385513305664,6.3123369216918945,0
336,13,Riodinidae-14,0.497278499137717,0.698019623174234,0.022511926269816,0.848977990437232,0.683910565004094,22.2113783357948,0.939457515150707,1.87225489972532,0.665449919360131,3.22153984109101,-0.533244545342964,True,0.0,1.8202807903289795,1.964463710784912,4
337,13,Riodinidae-16,0.5441185239723,0.683633123854212,0.0208720975919175,0.874388273817793,0.636229979967164,15.1720555191452,0.809693495499659,2.11417036605398,0.610954381706778,2.32732531375717,-2.32732531375717,True,0.0,1.564547061920166,2.1280994415283203,4
338,13,Riodinidae-17,0.371533560566793,0.667661321530785,0.0298141756672466,0.761165768837713,0.745032181517555,13.5081389933475,0.421275361716362,1.84050568056553,0.640234349177816,2.15471473839787,-0.902947228074009,True,0.0,4.65801477432251,4.834901809692383,6
339,13,Riodinidae-18,0.507516347525849,0.672778911417373,0.0235728059920038,0.827138279477162,0.598898116869187,10.1091332445157,0.412586183221922,2.00417653049756,0.642638541610515,1.67980107101199,-0.956082479347689,True,0.0,0.6707863211631775,3.0186991691589355,4
340,13,Riodinidae-19,0.384302920894695,0.654542141371225,0.0265900145060399,0.775204260035601,0.729229772403141,18.8904535008015,0.519295136690731,1.96478895796175,0.623088210550213,1.36201736731466,-0.740636655812277,True,0.0,1.8083994388580322,5.7537055015563965,0
341,13,Riodinidae-2,0.430783894690474,0.683951872490791,0.025321040278992,0.812507191241875,0.700800404965013,16.670682832716,0.295123726923903,1.97744948077723,0.400750198988384,1.16148918916755,-1.16148918916755,True,0.0,2.225982666015625,7.055517673492432,0
342,13,Riodinidae-20,0.419417013803384,0.663973785765546,0.0297656233440932,0.824662538906801,0.76822877415249,11.35759016121,0.763885623449788,2.04356961746723,0.5684065472392,0.83444468572686,-0.824038761194197,True,0.0,2.683666229248047,2.6971583366394043,4
343,13,Riodinidae-21,0.439061242284399,0.665216833295288,0.024809013460089,0.819195566402322,0.718787154889358,17.3646332618498,0.61543839721771,2.04360061543752,0.588615372497968,1.07000944266829,-0.953805814731487,True,0.0,0.6334899663925171,3.210606336593628,4
344,13,Riodinidae-22,0.39551656903571,0.671811406137722,0.0308936836815825,0.809018783606209,0.84331834417324,11.891846250831,0.898275911959988,1.97716332825251,0.686141189305446,1.37413226473653,-1.01235255374917,True,0.0,3.4138588905334473,2.6576943397521973,4
345,13,Riodinidae-23,0.508356080140728,0.679909884601485,0.0224757137161689,0.855000154436798,0.657787507950167,15.6826231808415,0.588391880945811,2.00243893450439,0.613584736654612,1.35830029575819,-1.06656931755222,True,0.0,0.7604036927223206,2.8586432933807373,4
346,13,Riodinidae-24,0.413375868167497,0.652739006795271,0.028147384373578,0.791196960560596,0.734656596722679,12.3001831718826,0.469486589685312,2.01129619088896,0.650933834741982,1.34496354862224,-1.30222001924108,True,0.0,1.2767730951309204,5.329243183135986,0
347,13,Riodinidae-25,0.448389998873743,0.666656700660618,0.0244225914039167,0.805117863430119,0.677314610692309,15.4521707750946,0.511639474295135,2.01580049888976,0.54691337113502,1.03783241794228,-0.408612112133537,True,0.0,0.5540494322776794,3.1459717750549316,4
348,13,Riodinidae-26,0.390435731998246,0.639012280826271,0.0288967622717116,0.785682730803379,0.735142223002381,13.8446879641327,0.768633958547344,1.99766868271353,0.644894524616168,0.894014619164815,-0.893422260045043,True,0.0,3.593026638031006,2.8979556560516357,4
349,13,Riodinidae-3,0.475680201094193,0.686621434794795,0.0229732611998704,0.844023703646346,0.65926060838448,16.7570713682143,0.610703421576682,1.93786342823353,0.606529289796365,0.985280137484132,-0.878364908550704,True,0.0,0.7111231088638306,2.9493775367736816,4
350,13,Riodinidae-4,0.413875141260667,0.639569236946734,0.0347298275266316,0.779358004777008,0.722282366265514,8.37285960511656,0.506570283522676,1.98521970183692,0.614685724110898,2.12463283293748,-1.33654281152928,True,0.0,4.602557182312012,4.164838790893555,6
351,13,Riodinidae-5,0.452876933825245,0.650656930846829,0.024820691686471,0.794082360422541,0.645282107576188,16.8796866973265,0.633555881663585,2.40919944568486,0.693712578268198,2.06803255055742,-0.70831204040694,True,0.0,3.656231164932251,0.8080629110336304,3
352,13,Riodinidae-6,0.404835809328422,0.609252527908701,0.0207032167389867,0.729726393273523,0.654135403269383,25.1655901513351,0.351744470767081,2.12068705618505,0.554122313490046,1.54805522197885,-0.556983706060815,True,0.0,2.22123122215271,6.388995170593262,0
353,13,Riodinidae-7,0.444623245571868,0.685893480794055,0.0253986670474486,0.816938462333799,0.690244415330603,16.1928138098542,0.4690053137475,2.05071372745126,0.636196591404306,0.897939304367222,-0.897939304367222,True,0.0,0.6408244371414185,3.335893154144287,4
354,13,Riodinidae-8,0.446419521291644,0.659236291653687,0.0263427450311333,0.822768982590682,0.705223345560514,12.9925828268244,0.754414107966367,2.07755782218112,0.641160537977157,0.893214476798073,-0.647644859997406,True,0.0,2.535224676132202,1.6976149082183838,4
355,13,Riodinidae-9,0.411640327845177,0.660061939722395,0.0273904975830956,0.815367334881713,0.759134071760712,14.7358411052028,0.853175931637739,2.04217353888914,0.657618626897016,1.19859167324833,-1.19859167324833,True,0.0,2.685274600982666,2.2426438331604004,4
356,11,Satyrinae-1,0.415350573021458,0.643321456339004,0.0311684728795871,0.796275019461114,0.741677414415701,9.51055799437494,0.848901308406644,2.05015960606895,0.637707508004018,0.829520618646559,-0.589158351664233,True,0.0,3.0553927421569824,2.5512263774871826,4
357,11,Satyrinae-10,0.435695878212767,0.659436688843728,0.0307197750944011,0.820769873391027,0.739785852974324,13.494765776631,0.985973645628576,2.06014748552971,0.665414011320691,0.91630221846682,-0.907420260453143,True,0.0,2.5378024578094482,1.9277639389038086,4
358,11,Satyrinae-11,0.423272531437076,0.67554829783597,0.0315050272569398,0.826236392803651,0.762361783190257,11.1627888892307,0.834276667561446,1.89677204831971,0.58053915270435,0.668306600668138,-0.274394256688195,True,0.0,2.7429404258728027,2.7178897857666016,4
359,11,Satyrinae-12,0.381658197061226,0.659477364167788,0.0307281074978388,0.789947808227155,0.77428887002758,19.3953680533639,0.918241142716989,1.92803856061618,0.661224878682805,0.956108059028987,-0.949710276759261,True,0.0,3.6390953063964844,2.8960084915161133,4
360,11,Satyrinae-13,0.390865497416428,0.608765506039695,0.0219617700035898,0.791873203316697,0.834697928459163,26.5566469749707,1.21165664776932,1.95675754273215,0.557454882101686,1.30305824377806,0.901370748457362,True,0.0,5.575928688049316,-0.8522640466690063,3
361,11,Satyrinae-14,0.448641540894343,0.689031630893132,0.0301934033567765,0.836855009553946,0.789786152512183,5.81342707118332,0.908995378331891,2.06816604651012,0.67125254314369,0.932880029564704,-0.920784664467209,True,0.0,2.474632740020752,1.877374291419983,4
362,11,Satyrinae-15,0.394746485737162,0.7144540515517,0.0353453831179299,0.796824398462679,0.767106118070268,14.4511244724437,0.678437290978183,1.75494888773856,0.464201263391112,1.42505254898897,-1.06099312653372,True,0.0,9.2155122756958,8.28946304321289,5
363,11,Satyrinae-16,0.370464229754739,0.611103825355126,0.026977852749439,0.756054074739299,0.746525363386058,20.1499307724186,0.939763847358976,2.19366015934228,0.634247484314198,0.61534917048943,-0.165020846011798,True,0.0,4.725919246673584,2.599616289138794,6
364,11,Satyrinae-17,0.418710199293519,0.687055631639713,0.0303807694629012,0.816344780540973,0.801483351513217,10.4818185235811,0.756947167640785,2.11532586472965,0.674173229785687,1.25152687673965,-0.583292054631596,True,0.0,2.987368106842041,2.52018141746521,4
365,11,Satyrinae-18,0.423174239602742,0.669127305916767,0.0302635502961413,0.822479338095105,0.748555347446938,15.7239052170586,0.738481679182699,1.98544434188635,0.589201426272701,1.51898516621158,-0.517154749139457,True,0.0,2.725656270980835,2.6967482566833496,4
366,11,Satyrinae-19,0.396718954585654,0.649647205658745,0.0300611626437572,0.784316695389521,0.737005313177827,12.3406453432058,0.725922968108423,2.14930352631012,0.660365147266442,1.70499671452601,-0.435327559931849,True,0.0,3.226728916168213,3.354954481124878,4
367,11,Satyrinae-2,0.401451140659152,0.652627451825503,0.0338669966173321,0.78810717669962,0.782490549350759,7.7757487444349,0.78013881020622,1.94076146671228,0.618727472140432,1.23164887141348,-1.23164887141348,True,0.0,3.8513548374176025,3.087446689605713,6
368,11,Satyrinae-20,0.34220291128689,0.588223678317227,0.0331944295845802,0.735603049227395,0.874076092746149,15.0555279165585,1.04632756780976,1.94466811195013,0.590397634383983,1.08281406787524,1.00717432043688,True,0.0,9.272847175598145,9.275266647338867,5
369,11,Satyrinae-21,0.343613407057827,0.587614630384742,0.0301694486246152,0.714973918400206,0.760710063128154,17.3090469076943,0.684910732898989,2.16055683761269,0.47876682324987,0.243518053079548,-0.0266307191507168,True,0.0,8.30672836303711,7.668346405029297,5
370,11,Satyrinae-22,0.410973381112111,0.63323335925824,0.0297609401098006,0.781561350216795,0.731098529092041,8.68997997427418,0.96212576734117,2.08752723975373,0.579132005041087,0.0173246142357214,-0.0107501509013261,True,0.0,5.095546245574951,-0.465529203414917,3
371,11,Satyrinae-23,0.33129627744263,0.591876113224135,0.0318665349069067,0.716209202022882,0.886351236651017,21.8047591896586,1.04180879977399,2.00254144565249,0.524271399264931,1.60322142007055,1.60322142007055,True,0.0,9.370843887329102,9.328372955322266,5
372,11,Satyrinae-24,0.376796839984366,0.607527121409358,0.0282319832162784,0.773916653738128,0.781291829558005,17.212210798737,0.995536395489135,1.99204818741047,0.580380889404597,0.377044863053343,0.143569985814356,True,0.0,5.079259395599365,-0.5627670884132385,3
373,11,Satyrinae-25,0.423372935975099,0.630026665192497,0.0350699769442448,0.805341346993652,0.799467212341794,12.6380272613727,0.919986128442078,2.35817799375871,0.676327498544296,0.760324711865643,-0.5820373759615,True,0.0,5.142471790313721,1.1088093519210815,3
374,11,Satyrinae-26,0.400524926881684,0.642790315782982,0.0270062158667541,0.775781187530833,0.739627670483491,17.3820763923951,0.727366248547718,2.13996864229642,0.643065897133893,0.729793287244475,-0.351080537812393,True,0.0,3.1412594318389893,3.4607186317443848,4
375,11,Satyrinae-27,0.375253976096773,0.677673645481941,0.0351248723000076,0.777968059911006,0.785936469644879,14.2553647729449,0.814679261324267,2.07466604983495,0.335417617314173,0.854304715186909,-0.38242710935258,True,0.0,9.649829864501953,8.568374633789062,5
376,11,Satyrinae-3,0.341412130276632,0.664465684446277,0.0370340343667839,0.750405406539088,0.892535736966687,14.5163488549327,0.81421401258715,1.80983866819495,0.587763589689962,1.18944112443467,-0.994463639992483,True,0.0,7.071052074432373,5.768974781036377,1
377,11,Satyrinae-4,0.414849814497344,0.675504348737274,0.0299942069435132,0.812211207449988,0.751928779442572,14.2818342998742,0.71085398196646,1.97837977034994,0.623854754240896,1.12041356499798,-0.882630580826817,True,0.0,2.764263391494751,2.658630847930908,4
378,11,Satyrinae-5,0.377639469984465,0.666378685199742,0.0303963055006609,0.793098492378632,0.810342019512687,12.3434212794553,0.729121412229031,1.8649023913494,0.612884931365523,0.602226254594763,-0.569060032217332,True,0.0,3.6776936054229736,3.0331966876983643,4
379,11,Satyrinae-6,0.387346767617749,0.652245869100219,0.0298939420672546,0.788906129443205,0.766664139833995,16.9869137992858,0.666010713656105,2.06067148399096,0.562179769073013,0.83882257615876,-0.379947226632262,True,0.0,3.0091607570648193,3.563892126083374,4
380,11,Satyrinae-7,0.397854493901606,0.62617897762001,0.0291137852947607,0.784910977344028,0.770082711978447,12.1437631667754,0.647944175062298,2.07632497650395,0.602941157282387,0.858871623718884,-0.0316260436803013,True,0.0,3.038046360015869,3.549880266189575,4
381,11,Satyrinae-8,0.38380357445783,0.654165284248089,0.032250263584448,0.770981427643835,0.772422471592982,9.39119070165376,0.569167359706158,2.09898888754511,0.650086780870472,0.724639278777082,-0.574425778094415,True,0.0,6.026758193969727,4.065981388092041,6
382,11,Satyrinae-9,0.418159247892453,0.647055929586596,0.0318617124141568,0.810315840066194,0.770022835930491,5.60085824979158,0.793991524655591,2.02066381069197,0.627023045780618,0.709411595608395,-0.326305136520832,True,0.0,2.9697999954223633,2.5566442012786865,4
